202.135134
195.917197
208.364225
196.581865
202.837877
219.422604
213.591783
207.262029
213.741442
207.413920
216.138659
217.269948
219.970074
213.592079
215.943320
207.936798
201.765274
202.457265
202.300995
212.034284
210.995498
216.301739
204.032439
203.794236
214.307963
213.254770
216.032931
204.328429
214.579952
213.539292
220.232820
217.089649
206.137500
215.115683
211.339818
226.771927
210.687012
212.236885
216.084025
206.198957
210.647779
209.473952
212.019850
206.029532
212.575801
205.895071
211.380646
205.473991
219.642218
214.836827
205.556007
204.753247
201.364749
199.573194
195.189839
199.431660
204.653875
200.264671
194.347213
203.743404
196.150720
205.426445
202.386270
200.549586
196.209503
206.571561
201.234360
194.338410
196.072403
202.585614
201.797403
200.387757
206.560840
209.968911
204.729868
213.242664
206.208971
206.444036
200.072343
206.025006
205.425453
197.810196
203.408334
205.182908
204.470010
203.371610
204.470177
207.728085
198.831821
199.460650
207.738045
207.699635
192.402418
191.448439
214.778416
199.445218
198.395274
194.136947
199.295003
199.546765
214.709328
198.907696
199.198904
198.397687
197.414449
199.453189
198.091843
200.725679
195.255006
201.753125
201.675640
194.921197
198.415633
198.657076
198.489673
202.063928
202.062693
194.177105
210.529950
200.364667
198.770465
199.114417
198.388989
198.028504
201.045992
193.160510
203.566576
204.629490
199.204013
199.419940
201.014064
212.007272
212.069700
207.805419
199.320350
198.621782
203.769665
197.559910
204.852172
204.123225
204.758729
196.756462
205.430897
197.944757
197.758480
197.734691
208.845046
198.558251
198.582000
203.432526
194.410637
191.659195
195.273932
204.547813
192.678863
200.958646
194.159086
199.689784
201.859285
196.828967
196.778514
197.891605
210.736936
202.832297
194.226226
199.399544
201.349481
191.736117
199.646931
203.903366
202.736869
201.677704
196.894338
201.111186
195.126774
202.802963
202.878031
203.650832
196.028874
194.072911
199.229566
199.507207
213.137376
213.156419
199.224540
199.249449
204.347943
204.374390
204.709608
208.560792
195.504283
200.583206
200.878753
194.261161
193.405987
211.282380
202.772081
193.373716
193.578829
197.932817
194.060761
189.907157
189.050670
186.436842
189.874936
190.867933
188.899496
190.849569
192.260771
196.045610
190.810519
190.848765
196.775293
197.681290
193.094433
189.094541
187.980969
188.030946
190.892535
196.798600
196.662361
192.368945
194.302267
193.347173
189.147039
194.201074
194.908700
188.033282
194.139812
187.272452
183.881211
186.476679
184.685904
197.689348
194.024317
193.998598
196.617715
189.756872
197.399549
196.251281
190.510028
193.919121
194.961561
195.053030
189.059236
195.139356
195.922404
199.412667
183.651903
191.387034
187.140230
193.235466
181.957738
190.804294
187.890224
192.383265
182.759750
183.639891
198.494982
201.567197
212.777704
216.082400
200.927946
200.219699
195.777556
194.925167
200.658196
199.421876
188.779681
187.090257
182.846644
183.430044
184.460532
199.476300
204.950873
187.442477
188.159715
187.820999
187.815046
192.150454
193.264493
200.095026
214.286812
200.877220
188.981621
198.071056
194.098863
189.816705
198.889851
193.320399
192.090533
192.206961
190.629773
201.773979
214.945670
192.552215
188.269325
197.356871
202.125415
216.068240
185.381443
211.101909
198.517106
197.490400
197.535001
202.551396
211.521706
199.459814
201.960576
200.175758
212.206539
204.790269
200.459985
211.516976
200.380215
199.203061
211.445641
212.258532
200.946102
195.713162
195.725323
210.514204
199.845151
201.841466
216.045174
204.982025
187.262947
204.392213
186.303661
188.000192
220.925518
200.200810
200.955724
200.287412
193.166729
193.966632
192.261391
201.835882
215.013346
202.269903
216.218497
186.428645
186.138759
186.192317
219.930880
199.202129
199.913200
199.320099
203.725297
203.795248
195.323719
201.432594
196.371041
211.231301
195.348426
195.949756
195.969439
206.466488
201.348822
202.133773
200.418150
196.823036
196.752389
204.724682
196.641617
217.281629
220.271515
200.318134
203.687933
201.398048
201.717207
196.033796
203.521647
200.646114
196.021699
202.278662
211.164708
203.973197
204.912728
199.859394
205.767760
216.817619
199.480988
212.383473
227.657858
202.847975
200.096325
200.142399
207.868096
228.822424
200.095365
200.141828
207.920559
208.183408
200.579250
200.172893
200.134733
226.753021
203.625888
202.516302
206.536597
205.709715
204.702194
204.712613
211.089652
204.934462
201.251669
201.265774
217.053477
210.062480
204.666514
206.364560
205.688576
204.130550
204.840940
210.083605
203.818430
205.970052
196.896961
196.867868
211.552359
200.265449
200.273143
201.424641
200.318191
200.394545
200.902443
199.196187
206.884321
200.346915
197.630630
200.865008
199.098843
206.900313
199.360038
206.074378
206.676686
207.257905
201.572150
197.022249
205.629902
199.176116
199.274522
207.289463
210.090313
208.277247
206.390668
208.291440
210.216123
196.332478
203.767095
216.249655
203.970140
204.107794
208.132191
201.235717
196.875031
214.025752
212.350660
201.361592
197.678180
196.590079
213.106318
212.499362
201.412454
205.582063
181.887493
187.096288
187.782085
188.195815
186.374025
193.953568
192.227662
186.460358
193.906838
192.212906
182.031831
188.446783
187.686672
197.928313
187.766774
186.996086
188.093721
188.712490
188.058874
187.006984
188.700229
187.853605
187.024794
197.780352
193.921971
194.076635
193.164242
188.812111
199.132756
198.759644
200.014518
194.904426
212.080312
211.303077
223.926701
221.487673
220.466386
211.061806
225.487489
225.487716
212.081088
212.431462
214.689121
214.177421
217.489604
224.720924
215.331170
228.299889
217.944218
224.265209
211.149200
212.170267
222.738653
223.670990
214.118493
213.239646
212.079111
220.645199
231.029418
211.214076
223.837066
210.368516
213.086231
224.717129
215.163491
220.013032
220.044570
222.549015
220.763742
216.454088
215.243333
210.445849
210.445914
205.615638
205.691784
221.192097
209.062479
209.063141
215.302358
211.171377
215.908005
209.569398
213.541769
208.271582
219.480715
223.956154
208.506732
224.716015
216.378025
226.176684
225.550985
221.518671
226.143089
227.564344
231.500515
225.551000
226.238346
221.484758
222.052250
218.400560
210.370931
217.681692
205.770674
225.972065
217.650387
205.702262
210.299453
217.535256
227.037754
217.495669
225.255450
231.546818
231.671261
233.494274
217.966555
209.097323
218.648445
210.178550
225.307184
231.603483
231.729536
241.813627
209.145242
225.136505
217.978826
210.299434
226.941684
218.701606
215.387947
208.524119
207.695539
209.483378
203.232399
201.244670
203.462956
208.459772
202.318475
202.869390
205.523236
200.240533
202.014108
214.216759
218.908861
211.711841
218.900823
211.701562
207.295125
206.587781
219.984209
211.703181
220.694551
212.359898
231.025472
229.550499
207.019722
223.838269
210.591641
228.371726
201.417396
195.251867
212.146350
208.340705
206.511324
212.186950
222.982872
213.334195
211.596407
211.715790
204.939461
210.280469
217.760909
225.185661
211.595628
205.583126
224.888624
215.523515
232.100182
216.944968
209.494598
207.745080
224.973965
215.644217
217.926002
217.033935
215.757668
218.838092
209.503408
218.673569
203.334075
208.818962
208.894095
212.772543
212.075949
203.202000
203.613997
214.003283
204.594866
205.328383
227.591936
220.541150
216.183017
215.475045
216.501148
216.186060
215.476676
216.503942
220.113770
222.215055
223.871567
218.916291
228.443455
234.903174
235.685175
229.441116
228.145765
222.309780
250.505227
236.831843
234.849105
233.279431
219.623957
220.365338
224.593911
227.773660
230.102980
216.304266
233.325576
223.495134
229.586731
236.873777
236.139028
234.922381
236.921017
233.322740
230.675253
219.657532
220.405124
229.329756
224.595000
233.387673
228.571041
218.847970
218.087438
208.263444
218.460035
219.043815
219.082599
222.616581
213.183692
225.287835
226.373503
233.499926
218.668133
214.997648
211.198177
231.605951
231.530624
227.490579
213.657379
219.937880
217.937529
217.978768
220.778261
213.583243
212.171886
208.254678
207.366355
208.979320
213.275612
214.528482
203.128395
208.434536
215.301333
214.436619
214.394694
203.530093
204.597894
209.978705
214.992247
198.645526
203.894238
192.471399
213.828405
197.637485
230.137799
224.705092
216.505002
202.360300
222.543255
206.133692
212.351583
211.535242
207.852402
214.280251
212.899781
201.774019
214.432663
243.524543
244.769435
235.340661
241.709395
224.679568
225.743269
220.694906
218.217932
210.932061
223.324254
215.325549
220.675164
210.380996
214.896307
216.932231
221.918851
216.612459
205.688392
205.664348
206.878059
215.202043
214.999459
225.650311
226.984992
219.607852
231.824159
215.282762
217.072258
210.898188
214.468298
215.160372
215.186574
232.169740
221.944561
215.198523
208.355406
210.015071
214.548254
211.080909
236.278266
222.617152
227.410272
220.789549
220.823224
222.497870
227.401866
236.190461
221.826820
227.332011
209.938517
209.277464
218.832552
216.758467
195.309738
215.361231
224.333543
217.960338
225.822095
225.909655
212.696669
215.965156
215.150932
219.304263
218.443182
229.557486
215.208528
222.658207
209.755812
227.415843
210.712483
215.270106
235.216537
215.701409
214.985690
214.985227
215.636124
222.867493
216.181543
215.927940
217.535936
214.380014
207.802030
225.290132
208.230990
223.432393
217.333608
215.994892
222.203294
215.262394
218.367008
214.216416
220.398404
225.882346
214.856452
216.336425
210.895327
220.307784
231.251543
228.743812
229.480221
213.234538
212.041527
218.341697
215.687633
203.696268
221.005925
222.484075
218.488592
222.522374
220.401030
215.568058
225.964322
216.064333
215.104319
219.981115
218.474236
221.355998
221.540802
210.043410
215.947336
215.955983
223.371515
212.114627
210.157873
216.761249
213.641801
214.416966
219.948786
216.579356
214.090339
211.953566
211.260228
225.785993
230.034446
230.001076
225.904067
217.109127
222.558056
217.115298
215.693357
223.216025
215.990057
196.923996
191.751959
197.050907
191.956937
207.832627
191.685258
190.770319
201.394038
205.501065
192.788650
198.881215
199.159601
185.686227
186.449593
190.765030
201.216864
208.857238
197.715029
203.783782
196.833547
206.575146
195.804336
202.704508
208.822312
203.017441
208.245956
210.133029
189.183772
191.534236
208.013393
206.512930
204.267051
196.930076
196.171841
219.444242
200.156194
201.742404
196.840748
201.734248
197.236280
196.842762
213.551752
213.511343
201.580686
201.361429
202.262373
217.030686
200.592552
201.438752
200.626422
196.113417
195.712092
196.776458
201.154210
196.216231
195.771033
199.195181
190.036594
194.288147
199.857480
189.618518
199.857272
189.624013
196.902596
197.673120
195.128765
195.931409
216.378074
201.098555
201.867979
204.331100
194.198245
211.499299
195.969753
205.031007
213.362208
216.421334
213.365874
201.791157
219.967719
222.939684
231.731671
220.710770
223.684820
221.604022
222.503746
221.726885
223.565375
219.579915
218.454591
213.658520
204.111457
210.235063
212.333088
213.364772
218.534154
219.519701
217.415011
219.500798
218.448374
209.102770
219.599669
213.719331
225.233247
213.493860
229.317319
214.335937
213.470582
207.574114
203.082206
207.218509
216.682861
207.180189
234.709265
217.770399
213.862669
208.379423
214.274472
224.006397
212.550823
229.016209
235.795749
237.190623
226.488620
212.068341
218.114136
232.062280
224.126005
243.098497
229.362373
200.303536
206.496520
207.499405
200.882925
200.728983
212.616676
201.530066
207.553239
205.417889
197.903853
203.927262
212.471826
214.296132
213.493187
211.713744
211.790487
218.604132
217.499816
212.679792
204.243010
210.321273
225.647004
201.661186
215.597394
216.341208
213.611743
229.439012
214.455177
231.821025
214.359426
197.130334
202.525304
203.109074
212.439822
196.265944
201.327107
205.713684
234.786201
215.935461
217.912184
201.744982
207.194805
208.405117
209.203838
208.172191
224.153355
208.576430
201.777747
208.118492
212.152021
209.239193
214.639214
218.270312
209.725236
202.575366
202.463107
220.908518
205.141592
202.682865
204.344368
211.119939
200.339567
200.261215
201.468038
221.767573
221.303695
221.312272
202.610963
203.998632
201.129743
200.968806
202.238864
218.900555
201.048721
205.603925
201.322408
203.084363
219.389982
201.858611
202.653531
201.223206
215.331789
214.789152
215.475206
216.537299
206.662886
202.970237
203.003095
205.636928
201.356758
203.033989
219.426155
203.977520
203.134950
202.110556
219.883509
204.397345
193.611473
205.451264
195.386577
204.294562
204.341438
202.944242
206.901942
207.974851
194.463754
194.699694
210.052688
204.467675
205.508124
206.114938
206.180743
203.735717
196.868431
197.703685
201.151133
213.162384
201.986111
215.809074
217.231834
204.050658
219.410576
206.164223
196.714635
194.996492
225.722885
210.758792
209.999798
208.315119
206.482352
196.113928
196.676924
220.327650
207.951018
206.229266
195.657225
194.929728
200.861632
201.151530
206.187893
218.571024
207.165715
205.501486
207.405518
201.082903
209.304744
206.380882
220.262092
220.238456
222.485293
221.769110
221.691579
220.581175
219.344139
201.855039
200.149551
218.567088
225.617185
209.028208
208.953844
234.332583
233.218615
194.420188
194.532965
233.908351
214.476917
220.699188
214.704918
204.324332
204.209619
206.923360
215.099607
200.656730
214.344119
199.859144
206.123472
214.295821
198.798891
224.500550
196.746821
197.576562
207.682506
202.606892
202.723676
201.871846
201.501544
202.332829
208.028754
207.389726
207.508131
208.108764
204.814487
210.691727
196.411953
194.635846
204.678721
210.580693
212.572060
201.127491
201.900157
207.415365
201.085243
201.858762
194.689534
196.463568
210.971792
211.655609
210.863638
197.072359
233.237571
213.156436
220.025217
213.387364
220.174063
218.280498
203.154254
206.862386
209.419438
218.202316
202.029663
207.610012
205.755950
194.409089
198.776665
204.176492
205.001101
208.050969
201.472648
202.341813
198.058026
198.849342
196.951080
197.774523
210.514241
222.174948
214.423688
212.534700
210.237172
202.395754
208.561240
211.399948
204.727558
213.181309
194.677136
201.176080
189.151429
205.420950
197.286490
195.486208
201.334850
211.461660
191.076608
206.336230
214.469735
217.208252
207.288257
204.717762
204.678770
194.364599
194.515953
195.248651
202.518043
195.132304
199.396710
192.604076
201.372334
202.882464
201.116791
199.679306
196.757442
201.325772
206.021056
196.125604
203.817916
198.794979
197.384634
189.145122
189.037716
194.160270
193.229025
194.879751
182.917137
200.116118
201.212984
196.780261
201.215676
208.912084
191.752218
197.094992
199.515744
184.438376
183.615961
189.078350
202.127521
208.929782
199.288811
199.982103
192.735848
191.015993
191.944223
190.793323
196.042424
206.480431
189.890000
191.512238
194.960647
202.663061
201.979353
204.220651
206.732348
199.856301
185.752611
215.482138
203.934077
211.327059
203.574759
212.134611
193.529061
194.216862
193.500656
209.056960
199.598068
199.609256
209.701460
230.734299
223.196083
217.074557
223.153005
216.401026
223.050322
198.018300
198.491583
200.354998
200.374549
200.350312
201.524143
197.871258
197.799798
209.008433
199.933763
203.069083
205.181191
199.631604
199.587960
209.779569
223.125755
209.841365
211.464496
210.749020
210.791838
202.194416
204.043598
203.880576
208.483150
202.976679
218.777774
204.799768
203.506081
197.832084
208.771273
204.133039
203.942495
208.778419
210.215350
201.779456
202.129103
204.775511
204.610857
210.121239
199.845880
206.380502
207.359691
205.501075
209.232891
201.081314
210.041776
210.824210
204.698777
212.414184
203.367233
205.926490
200.480427
209.110517
204.661052
204.707816
199.665615
194.243268
202.450900
200.890146
194.465574
206.010608
203.773836
203.113926
204.155759
202.884816
203.189569
202.118620
209.102580
194.371475
207.220974
205.832731
206.558212
216.632250
214.325145
215.832426
209.365283
210.957343
211.206799
216.149688
216.088393
211.372455
211.404667
206.656529
206.656518
209.450222
215.799004
211.045821
226.970395
204.134416
220.016423
208.879598
211.452198
217.894793
211.404573
214.927879
231.122354
239.622852
209.250412
212.118097
210.097850
210.121562
204.439009
205.666697
208.362980
206.469166
208.657239
228.933820
221.946258
221.264302
221.065174
220.304869
219.544606
209.187370
206.593995
212.523344
216.473180
207.356390
208.554445
206.719626
204.153115
205.595296
205.480602
209.855779
208.106171
207.290574
229.407107
215.962480
211.665916
217.760424
219.362382
226.178996
220.621188
215.316435
216.282305
217.147224
227.337279
213.913398
210.791539
212.319929
217.600719
221.534317
216.677142
224.598994
226.806868
227.846655
222.461069
218.268890
225.297070
223.036530
217.423597
217.348509
212.351631
201.224249
206.740564
202.341766
220.479745
207.224368
204.011387
191.718392
200.964435
189.901849
217.273463
219.965602
201.930086
191.628782
201.897979
200.154999
189.940173
201.234770
207.181334
189.274473
213.457388
200.537767
196.098983
211.654256
194.410602
209.951949
192.756564
201.963168
214.876435
214.845575
185.554965
189.262460
184.686765
186.300105
182.792717
189.201665
188.858712
182.854009
196.779625
203.597798
206.475120
212.649705
221.155985
213.499625
211.773777
220.527455
209.141045
208.964579
219.303696
202.733059
212.639057
208.618081
217.489499
217.469203
210.924734
213.157652
213.236322
205.474988
211.672354
220.190109
211.947965
211.015009
212.698740
211.627182
220.702271
220.702909
223.692754
219.662306
219.704771
213.297072
206.532449
206.630579
205.574275
207.284316
206.242664
211.509532
201.485775
220.383545
208.048979
206.352978
203.252793
217.660228
221.171483
208.234835
202.789797
209.803551
202.297413
208.471759
206.648416
215.066131
218.560924
217.640088
213.223033
217.713157
215.104292
216.042143
218.939932
225.939608
213.260102
225.781802
210.877343
206.837792
208.641075
205.710934
202.378565
216.829548
206.794515
214.247073
200.504592
201.406633
197.041819
211.524754
203.167128
225.550957
201.398594
198.848130
205.729234
211.720835
201.290558
200.293834
202.052454
201.691668
202.599823
204.707619
210.566457
201.361443
196.388170
208.915093
205.814402
207.589362
206.240146
220.332736
217.696786
207.701457
217.740523
212.084236
213.857359
208.353065
216.459290
216.684423
211.007000
212.802778
217.008630
202.525335
217.011923
212.222266
217.667232
208.617857
216.542346
204.325788
218.816206
215.335154
218.817206
211.889689
198.111837
206.274214
213.662750
218.048087
212.939532
205.303902
214.476081
207.527880
216.131399
211.596150
212.008201
225.703658
216.605875
215.576989
215.242109
217.118583
213.634168
210.900157
208.589793
218.041470
214.467586
206.053277
206.498288
209.482495
217.052676
203.268946
211.404452
208.687036
218.347848
207.794364
207.510371
208.545554
208.897734
209.845773
217.140069
216.418318
207.812581
203.630596
211.765478
200.112370
200.229084
220.169732
226.307438
202.085163
203.955469
217.832764
194.034725
195.872925
196.666571
217.360624
204.127078
210.310625
209.491185
207.060899
216.282851
208.233725
212.511590
212.786510
210.579511
208.263395
207.147898
205.470399
200.187750
195.796568
212.282973
200.481262
201.266006
201.047176
207.933261
195.085798
212.370771
201.098603
206.782457
207.245052
193.140317
189.784934
206.215053
193.985833
197.368694
194.177060
207.193226
200.344724
195.951070
212.431408
198.748874
200.685426
207.620242
208.478646
202.193836
208.466973
203.145635
196.728635
201.399379
202.185053
206.894410
204.777985
201.473401
196.002022
196.091128
206.683486
200.019759
206.530386
200.973166
201.154482
207.835887
202.652927
197.269116
202.141891
201.606222
196.120069
202.063574
202.875854
202.132011
202.073214
203.633610
195.330084
189.851640
194.165831
195.207744
223.286841
222.068321
221.197437
211.105502
214.467552
214.438813
204.081529
222.293083
191.953132
200.000851
192.753292
202.884736
194.632591
202.669571
196.131825
205.294373
198.882976
202.216984
198.174129
199.419667
197.937763
196.415540
197.179101
199.096532
196.897610
197.939380
198.155583
191.751158
192.634194
202.351984
196.943800
205.052150
204.870997
212.578885
213.837685
211.674405
208.363161
207.749780
211.822707
214.853187
194.366592
195.165859
198.448533
200.218834
215.233140
200.192233
195.017672
194.228492
195.053391
211.372957
195.021346
195.004779
193.256805
193.178524
193.214901
195.293250
204.361951
194.312080
194.280851
196.023016
207.159187
221.284062
197.833148
206.891341
221.937738
195.903215
205.993357
193.904339
197.105601
205.100529
193.231399
195.609901
206.705595
195.911676
194.855166
193.152104
196.736084
205.753103
204.313825
225.210190
202.201432
202.835076
223.698256
198.678393
199.388830
199.719964
200.413200
202.261392
202.146687
200.327449
201.567963
199.998502
201.162740
200.135257
200.770117
206.266425
201.104898
201.125728
201.760608
206.498036
201.419374
202.098102
202.408429
203.743742
205.731104
205.601329
210.539903
205.877041
220.258038
210.924840
211.204024
212.877317
212.836156
224.629579
202.570683
198.632352
199.342405
194.980992
195.617270
200.394647
195.959853
200.496582
203.669257
189.910204
203.787025
189.222529
188.974449
188.105391
189.720425
198.325067
200.284737
191.031567
191.766270
190.110716
201.173619
201.872851
223.853553
203.599425
194.998829
195.343406
188.216912
188.267300
217.187682
217.065848
216.168550
211.108650
206.601979
208.197002
210.064505
220.437435
197.811696
197.754259
197.730110
207.411003
207.306441
202.281920
204.021732
203.221572
197.914999
201.048398
197.073752
202.078162
203.327400
191.980430
197.872815
195.055060
195.084528
196.820146
194.187509
193.934643
197.189532
194.939398
194.234973
193.981332
194.313088
204.313815
210.277805
205.083751
205.969694
204.790558
209.086891
210.312378
205.861560
201.429107
215.906749
200.341985
193.239581
193.582865
189.845344
189.902904
189.126504
188.198301
187.201601
205.520961
189.032536
190.687128
190.701480
189.925517
190.722294
189.041753
206.183019
198.384004
206.831332
206.110661
195.943013
207.738321
207.734264
199.091510
195.144177
195.874502
203.125542
204.570017
203.513572
203.844567
203.458947
230.833549
231.148854
223.956582
213.415076
229.501575
211.164140
212.163452
211.093237
213.973731
213.146699
222.772887
212.337431
228.243383
212.236621
219.385611
229.884599
223.840467
208.284823
215.848635
226.154027
207.605409
207.478816
209.789493
229.800701
210.899717
228.240252
210.973906
213.123656
228.457098
217.538658
213.875446
212.857926
230.161083
222.868881
212.423862
228.458038
210.123736
211.123577
210.052413
212.982158
220.124396
230.069717
212.197823
219.487139
220.818167
211.788858
213.700157
211.150792
209.731664
204.268624
220.817870
223.082756
218.442084
236.820761
234.691996
243.666605
235.859121
224.669208
225.612435
235.966005
235.889269
224.703107
225.614089
222.683370
212.337787
228.154176
219.407823
209.875055
221.751263
223.879608
220.331450
222.005235
209.633467
207.362767
211.810126
207.973821
207.374235
214.843878
206.320104
210.625470
207.171539
208.846096
212.685490
207.863366
208.247693
205.355018
198.765240
207.657238
201.465375
198.948849
194.488569
199.420764
203.236215
203.300283
197.124529
201.395874
201.383515
205.598284
203.905570
197.770936
195.998198
203.236813
202.173524
200.401341
200.740477
212.436296
197.729682
210.067247
209.961822
197.632666
201.472942
203.854337
202.093077
202.838547
197.688584
195.870858
201.428679
200.275908
199.616283
196.618506
217.866727
217.868970
220.895079
215.005306
228.512274
223.319540
216.851661
228.436889
223.228848
202.200340
202.262764
203.329573
202.442644
204.277320
206.021416
203.837165
203.517962
196.954164
206.206067
200.421431
197.065765
202.648549
207.016215
207.857474
206.342351
202.517594
208.706102
205.812403
221.886992
212.400737
214.054519
214.127263
207.601125
207.709536
222.243907
206.551411
206.456609
202.646577
200.412532
205.752571
201.984447
212.730292
201.358199
206.056615
205.942991
208.101476
209.171481
215.894834
208.428579
208.537969
218.730279
206.677750
204.741518
206.971835
206.336214
208.684922
206.883434
218.271789
207.552411
206.684247
213.055231
213.664615
209.491984
204.809595
200.462523
206.529634
200.482953
198.340605
203.759214
199.820384
199.320459
205.504154
217.068933
214.078833
209.780439
204.691052
212.959510
213.977668
214.830395
214.882983
215.958525
215.880845
219.798204
207.790598
208.052489
215.139152
214.838680
208.606519
207.411073
207.792782
193.309094
193.587318
193.454181
198.397527
198.478404
194.538512
196.210349
193.465553
211.336610
212.075318
207.373918
205.541118
206.585501
205.455147
205.526316
220.325367
213.670972
198.773556
209.137836
204.616932
204.642342
201.213826
208.448675
211.280912
205.623954
201.791349
204.657896
204.713100
199.634854
200.690436
200.757432
207.831950
211.919020
206.296591
209.625735
203.356279
199.597388
202.397167
200.624624
200.927976
201.666541
216.534055
210.006818
208.208570
208.341497
208.523677
213.017910
204.014918
214.540816
213.987878
205.716604
210.090161
216.216988
209.628588
212.387691
206.702817
203.885262
209.959516
211.743964
206.154499
207.501425
208.576378
210.964979
205.375519
206.724890
207.466669
199.587840
206.188059
199.624932
204.682801
219.529619
204.776520
209.353978
208.514378
203.433291
208.384698
207.680171
208.319176
202.782619
217.528886
202.776792
207.615504
206.529767
212.828292
200.705016
207.886474
200.770216
210.070832
196.675901
211.252598
197.736004
201.454784
201.344869
210.671626
208.914088
227.739471
209.974825
202.429413
209.709366
202.497385
211.449501
213.787842
211.894040
213.632427
222.739018
210.229457
205.243741
202.404270
203.144353
206.243475
196.934235
208.380523
195.160349
207.298691
226.271853
210.717844
211.547287
215.352866
207.958632
209.033502
204.568949
213.475606
206.072003
206.163719
206.775332
207.899918
216.007561
213.965418
228.090800
215.075613
201.360291
209.030575
200.976327
201.960013
205.803589
201.041422
206.736113
211.060894
206.006773
210.229015
203.016359
204.677332
202.491973
202.142720
209.399284
203.280686
214.419530
206.545653
206.640932
207.603566
208.467924
215.354115
210.978277
205.771339
206.876380
209.014208
200.630488
200.509582
202.951151
202.709556
204.318241
203.543551
198.843312
204.957559
208.576567
204.000073
204.048915
207.774115
206.567320
201.636657
201.515984
194.611390
203.046557
213.640018
211.842132
205.693127
205.788138
205.759151
205.884036
218.201457
226.690291
220.156608
214.293063
215.012380
209.262493
208.137259
208.780457
208.577079
213.917022
213.498529
208.844364
208.165982
214.548477
208.816769
215.304825
216.030547
210.968105
217.122462
216.288930
202.658451
206.979852
207.769390
210.662738
205.432652
208.123913
209.069612
210.448871
208.547722
213.926620
208.905830
207.697579
207.429057
203.720501
205.111312
208.813753
208.840423
208.816025
209.835726
218.705084
220.678726
214.603832
214.984415
207.072758
217.834203
219.814816
212.411883
213.157135
202.980833
202.929723
212.465481
207.789795
208.365237
223.282978
208.577831
212.934401
219.554418
197.579767
195.051951
190.601417
192.378795
190.598188
195.926438
200.055305
198.684159
198.651864
205.439457
194.993352
188.971060
189.721442
197.639377
228.942784
228.994301
195.706756
210.894845
197.688623
202.148607
195.906593
201.302956
207.195443
207.147410
205.439153
190.628111
195.019185
191.716530
188.854899
206.565005
195.825212
200.554186
194.051059
200.419698
202.099679
200.231094
200.332490
198.738155
194.020232
194.032591
207.169757
199.647434
205.442407
201.394023
204.011462
200.258063
220.547300
209.091406
207.285478
218.609163
204.963928
209.245209
202.067003
214.695831
206.485950
214.820465
215.767140
208.319084
212.754221
208.840543
209.786786
205.375835
205.333957
207.668768
205.890308
206.738230
211.072606
215.183291
214.296590
215.167522
207.702904
213.926339
214.119524
204.589378
212.305767
208.910483
227.076239
227.137213
224.027445
220.914224
215.088792
214.161243
213.306502
215.221717
209.650216
209.672484
213.326715
208.862745
208.782431
206.966877
226.228821
213.947520
208.598950
212.868759
218.841328
213.215529
214.644892
216.488864
208.424796
221.906031
210.358497
216.481800
211.393036
214.386503
219.576554
214.004848
208.970676
214.858399
215.230127
215.935778
219.147891
232.763045
227.035965
205.013365
233.160065
211.134921
215.982013
233.446122
216.688568
211.339938
225.333644
219.752505
242.507471
223.540658
228.938594
189.591751
188.876915
194.175245
194.105875
193.982635
193.267603
193.291895
201.734853
222.722869
218.013126
225.256059
217.670002
219.949728
222.201328
218.872607
223.957466
220.586582
218.169597
223.828524
219.763869
228.000606
224.853620
228.549473
220.556774
221.802551
221.234900
228.997104
222.384034
224.293257
224.596748
228.215525
221.603253
223.542096
214.881657
224.090181
228.887208
221.506551
224.463669
225.070075
225.621942
226.598375
227.990393
220.363830
227.847132
224.447126
225.052249
225.604465
238.354379
221.431474
226.959941
215.960880
211.379640
231.964965
227.797880
235.519576
223.511564
228.847250
226.267639
237.201619
230.496195
230.157907
221.843899
223.494004
222.301978
231.741687
238.060597
194.755290
193.990800
221.248415
220.498292
201.035978
196.575010
195.808783
219.352787
213.724084
223.985710
220.768778
230.372088
218.060035
216.910808
202.888746
201.049903
203.013332
203.614720
205.307826
202.440245
201.834675
202.016472
202.647309
203.662458
203.201695
204.832109
205.434298
207.126925
205.005446
195.904102
212.312083
214.640912
216.888500
215.895297
217.864858
223.999456
216.035148
211.714535
212.956939
206.805676
208.844606
202.718309
213.466209
216.541449
220.851267
217.103227
212.830119
210.917283
206.194215
211.981574
212.705479
229.267540
228.187693
223.742678
226.423253
227.496537
227.757684
224.523675
224.675355
211.231190
203.276619
219.630337
211.498121
218.143387
222.857181
221.127860
221.209832
214.075447
210.035569
211.134297
207.557389
209.269724
203.139118
203.889774
217.121048
224.624235
207.366293
207.368872
205.383352
213.654788
210.069849
209.026098
207.465087
206.329999
212.898579
203.029958
204.643922
198.923554
207.723513
197.083609
197.079234
201.522322
208.148985
198.357102
204.594540
198.314553
201.564693
207.655807
205.745212
207.626675
204.250120
206.591822
204.156492
204.371619
202.395660
210.167000
211.814041
202.982394
209.498970
205.895439
200.895555
195.408287
210.051167
208.432930
207.803158
206.254057
208.060674
201.888839
205.270640
203.550469
207.316099
208.933005
212.423118
201.482264
207.653661
205.849653
206.712414
208.369958
206.291386
204.790541
207.402148
204.841388
200.911937
207.147723
218.783162
208.399254
210.530341
215.615561
217.109046
213.738189
216.829112
218.412606
210.350358
216.547043
210.309277
208.031001
209.645977
202.196590
208.368110
206.563462
212.969837
210.065908
211.955858
220.552199
215.937117
210.343863
209.275392
208.965584
215.575996
213.110657
216.333787
215.608346
216.421090
214.731182
213.866468
221.033220
216.018868
214.679325
213.820261
214.623457
220.409189
214.843283
213.170806
219.840155
209.923936
217.330175
220.500378
217.142717
217.389398
218.200677
218.146027
208.780606
209.370391
208.554979
211.709401
209.313555
208.948705
210.393411
209.784539
215.557033
216.476584
215.453119
215.364318
222.572593
210.717735
209.649098
214.371837
214.432055
203.434216
207.766097
202.042686
202.493625
199.023983
202.897608
211.629276
206.822690
210.564113
208.527090
203.319340
210.279832
207.419849
216.879642
215.971491
215.984017
223.527310
216.771888
220.746999
213.265244
214.497097
215.645801
215.047469
210.122381
218.725999
213.862226
219.861147
204.250536
214.443793
213.291413
211.651524
206.643544
212.140840
214.164526
209.558677
215.674169
213.863542
213.405145
204.173176
223.877780
211.168747
221.690110
220.684744
217.120076
209.018815
214.208213
213.388116
208.567015
214.681714
213.826174
210.290001
213.627040
209.120785
209.573868
208.452048
205.030183
210.819924
210.616155
202.457937
208.723120
206.886996
216.247294
218.956645
213.586110
214.712229
221.003019
206.228357
211.788251
214.616368
223.487451
215.352118
198.098080
214.754275
213.821364
210.925444
218.116626
204.362864
221.044022
214.580916
219.741297
212.555885
202.526171
214.712670
211.881942
213.526429
219.664920
230.132461
220.713274
237.349402
223.587063
220.452538
217.377611
208.178538
209.925748
229.727130
220.161532
212.987635
205.421390
215.669439
207.118689
223.394497
212.886130
221.451678
220.315926
236.155016
236.054652
215.780260
216.316842
232.089695
221.597126
213.426394
215.019853
229.579632
222.265405
230.031180
227.528247
219.668015
228.158446
221.936170
233.382972
222.812626
216.901412
217.978087
219.456786
220.575391
220.174639
231.001427
233.206039
221.786573
225.201160
225.263440
216.889291
215.739268
219.707548
218.277998
215.360604
215.359259
214.559579
213.746765
214.900036
214.724504
216.609874
210.492631
219.793861
220.430011
228.260837
210.024834
214.660201
210.321906
204.205249
208.612898
210.415527
229.879549
209.962037
207.826887
209.628724
213.452511
214.161837
207.434580
208.565582
206.782818
208.001972
208.663413
210.136917
206.272295
207.210615
208.410152
202.192147
211.111489
206.873303
209.201219
212.984612
209.795810
208.382567
209.998186
209.538267
203.363634
207.812522
203.004307
204.146356
208.433676
206.541393
210.821011
207.669762
205.127969
208.734989
204.848928
205.992992
209.185662
213.692673
198.732790
199.836954
208.155581
214.789888
209.650856
208.874672
206.384440
209.645330
203.491307
206.978932
202.521288
202.237125
207.480490
205.559919
204.873586
205.780704
211.373384
212.957672
210.701097
210.259858
213.893387
214.632935
217.650530
236.976282
234.395422
214.441291
205.423431
226.873326
226.846175
210.614042
218.015860
221.562557
216.150979
211.523202
217.788154
215.920659
221.408848
205.049857
237.798314
207.082915
208.154020
204.200467
220.047857
211.969185
210.630167
213.628555
215.211423
214.956334
212.964633
214.084161
203.543030
213.521757
209.033149
218.024539
209.463025
207.501863
222.590868
217.715323
221.351421
216.856053
212.087146
229.121829
226.968610
209.382759
218.472434
220.490559
216.728495
217.076718
240.111795
211.385173
214.667735
219.980786
236.684068
246.628167
243.368643
210.150941
216.394621
221.770171
232.980336
232.318197
232.352498
221.229077
188.392840
187.680633
186.968434
207.939997
216.592279
215.065100
229.143833
230.952281
215.798371
222.908970
216.578997
210.405638
214.378928
206.081419
218.260389
210.710783
210.825942
213.841950
201.815093
218.414754
218.161707
218.378088
216.575491
226.602622
207.971641
224.594695
217.988088
225.829591
218.470301
212.296561
223.092984
213.494138
221.324043
237.795516
221.614939
228.976167
234.774018
230.525910
229.176979
221.506237
216.021541
244.161403
220.776167
223.842894
217.168070
236.350503
235.017395
230.178896
219.989416
227.238982
212.033677
227.334261
218.320335
218.364362
221.358402
220.934853
226.456128
217.489410
212.080601
229.510056
223.996551
222.531177
212.311717
206.139725
211.100386
211.176975
216.786975
211.068536
214.346124
205.622880
208.950975
209.974803
200.140662
200.167537
214.653347
209.978579
204.933169
207.937244
204.477439
201.329149
221.276463
222.398196
197.352379
207.264134
201.099383
181.064091
182.779114
192.299239
195.451570
194.729150
194.781353
195.838807
195.922103
188.852623
188.161346
188.026939
188.094688
189.910488
190.669958
195.200448
195.065404
193.378026
188.872623
192.601097
193.244079
188.736881
193.253507
193.349972
193.957374
189.562974
192.574570
194.214953
189.910870
188.877753
189.911827
189.111017
189.585480
190.644852
189.842707
193.213575
182.778257
181.120284
182.032911
185.659879
181.068738
181.007194
187.335687
182.910539
183.601510
182.922574
181.891910
181.892162
183.836825
184.603380
182.990738
181.073718
189.140405
181.156419
188.861882
188.514319
195.871242
194.833522
194.833107
182.856716
182.806628
189.852191
194.013641
187.907325
184.610851
182.910657
183.876511
182.717164
183.396835
230.202672
231.342789
214.967517
220.921791
214.891468
210.748134
206.341169
211.725511
227.528180
209.733549
205.187400
218.038296
213.860337
215.967036
217.998841
227.539074
207.327642
211.967801
227.837763
229.999724
230.951426
231.075882
209.529951
209.666683
231.135496
215.981434
215.949223
213.647461
211.013969
208.934970
192.474163
185.619593
190.652082
191.468338
193.836988
192.133436
195.974261
194.982118
194.951513
196.684591
192.859787
198.317029
198.311266
195.203127
192.131379
202.114177
201.084601
201.055696
202.822807
201.340903
185.559853
194.093315
194.127059
196.015323
196.752295
192.254428
187.210740
200.385300
194.945717
192.534122
193.205954
193.968223
191.595266
199.371028
194.690240
193.058894
194.992073
199.297991
188.104992
192.419587
193.289767
215.331823
195.911022
196.648296
192.251391
192.403383
191.728855
197.842975
198.409088
192.324917
214.562050
200.535991
199.855784
199.131390
199.901756
199.900753
201.907845
200.233628
219.436984
207.418841
208.086114
194.116212
194.843587
219.846421
212.915482
214.052132
207.005538
212.089569
202.482392
197.927136
198.302207
196.788928
212.475305
199.323779
198.692441
211.777738
199.777267
196.958968
197.637676
197.895169
193.642344
203.573032
201.456830
201.392325
201.046991
200.216251
202.598340
200.398215
206.287225
195.846158
209.094181
206.909752
207.270571
200.256100
196.005851
200.676395
193.081087
199.131631
198.317159
206.952922
199.456164
202.742571
193.305114
189.865272
199.424835
194.552920
205.513211
199.436044
207.981694
198.718860
200.336000
194.196133
197.444331
196.750232
200.433980
202.242944
197.814748
209.910787
201.464398
194.899623
208.719524
199.227274
198.374652
203.008296
227.621382
223.897307
224.982579
226.947577
228.704377
223.931611
229.891914
226.853702
230.974341
222.669680
234.162280
232.238435
211.524617
220.787928
218.022827
225.055838
232.802772
222.558687
232.845050
220.495227
222.673984
226.850918
228.693596
226.426299
226.756983
227.648063
229.917857
210.535420
216.064936
226.238018
210.951897
228.173342
214.749345
217.520896
217.615094
214.852722
224.065133
224.128411
216.040199
215.073534
215.025912
211.442045
212.020491
209.783039
217.572868
218.593192
220.315154
217.300183
218.553640
214.852446
217.521108
214.842531
217.656697
226.239776
213.212959
218.270611
212.676524
214.582206
224.720475
217.262880
222.558621
220.282916
217.226444
218.602333
212.895694
218.627083
214.893977
201.195491
201.153786
201.155957
207.594563
202.249811
202.295881
207.647999
211.924519
214.161498
209.663592
205.452605
200.148332
207.118815
207.477732
202.689118
211.954907
214.038404
203.149544
207.775731
204.412131
201.835491
203.675203
208.095083
213.987153
208.035494
216.535121
206.582292
214.221258
196.912143
206.618487
212.368520
197.968279
208.438146
212.119402
208.918097
212.437337
208.364052
217.628931
203.197929
202.046455
203.135896
209.508500
208.557638
207.929349
228.194710
206.119909
203.674246
202.443059
205.878873
203.041739
203.539418
201.200734
200.274864
206.933731
203.094497
220.434722
220.513094
203.533903
207.020921
203.009428
204.995107
220.432982
223.674918
223.642236
220.280877
220.278653
220.442562
237.107681
215.608405
221.674005
215.092618
220.931591
218.088389
220.802377
221.088705
217.523803
212.986776
207.357951
205.336708
219.296155
209.458544
207.715807
208.813729
203.060871
202.054108
201.889365
201.520168
201.452511
211.175607
210.577575
203.551575
213.901004
207.802366
209.537630
205.656453
213.428640
209.605140
219.362214
208.552204
212.315653
213.421340
209.703603
212.220456
208.531659
213.980274
207.401870
219.499128
202.267176
213.178886
213.467367
205.489437
211.662435
212.473566
207.568396
204.155498
210.367803
217.791156
203.060893
209.588725
218.597271
208.601068
203.914489
210.128256
202.839119
217.635782
211.117525
214.545523
204.319448
216.150055
214.410490
210.565349
225.715307
225.865813
205.071972
210.842307
209.266185
215.936163
217.026923
214.276662
214.382102
208.341167
209.818516
210.605764
216.176211
212.384084
211.701284
209.905987
202.208469
208.383548
201.121895
207.573386
206.623811
210.836990
203.282831
204.393827
203.283288
204.314604
205.037200
204.351654
203.756033
205.451697
209.710045
210.769091
201.655526
201.171718
205.935492
206.444207
201.142877
214.175423
205.102686
205.856881
205.741790
212.789449
210.378990
202.668310
202.681909
204.117217
209.476245
201.974060
207.257521
209.941976
205.478596
205.840266
213.302101
213.281051
214.948133
203.537045
207.818204
221.262483
209.590946
216.640451
206.446689
212.366571
217.260890
207.398834
224.549237
221.229797
208.421188
211.244848
213.388830
212.783027
206.436231
217.977649
203.946453
214.536314
213.005317
207.866866
209.579456
212.228421
216.220040
209.381244
213.016857
214.479073
213.789084
215.595639
218.723359
219.718286
206.868190
201.238464
203.505302
205.184264
199.432746
211.746964
214.587324
212.648446
220.123824
208.983810
202.789882
201.554011
209.657277
213.577936
216.029626
215.108342
213.407743
214.016379
209.047377
210.704864
218.189005
217.458761
204.721995
203.716099
201.818612
215.212999
204.169363
210.320715
204.153473
208.618687
211.397251
217.926424
214.473248
208.253492
206.209079
206.589552
209.894302
207.618276
203.719847
225.414894
228.595452
239.586591
229.287744
225.365849
234.895588
230.102422
239.859114
226.958372
228.219988
228.153809
218.197969
221.448125
242.272016
241.052315
228.984005
232.230266
241.686148
236.214274
227.942521
231.188774
239.149332
233.614012
243.631734
230.879390
239.653635
237.420612
229.731286
226.908401
233.479933
238.043116
232.465906
225.203544
225.176654
227.506227
226.449407
233.596708
228.478711
228.213234
236.632243
233.324204
229.643357
228.049528
222.391307
228.539118
233.970718
247.257424
249.557294
225.445561
236.783701
235.075283
216.316303
216.392430
217.030972
221.777115
231.094673
221.772675
220.848957
195.630020
209.113966
208.401264
208.085359
207.296738
220.598824
219.998893
227.339667
221.800326
220.773931
228.112839
219.957052
226.722729
225.598367
230.722399
225.269684
234.944870
225.834374
225.991505
224.707480
218.815848
214.522287
210.794422
205.768706
209.726917
213.997056
216.268245
218.002796
233.379971
229.386646
236.874031
219.813557
215.601342
207.125031
207.834127
209.468125
207.913049
208.393329
217.458836
228.067096
204.117295
206.924656
215.967362
213.214170
214.855911
210.740185
204.675436
208.938280
211.016298
219.887387
219.163917
203.925126
208.392926
201.837054
216.016608
211.826192
205.760977
209.964146
204.593022
209.083877
206.242685
203.680632
203.654138
199.215748
199.163292
206.792976
206.762466
211.032909
205.605111
200.850734
202.087597
213.143530
200.814060
205.685301
200.260262
211.317020
203.445805
201.359905
201.843809
202.838500
212.432526
201.101581
205.486352
206.384683
208.012360
208.019153
208.264529
206.491996
200.011979
200.052148
200.580236
200.098216
200.090728
200.530850
200.195110
208.516318
202.438146
199.582299
201.296744
209.468005
205.432090
205.535821
207.926636
199.205899
200.957827
208.475665
208.799718
201.708860
201.903210
212.720425
204.078787
202.036553
212.428371
208.033936
208.139908
213.552974
208.946442
209.008408
201.220498
201.281145
201.705753
200.311419
206.680322
201.871977
202.576262
207.296865
201.775492
219.137941
215.096131
218.360089
214.727325
222.240644
209.388617
212.600574
207.566357
209.290606
211.610603
206.934113
212.639138
220.554356
211.895973
226.967388
209.328718
207.553819
207.877081
216.199837
209.612843
209.855392
214.533462
205.175545
213.470528
219.153958
209.446329
204.007823
213.487414
223.419003
206.216985
210.196565
208.798288
214.526179
204.067113
213.419522
214.741372
208.375093
202.938397
212.419490
213.470281
209.584797
202.355166
206.832422
209.867255
199.418419
200.612710
200.489338
206.493862
202.073634
207.240939
202.812851
212.505836
219.204665
196.050078
202.842724
202.396312
202.248639
208.983708
212.405948
208.489088
200.170006
209.264175
208.403822
210.620832
207.776670
208.403355
206.246272
204.510976
202.880214
200.370946
201.993209
208.851658
199.136505
210.872743
205.841160
208.813630
198.059651
207.504284
206.877298
209.858108
198.749748
199.500138
208.867777
205.873898
205.733691
205.520777
204.482807
205.494148
204.508917
211.664041
202.544781
202.055040
201.965611
211.595635
212.431050
215.886618
208.625032
204.260474
202.816739
202.726997
211.346796
204.000686
201.069145
203.921146
203.804743
199.206516
194.677404
213.439482
204.821362
210.566510
206.701628
209.701377
213.103138
206.149750
189.281040
207.717204
206.841218
212.022899
210.286673
210.282961
208.532834
207.576409
207.594306
209.201375
210.610059
202.210702
206.677143
212.847440
203.142272
208.460171
205.038953
210.240268
208.519316
204.014453
210.227184
208.389448
217.754244
217.190998
204.046731
210.221784
208.384519
209.701741
209.533176
208.111679
197.694151
208.297229
207.979501
195.118195
206.152439
221.025236
223.005188
201.667427
208.936937
211.905028
202.285220
217.058417
207.227653
209.536942
206.703730
201.407562
215.855364
196.806374
206.125600
206.766185
224.994456
207.487813
208.294677
213.673538
213.644530
205.883159
218.017572
201.581667
202.904047
202.749785
216.944019
201.542593
201.754841
222.135501
208.030934
202.714217
205.858209
201.210512
201.507867
196.807942
202.249182
209.110955
210.550998
201.373852
207.228328
199.058574
198.033134
210.326288
202.540020
198.884234
203.327874
197.857498
209.090282
202.960161
206.632180
205.549252
208.797910
206.580232
197.556305
205.379816
196.452816
210.873526
238.049881
213.735226
208.873298
210.481885
207.098828
217.075180
203.487338
206.436419
207.149063
203.470097
206.615528
202.378275
204.856331
203.196122
203.059171
200.256255
202.030717
201.864988
201.214159
201.048726
202.031469
202.847416
202.304267
203.030763
204.907771
204.696822
202.354404
202.161698
200.323609
204.549604
202.889222
206.356715
202.563601
204.064636
202.257004
204.108704
203.228958
212.648709
188.189974
187.351917
199.670674
198.557864
201.293285
194.205164
194.954559
193.199044
187.437925
189.203673
188.356648
201.160456
200.383055
194.176172
194.918122
193.596974
193.206961
192.517207
200.970442
205.194677
195.059045
199.479671
202.279058
196.177675
199.124562
202.841590
199.747003
211.616332
203.056109
196.986785
199.502039
199.401335
210.504454
195.231618
200.152467
193.968452
187.414426
200.518170
200.156741
200.165963
194.095252
199.086179
195.099408
194.000753
194.036670
192.598718
192.501092
204.281541
197.145513
209.755876
203.669891
208.977769
192.475767
191.504523
199.454608
204.397000
219.461781
199.631800
208.557341
204.073232
198.636927
196.931594
195.639172
192.772434
201.300794
203.906741
195.626976
204.620263
187.409714
187.246844
193.956882
185.564394
208.155033
216.102106
211.274752
198.478648
186.270561
185.527378
188.835534
186.266289
193.299926
189.182642
188.862726
192.247991
189.532182
185.590922
189.010223
188.615325
192.952018
194.047417
194.971276
181.865713
181.956357
185.591480
181.118851
192.188108
191.474384
188.905239
191.572574
187.874550
187.233022
193.261522
192.321425
204.824348
193.418137
192.422781
192.341281
191.665038
198.475120
199.294205
197.453505
201.476532
204.433270
204.717606
200.387296
205.492510
200.969165
201.630099
198.425829
199.533531
200.424479
192.227534
194.908087
192.227113
206.588527
194.545202
191.353280
194.916684
193.145699
193.896950
200.923279
193.200572
207.354480
203.724759
199.319221
208.493926
206.572120
200.857747
201.519567
200.374545
198.416231
196.772380
192.336434
198.445786
198.524394
199.469236
200.240554
198.416982
199.625082
199.260273
192.963970
196.624154
192.988672
201.758287
208.075226
196.224784
196.560377
201.601959
192.476798
200.444267
200.007744
200.003983
202.436089
212.031664
205.414746
200.733309
205.088440
199.650664
204.291040
204.238564
211.713589
212.601929
214.270678
197.598380
200.136028
200.884042
199.178591
198.025238
211.210702
202.026210
200.269912
203.139235
208.143431
200.157660
200.953217
199.185895
207.179984
205.490635
220.585305
224.591744
199.951929
200.356952
200.602854
201.013148
199.634352
197.492618
209.133010
200.268171
200.339037
206.667314
201.731487
198.067082
200.239593
204.599570
220.187996
218.799932
202.661058
207.341273
198.778769
194.412732
193.308061
208.608144
213.038169
207.202614
206.637830
199.815448
202.309174
201.010783
201.858645
201.820378
203.638774
206.810381
211.245198
205.494532
201.140238
199.202608
207.228423
203.175473
201.434184
199.694504
213.541147
204.971869
209.004615
203.202947
207.252703
195.937055
202.916245
197.743042
199.240279
197.524745
204.005431
205.441387
203.801055
209.770982
215.464325
238.195231
223.230737
222.056303
234.038147
217.096267
233.476359
227.358914
232.694157
224.466621
223.291730
204.365766
201.255563
207.134704
200.346595
212.685269
207.069844
212.852480
207.579123
203.412033
206.493805
207.112731
203.463987
206.595936
203.489078
203.715050
202.743431
204.422417
202.773459
203.596659
208.598722
207.866519
200.550570
203.814366
202.122796
209.522489
210.139463
206.642596
209.408573
206.333916
209.672825
211.417810
200.937150
201.421649
205.780839
202.010455
201.314223
203.038804
212.344836
202.261100
213.522868
203.152042
211.806782
201.987816
202.171600
202.779003
203.024624
213.108727
223.850309
212.137957
228.141484
203.566441
200.357809
211.399558
200.263993
212.491342
203.856711
202.055233
202.913870
201.058273
202.122418
201.722504
201.475230
201.040246
202.008606
211.433734
221.278372
220.500378
197.599817
196.050605
205.647939
199.704273
194.964744
203.947994
202.811027
198.832796
198.330870
199.346534
194.198097
204.662489
206.020439
198.469994
198.611655
204.429567
194.957032
189.816306
195.772977
193.257965
196.848264
192.411849
197.475339
198.423550
197.444143
200.218608
202.446517
199.544012
201.270174
197.499161
207.689447
199.476345
201.375533
199.461401
199.506325
194.184344
200.569824
200.495538
203.505802
204.303995
203.090563
218.275390
200.429562
200.491324
208.029278
196.876781
202.064369
201.278036
211.353940
195.102145
195.836067
190.815010
194.243464
205.231893
196.002595
199.679934
203.728641
209.483154
195.170917
201.521226
203.963202
203.478422
201.449502
200.197417
200.241165
198.478694
198.477777
193.392325
197.867177
200.538470
203.433776
200.402935
200.453475
203.363746
203.610429
202.348226
200.420883
219.259566
202.040686
200.312047
195.963320
194.708089
206.195245
203.410207
204.453252
200.168071
204.346917
212.080363
199.410804
205.532504
194.745633
199.900670
200.184364
213.106944
200.013777
202.157583
203.724426
200.781043
201.846791
225.751282
225.750762
216.890133
237.077042
213.104347
213.953520
223.747471
217.612435
228.186383
222.037429
228.571199
219.308196
218.409549
227.833151
223.277920
223.778301
222.687061
216.344160
213.118592
224.664806
228.913946
212.066811
221.856930
214.699187
226.272952
223.611518
222.796780
217.476941
226.975600
215.117405
222.395687
223.153548
211.691790
216.248018
199.762437
200.736350
201.935090
198.484230
200.211149
203.480000
211.914806
211.351507
217.211131
217.411536
211.455532
211.329577
209.482766
213.724376
219.236854
205.174127
223.567808
208.526794
212.534021
203.056224
218.251470
199.750209
206.174218
212.924818
221.942291
230.730329
197.681195
221.007166
220.835604
220.946518
227.752898
221.470008
221.581561
228.346327
217.144634
228.082060
221.888939
220.307081
227.519317
228.754923
222.925847
228.194179
228.903170
224.959900
234.816985
226.592600
227.282241
226.555326
233.660588
230.936306
221.887342
220.297477
222.956377
231.066651
229.983988
225.968773
194.830704
203.255918
202.082686
200.960636
215.105494
216.195948
206.001418
214.827640
222.413593
203.336565
202.740969
201.023496
209.290100
219.389751
207.494971
220.067368
219.509262
208.231617
207.657471
223.921668
237.068215
223.851721
223.267056
224.049275
222.484907
218.721668
218.726068
217.996497
209.731885
227.683633
210.839892
214.803425
218.432013
217.299046
196.048189
196.854971
212.514209
195.067780
202.960723
218.996938
212.995931
215.373555
215.496125
209.149587
207.310918
215.553385
208.891128
208.785667
212.372265
217.120070
198.071347
203.425063
241.883200
238.068967
239.625695
239.700366
239.903181
227.800987
227.692321
198.882191
189.861985
190.530196
185.450985
191.611010
191.469565
191.441713
183.638481
188.640801
185.380010
188.662863
187.192104
184.337455
184.616328
188.639838
187.189167
184.633520
185.339920
230.767694
228.429915
226.151164
199.219377
196.064066
198.537755
201.777152
233.525422
233.441969
213.247178
200.350598
223.792844
224.910485
213.539129
208.252691
223.953834
209.461826
209.507333
218.437202
223.852239
216.553479
215.993764
216.617525
210.682759
219.463232
222.167291
222.253261
219.679774
222.894555
216.941057
220.566608
222.272551
219.483008
213.130116
225.234179
211.423195
221.397442
231.908698
230.936763
228.215515
228.768986
248.602795
238.586603
228.239041
238.574778
228.723380
241.874533
245.846414
233.717012
256.710216
238.462940
239.593177
242.281242
233.428093
239.883846
237.872180
248.942602
236.914991
234.412817
243.600688
246.190738
242.599738
231.522753
231.438979
221.405034
233.972779
243.172043
234.492120
235.011446
243.689904
251.599920
235.677245
235.264915
236.932822
234.435520
238.356901
236.087001
237.203086
233.752999
237.312507
238.323261
230.251887
230.232870
236.799046
238.052458
243.511373
233.303865
242.466363
234.423983
247.329329
238.907525
244.540696
237.615695
240.009045
235.347553
238.046505
240.267079
236.002438
232.742139
235.775885
232.894288
236.386999
248.290714
235.406986
232.151253
229.037624
232.715458
237.520549
233.927926
236.479028
232.260753
239.776634
243.017291
229.336084
234.859006
243.847726
234.642830
231.498857
233.525132
228.122540
232.501555
232.699749
232.635284
245.027323
244.941577
234.599509
229.163048
233.574111
236.517171
232.246821
231.082742
228.574697
230.464937
226.536695
230.383026
221.397218
233.240559
233.761519
241.439911
232.510149
236.128458
238.846813
238.803817
220.209750
227.216152
221.261728
233.027174
233.025879
230.313213
230.309953
231.723683
231.511507
232.253940
219.504041
232.210273
223.138289
225.131576
224.054086
234.018474
231.050645
219.329963
221.740617
233.012303
232.970006
223.804992
243.806709
250.514101
249.872367
244.062343
241.878765
219.297732
194.585236
203.308025
188.523383
188.861650
185.520313
187.766198
194.367621
194.908183
187.759801
188.066094
185.488766
187.002292
194.008258
185.498125
203.278410
192.144781
196.659950
216.551784
195.885196
186.441358
204.996172
196.932303
197.674921
217.540307
195.908247
192.226811
192.172119
192.187512
204.268443
187.466530
193.977308
195.649565
205.987301
195.074234
194.336100
203.418113
194.332165
203.003254
205.200680
187.498047
205.458045
204.436790
195.820487
196.005377
195.080047
202.624811
194.362286
193.230296
187.812688
188.175601
188.729181
185.438385
192.198855
192.262174
203.262648
186.520857
193.901243
193.896368
203.959636
204.944293
194.828704
195.542191
200.070473
187.441711
205.640337
195.830072
196.511562
194.793432
201.718168
199.627264
225.346851
217.115381
217.191968
223.140168
203.762908
197.081566
197.597804
214.837613
208.389527
221.333316
209.559604
215.185927
215.977558
225.427210
217.270020
223.135765
226.966738
213.290111
214.155018
209.257910
210.347762
217.063084
217.969895
215.837407
215.509027
221.095871
201.085580
200.946923
204.169945
213.054175
210.211587
202.128030
202.963440
224.300330
219.223215
225.491344
226.727445
221.449329
224.260032
219.182913
221.364868
223.552959
213.300945
214.166560
220.497405
224.238177
209.342165
210.380297
217.073974
217.922971
215.891511
215.560344
221.182485
222.658258
200.458963
201.037660
201.309579
200.370417
202.157255
202.067289
202.962298
208.039986
202.226255
197.079534
195.756752
202.037524
200.923998
201.069126
201.883960
206.872301
225.524081
212.184366
222.289112
218.921861
211.005597
213.454524
212.662499
226.050793
229.360260
227.068313
193.942136
195.000236
194.587384
195.364151
195.697693
188.751904
192.219493
193.305997
194.643989
194.642015
196.341306
196.600243
195.729862
188.817637
187.033542
187.097862
192.254689
193.271166
193.677874
192.967652
194.056835
202.141119
201.069821
201.715110
195.019990
196.094999
194.675629
194.678259
195.091588
201.935627
201.057994
201.124439
197.784707
212.878231
196.998630
209.501108
197.885010
206.376283
198.889775
196.278050
207.544953
197.987324
196.748110
197.033869
203.712254
198.572986
195.781905
193.417085
205.632899
190.806464
195.962768
201.344731
191.661596
197.753312
196.752066
203.701160
194.158366
201.785905
195.029366
210.678895
204.465785
210.164070
210.873186
211.028266
210.355473
212.958022
210.650329
208.863365
211.076772
215.833660
209.466646
209.832184
203.255317
205.462578
192.491018
192.597827
192.815952
210.551133
204.379192
187.143265
187.207072
194.340304
182.980849
184.658091
192.127546
187.756177
184.519383
195.142385
201.816838
201.827209
200.687032
200.644943
184.569661
183.773771
187.239881
187.906451
188.201542
195.626417
196.462111
207.860750
207.911012
202.865689
196.719775
209.799399
218.804344
210.926182
210.172436
204.011344
198.529125
203.344863
198.581957
209.129352
212.378508
208.284311
213.493067
218.770136
225.806180
207.282471
213.512392
207.262212
206.487911
209.997983
201.128915
223.127067
227.578169
223.115062
226.392772
225.578955
237.337104
220.931982
205.794242
215.959384
221.385010
215.521392
234.437522
222.534877
210.070713
216.256378
211.905683
227.145697
224.576920
224.537915
201.032505
203.216480
189.956691
201.742926
190.693022
201.726121
202.428173
206.114468
199.763571
209.551423
211.397282
205.241875
209.529042
204.058315
198.628758
220.705900
217.072428
217.124383
218.518554
218.560120
225.658956
214.056146
215.406046
215.859616
211.641981
215.767317
211.088834
216.219088
215.851008
209.703745
220.513757
209.881846
204.838198
219.335246
209.469303
204.707607
213.307040
208.048192
201.622977
221.856184
225.298614
211.455461
213.256552
207.101294
209.635180
204.164674
221.210052
224.474944
219.431984
206.796564
206.974819
203.176491
224.040918
210.937864
208.488922
205.841818
200.417322
201.445584
201.487191
209.320867
213.387185
204.262548
208.062546
221.102990
211.996864
205.212956
209.574329
207.336955
205.433518
217.022337
217.137603
219.791359
213.760116
221.621111
216.554824
212.116689
214.053939
217.955768
213.696165
209.257819
209.445149
205.055930
210.302263
213.751664
196.610765
201.071207
196.982513
213.140580
197.000468
204.881224
203.137016
196.961251
210.439346
201.046950
196.638583
202.541662
201.390989
202.254088
212.416183
204.526475
201.086739
202.834097
196.682350
203.158895
202.092082
196.899639
201.304516
209.796293
202.217545
200.372313
202.794115
201.017027
201.778660
196.610729
197.757682
197.798042
197.798701
207.691403
207.597063
206.497615
208.182932
205.838136
207.614964
201.305178
198.861344
200.316467
194.456062
200.188429
201.334414
195.990123
210.904389
197.727165
202.204361
202.135066
209.014682
202.109204
200.334128
208.123886
207.248895
224.592626
209.809605
214.656006
215.744039
211.173848
211.172484
222.194181
206.744909
206.743005
222.716977
216.498573
212.205750
209.300012
209.300291
214.051926
216.087724
209.188184
214.846721
208.784803
204.469135
215.711785
214.811335
211.235632
216.822409
216.563140
211.234266
212.139220
220.718923
216.423353
222.633319
209.361757
215.620792
215.435196
209.360506
214.090078
218.579332
216.767155
219.637902
216.509076
222.318100
210.426838
205.610904
222.775865
222.846854
226.518212
208.739954
214.046014
208.825699
215.933918
212.745073
216.323053
218.109634
211.481414
213.927693
218.997939
225.074087
236.178050
229.455112
234.285479
223.252766
223.982496
223.052094
230.176028
233.368496
229.068522
226.873024
225.907504
237.361273
223.206631
235.467515
224.100645
237.810463
206.485499
198.969333
202.206652
208.675019
217.919429
210.604210
214.231008
204.488147
217.797540
208.767028
215.611197
203.335842
212.362244
197.866631
202.141429
220.387153
220.291366
229.792888
224.727279
212.546086
215.284530
216.523843
209.847869
217.565084
214.309399
217.586943
207.238557
209.262512
206.294347
203.314908
205.570307
203.954435
203.788499
202.849853
217.209190
225.153801
220.102265
215.643059
216.991783
215.577240
217.793826
217.679973
221.844777
223.350551
221.923003
210.426413
210.811265
212.044864
220.053173
218.872213
205.441421
217.895900
210.039205
205.326271
204.271001
214.866903
205.170706
214.837727
212.781113
199.887520
202.150812
209.243518
203.151751
196.981899
208.938008
221.521523
221.521573
201.105548
203.282883
202.665963
200.545193
200.605139
214.770966
211.428706
212.953461
212.902977
219.833523
220.314906
199.344296
204.304484
205.375697
201.521513
200.903901
205.547014
206.615955
206.536966
200.399476
206.639384
209.191140
213.116284
207.524198
208.032180
214.860113
214.445048
206.677371
213.800329
214.624342
211.634908
212.697141
213.094079
209.668162
208.342868
202.164272
207.836202
207.302133
213.513527
208.057167
207.779358
204.743489
201.597393
216.845628
214.923623
211.551406
225.045051
218.899233
222.815017
222.892284
222.383989
216.877269
214.993910
211.570541
214.070572
215.240865
210.380927
213.834376
208.418940
207.259000
216.345861
215.269746
218.117311
207.267410
208.430563
210.620535
203.924726
208.566469
208.375317
213.540831
212.489244
210.674244
208.974164
209.960427
208.937680
215.132999
214.627743
212.993234
210.346272
206.448291
207.458665
220.411879
220.267367
221.549260
220.317475
215.008189
227.268625
216.822920
216.582490
214.531947
209.139388
214.843521
214.075299
215.036187
209.634426
207.394543
208.715727
211.627033
213.366766
212.659760
210.925057
207.105381
206.160734
203.982116
205.416345
206.612000
212.806897
205.590248
214.652423
208.636765
213.516558
202.132075
208.310554
208.131374
207.054799
207.792838
201.582984
196.782087
215.795558
214.847973
202.960564
202.482671
203.627335
190.812056
207.297504
208.260083
211.036357
217.635693
209.539230
209.885378
216.543732
199.537188
204.178926
207.066005
211.611439
205.390465
213.419930
215.251882
217.778162
215.928720
210.476187
216.987226
208.578104
236.178990
212.560820
215.017571
212.604735
229.798339
213.744959
211.903837
202.962234
205.270356
207.616914
203.160063
203.615202
221.270371
212.917437
209.765669
211.994635
211.219219
224.678047
225.753327
225.293519
224.660832
235.432944
224.884109
224.585221
225.291067
234.290159
213.814178
214.091120
216.043052
209.351648
209.296684
211.501031
212.327901
220.574056
226.565139
219.320501
219.266717
219.999140
196.835320
195.060205
194.267940
196.895061
194.392694
194.453210
209.668611
202.118614
201.032999
202.833190
200.268911
201.341231
200.930199
201.375291
200.651074
208.145775
193.964857
193.212998
194.998982
194.193872
193.237007
194.981529
193.279665
194.963118
195.254240
196.013126
195.982427
195.016355
194.287574
195.083296
194.369763
195.119749
196.742140
196.039268
195.404987
213.473025
212.270146
198.890738
219.415270
199.556510
197.967849
199.657961
194.601277
196.897321
218.559892
197.596888
201.142489
222.875434
201.840659
201.052410
192.562966
196.808384
195.154520
196.231841
195.896761
197.006314
206.830060
216.090619
209.640658
221.712816
225.296607
220.873298
228.016086
226.780818
220.866618
208.135272
210.073078
226.103575
208.249351
214.406317
214.428602
206.923364
214.735390
230.226418
222.471312
215.455720
204.440090
214.296901
207.453367
209.822245
217.878183
206.095251
215.994958
215.904627
227.554048
215.999171
207.912956
218.721420
207.625243
207.613880
219.403363
229.103101
207.944303
218.752678
207.708312
222.450234
212.586052
218.782547
216.918822
234.391999
220.233290
226.194732
210.501298
216.013554
233.365062
219.141192
223.207272
208.765468
213.493352
216.301554
222.715973
225.111255
214.091782
214.675480
217.390478
217.085887
216.362689
214.371058
213.645161
218.167851
207.962086
202.951721
219.763784
215.437633
207.623295
203.160719
204.283667
207.586111
220.795914
203.523655
212.870464
203.976629
220.565302
207.287374
209.960275
203.216469
206.552815
209.227598
222.935746
203.244492
208.323226
208.552530
201.313321
202.483635
201.597992
209.167931
202.430916
219.601394
202.338118
212.809255
202.318409
201.444191
218.685696
201.351247
200.542312
206.156681
208.872066
206.089331
208.806599
223.606408
197.064831
206.095423
205.811847
224.455685
197.789962
215.131325
206.583370
207.264871
205.420095
204.780553
205.447252
196.855234
199.787556
202.387864
204.350931
197.281456
200.198095
202.891032
204.762534
207.192056
207.347903
203.830781
209.000028
206.223151
205.555764
207.220929
194.622524
196.308996
199.252855
201.878706
193.631533
204.787214
202.751471
204.504228
202.102497
202.312504
203.958558
204.848927
199.580071
199.505574
199.582104
200.247012
201.964267
201.964476
200.389668
196.031255
196.031259
203.150026
204.209358
211.022709
198.845590
200.386323
200.969442
206.550050
205.867818
198.930285
201.268350
198.623668
197.901266
203.941366
195.057254
190.556459
194.878720
194.835440
208.870273
217.987370
217.927436
221.955242
222.738374
223.359068
214.130730
223.513412
222.109643
208.491497
213.283614
208.540033
207.467585
208.714369
213.347611
212.381992
227.642183
204.172013
208.078104
223.122317
216.085752
208.332332
205.073783
210.138118
215.014219
224.604751
209.024847
203.987232
214.399316
216.772691
212.831808
213.635946
230.428997
214.154515
204.817565
202.214621
200.979564
216.545798
202.529263
210.180867
209.303769
204.759765
216.158345
208.390298
211.645638
215.511143
209.149082
222.413118
218.767330
219.210588
219.996750
220.574991
224.898171
218.201467
217.433649
225.199444
233.335377
226.095809
223.990347
226.160407
225.210121
221.238112
220.050475
234.121045
225.454479
222.593871
224.514025
215.639516
217.729570
222.703967
221.438224
214.235751
228.601544
216.901719
216.742194
219.022518
214.482241
220.668262
218.244111
215.241704
204.681999
214.966486
222.327547
217.134604
219.786957
219.490892
211.793491
210.104114
207.973611
201.202909
202.110417
210.367702
208.598839
209.036436
207.527318
211.062319
221.510081
218.869758
203.174499
200.935834
200.261001
225.651017
208.908794
204.033125
209.044769
224.503426
207.276296
208.891680
207.025220
202.022825
221.017948
229.483544
219.408818
215.397871
220.584713
216.459591
219.830373
215.708030
210.377289
209.652877
224.083649
220.079108
211.245067
211.277485
210.524768
216.803467
215.148503
215.884031
216.074163
217.424868
220.248961
227.731271
225.028754
222.496949
221.705626
227.172572
219.732515
214.498351
219.656002
214.424517
218.420722
213.896083
220.256039
226.949104
226.411268
234.912712
212.987916
203.942201
213.168803
216.061687
208.132801
202.286956
214.377471
209.007551
210.703460
213.429366
208.406924
206.710916
214.378536
208.630188
214.291385
212.601771
204.166824
214.117485
216.297489
210.157647
222.391447
220.266560
227.845910
227.924750
215.237097
215.916232
216.259422
220.325253
228.380542
221.188386
225.267651
218.034012
210.009942
217.419492
223.990566
215.617446
216.871037
225.842078
209.634312
233.526212
211.788195
210.004661
226.405284
212.886488
210.331270
208.524499
226.596634
219.852479
212.805681
229.012009
216.983293
213.981335
223.749454
219.386268
213.254498
222.608089
235.093318
222.902578
217.712615
225.125096
225.030061
220.119143
234.574638
231.998450
230.976242
223.897782
215.291927
222.804710
230.289824
221.208722
227.057643
232.656301
240.112607
224.649972
219.689087
218.526003
222.682313
226.606920
230.091064
225.005977
226.854038
217.166384
228.847804
222.566324
239.620672
216.438370
230.849121
225.451787
219.361501
213.856987
220.280267
234.497025
239.473931
222.818154
229.138939
216.509742
216.602741
221.815455
219.049226
208.774979
207.811210
211.112376
211.704379
211.557739
214.417999
215.962643
225.088564
210.372783
211.595993
225.297946
216.363212
217.763645
205.663020
209.570642
208.473041
214.691849
207.190668
224.049274
211.735666
212.208037
213.239736
211.661684
217.068048
207.149038
209.553538
223.960682
215.762905
218.999628
226.607661
215.046518
214.036428
215.906094
218.553309
218.058200
218.509197
216.665404
220.774583
226.579364
211.149561
217.153897
225.839107
230.351634
228.764682
231.503271
197.977195
197.759037
197.036401
197.768956
198.483408
198.070415
197.852048
203.546600
203.288252
202.565459
221.092298
203.337387
204.016326
210.358407
210.696825
212.353618
221.049143
220.695653
199.248116
212.399167
211.976906
216.783691
211.923281
200.007782
229.290496
214.563432
214.287696
213.607507
203.261292
203.986258
204.048183
202.178566
202.180378
209.331236
210.419425
203.222906
202.961606
204.306742
212.396677
212.924625
228.551413
219.914041
214.222985
215.017436
204.571475
214.728453
213.319936
214.864951
204.356920
216.426468
207.951517
212.603310
200.103977
211.370773
202.974315
207.601152
204.470892
203.597073
220.416945
221.340815
222.135212
215.489275
216.392283
216.186798
218.064859
202.727539
202.388314
210.376743
213.762475
224.636174
209.506098
207.502426
214.763770
209.442029
214.550977
213.879594
215.594059
204.564298
216.832623
222.997773
209.879466
212.805744
216.556806
210.167019
222.691798
204.369762
207.068333
199.904645
211.179101
214.861725
193.678895
211.172357
193.771631
232.595942
231.478739
209.459705
227.157098
214.898752
209.542696
220.907344
218.605172
214.267153
210.410916
215.573032
214.850103
216.697652
218.892289
218.543089
212.136828
221.476725
203.606096
212.257210
211.828206
221.968524
219.662066
215.291496
214.554770
214.289578
207.971943
224.590042
213.089313
229.079633
214.672784
197.294230
197.201938
206.555673
216.683280
199.912679
199.153369
207.478640
216.074229
222.262528
204.433647
201.920682
201.240259
208.055205
207.342566
201.234325
207.366918
205.466694
204.753553
216.762124
200.114837
201.595839
222.995710
205.138922
206.619909
223.197449
209.495664
222.279155
208.498600
214.709043
216.007967
222.242833
205.355077
206.868351
222.450229
223.277894
226.713164
218.653651
218.656982
195.022037
190.831577
195.238248
208.085276
190.079464
201.892989
217.092456
198.727005
200.220623
210.183078
210.888410
226.259582
209.067614
210.525007
208.007070
207.998171
208.087510
218.371345
218.314150
191.706104
200.816079
209.916841
202.381720
214.321524
214.316771
202.324557
197.887611
195.930678
200.321417
206.261945
206.170108
208.772102
200.048011
211.883111
214.182312
202.171473
199.328687
200.070487
199.344917
204.537170
197.679296
203.143134
204.730773
206.916893
197.507513
204.594415
206.721335
204.656610
205.414349
195.135363
199.566576
208.023421
205.682719
210.574461
212.782868
199.928262
195.183741
204.288721
207.697934
190.752867
200.459243
202.251858
199.581559
206.263711
208.321424
218.556244
216.564693
206.623565
216.364812
216.466438
208.724137
206.466719
213.476751
207.189340
213.578387
207.532756
213.536892
213.607389
223.888853
223.895356
216.243306
211.680386
201.317668
216.046272
201.356872
194.455811
198.815648
216.088565
200.580177
211.023521
208.545800
220.486620
220.546170
208.550533
201.959219
201.045021
198.504330
199.218075
198.494039
204.690636
205.905560
206.994216
212.167300
216.848075
206.901065
210.759333
199.442124
209.933866
214.795438
226.096323
215.594557
209.190497
204.697502
208.441590
210.352641
194.012416
189.790443
194.232600
189.150757
196.564883
211.990539
212.028711
206.601967
205.725939
205.912802
200.509144
204.913342
221.535346
205.718269
207.510109
207.774733
209.055465
207.395556
207.457646
208.179542
201.117602
205.523485
205.353226
206.460711
208.459841
209.697111
208.037182
194.749668
201.014262
207.115002
206.373918
204.566279
200.380661
204.840821
204.643589
206.474890
200.184002
198.408071
194.849496
195.804472
208.710250
200.210712
204.695726
198.478803
194.129884
198.572265
209.882666
204.707787
205.288103
196.588901
194.406547
197.873228
197.772444
197.835247
206.533656
199.597295
200.159567
199.473659
213.062093
202.889660
207.109599
210.316854
212.242385
211.588719
201.494700
212.258633
209.283732
210.004840
212.053462
214.500463
216.863093
212.056472
216.864470
226.335146
226.897702
201.389252
227.032772
229.198259
236.116633
230.442028
214.912029
220.464427
224.339665
224.990568
229.882515
225.386786
227.687872
228.713077
222.571388
220.032659
220.374146
223.361465
243.581828
224.144959
229.418960
244.370442
232.488884
225.462403
226.197980
224.679362
234.479005
238.493165
224.808388
223.888837
225.694942
225.229656
223.847893
220.557569
221.071997
239.903686
224.941230
220.887272
217.411257
218.532401
215.161721
215.633258
234.436045
229.137357
219.833318
224.335115
224.421119
223.827715
244.400270
226.055559
227.725504
219.502479
227.688953
240.840678
217.542096
245.766519
240.658738
241.809454
231.591921
226.231195
228.278278
223.209395
223.989001
223.454716
239.478123
222.447580
227.822263
243.099742
237.242543
223.683457
229.061378
224.154811
229.388756
232.455437
238.513411
225.420960
226.124239
224.607266
234.406730
227.982531
223.269618
222.636180
243.206043
226.533971
224.351962
225.079423
226.068714
227.664001
241.858500
240.707314
226.248088
231.612225
223.186272
223.965914
223.503613
217.256483
216.863086
216.183979
228.883775
222.276033
218.460397
211.049654
219.120764
220.414715
227.517882
210.668232
217.914613
210.909500
209.204603
218.748456
225.911009
218.823953
227.443752
215.437696
201.936064
201.259256
205.014967
210.026445
208.208025
207.957286
202.954742
206.762817
217.045679
217.207971
222.030487
237.872602
224.449785
215.899656
218.037937
219.976949
214.362626
224.276124
232.029656
218.383249
225.722447
220.400760
209.305937
206.098190
211.162361
220.567471
219.362569
209.999301
204.961535
215.316960
224.123599
213.749448
221.056990
215.912585
213.654631
215.983222
231.469054
215.360192
217.648187
223.286128
219.105924
215.101787
217.898240
213.810166
203.254806
201.980688
211.435870
211.201853
216.602438
223.313005
206.713373
208.267607
219.161182
215.542098
215.233576
217.808299
213.667324
206.422031
218.930054
217.702360
213.740944
207.710982
221.048535
204.598181
214.669114
213.630111
215.368592
217.065023
214.401590
208.510184
213.358494
212.827555
210.093795
216.812894
224.636305
209.407039
220.517538
216.479105
210.166672
211.679563
214.064897
213.214967
213.999763
213.552044
213.738689
214.523515
214.074066
214.357483
218.274922
219.940986
223.313123
216.201191
226.579531
220.217328
217.833949
218.618409
218.168698
223.142309
218.765870
222.989832
234.171580
226.065123
217.606578
218.391838
217.862889
215.117184
213.749412
215.655084
220.157790
230.167116
219.211885
228.416418
213.550586
232.357803
222.000746
233.145593
223.061669
232.613511
219.692623
215.393156
222.723844
218.717176
218.922005
222.380288
220.461849
219.265796
218.339976
221.729269
223.748146
217.562671
217.665404
222.696634
221.668309
218.139759
221.597668
209.764248
213.062999
194.219832
220.461026
207.348515
195.292913
206.879332
209.732710
198.530054
198.497903
215.073238
203.870461
203.837975
210.677458
215.347921
226.544859
235.612253
232.120932
236.985123
238.028491
234.763260
236.953238
229.389438
233.492992
222.111044
221.520957
225.144963
218.836778
218.605209
223.264334
230.253025
212.050865
212.804722
211.701439
229.609172
216.290088
209.869375
209.945416
228.365279
230.957479
226.820435
219.983746
223.557837
223.027787
231.240829
231.988393
240.598114
240.194363
240.396247
240.119117
244.418776
238.521392
242.344331
236.845079
238.487750
240.042872
240.603286
242.278560
232.552629
232.710884
234.207655
228.656643
229.561727
226.352225
227.506460
227.485052
234.444409
229.767319
235.289616
230.712663
230.692047
225.982533
229.028094
224.642039
224.768988
221.361169
212.797443
206.524844
209.863851
209.828530
212.889056
209.380032
212.560261
207.020288
207.856612
210.637119
208.442094
210.458322
204.885169
202.989726
195.020042
196.779094
197.053426
195.195259
195.082191
195.918243
196.846929
198.604183
196.017447
196.266384
195.138571
195.974745
210.241446
220.680990
211.976063
210.885219
216.294144
214.610647
216.478046
208.282907
218.284301
215.031415
217.124567
210.101678
219.841931
224.988737
212.366164
215.080264
221.348605
222.246367
239.901445
212.353354
213.436057
197.266555
202.750758
214.144565
215.280913
199.835243
217.419489
226.860155
212.422199
198.083240
203.522445
223.446033
212.768664
220.639737
223.636493
222.624765
212.770876
219.942419
218.163492
219.899970
202.636953
208.087921
219.741080
215.257076
220.729826
205.308079
210.844611
220.595066
206.521544
206.493587
220.597773
219.124814
213.805206
213.607838
219.792581
203.639403
209.123374
217.839485
217.892999
219.123039
202.427385
207.847293
216.541869
213.436234
212.464620
214.679773
202.425549
219.748050
207.312916
206.540967
215.418993
226.047542
206.430496
205.518453
205.490369
206.580153
207.630221
211.999290
219.879260
202.603474
208.051664
211.965947
210.941269
210.969396
207.845792
212.033473
215.532504
222.546627
214.530665
211.597452
213.398383
204.202210
224.068459
201.197305
206.606700
215.126254
214.101023
222.998754
208.359640
226.686455
217.212384
213.303447
218.678139
215.148564
215.093049
223.390380
224.187488
223.664498
228.637501
224.317604
215.784309
208.130831
208.536481
226.018410
217.927125
202.502960
207.987370
220.197148
223.038502
212.053143
217.580391
201.428334
206.866192
227.867479
214.574680
221.285659
205.321001
212.893393
210.169119
218.512494
204.340449
209.397651
212.665826
209.244723
207.544012
219.346525
202.286505
207.335351
204.574664
213.541726
207.472586
213.389685
207.071359
206.660334
208.378230
217.037964
206.682486
200.256587
201.290266
203.135239
202.025736
211.591136
209.132344
215.592527
216.184132
206.621700
205.610348
194.048009
193.981693
205.543399
200.659899
197.255729
198.980296
192.435662
205.437658
196.020163
198.799235
210.927461
198.891290
200.774799
201.617351
200.381873
204.497667
206.241870
205.465998
207.744349
208.746622
202.173604
200.989290
206.537293
201.118556
210.619394
201.991889
217.987205
212.367034
220.402639
215.855331
214.283179
213.221822
218.687237
210.196305
210.761691
209.591491
206.364738
200.548828
202.321386
214.131732
202.777616
200.661931
198.856900
198.868354
203.828476
199.912874
212.460012
207.395084
208.154105
218.753391
212.017654
213.112888
202.843740
208.250824
213.473428
201.014943
215.827085
206.687531
210.969770
212.012419
206.708479
205.488013
229.105297
207.186232
212.444920
202.831883
203.122867
206.919927
218.669754
220.156067
216.292315
225.505605
215.202514
209.766355
221.088579
203.346880
210.417325
211.442204
203.190974
211.707518
200.874824
219.629903
207.128849
202.337653
207.638908
207.796712
201.330065
214.881467
201.006413
200.321333
201.375890
227.832669
198.641746
212.276023
197.638878
209.812474
206.518262
207.317033
218.931796
201.392348
203.989982
217.591425
202.986665
208.746322
206.738742
212.592220
203.134012
221.428623
204.634044
210.377194
201.296190
210.065962
199.487035
199.755558
206.369699
211.482463
203.087591
204.839789
202.346364
200.596426
207.401381
217.196675
204.990221
207.160835
195.927352
194.703911
218.195297
205.007738
207.010020
234.786208
211.519463
205.428896
206.423842
209.858231
217.346066
213.304042
212.418566
212.305325
210.478464
222.516514
213.813213
217.351800
211.978051
209.938843
220.665729
215.379987
207.334501
214.530946
211.279500
224.735673
220.612917
209.185484
215.641373
207.752459
211.445033
214.209798
203.338549
211.155121
216.707465
223.092967
222.216028
236.942783
205.549540
211.117877
204.353776
206.488063
202.460527
209.832718
210.170320
212.042155
212.842389
218.356639
219.470838
202.609743
200.658534
209.269094
211.401182
207.566789
211.525129
213.657860
220.404067
215.259271
204.788919
203.961921
202.769904
198.033210
202.670105
201.928416
204.696480
203.114623
221.677851
209.122697
209.882359
203.947199
215.888418
201.585452
196.936290
213.195264
201.249091
203.278176
207.983562
228.593619
227.345405
215.441754
225.963469
190.763160
195.937524
195.558769
201.110563
201.178126
209.972272
208.436248
201.468256
201.013313
207.922062
200.140513
200.840542
199.103458
194.689790
200.907171
199.229851
200.205300
194.753150
197.619988
208.867806
201.350092
195.894531
203.533741
202.424203
208.209063
207.780414
206.819776
207.165518
210.809771
210.774728
198.435050
206.519916
200.334555
194.035043
206.599127
205.291121
204.354159
207.306372
205.001093
205.441508
206.461196
207.560535
206.139286
206.394491
226.398754
225.505804
217.391052
216.534374
206.705758
218.021254
222.139114
221.229033
218.154931
226.735995
222.985895
227.096878
216.349705
220.063730
211.818750
221.052376
217.417428
218.456935
222.656103
218.745515
221.899508
224.392128
225.417824
209.582611
208.947278
216.638089
207.442398
207.821779
226.248878
196.292640
209.359017
197.050995
204.048091
213.204204
196.971760
212.460122
199.711851
201.592431
196.251258
212.658634
198.217805
203.387017
200.697645
200.738646
205.159397
200.696644
201.455473
201.376634
198.095950
200.056694
204.157515
202.615070
207.630253
212.018397
213.268373
198.878810
211.732633
215.031550
200.600804
205.771685
202.666943
216.023015
221.921197
222.041336
217.502230
223.741429
232.208930
213.278145
213.204454
213.307617
214.625238
217.513015
217.346231
219.501479
213.268474
211.631279
224.179385
230.962739
215.176925
226.748413
227.105177
205.019534
216.739908
223.068989
206.353679
208.677666
213.042699
214.675138
207.436400
228.687227
207.779352
214.671241
218.043065
214.650948
221.583364
230.761831
208.677318
213.993295
213.127688
210.468100
210.335514
209.431587
213.230744
228.726615
231.679518
235.140891
224.210507
211.792065
216.115216
220.234128
208.441542
205.719683
220.301260
218.324361
217.444361
219.163770
216.915600
221.213237
223.129086
235.076303
229.851797
218.499820
215.504022
215.592238
219.727334
207.406196
219.872056
208.110090
206.777751
210.568648
205.432027
202.458425
209.383949
199.079452
202.484847
206.877990
216.113717
219.457368
208.232462
219.912021
217.520010
206.701067
215.427038
213.507635
215.104433
228.765110
212.553147
211.668677
213.267497
227.170015
212.397186
208.383089
208.015199
225.883907
225.892634
211.228146
207.693876
209.138871
225.229887
202.220626
201.881366
200.496164
212.862969
220.906840
219.043918
226.493725
221.708254
211.716303
226.920778
227.963139
212.485124
224.342877
216.873883
227.437458
216.162656
220.457288
213.952641
216.083493
216.147314
213.767598
213.097859
213.084999
202.166968
208.871666
225.497473
208.806234
215.482307
213.008722
212.253773
196.908644
202.108377
201.909881
197.852421
202.861621
225.820779
216.460012
215.057752
220.651385
220.620689
216.386450
216.357177
235.184182
235.323564
214.976741
215.737963
216.982205
220.094422
223.053786
227.790737
228.055369
223.790568
217.649632
213.376508
221.372740
217.286987
228.512874
223.032301
217.611607
213.340117
219.266059
225.631519
220.333770
216.200673
227.757240
215.255574
211.016471
220.128321
203.012457
211.315592
206.018294
216.390395
203.028509
206.787232
209.506269
211.743249
210.733932
210.060874
216.382277
227.114152
204.926764
210.360853
208.808419
206.728802
205.584492
202.950151
211.077057
204.851929
208.784741
196.816083
212.746923
213.437537
206.104472
201.240725
206.213533
200.073923
198.791489
205.010227
220.798456
215.679758
209.513373
198.718865
202.705745
221.643863
199.588978
204.935745
208.911371
219.941409
223.979942
216.183761
221.561020
215.424862
220.801568
208.149606
201.043166
201.068359
209.232142
225.707443
209.273479
209.264516
213.600103
207.692079
209.629470
212.208319
207.527967
205.622989
208.930032
207.387432
206.480839
211.374754
202.099645
198.657814
200.196040
212.424613
202.129056
201.208050
208.158322
207.497158
198.456888
203.687772
203.434419
219.120424
219.925345
219.163347
206.119143
214.228964
196.186083
207.499148
196.945417
203.762908
196.411308
201.611256
201.413471
204.854298
197.316393
192.659681
203.701195
191.642686
195.359356
198.157366
193.532681
205.672630
192.514171
196.230765
218.219193
197.596902
204.738506
206.746720
219.267149
197.052788
202.893257
197.735588
193.732670
198.076086
195.444898
195.380427
206.521785
201.042418
212.716820
206.325215
208.037383
206.457771
206.351777
208.289397
199.194023
205.193117
199.223626
207.326344
200.302963
200.273495
207.366873
210.548827
213.338259
195.024561
196.205736
196.748514
199.600543
196.943347
191.780609
206.293207
198.021106
195.363959
194.420415
200.486637
191.005074
205.378584
197.245999
200.176639
214.217327
191.094985
194.493427
196.103843
195.840466
201.031841
191.822727
196.985382
195.208433
201.900817
202.874821
196.582814
202.453422
197.341609
198.102450
197.012144
201.676128
206.665500
209.201941
202.915486
201.178985
202.201495
214.955186
218.289028
218.660267
225.859492
202.090715
202.050539
216.239519
212.703923
200.496368
201.155796
206.447297
214.473235
208.986053
207.029823
206.084223
209.303455
207.617439
208.578962
221.775189
211.586538
193.790161
205.412123
219.706580
228.972766
212.604343
195.153550
194.858606
218.016764
226.827302
214.315955
215.010485
193.319167
194.059992
195.898378
199.021000
193.057281
194.091944
198.243584
198.590656
205.178450
188.893299
188.567625
189.626665
206.212828
190.724847
205.457516
189.966073
204.426648
189.208524
199.430287
206.787299
201.324752
216.737478
195.066872
210.489128
197.982494
209.468704
200.678946
198.798838
197.637818
197.707014
210.531345
209.484731
191.584115
209.460024
218.614790
224.470982
206.350784
200.339875
200.366386
200.543736
202.152517
195.180008
194.505207
195.970140
193.501759
210.661506
194.189978
203.667275
213.569486
212.348439
211.229928
211.252717
220.383287
224.490696
200.463268
207.407373
201.431956
202.142916
200.182791
195.024283
205.748302
200.339599
199.466174
208.890859
207.897018
210.244274
190.835512
198.841048
201.847903
196.317642
204.290224
205.653306
204.613365
210.512588
202.083404
207.469249
198.697632
209.436632
208.519392
210.949467
196.288811
200.909906
209.635916
194.091865
193.308370
201.235133
201.025252
194.892146
209.211172
218.591953
205.389079
205.419610
211.391182
211.588620
198.074984
197.347659
200.550215
200.991135
202.236778
202.831903
196.551653
202.423359
201.744157
202.480149
202.304079
216.225460
211.069229
213.663607
213.594684
205.589473
206.271188
206.509270
220.436159
192.742770
204.582914
203.631401
209.574819
209.698187
212.488910
218.644946
193.372740
214.244898
194.872294
195.566063
205.619792
205.442345
212.827840
205.519665
205.476458
199.449956
199.521459
200.160435
200.162181
215.316579
195.939329
196.633265
208.898882
199.660309
206.642931
206.668174
200.615029
201.371042
200.341539
200.313714
195.254983
193.623092
193.314677
200.348080
211.438902
213.231656
212.522325
197.796616
211.481031
188.497350
204.469710
211.057507
224.555313
207.093381
201.462280
205.469128
201.568663
201.338712
197.888678
202.635574
202.694981
201.013160
203.867396
201.093821
195.308318
200.395282
197.143938
190.978398
200.417229
198.549630
202.044184
211.361726
212.044319
211.407334
222.894683
222.747101
219.231379
219.275203
213.999237
211.117290
211.120340
217.489888
204.253449
203.781058
206.611393
202.972926
216.880365
209.270444
204.878704
215.110862
207.674990
204.200883
206.173437
207.214763
225.009605
206.457920
208.809099
215.746203
204.229144
224.313868
199.075629
200.235761
213.788439
217.952430
217.954216
213.737492
207.147791
212.184196
217.342355
197.084357
195.194724
195.111660
206.350082
189.008645
189.061409
196.990428
194.484360
194.305448
193.421921
218.566714
220.103608
224.270500
221.296018
216.221204
215.274109
210.011042
209.937609
202.589389
211.216675
212.944883
212.186318
213.941335
212.594526
220.542997
214.616623
213.635991
217.929228
208.595000
208.171064
219.927177
219.468249
216.068044
213.793615
220.461088
209.746064
207.505352
212.093861
219.429190
218.275493
215.157988
213.978888
219.351409
220.770411
218.492546
225.661063
226.601081
220.718209
224.897719
219.005488
231.785668
227.645899
217.346225
213.083040
214.115686
224.728063
220.734512
216.500377
216.503421
211.033525
211.033810
202.272022
214.111566
202.227202
202.693854
203.967415
220.721414
205.681658
221.998409
198.802132
202.270464
213.196831
214.268885
201.327376
234.004206
207.632125
203.999939
213.685546
215.354532
222.329075
212.574865
195.160882
200.695700
205.395014
193.544133
199.376396
197.938933
207.174411
217.006100
209.308940
214.763442
221.008386
217.490361
195.152431
201.331521
211.355618
206.431117
200.106858
195.863275
202.042692
213.091845
214.263174
213.583409
213.541528
226.812307
219.065582
201.538487
202.251428
217.875853
211.883839
210.940270
202.713176
208.943252
209.296098
221.095286
209.139709
210.885311
219.756064
201.323546
206.898119
201.159607
201.155846
216.781761
211.562173
198.949479
218.804162
200.300355
205.798095
200.377220
200.066629
216.763260
210.566906
200.127934
218.600259
218.635078
214.987451
209.690282
218.949787
212.695057
206.477575
202.108963
208.895758
210.176421
205.371800
198.460643
193.995990
204.258989
205.352299
207.530103
203.122523
209.986245
211.215516
210.503264
199.466415
201.182334
196.033908
239.737182
221.975618
215.370708
216.348999
232.240863
216.523125
216.060276
222.144834
214.391467
215.283988
217.181042
222.620262
216.598011
231.124188
217.851846
217.879789
206.436481
209.837716
201.877981
205.258627
210.467349
194.014498
208.626785
212.949465
203.336268
203.767687
201.033472
205.406054
211.573282
193.923932
193.292598
195.174306
217.681647
207.512326
222.133595
206.678327
206.472378
207.282436
206.541580
213.550685
198.573507
200.941102
190.667617
198.406200
201.765212
192.504134
203.172904
218.338046
203.175481
195.874823
199.170123
196.121549
189.924893
195.391552
209.176618
219.672140
202.910842
220.873027
228.413761
201.590607
208.143003
216.944740
194.385157
189.978455
200.998730
189.182044
205.288634
196.795100
195.062109
208.069819
199.560997
215.694034
199.488308
194.528760
211.271293
219.195231
200.958420
201.879123
195.161317
205.005364
199.310828
223.417572
214.247046
195.089950
199.221189
204.911115
198.283447
199.453685
195.087445
206.353069
194.976032
207.183546
210.547155
210.504799
206.369559
206.369090
199.415758
199.386958
195.018323
207.437133
210.409824
207.442964
206.500500
207.418357
205.389629
198.454843
194.063387
204.620290
211.644779
198.489268
208.278019
199.582416
218.975746
205.610625
198.539239
206.179662
200.573538
200.255224
195.141663
196.911520
214.600969
194.332700
204.905485
200.600476
210.355529
199.218516
205.466656
201.229963
200.860813
201.279822
212.092345
199.142762
201.226413
200.821131
221.456821
194.177343
210.473862
204.310496
196.166018
212.376248
207.189705
194.614514
195.847808
213.034707
206.871478
202.239385
196.829261
201.819337
203.846199
215.670668
205.441794
207.247634
209.845839
192.692911
200.588214
210.863994
206.410164
202.107894
202.069669
201.950054
220.094237
215.043434
216.011446
220.125177
220.432090
221.422737
219.315451
214.707746
209.214191
217.837764
217.736749
201.375331
196.970728
212.422507
212.507802
219.631446
215.661808
215.559718
215.542540
212.584133
200.448701
196.019586
210.419528
202.284431
207.684856
213.670682
211.542929
220.169966
220.117605
189.280182
200.614994
196.241656
195.219842
195.882678
205.329215
206.436308
196.189094
212.551013
194.191949
194.188555
206.334111
206.345431
214.260889
215.309708
230.862312
228.568474
213.825444
209.365111
214.052695
219.850244
227.680289
226.657075
220.203244
202.618197
202.244439
203.253531
207.522687
207.380854
202.445316
203.246806
201.506763
203.645133
204.380257
202.670302
203.682534
202.651724
206.262123
208.196262
211.040773
217.862657
219.106932
202.785830
213.076200
212.292850
212.391468
219.794726
206.259919
213.569752
206.072956
213.415928
212.129656
217.954707
222.953197
216.009561
215.414579
215.383528
205.616057
217.999550
210.519673
205.371116
209.849741
201.151155
211.437506
221.220172
226.990953
223.672924
207.986859
220.989693
222.657608
213.389664
213.532961
216.344453
216.955870
225.475117
215.207698
214.137393
225.833409
217.760346
211.880230
221.880318
217.805400
211.555551
220.886297
222.209238
209.844704
209.349709
211.000892
209.764567
211.591897
210.369736
214.767595
206.250141
218.888525
209.839946
206.484415
217.806259
217.788937
219.225433
215.702817
215.686900
219.226201
210.409479
228.241526
212.114768
211.547430
209.761171
231.478471
226.005665
223.273018
233.475376
223.253242
226.422802
216.949228
212.218248
214.018241
207.352621
209.777648
213.696019
215.768616
205.833059
223.016895
209.771468
227.067829
224.746885
213.071090
215.425228
214.851622
214.993061
216.759738
229.300162
225.473310
219.838600
214.523667
214.124454
209.438515
221.691056
219.317853
222.590370
225.037958
219.938557
211.056928
208.963993
207.854090
216.069851
213.722481
214.957346
223.273318
218.138061
217.222270
223.796743
222.896374
220.513271
220.112030
221.748223
232.265905
217.549376
217.153955
213.328429
218.784202
218.908270
216.366902
232.234177
218.164262
214.604556
208.210660
221.807590
210.820604
209.009767
222.435271
230.172389
237.620704
218.354647
222.661035
208.110620
208.145277
224.440972
205.886846
210.347337
205.765464
228.667735
219.680058
227.826339
218.025060
226.852036
226.619555
223.978359
239.699597
222.775687
224.412081
223.142516
229.721814
216.213280
216.992301
210.759390
218.617475
216.996109
220.088927
210.896945
217.430704
221.396815
216.256120
221.436900
226.229805
215.503594
216.254327
210.097689
216.433674
210.592552
236.642671
232.864076
227.554129
210.171032
216.918971
210.902426
226.767191
213.801671
214.505603
221.148032
217.645958
218.607387
216.413075
209.611567
210.899054
220.470918
222.047906
218.294402
232.892862
217.921939
214.052983
224.886208
213.582431
247.440343
224.800789
214.608547
222.793023
233.162638
214.609841
217.428698
217.115571
228.180527
208.911102
221.701372
232.869057
216.335741
212.837444
232.396430
213.250876
217.499256
227.466393
213.630701
228.525108
209.382168
209.762151
219.953488
221.707839
228.945857
219.164297
219.049593
211.691709
219.102545
202.422383
218.254184
206.783846
216.452313
217.482767
223.146003
227.989058
225.818873
216.641728
214.014782
206.406320
207.194870
217.431137
213.586236
219.144753
209.266737
220.148632
208.554323
216.237979
212.460843
211.988709
208.185748
219.058861
207.473424
216.298163
225.915411
209.562470
219.999542
210.107424
216.248242
224.183637
217.862153
215.117360
223.694738
221.559989
223.134428
214.824694
223.195062
213.306969
228.209516
213.121074
207.674650
212.290144
210.625693
202.771641
219.724932
204.641792
209.265624
214.851883
214.834698
203.410246
205.336124
209.840252
207.137899
213.506367
212.788087
211.637280
205.642492
214.838794
212.989900
205.836801
214.967480
213.107200
219.734325
208.102649
213.707354
213.838001
214.932948
209.474284
207.195380
207.797687
207.914861
204.360393
210.550317
206.123573
211.803767
208.391265
205.655752
214.841595
205.850073
214.970305
220.152370
231.364388
199.141112
205.379364
218.929980
207.573845
227.716464
215.064842
213.605177
213.574285
210.887772
210.484523
211.232981
210.515248
214.813665
212.862974
216.803054
211.214651
224.264055
215.593333
216.309842
215.516376
212.448241
210.139097
210.126515
232.944161
213.749261
204.294921
201.764088
225.811113
208.195479
202.531975
213.641745
213.536889
207.363605
211.205708
211.954043
211.237955
219.940582
206.903965
209.468001
208.686152
200.040192
202.490797
203.142557
204.269525
210.624109
212.611840
222.976516
210.841620
206.021558
221.564552
230.152097
211.336007
222.589930
212.761207
212.595500
223.449360
238.613760
231.098526
234.628017
234.536321
247.643263
222.487666
226.150569
227.239847
219.706302
225.543825
223.377715
231.831621
240.576617
241.546964
225.404965
232.213025
220.157131
222.558588
223.648683
235.876399
221.023871
232.065350
216.736618
213.884800
219.102161
235.782407
229.271033
226.814802
227.906252
225.236957
239.800324
223.957506
220.568388
228.293677
222.879739
224.869263
219.323423
221.000019
222.988360
224.080258
232.950228
232.855757
218.732026
218.092783
222.865704
218.092541
228.396021
218.536746
228.422853
225.280615
226.337890
223.197908
226.338202
256.904412
247.681031
240.619733
242.315177
241.911420
242.218853
231.248932
219.854168
214.556696
212.906422
219.126541
233.018200
231.289872
223.623488
212.756886
215.616689
223.651431
218.025737
218.809720
217.896192
228.983816
212.585125
229.235105
222.307018
230.342542
225.882246
227.120722
239.007663
232.450310
225.450395
223.563442
207.270938
223.953455
220.562908
230.902760
228.209999
225.825348
231.356667
214.954315
216.225147
218.365826
237.910850
222.697242
217.376159
209.937786
215.236646
216.016708
215.149791
226.180376
221.960070
214.455309
219.810131
215.173050
221.816305
216.505015
222.660487
209.116228
215.409685
215.193280
214.038838
220.931757
221.802204
219.890653
214.043102
229.786022
221.786977
216.472897
222.584314
209.110197
215.403563
215.187483
205.082188
202.369466
206.569178
202.050385
207.398312
203.339484
204.129274
212.157779
209.240050
203.328573
211.495052
208.439228
210.005954
201.883352
201.911775
214.309354
207.593064
209.328050
211.228173
196.017754
201.393001
226.323646
213.168642
216.790508
203.250945
202.279194
206.985105
207.949040
209.577125
218.317005
215.460272
207.386006
208.098778
206.354919
211.986579
203.406098
224.330796
215.185805
220.328173
215.737448
212.785423
213.429115
216.628045
218.357366
211.768028
216.710039
214.355969
224.140384
209.030413
205.832279
222.531753
223.404045
211.284976
213.953734
225.881959
206.631951
214.515177
208.307221
212.705859
207.508904
206.963879
221.783633
206.294265
205.354635
214.475463
207.683034
212.153000
215.697584
209.887131
216.780689
222.130574
220.914350
221.638753
214.048165
230.275493
212.819447
211.763783
217.178269
214.905033
216.071665
209.955733
223.543361
207.178802
212.563710
207.252271
202.897308
209.067570
207.223622
211.294915
206.849033
207.624441
206.614193
207.305799
193.847378
196.898534
197.711245
197.604317
212.319890
196.527437
212.279653
196.396913
226.200056
208.248327
207.533469
206.519817
212.921082
212.885983
213.055826
197.471865
193.556463
196.609398
197.423905
201.425331
196.648291
212.961021
196.517643
201.728192
201.728495
201.404961
199.530737
211.427816
202.377212
201.449971
203.555453
210.398851
209.423301
207.745023
201.801617
201.569149
210.597518
203.398899
201.644964
195.129368
207.064716
201.960413
213.016039
208.449050
209.052355
217.682098
203.281354
208.527535
214.097868
213.097158
213.840810
206.473825
206.861967
206.725943
201.309425
209.516192
200.909448
204.780984
197.992858
201.800721
200.253001
203.619571
199.564577
204.646257
204.123340
198.695884
199.284800
200.144352
204.180243
207.458191
208.595461
212.192924
216.768074
202.361638
211.400510
208.007882
206.511010
206.195863
206.464956
208.172201
213.882139
197.681382
205.399329
205.343950
204.431611
200.044561
212.395030
203.453160
198.366390
214.917219
210.615218
196.738447
213.321831
218.750094
204.501676
202.874698
208.799502
210.987223
202.159276
204.397674
200.011859
213.138440
201.826609
207.206117
199.611879
200.403989
208.440628
206.775439
201.185175
196.098083
212.544570
213.049382
213.522617
211.401579
212.082831
210.464791
202.339678
209.821491
206.589513
207.310280
212.677423
210.871512
214.343461
213.342305
211.662365
205.200553
204.134960
211.044370
211.420874
209.743255
204.134016
204.134478
209.231694
198.627946
196.967466
199.561610
194.498882
198.588241
193.336325
195.806056
195.305872
194.148743
199.526459
200.536141
205.861748
199.734201
210.757032
200.374789
199.606131
198.641630
210.760478
199.309007
200.336615
199.622805
200.338039
201.405880
202.121880
205.207090
195.932240
206.305143
211.481735
195.175137
198.730557
194.088226
200.602336
203.969482
213.297705
200.393609
202.177687
210.790642
199.700577
200.349414
210.700198
198.601377
199.637908
199.269862
207.765622
206.887925
200.292475
201.413879
202.148529
199.551516
203.853011
199.526537
199.654757
204.852780
201.328017
218.093872
217.950214
203.130502
199.600729
202.207647
199.351990
216.389529
198.605845
199.786938
202.141841
199.514807
216.929961
201.285457
201.106898
202.979006
203.988879
197.499370
213.251546
206.214023
206.175333
208.100115
209.095790
214.725083
200.303981
204.592156
202.933780
202.063664
200.448649
216.925001
201.434018
203.313328
200.449206
202.238981
195.165230
212.525319
194.072362
202.722776
201.064343
199.405671
199.261022
215.892249
200.616317
201.526934
200.297911
198.713392
206.153180
206.144463
203.658795
203.596381
205.578160
201.191900
205.445675
205.398323
214.260702
205.407033
205.389708
224.061049
206.887324
207.478359
217.671537
207.937983
212.017338
207.435388
202.312048
208.525714
215.384937
210.347065
201.399304
202.113984
201.935592
209.128061
203.628646
202.089809
208.447137
214.087483
214.664456
210.203083
204.776212
200.378954
201.061282
199.908121
207.978133
200.923770
216.662281
214.070085
208.619821
212.109522
207.529303
208.529407
203.385189
212.482500
209.045150
206.853321
205.830056
206.519989
208.386557
211.155697
201.085363
213.287876
215.419734
202.584801
201.770408
197.056297
202.404673
203.194428
195.327142
200.640640
201.428944
200.952566
199.158012
199.626796
194.146344
206.973351
200.206877
201.218832
200.443597
214.521511
208.884033
209.880116
212.456510
213.655957
217.962434
217.931274
205.411479
226.840277
233.012489
211.530724
222.597593
220.365654
227.095925
230.136762
219.611887
222.485802
223.279500
213.324512
227.550286
224.125520
218.405243
217.316602
222.059365
223.075008
217.689041
226.890028
228.779322
226.547339
226.658041
222.396066
226.449249
219.637390
222.658058
215.304415
208.969601
214.435382
209.011307
215.271497
215.250436
219.647364
218.698633
213.530122
209.496336
220.510272
209.498927
215.735997
219.250382
211.077547
205.695237
213.234031
211.733473
214.843427
207.376331
219.898344
213.902845
217.248879
213.527612
213.549685
211.830143
206.259612
211.820213
219.041601
213.174319
207.363668
210.080577
212.882893
211.873181
206.252534
211.879135
209.846213
225.010881
219.480245
215.714077
216.052150
216.875119
221.304978
204.607605
204.649744
208.850260
207.062448
223.971036
209.520317
209.488057
215.723658
219.856152
210.915062
218.068372
212.447770
210.888935
215.409474
220.213545
223.634291
221.378815
227.193150
212.390432
221.962821
227.604548
239.648477
224.009054
218.285382
217.196451
221.990904
222.957093
213.520817
218.017804
205.269523
197.635436
203.938702
196.273470
214.692445
214.692072
220.566099
206.266585
216.897891
208.402535
202.456711
221.214161
219.471344
204.000691
203.628355
193.938543
193.932195
194.351481
199.151163
199.908250
230.927009
231.957101
214.307742
212.554512
201.814462
224.369950
208.904087
207.424106
215.238435
203.595060
210.892178
224.792493
208.189726
201.885906
208.827886
213.510297
201.550707
203.164677
204.143219
199.058342
193.135139
199.257075
193.187127
194.162103
193.955047
194.880478
204.453967
202.580075
199.373506
200.182985
194.099187
200.217046
206.147536
195.887091
201.300392
204.046867
192.541590
196.858332
199.062846
202.265518
206.106698
199.426450
194.997174
196.879479
200.044526
208.163786
202.241106
194.251029
205.397169
194.322332
189.143857
209.242887
209.242590
204.379640
201.244964
204.109164
204.929627
213.471821
203.093301
203.153293
202.072042
199.481197
200.738042
193.160770
199.247442
198.768196
197.913529
202.440044
204.511661
195.994218
208.137947
206.609228
210.318220
203.807463
204.639589
199.454754
200.012444
200.988585
202.062065
203.641682
193.168229
198.060031
199.254555
201.006526
194.181781
206.289730
200.257044
200.266533
198.007080
199.386680
198.895377
203.631350
204.623969
201.105839
204.763409
194.278614
200.345608
204.923390
200.379098
200.537398
201.714703
209.030418
207.064531
211.219373
207.134400
207.206520
199.829977
200.816668
204.842736
208.526009
204.817600
210.689998
204.792843
202.092814
205.420197
198.487372
196.611111
203.011680
197.756356
196.673503
208.736852
199.413059
209.125777
210.890575
199.488660
200.500933
209.111054
202.249676
199.120731
200.438983
199.957339
199.099272
205.921518
196.968991
202.885743
195.956066
207.386585
206.587150
206.599296
214.074581
204.701378
206.619133
208.234903
205.874578
216.208529
204.727152
204.359100
206.995191
206.418569
203.890699
206.596737
205.743937
212.457312
202.676643
213.225423
205.371107
204.649649
208.563653
197.649401
197.765018
212.425741
205.500130
205.386727
218.740034
218.697667
214.762151
214.837964
211.092285
213.288572
214.874035
213.842486
219.359921
212.864202
205.519606
206.243133
206.550458
193.978319
211.274791
211.326792
193.950883
210.549081
210.636473
193.323071
193.295900
192.801795
206.689750
207.770031
207.457900
230.196433
222.667491
225.294203
218.983085
230.372683
223.473110
217.846875
230.246686
219.846533
210.246492
214.839212
217.565130
217.459832
222.938497
222.833555
200.531455
197.068242
214.353975
205.999541
201.491806
215.274566
218.825352
206.838726
221.304888
202.996568
225.616093
207.228453
209.749372
215.741678
220.213616
225.635814
224.562451
207.690466
227.812049
202.447187
207.358318
211.632723
207.102529
226.072033
203.527444
204.434925
222.640111
222.561567
226.743905
212.443138
202.507206
202.042261
206.839549
212.392335
196.933003
202.112198
201.875611
201.296523
208.148234
219.325978
203.165606
214.376260
207.548358
227.789876
219.732919
212.648525
208.281259
215.219515
201.444009
212.337921
205.849267
217.553930
223.728493
207.593783
206.400622
207.318212
211.969598
217.681137
217.775526
200.436890
200.408827
200.408787
200.381140
209.216103
215.495299
206.779669
198.065248
192.487538
207.051580
208.737417
226.480931
207.243211
212.766579
203.856232
208.165327
228.267908
219.730187
219.699032
215.427183
218.154604
205.071199
196.281782
190.754808
217.223445
215.277387
195.397707
197.643201
202.138833
205.137923
198.079650
191.868373
201.322900
222.682416
201.252263
205.344574
199.075400
197.203633
192.812271
203.360026
203.302122
203.508558
201.768358
196.200275
206.835755
193.589981
219.639498
199.852467
203.084471
196.233498
194.540051
197.944484
209.846869
204.801573
208.232979
212.493169
204.756848
206.810774
203.166453
205.611445
210.211966
211.103499
204.879535
210.508178
213.416932
212.466613
210.202780
212.087032
205.951725
213.926076
213.211354
206.161087
204.688569
212.109758
194.888041
217.620154
205.356657
206.453325
204.675807
203.307423
217.584910
203.298667
210.339654
210.341274
199.226507
198.682817
198.690437
204.600879
204.524125
199.171341
206.359736
206.315814
225.719186
214.002096
194.414852
204.441397
194.331988
205.695401
214.591514
215.618376
204.618175
205.535391
223.563951
230.220435
215.593474
213.826766
216.319935
226.114029
215.373912
206.265529
215.257295
200.924993
188.842404
197.602366
209.596391
193.232323
201.818599
210.702748
193.367811
201.037404
188.976482
196.722625
213.548033
206.325752
199.872524
189.749653
196.625772
214.336809
199.279924
199.925937
200.268515
200.233798
189.938879
197.915111
198.526386
198.875261
194.178370
210.809472
194.366897
201.953663
210.801035
195.168664
216.590966
207.423065
207.307413
201.442798
201.515342
201.012579
190.739235
197.702259
207.211451
214.970816
205.712091
224.976591
208.268748
208.689184
206.969104
209.219874
223.053747
211.036041
215.578659
208.352688
207.469309
213.631125
226.147496
217.668724
206.518125
215.141145
207.509656
225.005492
214.704662
209.387286
218.455654
211.049563
224.827429
212.772827
209.351612
215.388912
220.012230
203.156429
223.682229
216.207308
210.127365
220.533766
217.498756
209.310017
213.661332
212.753072
215.877596
204.381641
205.364148
213.708305
208.600128
214.527591
210.380748
208.571730
207.667608
212.271507
212.995863
210.973006
208.723951
214.305625
213.268059
218.848637
204.943842
211.587085
224.408175
207.552132
217.003691
208.158429
214.941893
211.318852
221.589140
215.925486
200.702276
201.435170
203.861836
202.167592
200.312623
199.788281
205.227679
201.563849
216.813125
201.360779
201.426650
205.571374
203.952859
203.274808
197.800812
208.847884
204.843857
195.922371
197.761539
196.741862
208.804227
203.710957
203.684993
197.750605
199.492945
204.774734
198.470140
198.540021
210.363559
219.408978
215.126271
215.129010
207.609891
208.934804
212.121544
221.303997
208.376104
205.871872
205.903858
210.672776
200.226765
216.856849
200.113211
201.957069
199.237965
210.260509
199.265320
202.891368
200.192869
200.090686
201.860409
199.246420
204.630732
199.163879
194.192468
205.574644
199.490960
211.318916
200.457048
215.972291
200.300254
196.967235
196.005941
200.657153
201.587937
206.307945
212.063217
204.320534
204.599721
199.097419
200.183301
199.981123
200.987493
200.238360
194.200101
199.536474
199.944555
200.963333
200.262347
207.817488
208.200686
207.843716
204.441332
206.158146
208.178453
208.824735
193.099182
198.464501
217.805845
199.100879
200.171522
199.455227
196.948425
194.083148
199.453142
224.606040
219.396808
208.935515
202.005043
211.261779
207.317893
207.891292
206.376611
208.523603
211.360381
217.772349
201.286587
212.421620
195.943276
201.031772
206.462517
208.624099
207.966651
201.911215
202.740487
215.225475
228.722314
202.858423
205.349811
206.657477
207.647949
214.170406
210.710507
219.343857
203.147767
193.016496
213.206220
204.037388
211.527542
213.654490
213.959701
207.390930
206.669974
212.612433
206.402988
206.415042
210.902186
202.400479
202.151060
212.942508
206.906029
206.561342
205.838939
218.808094
218.762528
201.416809
200.218110
210.595889
199.359391
200.171127
199.431013
201.110860
197.639691
226.017851
211.689452
209.939968
204.319464
204.319525
204.791010
204.793160
208.445446
209.368282
209.303242
214.467737
215.657582
210.046157
201.173221
202.248675
201.425393
197.018022
196.058444
199.773369
201.676609
199.720003
200.445593
213.675905
218.843719
201.866197
201.294662
199.271688
199.953488
196.951645
199.394640
198.448038
203.536443
214.815723
207.312060
196.777473
213.255698
210.689821
206.770968
208.411462
226.070859
200.915931
204.561645
202.840399
208.851725
210.959944
201.459970
200.926499
202.253412
195.158023
197.855763
198.424542
200.347422
205.450347
199.516792
205.620850
204.718739
207.245974
202.873410
204.772639
205.832166
203.216547
203.743426
202.969381
205.395125
199.282195
199.964379
199.355608
196.140602
201.228767
212.509312
217.194246
198.768471
210.990053
204.673513
204.602451
198.694088
201.004872
217.994510
200.489673
201.377423
211.736679
201.395554
201.256213
202.151309
199.605299
200.885335
199.921317
204.708539
223.074975
204.926094
204.492253
205.734664
209.163999
215.847975
207.482085
206.695716
201.304654
202.070893
202.045455
206.665206
206.689166
204.285997
206.239883
199.956954
213.504806
205.939672
199.695424
207.388504
214.022048
208.490356
212.176724
208.468224
213.198933
209.814868
219.532295
203.301184
208.203638
209.233285
213.874384
212.221310
206.239270
213.259795
207.225978
207.376407
211.912996
206.240998
217.647689
217.696154
207.228014
212.737837
209.211814
206.696871
211.764681
215.139698
207.365749
217.326635
218.448372
221.628582
203.290499
200.780043
210.067258
201.414954
200.388744
201.255320
200.191245
200.170814
205.192883
198.948766
198.880251
198.291816
200.685635
194.483168
199.285697
204.760206
205.654172
205.806116
202.613118
196.370016
206.704625
204.786710
204.762488
206.836805
199.181344
204.097053
208.252176
219.230335
219.198180
210.055667
203.896054
208.099824
207.134354
214.688653
207.689427
218.669133
218.646001
209.462318
203.262548
207.574312
206.607073
203.242921
197.068626
199.876006
215.760681
206.857260
206.605563
205.883174
207.824378
208.813821
207.330645
217.985972
211.057352
222.709621
223.789651
220.331206
219.085122
214.721236
207.902807
209.707629
203.427098
208.533014
217.871206
226.957677
209.266332
220.362864
220.275921
211.072071
204.871851
209.204153
220.354892
214.740451
208.182106
204.280007
198.066738
211.647476
203.978989
197.804412
216.692828
205.972999
216.666066
200.478231
222.277889
223.373590
216.764530
217.790146
204.815833
201.530264
205.967407
207.709134
223.125527
224.220169
212.674561
215.011205
198.755128
200.421490
199.434992
209.114082
194.451740
195.174091
205.473154
205.521788
207.057696
199.441508
199.545176
198.377829
198.410032
203.523945
203.533387
208.108700
200.734778
199.523541
210.412286
210.452810
211.169988
194.030412
204.312675
195.015476
203.250772
195.766507
193.954672
194.037492
209.850079
204.291509
191.748040
203.229146
193.355952
204.636678
191.716936
192.523940
192.432910
194.369008
202.575574
196.063821
193.279765
194.156773
199.003694
195.106789
192.527831
195.323473
192.474525
191.667956
198.839510
195.022176
195.772475
192.712344
193.961420
192.235997
186.375483
187.972236
194.020092
193.018098
194.669820
187.906878
193.954675
193.044509
194.696838
206.277986
194.198885
193.251938
193.895399
191.704487
193.186149
193.922088
203.534968
204.554253
212.405237
192.378288
192.288755
186.588367
193.408059
212.470812
209.487271
193.963177
193.917069
210.498635
210.678390
209.605478
210.679178
198.469220
197.777284
198.425917
197.726093
199.644402
192.619107
197.706324
215.018900
216.082899
199.397079
199.354380
193.981552
193.909659
188.745218
194.007509
194.857795
189.734485
193.045318
194.760473
189.002853
195.113980
197.438682
197.682791
193.109777
194.825545
206.337718
193.528809
194.294412
195.039866
193.912137
194.307674
193.976882
202.606246
204.607416
195.845674
212.528305
195.756134
195.848748
195.689313
202.177799
203.741100
213.904153
213.476569
197.677380
213.264169
201.480081
196.980242
215.555679
199.240904
216.592372
225.370954
216.522525
216.597198
211.276002
198.523580
195.031943
200.526519
212.265196
194.966899
208.174692
200.461736
206.646347
211.344400
196.146536
202.325406
209.827002
199.340377
197.953438
200.561929
199.381833
206.129369
228.968559
218.637154
213.384803
214.072608
213.275130
212.407840
196.119375
202.298380
216.787767
216.753154
209.851329
200.506736
198.972161
200.524035
208.776380
208.458081
218.724881
203.982933
211.144705
202.947338
202.232488
204.575486
229.171901
213.539294
215.243007
214.487130
215.114428
212.581527
198.815779
213.559094
214.470046
203.310789
198.144087
216.835912
205.609690
200.442755
230.003198
213.721127
222.055189
224.185102
212.775463
222.085438
213.756464
211.264049
214.921651
214.805302
215.466557
215.501131
212.776932
224.178412
212.361773
207.432832
209.562826
199.870812
200.625291
199.615553
210.957575
199.645199
200.690996
200.793279
210.017136
202.555190
216.509677
199.584538
197.918517
216.102901
204.935862
210.712069
199.369335
204.947257
209.761519
205.921787
199.379631
205.006851
216.217410
198.772365
198.859905
199.518300
210.867020
200.576933
200.668520
209.926529
202.366981
199.488973
199.875753
211.727822
200.437755
215.307234
210.779278
200.373812
198.945131
193.968872
216.696460
193.939512
210.826804
214.635775
213.535181
210.690059
211.779967
215.686102
209.523172
193.922938
193.950371
218.427664
216.384313
214.256770
195.731763
195.640895
195.824565
210.632747
212.575781
196.610924
196.612868
195.939842
206.572182
205.922095
221.282204
205.830713
219.196063
225.260653
216.479167
225.411418
216.591947
208.858263
208.767966
201.374456
195.843128
207.656459
219.384869
217.456988
217.638923
210.551366
210.428374
213.252952
209.308988
209.880449
210.436572
208.164736
198.768206
211.832220
201.956902
206.332093
207.299504
205.475366
205.486407
211.058274
212.159148
201.131290
199.274868
201.424943
199.578810
195.260178
207.038924
218.730022
200.338122
202.406542
200.534799
196.189785
206.242921
206.757120
205.126059
199.604253
204.434417
215.072238
196.945772
207.711323
219.463382
203.161885
218.036864
207.399286
201.253929
209.148110
209.075344
216.188674
211.852648
211.040936
209.910574
203.736684
204.032530
203.558590
204.724435
212.379597
211.428120
206.484088
205.698263
200.352419
210.464616
201.126795
201.103205
204.786738
205.782513
214.130109
213.103390
228.035515
215.948105
217.458338
226.417511
217.597349
210.676588
209.907582
218.392992
218.601168
212.326539
211.524826
208.022642
207.258340
209.071757
206.568932
207.185414
208.313747
209.962194
211.609228
207.324747
203.416453
200.892262
202.647589
211.300533
213.045587
200.471722
199.433048
211.222080
215.415884
210.196209
215.863705
215.860890
216.651511
195.195434
195.850994
196.678578
195.072718
196.577442
197.437163
187.389502
221.823255
215.294516
203.410950
202.491807
230.932895
213.611709
202.251959
201.848808
213.144266
200.725299
200.565732
201.932188
201.643872
201.682291
202.324918
221.052118
204.310242
198.067191
211.682223
203.331391
197.127036
205.717106
205.682287
205.784305
205.330483
204.989139
223.665888
203.526499
209.623951
228.745196
215.178450
215.490101
204.333421
208.522342
212.767973
211.817571
209.695393
209.071537
201.592390
210.773240
207.033411
226.933501
224.751406
208.505400
217.036955
209.707209
209.054242
201.582203
210.755669
205.573160
216.746637
210.499943
209.834157
212.222498
207.339619
210.439301
212.556147
219.921011
212.359713
202.721226
206.738869
214.084283
207.026093
215.251167
204.926118
202.616154
203.323732
201.728781
201.447613
220.467064
220.371381
207.872356
215.312144
208.224583
214.666218
208.978072
215.418866
197.895758
206.873428
198.961975
203.954185
205.400134
207.755572
202.340429
205.992685
204.152992
212.967915
206.838917
207.272738
206.601464
206.796333
206.190487
207.865752
208.926715
210.116973
204.099534
208.863028
205.209357
209.136444
202.973907
213.340458
213.345004
206.621949
207.364719
204.796454
203.813228
211.937354
207.741945
208.485366
208.636819
210.276957
221.046783
211.084648
210.318783
207.623931
210.875249
209.679593
209.436074
212.575555
226.837681
209.438033
211.251045
213.131789
210.913309
211.388051
215.453775
208.663483
216.434662
215.823626
210.466484
206.159988
207.906177
210.831662
225.834244
218.099985
206.646110
205.424866
204.009886
204.625288
197.826273
203.685448
204.078867
206.398723
197.938869
204.781476
205.722767
204.273633
203.893022
198.057839
202.954893
204.345885
205.669101
198.173705
204.053567
218.602556
203.363486
208.195924
208.171428
205.837848
205.792693
209.127966
204.137299
204.206595
207.408743
202.428889
209.451056
209.328425
206.181183
211.669748
214.646748
210.133008
222.778540
206.642789
211.262312
214.330129
198.566696
199.014205
203.346944
198.759166
205.156825
205.273857
202.340781
201.254100
206.025873
201.598140
203.121709
211.100703
202.223884
201.236598
202.033391
205.839050
205.720328
208.728730
206.993845
203.516694
201.254292
200.244583
207.790640
205.731491
203.114389
206.438729
207.611917
207.630309
203.521405
202.607642
204.257242
212.126597
201.615899
202.302829
204.059129
203.848589
199.824625
202.383873
203.142934
208.759375
205.324887
203.733746
202.998388
207.462004
210.201987
203.057750
209.207274
206.538925
205.386001
196.317826
201.881781
202.741762
202.482084
200.704455
196.063217
202.588668
202.195290
195.303124
201.836588
202.696754
201.435590
212.438599
203.603082
209.784700
209.002286
208.549210
209.276377
204.294987
208.513288
210.443850
209.665066
203.450353
202.399889
211.793802
201.608649
211.969452
201.104490
202.868241
204.684119
214.206067
208.590897
204.774190
199.651534
207.684151
203.602158
204.038208
204.759654
216.272598
209.677493
212.894988
205.768130
206.820718
208.522229
208.767611
215.818212
203.016455
208.049523
203.653023
205.995575
207.827242
203.226959
209.129506
204.267678
210.035208
205.361793
205.854510
206.534923
206.767962
208.163177
206.908208
215.188093
208.990358
212.300025
201.237200
199.667825
207.003124
202.956416
205.349936
201.635518
201.711136
214.240429
188.738265
194.825338
187.915578
194.001249
214.686291
207.692782
203.520979
200.303363
213.160306
206.295755
211.343335
206.434888
211.753956
204.616351
199.191034
213.095238
206.228877
204.638252
194.055207
193.231394
204.497516
204.398602
210.630538
210.587264
209.836434
210.878132
200.791110
202.596749
198.518037
199.200289
199.193586
193.416020
198.747940
199.554318
211.650765
204.802600
205.732916
201.706874
214.793928
208.090543
207.844247
219.854819
217.162671
218.705240
208.306590
211.245670
210.070187
211.029887
209.996123
218.159560
212.000641
219.773516
219.804923
209.782176
206.124200
200.659918
217.099721
210.758711
220.837177
206.166322
210.920929
204.739265
204.261036
198.800432
204.316117
215.620861
220.416744
215.682308
221.776472
219.673817
210.165199
220.312534
219.836629
220.931890
217.939779
236.697659
215.629336
208.619964
222.442026
208.607234
221.534368
208.942900
211.664739
199.515056
210.697170
220.448250
213.981919
205.115822
205.335003
212.952791
212.841559
201.310272
203.030230
213.764603
212.649736
207.801090
204.898081
203.969270
203.923764
207.078466
203.424492
202.365190
207.428489
208.410649
207.191878
199.360616
211.897524
204.796915
201.143420
200.111269
205.130436
211.845961
210.729372
206.102144
204.844215
204.694768
206.990339
207.015935
205.932266
192.680394
205.904827
206.274378
205.906904
202.224637
201.198265
211.810997
212.883430
205.983784
206.812373
202.193774
204.021711
208.515242
201.169240
205.918440
210.716885
207.197946
198.801993
198.909013
210.639361
198.507079
198.463106
208.932518
204.815474
203.422895
200.751992
197.188369
208.642130
208.598833
222.566425
221.390742
208.909957
213.708396
205.841712
213.678304
221.276324
212.671958
208.166829
208.094928
207.107796
206.982869
208.062429
214.683995
207.435039
207.350588
209.419073
202.136319
200.388190
203.856451
202.107670
203.970741
203.927116
221.925055
213.051648
209.395749
203.838582
213.980120
218.973759
209.252589
213.382357
211.813811
213.466880
205.695874
204.325353
204.977303
210.770325
204.705063
213.593490
212.332173
209.663885
204.981919
199.516952
208.692032
205.034550
205.548426
208.780480
204.525104
210.811747
215.409069
211.023197
209.975057
209.973801
210.945938
213.285132
202.457333
213.351313
202.455730
214.421987
208.431907
206.439635
193.497943
202.363721
192.483086
199.732968
198.674378
208.071198
206.689036
207.451292
209.027785
202.898619
208.778534
205.690215
206.700040
207.438602
209.048992
205.711919
210.306926
207.233211
197.062298
208.781607
196.005240
206.212741
210.010700
207.364889
200.463784
207.986158
206.929891
209.645406
216.311933
211.696172
217.107724
216.713095
210.565557
215.349901
218.295172
215.259646
201.421288
214.222813
206.978523
215.071267
208.414204
206.701852
207.425526
196.803370
205.715331
195.788916
208.887789
218.762341
211.035842
212.275150
212.982665
205.522865
199.393686
206.249670
205.164385
211.010762
207.857245
205.951324
205.889059
202.361106
204.803199
201.302921
205.558866
207.277542
200.569144
205.511075
214.101300
204.879825
204.890625
206.084770
209.734962
209.245395
205.326266
204.798163
207.140614
225.207099
230.623258
223.388385
208.810868
225.072578
231.249878
228.028184
217.191600
228.349364
210.924595
206.526641
223.842355
229.950505
228.573783
226.113776
225.487637
229.873476
228.395046
223.858102
232.582731
230.118402
225.309255
232.595666
217.271857
234.654350
218.855972
217.544007
222.094945
225.121143
226.839578
228.545963
229.593935
225.081979
218.331895
233.517160
219.915983
218.603171
223.178642
225.923939
218.068471
219.745863
218.431511
222.723500
222.962249
216.467642
215.232735
217.664264
225.354954
220.771603
221.208234
225.367887
240.538913
233.853919
229.904213
222.894563
228.262544
228.180573
223.145320
225.931068
194.859506
194.151431
206.027001
208.224455
206.716247
207.847500
220.482316
216.351251
208.231799
206.854183
198.653789
203.099597
223.560066
222.510230
217.382186
220.506313
212.300397
216.769913
210.991080
207.720212
207.425528
221.230308
235.910709
231.905260
223.593457
221.008742
213.381308
215.108428
217.669787
213.595104
216.596686
229.430296
227.993305
231.782783
221.810514
216.452594
217.024643
228.070324
227.345470
226.207414
221.469870
214.964098
229.756516
219.408603
212.615215
207.827646
202.009408
206.488440
207.494644
212.685672
213.323964
213.278927
229.967712
212.636676
218.339179
218.667030
204.629795
224.091882
209.935620
211.785467
214.363561
206.739053
206.421445
226.998815
229.275452
229.434876
210.629133
221.727519
219.932916
218.102605
225.517462
228.160206
217.956031
208.328857
224.013386
209.209203
220.287436
219.598023
210.764402
221.874518
224.863133
223.295471
212.665411
213.756353
214.469067
210.518529
206.203760
207.876880
233.877012
219.695926
221.432617
225.621132
208.246190
225.803386
210.349549
209.991095
222.491265
225.842269
209.585369
222.041860
221.996993
221.522363
220.729780
220.728407
242.426399
208.485052
216.592968
207.653927
215.757593
215.606357
224.648426
215.682386
230.244963
222.137180
215.802706
210.297825
211.663924
214.683155
215.200921
210.500890
212.533725
207.601491
208.467191
202.065606
203.027479
217.934255
207.422140
202.005099
202.035415
229.960672
213.217214
236.485558
203.932810
201.442715
202.126152
201.405679
200.284021
222.588499
204.920190
204.922127
192.737120
197.097140
213.753035
221.005021
219.522423
216.552794
222.345686
218.129867
223.171503
236.302049
201.822940
207.319122
212.636378
214.473363
213.548436
212.804414
198.809935
209.066338
199.891978
210.879076
211.008969
215.710102
201.110637
216.369997
218.173034
205.891409
202.235567
208.448793
206.639016
206.608991
216.846355
224.695027
204.674823
216.377367
210.899656
217.124619
206.435626
220.507178
222.670032
228.351590
226.268688
221.675317
217.211760
218.410897
207.119938
214.992778
231.285412
228.879794
217.962195
218.787310
216.835174
217.648942
231.393205
211.476840
232.094903
212.504982
213.598425
203.000680
202.214590
215.382903
219.643136
215.053862
223.750449
223.666614
196.141357
218.197597
211.899745
215.532472
236.305243
237.921737
223.800153
216.042267
230.135674
213.429327
223.360217
218.866588
228.597640
216.812201
222.514179
217.659035
218.743862
223.615410
216.308959
216.384784
216.629927
212.038920
216.238989
217.082247
215.825935
218.300665
217.122721
220.064951
205.750489
205.749944
222.777540
212.033480
217.466373
218.318352
215.027611
220.634976
215.540672
215.418694
217.934426
211.204950
215.392603
217.141686
222.654639
228.211895
220.397298
219.168899
217.335953
214.671680
212.827422
220.785898
217.174328
212.667608
233.937758
234.996229
217.146247
216.400184
224.084329
220.264454
222.528960
198.723142
211.271580
203.763734
208.625989
209.568062
198.802521
203.869078
202.003734
223.223956
224.958249
235.797270
217.432212
218.257031
209.134461
209.105418
211.166259
202.787662
205.672516
210.536515
212.318891
205.723320
204.999230
211.199768
203.713544
220.504641
214.975149
222.577394
233.513680
233.668174
215.926670
207.957643
207.857589
209.574489
222.382043
208.497757
210.396756
231.429315
204.136707
211.627983
212.042650
211.065988
212.692586
201.382039
203.021692
202.306730
213.458223
204.017802
211.684331
207.334533
203.321890
206.639260
215.101751
197.508955
201.888516
197.848356
201.168497
195.337085
194.826996
200.183811
204.647588
200.922505
205.413739
225.894324
241.221844
243.753449
246.970693
250.374758
214.833312
212.642447
208.231455
229.203056
217.989849
207.546529
207.969958
203.502970
211.604408
209.808362
216.194699
214.428665
215.465821
226.818294
230.968182
217.302897
215.279480
219.836788
221.035871
215.897084
214.655215
216.044117
224.872977
216.083356
216.946744
232.488293
214.157247
217.899887
214.218133
216.872737
218.730583
208.377162
214.500026
212.703445
213.727244
213.722514
224.792174
212.944780
223.618550
213.769648
209.778669
214.237034
216.043594
219.448500
220.052949
223.567365
219.017143
217.952773
213.814305
220.846205
220.325185
221.589387
222.450829
226.751054
231.353337
243.533131
229.191614
228.209956
230.423104
229.300705
235.444175
235.400392
241.472978
232.634927
232.117686
242.638499
225.251134
237.070143
225.061429
228.747171
239.660446
226.803795
227.598099
234.317366
233.194815
231.700385
222.666930
231.657108
241.878856
240.508708
220.562117
242.203184
234.466622
233.948154
218.497961
229.558004
229.599416
234.143932
234.143092
237.770767
229.955072
229.436173
224.103523
219.295696
214.966074
220.484309
234.784156
234.877368
227.310528
239.603465
239.607181
235.406577
235.408727
222.359738
220.061770
226.560432
242.382296
222.264493
217.319464
234.886019
225.121852
227.630175
227.855662
228.572219
228.528255
227.751091
227.751343
237.046663
221.152757
212.312136
221.203608
221.248239
231.655527
231.655525
217.510297
222.380837
224.554448
228.282802
228.144752
228.187902
228.051168
243.980846
243.981655
222.869060
222.867502
229.340710
229.220187
234.913668
218.045831
217.423841
230.904816
230.784353
222.882227
233.426013
218.557084
224.564662
223.314027
227.305209
227.303527
221.347131
225.914592
226.906407
230.424988
232.906197
229.337007
226.951051
233.404068
233.361116
221.324286
216.609977
221.186371
220.345285
237.057693
237.057161
233.470830
233.469281
228.353452
238.568391
228.455060
237.983038
234.252278
238.121941
234.249392
222.435298
232.240343
226.198731
215.601805
220.126607
217.562996
215.173081
222.063727
222.023070
222.368111
232.308017
216.496441
215.738214
219.171448
218.383842
213.274241
241.332514
222.022385
222.023760
231.997552
229.955800
220.205582
226.612344
225.217319
227.388716
223.438192
227.432562
227.432548
247.263687
237.754862
237.397998
227.908778
218.420126
222.482800
237.485819
227.462724
227.337549
247.466815
237.538495
227.868334
245.444017
235.523502
234.401548
225.028882
235.004207
233.885610
243.003091
240.592360
240.550539
226.068126
210.647209
216.802535
207.466008
215.767968
222.733992
215.789887
215.014527
219.128136
213.936584
226.778285
212.370671
209.535363
205.496879
221.699982
196.553758
195.834102
200.343937
218.766875
202.863243
203.591310
202.918178
203.644617
213.580621
202.910276
203.712006
199.228958
200.889333
201.465692
202.266977
223.893355
221.017415
214.707175
209.965919
222.927926
210.510175
214.839558
216.590191
214.782126
215.647680
214.697219
212.080167
222.978908
216.529569
221.056262
214.223422
210.199108
210.126181
219.768593
221.968736
222.002739
214.759342
211.967400
216.454410
210.998750
214.710900
221.071185
214.352268
214.633785
216.514752
208.976469
213.548909
210.978631
224.057403
224.242168
221.836637
216.839386
218.039448
225.328227
222.598279
207.351771
200.309053
209.117164
209.072133
209.828568
205.343803
204.249055
211.629850
204.630580
212.678399
207.301875
218.695397
207.776985
205.379381
206.916819
206.463656
205.648896
210.418932
210.408958
210.455826
227.011049
201.472708
208.860129
201.440195
204.693614
204.153521
199.708025
199.538969
200.715562
199.540813
205.584529
209.889073
207.629707
213.738588
203.728120
203.657276
211.741885
206.290230
217.697169
203.944143
206.417372
207.796238
206.396718
206.892448
208.165031
203.930973
213.444596
210.204736
212.847324
212.779697
219.312041
209.644445
220.704636
211.036452
208.521525
200.330841
212.278481
201.990799
201.130357
199.093875
200.832094
205.663786
198.577543
207.008819
199.227765
194.215262
200.991769
204.646595
200.718796
200.677420
208.065804
200.365857
217.019231
196.029811
196.992937
202.204311
201.212170
206.979765
216.843719
199.154266
200.966604
212.489979
211.360988
223.657074
208.104311
207.380980
205.500181
208.032102
215.850884
201.410209
222.117520
206.519014
207.286969
205.411571
205.480059
206.574955
207.216610
220.608580
202.110947
206.146275
201.744433
206.539849
202.066902
200.514269
220.546207
202.078257
217.476345
216.719965
206.031031
206.692724
219.872613
200.435342
209.234456
198.861089
205.532517
206.241771
213.584592
213.642396
207.113742
209.345930
209.388003
209.306731
213.764907
206.624924
215.170244
207.232009
212.839828
212.746825
212.876216
216.168593
205.617586
212.840454
213.665421
207.836530
215.674259
214.182492
209.474747
230.295258
217.399954
215.794923
216.587312
205.595163
208.509037
210.362673
221.481563
210.480285
211.305448
204.788393
221.682104
212.347031
217.561393
222.342510
213.553820
211.109752
215.676699
227.033398
235.764934
224.283829
232.899556
226.613954
219.842046
223.773698
220.933633
218.031537
218.024046
216.815851
211.186538
214.884613
221.403808
213.933139
216.681454
221.231108
217.476403
227.873966
228.369450
222.200690
225.082016
222.225006
222.298045
232.071529
229.252083
213.049949
222.728940
219.846349
212.647539
215.362684
225.880064
221.848780
217.996419
216.983440
222.923493
215.772734
216.575683
211.156869
214.853319
220.367833
212.900723
215.640734
220.190141
216.432692
227.612248
222.163606
224.324931
222.802329
213.930358
205.594790
212.690148
212.731754
206.652708
199.797564
219.754689
220.651824
202.502832
217.583911
217.590875
211.654594
212.770460
213.775210
221.437289
202.244457
197.119000
206.364528
211.653680
212.402849
201.620231
207.373572
196.089329
200.606772
211.468637
202.444426
196.229271
202.364944
203.211244
202.259752
203.087890
206.499397
199.298772
205.889968
199.198269
199.316926
206.493159
205.856743
199.169904
201.775902
200.944915
201.391215
208.009775
200.990782
201.350656
200.160984
207.063516
207.024013
207.808069
206.995649
207.780084
217.666263
212.074725
213.093957
217.726250
212.078593
213.127996
225.216393
207.609886
218.397385
199.541293
217.596626
218.638413
201.164042
199.427085
200.578588
208.122841
201.377863
198.875137
199.774834
202.454881
207.881431
207.912928
209.406379
210.005152
200.832080
208.125967
205.424617
198.846331
197.759265
203.942577
206.107831
207.642153
208.474287
207.693152
202.514482
206.947512
207.717972
207.775564
211.353999
212.081134
206.897642
200.062655
204.538464
208.401214
210.683411
209.143126
207.447958
204.007114
202.141832
210.175018
211.708455
205.403353
197.012828
205.569086
194.679684
200.989944
202.255338
210.318016
203.788786
203.575431
202.153799
214.769938
214.735081
194.288778
193.391977
193.258196
194.407070
196.282476
197.352479
193.337952
202.597010
193.541341
193.457663
193.635203
195.242070
188.123942
193.339478
189.183434
205.426010
188.885545
194.191148
194.294759
204.406320
194.094664
194.124419
193.081638
206.324294
208.417290
195.179000
204.533824
196.202946
197.063277
196.926138
193.273401
204.572351
193.486182
192.950228
192.948654
193.684192
193.687341
193.612433
194.619554
194.363634
204.393718
204.460457
191.831676
209.570946
203.992418
205.048462
222.694158
222.014734
205.482080
220.322827
196.068785
204.032668
202.935963
206.122855
207.755428
210.642483
206.633913
205.888818
206.700917
207.869873
201.485972
201.010118
201.413697
203.284335
204.307075
201.487223
201.047504
201.450937
201.076578
208.977649
201.395624
200.389702
201.057809
208.159741
211.788035
212.360604
207.469835
213.485589
203.548006
213.528265
215.795681
212.571109
209.076572
216.771827
218.053316
217.527810
203.464505
201.652773
212.670499
213.695619
206.084785
209.524061
209.302027
217.086947
206.840122
212.572375
218.154992
218.069637
212.522296
212.328453
218.221343
219.254936
217.594524
213.069482
205.569424
205.544740
222.690209
206.133548
206.244066
206.175628
206.268165
206.245817
206.197299
198.945794
208.146419
208.122542
209.126313
199.528232
200.641807
209.175335
218.748829
203.577043
201.737156
219.453787
214.936900
209.504112
207.658595
211.793439
208.199119
204.971103
208.255309
203.295600
201.259286
205.500819
205.534332
209.874173
205.536778
206.551628
203.506158
203.685393
198.829893
203.615853
208.809395
203.665647
204.706401
198.752564
217.359836
201.232912
214.349990
201.694056
208.312722
208.077388
208.048830
224.245413
222.057147
220.249664
218.745878
211.845009
209.606154
212.413309
207.340941
212.009575
212.659543
207.552826
211.876568
210.375550
205.885900
212.753630
203.671246
201.751566
208.237235
211.069767
210.684954
210.895376
209.339343
221.020107
218.603313
218.613825
203.581460
201.738801
213.795026
220.579621
215.029764
215.367319
218.775187
221.066642
207.736022
209.233726
226.037579
207.391721
215.457193
213.808233
203.635827
201.760432
208.258859
220.743809
210.752820
210.586743
218.872482
209.196375
197.529437
210.000771
212.892134
210.754383
210.802284
209.956353
208.983463
209.994021
209.146626
210.031268
210.976055
209.152947
210.001207
209.082180
208.958618
209.151039
210.032227
210.260496
210.233501
214.684501
214.689628
214.976599
198.079430
197.004950
206.094112
205.725069
212.697372
216.161854
205.003289
214.466159
196.940922
195.199426
205.417177
204.456100
206.172678
206.218705
202.616926
203.381911
202.398811
202.182371
201.420498
196.959091
205.426044
192.935848
205.439604
201.243202
202.994333
197.358675
197.582576
196.475538
195.438827
194.939995
197.005985
194.840319
203.652232
202.730829
203.408562
202.665340
197.455160
195.681107
198.426052
199.314963
200.263104
187.964206
200.378843
200.497447
193.338083
199.446053
205.547226
205.415669
205.611503
193.108249
209.422509
198.482129
205.528310
205.495654
205.574374
207.389844
205.585257
204.472772
207.337353
205.426508
193.144487
206.700602
209.450958
198.549843
205.467250
205.609236
208.419295
195.316158
199.596315
201.337288
209.026658
200.215470
200.246032
209.872815
193.239687
193.348116
197.824574
193.143592
193.900772
201.956658
205.423416
199.530795
195.174377
193.178787
210.239269
193.257355
202.686305
206.097191
215.239404
210.969939
203.864872
201.782995
218.531286
207.568810
207.491602
213.042800
218.929336
212.229761
204.785196
210.289815
213.275706
206.597728
206.639216
210.499806
209.339066
208.846822
214.420056
211.629615
216.837728
205.793491
202.109976
201.134746
205.966811
202.214084
220.550471
203.742198
202.969268
202.223065
220.530075
203.749354
208.961622
210.720573
201.384369
201.012669
201.299603
201.404277
202.017539
217.538743
201.363894
202.124419
202.372638
205.808053
206.385920
206.695064
206.642791
206.674811
207.468828
212.415622
200.688615
209.940149
202.156095
202.732521
202.960007
203.787863
206.361595
206.367940
202.024882
202.676968
201.932573
202.727686
210.662644
216.505262
206.401171
209.953780
205.609536
205.023995
205.655055
204.917460
207.441388
203.042076
202.042493
205.536651
206.722814
209.820158
208.091074
205.646889
205.206934
202.057559
200.999314
206.316826
213.195714
200.351321
200.987796
211.445522
208.823345
209.432824
214.185316
214.257105
212.359003
200.574999
201.256143
210.609676
207.540961
208.194364
208.505932
201.222762
200.706647
193.467840
195.062961
194.060988
197.783021
205.105758
194.089632
194.095787
200.063894
198.349279
200.019754
191.687076
197.775038
197.854401
199.509950
199.514763
200.153347
193.497629
195.211108
194.158046
189.777177
198.446387
188.763917
199.325356
198.491955
208.142751
196.812565
196.723932
192.454481
193.173322
193.318007
192.562181
191.558763
196.843150
196.742590
190.369003
189.424660
200.688956
216.544513
207.145763
207.755228
213.267072
213.340140
222.192754
225.084652
225.054589
202.288632
201.571106
211.640098
209.942823
214.338010
210.451301
212.616878
210.419315
210.999587
220.305631
201.833245
205.020871
213.924075
213.355251
213.057468
205.705675
216.808516
211.201874
218.544682
201.343680
207.549894
205.667206
212.255588
204.958472
206.863765
206.901214
212.122025
216.905428
211.298125
212.787457
212.090641
218.658263
203.179035
202.161842
207.712345
212.906205
204.772895
208.984085
209.674427
209.009168
213.666617
195.444705
209.916842
196.182249
198.570628
199.682547
216.193230
207.761967
192.033894
218.867890
201.733162
209.987382
208.257180
197.227887
196.792634
198.571579
221.204230
217.953353
217.642861
201.235189
200.552424
216.930146
214.247094
202.187276
230.730887
213.208081
207.485875
206.904222
213.964866
201.266382
212.409612
200.496421
202.973684
201.163932
212.378906
206.781418
212.683577
209.782559
211.589750
209.794702
211.987409
208.153574
202.138428
202.741480
208.906693
206.190787
206.394686
207.210678
204.494289
195.111847
194.313000
213.367477
210.573548
216.763255
208.245897
212.654807
220.457411
205.383831
207.555082
215.091633
207.741501
201.741555
202.883153
190.705171
200.903378
202.070662
189.906311
220.093650
207.183217
200.699369
200.177844
204.262632
195.207681
211.490817
211.575639
193.601611
195.368028
215.673783
215.599652
213.783339
195.117221
205.337668
205.424998
196.335522
198.499053
195.116400
199.128474
200.515856
206.391105
205.407059
194.115016
212.344503
198.441323
200.905583
204.170890
205.346963
204.091505
194.081503
199.467079
195.086499
202.428432
206.045540
207.251146
200.807571
198.101120
193.316453
206.617959
217.224654
216.108307
216.512900
217.218541
229.376571
208.065879
215.321359
216.780776
201.113172
216.070740
232.542794
227.520782
197.910825
201.469679
200.394089
205.013797
204.794313
196.123844
194.972699
212.480123
213.251096
199.457781
204.898144
198.063446
198.064202
197.484418
197.458631
196.948041
215.840881
202.907420
191.602799
200.284284
211.444850
198.478535
198.151841
198.150686
194.054197
206.618793
216.683058
197.299824
193.142359
197.303436
204.320199
193.168164
198.356531
204.350067
196.892992
195.786126
206.400451
210.754079
207.258066
208.351707
218.611607
194.211264
194.139174
195.111305
194.166647
195.867809
215.675738
213.740131
212.385651
211.628456
217.318756
197.744841
196.088454
196.988410
221.462508
218.322269
221.544215
221.467631
218.360875
228.478003
218.919180
219.274714
226.578256
224.769000
211.826826
211.069195
216.786371
210.477351
210.443924
222.511969
211.686273
220.806591
213.986193
211.049839
210.328539
209.617078
221.527557
214.875721
220.767193
213.834449
196.173523
196.106974
196.338307
196.243657
218.679737
207.702407
207.273014
206.211387
211.774040
208.395247
218.652547
207.452407
195.859990
197.049702
195.342030
199.252539
203.652090
200.306961
196.215094
194.331551
194.316555
199.182483
200.206899
203.533763
209.098493
196.148172
196.200876
198.055671
192.478642
193.508546
192.493807
193.585472
196.584012
197.654817
193.689577
201.789078
193.628488
193.684049
207.985750
206.161181
206.238515
199.996395
199.979085
204.450388
194.344839
205.437381
206.179404
201.065588
201.094479
212.387212
213.128522
209.870609
200.464498
206.877554
207.472620
211.658151
209.209797
219.859353
218.800728
201.103902
201.085108
202.247718
201.910242
202.339594
212.467401
206.310597
196.379631
196.282413
207.586052
204.889536
203.108870
214.151044
213.479394
202.659536
202.988507
213.556403
201.195453
199.574353
199.646002
219.456844
206.546748
207.310167
219.471835
216.681134
209.137661
218.447427
201.811364
202.089060
219.223476
216.517132
203.585219
219.502225
202.992108
209.142974
208.692686
201.431978
208.481744
218.518857
206.974008
206.267157
201.449690
201.155153
232.223514
214.175221
211.049288
214.160280
206.659615
216.891048
209.613434
227.670071
228.360359
222.983706
227.605291
222.231116
208.987754
204.709647
203.813674
204.695541
247.909727
225.047276
224.404070
233.752931
233.880545
233.235287
233.396198
224.527740
221.228336
226.123090
235.066238
231.104855
227.546553
230.683951
236.385475
227.005845
223.755942
219.037840
229.238526
221.774736
227.245354
226.213052
222.962894
232.546323
232.708648
231.426845
235.861454
239.195890
237.943850
235.281814
236.812652
242.872490
231.392611
227.652321
238.896035
237.530062
230.352601
235.770840
239.091964
228.692832
239.851469
228.589052
231.758234
224.559956
228.859522
234.916799
234.406995
221.258752
205.494938
205.911509
210.244631
219.495567
210.066143
210.449193
217.598135
216.805347
206.009678
212.933973
219.171171
220.712059
212.873169
218.219138
207.234844
222.359715
229.246844
217.282953
218.271154
233.917134
227.758928
211.774759
212.018685
201.312320
199.507052
199.662283
198.448611
201.405112
198.891952
205.102213
224.272013
203.169655
202.349211
204.960613
190.860100
188.573873
205.684560
190.899917
193.373599
193.484763
189.756577
194.037437
205.458873
189.589999
197.737910
195.085304
197.808400
198.419619
194.011274
209.117122
196.061424
197.432448
193.700395
199.266426
206.657744
229.620915
208.515524
207.738938
196.869730
209.299108
193.498562
192.429540
196.749808
204.900650
218.844446
199.789112
201.556780
201.721800
202.658685
202.004060
202.894148
196.475548
204.824630
211.376525
193.370219
193.059025
211.758501
197.512568
192.309837
192.221284
192.322611
200.252504
192.905765
198.541023
198.211875
204.278935
199.213810
198.266901
198.700858
199.614814
196.006614
204.881750
198.539786
205.995387
192.187557
191.406557
191.436101
192.464990
193.169744
200.375448
200.401664
206.375533
192.308242
194.156881
192.279738
192.190962
193.080557
193.211439
192.122351
200.911284
199.684950
199.489849
199.905984
206.680459
209.232023
206.735232
207.385343
205.573024
225.171214
220.888745
193.182062
189.042814
200.186457
193.429722
215.280057
221.219009
200.290981
218.966869
215.706978
215.784411
224.039967
194.186985
204.307061
195.181634
206.292078
194.912424
206.054182
197.709889
200.243637
200.193014
206.512015
199.872004
201.278663
209.600033
205.609337
201.887514
201.909263
201.551777
202.929388
212.062801
207.306066
194.033037
195.868557
219.760363
205.478117
200.164457
201.816506
213.353676
215.841796
215.098274
206.418767
206.444914
204.608326
212.906339
204.203360
227.067160
204.866830
208.729827
224.436149
204.308730
204.131597
206.968983
222.104855
209.369827
204.580392
213.124921
212.348556
200.409041
214.290508
216.052735
193.662428
195.543042
202.920515
202.356838
222.809194
194.024648
195.830211
198.549539
199.568490
199.300671
204.529212
207.287090
202.283617
201.252790
201.235118
209.050989
208.679765
208.600109
210.180665
209.175240
207.832749
209.092950
206.227267
202.211995
203.294543
201.180663
194.066531
193.668181
198.958952
199.910348
194.002713
219.139389
217.118922
213.100024
210.439088
209.239778
224.023139
212.863746
213.419844
218.114580
217.116072
213.943108
215.257477
221.492205
210.755364
223.086513
212.451442
211.811430
211.735966
219.295117
212.721508
217.301397
212.876534
200.280375
214.352310
204.845129
200.255681
205.966964
215.713645
213.039399
199.487199
203.003250
202.018663
201.397510
197.007363
212.612468
228.438324
199.182625
200.332762
201.438989
205.659404
205.399850
206.897609
212.357141
204.649249
210.544291
201.077200
206.549470
201.866421
207.299986
207.380958
208.590992
208.054899
203.069490
209.207822
216.875859
205.608941
202.845538
208.984319
211.644797
206.718554
207.525192
212.065050
217.969597
211.571579
208.284718
210.900007
218.114154
213.573031
204.473988
202.242039
202.151106
207.198490
213.301570
207.535179
213.208510
201.187732
207.291165
203.931147
202.031525
196.883855
212.583912
196.793352
212.421238
196.801984
213.536355
202.095066
201.021928
207.390323
201.549346
206.908438
201.052618
217.336659
216.781155
224.324083
207.214236
218.272949
205.626724
209.151547
214.625430
202.132039
207.566159
224.998779
213.390914
213.457255
212.443509
218.755454
210.451421
213.293506
219.299941
211.035965
208.266963
213.708934
203.929403
202.847293
208.685764
225.090393
206.564056
229.834672
213.270055
217.092842
223.929073
231.299470
218.115300
220.024075
208.904124
216.432137
216.431704
222.750919
223.167456
240.138213
228.728747
220.991088
214.466158
212.773605
215.006712
213.910121
216.645284
209.239540
209.248824
209.617460
207.881779
206.190983
233.508990
232.714357
210.709154
216.245252
208.619238
206.980849
220.939343
215.624796
208.213239
208.514883
208.300035
208.178604
206.539161
216.618097
208.905648
214.887017
228.430049
216.171763
206.609111
204.190722
220.537252
222.962117
212.477322
221.569889
210.949788
218.793552
208.190156
212.475803
221.582525
218.806275
208.186731
219.238125
204.916864
204.927029
212.779896
215.110423
210.139850
214.469476
211.505619
213.675968
210.355086
218.596298
213.307702
206.056490
215.497687
214.530393
197.109720
216.470260
198.843906
208.217389
217.410737
214.455548
203.928003
216.902298
222.674228
223.418399
220.753911
203.159673
215.697381
221.263700
220.049326
220.180307
209.138017
223.253546
214.688822
205.485164
204.802942
210.029876
209.346838
201.968696
201.276170
205.722916
205.692482
223.250336
215.766109
208.548578
215.373331
212.901742
207.239300
214.617914
210.467819
217.447259
214.322567
206.536115
217.038830
217.101206
211.131126
211.143293
207.614533
209.492605
207.685843
207.706461
208.306340
206.540465
215.144078
213.489736
232.928375
208.981279
206.524014
223.121132
221.325927
232.153651
216.458994
214.622739
220.779630
223.711018
210.355368
232.090311
214.653654
222.580197
209.233700
212.685388
230.983204
202.476877
202.460240
202.121467
203.255119
202.409236
218.509952
203.237776
219.181743
213.587701
215.353906
210.942621
209.914996
214.532875
215.358623
209.936024
216.658106
214.591399
203.141350
202.063137
218.940333
211.117380
219.179521
210.939155
198.282019
211.180621
206.599603
249.470790
239.193244
195.005395
197.108777
194.288827
206.141856
199.598200
207.821836
216.062983
203.048203
203.498530
214.340133
197.070561
195.996971
194.222594
205.378894
215.381513
197.757625
195.914992
227.612852
191.174609
196.152858
198.026249
188.575709
187.341973
188.432702
196.027751
191.662498
196.456851
188.216044
195.604442
197.677111
212.891789
202.736943
198.703806
199.366913
193.878397
198.959846
197.521173
196.768789
192.686622
207.100795
201.638738
229.748062
215.605664
212.526909
219.954811
211.115985
212.160689
215.517974
205.983537
207.868420
205.248051
212.098126
209.912072
207.525515
214.916497
213.711828
223.319043
213.515765
213.602453
226.272656
206.011537
209.062355
208.424409
208.671934
224.374579
209.066953
214.019232
224.130444
204.965906
207.307292
208.277376
208.609347
224.343786
209.002292
220.006936
221.493687
211.092739
224.661104
210.151747
228.307531
229.156021
222.230117
207.041162
207.096174
225.186512
207.374888
214.748299
205.291657
217.914019
212.752149
213.829835
217.638062
215.477844
204.993412
218.643245
231.333097
214.597157
214.530531
234.444120
224.309262
231.704086
240.198033
209.773426
207.389366
215.329162
213.206096
207.072472
204.069877
204.774050
216.077368
212.903400
223.290691
209.151703
208.532251
227.486680
209.159871
218.872955
221.010415
212.327199
225.156134
212.332239
214.476211
204.944563
217.479315
220.548369
209.110796
210.980339
223.419766
214.887280
213.808582
216.580071
229.352617
243.061934
209.267645
215.263643
205.845941
219.503984
215.213607
212.923464
229.796742
229.833870
217.107317
213.989398
215.449512
218.151720
209.614325
209.348216
210.031996
211.722493
202.525252
209.095217
206.964716
206.870003
202.094777
202.122664
213.768059
206.877526
212.627803
215.886447
219.213578
218.132184
209.266863
215.303473
210.981122
212.620109
210.203804
207.987034
200.835238
205.274220
206.297016
225.854295
227.322188
220.241367
226.306657
222.159309
226.890259
213.725688
222.086667
212.187021
211.371115
203.609791
204.450331
203.860148
203.786749
205.624573
193.674743
192.979624
193.698745
198.734370
199.564220
194.440482
198.725114
199.795509
189.054314
186.498640
188.156885
187.416249
189.074591
220.677649
220.640502
213.305733
219.552218
209.481322
213.426159
202.824239
214.034038
202.298308
210.225681
201.183995
207.233979
214.039741
219.993955
216.126860
216.139402
222.323363
212.314688
215.816079
213.355631
220.573492
202.882597
212.257511
213.444988
200.937841
201.198742
221.446551
210.392298
221.646949
225.136195
219.222102
225.135214
220.364520
227.019071
217.177007
214.979108
230.926541
230.315996
226.844517
217.032922
222.247780
221.016089
216.693322
213.656263
215.268813
210.588786
225.270516
221.416026
223.056608
225.466068
222.877053
222.031645
221.988585
219.661733
218.304732
214.973774
224.171335
215.619706
211.660429
213.273312
216.736596
216.376121
214.485444
233.083655
224.732440
214.859927
220.957381
231.528037
206.917441
202.814094
222.451982
215.112678
226.845952
215.199994
203.987562
204.328242
204.135032
222.318917
207.124188
206.998177
202.568788
207.767796
215.275792
207.745237
219.389993
214.913976
222.064723
217.547830
224.250407
231.557621
223.339612
233.464015
207.975022
203.515809
208.726802
219.719131
208.672831
218.634540
215.639438
209.392610
215.441634
208.626203
214.548010
208.662928
219.621381
208.275828
208.628312
212.386173
208.295053
209.393886
207.963826
205.842300
219.426355
208.036192
210.324749
209.414285
215.538344
211.967811
211.086058
212.709064
214.353175
205.875666
208.966145
218.590268
213.993196
218.595305
217.047137
210.101495
211.660160
221.369945
214.423058
210.241117
207.232132
208.846910
215.352212
209.283832
213.346154
210.457899
214.593561
215.416550
215.403551
226.390528
230.996330
229.692075
225.281145
215.377187
224.095200
221.167098
225.651368
206.573936
217.482096
210.468296
225.207306
222.026043
213.077795
224.700615
227.374099
213.951321
230.701548
222.871950
214.760408
213.053910
207.880468
223.460025
222.180603
207.823439
230.415474
227.470827
227.454632
220.382844
219.207430
228.375660
201.329866
224.599494
221.800979
213.735423
215.887938
210.396883
212.113375
199.741808
205.133894
211.372205
211.338538
216.086926
210.396752
215.885910
206.679518
226.887479
212.072977
216.030963
211.316110
211.283636
216.085080
206.656428
206.590096
206.623971
210.681492
218.662689
215.558192
235.036925
214.793244
216.022444
212.983796
223.129835
202.794579
197.068452
198.887579
202.989946
195.158996
196.977387
198.104937
197.809171
213.757140
203.824433
196.107769
195.900105
205.470617
244.950905
219.208317
214.307488
219.933982
220.078738
229.399231
215.719360
203.753119
213.328774
212.230819
219.964775
217.767387
211.474726
214.764830
210.066308
236.785980
219.076329
225.125659
215.073427
215.139593
208.847903
207.793458
213.188898
214.239060
208.858423
219.640355
210.960425
216.361503
218.811394
211.157703
216.704642
236.135989
215.906045
221.341919
203.994424
223.133743
222.546255
210.867627
216.119437
218.091233
225.963128
223.323140
230.777507
227.607012
222.787798
229.050672
233.540638
245.891652
223.033252
222.918287
230.114327
239.996155
223.253002
223.363618
232.694656
247.032190
227.360340
233.478290
223.926666
229.942851
209.209206
231.696230
219.356980
211.851334
226.447009
210.948712
212.057356
217.730992
227.439417
227.465611
217.643704
219.172751
216.206015
223.527304
209.112089
202.431100
206.539222
220.226783
222.340523
210.427836
193.963363
195.594433
212.280986
198.553791
194.858008
228.909296
207.020312
199.356853
201.018818
200.973947
203.813202
198.634956
199.368651
200.254392
244.991231
246.482098
245.047616
242.678518
251.652722
226.666265
227.006942
226.147748
248.591921
235.479486
244.087570
228.024169
222.848673
221.741830
225.782690
219.782800
225.881153
228.717871
226.986169
234.642652
234.600982
219.223966
227.018726
221.391229
224.117661
222.005363
220.313218
215.643867
218.504457
233.239434
221.068999
213.679583
212.271824
231.505303
224.209044
213.684545
212.835122
223.350594
214.661860
214.696952
217.816989
219.699713
244.332425
224.717960
224.816061
223.623782
219.085476
235.473077
235.431122
234.566598
234.523722
246.041024
224.668437
225.306367
236.897069
224.548548
238.022908
237.290246
237.992597
237.247369
239.406842
242.677262
225.712358
207.360700
213.553561
224.053145
206.664166
208.434253
206.691144
224.714887
205.816666
208.306332
219.579577
209.061206
226.933305
209.117655
226.485335
219.501983
217.613230
220.221886
229.208794
219.107345
221.864596
224.093871
235.630956
231.386496
223.848790
221.893240
220.747146
215.233428
214.045658
223.156076
208.282721
213.755817
220.636165
226.027798
215.293934
218.865926
229.129458
222.236424
221.507113
215.669953
209.457804
224.993686
230.291087
210.456429
222.110899
204.202238
204.266430
213.785254
218.980533
209.039777
219.979607
225.031336
222.773806
220.226240
218.956997
217.817956
220.834260
215.692786
219.756323
215.558560
224.320656
222.763586
224.529029
217.826159
237.700466
228.374083
217.214558
221.829707
227.569331
231.848059
215.707603
210.254720
227.538379
229.106269
247.426672
223.829756
223.558258
222.803274
232.772926
225.021183
209.016946
210.091672
208.619171
206.726587
222.747305
228.280907
212.797135
218.304168
218.384726
223.713738
226.584897
214.600946
220.243195
221.012167
208.440934
207.861122
207.953166
214.040964
202.489819
208.696457
217.909211
208.517393
206.756275
206.756752
207.888923
209.779118
211.583392
205.340039
218.988352
225.180952
209.303227
211.670753
205.232836
217.206555
211.650184
213.066910
212.959481
217.213022
229.371587
220.151085
218.604587
213.883094
219.644522
215.050461
219.734982
214.577198
213.672061
213.674225
210.866086
212.526651
206.331965
226.487150
214.664917
218.480426
208.343967
213.464955
212.750843
212.652271
211.836898
211.900813
219.711264
212.974665
213.037221
255.356531
259.165496
237.536257
230.556419
229.475869
222.040612
224.320106
229.991022
228.870788
225.025517
237.223293
229.016284
222.565256
229.276662
228.197198
231.784799
232.825220
244.042193
242.917324
237.841956
227.602962
237.797817
239.048678
228.772467
239.006379
222.494664
229.245760
228.123403
238.529763
228.252286
238.487452
257.086411
255.158318
255.199662
258.238840
225.067593
225.364109
220.490755
221.626641
217.756706
218.844145
212.188551
231.250158
231.319497
235.456287
232.525212
235.366184
244.076943
226.010437
225.661518
227.245735
228.430460
223.968222
235.483825
228.808081
224.460618
217.843045
231.671882
230.712450
226.852027
230.239918
244.867511
256.755099
222.584252
225.939176
228.680137
223.294203
219.812794
239.840776
231.114302
231.103891
228.773164
226.370623
227.216544
226.636225
228.857550
217.568347
217.597248
232.742129
236.540071
255.731210
257.833432
214.948906
216.336566
228.115377
230.178066
225.910751
223.278541
222.547696
230.647716
228.944130
228.966376
229.068913
227.006393
224.598014
232.682782
226.724114
227.447811
231.358540
227.128187
225.991699
227.117485
225.594712
227.284805
234.141906
231.208175
223.786393
225.228315
211.345473
227.228577
223.885418
219.028161
224.381788
225.703645
220.401029
221.670113
220.084352
223.925951
225.196649
222.877638
223.526326
219.926054
226.860407
226.267753
222.561352
214.584656
214.895935
220.240728
220.842127
225.887189
219.858101
216.478162
217.745987
231.717953
234.392047
234.033512
235.267290
216.117567
232.860378
233.421331
225.143341
231.281144
235.548884
247.338406
248.401024
235.517647
249.684708
245.277011
246.722686
245.333211
245.698283
246.834812
246.109352
245.524813
255.384524
246.452811
240.981719
248.141998
241.346889
248.462236
247.878865
241.713941
250.228968
248.523509
255.295781
248.507079
253.879796
252.433515
246.815288
246.756575
252.491733
247.084198
245.642616
246.170056
240.698020
247.854541
241.063056
244.747854
244.689884
244.102036
249.571229
253.814703
251.015254
249.628388
251.074067
253.753028
253.170637
252.601783
260.570543
218.713211
199.448219
195.094472
204.204621
203.177324
201.209064
200.172550
204.232604
198.447750
199.392287
199.358091
203.317529
200.391091
201.162530
200.282656
202.230904
207.908665
200.586485
208.703730
209.473818
200.257444
199.605009
212.413378
209.289203
216.627428
202.198130
201.476109
199.622214
199.634119
195.221033
208.366548
205.709734
204.638828
216.273408
201.338272
195.857963
209.085394
195.205334
208.389097
205.743646
200.288504
200.655318
211.669766
218.931459
210.902822
207.291357
203.896264
192.595172
193.876539
198.302117
208.575545
210.501892
198.178369
219.902993
214.246896
219.994332
217.543280
214.199089
218.302360
223.079872
232.733736
213.858388
222.763326
231.099262
226.998490
222.798237
222.464773
227.028949
228.249385
208.549536
217.390351
227.214415
231.740104
211.095020
210.298341
214.670371
208.151112
215.533242
213.796116
203.727576
222.377662
223.239152
212.177143
202.037557
215.687585
217.409048
216.649653
221.369227
220.551619
217.706145
201.844159
201.046592
217.953134
201.328865
203.040141
231.588753
201.991800
202.314251
223.191315
212.136001
213.523602
212.186809
222.199935
220.403756
211.107493
226.375235
240.412395
203.021088
188.828911
189.108032
191.437759
191.366171
193.216821
191.483027
189.498988
189.574664
189.589928
193.287991
188.877625
210.487399
194.132433
194.933150
192.474734
193.240624
197.460251
197.481579
194.733341
193.842812
193.905467
193.967463
197.406909
192.226864
193.975659
197.488190
195.739338
193.176893
192.525052
193.254445
193.977995
193.350045
194.644349
193.212969
192.922907
192.966488
192.218911
192.205884
193.902689
193.267765
192.299047
193.985299
187.761499
187.847179
187.827936
189.615152
192.978066
218.251536
191.436559
193.275266
192.322440
193.221985
193.992704
198.351041
206.331955
199.411622
199.403431
197.748879
199.619233
192.136419
187.802881
189.549825
187.882123
193.293867
188.554676
200.210225
200.895498
201.325841
199.212802
199.927599
200.429359
208.332796
208.866985
207.248733
209.767825
207.630994
206.523637
207.985292
208.230721
209.124874
199.537761
202.182974
200.424019
203.933959
203.028273
208.196917
204.342548
205.481519
204.701902
208.271968
204.613022
204.113195
210.757337
199.358642
203.305057
205.005657
203.654418
203.594238
209.942344
206.444700
212.005203
206.387931
211.990128
205.438084
207.287224
205.865686
204.795123
210.997576
216.542996
199.383677
214.995697
205.777350
213.373675
204.695952
210.046631
209.164805
209.839884
209.845534
196.681806
198.380783
203.726932
207.071526
198.681757
197.505409
198.451209
202.742822
207.133710
197.523466
199.192745
199.454947
202.969703
203.008590
188.806994
188.881852
193.282909
193.260783
192.241477
192.141384
193.979714
193.226149
199.873507
193.074178
197.392208
201.568295
193.974038
192.169123
194.050805
191.561039
199.016155
192.221908
193.944860
193.166476
193.126828
199.652701
192.468746
194.828029
200.677582
195.044229
209.759568
209.198917
210.049161
195.948214
195.819280
193.102743
193.832755
193.144591
193.278132
193.927310
193.930257
194.212170
194.202569
203.511805
204.558807
198.699228
200.384330
197.418805
203.571489
204.585727
199.155581
204.423904
187.360142
192.478635
192.445193
185.441455
194.271767
199.593725
194.930861
197.422200
197.401217
192.401649
192.107666
191.484223
197.400632
181.893733
192.903685
197.988807
193.955218
199.108877
197.264061
193.240759
193.213551
198.386769
192.198814
203.681795
202.523306
205.046525
204.414473
192.107201
193.029196
193.240896
209.882081
193.552823
193.399914
192.263581
193.268547
192.157992
194.024929
193.248067
208.839418
192.534411
192.370763
191.461094
194.320699
191.583593
190.688854
205.708451
191.707111
187.009502
186.920084
204.328939
199.116964
194.308202
200.196759
198.362075
199.449534
188.698713
205.455154
187.985763
187.961380
188.676005
206.182617
207.578653
200.471329
201.489055
201.148779
193.022219
192.129252
193.229599
191.499329
192.405660
193.182073
193.255830
193.923970
192.294475
192.870352
193.084446
192.164178
193.292202
190.790186
193.260347
194.359943
193.960380
194.065172
192.868708
189.413183
187.707034
193.210928
193.292076
191.418382
203.664653
204.311265
206.453317
206.312358
200.103257
200.737906
188.936841
190.892139
183.053696
189.987034
191.992433
187.974360
188.678823
188.011804
189.408200
188.739467
188.993802
202.527641
196.306210
200.605731
200.615235
208.018448
202.459116
200.711903
201.346167
208.524663
208.121396
202.166235
195.946453
200.222329
205.417968
200.213136
208.396767
210.302589
209.847798
207.352945
209.208424
193.974356
194.006033
195.142425
195.874736
195.205100
187.031662
188.807310
186.985232
186.354555
187.032134
213.937207
215.921220
211.915080
208.586177
214.949486
202.285639
201.675517
196.104271
201.498249
199.685786
206.689638
200.508333
210.964832
205.868402
205.541734
207.199826
210.025934
201.464068
209.867776
200.953023
201.862886
198.743879
195.537084
202.585755
196.393981
214.140295
211.644586
206.184287
213.450501
207.396146
212.819354
208.149094
212.580819
214.787089
214.210327
214.761468
201.283038
199.471137
203.983811
205.619636
211.554643
210.839576
213.288038
204.671276
214.084232
214.901823
208.050160
212.483041
203.815671
215.606536
194.945893
198.127359
208.267311
213.658712
219.310793
202.038363
207.511933
209.884416
213.162681
195.931726
214.383243
219.239200
202.037442
206.441438
206.457022
202.941477
200.289295
198.433047
212.167241
199.263700
203.766395
215.308418
208.286990
217.623342
213.846054
214.838477
207.065591
212.447409
203.994581
201.062367
205.480038
225.632546
199.332781
202.253603
204.667263
201.405024
204.984099
205.705247
209.704081
211.735160
235.249215
246.313042
226.067099
227.749802
226.540876
225.037106
226.047835
224.222976
235.572250
234.517941
236.714539
226.065652
227.708285
226.502525
235.659621
224.984369
225.955040
224.170484
203.851104
223.988236
205.000292
208.115447
202.828907
204.356728
202.171510
203.802520
208.939063
201.743713
202.594798
210.860260
205.509096
212.872715
212.735515
208.823585
209.603564
204.934779
219.745617
216.638176
215.884317
216.266171
215.942516
214.666000
210.469364
217.682550
219.296825
217.112698
221.292462
219.210591
223.699651
209.271444
222.659352
221.325189
214.899231
215.836208
220.272002
218.638460
213.352425
218.485817
214.129593
210.168215
211.237219
222.760272
222.179528
216.756532
208.264033
208.714813
222.723970
214.424299
215.242015
208.990006
222.615284
215.172956
220.661487
227.675738
221.255487
220.215975
221.779611
219.879853
218.378270
218.579912
214.068479
215.772975
215.151071
212.133343
211.771539
212.502768
212.875215
212.052966
206.669074
213.524346
215.141578
217.860106
210.898186
212.893090
212.918997
220.600870
225.752840
214.611364
220.061209
212.954601
207.543580
217.436561
212.993025
222.998149
223.426867
216.118474
210.736890
223.721474
213.075765
210.390500
204.548390
208.211673
203.491061
208.963064
215.134224
214.714557
213.107385
213.299623
221.058564
228.060672
209.934357
210.720877
226.542521
218.409234
213.238066
212.576513
225.259459
218.018313
214.543412
214.527852
209.953067
210.271108
211.373367
211.650243
219.481469
215.411718
212.312855
211.256714
200.179858
200.276093
211.414533
211.425563
205.912350
205.868996
202.417217
209.403173
202.040983
202.021575
198.036178
200.227749
201.384565
201.167483
211.613557
210.536209
201.197910
216.817444
216.991730
215.087509
215.040836
219.492490
212.841267
221.198752
207.868854
207.307184
212.720758
207.611194
203.337227
201.420211
202.526758
204.636881
208.156944
200.321720
202.073313
217.569367
212.417308
212.193713
205.650262
209.108962
217.725542
215.506771
211.191503
225.068154
214.651943
214.979730
214.919543
211.464717
208.528298
211.156103
212.095647
217.696671
219.313409
211.919057
217.055238
218.095027
218.406796
206.344589
222.701366
210.695325
216.226829
225.461699
219.928231
221.977848
217.544007
216.567575
212.563919
222.800471
218.264782
218.415314
228.095745
212.810232
213.237296
219.394690
212.297835
216.806386
235.621375
205.719560
210.155247
211.185253
222.593905
204.753076
209.673958
204.847645
210.205724
210.922400
212.384101
216.668782
221.610700
222.391606
214.293003
214.344018
208.288985
217.191805
215.075188
210.772709
220.488446
220.540412
226.807607
214.119245
214.247288
203.897958
208.308834
210.131132
206.119579
213.668007
203.278971
205.539707
204.982451
206.702411
216.369384
221.012827
209.889615
210.760102
226.458329
213.353517
220.819941
212.523790
218.050576
214.607350
214.528163
209.952727
210.322415
219.614429
211.371982
215.391045
215.015797
208.602288
227.185272
210.408912
208.955935
223.639938
214.155571
207.988614
206.405623
204.409186
203.503479
209.811312
210.536434
226.264476
216.819589
216.518820
209.601019
212.794434
208.006603
208.916589
216.878220
213.929163
223.585347
216.082597
213.018381
214.730963
215.794460
209.612118
217.192378
212.209287
217.122512
209.721024
207.801065
205.249090
211.742330
209.550510
209.583903
208.163267
210.503883
213.888408
218.038978
210.471118
210.764931
208.965945
209.283420
218.815079
218.470391
211.467758
209.854627
215.190487
213.370660
211.791116
208.109933
212.984862
217.967318
210.421993
209.223938
208.503425
198.776009
211.970048
215.117208
209.715314
210.077996
214.148982
209.651221
201.238951
201.282876
207.636004
200.568094
194.304985
196.096735
196.821066
197.133721
207.359450
202.847142
215.537074
194.526071
206.444207
215.429805
191.179561
197.424686
196.117705
196.296881
199.355985
195.081061
194.016242
195.525825
199.387708
201.672015
198.449805
194.349262
199.538531
216.474917
211.168661
216.714847
209.708693
208.869512
208.146806
210.564124
205.757428
204.949833
202.401902
206.642187
198.492191
200.437777
206.587706
194.081732
207.309185
199.193898
204.280637
206.503259
205.761405
209.222397
205.622702
211.774075
211.804505
213.525036
205.807218
207.803908
203.719919
208.588744
210.616982
211.674603
205.568687
206.690429
211.534741
201.473518
207.622373
199.495224
205.382204
207.250744
195.106470
200.245658
212.707345
213.786499
212.787047
205.951597
199.970116
194.490051
201.065652
201.969323
202.133987
212.437016
223.531974
218.635416
209.417242
204.022779
210.257811
216.989482
207.655107
205.095819
210.159559
214.969933
208.072828
207.649445
214.514549
204.039282
205.757122
202.675548
203.605641
210.538813
202.876148
202.077745
207.483009
209.400243
210.568878
202.001402
194.255931
195.807559
209.756553
209.000879
217.615342
207.828082
203.689938
198.027320
203.449677
215.037532
205.577609
201.156693
208.534378
221.160785
213.112756
214.140131
216.402556
202.734874
221.445017
212.309646
215.286886
217.924980
200.235434
194.988686
194.078322
200.946551
206.457283
200.001742
204.651791
206.376306
209.166296
214.085274
206.114860
204.437465
206.121998
204.451363
208.733774
206.531819
203.031330
205.372702
202.939392
197.726092
201.184845
199.570124
194.143965
205.846546
204.537058
221.082507
201.774761
201.111204
206.747520
201.036973
202.089274
212.561207
203.564483
202.131953
206.708518
208.403617
202.236983
201.212536
203.510138
209.885326
198.349459
214.360700
200.690396
207.344909
206.649562
199.416510
204.097122
200.266690
203.563972
208.916668
210.392104
208.646973
209.117102
201.056634
205.532955
208.404977
206.616143
211.619860
209.848438
210.294375
203.221425
208.382061
198.296995
214.388136
203.277584
199.454496
204.053140
198.680548
203.900021
209.308869
226.237837
217.753898
221.582449
211.039718
209.826501
209.922639
207.054299
200.427123
199.915207
206.598093
201.662828
202.057362
197.760358
204.488854
205.507343
204.140435
204.794605
205.306619
203.662065
196.858622
195.996002
222.442914
228.097903
237.665802
223.681574
229.336576
225.967016
225.996704
212.741184
223.788456
211.722086
202.422443
202.486661
208.485414
224.933812
214.646865
209.446195
215.818116
212.841840
213.474758
208.690955
212.554065
223.532338
212.120544
218.490901
217.605475
211.157055
225.173421
214.216907
211.925637
212.528781
211.954124
211.657663
216.848877
204.784696
202.118962
202.227070
213.751897
219.778536
213.726833
218.738023
218.360221
214.617682
213.675306
209.422004
221.035553
214.832321
215.913907
215.934256
200.661063
209.995939
212.405168
207.495781
203.253336
203.623393
197.895460
215.389454
208.462368
203.104242
211.767804
214.578392
224.983639
210.044773
219.591744
192.521785
202.270441
197.730555
202.707857
207.652671
218.787851
208.667464
214.166301
198.655688
206.185654
206.147266
218.611189
221.658286
207.025314
209.269953
209.972706
204.822538
202.990866
203.361910
220.230273
209.892128
210.233275
203.911395
208.427935
209.962258
210.396443
202.845292
198.771287
199.524596
196.501557
197.355865
197.441327
196.036563
203.096148
200.252879
196.588827
195.171715
201.301335
201.176126
208.102235
209.779663
215.446232
200.400300
199.535469
211.593798
205.701762
200.407767
204.610987
203.541955
205.600341
204.665813
210.950913
209.219948
213.514358
211.119490
209.930099
209.108814
202.959504
203.560453
204.073317
207.247258
215.803848
205.405061
203.919774
202.479536
197.569119
207.240320
201.170009
199.187285
200.151956
206.073447
212.921097
215.168359
208.605576
209.733676
217.943480
214.705558
196.991808
202.012331
190.891123
193.966465
192.235131
194.115593
199.120829
188.215407
186.306489
196.972560
202.949326
202.217657
202.125969
202.937247
202.860367
196.766346
195.576901
201.693463
195.133766
201.826839
200.744027
195.223050
200.337507
194.893006
210.966701
211.044250
217.996669
196.188442
186.249210
186.303888
186.926940
186.216306
191.512073
192.197884
198.577764
200.265549
193.220824
194.015434
192.300770
192.567233
191.713039
193.355758
193.016446
193.013518
196.714433
196.719008
194.292584
193.291547
199.132101
197.406450
193.151352
193.920752
192.238080
190.819715
197.720495
196.662665
198.389912
196.710746
185.325004
219.422508
222.690308
209.174381
209.447983
210.563193
216.728518
225.179878
207.852950
212.750353
214.481272
214.039143
217.126487
223.327352
209.123095
210.455456
216.581039
224.043171
225.138965
207.740675
212.640072
214.369531
213.928123
225.710621
202.746869
211.162467
203.783047
204.148014
216.729272
217.494194
216.735074
188.987086
194.346769
195.125459
207.058714
215.072673
205.277171
205.867615
209.662441
209.696556
209.699317
226.326568
224.284323
212.870439
214.512501
204.684023
213.421256
206.389021
206.398953
212.497762
198.649705
214.202082
203.792243
203.797401
220.309720
204.330610
210.358903
200.047089
198.470065
193.031325
204.329689
196.652982
205.390435
204.384283
211.408733
200.073572
200.218625
198.449431
194.096120
216.277240
194.351882
189.017310
201.746337
195.176429
189.873877
202.543330
202.484816
206.734433
207.440998
198.256982
198.196262
215.546160
215.450683
198.461539
210.657364
194.099685
213.961682
197.733854
198.474872
210.673444
194.112919
204.631104
199.786234
213.784723
195.471474
188.655067
188.942034
220.273395
211.239090
210.370478
209.812567
206.554914
209.067692
209.772016
211.963649
205.531577
205.646251
220.487808
189.753765
194.134106
189.005188
187.964454
191.652470
205.903962
203.049443
183.949889
200.411525
198.504146
201.852057
203.767833
197.151289
195.195693
197.019403
190.100525
189.000030
192.552898
192.210968
192.393984
192.289504
195.681073
195.830320
192.199290
192.200856
210.644587
192.288211
193.978815
193.336304
203.576952
187.013712
186.336456
186.251113
193.923880
195.048593
204.274447
182.680069
182.902784
181.210936
202.581689
212.396204
214.116602
201.747139
207.287922
200.386975
201.054670
201.329632
205.648364
204.597056
200.298677
201.022320
201.213000
201.966343
203.028419
202.217883
214.306476
198.735105
199.831330
199.123248
203.604011
194.742827
193.847228
203.823822
211.877300
208.071083
194.329772
194.960188
194.196649
198.689513
193.248582
193.249720
195.072898
194.262565
193.948696
193.230704
194.695750
192.203701
204.044234
201.145272
205.863309
203.945024
200.624902
198.825533
210.169214
203.981075
207.250266
218.085461
213.238904
208.739356
207.319096
207.307611
212.246628
202.215676
203.974102
202.445689
202.526973
201.666128
206.526246
206.267167
206.194943
212.369718
209.769518
209.182040
210.996166
199.899921
208.846285
211.139944
201.665850
201.457674
209.176953
212.658262
204.324154
204.622755
203.032842
213.237234
204.801466
205.817849
200.243266
199.955095
200.870524
197.652121
193.378659
198.831428
200.259446
199.996124
199.989025
194.435072
198.739274
200.572067
204.803372
203.007193
203.792936
204.417671
205.541436
208.085512
195.912357
201.069126
203.730788
200.316524
200.362879
199.656441
202.708256
195.331015
189.916295
196.099481
196.223908
196.259524
209.950908
194.395626
207.839877
194.308071
195.085352
194.127009
195.069234
192.477969
209.888560
192.687430
207.784840
194.346536
195.124263
195.031330
204.589791
199.368868
201.017739
200.338900
212.957453
198.573824
199.212048
200.133568
195.346043
193.547268
202.786919
192.598589
192.606603
203.769227
192.565756
193.358117
206.350565
201.773960
201.170772
195.710801
196.374207
196.373563
193.898764
192.291505
194.727519
188.173378
188.895588
193.333316
188.078947
193.269566
193.262523
194.008812
194.734492
204.381452
200.289397
198.565241
199.190975
199.666624
200.395316
206.788386
199.625793
192.497916
192.517498
208.494522
198.901595
200.378866
198.522707
199.569427
198.654944
199.280365
209.207577
197.741135
209.905226
207.065682
192.163202
187.910254
189.611151
188.872981
191.470828
192.531519
191.437312
191.476022
185.538224
192.409970
193.149795
205.225401
191.521156
192.402733
193.947024
194.140405
187.115744
192.489566
188.660992
188.726930
194.132230
205.673466
204.914899
195.852108
193.963059
194.740975
194.013863
192.202655
193.961273
194.405753
195.169528
193.317999
195.056811
194.768442
193.416403
194.069387
198.127605
199.282589
189.773179
190.496769
190.495388
192.467531
189.853353
209.485368
209.379936
214.049752
214.807383
214.725521
212.900136
214.602761
214.817423
208.063465
209.136462
221.472556
211.106363
216.131263
209.462445
209.571716
216.390744
214.783675
214.630848
204.053956
209.648950
204.136386
204.012937
206.448351
210.362480
215.369562
203.383081
210.897251
202.341062
204.152447
216.523208
217.763107
221.183630
216.770995
217.969481
221.380130
214.689813
215.185080
216.967681
216.939668
220.966877
210.233475
220.998398
212.848115
219.186687
210.233845
209.993194
221.049481
212.849356
219.145373
203.773364
209.172898
207.402597
209.049766
206.915845
219.423625
211.484723
216.609664
209.908897
212.259615
221.354436
209.947730
207.506626
208.106386
205.710137
209.824469
215.385261
226.097906
207.468903
207.383950
209.818895
209.917817
207.521943
221.094059
222.991410
222.896865
226.178099
207.445696
205.141592
203.396533
208.373142
205.382922
209.213966
221.283159
210.191826
203.487144
208.870336
202.095443
201.031790
201.700916
202.115820
201.953497
200.962084
198.418112
199.548322
215.544539
200.219795
208.387331
206.677118
211.676076
208.989783
208.009319
204.255404
207.454571
209.322372
223.980904
206.687540
207.878922
211.210296
211.888636
212.985827
213.788485
215.763868
228.422333
206.983082
207.028147
209.121137
206.325494
209.206158
204.784516
203.058018
214.639400
207.946083
208.565261
216.565081
210.828718
211.485933
206.408125
207.064612
208.167060
208.171343
208.894210
207.964436
201.531596
206.882326
217.007823
216.033465
234.287252
202.949683
221.293654
213.554422
202.790077
221.099079
207.153047
209.103475
203.292131
220.963230
211.824490
207.681895
219.113643
209.053439
208.786005
220.911263
211.713217
217.998068
213.142721
213.399673
207.312629
239.251150
242.000579
242.002716
231.871429
216.429782
218.111190
208.878512
215.723328
220.954351
215.060572
215.121210
214.180536
219.405991
235.477488
212.826536
217.105614
218.157314
217.476112
219.197789
216.896933
226.028748
216.048117
216.073786
230.481132
225.859681
226.644364
217.817985
221.127122
225.714920
223.058226
225.274506
215.058985
228.111180
215.105036
217.030655
218.834985
218.789931
217.513320
214.173787
219.920485
213.008022
212.971847
221.888437
221.365923
216.973922
221.673218
225.188779
212.087276
221.943324
220.801193
212.239713
217.150448
221.589472
210.537539
210.610239
215.084813
219.588283
216.409767
215.474589
204.533236
210.725750
210.776874
208.962524
216.781272
220.594366
216.950040
220.790595
218.759492
218.955876
211.919632
215.936185
216.246972
221.200803
210.098682
206.886281
216.583025
212.570207
222.087852
210.976306
213.159956
213.265219
229.105413
220.920123
220.619695
216.598282
210.991876
209.728237
205.307189
214.104087
218.219313
226.224539
222.611410
214.173575
239.253084
211.800425
217.387663
221.050428
235.351259
225.721062
207.381983
212.925161
221.232222
208.657273
222.031793
204.267099
210.091113
212.800143
220.088856
214.283848
222.056850
209.859962
210.167971
218.823257
212.860964
218.171217
219.723486
231.323070
220.788519
221.877345
219.483303
218.918902
218.918684
217.047393
230.518918
225.895082
226.646052
214.587451
225.188075
215.149463
228.200153
215.233970
217.060506
209.498815
209.389285
215.271370
214.765251
213.371551
214.551293
216.306080
210.650295
210.587622
214.037169
216.481485
210.287939
202.155904
207.589611
213.380961
228.592206
221.108843
204.840955
215.436682
206.985308
202.217542
202.349685
202.442377
205.805315
206.958454
205.054960
202.123496
201.449345
202.982463
205.610744
213.550265
204.505822
206.167385
205.089879
202.310561
217.079737
217.867922
217.109902
204.411969
204.995699
211.655391
210.127574
210.824438
208.057973
206.858584
208.618291
207.825636
207.619871
217.510305
221.208416
218.109316
220.447889
220.400118
215.649049
233.993778
211.227545
220.914796
213.809823
220.148470
211.188927
220.851874
226.011680
213.780970
219.113710
210.995257
210.018347
222.980692
211.794527
210.264878
227.412590
213.217151
214.261245
219.429227
214.631022
221.268178
210.081982
208.430532
208.315950
217.348452
216.498664
214.315475
203.965321
203.246493
204.087591
228.779226
214.454995
203.664920
204.222972
210.094106
209.220988
206.906694
209.177456
213.572740
225.786403
211.528223
208.396494
209.971184
209.138878
209.651310
223.454770
232.061620
224.808012
210.640859
207.967160
194.313662
195.095183
193.310219
194.286014
195.092363
193.371974
206.519063
208.344294
215.267117
213.438946
208.148959
208.147594
214.744889
202.975201
202.973860
181.051541
186.100161
196.074882
195.146519
204.732107
202.103267
202.871530
188.269627
181.046153
186.194513
181.837632
186.161034
188.076420
189.870902
189.021382
195.321732
194.960318
198.491791
194.293511
196.749900
196.716146
193.962785
187.263442
197.524958
205.892713
209.715584
225.169667
208.417102
203.022916
215.214460
226.969549
204.791918
207.281383
226.077255
206.154803
209.977153
208.055923
209.382699
211.695528
211.768277
205.192251
199.499795
205.650171
194.046344
205.760977
206.501627
206.091637
210.256383
195.114444
194.429952
195.740722
206.740713
204.986156
204.685494
209.409198
205.739151
211.916611
210.073469
212.590434
211.867986
207.187478
206.175056
205.890335
205.876728
206.580191
202.158612
206.817198
201.392769
218.025395
202.235806
219.495879
204.982992
208.908773
208.985035
205.673323
205.736730
205.619541
206.266908
206.373286
214.645244
209.680218
207.000109
206.981585
209.702038
216.298442
213.117330
224.488450
206.317318
210.456882
215.374042
210.227172
210.821095
213.555485
210.788710
209.042068
220.021845
216.229801
216.191454
216.233567
215.396790
212.392871
204.961613
203.160567
209.141271
210.564304
203.280185
209.157135
203.365852
205.486914
206.399757
213.899247
206.723502
205.750899
207.494126
214.268683
221.277875
209.939510
203.765070
221.105911
213.977340
206.806407
224.383170
218.187071
215.113025
216.524841
221.482612
221.204649
227.798516
224.245734
229.187534
215.774524
213.814395
218.172738
220.129513
221.284115
227.873124
224.316205
228.555138
216.105175
216.471927
222.522795
225.005205
214.391608
215.739579
220.781573
214.020526
217.647822
220.737055
213.975735
216.249971
216.177951
211.620558
217.488533
211.543002
235.407056
235.267984
217.853509
224.529440
217.885722
215.478197
225.088086
224.585680
222.488377
223.281874
223.385689
203.862217
200.551913
206.919465
220.223484
216.934180
208.146133
223.341163
228.747350
215.153197
222.509442
223.809328
225.047875
231.643007
225.013989
226.885754
225.453084
230.267368
215.337217
222.922679
213.976125
220.596389
231.885655
217.148530
216.071607
202.357135
205.752745
207.505797
202.499362
202.107169
206.458867
201.423013
207.487573
207.208197
212.795995
204.410680
211.449824
202.805529
208.812449
226.493160
217.887442
211.563871
210.840159
208.355804
207.555125
210.837303
227.949378
215.251568
225.871782
221.801114
219.325160
205.971270
210.398091
215.885149
209.456780
210.216108
216.124178
210.529912
209.560985
212.179650
206.237712
214.189231
214.784164
209.933061
207.230033
210.760628
222.802267
204.679458
206.098414
212.759582
207.425847
213.556989
207.220581
216.582647
206.196468
216.969087
205.019135
213.300773
212.909159
214.690104
224.132273
216.693842
209.592225
209.265495
210.568142
214.407788
203.872241
213.160807
206.158630
216.519144
207.117129
214.174392
221.736004
203.588868
213.631114
207.507390
204.998239
191.680036
197.139873
198.950120
197.935999
209.970161
205.349534
207.564845
207.569741
203.576608
203.626827
207.503875
209.814045
224.064717
216.691883
210.526927
208.923296
213.649402
216.363066
216.680820
218.579383
225.794025
211.164923
226.573541
216.436957
218.293825
220.099373
216.867520
215.396655
208.075755
203.261089
203.284894
204.027578
221.341272
203.339669
206.656755
210.209144
207.493713
212.486563
209.391891
210.170801
207.382616
210.601624
213.564889
203.062396
215.895369
211.815205
215.388325
214.292973
207.336706
209.155791
208.377742
212.391012
208.075950
213.874879
201.094214
205.511869
213.493404
201.131578
200.961600
207.299229
206.970941
195.906976
200.316927
208.345149
201.096269
201.468950
205.847564
201.381252
205.853848
210.983296
202.371519
200.466440
204.777456
207.140868
216.445039
195.019084
213.625967
194.325833
206.252267
196.088978
196.906145
222.355693
220.181532
198.346431
210.612942
201.424305
206.954932
199.556787
205.817648
198.534340
198.444247
200.421156
204.377026
206.551201
195.378041
199.496960
201.351518
198.435356
200.448373
203.289226
200.321628
200.282267
199.802266
199.930507
195.620143
206.856090
196.510381
206.719946
201.081932
206.479258
199.998982
200.857086
206.056915
206.423747
201.058439
201.158965
213.066552
205.442928
196.681957
206.915353
202.067066
207.253145
214.155568
195.800180
200.954882
201.289923
200.164283
193.049737
198.025734
203.096222
194.108702
199.112046
198.461807
199.892505
205.050447
195.980624
200.374541
202.197999
201.796618
201.627101
208.045774
208.091135
201.785365
220.465303
227.772799
207.182543
225.641759
197.094835
213.413120
202.251968
205.966932
210.854577
213.660405
202.574182
209.812782
206.718840
206.690503
215.372431
201.520066
206.677131
206.999714
206.658676
200.514338
215.078170
218.942300
207.651470
212.260487
209.656092
207.970691
209.689544
214.376173
218.242990
207.035900
222.241120
208.443994
207.608416
208.403581
208.649535
210.314446
209.467293
217.857879
217.088719
216.803840
204.278776
207.177644
212.117673
212.177401
211.474495
211.436708
212.106702
223.932155
219.745789
215.270519
215.573809
209.827407
220.872440
209.859279
215.695681
220.900889
220.882212
220.716309
205.525025
208.120600
203.230106
203.191892
212.344339
211.366325
222.206794
219.827384
202.169692
201.881697
219.850467
202.237264
201.287884
200.528614
212.490927
231.620745
207.383197
220.513592
205.062241
218.128904
209.419914
209.417151
212.176401
213.074041
206.511358
207.320010
207.075727
223.882095
205.652053
207.579258
216.563233
223.924936
206.457866
207.461753
187.306127
187.268221
187.957882
186.229094
186.201664
199.279049
199.978355
199.273798
192.332018
194.869975
194.131294
187.376814
189.029869
188.261976
181.957681
181.873540
188.145806
194.499912
193.761393
180.956498
181.066139
182.026441
182.819771
181.099037
198.379876
187.050837
188.191896
188.205355
187.286341
187.200256
187.979404
180.362816
181.169192
189.603612
187.759536
194.501576
193.763396
185.499814
186.070898
196.451282
187.228922
188.006630
188.300892
181.163331
188.861340
187.049233
194.786336
194.016142
180.915175
186.232204
197.495736
212.495242
197.728495
205.751456
201.394379
197.841593
201.703660
202.252669
190.763006
200.991963
196.134549
194.201515
201.095545
195.575020
207.945101
195.095209
201.841428
205.315156
199.457498
197.727078
205.462349
200.631859
199.624827
200.735679
195.310845
203.030034
200.641644
187.158700
195.151896
193.344556
188.208364
202.231889
192.582314
199.815221
194.315729
213.455226
201.758088
203.961769
195.549061
193.851310
194.692641
193.027641
195.463320
209.273343
194.993195
193.326160
188.834209
189.651424
188.928743
201.980419
199.338123
200.966387
209.313977
220.368639
209.412615
215.561412
204.118416
209.501724
212.556869
211.588773
214.262355
209.843615
204.495604
218.739880
215.336449
210.029349
214.390735
224.115316
207.988913
203.566477
209.791782
204.702752
212.815974
204.969304
206.540125
213.408157
201.602125
207.775054
203.316859
202.290660
206.942999
217.068746
207.634596
207.333173
211.066932
216.638727
198.909681
197.885758
207.503629
207.505690
211.536695
212.160325
211.160460
212.550843
209.309682
217.479031
211.964566
213.768294
205.083459
204.059096
215.524023
215.405801
199.522269
205.494330
207.902135
197.004851
203.228796
191.670369
208.090009
200.371376
202.913590
201.876930
207.646788
207.570831
205.564520
212.582487
208.660011
213.768229
200.112132
206.577338
205.447363
211.447594
207.553853
200.234199
200.098253
196.129186
201.478939
211.522956
215.078650
205.496409
208.043862
200.370185
207.665475
208.700896
209.989011
207.541941
206.561954
197.842776
210.366989
194.645993
207.959908
193.560247
201.830402
202.131372
202.772781
207.275545
200.535069
195.813253
195.828858
200.596324
199.960394
200.903385
200.594197
199.190390
200.857988
201.508041
200.156670
201.074149
199.112031
200.070379
199.073788
199.363980
199.102408
200.113613
201.884001
198.402812
200.107190
201.857440
208.152094
199.779012
200.109041
198.319816
200.821932
199.043092
200.016217
199.423403
198.317807
198.280235
199.130683
200.017351
200.116231
206.404763
211.806651
199.452000
199.398254
198.653988
193.166605
193.897125
200.916766
201.557625
200.879531
216.951316
212.077012
209.216098
210.149518
203.952003
216.035506
212.005594
209.138522
208.988011
206.508761
206.438767
203.410893
200.159498
201.161998
200.209994
207.205008
207.920356
216.522931
200.329150
202.104077
208.982072
205.742475
208.535345
210.435409
206.544738
207.253403
207.340031
203.144517
208.439245
208.474602
209.246313
208.044490
205.054239
203.235708
206.744445
194.018702
194.025679
195.744684
194.661389
195.084572
212.957001
204.328933
208.296823
208.297546
213.042247
210.059431
205.843949
206.858721
207.173594
194.723337
200.209336
200.222141
195.741340
201.910900
201.101308
206.840520
202.863945
206.900635
195.005373
195.088539
195.063633
195.055238
195.123521
195.140216
196.978583
199.607093
194.997920
185.565934
193.890678
212.468879
213.293361
205.295695
206.191262
200.016223
216.071683
205.073960
203.226066
203.988590
214.983556
198.938001
211.552875
208.484245
209.545773
215.226563
210.364795
212.111347
209.622854
216.094625
210.004080
209.925883
195.033935
193.232210
187.402181
190.844158
198.895728
204.762114
205.779566
211.167644
206.888568
197.732861
200.630233
207.658577
193.540566
200.850652
201.675360
192.536634
196.297346
201.368575
203.324723
194.028487
194.740788
193.037158
199.952761
201.207143
203.936446
201.014800
212.309894
208.515935
208.438475
186.526700
204.925606
188.244101
187.213637
203.245524
193.689018
193.717570
200.681641
189.071597
188.739916
200.011851
198.918462
198.917171
198.127737
188.353316
188.001997
202.656360
187.266959
187.296700
187.227429
200.216375
194.069551
194.791882
195.133873
201.063646
201.134405
200.051091
197.467025
202.786457
204.523560
219.145413
219.731482
232.725007
216.305925
213.657938
213.811110
202.501414
244.797985
209.993840
226.957723
224.703659
209.161156
201.767118
202.181712
201.440413
203.964869
203.327608
203.025165
197.142094
207.431769
205.090302
205.814587
198.948170
203.235363
201.396685
205.615053
202.558698
203.997388
196.418319
205.135652
203.319253
213.749754
235.770480
203.329627
204.057507
206.884950
211.810423
212.000788
212.997880
209.685328
214.432278
207.590404
212.851881
210.380306
211.085990
212.935799
206.649071
210.343451
217.998686
214.733413
219.044535
214.816578
228.893082
219.541040
202.644751
219.671877
204.394723
202.667054
208.970798
209.048752
204.207097
205.955806
204.228124
214.346202
211.816620
210.543402
211.646833
202.934781
206.178272
205.471109
205.274376
206.145054
210.678050
206.491471
206.286124
207.128541
214.853656
215.663823
198.538578
201.139898
208.018322
209.634319
211.766252
200.484298
201.121837
207.475552
209.089960
205.925066
206.620163
213.449065
209.090731
210.705464
209.516999
212.956869
215.266658
194.948321
196.624931
213.194552
214.003451
205.439385
205.573125
207.147648
211.020011
194.043686
196.646148
209.662108
211.541235
209.739857
214.787758
208.333750
213.709642
213.794216
208.047504
201.117407
200.454144
209.230602
202.941874
205.369405
209.776804
212.204775
208.573471
209.688707
214.789186
208.331530
213.943902
207.213086
208.371092
195.848251
206.283902
189.069843
189.720300
191.529847
207.108106
204.530268
202.837674
202.044273
202.758548
202.105142
211.667659
208.448378
210.844269
200.153087
188.187613
194.877174
194.862634
193.871332
195.579857
187.204962
187.096474
186.401709
196.722314
193.294898
188.921531
188.938948
188.944832
189.899496
198.076692
194.095284
199.470445
190.754165
187.889184
193.707428
192.991800
189.641814
194.970361
193.291407
204.625918
217.020332
209.183125
208.003890
209.047796
210.911567
208.401652
193.289311
196.125879
195.019692
214.361392
207.746489
202.318244
218.439321
214.287418
195.058065
206.895620
202.330872
208.564980
212.644377
207.880754
202.452050
207.743100
218.672125
218.429883
212.354544
209.524898
214.844709
214.992074
208.649349
203.137094
207.074972
219.400501
211.639101
208.228048
215.143835
213.608964
217.371521
207.284471
205.730675
200.257378
218.565318
212.263480
201.296701
217.454843
226.713960
223.742075
207.274320
206.285886
212.872006
207.449762
217.535349
197.950356
195.699502
200.718177
211.137134
208.529557
210.362494
219.316608
202.176536
201.150860
200.582928
199.691908
201.416035
218.210928
206.553279
194.250017
194.100562
215.455667
198.994156
196.725549
201.847207
218.461990
225.328083
203.073115
207.455657
208.875643
209.238324
210.634950
211.130432
204.173207
208.915526
214.019544
214.745459
214.648544
224.713300
212.432314
221.912952
220.891939
201.504327
200.268978
205.230710
199.738960
212.670744
214.590835
218.059770
205.358800
215.544062
207.361263
206.589158
210.520713
206.692381
201.311698
212.511762
201.459231
200.353292
200.375358
199.396628
200.347920
206.781339
206.486289
213.583752
204.866435
199.767206
205.155731
199.176772
200.199543
216.159906
199.484908
201.037283
217.450356
200.157717
195.889629
207.003885
227.427413
216.517202
203.283689
208.363982
207.177096
208.647462
206.592284
202.387915
207.874504
207.467616
200.458168
199.491333
216.015452
201.213047
199.220613
194.212054
199.403170
199.392845
200.144328
200.163867
205.677261
209.237659
211.025054
206.048524
206.428469
204.068809
198.679002
204.733062
203.615943
202.853174
199.415904
198.415604
198.430601
225.350993
202.712843
208.066171
208.757606
207.759999
200.172741
200.189948
199.190309
194.765529
199.209251
194.781301
229.742612
194.907102
193.838351
192.192554
192.340375
198.429706
198.438608
215.038295
198.500727
199.380829
200.099198
197.395375
197.695375
197.359949
197.429763
207.296350
213.455117
208.025058
206.330635
205.280028
205.324878
210.581106
203.548983
208.065173
207.105199
203.424969
200.551104
215.345877
214.291112
224.687271
202.632156
208.206090
214.792774
215.788845
212.684864
208.386379
213.952963
214.975158
213.549083
211.798547
230.339320
213.803906
212.727519
219.305832
213.379482
212.370502
207.202618
226.372043
204.276448
219.856234
225.861268
203.763753
215.958672
225.658755
215.085026
224.673665
208.200636
213.649948
225.124364
203.071889
208.418980
207.313139
209.707199
209.194072
213.237843
210.977613
223.343579
233.882811
209.922939
207.604132
212.434325
213.300232
217.984959
212.053888
213.860449
217.342394
211.753960
215.634928
216.502551
207.258437
208.010655
213.568067
207.850934
221.333715
222.263162
213.487980
214.467064
214.234426
213.545202
214.535750
212.781634
214.448710
214.637994
216.033527
218.791922
211.110967
214.908986
209.789215
200.260007
201.073892
215.108769
206.515201
215.283727
215.210686
206.742754
208.240290
205.006760
208.023000
213.972032
226.658189
211.717112
225.861018
208.967966
209.939858
216.682797
218.363441
208.056567
246.145270
200.317347
202.128154
200.552380
229.547538
210.163551
209.366084
214.494721
214.072762
207.508130
206.811455
209.306440
205.019399
234.912064
215.521435
214.723688
225.381732
218.933433
220.954126
218.977323
217.643122
225.074605
225.170717
209.641323
208.719997
215.558182
213.074418
220.089448
212.696418
217.222772
220.557459
220.537901
225.031665
223.965772
223.979156
218.568376
221.251693
220.971866
220.999173
226.591468
227.651409
221.356443
225.856465
224.771721
224.755400
238.518879
240.129701
196.120884
202.333777
204.891532
204.673508
203.197751
209.164358
210.743559
206.598531
202.272833
198.318074
204.541954
192.798038
227.475595
207.549935
220.945993
227.121575
217.593619
200.995689
205.318747
211.543990
217.454167
200.860383
205.185329
211.410589
225.081616
219.438033
216.797391
211.430570
216.002963
215.113224
199.493671
228.013714
209.560266
225.732889
203.816392
209.988308
222.970301
209.128821
219.276803
222.909682
204.695775
206.209421
217.773416
218.780294
220.307326
204.480910
213.419134
219.590778
218.036230
219.833818
218.844025
237.065326
219.962177
210.852144
236.832011
238.901394
237.893404
236.754626
217.606383
215.070084
216.769888
215.789163
215.922164
230.382627
224.755331
243.462089
215.699663
235.947296
216.500224
218.954622
217.830113
215.682613
209.647172
219.951367
215.504054
232.939043
218.688881
237.309554
224.552604
238.415216
232.676634
223.087862
227.677869
223.278939
219.199858
219.825998
237.777997
227.531779
191.283203
191.749934
192.561821
192.139871
196.109762
196.154328
188.351176
196.866951
214.594559
213.517505
208.958905
206.427178
216.277721
232.956164
215.308043
212.836692
207.689948
210.176564
208.421061
232.922289
206.541443
207.612348
225.075478
207.217607
209.044943
197.724892
196.648047
211.532250
205.655879
201.174059
202.807665
196.056934
199.310785
210.440166
199.420147
212.144423
199.430908
207.280748
208.286928
205.800190
211.276423
212.229280
210.411579
207.234239
208.371853
206.553763
209.036161
214.355091
235.298706
214.369716
214.527917
230.120136
209.128419
208.372934
212.399507
213.319435
202.978290
197.792760
201.397260
204.843585
203.064936
207.926586
208.363470
203.011952
212.844852
200.838175
200.100257
190.373306
200.112190
201.735942
227.619549
223.015071
220.962418
214.516378
214.522396
210.065942
209.100472
223.002700
211.970650
213.631298
219.768855
217.964032
215.485940
218.639926
206.567922
211.083307
211.156492
221.938068
219.649155
215.362951
219.518514
210.341351
206.052837
214.318744
203.239608
204.030581
204.824401
209.532138
204.001176
221.828971
212.097026
209.584054
205.881328
221.803825
210.170267
210.931522
210.184254
222.495337
239.881260
223.173994
223.969683
214.236859
198.034173
199.548362
213.854021
202.041055
199.842120
201.320321
200.182388
196.181979
199.181629
214.259689
203.207857
201.286043
203.873685
201.926411
216.410096
216.408448
220.022381
212.529943
214.317151
207.814017
207.781789
210.978199
210.429953
209.112442
206.731152
214.595932
210.943222
214.566903
208.189503
220.705141
232.489825
220.707740
215.480333
220.652710
214.730835
218.900359
218.441803
213.493297
204.146954
202.326380
213.526515
204.186728
202.411146
200.857557
240.098567
223.371521
221.747833
212.399561
226.765704
228.385284
225.569841
226.906332
228.079955
221.646879
221.535553
230.446184
230.445943
223.277906
218.564761
218.530891
223.280776
215.520647
215.548236
224.220038
228.348827
231.175418
221.875310
221.230050
221.264054
217.712061
218.743613
220.918288
226.587065
225.567891
224.870863
225.118354
225.657754
220.717431
225.721602
214.347599
228.714668
223.223043
221.510141
230.480100
238.616303
234.863843
221.536951
238.661473
226.821916
232.218246
236.013463
215.561537
215.515104
203.598145
195.918133
201.371650
205.671266
189.185658
193.618462
203.187370
205.434107
189.928162
206.148566
190.643012
221.299368
215.510125
215.463737
207.370501
207.311383
212.438039
208.296980
205.858715
216.916335
208.333430
208.196732
209.051605
201.804860
201.805936
202.102312
196.888728
201.331868
198.947169
186.511865
183.129648
188.981588
190.726266
189.998331
183.001866
197.518617
196.023275
204.368361
197.242804
214.949445
194.681379
195.432685
195.659578
194.693352
195.492074
195.108825
194.044087
195.719581
193.970902
194.723000
194.027365
194.061704
193.306504
193.426279
193.084477
194.081031
193.254717
211.795266
194.376287
195.100165
193.461361
195.038246
194.272356
210.527255
193.417716
210.546930
219.076735
231.793221
219.948534
233.213374
207.303448
196.303612
192.623147
191.579792
206.194945
191.482109
190.438960
220.679879
201.152986
200.816219
211.362461
206.576032
200.054513
200.129931
201.075510
201.108996
216.126342
221.043840
220.963682
220.692452
210.243427
219.490129
202.060697
204.319776
199.405771
194.092099
199.335317
202.876784
205.062781
195.900874
220.058755
217.642683
221.679627
216.476190
216.653943
213.216613
219.367220
204.421534
202.593311
203.459376
201.375549
200.509861
202.192221
199.492042
199.488596
203.820567
206.138896
200.592774
196.262878
209.461108
203.052748
205.426839
198.834756
194.358741
200.785464
199.702424
224.460212
214.834517
214.995016
211.952873
217.494140
230.852280
206.414392
205.676076
221.809581
207.105915
210.745057
200.435115
204.763621
216.151878
206.032940
207.610253
211.795827
201.355250
206.735808
207.135351
196.105167
207.125088
195.973249
199.251378
200.276111
209.945120
198.975569
199.936520
216.183229
200.171082
199.426416
195.294700
195.187034
199.339471
201.958041
224.970378
212.047696
207.314709
202.936622
201.171819
211.358114
207.484434
200.160202
200.083162
200.206174
202.058915
209.900452
215.870638
205.624428
202.236139
205.892460
206.871994
205.675402
204.533723
202.168016
222.597110
201.014672
200.885153
199.867347
201.860529
200.298672
199.184070
206.495372
199.212618
200.187241
200.994532
201.116330
211.356668
203.699809
200.169973
203.861073
204.827919
203.674472
202.568855
200.170816
228.752193
225.216782
201.203071
204.312358
219.465559
206.975097
203.133003
207.570451
200.166683
208.217133
210.578864
202.192771
204.828585
206.272693
204.300546
218.865622
207.015413
203.172673
206.978091
209.047538
208.496844
207.921219
209.315174
213.909280
210.993088
200.260419
206.479035
199.149444
207.201986
201.116767
219.900545
206.569440
206.800716
207.838184
205.527511
214.692811
203.395204
207.393355
209.141344
204.077940
213.760335
209.797472
207.961856
207.817687
203.102399
208.139769
212.807491
209.848972
209.617640
213.949604
208.463059
214.494598
221.773284
215.255827
216.951183
217.024277
199.126010
205.550163
200.115538
200.875356
200.096189
216.168984
212.448594
214.277347
212.487373
206.551070
204.597773
201.894727
200.837735
202.879690
205.425750
205.477877
201.742560
200.744181
208.729073
214.077557
204.637060
211.396025
205.484694
206.405601
203.578811
203.517663
201.801084
201.746752
207.450493
197.403273
196.372012
205.776700
201.051142
206.638964
207.090138
200.896703
205.851125
200.097923
206.068984
198.465883
198.433691
199.974308
193.318992
208.634358
208.595207
197.246953
196.248411
201.729249
208.263825
218.342016
208.661568
191.523299
197.667822
205.977098
196.620978
205.543330
200.432893
204.725108
200.378832
205.760394
205.764213
207.043084
197.727070
198.732110
197.683184
194.972406
192.623187
212.444827
195.014539
193.174768
209.843113
206.909064
206.905410
204.471589
200.072960
202.840591
195.902585
203.192349
200.563221
195.206439
204.692809
197.699414
221.777233
199.222606
201.136249
201.590022
200.430274
200.148264
200.496219
201.160868
198.517503
198.516336
200.693788
202.840354
195.211268
200.004949
202.149281
197.900815
193.454621
212.848612
217.392772
208.800998
201.590773
204.487027
200.485844
218.667245
200.325864
202.173466
205.787536
204.877873
207.256108
203.345259
202.186629
205.921171
206.657771
212.138597
207.655337
204.850313
204.092946
206.103129
205.361627
202.088525
204.346330
204.803421
202.104659
210.469659
205.726144
210.900029
221.827427
209.930077
217.256380
214.474436
204.907852
212.737248
212.764600
206.491788
207.529368
224.334948
213.755732
212.553311
198.555933
200.481954
203.945318
200.242481
198.464383
195.125898
199.518308
197.903151
214.790288
196.795701
213.591790
195.163965
211.063355
227.071998
217.685354
215.891107
225.255442
211.001048
215.591196
227.817645
200.360103
204.760201
203.615550
206.183911
212.162062
202.611899
209.132457
218.270372
206.339949
204.093485
210.884304
204.725496
204.176034
217.789298
203.561601
205.026406
219.641842
206.570606
209.283995
214.619931
211.421822
228.800021
216.736425
209.268074
227.044063
218.884864
218.130829
217.354126
196.412008
195.219984
198.820261
212.458851
213.636839
209.180085
208.213927
225.916139
210.211213
215.609630
205.641030
211.750914
209.908622
210.968531
209.926606
203.665820
205.471785
199.323053
203.585588
202.617467
203.381331
202.059207
216.625263
203.885116
218.405426
202.837653
213.382524
202.444560
200.184424
202.626298
197.798962
199.739042
207.965138
200.379788
202.178125
198.611641
206.801204
199.652530
209.304107
199.629985
206.891760
200.409390
209.094754
198.505139
206.692886
198.568009
207.502275
207.981361
198.805381
200.321427
200.362484
200.330663
200.372957
205.493396
206.482962
223.266384
208.603663
238.432300
203.078055
204.270201
236.886642
223.000786
218.384263
223.941284
222.173075
225.889042
227.803947
219.315350
215.013954
212.345328
218.826554
217.105891
207.479318
213.730182
217.875843
217.811969
208.487698
202.889246
214.818922
207.215422
209.023226
219.311382
217.553895
207.531391
217.811834
217.822811
205.935278
205.990951
203.375069
201.337114
208.418731
194.236168
201.352733
192.653710
201.714622
209.535276
196.003304
217.433354
200.360961
202.171697
211.326733
196.982798
205.262468
201.380322
200.532682
199.495925
190.814924
205.160734
199.521353
200.320332
202.127863
211.372150
205.616748
209.147983
200.592774
196.938119
201.351540
205.646453
208.416265
198.425046
206.273323
198.325180
209.269213
188.691235
192.281373
187.991104
206.283879
207.325303
204.418371
205.177635
198.503080
192.989860
192.906567
190.723844
202.256444
202.936090
201.155037
201.191606
193.052869
192.907981
199.281247
197.479913
201.892825
210.679508
193.383777
192.223655
188.017230
188.742942
189.017936
188.666697
188.969054
188.289494
187.963870
187.631686
186.973868
188.102049
188.058532
227.295018
230.745769
218.988650
217.753229
228.462483
214.275151
213.488281
208.743868
211.028525
203.219758
219.562555
211.187928
212.446233
207.704434
210.043459
206.653680
206.541010
209.051110
189.875337
191.213742
193.271230
191.572007
189.933066
185.505757
195.650635
193.367402
194.875681
195.786926
213.550373
208.842315
208.948094
202.108698
195.941333
210.664180
205.777399
217.736556
210.619339
209.250451
210.027225
209.519324
207.650780
188.956021
188.755042
189.026490
189.775562
194.845525
192.513525
184.594305
189.068671
194.058664
209.290526
198.354874
188.190957
188.197659
200.359065
188.160055
189.874625
225.351486
228.424210
231.954599
209.127352
203.857725
203.012995
198.774779
211.371073
207.425777
203.840652
202.997526
202.675402
204.039769
200.910729
204.950249
204.664700
204.586022
205.680174
203.647491
218.235181
205.973603
194.350306
205.910084
206.220227
207.290538
206.711185
208.120717
208.403959
206.504889
219.363307
203.103155
207.080813
196.234714
198.103639
222.210985
222.137862
215.541689
218.881848
222.334291
222.066686
215.293676
222.423129
217.018219
215.928418
223.738349
217.499935
220.504671
207.813707
209.761111
202.886611
197.617084
208.664614
201.814826
205.337768
209.179423
206.457520
198.398803
198.463437
209.114238
202.262346
205.613365
211.573692
211.391433
220.015621
208.223081
207.181583
206.442451
207.554182
205.702682
203.905294
208.196733
204.668540
223.271953
205.645771
203.441261
209.775123
225.950278
207.129756
206.761775
207.335564
205.165820
206.840013
208.531327
210.818066
206.415667
212.005410
213.596030
214.400546
212.556011
211.873742
218.946448
198.902138
199.533947
200.769716
208.657411
207.867064
192.275369
192.363886
187.084209
187.763406
187.110914
193.405517
193.326232
195.776718
187.238749
195.831457
195.303488
193.447210
191.552527
191.518321
214.412192
196.250831
193.963990
201.036194
195.763800
200.010216
193.989317
201.072974
194.031705
200.003783
192.941075
209.573837
200.176481
201.044088
206.182474
199.911095
208.563495
200.161936
200.187602
201.978202
221.113521
199.412373
196.231073
190.120521
194.059922
220.489014
220.564946
216.952369
216.978988
196.923270
196.715134
195.954895
195.165437
195.880296
195.118340
209.865715
206.997495
218.253413
212.897794
216.462263
211.106102
222.285973
219.768401
214.379606
216.862337
222.140518
207.604350
213.598171
203.151077
210.811094
206.849332
209.285987
216.074267
211.902759
214.257211
211.618427
209.948802
207.592445
227.304013
227.413218
208.489480
204.179248
210.807738
209.699925
209.078184
214.270365
214.633768
214.818778
209.696051
215.991074
212.997058
212.322890
206.804064
208.733602
205.592202
206.779709
225.982072
209.084191
209.694084
211.294318
209.710836
208.980818
208.598038
206.619596
208.485140
207.743273
226.839473
208.182031
205.446058
200.472524
202.259860
197.074392
201.391015
195.872589
202.822767
200.360790
201.421738
200.642644
210.393571
199.360671
198.831519
200.590928
211.615720
197.752162
200.765901
195.289355
199.517729
199.583913
194.885862
197.780842
201.086630
206.696768
205.935333
199.593799
202.684709
194.187655
201.076101
207.774818
209.906877
207.300413
204.546659
196.015192
202.938200
205.563105
208.308185
195.235921
209.451666
204.993462
208.700032
205.186223
207.707461
202.347644
220.295645
214.067205
215.101343
215.203518
207.544666
202.154241
217.133013
215.359413
216.409880
216.318893
208.778291
203.387352
218.119336
213.388431
220.254941
202.537575
213.020208
212.952108
212.934716
205.432739
200.083101
204.902811
200.556440
218.150541
215.990618
216.064974
216.981887
208.436245
203.084353
217.155973
214.716662
219.966220
197.091790
199.389280
194.441928
206.246709
197.781433
195.976842
197.599364
196.668438
195.847733
201.098089
203.284609
201.111851
201.678739
215.418194
211.916269
206.552686
212.400611
206.450449
208.941522
201.522527
200.965841
200.593400
206.409337
213.543017
208.160477
207.232563
226.619201
234.133609
227.275461
224.158064
228.537186
225.743374
227.830732
235.344212
229.006217
230.119708
227.376497
230.443220
207.842614
204.940381
197.047816
197.192742
216.502249
210.498769
215.308191
202.667041
204.447644
210.775663
206.846191
199.713492
199.860169
200.875214
227.366955
217.345914
232.559463
222.335028
216.952796
215.839008
211.640340
217.744756
247.306775
251.334731
223.691392
200.979972
227.473946
207.160651
212.450102
208.856721
215.340702
227.831853
210.679105
207.350132
208.205883
206.154073
215.326378
208.852882
209.373347
212.875615
210.054916
225.955906
221.722794
219.047613
210.186221
221.325995
213.278006
211.395116
218.754129
209.946739
209.226366
218.185181
219.183068
210.536544
211.613368
213.842641
208.729679
216.082418
213.169447
212.616251
213.907692
216.913586
205.315488
215.336304
211.982863
207.462554
214.350207
216.670308
213.475091
222.985893
217.834383
213.557081
233.662502
214.279204
199.352389
194.018670
200.134262
207.920440
209.509107
206.434227
205.452966
204.330932
210.279511
206.229336
207.043549
211.378397
207.535428
208.296533
206.547619
211.752596
219.282702
203.878360
207.122453
206.397075
206.094523
207.169959
210.959259
210.005138
205.554805
205.429409
216.903904
206.413684
208.723698
196.975418
205.677233
205.698970
209.678506
205.493638
212.858178
213.552466
200.821635
202.088920
208.910757
212.679422
206.515362
208.861747
209.014053
209.784710
217.432061
207.554704
215.417075
202.080457
202.772851
220.454508
216.474831
231.108267
221.950359
225.666073
222.391869
219.420869
231.225125
211.965539
216.506213
221.941770
224.653214
221.398147
218.696563
226.539640
222.358353
210.658815
212.777347
201.343543
200.630097
200.591181
213.346962
220.236541
214.040563
232.807089
217.815257
201.311123
200.948766
200.970559
205.489390
194.211735
195.233929
196.067349
213.789104
206.141715
194.525358
213.486448
207.217040
222.132728
206.926493
206.999330
207.592486
207.513561
227.046847
210.055061
230.229913
218.962294
213.315511
214.007279
216.841897
211.949962
212.546244
214.265149
213.492237
212.466282
218.657602
218.750373
206.438968
206.810083
217.484820
212.295642
206.908888
218.500014
225.142106
225.904043
213.922379
213.769938
220.671439
212.559583
214.072634
213.242842
207.874233
210.126704
213.432901
214.943923
213.153906
219.253683
215.725528
206.431911
211.915894
212.510123
203.879522
210.506003
218.553849
204.817326
217.756623
227.232549
200.039953
199.971347
202.363927
203.025337
205.177904
206.239072
205.504277
202.221262
201.945410
201.846702
219.116184
214.123941
198.443380
198.750793
200.496853
206.895895
207.555789
205.314558
195.156018
200.167365
199.587516
206.081537
194.000786
202.020676
198.393328
195.933240
201.390603
218.362487
202.206925
202.278149
207.299196
207.220808
207.173668
194.038811
199.964338
198.429905
200.309586
195.884156
201.631157
201.687603
199.070458
213.426641
212.219257
199.621315
200.373493
212.911628
210.573808
210.514997
200.219450
202.097905
209.888483
209.830865
199.508225
201.384134
198.780130
199.660327
200.548865
209.815682
199.463737
209.788563
199.495161
201.343807
199.488564
198.724624
214.089586
202.948654
229.833922
208.127329
219.538690
209.588263
214.310510
219.430043
213.266503
212.396008
213.526490
213.709502
213.662230
223.935329
214.710129
219.999997
224.056772
214.829120
212.837237
220.029565
224.793543
215.045904
222.596006
223.546754
217.200499
213.706825
214.378538
212.452986
212.623651
220.074987
219.814999
213.337657
220.865074
214.963124
213.070995
220.420453
211.541631
216.644537
218.282961
215.493959
222.876754
218.470244
216.746829
226.023674
218.558192
218.566073
211.137625
227.752518
212.186334
210.160446
212.493537
211.901642
212.046122
224.422989
216.871755
216.379382
216.616130
214.603626
212.910890
209.339608
211.077535
205.859939
219.105942
208.011736
208.580323
213.002999
204.780273
206.696985
206.640673
211.113714
211.131780
215.628732
216.356506
217.690891
221.215384
204.886605
207.974430
227.036941
216.374212
222.125825
222.048522
220.538029
209.915055
226.625779
210.079002
204.288968
223.387105
210.316569
208.346813
205.248784
223.302875
221.250754
204.900691
223.061986
223.751916
222.993181
228.655325
209.263434
208.544267
207.734446
208.413164
210.031442
205.836747
207.576445
207.757184
211.909988
212.043289
208.405389
210.056618
206.528486
206.817065
208.452289
209.099966
210.751107
210.479876
215.508712
217.181870
217.272623
213.846356
218.980634
220.586194
237.838932
215.126626
221.198567
213.932329
225.579581
238.033087
203.140097
204.648793
208.448164
210.403197
209.242684
210.751048
209.372772
213.155829
210.003219
218.405840
205.390231
225.893433
212.831649
217.445277
216.579552
229.701533
243.375998
221.515636
221.468972
229.549143
218.572075
229.048774
231.426562
205.331627
209.129935
229.511842
211.710270
217.592692
215.798866
235.140677
212.844256
218.244343
210.516482
213.372340
217.109660
223.238423
206.430992
211.905398
207.449473
232.457398
214.091511
222.140032
223.383608
208.466726
200.622929
216.932428
200.610752
200.749749
202.397034
206.138472
200.774764
208.552647
201.307905
216.977958
201.507153
203.207229
209.276422
218.783086
203.244167
204.813265
209.463446
218.904200
202.116666
202.143724
203.197526
206.835998
211.461299
219.960186
202.401046
202.438679
206.625366
211.277214
220.696827
211.051100
227.184811
212.899647
215.883034
217.368225
222.020380
218.338278
213.290385
216.560641
218.494122
215.869029
206.374136
210.997722
205.496304
210.146430
226.045513
213.586508
212.863333
215.383748
209.926244
214.534221
209.808805
215.391163
214.616381
213.635574
212.909709
217.536157
206.891919
213.806641
214.722043
212.776415
211.133502
218.252908
217.527010
207.283729
211.095932
205.381915
213.984795
218.602011
234.522288
219.520114
222.825297
221.825022
213.064218
219.813355
211.928057
202.598081
201.830366
197.937348
201.016085
202.729015
201.547699
200.839432
206.479738
201.678181
200.970111
199.562247
227.918538
210.747680
206.165172
221.552747
228.391514
219.371174
208.092080
209.839471
194.305565
194.355966
194.405854
201.938024
202.197956
188.835670
189.167729
182.120982
228.029399
213.470859
209.321565
208.850018
217.367214
216.276089
213.191980
221.061468
227.182511
212.181065
213.949736
227.019766
210.567964
223.844996
197.767819
195.487123
202.928833
202.897392
212.186123
217.422719
210.795515
222.452596
214.978939
210.801107
209.302176
219.502686
217.998352
217.701071
203.564916
212.364858
208.075105
204.075813
208.475154
210.463677
213.167889
209.377820
208.213894
209.961736
208.234798
213.045356
214.930560
218.068478
215.887511
200.624991
208.076577
204.501360
213.867048
202.305614
210.088285
201.140107
204.290114
211.776239
216.935994
214.594553
214.660771
231.294630
211.264655
212.008464
209.446683
212.145948
212.515183
198.359243
221.524560
204.187595
209.256573
220.276839
207.266125
203.724304
213.252029
208.572619
206.617531
215.853065
216.665385
224.604561
210.440165
232.037564
221.858074
199.856120
198.820854
215.571391
219.637939
198.750952
197.691344
208.045847
206.309323
203.396776
202.119177
201.001562
213.390576
212.234343
203.937641
202.015511
215.110415
202.656002
211.190093
202.083437
205.619520
201.261305
213.284269
201.535380
206.840558
207.730631
214.725452
206.647635
207.094993
206.528138
208.312514
202.416485
206.457647
201.358422
212.092184
212.197409
218.460541
201.132867
202.893359
202.042193
208.400330
210.184977
208.901666
201.634857
201.840458
211.195181
212.333421
203.627252
202.732094
202.580516
200.890476
205.273423
202.700643
211.825953
213.661048
213.635803
202.787548
202.703262
194.110424
210.421638
204.248415
209.608678
194.963281
194.840199
210.691597
203.449046
202.289709
204.044852
198.699622
199.782460
197.674658
196.809800
219.749048
205.420409
197.779973
198.565350
198.590972
202.494516
202.504131
203.397967
209.709727
202.009150
203.814980
202.994126
209.383174
203.209908
208.526217
213.619190
195.965936
217.980639
206.588399
206.653331
201.731080
197.005999
208.458853
199.540403
193.391427
208.643715
199.532362
199.579213
200.391887
202.492660
202.784120
202.767256
205.493138
198.773838
210.795999
188.739507
188.072015
194.608526
193.937162
192.232344
195.696584
193.862594
194.006651
192.902619
195.956435
193.216637
193.920880
192.144136
192.180725
193.979107
192.445991
202.564699
193.238309
193.236449
203.501033
186.246179
187.007970
187.299724
185.586218
199.764312
210.543055
221.638480
199.838727
199.198596
207.120143
206.220570
207.173940
207.903085
205.444394
203.554653
202.901265
213.207049
201.997481
200.415889
202.041055
216.019043
211.217043
211.249482
215.765387
226.778365
205.619019
210.959212
211.238496
209.562865
210.690933
209.256026
196.634112
193.994571
194.940466
196.608955
208.878571
208.391284
203.349862
200.402637
201.023103
209.342089
226.811957
205.625168
210.933177
215.795466
204.089062
211.350803
227.749386
206.737491
214.926521
212.679868
225.078987
208.483643
226.102596
211.038232
212.493901
212.913066
215.331035
209.047681
208.201262
218.427677
204.932769
209.262135
213.496422
199.841291
210.490414
210.087354
221.600124
207.625329
242.638416
199.570128
197.305838
200.305762
207.683665
204.875454
201.542407
209.235720
207.680764
223.228687
204.192855
204.225146
214.468167
202.576954
215.169407
197.701256
205.423524
210.293166
216.389545
212.914874
211.000007
212.841092
210.234711
197.604226
196.202294
191.803889
200.973524
201.951278
193.527418
197.900042
202.751281
202.617175
209.955749
208.382283
207.624680
214.491558
224.918312
223.110324
207.606783
207.629761
211.097555
210.097613
215.332874
215.316108
208.541401
203.180662
201.450647
211.777931
207.300672
202.603092
208.752322
205.351268
200.187309
202.557649
217.611683
190.811061
209.001075
196.926585
203.100895
201.309580
196.984915
201.789402
205.098594
205.412418
195.769855
201.942910
201.138570
195.148642
203.545613
199.483210
202.116593
206.580879
200.174690
195.017712
209.024055
211.321259
197.742386
201.030415
205.456115
200.025509
205.455975
208.674353
211.942853
193.325219
189.756600
199.474065
207.954677
194.186514
199.676517
199.182677
199.874447
195.246217
200.798778
199.406750
205.291449
200.305975
213.636762
202.135276
195.025238
193.209214
194.401351
200.456393
198.823793
194.261213
204.546054
199.520041
210.740601
215.164311
219.390750
222.847542
215.648742
218.647080
205.095661
212.793362
220.042559
215.471630
210.461418
223.009159
213.674929
209.385077
212.169228
217.154101
233.237220
228.170274
212.414338
224.865860
219.600416
207.831648
220.316525
215.050626
213.763736
216.809676
212.226978
214.510784
210.490000
212.197435
217.132726
219.411712
222.445079
222.406050
210.511710
215.859004
214.903481
207.592995
206.602326
225.084488
211.886490
212.154957
206.551803
211.865310
205.538547
205.521640
201.833177
205.397663
205.347788
222.067663
217.713064
201.902049
223.232645
220.062561
208.913497
208.855575
220.018733
207.846557
210.606437
208.137870
227.858578
227.710922
220.235442
220.191622
206.421261
211.957287
205.779112
205.681575
212.719520
224.085948
207.400233
220.579073
213.110576
215.803676
214.587325
213.742892
210.374089
208.095955
211.571519
209.120167
207.053441
229.750082
207.174503
216.271491
211.722783
193.960576
200.183563
201.187702
207.892829
206.232935
201.179394
206.160255
200.889403
206.193587
210.396885
193.546398
198.848952
201.018886
200.270694
205.699136
203.652179
205.831307
208.150877
201.615834
200.897760
199.993752
194.715130
197.354946
200.133321
200.214398
204.534112
203.674794
203.825326
202.664034
205.504979
207.448480
204.962965
209.972508
211.610674
213.245092
220.686322
218.421605
205.872921
213.348170
211.792970
210.242933
206.925482
207.018098
205.408310
207.737882
206.540063
206.058268
202.079317
208.113492
205.316757
209.019718
200.341355
203.569566
204.700369
204.589223
203.670288
201.427812
207.487220
201.048426
202.648472
214.354258
203.790375
214.223196
202.017911
213.170144
203.812001
208.198108
214.031729
216.222543
206.290204
208.229672
206.432219
209.886288
211.955468
207.183163
213.104958
204.468230
210.936729
202.887994
205.327472
209.862236
208.839867
210.032291
203.592869
209.784187
199.718876
210.121663
210.899436
203.990445
205.909798
204.412861
204.759645
202.075442
206.460455
208.263716
221.970047
199.831323
205.230143
210.641964
206.817373
212.092355
203.801694
208.770510
215.211768
208.332461
200.340309
205.409455
206.630055
202.230040
200.000803
206.558744
206.501249
204.955569
206.416937
200.359482
206.437822
205.070751
200.347092
206.377018
195.173954
192.438262
192.475923
200.623423
199.483169
194.201167
200.118138
198.404819
210.527437
212.235222
204.506357
208.047787
212.337295
212.340169
200.797370
201.548418
199.091677
201.776141
197.640859
199.091915
198.652440
200.055473
200.807255
200.112409
199.200714
200.895805
201.049071
198.393306
198.432119
207.779952
205.496191
204.775845
209.896575
210.921318
197.986683
197.889278
196.952453
204.659502
198.625755
204.676378
198.410057
197.686037
203.660088
204.669471
197.715530
208.090529
220.744691
204.723192
201.085169
200.458533
202.141928
200.303418
201.089162
200.178973
203.141864
194.043099
198.397294
203.298167
195.186477
198.489817
199.619342
199.946184
197.454496
193.059921
202.173825
194.173539
204.350549
198.526978
199.360072
200.065354
210.683679
209.926126
193.242216
193.277509
188.217937
201.070613
192.723655
195.103418
195.139083
191.065450
203.986822
196.255355
194.533387
200.651267
199.450530
206.181395
214.966284
215.058877
199.005399
210.664214
210.939180
206.228278
212.400790
206.396261
195.149028
201.353858
209.619961
200.535360
218.705110
211.793872
225.643918
201.141009
206.538418
212.012500
199.836801
201.067578
206.450900
212.316592
206.201244
208.321725
206.735813
206.493844
211.690059
196.107554
202.357182
212.314022
201.548986
225.684453
206.431872
207.906693
207.561640
211.073345
209.188694
207.888631
212.043491
203.826958
203.782510
203.820784
220.301472
218.096377
217.340168
208.758126
205.366427
205.373032
202.037508
208.202241
217.770707
204.808450
204.812242
207.482028
205.440777
204.849904
214.519591
214.561954
214.598844
201.080095
195.958046
193.104528
202.953063
192.602651
194.988658
198.483181
198.594595
211.840449
205.539052
197.442247
198.053537
214.029420
199.049367
195.939761
198.620420
203.993204
198.509620
200.318749
204.979067
204.724871
187.879014
204.142271
186.350504
187.894088
187.054766
203.320819
186.538371
193.122027
187.070121
192.684534
194.204499
194.159678
195.991362
195.311245
195.268396
205.060929
192.184386
192.248969
186.549287
203.354965
191.788739
200.219415
188.173570
198.471482
192.615841
199.504014
192.902853
192.195507
192.222629
191.441625
191.475484
197.610215
199.221620
199.189813
193.950332
192.298994
193.203700
191.786970
192.490785
193.208103
191.611478
193.094220
187.262546
202.693553
201.609806
202.976211
213.811029
213.606775
208.118148
207.319087
189.564368
205.185348
188.739912
204.364507
199.533293
199.268070
204.318370
205.507222
199.481085
203.325536
204.422693
199.214697
222.078973
223.173782
208.656940
208.397457
207.642402
204.578796
205.768863
206.119458
188.558996
187.736301
194.035402
193.974810
190.669505
193.666714
191.393670
191.421819
190.623721
193.958242
194.243526
209.804251
193.271257
191.499963
192.504510
192.988885
192.404826
190.639923
209.564664
194.026659
190.691881
191.483887
191.393821
208.883620
188.912897
188.088725
206.166295
201.080064
222.327635
196.872970
195.725857
196.377039
221.384962
191.541083
192.687965
190.797291
190.710060
188.897226
207.761576
203.734312
204.536255
194.309297
203.348462
205.604747
200.350211
200.051958
199.415975
202.585370
204.391458
196.458538
189.125922
187.448108
187.848862
189.553016
193.725735
194.722313
192.891177
195.060958
194.052931
192.223928
187.903226
189.633468
188.821277
193.312814
187.143242
191.604317
188.027315
188.810396
188.160644
203.767685
194.737337
195.849791
195.139852
196.936899
195.072757
196.261248
210.507277
192.168505
192.936396
206.540141
206.505117
207.263574
225.400680
211.328670
193.704308
193.296334
210.573191
194.019774
195.035003
193.278007
194.336427
194.251500
201.435394
202.160666
201.479716
205.554507
205.552104
206.233610
210.043959
210.183777
209.489869
190.627773
210.237140
209.550886
194.918666
193.193662
194.160372
206.263760
206.251990
200.660278
200.702511
221.682752
200.296422
200.987583
201.299824
194.348843
195.390147
196.833569
196.051814
195.005752
194.104825
194.107140
194.486714
195.179433
194.396465
193.313746
203.318251
203.568000
186.571589
202.541529
206.693847
206.690961
207.373052
205.581835
205.620247
215.050515
215.088605
205.722067
204.068050
199.415714
198.694154
199.784585
197.428214
204.321192
199.059763
206.023558
200.879032
201.064593
201.170202
198.564553
199.172683
201.284730
202.624835
203.535421
203.642213
201.708574
201.744569
207.976105
210.803801
205.310725
201.072205
211.349894
196.050246
198.722507
201.220872
206.014943
201.492409
205.118786
194.811679
200.933384
200.200435
200.337403
205.734798
199.476796
194.150119
200.307597
206.443544
201.490063
206.563358
207.008566
205.565351
205.639991
208.737230
206.154087
205.859668
210.716768
204.139060
205.207474
199.052942
204.458100
210.586922
212.633988
197.980839
196.929102
212.544113
196.874917
196.838927
208.866783
198.289497
203.402477
203.321291
205.601424
211.005977
201.200487
202.672409
210.451873
207.449350
216.748270
206.619773
207.441483
212.093791
211.183319
221.883197
208.422472
210.913616
207.546034
213.757903
218.354330
215.372326
222.353087
220.862509
208.544089
203.208610
202.210623
213.473625
208.134398
212.615499
231.696887
216.964195
223.750326
201.088626
201.108465
207.047133
217.375333
201.627140
206.691583
205.523088
202.147150
208.319073
213.208714
201.011379
206.504246
207.594964
214.031509
211.602657
202.347559
202.258908
207.146581
203.240519
214.395844
213.249201
210.577062
208.663608
226.086633
201.933583
208.070159
201.705131
203.994307
214.031311
208.765934
214.266001
207.198255
213.482508
213.572569
208.290231
218.039191
218.106592
202.242044
208.380444
216.805056
202.044940
207.585241
208.598666
205.734481
205.707137
203.317855
202.244049
200.693575
203.203967
207.202058
207.840203
209.867907
207.653782
205.942820
208.702361
212.666777
228.343974
227.191555
212.576961
212.646885
201.270040
222.556178
206.352229
218.449462
200.886574
204.557524
222.991655
206.598495
212.045194
205.623779
201.943414
208.346861
218.748939
213.686125
213.115878
202.804400
208.294656
214.577620
228.094708
206.139722
211.475725
202.843003
205.835030
218.300214
223.882574
205.411020
201.052897
209.185437
213.436922
200.943523
225.948530
225.937803
211.451427
226.429536
205.294074
215.615057
221.810127
236.750851
221.047384
218.048433
221.538431
222.101369
210.374768
212.236129
227.135176
211.529127
216.908363
221.959854
206.132241
215.628654
213.112899
204.640089
210.097506
212.006669
215.981294
212.186331
206.481262
211.984357
211.197621
205.766534
215.037139
203.854221
226.316358
204.167406
209.568170
227.168483
205.063378
210.410890
210.647700
217.815129
203.234109
232.242710
210.084669
222.213770
207.631284
207.599850
206.223109
216.120533
223.935786
208.349647
209.337527
218.517134
218.001582
225.826770
209.468303
211.139523
208.576332
217.735845
213.020048
214.760197
216.563744
218.797933
212.137415
216.081210
208.510089
214.004070
215.820079
224.386983
213.153833
226.893682
204.980665
211.623529
208.571057
210.318442
215.519001
212.969118
213.722049
214.917175
204.685469
216.969933
208.467898
211.413514
208.488950
218.290188
217.102200
212.977103
225.082377
210.343309
199.263459
215.708545
213.479769
203.653104
212.044406
206.585804
204.344153
209.172572
223.885708
213.513568
231.364959
209.308897
214.624664
211.977422
219.770255
218.718892
233.628639
203.157765
212.348155
206.564831
218.997868
208.126322
213.226896
212.539387
219.806960
230.399476
208.309404
213.700933
219.693369
214.780658
214.947073
220.817733
213.549196
214.336893
229.086072
214.606909
219.943948
217.913492
216.268359
208.236371
227.071057
211.666665
215.650095
224.074405
213.545024
214.333564
229.047240
215.575250
220.913598
219.971482
216.933078
208.232962
203.408740
209.266275
216.020112
209.592164
209.255095
214.766958
207.089986
204.207224
218.822374
210.096362
211.776273
207.438620
216.152354
214.011152
201.317015
201.378359
209.970760
194.424454
199.872323
201.670776
197.964515
206.614577
205.677228
217.798870
210.871850
213.127324
216.723389
212.020474
210.640401
201.367539
206.867829
212.980111
213.010978
217.300220
211.051178
211.039578
218.805241
216.570946
209.986069
206.076727
219.903416
208.059652
225.901697
210.078425
227.062128
210.462092
215.544188
216.005043
206.771576
213.597439
212.716019
206.426989
214.385544
225.084133
202.993467
208.425224
215.270466
219.766089
204.895359
204.883732
230.973176
201.057843
213.568776
205.417117
213.588990
223.223173
201.223522
206.613856
213.405985
228.717238
225.193967
208.637512
214.138681
209.230006
210.108981
224.907590
210.317524
215.739082
204.006863
212.403891
212.657803
206.707343
203.479113
208.585272
204.830666
204.337582
204.215311
197.799340
201.763351
214.555285
198.923570
219.595885
202.838041
203.239204
194.359964
194.469921
210.788685
198.451863
207.672234
205.844016
198.485033
199.501160
201.276431
207.889942
193.420202
198.865907
200.586938
196.953207
206.645627
209.770495
205.779329
205.624827
194.028942
193.207617
204.177350
195.998792
198.707587
207.014786
210.263373
201.405328
223.826300
211.738599
201.476270
206.959142
213.991196
208.129139
210.586040
210.785527
210.792926
213.218157
224.501520
212.584584
218.289268
202.631543
213.505564
199.206552
197.666095
204.670405
203.128401
195.152289
195.261333
219.935748
206.406085
205.347748
212.706632
205.652935
207.425963
204.300615
207.992595
204.246112
208.988701
201.256981
208.155302
209.397017
207.854742
215.839839
209.501800
209.191146
209.234792
215.808601
230.584617
222.350669
233.300475
247.142199
224.345593
208.813154
209.765734
211.680910
211.810551
209.608066
207.893754
205.421434
214.609997
203.526708
197.315151
212.547579
208.977226
209.881352
210.091176
211.749194
210.767702
203.187749
203.716408
212.900967
208.226372
201.679358
210.159766
202.472530
204.322447
198.109336
212.617310
200.706597
202.555847
196.389281
204.712722
208.394365
203.624601
208.484377
203.365169
206.641058
208.447197
219.312769
205.487997
209.146006
205.371651
210.161826
203.372076
208.452832
218.224791
227.822641
222.447563
229.758784
226.374729
214.240263
217.072869
213.248552
228.584611
223.152510
210.334513
206.619128
211.088215
207.266790
214.895633
213.899738
218.675814
209.994905
210.082468
217.655288
221.854894
222.675046
247.123999
221.956564
210.381328
225.213032
208.188104
208.441287
204.226800
224.785519
224.901043
209.820707
220.873287
218.648505
218.939601
221.725798
215.654275
236.522444
226.811814
207.858669
225.097643
227.725790
208.035575
225.845924
203.891579
203.979139
209.301957
209.400265
222.381736
220.708025
205.070988
205.847020
220.565948
209.432218
218.816226
202.014072
198.774675
216.429208
221.496223
203.839537
200.747303
185.690938
202.449098
195.540551
201.968227
200.999629
203.136208
195.320578
212.202781
214.996740
186.435363
191.732047
197.248429
193.621798
192.596040
206.616847
198.240792
199.665450
194.381225
200.376880
193.462848
198.774177
199.170614
187.151918
187.894603
186.191201
204.291364
194.687147
194.690591
200.649324
193.969127
199.240658
193.013506
198.193187
193.693508
187.250609
187.205534
187.940817
197.565175
193.042887
194.089686
192.303546
197.555337
198.220419
202.797024
200.686445
187.249860
187.915548
187.181002
199.980616
200.692762
199.913779
194.002929
218.182868
195.897671
200.933872
194.181147
186.516112
193.837458
198.091504
188.951230
193.286855
189.042763
194.344983
188.079498
198.934279
190.795553
206.928924
182.021852
203.964008
205.116058
186.939048
188.750666
190.612540
181.156614
188.050538
181.848988
182.584299
182.882764
181.141095
188.773103
182.812545
181.834940
182.904100
191.098325
200.841084
200.844131
208.027695
204.110241
204.110567
219.891597
214.795272
219.594213
219.892925
214.825097
201.299658
204.523099
201.384986
220.510728
220.588110
216.282613
216.254586
201.534944
192.848807
199.417070
200.552727
206.389289
202.080195
207.787486
196.776241
207.736491
211.996243
212.083072
197.891577
200.048160
211.392772
214.407166
214.485026
218.686409
218.849134
214.357611
218.747762
217.239203
220.157522
216.320532
214.406406
226.903678
227.068507
212.528483
207.241608
223.914531
219.704478
221.141919
218.614083
221.227871
215.915722
221.869173
215.566856
215.007134
209.696182
215.630901
219.525245
208.538287
208.440600
210.400077
212.109923
222.079513
221.137946
225.051157
222.051843
195.525921
194.788800
211.985572
203.899758
212.475589
219.291482
214.776023
225.476912
214.692013
207.326283
212.433422
207.147178
219.468559
215.378582
216.369334
214.579812
217.203632
214.655580
208.222334
214.346371
228.778460
216.233257
210.473100
210.766043
212.317453
226.934286
215.495136
215.496901
206.230373
210.659695
216.878466
217.488337
215.641449
216.623779
215.992036
205.474227
220.717363
214.811380
205.896014
220.059603
206.030712
221.299737
220.166427
220.075722
214.734639
214.767331
214.375736
214.408527
209.068054
226.840646
226.956619
210.311384
219.844734
214.226271
218.700010
213.112459
221.261862
220.511216
224.939496
222.053899
212.418105
206.020713
214.810249
208.472338
221.027483
214.648950
227.506749
225.054981
224.982136
225.013647
225.087958
206.798684
206.816875
206.857086
211.294983
210.959583
213.989545
213.545925
213.508284
212.443158
201.431100
202.129266
195.216133
201.350303
200.515973
196.899943
196.176483
227.244887
226.006225
228.743953
218.440288
228.775258
218.564097
202.319828
212.672754
214.360626
202.347663
221.972143
214.050549
209.098695
214.350939
218.534301
211.197338
211.247934
211.289428
209.853358
215.497472
210.341612
212.500311
212.462181
218.593904
211.450189
219.657353
219.698907
198.143467
210.005251
198.027340
202.043078
208.013664
207.996452
200.873807
196.780698
206.158709
205.505443
206.396226
205.380905
201.868887
205.672064
199.456126
200.472103
209.125750
194.175441
194.080030
195.768164
201.203399
204.523369
199.555298
199.479569
204.541058
199.446969
202.141320
195.998629
195.984391
188.045555
204.606657
201.770259
189.811739
201.359661
200.555200
206.388590
206.496126
207.224817
206.912314
206.883439
199.856698
196.004180
196.793393
198.818780
199.412470
199.075267
198.367928
209.923551
202.462588
202.053433
209.157999
201.349805
208.050456
198.863797
207.959045
195.231061
201.439588
211.089326
209.417062
209.239726
202.993293
203.825146
193.541385
205.119916
198.953675
192.688467
197.979120
200.331076
199.065455
197.477783
194.400948
199.809235
192.582875
225.417668
230.889221
232.186509
221.968714
232.195408
234.484776
227.163229
231.167178
230.255814
227.953495
230.660358
229.497226
227.333600
224.320522
226.044313
231.517098
232.778453
222.595369
232.785695
227.161025
231.985302
231.030944
228.768285
238.116619
225.266805
232.222794
240.159637
244.881602
228.669215
223.042736
242.683172
222.006389
227.511193
233.108979
219.192932
215.840159
249.813264
249.813466
248.787178
229.482767
229.474056
227.993141
227.984479
251.436579
246.984041
251.565788
246.981778
228.780713
228.739470
234.309905
220.410097
217.057131
223.949646
248.988360
228.167850
231.534839
235.862629
227.429410
227.457484
232.813581
224.102780
221.960550
223.184781
227.356145
230.223996
228.114521
230.276953
232.520759
233.577847
235.268286
235.905884
235.254877
241.372833
237.406940
224.532546
221.230221
210.594764
213.158282
226.053601
212.382155
218.265376
221.818721
227.899457
223.147055
212.435423
227.238094
243.986334
240.479100
240.479674
248.509216
228.464470
238.117171
235.780452
233.615960
224.384177
233.799014
222.583595
233.788606
226.065528
231.453219
227.142370
237.595303
235.462844
233.205129
222.969000
232.233634
221.751697
226.781848
230.014923
237.403101
237.377821
235.115192
231.464742
231.463821
229.178560
240.322035
234.936382
234.817948
229.547447
242.776027
248.634726
242.787038
233.449894
227.918505
234.722728
237.234957
232.530195
237.243709
249.948553
229.597876
254.754918
230.771973
223.929982
228.750704
223.930748
232.775116
223.658458
213.980418
196.055838
207.369002
207.350697
195.315590
209.813662
217.173937
220.499837
218.023207
220.683231
220.681577
242.751450
219.127413
215.430201
213.742198
203.530897
214.438397
203.570104
206.061121
215.298373
215.546634
216.251930
202.369926
204.215125
214.432522
210.032526
210.859971
238.150457
227.569611
225.192202
228.498100
225.310888
216.928819
220.329473
218.144266
221.552678
216.587562
217.892216
202.468478
225.610539
219.241552
221.232714
215.320618
207.997159
218.460057
215.478972
217.759746
218.577746
212.358509
229.160660
207.860570
217.622649
218.439362
212.220639
219.003991
203.456992
211.977417
220.679183
217.024304
206.821209
203.590818
226.982131
223.681566
221.220629
227.428333
216.018966
209.781571
211.084986
206.404729
205.348565
218.185577
224.673468
226.308796
216.217336
210.177136
226.977135
226.206240
205.694626
206.483714
216.991236
229.978441
224.316796
224.719263
217.854358
223.241219
212.467488
225.259306
222.936219
221.524396
216.078596
223.556616
228.632566
227.196201
232.824923
220.482646
224.197092
225.018491
222.697596
223.398376
238.926481
211.553239
213.400990
227.878675
237.647069
223.342984
223.826160
218.009481
217.031199
216.327439
226.911614
228.491000
223.995734
223.148397
228.007084
222.823625
228.664870
226.651922
246.007604
240.410244
240.536907
224.950538
230.323360
247.710900
229.403617
237.564246
219.947230
225.814248
238.066602
238.070304
250.935132
243.643513
241.249282
240.287471
241.206662
242.337306
242.292843
253.077849
251.810490
250.091929
245.165498
230.936282
231.028042
235.516481
222.980501
214.387199
221.363602
226.857871
217.795448
231.323970
231.496092
217.005247
222.031454
231.254418
240.220772
240.127320
231.470086
231.470069
246.283703
254.112088
216.146736
216.046098
204.720243
208.540489
241.405644
234.533109
242.753998
247.020401
239.911011
244.975382
253.574901
253.622975
246.744550
245.934238
244.604825
243.980499
243.933798
244.561026
245.692867
237.104107
245.646704
252.715098
255.246257
254.165944
252.803542
251.498855
231.766529
229.235834
243.736443
243.638953
248.624629
248.813555
246.170627
241.423796
234.338112
241.425849
234.296629
237.762354
243.284900
247.275086
255.231285
257.767332
247.298896
244.767011
244.864107
226.431535
238.034447
250.055803
253.537528
251.766664
225.668308
241.523753
229.789245
235.259431
237.282541
226.340727
228.275808
240.561705
236.715909
238.259257
236.724419
244.963623
226.427720
226.925500
218.828872
237.819807
219.543422
235.511619
222.921100
227.515984
225.158281
235.323079
220.540554
222.819484
228.499541
233.700889
241.082343
229.596740
234.366851
238.565543
222.890460
227.459209
232.198602
223.911621
235.408514
229.526230
234.730068
249.333536
236.290663
231.091442
232.991811
223.675554
230.969141
214.528474
216.872098
220.995444
213.620250
227.712583
225.415927
229.442589
242.647063
240.054503
224.039659
234.193081
219.423649
221.445317
225.578119
218.193496
216.271762
212.615420
227.451716
207.106778
232.296829
229.999195
234.069091
224.359447
239.829441
216.749172
217.465580
212.446926
238.286752
229.131848
229.642610
225.937940
231.445980
232.696594
222.492191
232.664897
256.183568
253.968129
250.392861
251.612691
250.403769
255.051072
246.070859
246.025899
239.318228
239.276814
231.201580
229.134241
230.471238
227.345491
224.887232
227.289807
233.905699
238.640883
238.635848
229.658040
229.652741
245.020199
244.978220
218.579794
234.186935
234.147528
224.685241
225.292616
250.837627
250.969375
232.821602
234.247885
234.242715
223.622884
222.637641
228.299780
222.148914
223.798335
222.805883
238.065219
237.059602
234.798455
228.496723
250.383819
247.513214
240.461910
240.494973
236.111932
231.360198
236.143629
233.566329
231.073160
229.039678
229.382789
234.724726
234.891259
240.443571
232.791126
234.995905
237.333271
226.975929
229.178768
231.423170
233.206304
235.464313
223.021596
237.590624
230.007149
221.838904
225.255665
223.128116
250.282448
224.159125
220.857521
236.890354
220.412899
217.111153
233.154481
231.539887
228.201419
227.449900
227.429898
235.866579
232.851685
224.097355
223.181762
230.264226
222.001077
223.949541
249.762215
233.522712
235.191770
231.321765
235.162149
241.322988
232.552642
232.621872
230.294312
219.281274
215.928737
233.056371
228.046334
209.281828
214.857931
215.507759
217.413079
221.084341
221.920038
210.843425
221.939451
222.811422
208.813431
223.754034
214.374174
218.868461
213.530071
215.437459
213.217571
215.018928
216.261143
224.397595
205.553463
211.791589
214.541020
214.026176
209.079158
220.097505
217.600409
211.112221
221.368112
220.972622
209.871584
216.546213
223.380174
228.260466
216.500548
216.928814
223.413147
221.776483
218.785051
221.749349
221.924545
223.325312
221.877294
223.262925
217.846312
218.337794
209.781179
210.937792
218.388428
210.175077
209.060773
213.259198
215.615390
215.587933
219.005726
215.522738
218.507900
218.980872
214.279695
214.210713
212.892036
220.217636
220.301035
214.655373
214.858778
215.312627
217.651766
215.373417
217.343791
214.191066
210.534201
229.501500
205.025895
211.929048
209.543057
211.395521
212.485023
209.202292
208.750944
208.740455
217.017976
217.662858
219.987841
210.905721
221.980095
212.061656
221.332148
215.159144
216.291786
211.461839
211.889889
222.913890
211.246878
210.307038
209.528986
221.726139
210.564176
208.731425
218.274531
216.431623
219.971467
209.648951
210.760416
210.247125
210.203568
209.796157
222.508303
213.983178
218.756376
242.910205
237.277646
235.230012
236.191473
251.986827
242.668631
249.546719
240.530585
247.402976
241.581605
249.547565
249.403604
248.316936
248.458552
243.462156
245.036929
244.618365
245.912036
244.943010
234.235588
221.057256
232.230520
235.327210
241.550778
241.586394
231.819463
230.563207
232.713804
229.518749
238.350171
239.902727
239.807659
250.654923
245.228530
238.721012
248.120301
245.177854
238.816176
248.254763
257.943995
228.150795
229.969983
223.652960
222.350230
220.880217
223.684766
232.960192
238.613712
217.162808
218.587149
219.034866
217.690999
228.207630
228.169311
212.775726
219.255808
221.606757
210.769219
230.195079
231.173731
249.387246
229.236778
228.712686
222.523265
230.788575
223.654378
228.641278
233.134204
240.529583
244.585884
241.778514
244.492456
249.623586
220.383754
224.660378
221.451823
220.361798
231.301029
229.443454
227.431033
220.524105
236.638764
239.064935
233.011072
248.877096
235.539265
235.586080
241.578820
241.580557
248.870634
215.405309
217.175166
213.759784
219.892042
219.916821
219.635783
219.409792
220.193622
207.193910
212.720419
213.319758
218.896323
212.505189
218.081485
218.095729
202.949335
214.375217
224.279960
218.349454
209.403359
203.234126
208.647822
203.326757
203.032900
207.377724
210.540772
206.130123
204.896052
210.555695
216.733217
215.919963
214.834656
225.876077
210.943580
207.646026
208.780345
214.475615
216.291107
228.133071
209.665397
210.420329
221.198010
211.499800
212.900924
203.055355
221.032046
210.348122
203.221405
203.776826
203.941183
210.492892
216.634078
229.257721
215.822290
210.323226
211.852500
205.880354
224.103101
207.396025
210.994966
205.507072
208.799407
206.659504
196.665852
213.500795
207.309652
200.991616
202.859493
202.072610
214.593965
206.434100
221.218041
206.704321
211.392787
203.328349
202.630418
206.200738
200.946387
201.925583
205.422627
200.222868
200.920650
207.711902
210.352465
196.697068
208.115723
201.868692
210.464820
190.658150
188.854966
208.825389
188.138436
188.132530
187.996050
187.978098
188.041818
190.767999
188.966056
188.913211
188.935518
208.185250
188.073961
198.324564
188.086027
190.149287
189.052348
194.755276
188.191342
186.387668
194.018575
207.116433
186.266031
186.215699
186.188545
186.132908
188.874546
193.300720
199.045751
194.753299
195.523955
195.080578
195.819115
213.172344
221.127023
230.300461
226.012783
224.572754
224.072525
214.650856
219.802258
210.458212
215.817694
217.719633
219.154346
224.066234
216.058577
219.044840
223.916502
204.003531
204.706843
199.849930
199.925228
209.891789
199.549367
205.667632
199.641357
211.929694
201.545249
202.616751
207.495331
206.681941
212.811716
207.575812
201.229058
207.223842
208.272245
205.081021
200.256805
207.205949
201.171310
201.363697
195.178142
204.335404
195.128800
199.590608
207.652194
204.255140
199.407491
198.876671
208.595411
205.505970
213.006722
213.846051
197.080055
206.193925
198.112599
200.545564
206.555827
207.252144
201.516208
201.565089
207.891071
218.667155
206.441674
210.264673
209.842036
216.786307
201.197168
202.912218
201.229226
201.939807
200.178527
203.089790
201.389125
201.951708
201.021599
200.944691
208.773853
208.852076
208.141992
208.037727
201.804728
201.831104
201.070749
201.673078
200.971457
209.086375
209.233147
202.143398
202.125836
197.588235
195.733734
195.769957
193.940869
194.031933
195.778342
195.826170
195.848576
194.772055
194.839532
195.033603
195.099620
197.553095
213.068971
223.536630
223.495191
213.070820
222.552296
189.241012
195.225718
196.570948
216.240525
216.240427
213.701470
218.731256
216.130137
214.027628
216.309971
220.115954
210.639525
211.122802
215.699520
221.389568
222.901006
221.715664
216.711609
221.361560
216.463590
214.606840
222.402782
215.758618
210.399944
210.306784
221.364573
215.966849
219.608898
229.897655
221.338509
220.513902
220.407853
229.829867
210.359376
216.897491
215.301269
217.480962
212.533550
218.644661
211.542271
211.924656
210.770833
223.385722
228.841073
215.594801
209.428050
214.599848
222.009485
223.602963
232.370648
221.339801
217.390338
239.433719
223.516582
232.319520
214.715589
216.546348
216.274834
216.202052
212.767107
213.057860
217.062888
213.212543
216.664658
239.159222
218.503681
217.351593
211.698165
218.745180
219.835746
216.585185
216.681580
220.403030
208.334502
215.707801
216.977171
208.333271
202.095623
203.395339
208.504755
201.859358
219.983398
214.482522
214.344743
201.651529
202.516345
213.568989
220.501487
219.872218
202.049591
203.372421
208.481357
219.070478
214.041239
227.484818
204.722072
208.794930
209.634660
202.579307
204.876933
238.983031
226.481876
216.229852
225.496861
226.785123
227.161792
225.588992
226.785120
229.431228
232.669026
226.300156
236.424024
239.043970
226.484908
226.484631
216.229936
222.270619
224.035156
205.983894
205.194297
204.106208
203.318358
197.189087
205.977175
220.826407
219.350717
220.074475
217.786069
211.090030
215.967348
207.702482
211.352273
210.216868
205.754404
226.790959
211.106275
207.675371
215.895107
209.724062
232.606284
232.328637
219.454460
232.813374
216.035145
214.950948
219.993938
224.573116
231.422190
221.318294
217.995308
225.364182
226.121816
228.801518
217.871173
225.272269
225.997590
227.564382
222.965802
220.278771
218.903726
205.692024
210.551661
223.574697
219.045924
221.293839
212.941834
215.264245
214.612195
224.438181
227.708642
221.928010
221.193224
237.662276
221.942060
236.580462
224.445578
227.711282
215.239708
219.128709
227.811324
236.391928
234.504983
232.737644
231.910556
240.151622
230.404724
226.822273
226.716802
219.300706
225.610168
223.675727
231.138541
234.573325
241.885465
228.670825
212.020175
227.319811
228.103346
221.833080
220.896886
229.828036
223.558709
225.648851
228.864146
212.178697
228.477112
225.991521
217.308340
221.195252
210.761862
215.638321
211.057844
217.474742
217.669604
226.607568
217.118460
221.024503
223.082244
216.863475
235.291353
236.349319
234.473387
226.640750
220.455311
226.563041
218.003310
223.555483
222.892071
224.532236
217.790350
224.726104
232.767154
219.517579
233.354956
226.250176
217.421626
219.828478
212.807960
235.087992
219.061302
224.496965
214.449138
232.949396
219.708730
212.368314
228.393529
207.756158
231.502861
230.675774
233.339446
229.904652
215.481005
215.672077
216.048547
225.349856
238.341703
238.090532
233.495088
234.644551
217.888764
234.749757
218.392785
224.813368
210.662492
217.699659
226.626241
216.238945
225.805358
215.128137
226.366907
226.471305
218.388208
217.569717
217.098751
208.880258
207.887760
213.265697
207.049713
219.291574
208.112485
208.154732
207.841584
218.143451
208.184429
209.021778
220.255300
209.119083
210.768285
208.124844
212.718207
206.583057
217.137664
226.216251
211.004001
229.987514
248.869092
231.083725
208.381771
209.546812
219.228886
228.056684
208.993502
210.608366
208.046387
208.951142
210.147410
211.729442
208.161249
210.783783
214.225841
215.247192
225.153846
225.111416
220.739685
227.187915
208.838374
227.211553
213.242140
212.373605
206.650948
215.235106
214.276270
215.142214
218.659846
206.931063
207.868531
219.137795
220.433104
214.395427
213.198574
211.663706
213.018478
207.900064
213.706707
211.840849
212.368966
226.369400
207.620187
221.916135
223.000020
210.060592
204.203847
209.286458
215.863243
208.611040
214.565469
215.184635
209.435859
204.398552
207.037053
207.839127
215.242912
208.126570
224.480190
221.202584
223.177828
232.998660
223.164871
236.156365
238.802055
224.221775
224.918385
233.069903
224.312081
223.388891
223.360599
222.142618
225.724288
216.661837
217.323570
217.616526
232.213119
225.325462
213.485075
216.197617
216.207860
215.419570
215.439397
222.158259
221.443125
221.368378
217.889164
227.979187
217.060767
227.292981
217.239816
215.251880
209.476376
223.555103
225.363405
218.294899
218.320263
238.806679
235.325447
226.289092
226.229164
222.759763
223.559446
222.688399
233.294024
225.138808
223.663645
224.420177
205.767209
195.965667
202.247305
246.784628
235.460864
218.300045
223.342631
231.914568
220.714437
228.952438
232.674989
231.898020
235.924688
235.114634
229.608170
240.664930
232.831758
234.177448
241.275660
233.284882
236.928252
232.379869
226.873848
224.138624
234.193324
251.817153
226.965820
223.715912
229.558750
224.055181
231.478227
228.228457
233.135465
231.756900
230.856642
234.710712
224.559055
227.293389
232.766902
234.705671
224.553576
227.288812
232.761872
232.085740
227.753286
226.343905
238.802204
227.526856
227.549649
209.378065
210.057649
224.060092
220.486558
220.748368
214.638752
211.531563
222.671729
232.142294
234.205786
209.363088
220.829990
232.952581
223.869944
221.135761
213.162443
212.444478
212.414260
213.820986
231.080351
217.014354
220.079840
209.831416
218.834197
213.940139
221.837497
220.665974
208.709263
220.737426
209.875836
212.433153
222.659518
210.626504
222.967895
214.382275
222.195748
216.562373
223.730631
216.905954
207.128973
223.581766
217.590473
232.100327
211.450695
216.594875
226.705636
213.419205
215.121394
221.357331
218.430500
214.116669
228.058413
216.102831
217.340777
223.457257
235.259333
218.416125
214.243877
215.670498
212.358403
221.136292
213.195670
212.477706
212.448921
217.940815
215.830560
215.950419
225.000521
218.603557
215.520744
216.640787
227.019427
214.574898
226.704272
216.294596
216.367967
222.786343
225.078928
229.615543
222.853860
229.642211
216.305890
216.573924
216.602868
221.829009
216.605388
228.671144
214.097430
215.550671
227.651512
219.020500
214.460317
209.644549
211.406561
225.907703
230.146684
228.843126
216.842959
219.901686
212.107852
210.649094
215.616898
208.838281
211.527365
209.665448
213.218257
218.629224
237.647784
235.361089
230.354615
217.643476
230.106728
221.624217
228.746941
215.785284
213.383124
211.456450
216.894081
210.408189
209.681734
236.155206
227.205737
232.973763
224.023040
226.759700
232.273637
230.326777
227.894508
230.435731
229.938091
235.532244
224.067602
229.134576
224.691314
234.539293
224.280646
224.282049
233.153976
224.978895
222.429737
233.082749
229.092357
219.238692
216.057531
216.023726
228.120549
237.816481
237.295672
210.329922
227.039410
217.073904
215.938631
228.087572
213.293634
218.751755
228.278562
211.574026
206.811679
219.403296
227.852066
221.323535
211.960307
217.430446
216.486192
216.409968
224.607295
219.378583
227.862206
216.430298
223.677637
215.438313
217.715466
217.653125
227.073878
225.979708
220.368572
210.483046
216.020862
215.664872
217.208449
227.778271
214.836925
209.181728
220.094636
220.324581
214.638879
218.366507
237.175836
239.751003
226.813895
223.611358
214.706158
213.974892
208.395540
232.192760
227.616469
224.774558
216.724098
216.700093
220.548136
220.521342
228.738852
216.608705
216.641642
211.021988
221.595981
223.651038
225.987691
217.883715
216.645323
215.916511
210.307441
222.138921
222.174745
216.524667
216.678032
220.293459
220.517587
232.483876
235.547277
223.336677
227.529004
221.172431
219.305750
213.736399
225.774314
227.845251
216.812500
230.901790
229.852102
225.648752
223.914629
225.012455
225.152156
226.247449
223.480342
224.671974
232.315698
223.793798
219.951946
221.188308
219.604528
223.457200
226.206616
225.570012
224.619456
225.403970
224.992084
222.709289
219.737250
228.409296
233.981364
228.405057
233.965748
228.388016
233.607060
234.801553
226.606182
232.047214
228.984645
222.283644
225.670779
227.899899
219.009513
214.465341
222.529168
228.111543
221.414771
223.520855
216.902066
210.603078
222.759197
218.794594
220.029622
218.445793
222.281665
228.768121
248.585072
216.704108
215.431189
209.657195
217.259262
219.046892
220.938774
211.115772
211.115218
213.551881
209.397540
210.155352
210.927158
211.023161
211.238164
211.994336
211.210597
213.362796
210.928159
217.293363
217.717766
209.171070
216.492957
216.735988
217.512606
208.931640
209.171445
217.622971
218.865300
213.106130
221.582389
209.044673
214.419346
216.605349
221.657969
220.449409
217.602429
221.398773
216.737967
219.817444
221.482397
216.004187
216.485046
217.539262
213.712565
216.673254
230.278955
219.999235
215.126884
214.816577
214.095497
227.435814
230.098664
239.800953
207.833363
222.105338
221.006223
204.737738
209.238096
232.654661
209.968073
222.206586
222.223100
205.920661
211.087962
227.372291
226.263959
219.076121
219.834141
206.435250
223.035820
222.007751
204.595636
210.425728
205.367464
207.802142
205.453564
213.569194
222.138081
222.194748
214.772975
211.343133
209.258620
217.501724
210.461494
210.320350
206.008047
205.462084
228.003550
228.122095
221.613028
219.957458
220.750765
220.749430
220.743885
220.827822
224.301381
216.793789
231.653779
216.650442
218.084323
221.023450
219.849022
212.280976
218.108826
214.432670
217.061362
226.782822
231.127234
231.128879
222.969119
229.088736
222.671200
218.310819
219.278832
227.717786
231.056751
226.633669
232.834176
233.731193
236.002804
232.928161
230.983013
226.701122
223.216739
232.524423
230.891342
226.608601
234.793538
234.846081
237.118238
232.929540
223.277951
232.555207
234.825441
220.834068
214.875714
218.989149
217.621619
220.678482
218.981831
228.273853
226.132489
226.135602
228.280080
226.135618
223.596699
220.875571
227.400629
215.637177
215.635261
225.791983
223.822293
217.846941
224.180249
219.791589
216.839566
219.792215
216.840172
207.809490
220.084617
229.393589
212.460091
225.874377
217.758922
210.118240
214.579167
215.695909
215.357710
214.428030
209.034810
218.723890
213.424440
208.993443
215.968594
204.764242
214.108137
214.683311
196.269954
228.170979
222.202567
213.059732
213.061633
226.745653
213.232410
210.810773
210.783788
219.903299
222.235113
220.622588
222.918823
219.148562
221.444924
217.993392
227.121664
227.976101
227.557433
227.570429
224.461783
218.690354
215.341106
222.190644
227.533562
219.106304
211.376582
221.355490
221.360550
212.529519
224.918056
213.544345
226.073670
230.000928
231.100767
222.512543
238.329154
235.459913
210.308852
220.735503
212.534208
211.472384
218.645322
226.846484
232.369560
232.285794
223.310624
237.854853
237.813962
240.775966
246.782296
230.485757
224.145195
230.970073
229.446733
216.007457
211.706820
226.586032
225.598110
232.095484
233.944330
235.184976
232.422340
232.380907
223.382701
242.363473
242.416543
243.805997
233.481114
234.079471
242.694052
221.787779
232.010431
227.879666
218.554932
227.853849
221.261699
227.854127
222.796679
222.798378
236.867306
241.636131
231.728224
241.515589
224.033562
237.691273
224.690287
233.889114
237.435227
220.685134
222.670965
216.599937
237.591089
220.819391
219.615130
221.908101
220.021393
220.955152
216.600196
231.043393
227.954649
227.822003
220.554432
227.820178
236.868722
235.022568
235.025338
231.861755
216.216901
224.194397
223.103181
231.957435
230.647523
235.271248
224.916883
225.965062
229.417944
235.365925
242.349053
233.334106
233.332543
231.481489
222.843389
220.550145
220.398200
231.480955
227.862234
227.955439
237.066271
247.128653
228.829326
227.592202
217.882042
232.408405
233.092876
232.071605
227.558565
232.110948
229.254491
230.196760
228.268902
240.630840
232.501522
235.237364
231.325316
231.390223
231.474304
235.195436
240.585403
246.581715
238.361432
226.640392
234.588281
232.189659
234.070893
238.880776
248.164658
218.006335
231.664911
226.119562
239.032672
217.156814
215.320548
207.793052
237.370403
233.226156
221.656870
221.566998
233.267791
249.770731
208.064777
228.117181
219.123531
244.772406
244.734408
253.002835
222.395026
222.588044
227.605053
226.807397
226.808422
237.365141
228.969474
227.955308
226.823437
229.023353
236.903858
218.572349
226.669165
220.208641
226.860467
228.980620
228.059326
226.928325
231.926522
227.597629
230.833372
232.813350
224.208191
229.320646
229.269926
231.820830
216.582685
220.902571
226.098400
229.005323
213.613023
229.034512
213.375890
231.059004
231.112238
236.925793
243.838144
227.884663
227.979122
213.204551
217.653492
215.722948
218.769812
211.438668
219.587314
221.685162
213.326709
210.657341
231.704582
219.511207
218.803811
217.049240
225.878794
229.133097
228.504211
237.670767
226.767696
241.329075
228.093086
227.461593
233.992331
225.726937
240.287481
233.260089
232.884748
229.756287
238.868154
226.543409
224.135700
236.821981
236.825736
240.077907
240.123389
245.706082
248.234840
246.718826
257.110672
246.662172
257.019691
246.464899
246.463067
239.590433
249.154059
249.819924
249.820282
238.980026
241.508864
251.148600
244.273587
250.242138
242.947125
247.807593
247.707849
250.241939
244.947643
234.293171
237.650862
247.573712
247.380239
246.017389
240.182934
240.179168
243.579872
241.164101
241.211428
243.486726
218.491933
219.607287
206.391473
212.650800
218.912768
226.279355
210.734741
216.311746
200.949928
206.524657
206.923930
219.656040
205.440984
193.683619
192.671622
196.945401
190.772099
195.186091
214.752962
220.056042
226.705927
210.994249
233.940387
222.269727
218.875080
222.578290
220.674593
223.771554
219.665385
237.628482
219.329090
212.646221
235.560733
218.925959
224.773603
225.820887
216.374323
218.077984
221.428611
218.945084
213.888338
209.479224
215.778365
210.382880
212.713130
213.899783
212.680416
215.685240
211.238310
214.469303
212.469799
223.128444
213.895968
213.523219
207.088359
213.896514
224.156689
221.435917
222.888227
219.423360
221.802318
221.425276
222.693834
216.496422
221.531736
216.993260
211.713019
228.138015
222.899488
221.822181
216.548344
216.251492
226.744748
211.035219
222.336430
218.958760
222.733132
214.752933
220.206010
223.836802
219.036429
216.512348
212.731071
215.441437
217.136885
212.963000
221.594188
207.840713
212.774946
212.963157
212.002235
212.031122
229.879903
219.022373
224.895570
225.986602
214.634675
210.893489
233.751038
214.733920
208.521521
203.461252
211.979133
213.984205
216.516634
212.273318
215.357178
213.898918
214.327059
207.893812
223.842445
209.863590
232.794287
209.554983
215.768871
214.629140
214.644189
233.230565
210.426654
248.903885
253.686922
222.467129
232.777982
233.101234
227.474751
225.908443
231.942711
229.733644
225.915208
231.388536
232.769512
221.876419
232.185512
227.239912
230.525756
229.542292
226.700815
225.951369
226.680928
231.169900
228.958247
225.325392
230.798303
232.177041
228.521008
228.534576
208.999013
204.101348
226.497042
224.136380
247.222938
257.435299
228.773009
228.782516
228.684039
223.167761
222.550780
225.812737
237.658758
219.720940
232.801081
232.716296
235.030003
235.027223
222.661342
222.663588
222.349761
222.297080
233.069293
233.108600
243.642636
232.299752
237.087415
236.440376
239.158117
236.853045
236.478658
232.275182
222.274517
222.213491
210.758559
227.451997
228.669047
230.748281
227.829362
223.707425
222.483415
231.855169
228.598436
229.101377
225.673004
248.398170
231.260228
228.924830
230.045733
230.137088
234.384780
234.956857
235.592927
242.603825
240.991850
233.262614
235.999400
227.948282
235.502105
248.347885
229.686266
232.949176
234.064243
231.320694
247.912467
242.882055
223.699069
234.477522
224.635212
233.695987
217.805706
236.465144
225.249768
230.849705
227.150070
234.564641
221.055853
231.966371
229.671303
230.077567
236.912602
226.779000
234.015301
228.457351
227.312038
228.622993
238.903326
230.879840
243.599378
234.552092
234.782578
226.057849
222.709005
221.947469
220.758876
229.615911
221.470710
231.491408
238.910000
236.030786
239.087157
233.977034
233.758643
238.244969
240.046914
239.691569
235.518062
231.892470
244.312007
232.175187
239.590795
241.044100
243.312117
241.960141
236.202851
232.617191
235.594805
247.065276
252.631633
232.113710
239.127877
240.169372
232.407415
231.197154
230.993127
238.057536
239.099517
231.405710
232.663160
233.748222
240.764432
238.332096
239.721739
241.962907
236.899918
234.890526
234.630930
235.885458
234.493771
239.157406
234.767918
236.614131
235.179916
235.494459
239.372812
236.635053
245.850653
250.103447
237.911260
236.587546
235.077732
241.215961
233.371089
228.419802
243.341266
232.012296
230.419787
227.422109
227.412824
220.481745
224.479429
222.339899
219.255647
221.870842
213.774576
215.625751
226.373477
223.571271
232.644932
219.241310
224.349848
219.315930
210.309142
214.637089
220.970300
224.029539
206.760224
219.231000
220.038756
225.499359
209.661431
220.734218
218.408934
211.968402
223.014749
211.383131
222.423301
226.219589
228.884752
221.887997
221.252247
224.552412
236.095059
239.097011
235.594203
234.520242
232.762867
235.889727
230.311668
234.796534
226.865068
234.712470
223.316366
232.131598
230.017836
227.758331
232.029390
231.937632
231.832844
242.227783
223.692767
223.733951
230.730890
225.217862
230.902581
221.770621
230.912120
229.978710
226.486757
224.139891
234.121833
235.179169
222.507667
228.767845
229.857687
238.058788
236.665980
235.590471
240.161611
236.941060
231.363202
235.830314
227.915657
235.746256
228.571319
226.325804
233.533342
223.891676
216.759146
215.628046
226.329448
221.692915
226.762928
227.360437
222.381504
241.496221
221.250241
224.604593
234.789372
234.916768
229.531145
226.049728
237.252464
232.327352
234.947250
237.456804
232.617712
237.466819
228.009832
229.308258
220.261266
224.691412
227.903824
229.090930
225.653762
225.776908
228.710111
229.895371
237.341304
237.249055
243.328248
226.325440
224.707492
217.576896
216.444081
227.104034
222.561919
226.815469
233.928569
223.157560
243.331243
223.388126
216.252304
215.123268
225.574680
221.185795
224.651191
221.742039
241.946241
240.190076
243.407179
246.705031
204.947155
225.780233
210.977184
219.934393
204.006635
221.350847
204.798344
200.912948
200.176577
203.214518
226.252478
213.411449
229.658809
213.489706
212.772878
212.849814
196.400683
206.570878
226.018751
222.116194
233.487786
223.594022
199.343413
195.895158
197.623453
195.133537
205.325797
204.325966
201.337397
200.957231
204.692726
204.671329
201.762965
201.305814
204.716300
205.470072
201.113950
201.413697
205.487852
206.241730
204.451330
206.175922
202.832353
206.541125
207.248260
206.174852
207.852706
202.799362
203.098397
190.489092
189.734907
195.804542
195.848287
197.580887
197.621396
199.846625
199.124017
202.184511
202.987868
203.130527
204.604875
203.881118
203.070461
197.160904
203.846953
198.833398
204.141611
203.696696
198.801589
203.827871
205.619135
200.535320
200.461321
206.052908
205.038980
203.480784
203.509774
205.378255
205.335078
204.174579
201.743570
205.335091
205.364174
198.613708
204.224054
205.194464
205.179009
195.174913
196.979379
194.452044
196.505510
196.548880
218.865304
227.479098
207.979823
207.265310
221.199593
202.982890
222.154549
240.009924
218.143228
214.304919
215.996289
212.390788
220.076478
214.768941
214.768392
214.443804
214.488702
211.473947
207.277754
208.984012
208.718093
212.059078
212.063337
211.006223
216.638217
207.652046
201.735198
226.877850
226.924807
209.101627
209.146687
206.814619
213.133423
223.281993
223.804534
220.041263
222.760360
214.161978
235.422670
232.514046
214.163161
217.068128
218.857801
218.904539
219.466776
217.668123
214.526390
214.572004
212.241061
235.148306
225.863067
225.854052
229.655317
225.044929
215.087042
227.452680
215.102000
219.953035
208.651399
220.929887
222.114938
231.135888
228.234760
229.559817
220.315719
220.305926
221.972012
224.071209
227.559644
191.522622
189.780497
192.576763
191.504814
200.271596
195.094630
196.828850
196.939903
190.941520
198.518080
200.246885
193.327967
193.250848
194.733975
194.980952
211.778272
194.775910
195.057890
194.017329
194.012006
194.195185
194.089412
193.349475
194.779023
205.372375
227.548941
217.630427
203.780543
225.865288
204.151146
226.297192
209.549118
210.770728
209.127545
214.385654
210.585672
218.850162
216.199917
230.958511
221.512197
224.772486
209.220782
214.379761
217.968845
232.658064
213.676006
223.281368
212.976261
208.482740
224.281680
203.094734
200.327175
212.739322
212.823427
216.749206
205.692905
211.725209
215.741343
206.461127
211.644376
211.601669
208.484499
213.874032
222.353753
219.376698
216.659590
220.579795
219.593236
236.959215
215.515698
217.276284
235.015050
215.747425
215.274942
237.479524
220.623680
216.071823
212.271578
217.584445
224.966237
215.046272
212.059114
208.276138
213.803355
212.343591
217.905850
206.687557
206.602279
234.652038
232.467002
223.762952
219.896811
213.618555
213.794064
213.619833
213.824132
208.548112
217.757579
216.708277
201.144299
201.372834
201.500463
200.309862
202.114199
203.989939
201.454472
220.618881
210.918425
211.712626
197.073683
195.337396
200.291249
199.103567
203.725751
198.750764
196.973011
195.900831
195.208908
197.679445
200.210754
200.082109
199.490703
198.365915
195.831199
194.104256
199.080737
199.028126
198.282540
197.239580
197.573170
195.846617
194.114068
194.040902
198.027388
198.021447
205.296734
204.355442
198.780118
197.294758
197.289164
193.388202
193.401557
204.649276
205.332080
200.128180
204.647087
199.791186
204.354619
196.193727
201.752485
204.562114
203.515238
199.780940
199.435127
204.477983
203.462195
198.670161
216.994842
221.592354
218.284131
222.711584
214.747875
220.923722
212.215838
217.558630
216.845010
219.238496
223.733559
217.019523
216.630481
222.628494
217.302799
212.812345
213.195701
203.110209
221.540276
227.797117
226.560756
228.760061
231.545759
225.366343
221.489788
228.752883
231.536796
225.400368
228.622972
224.187320
224.913225
217.555036
214.451434
225.451944
214.512709
224.711430
213.648370
215.314122
231.903151
224.746814
223.079697
222.351479
218.757767
219.499273
216.498442
216.394078
218.040663
218.766582
222.665191
219.396073
218.585084
215.451348
215.550974
225.799099
214.735309
216.402593
223.395201
212.003833
215.494757
215.664736
214.245361
212.414188
213.172835
214.840568
212.737369
218.281820
213.016808
211.974948
208.650818
207.653501
213.047866
228.297727
231.706215
206.492919
230.414951
223.162500
189.859123
188.085809
196.075216
196.753999
203.013808
197.048857
191.649431
192.329605
190.680268
195.867029
185.614598
194.483200
195.224503
193.536665
215.136032
223.899368
228.349469
230.215946
203.587582
210.920486
206.964664
204.517678
206.250654
202.836586
209.243795
201.240337
206.537017
206.611514
208.785881
209.858465
209.866363
206.869667
199.532600
195.027629
212.324589
205.448307
199.470446
201.322091
196.132771
212.375908
208.105070
199.484192
199.552016
199.621069
215.529802
218.753104
215.501736
213.856648
211.350548
206.741817
219.402846
211.464885
207.857878
218.750169
213.251561
217.456302
213.005589
209.688041
215.849431
217.998099
215.123470
201.036400
200.415836
202.034798
207.867341
194.915891
196.584312
196.609578
193.969676
207.435156
213.756665
213.761763
209.736585
208.605735
209.865343
212.241800
208.301185
214.722781
202.994498
205.369573
208.583367
206.485887
205.420946
208.174559
209.822852
212.220213
210.055097
214.189439
214.853173
213.746843
212.158750
208.299375
214.786904
214.442247
200.175298
200.221417
194.853649
200.988067
206.920400
195.796278
201.251786
208.607724
215.100608
220.498266
223.117038
224.267917
210.943405
213.115312
221.582963
207.810384
216.104911
214.979560
214.888954
203.729319
205.614873
203.794759
208.574341
206.750297
206.679916
194.966048
194.014575
196.022535
195.738143
194.656583
218.918337
219.630932
205.581100
203.800565
205.440235
209.214322
207.352083
205.531532
211.122637
208.619893
210.384584
207.813542
214.756692
208.368292
209.815046
208.334153
214.821711
208.106689
209.798672
206.619069
209.116699
204.940601
200.609709
202.376669
199.734256
196.278824
209.263358
211.032323
209.670778
207.778286
210.339917
213.187755
215.532161
207.182843
203.529958
207.162920
202.464189
208.653122
210.384529
213.623552
207.110350
207.808406
203.511111
207.227286
202.486730
199.877079
202.317740
201.680002
198.812649
197.746179
213.769836
198.356889
213.183287
204.910231
212.317901
215.453354
203.273560
200.738308
193.624462
210.317459
195.907482
209.534245
212.103549
218.306704
219.470861
209.893093
207.684080
202.894525
206.908510
208.000495
209.377056
198.697672
206.736276
199.785798
207.373065
216.922595
214.797619
201.359396
205.574612
211.442860
211.352672
205.471095
207.769042
207.797375
203.746159
221.737198
194.519302
196.798043
213.776630
200.492210
206.504407
222.864858
205.505842
202.903002
202.103473
205.404502
202.911289
202.141040
208.873492
209.464133
211.993160
200.114059
199.343882
200.866359
219.152606
202.880417
202.559550
201.277559
209.464904
195.577563
196.361834
194.597579
205.644962
228.295399
205.580635
207.416569
206.615532
205.479550
198.711596
210.132311
209.943058
198.784625
211.034197
198.735169
200.503663
210.117153
211.493447
203.253827
208.445112
212.019958
209.308585
207.566897
208.534989
223.124529
202.151390
201.380532
232.827580
232.687863
189.084660
189.184822
206.295841
197.402851
196.632265
187.373356
196.398904
195.630078
200.305748
199.584483
196.010477
201.459667
208.974692
209.611557
199.543789
211.599808
205.700468
203.724064
193.389230
198.834815
200.521182
203.657496
200.252941
198.560938
206.362265
203.716712
209.942905
196.941600
205.666067
201.483080
201.043681
210.054337
212.530104
195.958497
207.780408
195.595509
193.341371
206.737778
200.329294
205.749085
213.758709
208.413344
215.288775
217.501007
217.659644
225.816481
211.833475
206.916723
210.866683
201.395773
206.822652
201.385879
217.532319
213.367786
211.995247
201.366630
206.764453
206.455224
218.597382
199.754721
197.607154
203.109032
210.547034
212.465068
208.705631
203.204692
202.728939
211.704642
213.469275
197.627549
208.718313
197.228078
207.639189
227.521728
213.980734
213.212943
207.472097
196.973088
197.880309
205.860801
206.488497
214.078154
198.529145
200.187798
200.449117
218.936337
192.466914
194.303955
192.489153
209.691011
200.368346
215.710572
201.032636
216.767593
207.015179
222.009624
205.405078
205.407178
204.344425
194.167992
211.589323
194.161868
194.992951
193.231751
204.995298
195.858584
211.292694
193.442304
206.019194
196.073901
211.257932
201.974579
207.396949
215.940186
217.535236
220.149168
207.396943
218.490114
228.960255
226.930627
201.975047
213.101800
229.078092
210.935993
208.424764
204.720867
208.392061
202.861664
220.276575
219.478788
201.171117
187.292163
187.219957
206.439530
190.829106
189.154320
190.073171
196.859577
206.562729
202.840981
201.137238
205.387133
202.128555
205.455622
216.704715
201.077388
215.291884
200.306908
183.679987
183.791011
206.514705
190.120297
190.914961
194.269321
189.192909
188.859926
193.827459
193.177035
198.096271
195.651640
209.859095
194.881434
227.358964
227.190860
212.962684
212.194292
201.174780
193.570188
195.222423
194.503081
213.398491
192.494894
194.295391
188.096019
188.060419
216.474531
206.178069
192.782033
200.535127
204.219475
195.124533
201.644623
204.121114
196.140712
202.194018
205.292638
194.999584
199.430228
215.260666
218.322172
207.061540
207.063473
193.617497
205.091731
195.889959
201.253867
202.798387
206.093596
203.736292
201.175344
203.835728
208.384705
208.446609
203.142285
203.520720
203.496023
203.615234
204.612410
214.122662
209.269251
196.665282
200.368314
194.659829
196.388907
202.856587
213.637111
196.214228
195.765860
195.767810
214.272535
197.191397
203.717574
196.083293
207.327232
207.301745
201.743563
201.765561
201.041828
201.717257
216.782100
202.703030
203.782162
201.724669
200.227499
201.947567
199.499539
200.973984
201.946437
199.185793
200.221350
205.555779
204.576417
205.285203
205.276386
203.504179
203.449105
200.489589
200.597484
204.366677
192.791497
204.354612
202.174830
202.222741
206.100564
206.135207
207.361417
206.604955
206.638384
205.583174
205.564019
205.590072
205.576604
201.012320
201.197609
200.216207
201.009988
199.964328
212.418377
200.144828
198.381191
199.891780
197.377166
188.074245
189.820619
189.028095
188.758639
187.101193
203.432579
187.294685
185.508265
187.186973
194.292725
186.233712
202.563731
193.983153
201.869899
195.555862
194.908510
194.031153
193.223537
198.934324
189.805581
201.017569
201.332921
194.204535
203.780055
199.148633
199.886818
214.185711
211.039536
200.239852
200.290988
204.903302
195.891839
201.746291
200.961738
199.178237
195.132779
194.379837
204.536456
193.762065
203.480955
195.865777
201.317954
201.987093
203.849479
206.203896
218.477228
205.431868
195.862023
202.049077
201.270098
211.264931
195.122475
194.370757
200.881061
204.538276
203.611052
194.174871
200.308940
199.538684
207.259314
199.333200
203.690504
210.628005
219.670214
195.056471
194.289507
198.936389
195.921732
201.373801
201.311758
203.846607
200.999735
208.013265
200.228704
201.460712
202.794815
199.615865
196.228343
211.805580
207.370891
195.343285
196.904326
191.900624
195.182982
202.893188
196.088709
195.312608
199.943599
201.034297
211.019162
208.956174
213.123666
202.908246
202.180458
201.392056
196.967606
200.270643
206.021630
207.131206
197.354336
206.579441
194.941241
199.333072
210.652356
209.480764
199.215466
199.518533
196.570086
205.674414
203.903269
214.149074
200.392217
204.800406
206.429834
204.594696
206.376206
206.114605
200.969233
206.666784
194.885891
199.278312
198.413428
200.191561
194.786128
193.250308
201.052987
207.254596
198.626964
209.575296
195.682796
194.313568
192.176616
200.104834
194.058581
188.658857
201.095709
187.813605
198.688921
201.831370
200.886480
206.280855
195.928571
202.085519
201.303599
199.165291
194.783684
194.043991
194.789502
192.226578
193.408737
199.512315
199.432194
199.505961
198.474991
202.485517
204.569871
199.464948
193.213591
200.125023
198.333570
205.298484
208.832537
198.402045
199.458837
205.636531
206.067635
195.653466
199.413012
201.374788
196.718041
205.400681
205.357310
206.040653
199.357817
204.770498
204.367268
197.633899
197.671795
200.215981
189.804490
195.961485
195.179257
204.362556
206.528808
208.930561
203.636938
207.197655
206.900813
205.458829
200.131000
206.327429
205.174827
207.224982
201.960211
195.977290
202.136724
201.264523
199.548663
198.525243
199.008724
200.967630
206.418036
213.988114
205.448740
204.558571
209.907127
210.912755
206.590268
207.145831
201.349939
207.485713
214.639770
213.060987
208.304938
213.638474
231.929027
201.064247
201.696220
195.929941
213.187942
202.914972
218.024013
205.686813
211.110077
219.198983
213.885212
212.478330
206.375699
212.512713
211.705481
226.162140
217.216038
202.012200
219.286673
208.247092
213.626495
206.386516
211.810485
213.544353
208.868919
208.834518
218.640395
209.352232
218.545998
210.942500
215.718497
206.586176
206.509063
211.950712
210.597842
211.557599
210.500043
211.881100
201.356975
206.754797
218.535106
207.477044
216.685549
204.853300
189.726526
195.810007
188.929428
195.013172
206.617970
207.415162
210.947738
215.752766
205.666153
217.809832
204.417359
206.495170
210.586746
212.720435
209.809311
209.854207
210.961584
199.430954
198.598840
188.866765
204.141620
204.455247
194.978961
201.091108
207.725873
194.186432
200.298899
199.448468
209.814555
199.052250
205.008725
203.940506
204.663024
194.044256
193.222093
204.460799
210.596207
212.508004
201.794097
200.948685
201.866719
201.068652
209.929239
207.241268
206.484763
208.433306
210.601075
201.216068
207.382580
206.577202
201.052940
204.770119
206.774814
202.116731
200.061733
206.166469
205.397459
204.635510
202.821296
199.299438
203.243172
204.295512
192.910641
192.909505
193.618244
190.751536
202.577416
203.596615
198.490276
192.932776
194.030364
192.910542
192.288785
212.417008
193.640962
194.732127
189.619918
207.225405
193.619055
192.990921
199.860044
187.878781
197.333771
196.628620
191.460990
192.168945
193.300969
194.091712
187.912834
193.024113
198.474745
192.328261
188.577683
193.689756
204.731794
200.258027
216.834985
199.895576
203.661726
194.718385
188.942444
194.090390
193.132070
193.916585
193.311620
193.138249
189.571763
192.415976
189.566319
194.713734
202.674215
194.016817
210.599668
207.801198
200.803734
201.089705
205.487472
196.522965
207.520146
200.698306
197.275400
197.328576
207.899911
200.046921
206.841741
204.234980
201.041100
214.992191
200.236719
200.294164
197.892104
201.400641
201.475242
205.130944
204.480047
212.450262
211.006793
204.072796
203.993089
205.509440
206.898219
212.246016
203.022645
204.326757
203.199103
193.266093
192.987693
188.220315
203.117590
190.797061
197.920464
205.127299
204.986178
196.946749
197.624216
205.173019
203.768920
203.340753
205.583952
207.005594
204.530048
203.764740
232.050386
231.286945
230.247864
212.430661
195.885278
195.878719
199.869178
204.968734
200.227014
201.264487
195.808649
199.812982
201.226384
200.755885
202.091535
200.634241
194.054495
198.548381
201.724465
198.446899
191.400614
200.874402
194.036347
200.964131
198.426059
196.663108
196.939756
198.580663
200.925776
201.268447
200.170575
199.275753
193.351286
196.010584
193.391327
204.488748
193.218314
201.200023
193.967055
203.025388
193.981711
200.823211
203.534196
193.233216
194.958501
195.666401
194.075508
200.166495
206.084307
200.937978
195.926364
201.083337
202.772919
206.001353
199.980044
201.913389
200.245388
205.093579
213.316440
193.274513
187.048982
188.568338
192.097166
187.839973
193.149978
187.040991
212.758921
202.051432
200.318925
203.157562
202.104219
201.466969
215.355842
215.696434
224.224984
210.205312
210.380622
194.133262
194.896283
193.225453
193.899101
194.900677
194.266094
195.937881
221.268838
222.193607
222.332342
224.729116
200.305767
200.980161
212.442570
226.297228
226.313553
209.551902
207.039183
210.313925
201.206552
204.940810
203.357942
202.741054
207.670334
208.277220
213.103293
209.710199
203.833331
200.690705
200.630727
208.831832
208.481918
210.335217
214.425064
210.967202
215.552103
220.984267
214.963099
212.044464
211.488355
206.913059
206.167239
206.578850
203.758313
207.562139
213.986363
210.705795
208.839181
207.594513
208.126397
215.319955
220.680685
226.509706
214.603223
214.536111
214.525302
215.348083
216.920580
209.511147
210.644399
226.662669
218.302156
209.175419
213.642033
214.875577
216.962132
210.712396
209.244150
213.680955
209.579421
215.073424
221.299640
226.461005
219.208293
216.373467
202.948964
210.613690
211.591228
211.679469
211.649915
206.789410
208.518329
207.573436
222.062714
207.935856
208.570095
207.656982
207.304651
209.138369
220.808820
210.117942
205.077989
219.489937
208.358173
208.925244
224.594874
209.958495
205.158191
210.225004
220.611743
220.774588
209.860496
217.599810
213.726071
223.103503
226.008354
233.956760
224.782720
218.863251
219.960087
215.675361
214.955532
216.884782
210.556667
215.346151
212.263691
213.508320
219.039994
214.548139
218.166054
207.525860
214.767245
216.414722
216.889615
209.226483
220.305527
215.656690
219.998044
216.229717
215.119743
220.072307
223.162938
233.579038
234.836751
234.822561
203.071268
201.297437
207.516258
206.156251
213.465769
214.167004
204.243805
203.137073
211.258883
215.949220
205.303683
201.795400
204.197744
213.809217
208.961388
208.048045
219.275469
210.225291
215.760450
212.321974
205.735213
213.352148
212.495337
218.713747
209.920622
205.724168
217.051607
229.577522
221.868774
222.709422
233.079752
225.371661
224.364324
212.888021
213.368024
216.554903
230.430797
219.314461
217.204013
217.912872
212.524621
206.028697
204.196677
203.520864
224.235173
207.786520
208.839025
200.614690
200.680110
212.612589
201.282635
206.739931
207.357614
198.703955
210.460330
210.040926
205.689248
212.476974
208.785405
206.596447
229.586580
244.368724
227.802388
221.639347
210.921232
215.529542
215.488311
223.973075
215.641858
211.032313
221.723924
210.105023
214.347181
221.301967
210.285075
226.856555
220.778260
216.590330
215.804264
220.938236
222.287972
219.499221
223.490646
212.420620
225.237488
212.138706
221.424981
229.767903
224.481954
224.618299
223.080335
222.566932
223.027665
218.627253
213.721431
225.979359
215.450237
219.207200
216.158797
227.338950
227.609585
225.451447
224.336036
208.833108
219.230030
215.021046
221.803700
213.635670
215.365225
217.275951
229.843550
224.738399
224.494489
229.815599
223.665939
224.460560
208.658569
206.515010
221.706822
207.241079
206.545300
223.275243
219.092236
216.450069
223.404155
216.488084
234.671681
238.722119
246.313360
222.558098
216.520504
214.944274
212.404502
212.313229
214.201094
220.309427
211.067137
211.098912
207.694118
214.537128
221.458875
214.200067
221.429483
208.763659
211.074394
217.734596
217.716269
212.369840
214.790473
215.396248
208.517553
213.375365
215.373592
208.676632
208.644134
209.969705
211.026552
206.276772
206.244482
222.646358
204.915713
204.915285
214.004363
199.522065
199.521618
215.298927
243.491385
255.396185
212.807717
217.340530
212.178555
221.719369
217.368810
215.489597
221.715099
227.329642
216.908545
216.962314
223.097228
216.926128
214.386393
219.940696
210.247187
214.256523
219.801932
229.301155
222.096892
223.281059
225.831874
217.946048
223.333033
225.347583
216.665501
217.788211
223.570104
216.192911
216.004590
217.986202
216.897867
221.136176
219.078913
217.482896
217.294465
225.076750
218.233771
213.926478
223.223150
220.962748
216.004596
239.488650
239.584162
241.883433
218.967858
233.285793
217.288371
217.100236
224.949648
218.070980
215.500355
213.965165
210.966805
212.474110
210.319748
208.194498
241.197139
226.401177
222.046983
203.105205
203.858530
202.099572
201.305071
206.129142
206.262928
198.753337
203.262659
206.892571
218.176067
218.268095
216.131370
211.900129
205.495245
211.153395
210.354207
217.396983
209.198943
211.081327
216.472913
212.963380
190.712705
189.782282
200.876560
195.978741
190.612053
200.662526
190.768058
190.786512
200.887838
194.265418
188.821569
198.915288
188.963441
188.880058
188.200113
196.973005
209.959156
190.011519
213.812966
211.345166
213.573207
213.268943
217.902173
226.923139
212.490530
211.836133
222.448153
232.090937
211.912845
226.878467
207.860658
213.271490
227.427278
217.902902
226.964333
212.490296
211.868927
222.483386
222.615313
232.124803
211.947098
207.515144
228.644236
208.646836
218.807052
200.501752
202.273952
200.633136
218.053713
200.446444
201.210225
237.402608
222.511242
215.545266
215.619066
222.662204
222.398036
216.204224
216.276696
204.536227
207.786145
203.542006
206.534256
205.742236
193.026080
212.838857
205.040824
199.564388
205.622945
199.910644
200.200700
194.186001
204.396663
204.605682
205.474211
204.353547
210.121794
204.707995
204.656255
198.434758
199.287876
199.672780
199.583334
205.431487
206.546025
223.090043
200.380551
206.525769
206.729800
203.917430
201.251213
199.241910
203.203701
202.373033
195.134577
189.725836
199.730431
194.253935
199.356674
191.562466
194.467907
188.982604
208.280800
200.001766
197.495329
201.756268
199.193268
199.294148
201.978343
202.716707
217.018334
209.643928
207.105910
201.618262
209.112927
201.096230
217.673872
195.004527
201.079639
202.940547
202.871010
200.246878
232.784430
233.505444
213.401271
214.146931
226.788462
212.387959
201.375804
213.479290
228.962246
214.506433
214.469255
214.518943
214.358917
210.871459
206.450642
205.426914
221.539546
206.521701
207.291002
222.915407
200.153529
203.178141
212.264786
206.616710
205.604978
206.313738
211.057139
204.646571
218.528028
207.200708
212.611407
206.123786
217.420310
203.872945
211.589030
203.797447
203.596561
198.603285
204.085416
203.561801
209.902011
198.482104
200.168582
197.907213
199.367801
208.485393
209.257034
227.978556
200.290815
201.435428
199.642612
205.107068
201.313790
211.016660
196.739002
196.764840
201.396629
195.995356
202.117935
206.122606
203.832378
211.611524
201.331673
200.455614
207.405958
208.176953
222.403415
209.174673
209.693650
215.791933
214.252685
213.531914
215.123747
212.636021
217.980177
196.039580
215.121509
202.132000
208.279586
217.883535
202.413237
208.560837
208.839256
219.004850
251.295986
216.416475
215.381721
202.786883
202.051155
209.538443
205.187069
206.211968
194.973366
203.834282
222.631051
203.095271
213.800997
197.049309
207.352335
195.223302
205.665946
200.798164
196.478599
208.037409
206.147375
213.460491
200.240347
195.847483
207.154883
201.983723
205.813622
196.602668
200.076129
210.326001
203.697926
199.441151
197.675691
199.451379
200.321086
207.319214
189.785008
206.191534
205.473281
210.257623
198.045065
193.724865
207.194193
207.293156
206.588089
194.177530
206.151866
201.048073
211.383024
194.049618
200.139723
200.392140
200.485778
207.273715
200.607767
201.126076
207.223666
201.077616
189.236307
248.982558
222.493058
223.122854
219.155238
206.658613
212.143794
216.536755
219.925913
212.644930
207.344476
221.043094
214.711982
220.857218
219.189886
217.515232
206.948428
212.556217
207.222775
212.333930
198.530043
204.699023
204.761994
214.001678
207.608322
205.902799
200.494627
213.547242
202.826608
207.338094
203.849939
211.155051
205.883638
206.044815
208.411115
206.528550
201.068483
201.096375
205.574471
195.713526
203.629954
195.741407
220.678937
218.119281
208.276835
213.060380
209.335870
206.816423
212.996599
213.158591
212.107970
213.926867
208.441361
214.072329
205.845463
200.435323
212.584174
212.695254
214.107180
208.792118
213.574594
209.902510
210.264195
214.519683
201.211934
203.718535
201.053258
212.368794
219.259684
218.575150
219.666265
223.820535
212.469575
217.955189
225.966930
211.954299
211.801832
201.203634
194.996020
195.707757
195.268607
188.985932
195.032888
199.362630
195.649007
197.600061
198.354608
188.895628
212.552332
213.534005
196.827555
195.270686
201.521187
202.140025
195.918727
202.010439
195.321683
196.878677
196.783125
201.519367
202.087083
200.325144
195.706408
201.753312
200.937245
196.095162
194.359840
205.353938
202.236118
202.992211
196.127324
194.307358
205.432285
198.541418
200.320055
198.487270
209.880815
209.758572
189.085719
203.677077
204.779497
205.434085
204.099120
202.133448
202.531849
210.007204
206.294203
211.430564
196.920590
194.980849
211.663923
212.542000
201.844839
206.960336
217.615279
200.432865
217.513781
194.145243
206.936303
200.277785
199.192679
210.743621
200.485315
210.762719
200.466963
216.734901
200.383918
207.273932
205.912272
200.171163
216.889095
197.962800
200.123682
215.725892
210.277999
198.510343
194.102333
207.907396
200.233469
199.145816
202.165198
204.097314
201.711775
205.515002
199.202658
200.651508
201.100141
200.285696
200.559049
219.008385
205.123111
205.122027
201.245194
200.584484
218.992023
215.529946
204.383402
193.014887
205.116207
204.373984
204.305830
197.416009
198.484346
201.045189
200.303822
198.627499
217.871666
195.749810
195.828810
209.871839
202.582776
201.524888
209.043312
203.693737
204.732838
212.440976
203.758146
203.798964
223.228624
204.498155
202.747607
204.926759
200.229311
204.881131
202.795646
200.262791
199.459426
205.920816
196.661174
199.878378
198.234549
203.700540
208.716195
204.750560
206.468844
203.741876
197.764240
208.682889
203.968443
197.708495
198.644125
200.447305
207.334405
200.173263
217.926805
198.004980
208.070010
206.535795
200.088585
200.447132
206.266388
207.034183
198.389445
206.855078
199.794655
198.090916
197.918874
200.963365
218.297828
206.317725
199.970314
205.179191
201.083740
200.009653
199.434028
199.315500
201.651645
194.095478
201.175142
200.410846
203.287970
192.504517
201.353015
203.258147
189.534849
214.901605
218.903430
215.891345
213.669841
215.944279
220.970741
202.581246
206.685162
209.871656
217.457722
209.999417
215.504460
210.395370
214.727104
223.098673
221.024251
212.005413
216.844215
218.989826
211.275438
222.318039
211.073553
212.159169
215.446381
215.810698
210.177519
224.125928
220.952379
210.027142
213.143955
211.061573
214.445472
207.610484
217.574450
219.473383
227.162287
221.866581
219.032379
217.987232
221.145993
228.783847
212.460861
219.269787
203.670000
195.684323
201.077108
193.828094
210.653283
207.259988
194.932968
203.096802
201.148539
199.273021
207.724777
204.143847
203.401288
213.513315
211.044612
211.293354
205.651476
215.799226
209.302860
206.499049
206.466262
206.533289
215.966016
215.996999
211.249636
211.248173
203.973356
210.285723
207.754685
204.189030
198.797284
219.901544
211.140814
211.333224
205.707687
209.424709
215.764994
215.112885
214.355244
209.366926
209.417685
213.497049
216.737397
228.676427
216.020345
218.760337
220.954602
221.244973
214.916980
223.887261
225.346196
231.653077
231.636610
218.829058
206.869804
209.055287
230.064127
215.729321
216.734350
224.974547
212.587410
216.898101
204.096353
213.639374
215.426864
220.011224
215.745812
220.719437
215.480042
204.191039
213.707370
220.698207
232.180167
222.436899
220.058783
218.362945
217.606437
216.675890
228.680968
226.580392
232.807843
227.651011
225.085501
216.474456
208.562924
211.743955
207.733481
214.783859
209.228236
214.441541
221.922041
210.444078
216.703111
230.308019
210.896810
216.647856
214.018979
218.530893
220.943979
223.940027
220.825745
223.042897
216.847815
212.553153
218.533843
216.649015
218.811584
223.919859
211.936287
218.835936
232.367936
213.714923
214.549169
203.424724
201.565413
213.658794
223.875455
217.518395
225.753979
226.284596
226.577440
218.467908
214.353990
207.541793
217.708163
213.673325
225.398956
215.399684
224.803614
214.613268
210.247971
217.620829
223.381826
216.278909
215.257901
212.825546
226.535738
208.903325
206.446054
226.533878
225.974113
203.946752
203.859622
209.267654
209.366119
211.774056
214.017638
226.957515
221.754689
228.637188
223.118346
211.327736
207.033094
214.408107
219.477364
214.370807
217.823421
220.033385
237.779365
212.077767
214.407528
204.193418
216.770648
213.778622
217.525532
214.452293
217.436122
214.442499
224.841965
222.503267
221.352049
219.243472
214.721685
210.390897
218.613315
223.913538
214.686256
210.355963
224.004080
218.663558
223.467580
225.848832
206.674418
207.275348
225.915197
210.203978
215.625655
233.021030
226.891394
220.009363
215.652899
214.657160
219.902339
210.388670
216.494019
232.147371
230.056669
227.006499
226.899021
219.861472
229.102928
213.903019
209.424578
215.054942
209.030682
218.827608
209.666865
222.212847
218.222961
217.277942
213.364670
217.338708
216.722653
215.965016
219.577658
205.020671
219.603218
209.166255
224.858149
220.805431
219.735428
219.111005
218.354235
221.966797
206.993194
221.550733
220.288707
214.045069
210.283871
213.119147
209.384882
212.766025
215.506309
220.813389
216.337689
214.849615
215.608700
218.388259
226.820661
218.062640
218.821138
229.009912
218.592798
216.616872
215.535582
215.583407
219.069498
215.867044
215.656123
214.469924
210.138805
208.579177
196.399849
206.115035
206.895801
200.724187
216.888638
217.172132
215.162088
217.954341
212.912861
211.349793
210.138003
210.068870
218.460819
224.769699
239.282684
249.477429
235.145663
219.621561
231.771012
219.621532
227.714388
229.088053
221.986144
225.207648
217.986662
219.539199
237.005536
213.291893
244.284056
220.635894
225.144828
217.651715
226.696659
223.902110
220.544782
221.164329
225.694096
223.270468
238.509252
232.788682
232.982741
224.737522
231.726910
223.512868
225.804518
229.278337
224.576529
217.725168
223.473612
224.802674
216.541443
228.269729
233.015174
210.135386
212.622989
208.365483
211.653372
216.186420
209.247919
234.799567
211.032521
219.442522
210.524884
210.108853
208.313311
222.803584
225.405169
219.245394
223.480228
218.005413
222.828387
224.691700
218.957869
213.639815
214.320528
205.841188
205.050676
206.396788
205.150408
205.298929
208.063157
213.532088
211.879378
204.754797
206.778502
207.718608
217.179938
205.200864
223.536380
218.128126
219.007907
224.546323
219.784360
227.004124
209.751805
222.727115
220.652806
227.861470
221.269435
213.581767
214.429059
208.739795
203.867132
219.147618
223.240802
207.614973
218.526672
203.861682
221.251745
229.210886
218.980070
223.902674
210.326975
211.320831
206.265618
217.353052
216.687233
219.983747
209.999097
211.956298
219.938522
217.497021
225.355449
213.415603
201.233619
209.339251
212.341891
196.868342
214.788267
218.668617
202.381363
217.291970
219.615826
214.493586
218.528256
206.842900
210.424668
218.597462
208.188681
208.910774
209.734594
219.852292
214.798063
219.775499
203.461824
219.561648
215.247020
215.379128
215.499238
219.558470
226.663594
208.032636
213.462566
228.515022
208.110094
200.495502
215.550701
216.814812
214.621282
222.591397
221.922145
227.023569
228.208725
237.307434
215.622155
214.535910
207.350392
219.793165
238.202604
202.211412
194.572481
201.108717
197.149167
201.978322
208.748171
202.284291
201.129695
209.460008
208.362208
208.255614
209.362144
207.236209
197.531862
204.280631
204.220480
197.591696
198.450163
198.184286
196.382812
192.019645
210.520377
196.662161
197.564325
195.558902
190.078452
213.373688
210.213236
206.195383
207.851713
214.063488
211.819115
205.898553
201.435412
210.563748
200.233269
210.541143
195.106788
199.468492
226.147971
222.002503
226.085846
202.122454
213.452603
205.695512
208.091503
208.832274
232.779496
242.846626
231.860995
235.371590
230.629464
235.464139
224.773566
223.822430
225.556650
231.386849
231.386468
234.822524
226.220906
227.405553
219.350053
235.200763
230.900057
225.632734
232.496056
232.372593
232.374708
233.653840
242.386789
235.745017
220.897000
212.504351
227.692169
219.566832
227.722858
228.648071
220.305258
228.785366
222.010127
210.171041
210.745099
230.350936
227.671290
207.128352
211.953922
215.329310
202.106389
213.529678
215.155548
209.268216
213.633203
213.872615
208.956114
226.535820
232.719982
233.786712
224.161972
234.969354
226.627128
232.813002
224.214210
212.504146
210.933960
235.013635
227.657206
219.498686
227.719498
220.303277
222.010230
210.128052
223.441635
223.494359
218.987328
210.703841
227.599498
218.409690
221.456622
203.814455
209.961743
211.738704
199.427522
202.855733
202.586512
207.388050
204.050436
215.964445
192.428617
198.218258
198.510098
198.583694
199.994129
200.003050
200.360366
198.452921
200.353139
197.464747
190.700076
188.023220
188.038893
192.660187
217.585430
234.330983
197.143893
195.403717
195.144098
204.111421
202.291910
213.491928
200.964698
213.556696
208.239129
200.703644
203.211488
201.436882
200.593326
204.877965
207.157161
209.915178
203.103433
205.407854
208.167988
222.897270
200.911905
201.955026
201.575947
201.912523
200.854264
199.344582
200.026999
199.514923
199.455141
193.554573
193.543127
199.405470
200.470841
200.106034
192.804318
200.162123
201.173013
200.826634
206.425942
201.910454
205.456132
212.527834
227.479122
199.293781
200.173388
206.884819
226.296397
218.572107
201.349330
206.877459
215.107125
220.048656
203.841500
209.373695
213.223349
197.017534
219.732550
214.130181
203.974351
214.292046
213.320991
219.102261
217.493113
206.100476
206.443215
225.676367
198.739424
205.164324
211.759055
206.871751
200.188979
205.248947
211.768375
200.280992
207.495444
208.611171
209.067885
207.479091
208.849572
216.405975
207.715641
213.101610
218.678144
218.311013
209.589765
210.666863
208.999819
209.000254
208.221092
205.368578
203.921572
212.598718
207.665476
203.812573
221.215796
219.630694
208.275949
208.484490
226.809517
229.288861
218.041768
208.035743
205.151765
219.490714
209.249643
210.035942
224.678450
208.488539
217.375629
222.304607
208.445336
209.486041
217.126501
207.401228
216.309098
206.517708
210.533874
212.352174
208.146523
213.459557
212.542317
205.747682
220.390991
204.198833
204.929342
218.542466
220.363236
214.674914
218.828158
234.803293
221.317043
207.993075
219.288802
206.019828
204.665250
213.686134
196.981105
208.220794
195.757319
218.314108
206.595266
224.523268
218.711324
226.907423
224.043595
208.638966
196.527556
197.477088
210.503426
209.803857
203.119893
201.715551
212.462004
193.858877
195.759883
195.099025
201.293468
200.290327
213.518694
209.360873
214.514035
205.480315
208.051071
224.053806
196.104832
205.369887
200.029387
194.091288
200.027666
194.095501
195.211066
187.360502
199.184778
193.212803
199.150220
194.333702
202.899128
209.031304
206.985255
195.140514
201.356712
201.242916
206.259277
191.525138
196.370205
189.793742
195.645782
193.233595
183.785753
199.992106
195.926109
194.226829
193.343786
194.093546
204.859935
202.948667
201.098713
201.060521
199.687248
198.809735
199.523943
189.472853
203.092642
203.815247
202.193237
206.697332
208.942643
202.582121
203.653822
201.430990
199.492396
211.941715
197.253165
196.371673
196.643273
213.011957
207.228612
193.512905
189.013071
199.154032
187.326184
199.180846
192.359160
194.277298
192.321420
192.287770
187.222887
190.814833
191.580264
212.146976
200.915242
199.911974
200.920672
200.059678
189.803724
188.669248
188.733780
184.692363
200.979723
184.390761
185.424511
188.716725
188.690243
183.608471
199.853927
183.674220
199.102442
189.796255
201.103647
203.029829
195.235984
199.224255
190.885605
197.009440
211.621908
195.267845
193.954069
190.608138
188.893675
196.804623
185.459402
197.584971
210.606200
192.637144
191.750024
194.863126
201.080199
195.122604
202.049645
202.990527
196.717067
195.207021
195.251755
203.297385
195.197689
192.579595
198.484014
200.441112
201.747546
194.791060
201.665415
194.825603
196.954446
197.499531
199.380516
212.521867
201.136084
193.822228
194.338688
199.119445
194.150557
194.709263
196.870071
195.566181
195.273041
197.685041
195.061259
212.635768
195.811400
192.252683
193.001301
199.119468
206.946496
200.220034
198.101145
198.259600
203.712185
199.933598
200.135904
208.629839
201.190724
199.189492
199.157587
200.867658
199.178921
198.441181
199.076643
216.058479
200.149783
200.127076
200.092857
208.071714
207.871256
217.641858
209.554011
207.158870
203.066752
197.517952
198.101793
198.226557
199.202081
202.056972
199.189919
198.554952
198.208826
203.713692
206.544316
205.500015
199.142722
197.430856
195.873933
189.172004
197.379051
197.390867
195.834055
207.223627
201.663852
190.599753
199.314565
195.747307
199.529036
198.548806
212.560595
205.537193
205.222612
206.207206
204.472484
212.561362
207.006067
206.222838
199.312758
195.085269
189.936395
200.994587
201.625565
217.575291
200.956779
200.372177
199.615071
198.713808
194.101998
193.068129
198.497188
193.371051
197.848997
197.797681
202.704659
195.831120
194.990765
188.907569
199.056357
198.325062
194.995086
188.910568
199.412501
193.279067
199.407623
193.214520
203.635586
194.549185
213.771544
207.554018
207.521535
195.850443
196.663362
196.548843
202.120633
196.416601
214.064829
202.613862
221.056150
204.352350
203.667744
200.883303
201.580420
202.695707
220.311977
202.640756
201.934983
212.365731
208.449156
214.934458
209.095660
214.761264
209.369562
200.939041
212.071216
200.399979
201.333356
213.232963
195.187262
198.464016
205.468510
194.119027
196.954488
194.123286
195.226939
204.477765
192.731856
194.364576
204.672274
193.288317
196.157020
210.807709
193.292976
194.397333
203.648466
216.620033
203.056939
211.563612
208.655108
207.702800
222.155719
208.393638
209.258176
201.644708
201.767533
213.197324
207.580286
207.632742
208.280011
204.182024
210.319573
194.255449
200.394420
199.562853
215.909413
205.540898
200.250314
199.588165
199.959233
194.239167
200.341816
198.472450
214.801405
198.492815
199.537006
213.344775
202.961732
206.325709
199.224384
199.297392
192.977946
210.985160
212.103133
205.356243
212.188101
207.372007
193.057076
212.091660
198.647321
204.093071
216.975907
199.988074
199.219729
199.215686
198.538787
200.881562
218.398243
218.422723
191.718320
203.618687
203.547792
209.521122
204.313362
203.199353
213.815835
205.349153
204.296374
210.691026
205.375308
203.262839
204.642386
203.588288
207.407684
215.082012
212.881816
191.588992
199.672677
197.722653
196.741608
197.643315
198.383371
198.426786
199.986480
205.424107
204.232288
208.138639
202.975972
207.164217
204.973394
200.088773
194.977414
200.898023
204.734103
204.604315
200.258927
201.023399
195.867232
206.794142
195.852379
208.825158
201.000319
190.704452
199.286821
194.138070
198.376743
199.169844
204.722372
206.304084
204.765811
207.800069
197.572263
201.512544
200.791468
199.091954
205.754412
193.087256
207.006379
205.467851
197.551426
197.354316
188.623099
200.981036
207.162474
201.039330
214.865711
207.396292
206.528694
213.353500
208.944519
204.537977
206.101420
203.585649
205.308867
199.988846
213.139207
203.955657
204.631848
205.408153
211.343968
212.349130
205.832578
199.739389
212.468810
203.055936
209.216838
210.164330
210.641635
202.832715
209.057794
206.553121
208.441335
213.327554
206.416175
201.669798
202.050532
207.534733
199.250123
201.125631
199.575933
207.011288
195.157212
216.936906
201.318848
200.357208
201.031112
201.385734
198.011773
206.946331
216.168793
209.223538
201.251692
202.571083
201.857126
200.496631
196.128004
215.922971
202.305364
204.674434
207.345221
205.804331
210.793477
210.769038
210.839220
211.863663
212.553993
211.842575
216.958139
203.061865
208.023801
196.848237
217.693059
199.127989
200.929369
206.927077
194.067833
199.545357
200.213694
195.050116
200.542902
207.986950
204.032833
201.298512
207.949716
195.769467
204.593281
204.548377
206.544214
197.707672
197.664956
195.175021
201.387098
199.437380
199.491190
200.579762
206.961315
201.443016
199.135011
201.161560
198.455444
203.643533
198.442848
203.577622
203.947283
204.609946
199.122070
212.598773
205.813656
200.351630
206.511864
213.559142
206.530641
205.524851
206.184547
201.190518
205.972311
204.604170
205.418306
195.063200
201.225286
206.381345
200.417262
212.623694
206.456599
202.031805
200.766108
207.752230
206.477981
201.060770
207.201729
206.206544
206.104453
206.857593
205.445987
201.087352
198.433909
205.386633
198.377433
207.191558
205.394965
205.390781
208.746700
214.866645
206.819475
211.795914
208.441984
201.088526
198.647348
195.796745
201.692518
193.824465
193.193600
192.870574
192.125009
199.979980
199.238541
200.255126
195.466625
200.616577
194.815064
193.777343
199.237679
199.919568
197.879163
199.562869
200.351785
193.522810
194.222730
192.471777
201.936975
222.004959
202.893519
222.016076
203.800935
204.782537
204.444114
223.029090
202.948685
204.853365
200.241847
209.957243
201.387647
201.113334
199.483388
195.030385
196.011135
200.707720
204.741586
199.518675
197.842073
199.778079
216.621037
206.560229
207.395891
206.959065
206.244852
205.414760
208.534500
210.223175
209.548680
201.922361
207.578093
208.239242
216.846588
206.572536
214.858950
200.480183
201.460306
205.562842
205.593508
206.158220
205.045197
205.185912
206.423310
207.161516
215.747017
205.492157
214.748700
198.686276
204.596863
204.417921
204.412109
204.061579
205.667337
205.397707
213.220928
201.553814
202.284869
201.457045
203.221742
204.082911
202.273680
200.339213
201.097026
200.353840
197.846244
203.407620
204.503796
208.819511
199.498747
199.530973
199.486772
202.488972
209.820503
199.530039
203.524959
199.461400
197.742559
197.704919
199.414288
203.141116
199.458867
204.246502
199.433669
211.432196
212.481637
207.383978
203.007829
211.771197
207.266465
204.030883
214.666428
206.541661
203.304509
214.658064
205.351945
203.023730
205.432396
202.112028
211.421136
213.535478
270.347603
211.852826
213.630692
228.453942
208.471035
210.114664
210.116570
228.542727
209.616969
228.489905
209.039302
210.755793
211.322689
229.135815
224.018105
221.033481
230.182556
224.744635
228.430459
229.402163
230.585254
232.976016
223.853908
228.633464
229.819557
226.590780
232.103179
231.223761
232.864003
232.186039
222.150115
235.461904
224.886778
230.358833
223.596276
231.758132
236.841310
230.764079
227.517450
244.704688
251.205358
229.623776
230.077954
231.335692
233.520545
225.373917
232.476165
231.247113
232.500518
236.785843
240.221590
237.891423
235.743749
239.662941
246.384189
230.834218
207.943046
212.829052
210.598375
201.397781
209.387486
202.054318
200.207213
200.212486
196.188938
196.852119
201.371170
209.760132
200.552688
228.677998
231.444617
239.000653
219.475402
226.469856
218.655260
214.933305
238.800511
236.620323
238.841448
236.620181
241.699482
247.456229
226.275625
226.109326
230.750480
235.521071
231.918487
235.561003
226.395766
238.583311
228.689140
228.203143
242.399951
231.357501
239.553474
228.310190
229.472052
226.245123
227.364240
228.311784
237.363521
226.247379
237.404827
221.733454
232.045036
232.531023
239.592500
240.540983
240.583781
223.797853
232.883128
232.924930
252.961092
230.997923
236.036564
217.172916
217.171365
218.302856
221.644086
216.059815
215.692887
241.965234
228.874613
231.904146
233.250157
230.549137
232.585727
231.952219
240.143157
232.328005
240.005743
236.856198
238.019269
236.750923
233.167395
236.494251
232.865552
229.725152
232.631138
223.369324
212.993606
243.054830
235.136630
241.025034
230.064611
237.533279
244.230565
245.765203
228.321917
224.678325
238.607989
234.710550
239.576480
233.439674
229.966248
234.412478
237.399708
234.978857
229.220526
227.076012
223.870986
224.104451
225.065723
232.700711
216.826790
216.906334
224.453967
224.502050
228.797216
228.808664
222.221401
228.756999
220.305761
222.265885
220.909798
224.310952
222.805959
223.895846
227.573403
227.619572
233.249817
227.140748
227.660979
227.588179
231.895257
225.976655
217.502257
229.323430
218.337255
217.481382
212.867773
221.783520
229.187024
222.905910
217.875771
219.514247
212.774160
231.409695
245.656650
239.577483
245.093434
233.079688
238.052272
233.270760
232.069840
237.012752
234.278866
233.675795
222.077835
231.064825
224.812810
230.326699
207.591112
216.876770
210.078674
212.393149
199.783041
202.135312
199.757711
196.564625
199.229045
194.866991
210.530590
203.946546
210.650898
206.102790
220.337502
229.661758
229.658560
239.662861
239.618503
232.279502
234.082202
234.042127
228.173740
240.351948
240.309210
225.498239
224.616056
238.320293
231.248812
233.097371
233.057628
227.223350
239.635336
239.592596
259.883535
260.209513
235.355624
235.311269
243.849588
234.903116
236.161122
234.670695
226.565923
233.625727
234.491142
242.618534
236.358382
233.746686
233.878577
237.848063
237.823044
239.078234
232.865834
235.633612
235.949562
237.208777
235.321062
235.552320
236.809102
237.592873
239.900995
233.917183
239.075132
240.314442
241.570010
233.491810
238.192582
230.128219
237.148626
224.238903
234.505485
234.600795
234.178276
234.861047
238.876993
230.812521
237.833613
245.229746
244.187026
245.278649
234.871187
226.719941
233.829675
249.508107
246.561426
243.144352
242.494104
254.685213
210.433523
229.003190
211.573603
209.763486
208.694787
236.306689
212.845385
210.430623
215.628809
216.495446
218.687214
222.658926
231.756811
217.206577
217.205541
234.901492
218.833319
222.292331
224.290823
237.106513
234.598523
229.558963
232.629427
233.938026
231.236903
230.617841
238.766415
230.750829
238.642761
231.149337
237.524969
234.571294
224.121017
224.501094
224.518579
220.483118
223.781329
227.146591
236.642103
226.434198
221.982916
227.415555
259.405974
272.979313
200.915411
194.027109
193.899469
195.145067
195.834298
193.171900
193.978407
193.678054
194.012153
193.987772
194.660505
192.241164
192.943503
200.178292
200.506625
200.386542
208.298101
191.654857
197.021704
205.682377
209.919195
215.251973
194.333172
203.817851
191.616082
196.983264
201.841170
201.069610
216.106359
190.871291
201.114595
190.004241
205.633724
183.805974
214.826925
214.792745
190.873485
190.983967
217.072611
213.882570
208.529207
223.528074
207.177825
196.018481
199.628096
210.745077
195.009499
211.898879
224.997336
222.824374
217.658967
215.379323
216.233600
205.873047
200.398415
208.514114
212.796135
217.527369
192.409107
207.062850
191.399716
205.128745
206.835433
199.546145
199.552293
196.178212
199.786471
210.885375
196.029892
200.339175
200.725868
193.400031
206.025569
191.334360
205.910208
223.049924
214.284275
209.298809
209.156883
224.808101
203.026488
202.691277
202.778295
204.934642
203.814445
203.804260
204.129118
204.885201
221.728789
202.761255
198.733286
191.714789
203.848867
193.506508
210.134615
209.005805
208.270058
206.545629
190.845057
195.204977
207.448335
204.398233
196.075674
197.866826
187.348830
200.082287
197.584501
196.797784
200.237557
202.885338
200.373007
199.151574
201.114960
195.791480
194.203575
191.465769
209.950956
209.957542
205.534414
201.080580
201.867020
200.117045
213.556696
213.452244
213.993235
228.339650
208.554601
214.819553
221.728115
204.185435
215.501110
214.253003
208.638538
212.808021
221.820102
211.071542
211.904010
210.681887
210.312061
220.484190
209.662569
208.168068
228.287689
209.701286
208.205326
228.326525
208.588503
196.191280
202.450058
212.417347
214.985651
212.806606
215.181175
210.903331
228.350435
200.549314
202.297329
213.166192
211.027516
214.046815
209.808668
228.247465
208.039775
204.723971
210.310232
217.413530
217.385601
200.413672
208.501738
207.715388
205.835196
202.200067
202.189036
208.927036
208.142490
206.948993
206.928008
213.573555
211.435403
227.313808
194.213097
194.973805
196.728187
220.460798
199.467266
209.825081
204.560157
201.181809
203.535685
200.415427
192.808804
199.497913
194.356323
204.586013
209.733240
192.769929
198.826695
201.436185
198.390774
208.133525
199.468338
204.593793
204.329464
202.665316
202.630888
213.363582
206.431079
195.533829
195.152778
205.387768
200.687693
193.546793
214.442180
216.532577
216.534117
197.904259
209.792758
197.128993
209.094839
209.130204
218.455699
203.973159
218.919763
208.747086
214.794469
209.288744
214.369333
232.933733
203.628626
220.006359
216.659411
216.660546
205.162453
208.472024
217.020485
207.324395
202.238652
220.642073
214.702120
222.925911
203.293218
203.429720
203.358357
215.289779
203.324980
214.563492
215.300175
192.445329
187.046776
193.214159
187.805266
185.531841
203.221988
188.563025
187.130774
185.471160
186.280372
186.228763
189.027389
188.832537
205.092042
195.151288
220.007020
201.477113
206.241070
200.563551
199.539893
202.118530
205.459693
196.171533
211.584057
202.880265
206.241734
197.940017
209.649850
214.330611
189.227097
201.043381
200.018595
199.598611
199.591737
200.643712
199.624683
202.380071
198.885671
194.715123
205.482835
204.491682
211.429813
210.148874
210.121477
228.436297
201.849434
203.976190
195.979958
200.789146
200.299977
200.265993
196.702397
212.235013
193.221946
195.110682
189.818156
204.983897
196.866539
200.280121
201.231553
206.116688
194.862364
199.173507
198.862315
194.104303
209.224817
209.269885
214.489626
211.373828
206.341512
223.995384
220.386585
203.134395
207.208819
205.797648
198.734106
213.780385
220.301688
196.223776
198.010629
200.383097
203.904317
196.029467
199.750072
199.304602
203.712604
206.472135
199.837378
204.800976
208.401933
200.447585
212.831151
205.419453
194.436414
217.333449
208.989743
204.477759
215.664341
219.151415
207.263093
212.736934
204.776334
223.080600
206.291501
219.457989
204.305216
207.310082
215.140230
208.494247
226.107377
207.440849
208.282589
225.802849
207.208574
211.963633
210.044304
204.523793
202.968111
200.723675
198.890128
218.892178
205.869524
202.258531
198.522382
198.403590
209.161666
206.769662
202.088548
206.522058
211.590694
207.465827
201.810560
197.621688
208.712690
203.433637
214.589055
211.784764
210.003700
224.272352
206.525554
206.622631
206.760204
206.241388
204.662558
207.317636
213.958976
226.169165
209.907271
210.184076
208.161602
209.583195
213.910834
214.541713
212.698380
210.551376
207.874070
206.200314
219.652014
209.288506
227.626831
210.803699
222.574471
222.578127
210.000519
210.048161
209.699582
229.480960
212.738258
203.294434
202.433504
205.095862
204.718825
200.240081
201.872046
195.042409
211.680632
200.484733
196.778901
200.480109
195.702448
210.245232
199.089509
194.954740
211.208056
194.937970
205.534502
207.183129
206.459296
199.129999
210.524576
198.416112
199.217070
193.971126
208.860480
199.356943
197.651670
211.326699
199.172635
193.314774
199.397229
199.456007
191.801881
193.365896
199.133385
194.022599
208.824538
211.254992
209.046999
196.506648
197.386423
202.227739
203.873551
203.150420
195.833098
188.390432
211.034044
200.295133
200.256420
201.603574
216.661178
211.761655
216.659895
204.703355
204.708332
200.120210
208.520736
201.091940
209.300510
203.403368
198.425209
203.397730
205.485596
198.387599
213.665488
210.914720
211.734156
230.951116
209.843813
203.119592
218.146785
188.014264
188.765078
189.014850
199.980878
199.229744
199.262879
209.788284
209.029612
209.029909
195.405895
195.631756
194.628554
198.470978
200.201140
216.971464
199.350635
198.389627
199.979067
198.986599
188.440461
187.029040
187.734763
190.682880
189.666502
195.034830
193.976758
193.209594
192.904670
192.576412
188.144238
194.269811
193.315844
192.951774
189.594159
196.890018
190.722275
196.147643
194.718734
191.546374
195.497793
187.376695
189.823817
194.779002
191.896021
190.744877
188.581526
199.848521
188.580731
189.334308
201.587988
189.333886
190.317414
190.316739
198.545709
188.649683
189.593044
208.402909
206.617736
205.867237
207.274223
205.506712
203.101105
204.767188
202.043545
191.371447
190.426853
193.224500
193.292033
189.810272
189.732499
194.001905
190.373892
190.373329
196.847390
203.038235
218.887315
211.116305
207.010297
217.234381
219.931554
205.148425
204.736452
218.801816
204.780916
199.871863
210.929472
215.155314
206.019046
206.795575
204.187994
210.397289
203.836677
203.748788
218.974799
204.169022
216.192128
223.184233
207.010771
199.086294
207.589916
211.303429
208.722873
211.764816
217.688176
207.656324
212.265621
210.454562
209.322876
209.421682
210.125391
217.711105
216.960906
202.098586
218.709068
207.612962
228.966782
198.791811
213.388573
202.358283
204.983351
209.690357
215.198177
209.743456
209.759519
209.033446
209.687700
207.932582
210.474618
209.650119
200.840163
201.540438
209.665672
207.943265
207.912877
209.436725
208.680391
203.441748
201.718332
218.004281
217.255298
217.210551
204.205412
206.572481
215.775269
208.289819
206.590842
221.365880
216.794225
222.396527
206.115592
217.997658
217.927263
211.929866
216.733532
206.557181
205.542577
216.719762
206.118873
222.522895
201.654644
202.052261
221.236803
211.700345
210.945005
210.940568
212.551156
212.393279
197.852855
197.721580
197.763256
209.221418
209.124431
214.431548
205.145747
214.941746
196.917947
215.252624
202.126685
202.916585
201.143095
216.655945
216.761211
203.193429
202.175404
203.201311
204.060299
202.235616
203.001834
195.352143
194.596735
196.787610
197.809508
202.075086
202.818744
202.104078
201.171687
198.626904
200.528467
211.024868
201.170638
200.375288
204.386909
201.157399
210.653089
200.486184
202.052292
205.014051
205.381357
209.362654
209.283682
213.625885
206.433780
207.624289
207.664907
204.934739
202.882242
218.593425
203.941388
211.740155
220.865113
206.992592
207.057834
202.224005
217.948618
203.311289
204.307507
209.974871
207.098090
202.593619
203.368018
209.958338
205.010680
206.748614
198.466010
202.660605
198.429395
206.833673
213.458917
207.583793
205.579417
201.819385
215.217516
202.927548
213.533987
197.826801
213.510312
198.913654
199.611410
206.277047
193.284564
215.288052
224.894941
213.072646
218.719862
200.670472
206.337336
216.906819
207.716688
208.626527
205.702516
206.692796
205.634146
203.918782
218.659009
204.033359
212.337132
211.187565
206.638292
209.116374
212.676004
213.170831
215.412149
208.497922
209.116878
209.126651
209.828124
202.985045
207.077880
218.885237
219.934609
211.492102
206.910089
207.048690
206.993692
207.378694
218.235271
227.306697
210.156879
206.067526
209.316747
208.294472
210.040747
212.221215
207.640534
213.427480
207.866540
206.806706
209.507587
210.093342
210.149215
229.592080
229.596930
209.232323
207.386148
201.307872
200.936804
203.035654
199.259322
201.979989
197.205415
195.240564
197.042428
197.154833
197.058948
199.708280
224.303283
225.311652
205.266312
206.729288
203.132883
216.902783
198.910786
196.263743
207.070815
224.813971
203.765023
203.806950
224.803571
203.723531
225.114172
203.291509
203.034986
203.078197
211.187983
211.231754
211.981940
205.595735
204.761100
191.475438
192.471421
201.270730
211.709753
201.437832
205.714371
206.608193
202.123512
200.288374
209.585839
202.138824
199.182349
195.055036
199.653979
199.911868
194.496248
201.355254
208.379904
199.559732
200.459990
202.054293
215.148761
202.154024
188.981647
194.349612
206.252116
194.098512
199.504317
200.145487
198.472996
199.449940
205.349848
199.130090
204.653028
198.859540
203.586339
197.768519
197.771111
201.477509
197.768191
197.671016
198.667093
204.530388
202.431247
189.631371
195.080593
199.758507
205.060945
200.237311
198.428848
199.406093
200.931442
200.961942
193.438950
198.907342
206.183064
194.104721
199.512222
200.237322
198.535611
199.444115
199.147678
205.712997
189.688744
205.526960
219.862451
205.561808
220.973436
216.031028
199.519715
199.880963
205.087410
209.838531
205.103453
198.796599
205.019028
208.806852
205.104587
215.984614
199.050784
210.773009
209.750648
213.475968
209.547622
212.930791
199.920967
206.241942
199.961522
192.658961
195.067960
194.302007
193.340876
208.882204
199.582300
210.559256
204.865184
205.802455
206.603627
211.389784
210.292134
212.104735
211.014305
211.315488
210.300851
198.506651
197.137590
200.264414
198.551388
199.249754
203.592633
204.616490
193.224669
196.002655
194.306304
194.297971
194.258394
211.702127
195.190080
194.396023
193.344692
199.627680
193.371970
212.441704
200.153176
210.484447
205.713994
210.492024
205.770629
200.150989
193.230902
193.251532
199.376263
209.785284
209.785556
199.329334
203.584836
203.610422
193.245177
195.049819
205.913610
206.589086
219.930931
206.692482
206.681555
222.068618
206.928981
210.731442
197.505969
206.755024
204.783656
198.523983
204.805043
196.946723
196.059091
199.569994
204.789147
197.512601
208.794914
205.894695
200.265885
211.365588
209.143525
193.161308
205.363431
214.702007
198.017991
207.344306
200.282415
199.453803
201.104389
201.101286
194.182310
206.447287
196.924091
206.220181
199.137759
199.358701
205.372330
199.122844
204.626970
202.412270
191.575070
193.409493
191.571556
204.485179
197.900922
200.851365
197.876925
196.979992
206.207689
200.232220
199.427282
200.980259
193.169158
205.373642
214.638995
197.897861
206.182442
199.190686
200.411512
199.101727
201.826182
195.956163
207.169587
219.099136
197.031136
196.296101
196.270914
200.021721
199.988622
221.599148
193.660071
196.555427
194.516385
194.678723
201.722734
194.414538
194.592690
196.530150
194.672465
201.341310
201.100026
201.068941
200.967301
200.332450
205.550362
205.550805
210.548779
210.525231
192.761484
211.654061
195.101155
194.309982
199.465375
193.341942
199.486900
212.394427
211.619387
211.608657
212.296744
211.638421
203.649385
195.336319
205.663486
194.355050
197.030028
194.323397
195.994877
195.042516
204.894176
204.791455
205.812477
204.878464
206.613395
195.354201
212.874490
195.253471
194.458192
199.926704
209.056292
193.369968
199.740249
195.134704
213.529123
196.744077
195.011111
204.308679
205.324374
201.053271
201.157812
201.151740
200.423486
200.382424
192.339505
193.092667
202.763605
202.784571
202.806989
194.075297
192.407977
198.509941
210.302197
207.807124
209.511423
193.500871
194.065817
220.715015
219.629539
220.031287
218.869823
219.966388
218.914935
203.119053
203.109327
203.412886
198.157584
205.102502
197.402447
202.588131
203.085228
202.092083
202.070333
202.244214
202.892287
199.258124
200.981146
234.295516
232.197864
202.895569
200.247434
199.192429
201.822272
201.031681
199.292066
200.319022
201.509810
202.917562
199.802558
201.274773
202.305796
201.681987
200.429928
212.287196
211.537251
203.041229
187.567933
202.015585
200.332932
212.523235
201.115920
213.349818
212.162327
201.457862
200.207768
201.249378
211.740459
201.232430
202.081853
199.293420
211.468574
202.118898
210.847042
201.044102
200.313794
201.019493
198.601925
200.966523
201.285446
212.602901
211.407472
202.651208
202.845719
202.848620
203.023957
203.647750
198.577657
201.050034
199.325322
211.009256
212.230007
199.543788
200.992148
211.564463
200.281284
213.359875
201.241300
201.272493
212.633250
202.974392
220.532638
215.437835
214.766519
214.764235
212.560015
210.673369
210.007461
222.087583
202.623573
221.513512
196.774042
207.395298
221.243821
208.124971
214.732815
208.701495
207.928935
215.541517
213.795510
206.371176
219.455172
202.576557
194.458528
199.973922
205.834249
190.732301
205.065961
189.899397
195.423001
208.452392
203.361083
198.459422
202.415963
201.674774
188.927126
200.522742
194.374167
214.011501
196.257444
195.427102
195.175720
213.684189
195.803972
196.147323
196.121810
193.711214
210.591686
226.631142
205.299975
207.023130
210.389270
199.365757
199.314446
208.071910
205.771169
201.330664
207.234943
209.575132
206.449578
218.226332
207.476265
203.541890
211.740565
225.650361
208.608847
212.908520
209.009488
204.634677
215.138027
200.672294
199.935491
211.975046
207.297312
202.969476
213.498935
207.233553
207.551179
215.560030
207.601928
218.629439
208.771271
220.886302
211.138222
211.142844
201.390933
202.071161
200.368953
205.522731
215.070221
212.810107
200.353990
200.277033
220.900670
199.579375
199.694553
199.287508
199.142701
204.464594
198.555394
198.435575
202.269875
202.166647
222.040222
203.280466
201.547800
202.480264
203.048026
202.951297
204.002495
204.862947
203.017582
203.779559
199.245407
198.590002
210.742071
209.941026
202.483098
217.697567
207.114584
208.229585
196.943499
205.938070
191.882466
196.184780
198.092396
205.539335
212.783230
207.150333
202.036852
215.042160
205.147643
191.026782
195.348231
197.235166
195.100576
194.294142
195.074844
195.145829
194.353525
194.434447
195.771587
209.397596
206.864992
208.593946
208.176918
208.283142
195.076787
194.007022
192.550268
194.279754
193.423744
194.233297
192.460540
194.978810
211.776596
187.927280
189.648786
188.910279
201.189334
202.158850
202.883995
193.291481
198.601257
192.609032
193.977545
194.391455
208.747228
198.632593
199.962080
199.995170
188.964942
194.162780
194.308951
188.907045
189.710494
187.934216
187.943743
188.989542
189.957187
189.736308
187.921985
188.735675
189.660274
187.269180
187.888718
189.578231
188.864942
200.951392
195.896248
196.929514
196.662427
201.052873
188.339453
193.198977
194.833030
195.846973
195.975087
194.883610
190.389745
190.351963
193.213361
188.685352
188.602832
196.745672
196.099687
196.848877
196.867284
197.061835
196.964106
196.709720
194.293853
191.316926
191.637233
192.393800
191.607248
192.760159
195.063760
196.729753
197.700511
195.922649
194.983810
193.398162
190.925586
190.744051
197.193022
190.033116
211.787979
213.649475
208.041266
196.273871
207.632319
202.533434
211.875012
220.883118
213.738499
212.782908
205.640623
187.371109
192.210148
189.075223
189.787827
183.778371
192.580589
221.152759
207.060739
204.439383
216.306221
222.851940
223.957988
229.013670
206.381284
204.153497
198.042887
207.026858
201.844105
206.127505
207.603300
201.466701
197.041909
206.080359
206.026727
195.448813
219.272773
202.399103
202.380691
210.638634
210.159458
205.741310
218.791097
236.274040
228.883331
194.104804
194.047804
185.579430
193.796723
193.757544
193.699223
194.005710
195.478606
193.751818
194.050818
193.012456
194.151230
194.055695
185.572742
194.431683
193.083574
193.019274
194.047242
195.040572
193.973012
193.359483
185.559569
192.693679
192.293625
192.277237
192.309072
194.398824
195.147449
196.226617
194.403161
195.919459
194.094620
195.441142
198.000979
195.492802
196.235509
198.727664
211.920073
196.220259
196.885940
195.156826
197.049268
196.897576
195.264822
197.721066
194.008916
193.269969
206.169838
204.307334
220.685632
215.081212
220.654909
215.049483
219.773098
224.051665
199.999625
199.088437
201.978820
206.956374
211.042038
210.179954
206.460212
207.210600
200.599853
198.011166
214.792217
216.435402
215.111423
216.463158
232.669793
231.900576
225.580193
225.578543
219.335483
225.596646
219.019096
220.082976
219.361797
222.243347
227.566960
215.954110
231.344440
219.252761
221.518833
225.168289
227.412329
234.918015
225.364557
223.631051
234.206313
211.554296
208.744724
213.431986
214.953131
210.878710
210.986924
212.718961
220.196792
220.973561
212.326094
217.299796
219.067975
217.246240
216.537655
214.016581
208.725000
207.652821
223.962452
210.910160
217.145650
208.395483
210.421791
217.334138
215.035347
207.064046
211.679217
214.279585
218.148125
213.667717
232.900827
218.373872
224.414696
229.284443
206.237838
210.552869
227.612730
213.448677
225.328804
225.630161
213.462677
206.237684
210.909422
210.553193
223.935301
235.201655
208.223332
207.294950
216.206077
208.076117
208.148904
197.049525
196.944780
212.267062
210.528561
211.771884
205.638866
215.135651
216.700261
224.078995
203.952116
209.290699
210.535796
209.537152
214.368506
213.933865
216.761946
210.595312
209.537534
209.290623
221.373048
215.160002
207.851891
216.540364
215.014811
204.178836
203.309560
229.090313
230.865923
213.968253
205.885834
211.027719
207.673981
218.063006
218.029241
215.071154
203.184728
208.006405
206.956825
206.976390
206.204456
210.804058
209.251185
214.652888
213.975066
211.582238
214.669271
209.895923
211.544495
219.987113
209.266219
216.166803
206.267498
205.212113
205.513838
216.582809
216.547747
206.226449
205.717586
200.948075
200.251939
205.448603
200.946713
200.981422
201.182286
200.422873
196.785664
223.430191
212.509850
196.775897
202.805207
200.989345
214.597883
202.094219
201.685887
206.377413
196.741005
205.728006
201.289853
200.456373
199.488816
205.447721
193.774240
201.500583
199.450317
216.201930
216.169740
219.873044
229.606642
196.244755
212.800988
196.850245
200.320029
204.813701
225.510275
207.456001
202.017253
221.784002
213.749273
212.832100
214.208736
196.815379
212.792081
206.389049
201.124843
195.072728
216.784335
216.816965
224.420517
196.190968
194.312761
195.182228
194.441960
219.771218
220.529057
232.153547
226.403525
223.982608
225.193087
232.912971
231.611369
191.031391
190.888211
194.665076
192.931190
187.686140
188.035866
187.005893
196.900752
196.218449
187.045730
186.280890
187.957962
196.488587
186.218131
192.212286
187.784242
188.522790
206.759113
213.583899
204.816814
209.968522
217.442325
190.847255
209.218620
207.989682
199.794126
195.320694
204.924885
207.167989
203.718522
202.630488
193.979819
206.414336
205.126797
203.653274
198.731139
194.015509
205.528082
201.851584
199.395277
199.466686
202.950022
202.923728
198.588799
197.601961
205.795146
207.367582
204.640808
206.142435
206.207254
201.561922
205.887578
200.377254
200.660637
206.478427
201.026168
206.841862
211.337955
210.272454
198.947462
197.225496
213.143269
193.789825
205.649918
205.419137
202.238599
211.642280
212.858223
205.023598
203.892013
200.649666
200.516451
211.989024
196.359468
202.595285
200.669241
201.928880
200.672811
200.322240
201.148712
195.347856
212.252131
210.130920
198.389578
198.723070
198.374159
208.767186
204.809951
208.798978
204.763688
204.781199
197.766514
198.409291
204.735796
207.283423
199.217900
198.476308
198.854775
203.563126
202.451969
208.304604
200.246654
199.533864
205.302373
203.189903
199.244220
200.238798
205.303023
203.193072
211.936872
195.366163
195.152965
192.591839
209.763943
198.719442
205.716724
208.247269
197.829204
200.201835
198.515727
206.530701
206.221545
205.464683
210.992473
218.039442
199.493884
205.842166
209.025166
200.996381
200.283713
213.022129
206.572959
206.513502
207.285147
212.112158
211.954074
222.294755
218.147463
215.697555
214.087495
213.323389
213.323850
206.227199
201.138106
202.943839
203.990808
214.213298
217.743969
227.130823
213.240638
218.034038
218.031851
213.386947
215.211644
218.733443
208.493382
214.676647
216.782968
207.469554
224.489161
222.382395
219.656889
214.278705
214.455801
225.096564
204.486244
225.454881
209.056949
230.027640
229.970705
220.697453
229.971003
220.697707
221.049123
220.390331
226.226085
216.477069
205.862041
204.478713
208.222743
205.509728
207.666163
204.925097
212.598204
207.525502
208.641174
216.514738
207.846509
209.129261
208.544620
206.595492
207.781494
217.231279
218.436849
204.293058
208.036707
204.181373
218.493744
219.690645
208.274600
219.099794
229.337197
221.853017
211.028976
212.165725
208.568375
209.606669
220.454301
204.234457
205.783318
232.655928
209.852161
214.662460
209.260546
209.755959
215.476474
208.902658
218.502557
225.801659
209.580487
210.318457
211.129138
242.391965
207.349904
225.974785
221.563140
210.560163
209.975056
215.975058
211.704652
220.435251
219.468655
227.632638
215.904875
209.070066
210.843048
212.606127
214.525806
217.536433
226.755096
221.096793
226.329872
204.919383
227.060483
227.880737
195.895347
214.435904
219.129046
208.454459
209.210697
195.808672
194.039798
195.837787
195.765267
193.992778
193.932518
195.759185
193.978999
194.743737
196.867027
196.646792
201.015358
201.716451
201.114352
202.224559
202.154824
209.070400
209.217132
197.644016
195.789421
201.950803
200.234405
203.098986
200.271392
202.000951
202.923247
201.208102
201.283117
200.214884
201.910551
201.987688
209.103005
209.207363
202.808937
202.783152
209.680911
209.759094
212.106402
200.993576
200.979214
201.750416
195.159565
195.785956
195.787115
194.695997
194.026854
222.116089
216.978208
232.603648
216.161070
228.091193
226.868746
220.828337
221.612996
219.923466
220.740972
220.750738
220.748852
218.116186
219.880861
224.332240
216.647404
221.083980
216.825893
218.077019
212.214372
227.277456
214.431160
217.059815
228.623150
227.023939
229.607632
229.609884
214.341216
217.153477
226.782908
222.886497
228.916848
220.708958
220.751036
221.612992
220.657302
220.785713
226.696137
222.800129
228.743237
231.046674
231.048335
229.177079
231.550370
225.562551
227.850423
227.848772
225.601383
230.899721
225.632595
225.636206
188.636902
188.738125
187.307267
200.185807
199.671491
199.841784
194.595326
192.720456
203.213777
189.844820
187.169077
191.873191
188.609521
190.919867
190.892133
187.590273
193.802325
196.940974
191.966690
197.641050
200.146551
209.653089
211.609196
216.240509
216.240441
202.883734
198.013319
189.920169
198.768371
189.690787
201.901915
201.086175
194.019169
204.245532
201.145033
198.401669
203.162489
200.248179
204.329985
203.332021
199.748794
205.037049
202.269039
201.499487
211.511006
214.623416
200.271622
199.501244
203.742074
202.972182
202.809596
207.917725
195.277448
220.693002
207.721383
206.924234
202.589600
201.820064
197.578902
196.809800
200.939548
201.570528
208.819550
196.180556
221.683092
214.726315
201.803610
201.109516
200.805755
199.966187
197.546714
196.852628
202.549668
201.855251
204.742255
209.255932
210.137321
206.937389
208.751083
200.692730
202.536136
200.535005
200.583963
201.366571
201.343619
202.006564
212.398308
194.251102
220.420615
220.432132
214.333536
203.412715
200.074528
205.155298
199.861162
204.909745
194.812573
217.832584
206.766003
205.569145
197.016345
203.250656
200.574215
202.587404
201.366063
199.565478
201.807464
197.313258
203.547804
202.311713
201.551597
202.966441
201.705822
200.623824
202.186387
202.271454
204.751993
205.136877
223.884378
219.755515
214.560805
200.456109
200.293165
200.253964
202.153790
194.205732
195.821726
193.297268
195.980669
216.275598
211.630010
226.285318
222.564398
215.245953
206.123748
211.587980
218.422441
206.179050
206.459708
207.407616
207.385810
213.022500
202.018486
201.282193
201.299605
211.494061
202.329267
205.457214
201.656890
214.920787
214.964683
232.166118
213.024809
213.060708
227.498522
228.652103
227.584270
227.423937
226.390543
227.526590
226.802730
210.169504
210.100934
217.996364
207.706059
207.679967
223.161431
214.167691
207.849135
202.446329
220.807851
213.421728
229.506464
211.924481
215.370785
217.488426
231.123030
212.495530
216.568119
224.026607
217.365871
222.889565
225.952473
227.990760
238.746803
236.493076
226.762501
223.591690
239.466946
222.477601
222.120558
214.535415
222.050167
224.111212
223.382308
227.996746
213.009812
221.333032
217.281335
225.173560
216.928741
229.065495
211.819595
211.796096
219.852350
209.948486
205.575000
217.508163
228.851710
219.427356
223.930830
214.837422
216.380625
211.676173
211.675053
222.646627
221.607768
217.587316
224.519830
235.776190
234.685827
240.308181
215.608572
212.512397
214.756686
211.040501
213.285061
215.676289
215.341854
228.344857
221.931169
214.459758
210.518664
210.043822
214.858694
208.831719
220.762784
213.705151
207.141192
213.767681
216.472941
215.429960
213.933077
222.428770
222.396532
221.377148
216.022284
211.971086
219.390784
222.782807
221.616093
224.970317
208.644710
207.082675
219.392053
224.206103
226.429470
218.378061
219.137863
217.366596
222.264657
225.088107
223.714193
218.440445
237.945568
230.839393
226.590995
220.846079
224.812156
215.425731
210.853090
214.656748
210.359482
218.851228
224.668876
222.783146
210.397009
233.174678
215.816083
217.530839
228.123445
212.578172
226.373184
234.297978
224.070422
218.681485
216.820467
218.691383
229.262710
219.278597
232.148651
220.444263
228.910838
221.193345
229.660010
219.237923
217.637674
220.955088
213.027629
220.958338
225.050800
225.740948
216.525909
212.153405
220.717054
220.739050
222.620035
211.748002
221.430825
217.251647
212.855368
211.849234
216.136154
219.203898
208.939335
209.013193
219.264107
214.965267
229.235830
211.385781
213.131882
210.625375
210.988335
212.138167
213.805014
211.378195
211.661403
216.998269
216.052744
215.433751
220.593430
223.755366
216.452516
211.161022
217.204597
211.912607
232.633647
211.565379
221.746652
210.872801
215.508761
230.435210
217.097876
210.825034
214.704978
209.338364
218.693925
216.763715
219.471371
215.929164
218.488496
209.190775
213.935487
219.054461
217.316829
221.777534
212.157620
214.865295
211.321623
212.670209
211.401227
220.818893
205.052130
218.464872
225.192071
209.393790
206.611346
209.099016
215.930572
214.844454
217.176298
215.838108
231.965139
217.815287
215.212646
214.880054
215.664544
221.100873
212.802684
226.775166
219.770371
228.975031
225.598493
222.391864
225.611135
234.004225
222.733813
211.872606
230.909563
222.203566
226.127347
213.277038
215.678779
211.132377
211.621165
217.287371
219.439586
206.738584
219.218482
203.942754
213.939313
214.309451
219.869054
215.706815
213.220258
212.694531
217.205963
226.906067
224.446005
216.445791
215.653078
224.038744
219.445083
215.545947
208.824208
221.382788
216.203331
215.147031
230.105334
230.225372
222.308389
228.978432
200.925582
193.311335
188.821193
194.076256
188.491052
188.818247
188.460162
188.145675
194.185026
187.815697
189.227515
191.569865
192.286863
192.963365
188.082103
186.317654
191.475842
193.972528
192.303965
195.641977
187.045733
187.377151
210.052313
203.322874
204.020564
210.162139
202.076644
201.924200
200.383502
206.315200
207.390329
196.028257
203.427788
203.432273
197.819750
206.218415
206.241821
202.265624
201.175156
208.894983
209.666290
201.291096
199.515097
207.382867
207.259106
199.489412
207.058828
205.625589
200.126029
199.459849
199.732500
204.684433
211.706809
211.739785
205.697527
205.859509
205.788621
208.429169
207.806764
216.562486
200.343394
207.763647
217.440358
217.664255
200.817616
201.515154
205.914851
194.359608
195.094137
200.731916
194.410754
196.183464
204.664417
200.908650
200.923412
208.364675
204.718681
202.104767
202.190953
201.675420
201.669067
209.234287
207.404713
193.936462
212.334241
194.685707
215.465711
208.885453
211.014395
216.519435
215.486713
213.656168
214.701351
225.039446
215.396094
213.596896
217.265189
194.080831
195.754446
195.146222
195.748189
196.751546
201.420059
201.332449
206.392209
206.391589
207.502736
221.590025
218.570906
200.402085
200.371700
206.337695
207.432711
219.603909
219.617903
217.514420
212.712153
213.474249
207.127797
213.555729
214.246347
207.971376
230.807039
224.190698
213.834169
212.835854
186.253829
186.198471
193.961183
193.927802
200.650034
186.545665
195.768954
195.741605
186.323967
186.947752
186.211646
194.115109
194.043287
195.438404
186.194345
198.952812
192.986568
192.958366
199.324502
198.953200
195.523253
187.400666
195.458782
187.401235
199.193059
197.494311
193.791055
194.807361
195.520013
201.718558
200.021598
216.481285
199.424143
198.564664
201.213345
200.198551
200.355208
200.007699
200.024785
194.827524
195.507189
200.328311
195.849556
196.514276
197.619397
188.352747
189.021344
188.288158
194.126253
193.763955
194.817287
194.841018
197.590645
199.963837
197.654990
199.321040
198.281315
200.290165
199.222956
195.887369
197.638970
198.305630
194.056692
195.209950
187.269929
187.258870
203.180939
202.337041
200.985999
198.971051
195.347614
199.935398
199.197578
193.942728
194.014482
199.152341
199.935339
198.819252
198.819828
198.166887
199.901400
198.960894
199.188507
204.497077
202.745508
197.534513
188.149176
187.248655
188.958769
202.608399
187.115965
187.241213
205.246859
197.423821
196.443637
186.192339
186.898913
186.162558
202.473407
201.021609
199.870551
186.153646
186.888714
203.251663
194.762065
200.006915
200.046878
193.740025
194.419687
201.665492
201.777240
200.943373
200.856342
195.749027
201.670761
206.299810
194.744215
189.875189
189.516781
188.807700
189.062733
188.062253
193.284141
187.729171
192.893604
193.976118
192.883692
193.953299
193.690812
193.881761
190.610862
188.842604
189.878538
188.111692
186.570443
189.582161
187.839228
193.963601
195.733419
193.956952
194.027887
193.722046
192.962301
194.595090
193.994715
192.940799
194.899447
193.947571
195.685464
194.764584
201.755262
192.914689
200.309575
200.999196
201.342412
187.616037
197.395670
186.299150
186.922365
202.262098
204.363696
192.204643
192.243968
186.211066
199.266403
195.102339
194.835184
194.111672
186.381937
197.601063
186.344437
199.319313
195.121127
194.173934
195.876927
199.343453
187.165208
187.109283
203.882813
204.983220
199.902492
200.052094
200.088481
195.830307
196.587544
199.350025
202.935946
202.637355
200.221477
201.925930
200.942887
202.927585
201.955977
195.770526
196.934097
197.528617
195.436185
195.756884
196.523858
195.789390
194.741417
196.470045
187.180506
186.924491
188.750698
188.018119
186.189263
201.089979
195.118986
194.095097
195.875380
199.351701
195.492830
195.103735
193.402969
196.539577
206.845439
197.623115
196.918966
183.780966
183.792325
192.130121
187.046301
182.816965
183.594721
182.926488
187.318970
180.945105
215.856331
215.963823
215.508654
214.744270
196.614926
196.908298
195.855070
216.624964
216.657133
202.161967
202.611959
202.920542
213.435945
211.793873
209.373485
207.036386
199.155882
206.193423
226.389469
224.298900
209.227132
208.074279
202.505496
203.345001
202.949395
206.909861
207.309473
204.536806
208.961477
200.343448
190.996605
201.358558
199.428278
212.715373
201.260919
197.170001
202.197004
195.385628
202.043438
207.495384
206.366762
198.771123
199.765184
201.870973
202.144185
210.160985
220.123563
210.528448
219.034285
208.126472
206.155782
205.763662
209.538114
204.875846
214.954346
216.064493
215.318927
210.324150
211.604830
208.175447
205.147587
203.002969
201.118819
209.164563
206.211979
206.124037
197.770910
196.732192
200.414170
201.420586
194.900045
199.227721
203.416342
209.886747
208.045337
196.809564
208.894085
205.370348
218.396941
219.477129
208.828513
210.771237
215.851016
209.559691
201.293736
205.402476
209.326898
207.527788
206.693123
206.430691
214.805005
206.725902
210.978930
210.257939
208.941413
209.035724
215.884817
210.945749
214.639714
214.532062
208.068438
210.129943
212.827263
210.714044
199.012534
209.279018
210.416218
205.294097
193.755150
194.523981
212.254491
205.990108
195.231667
195.974098
212.486883
194.120831
205.296684
199.470717
207.983581
192.503473
201.832791
202.202683
208.112483
208.391622
206.392340
200.936436
208.945015
211.283206
197.628161
202.841777
202.686119
209.806558
196.600800
196.615501
201.355244
200.360731
196.796596
203.919431
211.534858
203.046469
201.213996
201.200482
191.605047
191.620207
195.334602
199.634042
200.840204
199.319555
200.653739
196.390859
199.607539
199.569227
200.875259
199.400261
198.454356
202.253678
213.997705
197.582914
202.978524
203.786642
221.401782
196.184512
196.910824
205.329708
205.383854
202.699632
215.293103
199.898355
200.016869
195.035487
195.832756
200.273646
201.037617
202.118387
204.303912
201.960941
211.323122
195.946606
202.297445
198.669026
202.131920
218.165115
193.995513
194.747825
201.187677
201.285174
204.174883
203.078893
214.555583
214.523223
190.037061
195.414422
195.021857
190.764916
206.185831
199.186222
199.240472
196.600208
195.024649
192.826409
196.278024
211.500575
211.559727
211.838324
223.897309
224.562396
229.861101
230.305303
234.269034
208.589705
210.161056
214.753046
194.493951
195.321618
213.301237
198.831531
208.408728
213.074752
198.832899
196.215725
208.986129
200.460564
212.404668
200.438792
209.954728
200.679433
203.003805
203.427181
191.946488
192.705358
205.041488
191.632895
202.889660
206.758522
196.033699
200.096897
196.348033
197.106566
207.921444
214.073131
208.024987
215.405865
218.710157
201.408956
206.476238
201.342698
197.173882
196.371981
214.517063
208.924218
195.274760
209.042496
193.535269
202.852330
203.240821
196.832172
197.225803
196.892223
197.649999
201.821842
201.874888
210.145836
209.750997
207.586284
215.915174
214.382595
189.748408
202.058749
202.408597
201.367670
196.206582
211.822672
229.130264
229.531232
210.791739
211.258710
199.279338
200.040221
198.924216
214.499260
219.607075
219.952245
203.578767
203.266831
202.543534
203.265235
203.964195
204.027019
204.339316
197.080909
197.781200
219.907402
215.693525
201.151675
202.080460
191.951197
196.204050
196.414309
197.928857
219.344471
220.009598
219.320865
217.366259
217.398006
217.196753
217.150960
215.465696
215.495008
195.747225
196.869919
196.165457
196.890639
196.853195
221.620038
214.482390
222.403658
222.028143
222.439452
216.234999
208.587544
213.962321
210.840119
204.734910
218.003926
233.590193
229.346120
211.231503
211.262736
208.178393
200.990472
200.680042
213.973177
203.791408
203.792955
218.774417
214.245833
200.649711
202.397988
212.446248
221.318871
196.253147
208.615093
202.424759
212.448986
214.234971
221.302244
211.237001
219.551190
213.090145
210.962700
194.825049
201.240202
200.963192
206.243553
200.111287
211.235932
213.160036
224.568006
224.659453
216.343303
213.993215
205.622827
210.264846
211.597271
215.235410
197.302127
213.330874
209.974332
201.889923
199.400363
200.128478
206.206377
201.220031
200.940091
194.803609
200.247506
206.206315
199.530945
219.339035
202.193084
202.806013
203.400108
201.179381
206.416734
207.885939
208.471159
199.384720
204.825926
210.902276
220.353197
202.497499
202.631660
206.883958
200.264573
206.792302
202.414749
215.731377
214.745534
214.073592
214.664375
214.448884
217.549352
215.280178
216.955356
216.981683
218.402635
228.340268
232.311266
218.002682
218.116294
218.057844
221.511908
215.920850
222.266379
217.942980
216.955596
221.546878
216.894197
211.480698
219.927571
219.697656
219.105296
237.520567
242.278256
249.248267
249.342523
249.345057
224.527297
220.202822
205.635154
214.842579
224.312633
225.626782
225.843961
226.521260
225.560318
222.502445
220.019463
212.440200
220.392141
211.951634
215.209290
209.099112
205.074929
218.614735
212.441068
208.708094
212.490185
223.022046
212.210766
222.955129
220.365706
223.098595
215.136760
208.203632
219.563363
230.462499
214.234959
214.486480
200.737310
201.479139
225.839631
210.890254
208.833953
212.561170
212.965506
214.589211
226.370448
223.353017
212.215509
235.127242
227.026699
220.424306
213.819516
210.957659
214.684474
219.622069
212.012255
211.907970
216.249894
216.222665
215.344417
227.869712
217.518800
216.382666
228.244430
233.910214
227.421825
232.237008
226.172997
215.299870
214.464350
207.177554
219.667312
219.623011
213.678243
235.187294
224.024026
214.465591
219.664104
227.412901
226.161932
224.914821
215.694440
216.160667
220.997232
232.903394
228.087591
214.146975
209.686144
224.200825
220.347639
227.816610
218.223657
219.202882
211.266543
218.827163
211.266147
243.576795
243.595675
248.807073
255.539732
236.067819
228.757644
226.018724
210.974083
205.457398
215.698913
209.896843
214.656844
223.328675
206.633373
221.495707
225.340594
221.495116
225.296125
223.523492
215.761861
220.872799
230.096072
230.184828
233.195231
229.889927
222.582009
212.697495
225.856912
218.415481
219.180271
215.862684
224.780143
224.777480
230.806012
224.707513
227.768063
228.305840
230.943802
228.084931
228.891687
228.035362
227.990757
228.842817
225.295459
225.295887
229.278513
230.296186
212.907544
194.520250
199.376529
192.540915
192.033958
191.828301
208.240455
195.258156
202.818320
214.018094
193.711548
196.767452
197.378315
196.019560
196.197640
194.297994
191.793348
196.756869
216.447720
224.517364
224.418071
228.087642
228.893700
230.325421
231.290652
222.073365
225.449231
207.758002
207.759023
212.349432
221.290767
228.637555
227.306203
212.349444
217.557219
213.222647
210.433747
220.045513
226.742523
215.156603
210.433095
229.761612
225.850029
215.691457
225.176877
233.329287
222.673345
223.596182
227.499886
209.861380
209.861783
215.691891
224.565433
226.837024
224.512765
224.468820
235.124215
228.878124
227.795465
225.332888
227.569534
226.416699
226.490100
237.526482
231.212958
237.313952
235.480725
225.213908
224.520156
220.917067
220.872753
225.757493
226.838836
224.470597
230.871498
220.623746
223.197096
211.782599
223.200609
209.892634
215.312540
226.764870
232.197142
219.814663
219.817095
225.408345
226.416412
225.406647
225.291839
216.494533
219.995422
205.746541
209.366312
204.716777
208.773752
214.189357
213.076194
249.294029
196.650278
201.359651
202.370317
197.662699
201.271283
200.196724
200.277479
194.892412
200.062397
200.178332
199.147122
199.108366
219.412384
211.037364
199.870290
208.900906
213.226675
209.591733
210.405198
204.227211
222.659106
219.329857
201.159744
199.063210
199.321769
195.774915
194.795901
193.428549
197.623469
197.461920
195.797776
195.799070
190.804175
190.821210
207.047329
225.008653
207.626020
210.570940
212.391838
217.192878
212.743576
209.647879
209.534556
210.871130
204.115041
209.195144
212.119000
211.335440
205.878200
220.783434
213.855593
209.789819
215.369136
220.149657
219.009954
220.085214
219.109688
203.920714
208.484629
218.083339
213.963614
210.542094
222.712222
219.347902
211.048682
213.207245
198.338288
210.267362
211.514400
205.668943
208.376126
209.534991
208.259579
204.938386
202.936842
211.782405
213.937496
215.172641
215.169411
197.685339
196.052665
204.938288
210.717282
212.678063
215.799187
211.010689
210.807374
209.371018
195.149481
197.791108
203.783606
210.334462
202.222166
201.558494
209.069768
198.750266
204.141488
209.627661
210.824655
215.832148
209.420311
211.017298
226.811951
211.292439
196.911395
196.125444
195.065444
194.963905
195.789802
195.003481
193.917286
194.019267
210.032477
209.984834
211.094188
211.013846
209.475157
207.636567
225.781125
207.741315
204.937520
210.278909
210.453311
225.019050
216.619031
221.166484
213.820813
214.299173
214.703667
209.184605
209.246673
201.581367
193.148580
194.058608
194.214308
195.808240
194.001951
218.763609
218.035517
208.224301
217.347581
213.130448
226.014318
225.256359
232.425620
230.463310
230.535273
239.374039
217.623757
224.646935
213.963475
210.165941
217.260929
224.516391
215.477625
213.615915
209.204143
218.781074
218.946963
210.960685
212.226525
221.658613
193.528978
192.567751
216.428642
213.688663
214.820391
217.970972
214.999081
200.990834
201.324889
196.111208
214.354373
218.028284
198.397150
198.367374
205.476048
201.000354
197.586504
200.944414
206.302359
205.479982
207.818918
203.608147
222.691934
201.091098
212.448681
205.441728
201.917944
206.573562
200.240518
202.905662
199.598616
205.437300
199.971164
204.719955
200.283943
205.952643
210.046757
202.674535
216.947156
213.181339
213.179878
223.336144
223.924830
228.712702
202.140378
195.972606
218.562532
211.488733
204.701577
211.442247
208.546322
208.503976
215.412328
206.267407
215.272793
214.534703
202.427735
203.148799
216.770859
216.016939
205.862249
205.833449
225.169929
223.083710
226.486396
230.768238
214.019395
219.490193
219.333432
208.590983
222.366945
222.292510
217.503234
219.058627
219.480850
221.046493
224.566025
218.863306
211.250240
207.771621
222.923882
237.410095
222.385479
235.510193
229.300470
227.954021
221.203322
231.337227
227.907674
234.504415
236.697159
226.627334
239.615637
230.571824
224.580487
234.743236
229.141215
224.582221
226.628258
236.581651
221.807243
218.496766
236.656513
203.839259
204.779091
204.482366
213.515575
215.320953
217.409815
217.324141
208.645229
210.057850
209.985194
219.790190
216.858490
224.442119
226.409886
224.687913
223.500949
229.568392
230.650144
225.232277
223.910697
223.544135
221.087307
226.556523
226.558958
228.483429
232.146935
227.622063
229.548742
236.021658
230.950685
227.192902
228.078946
220.833405
221.470488
229.037970
229.994328
226.143941
229.251651
227.622010
220.831833
226.518077
234.960553
227.330730
230.299937
232.851101
242.681176
220.193913
248.376157
255.064117
228.899105
226.014191
221.836424
227.762567
226.674844
230.965880
224.514394
228.790735
227.563438
232.152425
232.245656
224.838473
226.728258
225.636925
231.385333
231.478519
224.486207
223.396454
216.774576
222.088017
228.324627
238.821426
239.002884
239.096219
224.775421
223.490167
223.716579
221.449046
224.066733
226.980625
222.589796
231.465375
238.338390
223.994600
230.016874
221.118877
225.114309
226.615537
223.780719
237.609746
222.608712
215.678326
214.518676
213.734135
215.145895
242.144841
241.223430
243.232901
243.058085
243.199522
251.838195
244.147180
245.101036
251.976397
244.287600
223.279755
225.105196
224.015007
243.157750
240.377089
240.474497
240.330579
221.045188
238.576836
238.673169
228.652569
234.075206
232.983106
248.024482
246.763255
248.151786
249.696500
246.892169
254.649050
244.037974
254.413897
247.395685
248.724275
247.540960
245.375680
245.236854
239.804336
242.241412
245.338848
239.922390
242.332952
253.440789
253.316582
245.334770
240.062774
242.336680
238.464343
241.009057
241.151187
244.773242
246.066992
246.062604
243.925741
250.084009
255.802334
244.051656
241.626579
238.883545
237.628054
223.584602
224.335125
222.859436
221.172889
212.354149
210.994354
214.118454
220.895327
216.457302
217.885728
215.360518
226.387601
227.489614
217.258102
219.566417
216.326941
217.190721
221.563330
221.605293
216.710481
217.804889
239.350533
249.963719
250.005523
239.351124
242.708840
242.706586
243.925257
242.729359
242.674797
211.938534
213.088986
219.930104
215.848563
230.571606
214.156910
202.384568
207.577480
203.456230
211.670146
215.451008
220.602021
217.257377
219.356600
214.827131
217.309089
234.585263
228.206315
215.479451
220.590176
215.926862
225.232822
221.036525
214.764754
221.961167
219.317757
215.557373
219.229727
221.457361
216.823261
218.732794
221.988536
221.959447
228.320231
211.230306
210.203754
231.574683
224.297733
215.649469
223.202999
195.654715
227.998816
230.982660
220.356875
224.148698
223.413591
217.212338
217.969937
218.044902
212.257248
213.012014
220.952059
222.061625
208.050165
208.705269
208.410774
217.246799
212.269291
217.167949
218.969538
220.668702
221.707454
224.754158
218.905025
219.659786
207.674897
207.745558
203.442041
212.682280
220.103296
204.873260
209.987271
204.227704
201.668800
209.276780
208.630652
214.306350
213.421033
210.971253
197.292921
210.029396
204.960658
207.089814
203.355345
205.999859
201.623970
209.642131
205.159045
215.933687
210.830949
213.887595
213.889723
216.562186
217.119537
226.318724
217.573989
209.740077
218.423956
206.567606
219.176423
211.702380
204.054707
212.502001
218.942563
212.813223
207.669726
204.037622
210.274172
207.812230
210.302665
217.318522
214.505037
195.810549
196.245647
198.452857
198.105431
198.296607
211.071125
206.589940
201.453731
201.755317
217.616504
209.013975
211.313035
210.060241
215.620244
213.423812
205.729808
205.746941
209.908793
209.852177
207.993545
203.253249
201.370479
207.400834
197.058395
213.643787
209.256496
212.871413
216.031968
216.118239
207.384958
211.684123
211.479860
203.948719
207.682157
219.840054
203.055056
208.267200
204.267114
198.060189
205.426967
206.849369
210.169574
209.322260
210.994859
212.850236
209.915506
211.686231
213.165728
212.389460
208.387916
203.789720
211.360829
210.527545
203.093363
217.974334
203.285748
219.100874
203.982339
202.734957
218.784910
202.927681
197.268321
197.069120
197.424736
197.652526
197.368900
201.606198
197.808827
228.167681
212.836918
212.756074
216.329063
218.288840
234.102907
214.480403
221.857793
222.758789
223.930898
211.425930
215.759030
216.401508
215.662146
208.722225
214.504904
212.468743
211.011342
204.659243
218.831932
209.307473
232.346633
201.287771
201.275430
200.952220
200.248316
202.224430
215.991679
201.933129
207.883487
206.872784
207.655390
205.329971
204.370019
204.304248
204.300093
201.113854
201.749840
201.280483
209.624606
201.297577
200.942271
201.409951
200.970243
204.964816
204.994162
202.436222
201.723133
214.221154
214.920767
213.142370
226.745891
207.262005
214.281883
214.962891
214.240807
218.629549
218.696636
213.196200
219.440834
201.549105
198.993221
203.297867
215.278029
204.116588
212.633466
198.844663
206.495981
203.633090
207.754641
208.233352
211.043991
217.191983
204.393587
202.649005
208.227716
208.997465
200.702620
205.281944
217.006875
208.785216
207.659674
203.975401
218.569388
203.996739
222.823857
208.043309
207.013541
203.357729
206.646380
214.060607
206.787739
215.599686
216.970704
203.254759
206.512275
208.764721
207.645714
206.539783
203.987237
217.524193
203.976392
216.086829
226.744284
201.707133
206.253111
212.537755
212.544744
210.836845
209.863689
206.874144
200.262952
205.174899
200.812832
206.804472
209.885345
209.825671
206.843812
209.589793
207.873929
206.808685
210.912843
216.111079
218.329019
198.004434
198.068316
208.483509
203.229887
204.713830
218.442591
229.132391
217.596756
210.540766
206.158361
220.350013
202.515968
206.430653
210.987113
208.094784
216.135358
222.816515
211.678341
212.350880
208.105160
212.338913
202.523985
216.095557
226.649554
197.022229
200.964595
201.598392
205.519093
212.528810
202.115369
212.547042
211.850239
212.591011
217.791708
206.086930
206.082753
219.291616
222.325711
205.057727
211.778922
208.310748
206.518295
207.254775
206.602510
213.980977
204.007146
206.829914
211.411571
207.974931
211.432825
212.179721
206.266217
210.827634
218.318525
210.276287
209.595630
208.629247
208.644868
210.368382
210.402283
211.453267
205.276541
209.688637
209.304429
209.544761
210.680401
210.894006
210.960926
210.306384
211.422677
205.208272
209.615816
218.947751
209.513550
210.890916
203.870748
207.420842
212.027141
209.606635
207.703673
209.330830
208.644568
209.329762
209.511931
213.868589
224.677696
218.429498
214.935770
215.588990
212.049548
211.387435
202.356602
218.697693
222.888155
206.680595
208.369408
207.466771
207.440641
211.428964
213.881150
209.476487
214.954474
211.848232
215.951075
214.084889
220.953014
220.939072
206.657998
206.631618
225.127524
222.951533
221.918198
220.078413
207.933251
207.903002
214.767640
214.252089
217.414019
219.311170
225.432078
209.220073
213.763199
210.934160
222.016746
221.003067
222.681909
222.687454
217.360636
201.162276
209.305585
212.697984
201.088939
208.459606
214.536414
208.668589
213.046278
213.616756
212.996657
215.987094
201.286613
207.627266
212.696877
217.159500
212.216243
212.793074
201.260232
215.944563
217.463449
221.153120
217.548277
214.954755
214.923736
212.961706
209.986024
210.933156
212.490096
221.416197
215.121012
219.952369
209.517037
209.994356
214.870997
214.733022
221.727268
212.246788
211.383070
222.999175
211.627798
209.316223
209.762868
229.240717
213.671415
208.455844
222.405668
207.468862
216.054266
223.368446
211.001152
215.787447
219.330390
221.008790
214.051481
212.106265
214.795424
220.343643
212.151278
213.724205
213.043774
214.748254
214.575104
209.535077
213.885687
219.479576
219.885262
210.652064
204.416195
220.588187
204.371225
225.603580
214.863489
220.604159
234.146139
217.418321
215.572572
215.885755
213.685190
209.244578
209.724197
219.667924
202.969089
209.556214
205.784858
207.256109
210.392476
224.161204
208.337564
207.479600
217.003932
215.124718
201.954456
208.120780
214.447861
215.276244
206.272250
215.285523
216.041620
215.147870
215.284530
215.196046
215.999446
212.466993
196.405556
201.887776
211.501637
215.839516
219.098529
207.030692
207.003391
212.564125
215.499351
219.882582
214.213180
220.697239
214.381383
216.150386
211.025380
221.002106
213.242196
194.830154
194.976349
213.401175
202.705930
203.527404
196.794631
197.403579
196.955615
202.966665
200.391247
195.001452
201.161046
199.600876
194.179603
200.933942
203.781829
201.389667
203.546567
212.292540
203.657084
195.717035
209.678372
202.115405
202.148866
208.902242
210.797870
208.608216
209.325974
207.622010
210.019656
202.572730
206.613468
204.653249
206.518553
204.805931
201.840137
202.510776
217.522324
199.443464
199.462674
201.694580
201.858514
216.821215
199.699716
204.059380
199.504515
200.163912
199.504570
200.999761
208.349941
206.512306
208.657510
196.099884
197.738017
207.466710
206.372715
197.867268
210.605300
196.729094
213.373432
197.088410
209.774919
203.826715
205.544940
205.789186
205.785048
206.729411
206.696601
207.542480
207.557987
211.677623
198.870557
212.908809
211.987421
200.726873
199.481536
199.866380
197.115107
205.506029
203.592201
199.557895
203.519278
197.690411
210.137531
202.148396
199.651355
217.989197
200.540007
200.243329
199.443298
199.545674
201.040980
205.860795
201.477245
199.513654
217.350952
216.350931
199.437670
200.369157
199.602472
202.056518
199.575418
216.941363
198.759887
199.471467
200.948632
203.482828
203.440752
198.758637
196.007252
204.397319
207.696243
226.068381
216.224220
210.684934
207.842032
199.885167
200.614749
207.235260
198.823109
207.047107
208.940895
207.798448
207.791714
200.038008
201.695658
202.124346
212.908492
210.478370
209.188871
211.092682
210.836936
216.545728
209.910197
203.368941
202.853295
203.130112
202.500985
210.283599
203.689338
211.912433
221.334412
211.017297
207.402468
209.049787
208.150113
212.510128
208.080500
206.524559
213.311127
207.478468
202.505428
200.554452
217.697943
207.576042
205.808617
206.091802
202.097102
203.374163
207.391463
207.516608
197.201205
196.946631
196.154743
206.255376
193.536173
222.722561
209.474838
212.764966
206.427592
204.640150
206.754850
211.153634
215.080949
212.090978
207.650204
212.858701
214.419517
204.696174
223.947283
212.467547
210.815740
213.435086
218.704180
203.828388
210.912525
201.110743
206.222996
205.422263
217.852362
202.104889
202.185508
202.096354
222.930655
213.104009
215.582555
204.836764
223.340225
216.842902
206.518621
215.861864
211.238078
213.973734
206.572810
213.871354
211.636368
205.492417
202.073760
207.221360
206.411083
202.219974
211.786888
193.310448
194.804063
207.050343
219.385041
205.451025
221.443829
204.560873
203.035019
225.347580
196.802383
207.931194
222.430017
216.227542
210.922405
195.261944
207.295901
194.531116
202.152244
210.683902
199.694253
202.246420
221.360238
203.985366
203.858176
206.697112
224.451051
225.121029
208.425656
206.912266
196.435547
207.608971
221.108708
199.150208
199.501623
205.594950
194.877438
207.298782
200.321503
211.562961
198.469895
202.285525
211.565654
208.940652
202.923772
211.521082
208.892140
209.413139
210.146615
210.797910
219.530203
210.452290
212.647472
208.145423
215.311498
201.970239
196.803548
202.225260
212.373760
207.559418
225.179313
208.294243
206.766926
206.440268
196.472844
212.085438
210.028437
210.055862
226.367370
219.752832
217.504263
228.099346
222.995938
219.676058
219.205321
226.412260
220.212341
220.240263
198.046499
229.854803
201.221302
217.143634
200.506862
204.577742
209.660324
207.845674
219.000715
201.174160
200.198522
200.235949
195.797886
225.926897
213.468543
218.925409
201.174972
194.312590
210.816122
197.939725
205.587740
198.744943
206.715391
202.528336
217.183012
195.799034
214.647056
207.109693
221.175970
200.352646
216.886844
204.714280
207.423617
217.328524
222.850913
222.709881
214.645851
224.713939
214.711550
203.296976
201.064596
194.796094
207.535024
194.747251
212.554621
200.275480
218.086574
205.431787
205.404280
198.571739
202.311838
205.564998
205.305867
210.900024
215.158479
203.681367
204.020335
202.121664
209.953793
205.769690
201.493859
208.459058
208.763857
202.393697
214.740355
205.432621
205.506204
206.837790
207.790907
213.642851
214.504956
213.566943
215.337577
213.512657
195.198913
200.679915
206.893269
230.422581
221.807447
202.279617
201.884851
207.978492
202.960910
201.884492
203.464469
208.462792
209.238959
208.854827
208.764519
210.355649
210.136158
207.825411
210.808731
203.516961
205.602121
204.781871
194.784866
211.033338
207.677694
201.454255
207.669945
205.963588
208.282656
204.336479
206.672852
194.337801
194.383053
213.727964
213.755352
206.082557
208.834926
195.152758
211.618693
199.594643
205.846439
207.328212
211.772897
190.710877
211.553971
207.331410
215.893860
222.468350
213.942926
205.127384
214.802096
211.434581
202.154188
218.010741
215.728185
207.601394
216.541013
217.077317
206.576476
201.166888
217.018468
206.287276
207.868789
206.797779
211.334003
207.692902
215.534560
210.396725
213.873063
217.551480
209.163925
218.806750
202.895323
212.077499
230.743809
214.840714
207.287780
205.702803
214.273796
214.664915
210.295019
215.719323
207.506953
226.129723
209.259015
207.729231
216.941236
212.465130
202.230380
211.517399
210.200967
210.541576
207.305476
194.771066
210.639736
207.710899
211.780403
208.475235
208.213607
206.940833
209.893708
207.711853
207.656417
213.049512
211.503011
202.268942
201.844984
203.424811
203.204633
209.939170
205.087267
209.965306
199.670735
201.355631
200.283052
200.283194
214.619269
214.645124
212.603767
214.357493
213.565191
210.859517
200.852071
216.296697
218.410046
211.732104
220.016090
218.734460
212.512326
211.833894
221.217835
216.943051
207.583191
213.116541
211.277792
211.662309
212.819225
211.108025
220.491918
195.973433
208.178278
210.026523
209.322990
199.551595
194.473696
193.433385
193.414090
211.877570
200.295718
200.675476
200.299473
199.425153
196.696848
209.925356
207.460982
214.002584
224.246780
215.967869
216.747682
211.141488
211.137872
206.922947
214.363122
214.345181
206.083097
222.802943
206.079194
196.735318
196.736017
207.130773
206.348752
201.516249
201.483696
211.785463
200.334588
201.085200
200.389692
202.888858
210.370265
211.128304
206.154207
212.895777
203.711142
209.388014
199.541906
215.453672
227.934602
214.751492
202.791396
207.180803
220.018916
215.346558
199.559286
217.973642
216.137728
202.316385
206.778120
220.538545
213.380251
206.507389
206.517716
199.594155
199.577208
203.564951
207.480157
214.922359
204.710094
208.845061
195.235379
210.959601
199.622413
212.856125
207.328071
206.961187
204.679257
208.789027
196.001691
209.153006
202.182200
214.062899
206.488104
202.139525
200.437658
205.872107
203.946794
213.088134
213.383942
208.322725
203.929674
212.371597
206.536641
202.174035
200.436755
205.839190
205.000242
214.180248
208.419012
203.737859
202.886514
207.304540
221.131462
215.474880
197.794764
215.440345
193.417400
197.806545
211.000473
205.474252
205.763118
197.776990
202.137588
214.475991
198.501062
216.223954
212.826047
229.548938
212.822001
216.035713
214.021346
222.317649
238.136626
215.051011
203.134553
217.761519
207.602210
218.442956
195.957976
200.320275
212.582695
196.003894
200.393390
213.651942
205.798035
205.830273
206.273469
206.342667
204.161120
208.487427
213.466360
203.777367
204.334047
211.135069
227.786746
211.131424
214.472361
189.887167
201.905792
202.005588
205.097069
206.163938
209.527068
194.319529
192.717939
201.883071
209.880226
210.598750
194.342139
215.306249
214.266274
189.910044
201.999050
201.003061
212.130964
200.751355
222.936429
190.956237
195.388861
207.436920
207.504904
206.183806
210.613229
200.931172
209.931144
210.587851
196.077911
219.807948
218.726124
190.573096
195.003570
207.136358
206.084973
191.645552
212.542613
208.196367
207.169251
225.522536
212.835408
200.355509
200.415408
201.097308
201.990863
201.759925
211.695653
210.599346
202.123599
211.408881
203.181287
201.435146
202.865243
200.983360
201.696976
235.631764
215.760213
219.049695
209.495526
218.714310
216.449770
225.454773
217.528857
213.937940
215.674550
215.539346
208.447518
217.603896
216.485929
220.733393
224.259510
216.360216
212.888047
214.590059
213.252847
212.531642
230.109772
211.808481
214.597748
206.896445
206.193963
217.214248
207.630758
213.331311
208.039806
207.628800
217.880816
213.998670
223.130782
213.245332
216.078075
207.597968
202.372169
203.126979
201.380671
227.122825
216.134175
216.793295
214.991664
197.057947
197.111938
208.234514
202.354982
203.215430
215.533746
208.360214
212.819012
226.677573
218.802664
226.651806
220.917089
231.168793
213.999717
229.552591
230.709597
216.870197
210.150652
207.615175
207.289733
196.632782
211.623743
211.729765
209.194454
210.877955
216.369130
220.334991
212.942356
201.361175
201.291266
203.010750
201.344595
202.085919
201.319439
201.389755
207.472838
208.427916
212.865750
224.495703
211.979926
220.882337
231.214112
215.499937
212.960143
205.721164
231.847386
218.560174
212.939884
209.342573
213.780426
225.409391
220.097988
208.232686
221.310372
206.528905
208.000061
210.755289
197.112555
213.527489
201.519297
212.605413
213.699224
192.705801
208.173370
209.292849
216.784273
217.789364
224.350152
215.799029
224.162068
218.372596
211.074118
217.389460
225.780663
225.913988
223.089472
204.610589
204.493870
203.746513
194.111834
205.474767
211.768798
204.759873
198.754302
201.064129
211.972320
207.579370
200.087985
200.524497
202.114489
212.345102
207.959009
195.107635
201.308251
206.534626
209.017804
212.352072
207.855884
201.040026
198.551816
205.599198
206.589680
204.746871
206.901513
194.087537
202.457160
189.647537
206.228369
222.267469
209.750508
205.742888
195.119121
199.549855
211.612034
212.698136
205.729694
196.833738
212.314086
214.457254
200.447207
205.374958
201.419706
205.860304
210.447279
211.627996
195.085450
201.241264
201.238586
207.952157
196.090542
223.731207
206.517946
208.222774
203.504518
207.914527
218.159307
207.464714
191.685676
207.166166
208.232586
211.304352
210.525870
208.308547
213.190623
208.502607
207.802891
215.307142
213.920891
216.409242
207.054775
202.680914
204.400953
198.307018
219.896052
210.322952
234.688627
218.064744
211.925694
213.921551
215.141087
224.361673
210.882232
207.379147
211.082959
224.171966
208.719148
207.337990
220.822254
206.313262
207.789617
211.099302
212.126344
209.778649
208.556495
207.498271
217.692662
215.551123
210.958567
214.358285
206.769684
208.227101
215.432329
210.841189
219.843508
205.780448
218.909897
204.183732
202.287917
202.408888
206.990672
209.879225
207.261475
204.001841
204.008096
215.964602
202.820608
209.067409
212.071059
205.341616
206.419247
203.862968
208.269511
211.187137
213.078880
206.833126
209.389471
212.442083
209.304469
211.862121
221.016366
211.450161
206.649203
207.859454
212.537420
221.304644
220.178455
214.363135
211.144426
214.488803
221.187817
214.630090
213.081529
224.063888
220.950277
211.547651
214.698229
230.916614
222.060914
209.677863
214.295044
230.217793
225.044180
216.120392
229.627997
212.929460
235.869714
224.400114
222.488270
229.893601
213.498650
224.774418
218.872931
222.046117
222.392591
227.006801
218.051312
226.525491
240.740176
229.874167
222.919401
214.001804
218.617254
234.506206
212.987899
217.599959
231.281759
229.388696
238.982628
230.829014
230.796423
232.861721
224.367703
223.289076
230.682979
226.447589
219.091513
226.564795
229.874522
214.073145
218.686876
232.370016
229.427797
232.862090
225.124349
223.321300
230.715210
226.447985
203.615360
203.315345
200.480336
209.642891
200.429823
212.524277
200.571022
208.460458
209.483481
218.615274
204.695048
192.863116
192.131592
196.047185
189.945043
194.889205
194.963939
199.745370
200.599848
195.935085
195.772898
200.522131
201.440021
196.743782
239.378491
240.146027
246.005023
225.671443
226.779212
223.867595
214.557595
209.841329
213.630102
208.817410
225.977611
218.550279
204.377891
228.706551
210.030014
210.030541
227.149507
209.230640
209.230904
220.682694
211.968348
215.318316
214.011022
205.611269
205.610029
205.547294
223.285891
236.067361
197.800479
197.800428
197.804872
197.806457
209.199294
205.553724
210.988487
211.177449
206.577466
209.217289
211.048388
197.695788
235.169286
228.846996
225.549103
214.514714
204.226673
215.229047
208.731020
217.210963
221.384325
223.372926
205.341144
202.684048
217.218925
208.825311
215.259778
221.416585
211.142833
223.404400
219.790435
237.240455
219.755896
215.273011
209.764210
223.199688
210.612843
223.156028
230.830330
237.229535
225.288239
225.405145
219.779580
219.729365
232.111227
215.400929
214.510224
212.225599
209.365950
215.934916
211.257074
212.009767
215.106640
211.984855
203.876675
204.628763
204.606330
206.924246
209.187180
201.539917
207.467134
205.914033
202.262992
206.700670
213.705398
202.338740
205.999207
205.987576
209.778166
215.071844
215.802583
210.529869
225.958479
215.157350
216.616758
216.058257
210.551175
215.196798
204.994818
209.654144
215.466931
207.100334
209.876759
211.543343
214.390749
210.268694
216.540265
209.160078
225.235403
225.314256
227.890145
233.202588
234.817921
212.277350
213.036694
218.186938
219.932958
230.487498
217.481097
221.351364
217.803416
221.666250
210.873654
211.428703
211.249847
222.595375
220.515217
224.928238
215.086037
214.151895
219.905251
211.170180
213.562972
218.722348
217.022664
216.922640
218.100021
217.478948
221.349939
221.708895
210.826727
211.357134
211.225293
217.058998
224.839929
217.267593
216.334425
222.669840
221.586589
209.311278
214.344287
204.560700
214.617505
215.005603
219.493219
224.367274
223.161889
202.664661
208.192936
215.613813
215.336897
216.934099
213.749079
211.105429
208.967069
209.878580
213.030775
213.790133
218.940863
223.257520
221.281643
211.316897
212.069894
222.163801
216.682787
211.907666
222.322390
226.325822
215.891765
214.002006
211.907522
209.751440
221.696730
228.799733
216.734932
221.428600
212.502199
216.461372
214.202994
219.995845
203.485072
218.952492
218.369590
210.083079
203.926575
203.263460
215.126262
211.888883
208.498444
209.220994
207.552264
221.702409
228.975212
200.423428
201.419637
207.165472
206.113721
201.379916
219.364424
224.553178
215.650626
229.637817
230.883824
212.551048
202.894907
208.201548
206.604413
213.109463
219.136581
218.292492
218.291989
204.924732
213.588050
208.315799
216.819718
214.554882
196.115696
207.124835
206.053871
196.149112
206.064745
206.019345
205.430941
207.444988
195.512585
213.611450
209.868864
200.554474
211.849051
200.587752
200.991049
215.411957
201.632136
201.595424
203.320328
218.652830
218.647124
221.862088
223.725224
209.462654
200.569757
200.623558
197.201061
205.411693
206.383917
200.380113
201.305309
197.157982
206.420637
206.265223
210.552280
198.915029
207.180153
207.039989
205.842827
206.012505
221.496945
195.540437
213.435166
207.480677
206.502727
203.870108
206.103393
217.966445
209.489184
207.323318
230.467168
225.316575
225.326721
224.379307
224.856228
212.639039
211.124687
210.794025
229.313382
228.888494
230.670571
219.134036
223.001602
228.533436
223.352943
222.291969
222.936194
221.582441
221.608593
223.138469
229.637438
231.331565
233.059655
213.893718
221.537757
218.515506
223.352375
211.494128
220.575169
220.464357
221.495809
211.925685
212.683300
218.793373
227.403680
217.560243
203.873235
212.083841
204.872468
209.278811
213.048422
212.136802
219.458167
216.901240
216.843302
215.139359
217.255801
219.382713
205.652527
208.313892
212.098270
213.124003
203.476183
203.346843
206.781933
202.742465
207.673915
216.120474
222.367068
211.467654
210.526757
209.501693
210.152374
209.607624
210.017888
209.901029
214.752503
213.754886
214.408120
214.482078
213.231775
217.601587
207.606430
208.285918
213.643708
212.829623
202.636618
208.725607
201.552719
209.403773
202.277128
215.487172
205.632713
213.561048
217.907722
225.251927
224.243080
223.356787
209.994562
208.753902
221.189832
196.491666
209.256212
216.442961
209.129676
208.319454
196.407540
213.965535
205.872564
213.141977
210.232182
209.333717
209.116907
220.410193
217.408645
219.454873
203.090937
210.396327
219.919612
203.105307
211.097695
215.106458
211.183642
214.006074
210.423206
211.953897
206.944211
216.383933
208.362363
211.102706
209.395244
210.294804
211.873474
206.376005
213.714060
220.921850
218.715433
215.573903
211.882288
214.758587
217.285195
222.995649
217.685267
213.064771
218.822960
225.002326
222.035945
211.911930
215.546903
217.345264
217.785854
215.089239
211.890159
211.818972
215.161637
206.337598
214.145265
218.851046
213.700054
214.771351
219.231937
221.466004
219.929969
222.087937
222.884056
223.958583
225.249833
226.760208
232.033269
222.659939
224.223619
220.561367
221.551709
209.804301
210.114589
215.629208
224.246397
215.079310
215.130661
216.328361
217.945267
215.144182
210.852505
209.828339
213.614128
219.078822
218.121417
210.781278
235.220633
228.932577
225.600154
224.278218
225.325169
229.542263
232.679382
228.988797
232.161780
223.561838
233.249170
226.040995
232.036045
229.794255
227.630087
231.484142
225.969569
231.610988
222.519601
231.620375
226.039984
226.768461
231.260477
229.011269
226.850374
230.892891
225.376357
231.014298
221.927858
231.022675
230.621237
228.315053
226.150598
227.443544
228.630850
239.035150
246.098421
205.898806
202.119251
213.712321
201.310274
206.391938
211.334689
204.990875
219.876508
212.478123
217.215865
209.733945
200.717383
205.611865
206.819468
208.663586
237.180124
247.101887
249.046634
223.217721
215.877266
228.344779
215.202185
215.740318
229.265701
217.811444
227.785303
227.921509
222.609599
219.006371
221.827922
227.677703
222.048418
220.520279
216.545622
220.945506
235.616826
237.148383
238.360608
238.229741
225.452073
227.924235
222.472945
234.610565
222.753740
222.888153
237.469520
237.467137
226.897045
230.157339
241.844571
228.357325
233.360864
230.422776
232.815367
228.436471
222.294438
248.023799
226.633566
232.216259
232.213942
227.546468
219.977191
228.783598
221.212137
222.318067
227.195663
226.892178
219.557872
229.445000
238.536989
228.926462
238.097999
226.341372
236.737627
225.250904
242.203206
231.898553
222.697922
234.904657
225.332370
219.180577
227.737893
222.768956
222.730034
230.639452
230.601096
218.453384
218.449506
218.510696
231.310381
231.237803
215.386755
220.832645
215.325335
227.327146
243.701053
233.012636
233.366695
234.641067
234.235125
234.350106
234.642334
239.832216
228.916769
232.113633
233.188954
222.438047
231.427506
231.429224
226.278692
235.269456
233.698860
234.876170
229.473227
230.553264
225.020032
235.271158
236.100739
230.826498
229.708171
229.795334
237.044090
237.002612
222.399463
222.317905
235.470269
235.429245
244.477190
245.340256
251.943625
235.484735
233.975637
229.499937
209.011596
215.964656
217.784647
215.905001
214.891651
220.849549
222.553693
223.266100
233.853161
225.738556
222.318545
227.872812
229.014998
227.155004
227.463329
228.604908
226.800239
219.557960
221.838163
232.179744
237.694326
231.660777
237.172241
235.594487
231.814681
222.583137
233.760996
225.290635
219.139352
231.378490
233.261420
233.418975
223.725048
232.172272
220.424547
241.627006
243.377206
217.406535
226.173794
222.708492
243.524779
220.930056
221.729968
221.653968
221.694135
219.894822
212.414287
208.215687
208.215623
212.940380
221.472761
215.307653
219.576648
205.580047
205.653880
222.904906
210.023201
210.023700
207.790888
208.542446
224.103718
207.480836
209.739881
210.428967
214.322260
212.161557
217.720735
213.693486
217.242158
212.359423
205.016508
207.610340
206.768389
213.615049
206.305215
202.941241
206.386923
213.562459
213.103767
217.975649
205.793132
216.750653
215.975078
237.800077
227.519202
227.429059
226.354694
229.352852
228.676763
220.234617
218.386936
220.967688
227.590127
220.030556
227.553415
225.348830
230.623722
231.560877
228.702101
220.276223
228.662755
218.367125
221.830223
221.041591
220.010263
227.623680
231.593813
229.860267
204.986540
221.457650
201.391469
224.180084
224.476191
221.168887
220.433273
230.397095
227.569090
227.551155
219.304184
232.940150
230.482912
223.617509
229.535498
222.314623
228.008277
228.898920
233.209096
225.798901
221.026325
219.176843
237.371283
231.587452
226.999891
222.010617
221.899515
224.681158
224.915446
217.836239
216.652534
224.805080
217.725112
216.541658
230.718995
234.392343
224.682492
225.759131
221.026502
219.177016
223.419165
231.688708
223.134115
228.319810
219.346037
226.447288
204.883334
213.573339
219.853176
227.009485
220.824788
210.662410
201.078519
201.444037
196.776094
195.650800
208.155034
208.271965
206.200620
206.498858
223.419528
223.421475
209.469320
216.627260
213.305838
194.693606
210.087319
198.992226
198.008192
198.731142
201.865544
191.804922
187.404185
194.275384
194.290162
201.353947
190.031185
188.154189
198.421061
195.035012
225.912685
223.236790
230.765880
229.836856
222.780738
228.299198
231.470701
223.594942
228.151053
238.193485
225.996380
228.277541
237.401338
225.498836
227.079193
241.738166
229.540088
226.383720
236.842919
225.360336
231.939587
222.739272
234.973198
240.940993
226.757934
232.909538
229.641371
242.409577
231.139334
228.834177
222.700840
226.622457
241.307263
228.456037
229.119922
231.010209
236.524756
235.659683
231.855497
242.117676
222.624575
233.789452
240.899157
226.757512
232.908530
227.767614
231.451268
230.684005
246.107488
233.140333
232.139826
229.563602
233.246524
223.741723
230.268037
233.951272
221.020684
225.245877
213.988048
218.243915
218.294643
212.416516
220.770252
216.177188
216.159969
218.722376
218.722805
216.183735
216.200586
229.284850
208.679782
210.304912
228.066687
210.870068
209.258520
214.043443
214.103353
221.660002
231.746622
213.337356
213.029065
212.861772
211.219178
220.612501
212.087679
214.160637
223.744521
212.626223
215.938423
211.940434
223.087017
230.623578
232.279385
221.124237
222.781073
217.620118
225.975339
216.553013
209.968885
217.643117
227.076316
212.597376
215.337353
221.986106
214.314506
215.708183
216.472711
209.834761
223.874856
207.131461
212.674323
207.368422
224.638726
211.213220
204.486661
220.465389
220.662995
218.300721
216.400419
214.635886
217.895526
225.364824
220.493441
212.240254
212.674998
207.369331
207.131087
221.924849
222.704379
216.561227
208.087412
206.569744
203.228840
203.274931
205.372325
207.582534
212.376007
194.036061
193.329644
193.385084
194.095619
193.299476
208.032648
205.317295
195.955605
195.986597
206.465171
196.975675
197.004323
195.274116
207.242372
197.686396
206.485030
196.205774
196.000137
195.262073
203.008555
202.222161
195.819774
195.920726
194.994034
195.653248
194.966665
203.421989
200.307322
200.204711
213.669484
212.901090
202.430854
202.548791
197.068826
204.344032
198.126106
205.147136
198.926913
192.687359
192.803365
205.304948
204.241984
211.277216
208.112276
207.385305
221.223608
195.227373
196.051733
211.436969
220.189490
218.752303
202.171766
203.056426
203.843507
217.335451
208.101282
221.479589
209.113637
207.669416
198.896817
197.164495
222.433445
209.551979
206.783301
229.190659
210.023725
209.164276
211.693007
209.872354
207.641146
204.380596
202.604116
207.432357
236.642616
213.312504
212.490855
218.816039
212.550996
232.101499
236.578162
217.998930
228.976640
231.420934
226.118741
216.148181
222.395461
208.191024
219.324367
208.218026
233.463514
226.395389
210.187513
192.910643
211.258141
193.701312
193.003256
211.899429
202.906256
193.964741
209.198251
211.265899
194.710013
195.686001
201.307444
210.088660
211.223214
233.555849
227.189806
211.948235
210.079476
215.566461
222.536193
216.304436
205.800139
215.924026
191.573664
193.207883
192.467685
192.455644
194.248270
195.856416
194.089214
196.017713
189.514419
188.760864
247.195843
234.439270
231.393924
234.394967
230.412414
226.881332
230.293766
225.958538
227.075178
227.626989
225.408982
237.484879
233.879049
233.760289
239.587331
239.584143
218.653473
222.478664
217.419528
215.722747
233.427814
233.424605
219.750490
223.574247
219.987796
217.617635
215.756020
254.037626
222.032064
216.589349
222.724253
221.705716
221.539124
238.782401
221.079533
218.165169
216.637226
232.027717
231.984702
238.823276
238.820491
259.596554
259.594519
223.302484
230.468951
226.353523
241.771135
242.326348
226.385943
228.128266
228.750095
241.083634
248.988256
238.366656
227.089002
238.031612
236.837601
233.946681
234.803215
238.461777
225.967650
239.220350
227.978484
239.177714
229.858363
239.475493
238.396830
235.241737
229.114235
233.655101
236.928995
235.692129
230.262349
224.926759
238.152826
226.935858
238.111266
229.534608
234.049204
235.033236
233.952720
224.266935
252.079627
216.217716
228.817613
229.338176
238.175821
227.406160
218.281864
227.364358
229.144602
229.141818
229.440756
229.960084
237.693496
265.091474
224.448299
204.642509
204.730499
219.933025
209.956532
223.588072
211.553763
207.691415
208.583355
216.242246
217.231204
220.614006
209.128958
216.012432
206.555307
213.515891
202.446032
234.255488
212.449808
224.066964
211.474420
219.782221
215.279678
211.456629
225.862332
213.333796
220.620780
240.356715
222.433090
233.327094
215.796573
217.629965
220.308889
211.473205
229.029376
207.177037
224.517212
224.425194
234.730108
213.265314
209.441723
213.488441
209.884844
224.084439
210.505190
240.313251
222.406734
227.942138
205.032645
218.570365
211.437758
215.261719
214.560152
219.893522
214.452638
225.612044
225.597861
234.817117
226.513152
215.371543
212.878263
212.496532
211.984548
209.428839
202.252086
199.840629
201.923928
214.344056
215.026770
206.253266
216.963762
212.014504
208.222124
208.850597
222.944179
213.738489
209.406708
211.913145
205.984628
209.640195
208.788479
220.482238
206.078336
209.877559
214.669524
226.948994
218.876374
218.116302
229.097091
212.474853
211.053886
214.641395
217.047582
215.667154
219.212394
220.877385
223.153626
213.008690
209.350729
203.832850
214.012438
228.234637
219.945884
215.622050
209.246464
225.181691
218.025073
225.458536
227.736249
206.642330
209.512565
216.971237
211.356678
211.234887
214.095114
221.587879
208.827395
208.989099
208.473748
207.554655
203.121488
217.876419
220.833553
206.774139
207.925342
208.087046
206.582750
206.553274
202.160886
212.088046
219.844475
211.032365
219.610734
227.854351
222.140671
210.221648
212.943511
232.348154
221.047270
224.305561
217.656852
225.847564
206.294634
203.599090
203.377448
198.954729
211.054407
224.445713
203.563929
203.853101
205.044802
247.893313
229.920631
229.921982
202.570879
198.004580
204.151040
202.306449
213.841328
226.348366
229.372622
228.742427
232.695668
222.923491
231.337020
236.908484
224.091593
225.320467
220.918903
211.940195
219.807294
225.026548
215.849314
211.559266
232.447346
222.578428
223.811176
228.798603
234.143502
221.855280
222.813866
228.042582
233.420173
222.967124
228.191831
220.546715
204.134246
203.306818
204.120301
204.967102
225.558682
206.465031
204.708003
204.679362
219.598678
214.659437
213.516520
216.831206
213.584922
231.378174
214.582625
221.002290
212.670239
215.636725
241.510324
207.076109
209.312204
223.874058
208.271334
206.100826
210.617882
208.131715
223.844395
209.236995
225.972768
210.322354
214.038796
211.654239
213.346702
210.960840
203.810704
224.064115
202.173606
200.348809
200.491198
202.994124
201.175521
242.842328
219.924724
229.172402
235.847755
222.030321
230.158572
215.847076
216.604950
228.295920
237.886104
231.247309
225.455510
225.430068
219.127292
221.012030
215.452855
207.472543
206.504499
212.441010
207.162967
206.152060
206.023617
200.748010
223.028768
207.520492
215.148092
226.886369
232.164936
232.844390
220.889033
220.960109
210.713713
217.704714
226.423707
215.466671
215.476718
204.321591
227.842209
212.217880
217.607164
216.805249
237.057185
221.560388
211.614968
219.369845
225.799736
214.654391
209.216478
219.586769
209.025282
220.557839
218.961465
210.670217
209.504971
209.397728
224.044472
208.332066
210.158718
219.816963
216.300146
209.639482
225.404816
220.809190
214.429160
212.966861
214.407079
203.258698
212.106265
210.590041
219.366665
210.256390
205.172952
219.394785
208.399522
205.195472
210.279326
205.130556
220.042740
215.611981
204.776948
203.261400
231.209128
240.337817
222.896918
217.469089
220.219065
238.404761
231.211219
240.342571
222.902273
217.434512
240.047452
222.607099
227.575071
217.231904
220.216196
209.188293
220.952681
209.186550
214.708415
213.996387
230.678706
213.886369
217.200659
208.535817
215.785749
224.321471
220.396337
211.169247
231.765514
228.765345
233.999067
216.262583
215.546377
238.587486
215.470647
235.509103
224.229362
218.477382
217.236730
229.902034
237.341170
212.581166
209.445938
225.164731
207.760118
219.173476
203.330447
218.905031
221.029394
215.664232
227.163663
222.951918
219.981745
223.998562
214.060403
225.784446
233.214841
215.593594
218.496074
228.880017
225.867937
234.166639
227.643516
236.187145
222.529258
231.844542
230.971289
223.260167
229.896783
220.654657
218.405427
216.210172
216.159840
220.266040
220.531128
218.376989
214.527677
218.617076
216.767643
217.545633
215.654734
216.575217
220.985721
222.128414
231.461250
211.961329
227.356352
238.309799
241.422671
232.000335
216.406667
211.961482
211.838213
216.207973
223.648812
224.651838
220.846631
228.136426
233.225269
233.209606
220.086611
231.623018
227.343586
222.126519
226.374983
216.818817
225.014747
222.827624
220.801545
230.120599
217.710750
209.758944
216.348996
222.997374
215.835695
215.572911
211.537121
218.799819
216.338684
214.490260
213.882344
232.177442
220.698482
215.786960
215.521767
218.475924
226.278145
217.562119
219.450520
219.261114
214.245212
231.572106
216.825097
219.988988
216.836846
213.879100
221.952296
220.802448
219.596146
219.305080
210.603543
217.542278
227.336424
226.573725
215.004943
218.180640
214.179722
214.370932
220.660742
221.908495
228.137072
217.698972
233.472986
205.108415
210.679521
209.927327
203.483275
205.855028
211.453349
205.253460
200.850967
206.448873
204.374396
203.534927
200.170484
204.907069
205.989331
220.851005
208.688729
207.953935
201.922919
206.504174
206.934751
211.516544
205.295225
200.212994
207.776450
231.688599
209.692599
208.913225
209.742314
207.960705
210.541051
208.642156
212.620437
204.820753
210.723337
216.992198
206.646441
206.924068
213.152284
222.581362
205.062533
198.042319
205.776983
221.663471
200.735060
204.284351
222.581469
205.799267
193.644674
203.326674
211.993143
207.390483
209.173912
216.486777
208.458272
219.526701
209.237642
208.376848
203.024246
207.545147
203.340643
213.274178
208.582903
210.716172
214.690602
209.134546
231.171935
228.193098
223.514496
209.503703
202.939980
210.993703
202.908775
214.314128
212.512219
231.428813
231.515099
230.270256
205.039150
226.080469
204.154870
202.337562
202.481701
204.977033
208.105927
226.321560
209.621349
203.079813
207.732141
199.779387
201.149491
207.055306
207.372979
221.184591
200.305976
202.242824
212.958551
202.341567
207.393501
221.487225
201.365375
203.269148
209.588399
212.736013
203.978902
219.812403
215.729499
226.464761
222.422321
218.763532
224.698575
212.322666
220.730270
231.736037
228.615022
211.649807
218.353361
216.587403
214.839557
217.878710
213.912642
220.619332
228.134220
223.654231
222.883863
222.126275
225.799216
205.059856
206.954499
205.390932
218.315284
198.269430
214.254284
213.064837
194.743248
226.862601
225.021914
245.290914
208.867005
231.782121
225.352733
205.072017
229.889104
225.559186
223.990668
206.750760
207.086722
209.194078
204.641578
213.678200
211.062073
218.271452
221.296825
215.691638
221.105180
215.506720
216.899476
217.931236
224.926433
208.022883
202.501298
217.275269
204.298103
219.781603
198.120801
214.327865
222.630766
234.940359
214.833627
225.387628
215.633301
209.866865
203.687880
220.015251
214.487515
227.863085
229.628607
209.444920
210.243856
195.165952
212.542017
225.205899
225.988798
244.331183
203.171422
203.926659
225.472887
220.174373
219.927499
226.902994
216.380282
220.959783
212.710093
209.237219
212.012725
211.769342
210.681657
207.642313
199.954276
211.715138
211.628124
221.446371
201.267117
216.385673
207.595893
217.249626
216.290088
214.352505
201.313545
214.504467
213.393750
218.202592
210.865391
204.582195
212.679889
206.349419
206.396003
220.743667
209.651565
204.568147
210.384954
197.115390
214.478714
218.515479
208.516291
209.274479
202.444493
204.217270
204.455803
198.175863
208.820067
198.214036
209.107007
219.284612
208.625904
203.271205
205.954377
204.075141
212.992083
212.256290
206.693166
212.914178
197.031143
208.689915
204.747184
205.459328
204.760817
205.508612
224.889578
212.580197
211.852955
218.516816
217.458462
207.244919
211.715760
205.256430
194.043409
193.242787
211.368639
198.753285
210.616099
208.688913
210.863730
208.457844
209.190445
208.498641
220.448308
202.286311
202.996807
202.304659
217.792182
208.424070
214.725589
207.246587
213.435819
211.655322
211.978318
213.780992
207.601771
217.018989
206.609209
201.114529
202.954210
202.260781
216.592539
208.345583
206.305619
226.339365
215.018371
214.325931
217.833323
202.167905
205.884818
203.234138
207.890602
212.232862
195.994231
201.328469
221.902085
218.798289
210.205057
213.632699
207.454296
216.736416
211.830888
222.935504
210.457496
218.717793
215.734064
225.119178
220.187704
213.846438
213.787857
217.800762
219.940970
206.811498
225.093273
214.712489
209.496772
208.509599
212.104859
223.488775
213.785732
203.136598
203.045551
203.143700
219.883898
214.472952
213.505254
219.775752
217.938161
213.416966
206.856017
207.428578
208.071131
207.344021
202.281762
212.777831
207.397658
207.490050
226.101335
213.836244
224.534127
209.472122
222.707718
213.125106
223.573698
218.523304
215.150431
222.580490
222.440843
226.554686
217.314532
229.043851
226.271923
221.663107
226.359475
218.895460
223.813575
223.185406
239.903313
225.094944
210.547430
215.911064
226.985902
216.840302
224.071557
196.018643
197.750519
205.673895
195.956329
197.190448
220.505796
197.766389
216.249976
215.334559
206.105700
197.827096
206.099944
197.027930
200.466575
216.088008
206.842706
199.558872
206.840315
193.571898
198.762924
192.685762
198.955730
193.875180
202.238861
197.047313
198.859096
193.778232
217.934243
203.128899
204.015580
203.925572
205.997602
211.088876
209.228775
211.082414
210.248959
201.358410
202.258524
202.158299
202.151129
200.383760
210.003576
204.023165
203.210681
208.188872
208.392596
225.010132
221.466623
204.923094
211.915679
217.946125
221.561684
211.736617
222.799182
218.186700
229.262839
215.795935
208.885486
216.563023
211.502161
215.157748
210.517093
213.227119
226.853846
205.898363
223.452579
214.297391
211.790669
209.505625
220.362733
207.043985
221.491357
214.637732
216.487927
218.453195
220.661295
233.041286
198.885399
195.872464
195.549017
195.838454
219.024451
219.134982
200.898521
220.143211
221.221622
220.182444
246.011190
240.159059
239.220653
225.216027
254.662509
258.228402
259.848307
235.102525
216.054401
215.040121
218.531716
221.738338
219.023095
234.470294
223.185445
221.795322
221.736263
243.639504
224.570612
216.769662
217.487253
216.738578
228.194648
216.333751
214.789524
206.942423
247.759131
206.533986
222.435211
221.756543
234.317000
225.245622
226.794616
226.499746
218.026227
230.887443
218.466364
222.702952
228.191204
229.058661
222.984419
219.575401
217.440974
222.750990
222.069831
217.575754
216.482811
230.830982
220.817785
223.745218
223.044434
224.876501
220.966851
209.655622
210.343616
218.239357
228.794220
221.837087
222.765684
216.614066
209.532908
223.431498
209.691775
214.731805
222.775951
209.579881
216.889494
215.111905
224.017671
227.927289
220.346531
216.649966
215.984338
215.995666
220.134833
229.739255
210.811693
212.445298
221.153969
218.778352
212.447882
226.806028
222.305437
228.470908
217.773647
203.364580
211.260091
220.934196
205.934891
212.278794
202.281933
203.090633
207.363342
214.683789
217.214491
218.380339
213.502345
220.900795
219.041759
216.391944
208.967260
208.971500
216.433757
228.916769
249.654478
237.407302
227.635734
227.082274
250.933443
250.244082
231.887858
228.634058
223.615278
222.430980
230.652597
228.709373
219.720711
238.686211
225.846014
222.544253
223.168109
228.673725
229.944902
229.976018
229.184156
228.073373
240.578179
233.058126
232.539495
244.220865
228.970280
230.091959
239.004008
237.807303
238.894815
237.942203
227.446719
226.600177
225.551830
235.736015
234.985680
235.124785
233.169009
233.263486
229.444631
231.702638
232.824819
226.197844
230.079767
237.254927
241.794355
238.422554
241.836664
229.016893
236.694597
236.831359
230.124451
232.723998
241.604717
234.101479
233.581912
229.068017
239.217798
228.056750
231.803251
237.276726
230.659602
236.977127
240.491151
240.706009
238.529301
238.624268
221.121437
230.674901
229.584752
230.291474
228.400323
229.192319
223.018628
255.132566
233.367537
224.480354
223.961455
243.489087
221.877305
230.071568
231.193879
231.936957
234.891213
233.157097
234.891051
240.276057
224.677474
241.511842
231.513420
230.992344
220.130812
244.137978
231.758487
232.800017
249.383639
223.272471
221.867921
236.565995
223.660237
224.327250
230.343032
220.107375
234.723717
222.572655
237.230211
225.030101
234.788072
222.500381
232.188148
228.952121
222.666140
260.426999
261.691248
249.578478
239.006495
219.948334
211.842807
213.680159
225.085101
224.971799
225.219446
225.811163
239.407725
248.964693
218.144412
218.089970
232.568470
232.609950
225.259128
226.441499
227.694963
227.602404
236.697940
243.711638
226.204679
222.821592
226.170300
226.097481
225.358472
226.044103
226.020084
222.293134
224.419428
219.878116
210.950595
220.928165
230.006801
225.323769
225.062445
229.924066
231.653432
218.011935
244.353519
226.091888
222.743383
233.827693
244.356382
238.222786
238.222858
222.364747
251.574966
229.141244
227.958305
243.500130
247.467271
248.742360
230.650330
244.131609
243.521291
246.300033
219.595969
229.909566
229.695611
221.734597
224.739126
234.421500
234.207820
220.620727
221.942672
220.854780
236.839750
236.839347
223.648411
213.724685
210.225495
208.401502
213.671332
223.470854
212.031947
209.055918
207.283755
209.076226
209.566083
208.358645
207.945689
210.863398
239.222759
235.853208
239.210550
235.812886
221.673850
221.594161
228.306013
228.266032
233.840370
233.800378
244.241361
223.702465
223.752302
232.134906
232.092141
239.776157
207.035690
213.956883
202.576446
220.820601
208.626208
210.957364
223.841174
233.889592
234.771174
232.550073
206.817463
198.117173
215.283352
203.222720
238.183541
218.422390
212.885991
229.181793
216.623317
236.126258
216.854464
218.384692
223.592081
215.047411
222.256613
209.557429
221.205626
207.961151
208.768835
218.645486
207.460489
214.017701
207.517389
212.835400
207.494414
215.077154
202.099684
214.680638
214.707561
224.856135
214.650201
210.250967
215.409460
214.686845
209.200354
202.087643
202.043100
197.049974
214.261973
206.515844
209.564426
215.789908
215.173263
215.888993
216.406187
215.510886
209.690964
225.206457
220.811673
214.122379
205.722078
201.413406
218.624349
201.509770
217.913178
205.873183
213.226488
207.205572
207.290543
215.130341
214.982689
219.282309
215.764782
214.079463
216.019111
213.185458
215.443147
214.472431
208.634856
214.344362
225.984589
218.896928
214.962859
209.427729
219.293052
220.705807
206.561237
218.613332
206.491229
217.101027
202.770990
211.959601
218.750128
202.857775
212.020652
207.292410
207.591323
224.533180
214.901470
218.098680
212.236167
213.826429
206.696268
208.883235
207.771567
211.402551
208.300778
249.538644
222.509324
227.754767
227.943127
223.541203
228.504957
228.691468
224.455928
226.689348
226.880655
216.872112
226.250736
226.208484
241.586316
240.679767
225.914588
225.874480
225.107711
225.068105
211.596744
209.720503
212.767684
209.213877
205.789585
224.451951
220.676428
224.184442
219.513529
214.270213
208.420514
226.084594
218.197519
211.968468
224.986612
216.080850
215.074445
216.091970
210.853437
226.778029
204.628281
213.816709
209.133044
214.088226
212.269413
204.217201
209.258312
210.555824
219.219030
219.325730
212.030711
229.479438
212.191621
216.057366
217.587694
229.513911
243.291041
207.458668
227.804266
240.866035
221.535270
208.225322
207.361282
229.872813
214.223192
213.477770
212.461321
218.784679
213.963793
208.523152
213.238158
210.396417
213.472939
206.570848
216.485261
249.726235
226.946173
228.075132
229.087552
230.428280
226.906791
228.037841
234.113036
240.502609
241.225335
234.061392
232.326507
206.758433
219.393496
202.086590
206.442742
224.572541
208.340909
206.505830
220.489162
207.608936
203.930626
202.834486
223.751911
213.563663
209.083048
207.515465
209.338275
208.346543
212.438630
212.080035
214.079557
203.106717
203.088820
207.909303
219.343257
209.453497
213.941819
224.996441
210.253898
214.765832
213.912257
214.595227
219.797540
215.796293
216.014051
214.254027
209.126116
212.048128
220.857517
213.539516
220.516612
220.785376
208.170243
222.984695
216.754963
226.152653
206.785898
213.544253
215.357328
202.091922
214.720109
214.673662
206.451374
210.875900
206.800690
200.648675
208.018237
207.805955
206.866105
209.783088
200.580714
222.844409
218.294519
205.207152
210.290308
208.374355
205.147639
210.231222
207.583934
208.026090
208.358465
209.077645
213.996167
215.534235
218.590550
213.902946
221.708336
221.906670
220.868984
225.281215
214.673457
219.996708
218.138535
217.698341
215.820478
217.278770
208.885272
210.244933
203.312305
207.650033
207.771079
209.307793
220.136183
213.068520
214.468692
214.573638
212.951641
213.521215
213.616722
202.864226
213.816553
205.170001
208.191880
207.482703
207.632680
203.863082
214.697364
213.489189
229.946889
229.944998
244.671451
244.671960
229.175516
229.141091
229.191998
230.378987
227.607445
228.700992
218.717719
241.067707
240.976936
225.065418
229.355811
230.468827
219.460929
219.983149
224.077310
238.522770
231.374495
232.431016
223.771964
245.331233
264.623103
228.449575
228.520084
231.464245
231.501555
247.111686
232.640850
232.639725
231.466770
231.505727
214.588394
214.582511
219.410846
222.698353
222.225927
236.789764
236.830672
249.147587
239.426787
240.451127
245.300906
222.003118
230.453551
216.988954
225.869228
218.783578
212.887930
212.766511
203.016333
218.019574
218.438104
204.414222
204.868078
210.501234
216.564396
209.832803
209.703427
210.883901
202.798045
202.645835
202.192769
217.830469
207.072977
202.058944
205.750975
201.424389
202.241137
201.904931
200.589585
202.335302
201.622325
197.967466
196.863068
200.229949
199.050890
203.884304
206.973043
209.221999
203.300479
201.340498
201.406413
202.192240
207.299271
202.940705
212.819051
199.646632
198.467422
214.713091
214.679331
210.998388
215.224660
209.886253
208.081471
210.265487
208.484187
207.696210
207.634191
216.575766
215.942503
207.605713
209.435781
217.125795
209.126298
210.146800
214.613134
220.824395
210.241532
208.388292
209.641400
208.527233
209.155118
209.083842
209.058471
208.704110
217.517095
209.644529
209.582977
211.838506
202.930914
216.199558
207.618130
208.386065
217.111977
206.070983
202.786532
221.992069
222.863391
203.456336
203.608971
202.294587
201.781787
201.696002
201.509610
216.685753
221.113558
221.323784
217.546470
211.327543
221.123906
198.586401
197.458225
197.302560
238.804220
225.885927
225.792109
244.782992
232.405353
235.171679
236.946962
233.746547
235.076932
219.074083
227.989336
227.043105
227.085890
239.308074
220.871694
215.962123
216.034294
210.978586
213.480548
232.031130
214.459293
221.248954
222.138823
231.179455
214.125209
205.474677
216.412074
215.790921
214.846264
208.257428
212.737810
231.260078
212.985585
215.923053
214.952263
209.391132
214.555528
212.765705
213.778603
225.972255
213.387926
213.393377
206.517658
206.466785
208.259084
207.189809
204.580492
208.120034
208.104591
211.605394
204.423750
215.384875
212.775580
216.663290
217.441912
214.123515
210.899461
213.088714
211.897679
212.000835
211.906494
211.909039
208.014318
207.130361
207.115070
207.625012
206.493223
213.547185
208.794003
215.931401
211.892466
206.536445
206.538195
212.953395
206.667415
217.027629
215.247874
214.672079
215.828593
214.337232
215.307880
213.659110
219.082731
214.709639
212.611813
218.834415
218.757640
218.180993
211.882876
211.854750
213.975421
215.986923
217.009204
210.768818
214.236445
215.016176
209.822615
212.794687
215.506117
203.375751
221.460402
213.876489
212.076235
218.915316
214.227718
215.172502
212.134425
207.755071
212.764321
208.399682
222.440360
230.262836
221.543998
206.090700
216.264859
218.711488
218.728260
207.552960
206.782844
214.382464
214.371024
207.588185
212.552381
203.813384
202.184721
204.370788
213.108607
213.169799
202.779926
217.553248
213.063180
209.617038
209.807393
206.220525
210.904668
207.961099
219.071106
200.539792
219.348675
213.814543
218.712520
220.931333
220.551597
221.329128
231.107189
216.277027
210.551860
211.680068
210.648644
211.707782
208.331460
236.136672
204.003173
202.957698
210.909400
211.048112
209.240060
210.046574
209.753632
205.733038
216.323593
205.839935
207.618091
205.905584
202.472410
203.256974
200.601681
215.405876
214.622248
212.834427
208.508867
206.661871
208.190700
207.307622
201.900435
204.763469
209.120866
207.904126
207.364103
206.234802
205.743621
197.050886
203.254056
208.096350
202.380316
203.035562
208.669927
201.843174
206.489645
206.488861
209.964258
209.590334
213.865503
205.919801
205.698335
206.330632
213.495944
209.123086
219.748212
207.271970
208.978705
208.009922
213.322068
208.889680
215.111227
208.241153
207.634529
208.825017
207.464662
207.536997
207.230656
212.773025
209.009563
206.916170
232.137736
231.192063
221.112818
207.633197
203.888822
204.790428
210.190435
195.419351
212.399769
215.029565
204.781954
208.481168
211.739099
209.236083
204.912609
225.956400
219.081770
194.965723
227.312611
227.702985
234.114045
225.538940
210.282434
198.849441
216.115078
198.611243
215.865524
205.109471
204.870749
215.404003
213.687894
204.070121
206.008623
209.123333
216.330932
211.097481
216.701176
222.679994
215.442120
215.697994
215.503708
216.505621
212.028655
209.719940
232.907435
230.396022
217.545045
222.792958
225.234185
210.747596
209.105685
209.526068
211.662401
217.315487
225.917516
219.509620
227.242448
213.371035
200.532379
206.543327
207.259732
219.835592
210.222328
215.889185
203.638638
203.079198
206.933314
203.495984
202.936855
203.404501
212.539168
202.521202
206.016731
206.139354
206.350611
208.131619
206.419257
200.298347
201.040511
213.548109
203.074073
201.361852
212.497592
210.402793
209.289495
209.818759
213.514386
206.565995
206.854434
211.352416
210.164076
209.823759
205.095826
208.013276
207.105241
207.309017
211.673767
206.594621
211.234403
210.913880
205.861899
202.496849
223.034564
232.040442
215.421736
215.391583
213.817743
213.598621
212.467668
212.228041
209.211743
209.955880
208.429313
212.253170
207.360954
198.636789
212.346925
224.354109
225.295470
212.549379
206.985986
214.393243
208.789218
216.028019
212.865206
207.261259
226.805888
208.392336
209.217527
209.918475
221.962315
213.345745
212.298516
213.935781
207.203831
200.159837
200.289598
202.788646
201.188908
202.002176
201.974188
200.291004
200.189225
205.831413
206.536893
209.806948
223.869491
215.752872
209.933675
216.589044
203.152794
203.197436
218.880641
211.018153
218.897213
208.236239
210.850086
218.412629
215.881802
225.122721
215.670649
212.751507
206.914036
194.581693
206.943185
211.784114
214.009133
207.175055
207.200826
212.028365
214.339332
219.737516
227.263372
227.261726
224.633253
225.638866
211.074970
204.700003
218.865816
209.349691
202.086976
203.181184
256.457865
247.777354
211.781350
210.141287
209.304904
213.978125
219.024669
215.032482
208.054323
204.676187
206.651762
214.061010
223.265917
212.121944
208.670708
204.988324
213.667809
218.459219
214.543659
204.742953
207.258897
205.386606
205.401412
201.191807
211.677157
200.357382
211.541093
210.972865
210.336636
213.649033
212.862039
210.951089
221.127821
213.719489
209.625723
219.887359
227.013481
216.592355
215.207309
223.087712
218.863007
218.944038
209.504051
204.235848
207.648449
199.631874
209.210465
209.291755
209.170753
215.949653
209.556171
207.784597
219.158415
211.909514
213.684879
211.228282
210.066717
211.157132
222.282994
214.815390
187.786924
204.041985
187.853890
188.790854
205.378731
193.054107
193.315275
194.020891
195.798148
194.039459
188.883146
205.467640
205.015235
188.081501
204.296290
188.172568
191.540127
191.601532
191.499931
185.597743
193.962949
195.701634
193.974885
201.734607
192.307803
187.047712
187.004945
193.182384
204.260555
194.973315
194.716682
195.796359
194.721609
195.007123
202.419787
193.196029
187.091704
204.312976
192.261536
192.969693
201.764959
193.258384
194.012468
192.922520
193.255698
201.146540
211.273644
210.127240
212.911715
206.725614
207.413492
207.454327
215.824174
210.277241
217.426118
205.535582
208.363837
209.176769
207.375035
215.625747
215.299497
207.742213
215.318976
208.689265
215.420129
202.343664
203.278773
212.483513
202.257945
204.185060
212.650545
213.418091
214.759409
216.791175
213.540038
214.749427
223.269526
219.252998
225.294596
195.956675
200.347816
200.938074
202.877679
204.789682
202.702923
207.165508
210.608567
205.749447
198.239695
206.289328
206.554430
214.371810
207.968457
219.041100
208.408164
202.352487
210.623448
203.506712
211.635699
215.338235
216.342428
216.279471
225.251268
219.940353
216.487853
213.789122
221.694330
223.662059
228.778485
216.262208
217.392360
215.985914
218.396299
220.790389
215.551966
225.652029
224.863441
209.045598
213.437865
211.822955
210.227053
208.374281
219.828097
214.527124
207.429149
219.827236
214.654459
221.439149
216.188993
216.252501
218.428968
215.698637
216.435953
210.323670
215.713239
210.233624
224.960934
205.683270
211.938784
218.950131
213.721516
214.182291
223.796245
217.097208
219.806825
223.070896
219.079960
221.510721
215.773632
213.619146
197.939787
198.756717
197.015220
196.912114
200.324388
217.637894
197.730480
204.318321
186.139643
193.183441
186.145165
213.646372
213.615500
206.106304
207.372861
211.625172
222.923418
215.278562
220.155914
213.690826
210.945781
213.375673
207.231316
210.566189
208.206686
215.455054
225.506496
213.353849
221.474613
225.399176
211.301914
214.617184
211.686062
207.133560
208.436725
210.873986
212.456874
211.766004
214.661154
214.349349
215.289286
215.162292
215.459141
206.158199
207.463472
211.676581
211.015167
215.878525
214.422542
220.427742
212.337104
225.487838
208.527359
207.223872
211.777039
214.709724
223.964731
218.453024
218.465684
215.858790
220.723110
216.578273
224.702870
215.298704
211.148265
215.247452
206.423444
204.881568
208.144385
202.854252
205.473251
209.918501
202.131846
219.919879
203.214144
209.276305
202.454529
201.341986
218.864370
203.927004
201.699355
219.199443
204.191368
212.174465
202.677837
203.431329
203.410054
209.185947
203.166683
218.048875
200.698992
202.452086
219.061939
200.631259
208.466974
200.606521
234.565172
229.403781
221.198251
236.577533
221.469431
229.719007
208.824818
220.921234
213.093265
213.627330
221.708765
214.999372
216.406016
236.509398
215.512819
216.384264
211.218131
220.334360
214.185360
217.062309
217.500906
216.743592
219.164542
216.706531
212.618072
216.606623
223.510232
218.552278
217.698350
219.851616
222.779052
215.563213
215.703690
211.651626
215.603689
222.515971
217.518361
217.567773
224.587507
219.379596
216.944442
219.098543
221.983006
227.193635
213.233699
217.323739
222.616739
217.017809
223.389938
216.291925
222.627939
203.444088
204.892811
235.783674
230.183691
237.959448
231.248808
212.798577
206.236444
220.890846
214.675547
208.072550
229.314387
205.658577
218.711506
207.985660
208.853969
206.744719
206.424374
206.337249
216.231961
222.427675
208.791068
206.051066
215.165986
217.853325
219.697281
208.885666
209.797454
205.951317
207.354880
209.050930
208.279755
227.310672
220.725035
233.396511
212.900583
206.336850
213.654596
207.057582
211.694068
193.242126
202.008949
205.404064
188.852155
219.839125
207.256568
195.059219
202.803238
207.190499
190.667626
216.937743
213.943150
212.671721
213.358408
210.251848
209.545906
214.611439
215.738860
209.619843
213.941592
222.204380
204.666016
212.509777
211.521519
218.157599
217.402673
193.311605
201.043598
206.566903
188.921526
199.418834
193.976078
201.752342
206.121559
189.586370
209.128062
195.009394
217.897763
194.354517
206.460491
207.520707
189.923379
200.410038
200.465802
206.118726
208.252538
190.578545
199.701380
232.215545
227.924740
208.190507
213.108134
201.202469
213.866297
202.234347
213.150854
200.521536
203.020433
205.727169
212.400385
201.101071
206.784975
212.368562
211.720354
216.745059
219.906138
219.274684
212.046178
214.325418
215.029641
208.301067
213.630995
208.999936
213.200282
210.830786
217.636819
216.799443
225.133506
218.835944
224.977842
230.282307
212.762996
214.998296
212.475331
214.624690
228.210899
224.948319
223.187085
203.696226
202.924700
212.984778
215.440533
225.966936
220.791561
211.966234
225.987146
221.868314
216.442415
217.529065
226.691715
221.517437
212.917634
215.156014
211.886538
211.301136
210.465092
214.082632
212.955802
215.192991
219.600371
203.755150
209.719114
216.791497
215.589022
213.990131
223.535346
216.186404
214.444827
213.763628
212.452736
221.885078
208.875030
216.335313
209.898797
216.241929
208.989982
216.373139
209.177869
226.792316
231.123328
221.613972
213.187859
218.340381
219.631855
221.293340
215.934873
215.866321
216.623959
210.917627
220.103589
210.357490
215.915357
208.576992
207.546385
207.641880
214.369680
227.892722
211.226044
211.264093
213.298278
222.603767
212.737752
210.939677
211.719659
210.018782
202.988524
214.304669
197.623274
216.083613
198.380347
200.398756
213.626384
206.681596
195.967584
200.571561
200.240213
227.028156
210.433577
210.471213
204.843021
207.797249
209.078400
203.335409
205.789647
207.385791
200.436877
205.368188
206.405594
205.874888
204.651225
205.553235
201.206190
212.462448
195.839146
200.342783
213.556448
195.911733
201.276195
199.484564
224.049269
213.993398
209.854477
219.008237
209.218692
209.590968
207.215458
207.241192
210.305364
220.115449
211.414400
218.323698
211.161755
213.672585
200.793397
213.372828
210.299107
204.976590
203.081894
209.932258
204.734381
205.114537
207.343603
205.704921
205.539989
210.318951
208.422076
215.334455
209.476251
216.945431
206.564664
210.953043
215.291917
225.787069
214.886190
216.949773
213.809847
202.129548
202.376883
200.304634
200.553704
203.164884
201.351686
221.494633
224.517402
224.549315
249.464160
239.102930
228.071793
233.365604
233.968714
223.816144
232.404255
227.188646
233.012041
231.953478
223.614031
226.603123
212.266963
211.453089
206.041738
219.399371
214.077125
207.031783
209.423892
229.854705
222.375424
229.756316
224.493884
226.465927
209.755521
229.638530
221.941005
226.682543
224.221316
201.684897
223.787971
204.362617
237.831395
228.595706
225.888736
234.380728
225.040982
227.801758
225.749311
233.598963
241.303837
228.112591
228.797742
207.769736
214.811468
209.413943
206.414550
209.292191
214.845760
213.299353
210.869484
214.767698
214.768092
204.625952
204.820365
215.602910
211.054693
217.366597
212.433027
210.855332
204.611875
204.806276
215.459188
210.559714
208.752828
204.316662
217.965112
208.267235
211.051400
206.367943
206.532435
212.039507
208.305425
208.499558
214.248395
217.355110
212.770759
207.058558
214.906266
215.050419
208.815394
208.679479
207.215850
206.471391
212.721239
212.730996
209.596468
203.341736
202.862811
208.791977
208.984425
208.257085
213.862585
210.466635
207.423620
212.807302
215.994961
220.912366
219.102102
214.167036
214.869877
217.209986
220.076264
212.317968
207.887025
215.994506
211.399115
213.389561
209.707630
215.462748
212.775705
214.702757
203.456074
209.696843
213.906751
212.358499
211.060465
226.262599
217.332703
218.841901
210.880600
211.076677
215.154370
208.713040
219.769375
213.328074
223.008993
220.877970
225.737241
225.229638
215.421123
215.916834
212.938341
218.616545
223.243054
214.709552
209.295748
215.062508
209.256655
208.655477
203.085574
208.922985
206.043034
246.267988
229.488984
209.064988
219.375606
219.411141
210.978156
216.280053
226.742159
225.996526
211.749670
211.007325
210.655698
203.966322
208.338887
216.026205
215.854643
210.484217
209.808480
209.087800
211.857644
213.804373
214.467312
209.892137
202.111864
206.383218
222.376611
206.076976
233.432354
210.070354
210.018329
210.072373
210.020102
229.901627
218.743786
209.512403
207.931615
209.790529
209.319459
219.007694
217.955974
211.179619
219.690342
223.256265
224.255515
215.702745
231.671668
215.460081
218.229719
207.584040
208.327546
208.627020
214.921248
208.166124
210.341583
208.668090
209.010524
210.146824
219.850181
218.086613
220.297106
212.040791
211.846017
221.553118
219.837439
239.232815
218.167934
216.427341
217.419115
213.551294
212.338924
236.346377
216.572154
215.467555
214.130086
222.636947
219.346454
217.347947
221.485682
217.376494
229.721232
233.921455
222.449909
213.295295
232.225437
216.464989
217.530389
235.047894
221.788225
219.932306
210.893159
215.820239
209.717097
230.570662
230.791377
231.311984
254.880585
246.669168
238.907372
231.560284
231.560434
222.432339
231.570683
231.486911
222.539738
246.310108
248.040851
248.043337
246.310702
248.042741
244.754720
244.612631
247.265243
252.282127
252.280843
247.264683
249.912381
241.332208
241.331610
229.423390
228.271036
213.029472
232.111678
219.865020
220.624478
225.066785
244.485461
244.485998
244.487670
244.485981
251.499260
249.675779
251.641676
249.818692
249.676906
251.686697
249.719175
249.817151
251.542492
249.676260
249.720768
244.485485
244.487685
244.485470
218.030546
218.004440
220.237064
220.140010
222.388270
196.078631
195.363311
206.245367
207.893808
211.759784
213.983353
215.952956
203.032652
203.372305
214.308582
219.899197
222.165255
204.097268
203.042123
213.637675
213.222908
197.155538
195.337319
205.448804
221.232224
231.142592
226.303650
227.748496
195.985024
201.459302
201.096593
206.476661
204.883422
207.722008
201.468383
207.069136
212.492763
206.351201
207.752121
209.357164
211.098573
199.824822
208.577202
207.949778
199.790610
202.459562
205.466542
200.704633
211.996791
205.408958
208.017325
200.596756
200.722549
206.476820
195.320115
207.721599
201.465055
206.396657
212.827829
208.645316
211.139974
207.454569
206.884903
213.445908
217.692308
212.147269
213.400485
214.908188
221.583223
214.479320
214.450358
223.985329
224.666281
235.522560
213.785277
213.783135
214.504094
214.474900
214.847850
227.304215
220.529565
216.692354
220.172759
219.323310
219.250323
214.832283
212.073858
214.242897
222.682184
217.566787
214.286883
227.522571
222.022914
212.405376
206.870469
202.381838
218.946856
202.722964
203.483140
218.280716
207.522313
207.587302
212.837194
217.850204
201.642744
201.736436
209.249430
212.777186
221.612876
212.841578
201.538953
207.253596
221.733888
201.622279
207.369022
201.744658
212.987013
208.967910
210.642294
212.468223
206.903154
217.562145
218.691757
223.189688
218.168658
218.708719
222.561857
230.200559
213.113707
218.600436
218.777022
223.181987
218.860294
224.146059
226.098667
218.795626
221.616322
207.491165
213.245748
218.203026
217.085964
214.365947
221.425999
216.776079
216.791481
209.036349
218.128660
214.186121
213.894907
208.609651
213.925339
215.933922
217.001470
208.181984
205.979042
213.744609
204.272357
212.921071
211.149379
205.268647
205.866828
217.635097
204.672133
199.973669
200.994472
212.166240
208.618957
220.924622
213.910462
206.847543
222.527170
215.103414
206.276919
204.647640
213.127530
210.503318
206.838500
218.793725
207.610167
213.636854
216.394754
211.863332
226.457424
219.266152
211.662548
211.709776
222.986717
208.921824
208.672420
215.645115
215.669355
213.041607
213.034312
211.053929
213.720401
213.730393
220.626153
216.813072
222.494757
204.986940
214.469187
201.423985
197.034970
212.878196
214.702979
202.533623
206.239053
207.497287
218.451147
212.844546
212.308600
208.064809
212.908224
204.776650
207.647318
202.356082
211.211816
202.401300
206.774656
209.967744
208.674686
202.528957
208.562926
205.331035
208.496128
202.448728
223.865337
207.700155
216.595817
207.742428
225.311224
213.359617
215.430569
220.736633
217.142773
215.384792
210.439049
224.639165
214.214715
215.889039
211.304544
209.973034
225.377562
209.926057
224.162923
216.706728
212.520952
232.664278
212.815496
206.601982
209.619877
216.104295
214.028309
210.281933
204.072089
226.051827
218.048583
221.534850
207.054205
207.949519
225.232561
231.712870
220.782654
220.072845
224.182002
205.031068
215.112926
209.375584
218.046114
220.455469
211.111923
226.512533
228.649425
205.769658
208.593347
228.472200
212.737015
213.653047
225.410225
220.162965
214.713359
213.422770
219.131078
214.877896
209.354483
209.441678
214.845882
213.396063
210.925676
203.986055
214.822780
213.795540
213.507952
208.106884
210.312944
207.761250
204.029010
219.467946
209.677948
207.655788
204.089393
215.081446
225.420016
209.962240
210.007657
221.339403
214.396329
213.757626
211.864876
211.212037
209.202646
211.880567
212.483738
220.595553
212.223043
203.616114
206.534218
212.543891
225.211756
227.119953
225.892429
183.971264
220.450937
217.990618
218.742369
225.689512
224.119848
226.819694
230.303842
222.796462
225.344281
219.904796
228.011724
230.290195
222.815998
230.545361
227.408107
228.368827
223.740447
224.721732
224.512374
222.702569
220.462128
214.652333
218.034429
217.764072
215.002748
225.717275
209.520423
208.417749
214.766259
208.438206
213.606602
207.276365
216.177695
215.981004
209.226931
221.374971
217.602936
222.827626
216.500574
222.720771
216.848952
228.914436
222.073131
227.253308
218.186147
218.852482
232.706672
221.140016
227.327358
223.429810
227.945031
229.056283
224.178381
214.625732
214.549568
226.956086
226.507089
230.796755
218.969071
221.322570
224.959425
227.341752
217.526536
229.104661
229.427788
217.540868
207.134411
228.742961
227.359186
231.138006
219.395187
218.676955
218.646792
220.722341
235.305536
221.867479
231.905189
222.876300
223.570361
246.735922
239.466168
240.107170
230.477648
225.508927
227.908356
227.964034
234.558444
243.814444
238.194775
238.868711
224.399536
227.873074
227.900536
233.470678
234.526561
243.812510
215.969150
217.533992
221.445635
221.049890
219.352712
219.786728
242.838594
234.138141
233.449691
233.425005
248.787173
229.150776
233.578305
216.884257
216.331073
222.815216
212.859952
230.026335
211.816378
213.874121
218.494181
221.835681
216.360326
226.610149
228.817879
224.508369
215.563658
224.587961
221.235522
231.156200
213.050189
212.335655
212.335351
220.905966
227.537734
227.888677
221.928977
221.956794
232.182885
234.338330
222.951053
225.882534
220.956853
227.556551
226.771175
227.093068
223.246456
222.495222
219.718642
206.899792
207.908352
222.243050
217.573029
220.249611
223.270683
219.932744
212.477518
204.101459
204.107568
213.684846
219.947969
214.678968
198.874024
202.610967
199.986366
199.225680
198.195825
206.733741
215.172200
209.643731
212.994213
205.611535
209.276389
204.902544
217.706611
187.148838
187.805232
186.986349
188.760446
192.934401
194.019190
187.682554
204.980733
189.493913
188.694257
186.997750
192.138731
187.771874
189.473380
187.742643
188.440595
189.471852
192.350828
190.800922
188.805383
187.040871
194.023603
192.331221
194.035251
193.276559
193.216548
191.539381
191.509689
188.737010
192.176268
186.974113
187.013990
188.788085
193.248556
192.296412
199.258283
192.980403
194.055182
193.229041
194.997640
193.268923
194.783211
194.112586
193.274336
195.032920
194.078753
193.303424
193.364740
188.055265
189.868257
191.766935
193.972048
188.073459
188.813626
193.263426
192.241257
189.757441
188.022688
188.100336
189.802753
192.276651
192.201824
188.790094
187.092144
189.779442
188.078110
188.855425
187.824344
187.126708
194.359413
195.127826
196.225517
194.464902
186.259869
186.326843
187.122241
187.057001
186.990521
186.173282
186.201309
186.974359
194.053275
195.100136
193.414992
193.373614
195.830125
195.017874
210.050069
213.610111
215.383874
213.496482
210.440026
209.610726
215.907158
215.828583
218.560457
222.167300
207.154804
213.499160
212.412164
213.510239
214.100030
215.210874
220.100047
218.302292
208.584529
214.880932
214.762991
218.445128
221.101673
206.047292
212.391123
212.199174
205.974390
211.341843
226.536551
215.366726
215.261256
222.524685
208.587445
201.574550
221.337340
228.765047
214.893720
229.702747
225.773272
213.093172
223.961852
215.771644
211.474607
218.785247
218.191319
224.064169
213.970573
213.953948
210.262424
218.816874
215.159129
213.859819
215.612490
211.004431
211.548347
213.144977
217.156126
214.291256
220.477533
220.599094
224.840704
212.671499
215.624935
207.163104
208.850987
216.054108
216.251047
219.623065
214.715066
211.731360
213.972926
211.792942
214.001946
212.126157
214.420975
203.017915
219.664019
214.434524
219.623019
215.367419
221.371443
220.103628
222.489541
211.748692
209.314036
201.253404
200.977021
218.121685
207.699783
202.277354
208.967108
211.066911
227.014401
228.804722
216.168106
226.910617
238.953670
218.014295
211.706321
220.586427
226.286647
215.413091
248.124003
210.545068
220.480042
226.154517
226.830586
227.966384
226.147842
226.655970
223.453923
233.148310
214.176299
222.985366
205.580518
222.506239
229.973526
218.894186
213.580741
214.643815
213.444511
213.598453
208.280221
220.559652
206.756902
208.483287
217.457452
211.283637
216.675971
231.885569
232.419308
226.850337
215.900159
220.050209
211.603383
213.291745
212.081913
217.853439
212.949961
206.961174
216.139578
226.097007
221.611010
220.686353
225.775056
207.084446
219.405611
223.811591
211.935881
209.544643
232.057053
236.595102
215.858734
221.797705
215.357116
213.955248
220.865691
213.465259
213.063098
220.483392
227.593471
220.616379
225.702429
217.851603
220.697110
214.397296
215.461340
213.645303
212.504945
205.068960
204.353859
231.236789
220.928172
224.997476
219.733252
208.953603
210.828791
226.097225
218.707591
223.511760
214.241843
214.275815
214.934722
213.537145
214.379197
214.840045
221.403107
209.410451
210.230813
210.958284
225.497240
223.984037
228.173634
219.009489
221.332972
217.122125
217.961073
228.573394
213.155251
211.605027
211.355638
225.211788
222.366245
214.842527
214.976932
213.463900
214.418935
221.404872
225.938207
219.862750
219.575336
220.794413
224.600845
221.325694
217.121169
217.961490
213.565274
211.636982
212.568234
201.290482
200.522880
206.999349
202.896579
203.984362
204.541502
203.292539
203.208180
203.176787
209.158780
209.222028
203.671395
211.108424
210.968804
207.763277
208.549657
233.437602
229.993480
213.165646
219.228074
220.108011
215.494464
209.363547
232.273929
214.836092
223.663547
225.804420
207.878261
207.174276
207.835555
224.197111
225.633928
226.373735
207.694174
206.980609
221.213535
211.454935
211.176179
222.165755
220.860163
221.981094
214.337682
212.119786
214.319450
216.716283
213.815868
216.698213
217.177469
218.830746
210.119624
215.665228
217.556098
224.923371
213.121146
214.295433
218.160795
226.896436
215.468919
204.398939
218.280272
211.383898
216.366835
219.816761
221.438889
215.043159
221.252945
222.371101
214.876615
204.530097
208.857936
209.588259
210.149869
209.910187
209.464481
221.182085
221.015681
210.104811
209.432108
218.224567
218.018500
217.439039
220.463102
211.067679
223.986004
223.195435
222.252629
226.508673
220.504593
221.007575
226.255784
232.443896
220.901169
228.309036
223.765196
219.698341
223.844774
219.742948
224.481652
220.415464
234.035817
232.155032
220.727546
216.605200
216.575012
223.069440
221.129849
228.026198
220.968881
222.248519
225.241593
226.032261
232.128620
232.143686
227.080611
218.072483
225.466177
216.767084
216.738133
217.486755
228.938382
226.527195
234.276191
212.432791
222.160096
224.373393
215.869014
231.694931
225.521174
232.038268
224.989807
225.751330
223.911640
219.147001
227.894924
216.650504
215.530676
218.614120
222.466607
215.727536
216.433860
231.523847
220.062099
223.815778
211.353622
227.330645
217.661957
218.837415
219.544712
215.442360
217.618703
222.029167
221.988857
220.999055
221.987152
234.392211
230.360747
219.491393
227.434208
222.211064
234.346118
216.416756
229.146831
223.877531
229.216239
223.507427
217.332433
212.767687
209.641051
217.984269
208.634444
223.068417
223.277099
224.035750
225.609197
217.171779
210.468132
219.823185
222.175769
215.413465
214.484938
229.261466
225.192356
218.284663
240.807881
234.472727
224.815908
218.665507
220.232764
214.082967
233.729521
217.716828
213.102834
220.112533
227.994613
222.809815
222.480043
222.249345
224.580913
208.337673
208.176253
223.127187
208.668815
216.922003
208.638041
228.991185
227.517356
223.621855
223.620643
215.571604
215.631341
223.718382
220.430586
228.137315
226.150153
216.182710
228.138789
225.151977
216.284404
223.715986
220.283972
218.152612
220.461059
219.868467
219.931026
223.274959
218.864742
223.722713
227.849982
225.056924
213.970682
225.106402
213.972287
226.349088
214.953065
211.077443
209.576387
227.799061
222.641925
220.748263
212.245719
212.519719
218.220469
215.159800
211.096611
223.118111
218.402388
223.209692
218.367989
230.287085
230.252927
215.615533
215.642979
214.863006
210.180374
210.207414
212.941216
217.047993
220.561646
228.049861
218.168296
222.066023
221.934154
203.231887
227.378524
215.810806
212.094946
212.092920
216.874259
232.846970
228.641042
225.232654
217.007201
221.480898
209.363486
227.615072
216.107032
204.987659
213.019597
211.684121
215.205167
217.342571
211.154984
221.965628
215.107853
224.082936
217.846290
219.984408
213.543650
222.477701
216.155905
212.228568
225.360859
221.441587
219.720837
218.427602
221.906656
213.481105
213.452834
227.035718
223.129826
221.724684
218.081190
216.687549
216.703421
217.541458
220.276582
222.164741
220.001569
215.748581
219.825310
208.398043
221.174866
224.225601
213.684307
207.323493
219.248804
213.579123
210.362951
198.044088
204.249512
205.413069
212.809253
213.963365
211.092550
207.993166
206.545207
219.418905
214.942877
219.253251
216.189697
213.596188
214.359319
215.817258
224.795600
210.676350
217.353016
216.615156
219.898264
219.171836
234.070391
217.283468
215.486200
231.371603
226.166681
231.405003
214.939653
212.134619
214.313018
197.136834
197.873571
206.553596
197.375853
198.962814
206.500127
197.188891
207.279389
222.299008
223.091833
224.990105
230.027270
227.347780
227.323628
219.905787
217.773293
234.396293
235.065708
234.231489
237.807410
225.679169
230.274585
239.552259
217.215331
225.232615
217.192772
226.772445
215.641922
234.813253
233.038999
209.608926
212.985841
215.528157
208.642330
214.847560
225.816532
217.365575
212.452944
215.178214
213.986293
215.218819
212.915438
213.604033
208.060028
214.146734
213.522672
208.004786
209.299091
212.275048
218.059201
204.550443
207.709854
202.774389
213.722111
209.156347
224.144687
214.876295
227.954886
225.177754
220.624893
220.960371
205.018525
209.867281
214.502867
204.967941
210.403840
220.254272
226.911975
224.133002
223.801361
231.149446
219.588628
216.035246
228.928963
221.584918
220.205704
222.294687
219.578122
226.633282
215.061846
218.037168
219.241272
233.464825
227.892569
232.345937
214.258272
213.076472
208.154670
215.927411
206.659174
210.730285
208.970289
210.304399
209.508342
221.057934
215.346743
214.414737
224.348765
214.684091
206.039056
216.289253
218.567714
216.054861
207.704697
220.497511
216.481116
212.173335
222.834308
221.681547
218.728554
220.972985
218.627738
218.235017
217.050643
229.946246
238.195540
215.839184
223.195288
209.418133
209.377479
221.144596
224.056828
219.963592
227.714568
226.000594
223.055743
210.016638
205.467501
227.667984
223.922848
224.681347
222.881523
209.791284
208.314902
209.212789
207.716171
225.062574
219.792029
218.633441
208.749802
225.081040
219.866304
215.587280
220.680983
218.284060
216.241322
217.599891
231.293650
220.562327
219.828074
222.722722
220.084434
220.490479
216.374279
221.318875
218.004737
216.959603
219.356585
221.332503
220.637525
222.490619
228.844070
236.079252
239.195656
211.881384
211.880230
216.253442
216.325549
218.919995
214.771643
212.147960
213.686911
222.079393
234.687603
217.551357
231.790464
216.153255
215.922399
226.264801
218.887971
219.025171
223.214372
225.022302
210.260852
218.474387
213.354345
218.062222
216.737903
217.574809
220.216273
212.094303
218.797502
217.648280
213.249015
211.079974
215.694887
215.406387
214.687511
222.880122
210.315462
207.512501
219.537519
236.275022
238.460959
232.612626
212.078266
219.438511
216.693794
210.303953
210.654535
203.421790
202.673657
208.430266
212.969909
209.951313
220.117235
211.075725
217.653082
215.614115
216.691070
220.206657
216.224893
214.984235
210.689447
210.222715
219.041201
222.456476
220.465362
215.046985
221.416028
213.213971
211.175011
222.545216
226.916771
214.461912
212.351106
212.470813
229.322575
212.557734
219.855536
226.599823
224.273828
215.811052
212.330786
217.348105
216.632508
216.632047
225.419410
217.002862
212.004868
205.064730
194.973303
218.359045
221.509356
224.972005
225.013621
238.092734
226.656364
226.697607
226.984469
226.800105
230.669181
226.949940
226.991684
237.484411
233.129882
233.129783
222.816188
221.410158
221.447311
221.619012
231.386056
231.425757
220.333127
220.374145
225.793058
217.219769
227.854749
227.755905
232.128543
232.168543
229.072255
220.424646
228.068419
227.741106
227.686957
230.236722
230.139772
227.148390
237.650684
237.690283
223.579748
223.482608
244.366538
250.821200
226.192083
239.167706
216.596194
218.494267
216.314958
211.163650
215.221665
215.217667
224.711258
207.281210
208.966627
204.818433
205.571748
210.830653
202.556837
208.790685
205.439691
206.446617
200.140334
206.534215
204.970960
209.207321
209.106966
210.492894
215.219051
214.135306
216.657780
209.097391
211.567133
230.474435
222.766652
222.762030
194.900487
195.674077
194.960745
195.940235
195.905935
195.718884
195.756228
200.395633
202.129896
195.891882
197.137477
197.913985
197.528569
195.803342
194.182250
201.853082
200.196160
205.451134
200.196254
202.010776
200.213116
200.312052
202.012619
205.479064
202.002066
202.661558
201.936600
201.999717
202.756391
202.029892
195.085294
195.712725
194.017355
194.687018
212.015192
206.658743
208.354540
213.689383
209.724788
219.979451
209.654583
214.963202
220.643808
220.623824
209.724501
212.336529
222.608170
223.240031
215.011414
215.655657
222.481777
227.761780
225.838962
208.340483
213.674816
210.681005
215.989680
220.630811
209.737383
209.684904
212.338415
212.286215
223.213957
222.583968
227.940412
220.459758
223.124640
224.861925
219.936525
217.235344
217.211868
232.157436
243.614594
244.080652
250.935468
232.984980
233.076356
228.304210
223.544060
223.538050
230.607461
229.044728
229.516672
229.137664
224.568366
223.479975
233.993513
234.086860
237.334736
231.896624
225.955116
239.268839
234.646182
238.043475
234.738881
237.320675
224.245127
228.680852
220.507387
215.624972
212.489291
216.044396
236.187032
218.123927
232.039472
215.370078
248.305458
233.477686
204.049372
217.657687
209.044572
207.913289
209.051166
208.307185
213.059354
227.053417
215.738140
231.241077
211.553187
217.768978
226.520495
211.065850
221.829341
216.394816
216.359048
216.223142
203.980139
209.476221
209.290660
210.175925
202.864178
208.606673
206.631548
208.359240
214.525788
208.883903
216.409206
209.619504
210.480464
214.667710
209.873212
207.396433
212.864064
214.661410
226.627821
209.986490
220.348478
214.534913
214.539813
220.000984
213.662670
214.297287
215.184464
208.597260
203.074302
206.585419
207.680867
208.881103
208.444093
204.201296
209.025676
207.777931
203.311800
213.856806
207.659869
211.610104
212.593947
206.391427
212.683884
212.573302
203.768780
207.381888
204.895950
204.654233
205.833238
209.457995
210.268372
209.524457
204.285773
204.183209
212.322863
203.128567
202.358893
208.307568
238.247398
238.166357
238.201629
258.427791
232.270536
243.554612
232.633102
232.541415
248.240053
254.828815
224.356674
210.983007
211.136006
212.786910
214.432061
220.915790
218.263741
218.237634
232.325076
213.137201
213.137181
214.295011
214.262766
220.939146
220.854614
221.782940
232.122757
221.760084
221.602623
228.966519
218.662918
223.862644
217.949704
228.971517
229.531958
226.480282
228.789754
235.065027
228.798716
219.896097
226.737843
232.058403
226.424831
236.571822
218.481541
217.766738
217.799241
221.940775
229.381912
221.216870
228.483628
227.759841
230.784732
230.816266
230.259074
221.494432
220.894718
228.335853
221.231071
219.046639
223.947501
218.027388
223.071076
228.297623
235.672047
226.118081
228.088806
229.596249
231.047244
220.216722
235.573432
216.402138
219.500554
217.526224
216.503585
217.933140
219.725757
224.122066
222.185239
211.270689
206.621747
218.599615
215.599776
218.019691
219.771491
223.128548
214.669060
213.070152
221.044444
210.067256
227.575834
234.903229
226.764701
234.817099
224.507970
220.098777
222.390154
214.395918
211.160818
212.008494
223.133950
251.436567
224.257702
226.289455
220.645468
229.671763
242.462977
220.660009
242.430441
223.072212
214.216002
221.688457
212.524684
223.182242
207.539614
206.532563
206.526193
223.204106
222.963614
223.785421
223.034610
228.891909
220.076592
206.543925
224.299683
215.466003
221.827143
223.075659
227.441608
222.486104
221.506576
221.004489
213.268386
214.809361
223.233611
221.203281
220.317939
225.533436
213.839365
222.803888
228.123434
222.805629
222.453362
228.120794
217.832788
216.656865
214.335871
230.619503
223.140099
236.945552
224.070135
220.767714
241.623851
221.862084
225.305575
224.071480
223.975525
228.342903
231.253037
238.651915
234.298253
228.456381
237.936939
234.295334
227.648855
227.645721
222.410684
231.954554
220.204093
212.307340
226.647384
229.869594
222.065428
222.065480
222.020866
221.970357
227.809270
237.364766
227.910359
220.121317
224.775174
227.275706
219.166217
212.390996
229.948790
220.196944
227.681967
237.264918
225.214282
222.428694
234.974047
225.122195
237.536787
227.335811
227.335997
247.303087
227.427968
227.377506
237.709845
227.867036
227.717185
217.418269
232.727248
232.724078
242.393732
224.516165
229.706053
229.710299
242.348208
227.200763
234.140268
219.853961
232.498142
222.569826
234.232861
225.016161
214.342283
219.799665
216.458236
221.878501
213.542321
229.207630
212.062181
215.230440
214.220248
222.411018
240.687679
216.812057
208.572293
208.521280
207.498041
231.557770
222.450645
231.546402
225.897486
231.412357
240.581717
240.571706
241.793569
221.204852
230.287971
238.866899
238.506631
238.868213
238.506654
238.017735
228.728835
228.727820
229.636474
238.106234
212.273441
221.204285
231.177204
227.734022
230.188297
235.005904
239.319971
232.354250
234.993519
226.679515
227.023319
229.189209
231.389449
232.894998
237.303179
235.060854
230.110043
222.934373
221.802267
230.067409
233.143011
235.442400
237.549282
240.565857
240.553957
246.460353
241.486579
234.649754
229.345797
234.858754
240.370899
242.491647
239.386037
244.595400
222.421956
224.451656
228.889746
234.302348
222.659684
232.488549
227.354698
216.140893
226.708821
243.424705
221.972407
222.022270
212.216951
229.912330
220.069602
231.951980
233.829751
217.326343
239.991644
224.760276
221.145972
228.720114
243.961958
228.167839
228.169410
228.126847
228.263704
243.962885
234.827884
221.170009
221.218637
234.955362
244.017609
239.944542
244.018537
240.071620
232.361193
227.340455
227.431045
237.667018
229.863153
220.103345
237.395030
228.001814
221.970758
222.021578
222.369887
236.523606
240.381902
238.734560
230.596712
236.524621
244.093003
240.561710
246.495866
233.511942
237.980484
235.813556
228.454323
226.762305
221.854412
216.162149
215.897692
225.155941
233.244841
250.288859
208.867956
205.069118
214.307577
218.946615
208.088840
204.856044
217.933490
208.060927
213.440896
233.243764
220.325171
217.022576
231.981903
219.194195
215.892180
228.059773
226.020382
225.923729
219.069908
228.011289
230.214312
232.553708
231.457785
232.874884
239.131527
233.622165
232.905526
247.927204
223.950221
235.830136
227.393814
227.416791
232.945229
228.074144
231.516924
224.155430
226.886681
223.141363
221.957643
230.220856
246.011821
229.740056
199.094367
199.356338
198.997715
199.050695
199.139165
200.127238
198.648080
200.030747
200.229873
200.045353
201.816483
202.120714
223.672151
226.985779
221.176106
226.301722
221.460830
218.240226
220.333668
217.017447
225.185671
228.598840
225.450924
211.507091
209.444948
215.610376
209.129898
204.994188
219.669300
205.841624
220.604865
212.040759
207.348142
209.079066
221.234345
215.507145
208.163755
210.100486
216.296201
210.943623
224.578344
231.009042
223.008515
233.164405
221.768612
233.154377
225.250033
230.635988
239.198893
236.672962
238.914810
238.094736
226.775958
238.086538
238.960639
230.188338
235.608425
227.726632
229.983266
232.132992
232.688580
235.567746
237.852439
237.853134
237.063368
225.727399
237.054103
229.141426
234.559205
246.620505
230.673559
238.037347
224.121673
230.992156
220.769033
214.495146
210.203258
216.234201
228.576201
216.524186
221.280413
216.904094
216.169500
227.197610
220.468219
217.799353
226.253942
214.324993
230.424598
227.481405
213.732902
237.321730
223.432645
220.079032
244.630919
234.097010
226.756414
222.287252
221.874431
225.030484
227.230998
233.449036
226.929245
226.198976
216.803811
223.800130
215.579436
222.339217
220.570386
212.768394
229.953283
230.255989
235.073972
232.460954
235.105072
237.280195
226.008549
234.792966
229.455491
235.004982
223.391283
220.038211
245.392944
226.755827
223.104779
222.649831
225.807989
226.196799
217.578442
224.614851
216.394147
241.994240
221.781660
221.145278
225.616177
216.160021
223.251473
215.028501
223.494779
221.610255
207.102107
206.270026
204.426267
203.220561
200.692737
213.369723
198.213704
213.218755
197.008659
232.774118
204.996081
206.539632
201.827840
213.613770
212.650490
213.687623
204.358672
213.411839
220.409884
202.550309
212.503396
212.854277
212.578156
219.558625
204.382395
202.536292
212.040403
216.192353
214.574556
233.165424
235.694212
235.699669
236.781435
236.834092
216.817822
210.717051
205.847552
213.679774
209.850738
208.505859
215.390796
214.839176
215.989632
210.803218
207.663534
206.462138
205.528710
204.666789
212.821872
217.274991
216.069798
221.602004
231.938003
222.644329
211.534063
215.961310
232.567553
232.600756
199.565921
196.303792
200.662443
197.858657
199.519352
197.227015
194.008253
194.725481
225.051716
210.956251
210.321080
195.653292
194.886936
194.978727
196.609926
208.226912
194.656085
213.401899
194.946827
193.941230
213.001927
194.893697
231.643595
213.634033
218.952760
222.792642
219.875616
228.053709
225.236111
222.742061
226.903663
220.425286
218.004215
218.753173
216.272405
216.345211
212.125821
214.364525
213.854203
211.346897
215.306273
206.906978
202.053296
216.900749
193.242567
193.463384
196.604979
188.987306
201.018276
195.162925
190.807715
197.329495
201.686922
207.522694
201.959266
198.321852
200.978611
197.265930
214.906555
220.582332
203.717308
203.778980
205.825408
200.287960
201.034364
200.661001
196.005649
198.744410
197.124829
206.320893
200.998739
194.985254
200.249637
200.967337
200.437585
196.798720
200.544542
200.375581
196.865003
212.624070
206.411366
201.274264
199.868403
196.230813
198.979061
208.639869
195.222452
212.015144
198.610501
201.054744
194.135774
206.545412
201.751979
194.130989
207.238180
210.076401
198.607058
195.214266
201.806484
207.236265
220.003777
188.987511
199.070888
195.868444
191.559242
201.626403
215.098306
193.297427
219.457348
211.077122
202.664266
209.068126
209.175825
211.073780
203.538851
204.825538
210.277486
209.269359
209.914078
207.433879
205.463823
210.192879
215.155565
217.851290
215.231091
227.601433
210.189649
215.189432
225.180466
217.809957
215.202033
227.607018
183.002783
193.260481
195.621851
191.718542
197.797933
196.346246
193.397187
204.392361
196.087257
188.217869
197.659034
193.312093
190.283069
199.375333
184.885314
188.397971
198.513428
192.631536
206.152655
196.121373
203.087344
202.382891
209.056092
195.263503
199.493425
200.266383
194.096425
200.997082
200.266090
194.928825
200.294865
201.949305
185.728862
186.423663
186.395495
189.067844
188.728972
182.821361
187.860612
189.561849
187.851271
190.718205
189.006094
189.584483
191.487802
189.774289
197.700896
197.808460
197.786908
204.164341
195.196954
199.991517
199.624491
195.285427
200.719795
192.850917
190.887992
202.060025
215.891105
212.831179
198.791980
206.309251
188.568320
188.570933
192.517556
188.931544
194.312884
194.214772
206.939534
188.880782
189.903074
194.350056
195.914029
207.335569
207.336922
190.829213
201.339461
195.902792
200.824463
201.049249
200.902206
201.985459
199.301024
201.936849
196.016067
201.204393
210.025715
227.459507
209.445092
190.378702
206.708975
212.680073
211.621295
206.597763
207.523721
202.001170
213.663500
203.053378
205.573002
207.733673
191.429350
192.532130
207.247994
201.524804
196.097786
197.122691
201.714681
199.971541
200.420775
204.703776
204.679389
199.545597
204.851516
198.701188
198.514261
198.878939
199.251723
203.525093
204.596312
198.688601
197.407670
203.983691
207.138877
200.996766
199.903215
195.806104
196.856700
199.341067
205.350593
205.444164
210.434816
213.445850
209.853060
218.943597
211.690157
209.850349
211.729357
207.215949
213.416784
206.643897
223.790379
206.234490
206.234465
207.248787
213.411185
224.997182
207.691311
189.599849
191.529025
183.815918
220.134234
220.184873
222.120944
229.227385
230.554726
211.994900
209.618782
202.933520
190.871082
186.440340
202.949222
210.874891
223.530189
222.294926
217.330230
203.836721
206.591773
232.175957
226.449313
230.548593
224.161684
201.964833
195.806287
201.640681
195.527411
210.014096
205.570625
208.166703
215.537852
210.020965
209.221089
205.514670
195.819431
195.080944
189.660922
188.921108
208.892657
211.303238
211.143250
213.036727
202.727751
209.672979
208.998512
210.465531
206.932369
214.827013
216.604898
215.914949
215.907613
206.226311
207.163102
203.349935
202.055844
203.704572
201.405952
203.241047
201.003420
201.974805
205.540582
201.164494
207.305497
200.093588
202.237208
201.643492
213.429134
208.206129
199.464685
201.164500
196.077934
198.524823
198.221948
207.308611
202.162251
206.567461
199.585236
201.299164
197.635721
207.350078
199.312776
199.385734
194.885100
196.741549
194.980171
195.196757
189.872066
195.974381
189.966907
189.112189
196.918717
202.993637
191.559147
197.697786
196.622071
195.859737
198.367375
197.127794
198.949790
196.804797
194.891179
196.608767
217.292409
214.870175
214.733657
218.455128
207.033095
220.693810
196.871304
195.991777
197.172409
196.959896
195.839169
196.852337
200.559010
199.729161
194.380732
194.291996
204.700051
196.128679
193.270799
194.351945
210.817252
208.607032
210.300116
212.491980
211.133092
205.507235
209.208711
211.127988
211.074207
209.200291
205.596926
197.035755
199.163378
191.917666
200.335351
199.436097
197.350948
200.620920
205.434404
199.527990
205.011746
210.596993
216.941144
203.537825
205.737908
213.767085
205.068864
201.420129
200.971382
204.666764
202.651238
204.318403
200.945173
199.926182
208.719694
197.918387
204.127848
204.872825
198.497518
201.424299
201.383651
200.384264
196.396447
204.811541
205.325997
202.287433
188.879816
188.041496
189.667935
188.831296
203.732104
213.168705
204.651467
219.651669
205.020703
202.036453
208.170437
210.450673
206.121954
181.955511
192.211831
193.301721
189.685357
187.092340
186.324716
189.981078
187.097035
193.837924
190.354714
190.360349
190.731049
182.678129
182.769104
200.967906
205.395360
195.185930
201.209107
199.117811
194.101635
200.125434
200.170610
200.222562
199.055390
195.217611
201.320112
194.195647
194.208079
196.234598
194.436173
190.108999
199.316298
201.111120
193.256482
193.269283
193.625241
188.183821
188.704268
191.406361
183.584204
188.020133
191.318147
187.359434
195.660258
189.739330
196.686404
191.004411
186.580139
195.003859
201.183924
200.423953
201.282395
202.785221
200.058666
205.455788
198.733638
194.067473
200.202729
199.432425
205.492319
195.189449
200.718271
198.420818
201.171221
200.260927
205.478997
206.467348
205.382060
202.277360
203.764057
206.938202
187.841596
182.172390
181.959334
181.957111
187.788763
196.747528
198.433039
193.049605
210.775672
197.578405
199.242714
192.969099
192.367402
193.057104
206.299439
194.285473
187.220472
192.976373
200.037097
200.857081
193.180939
193.271893
193.912573
193.192050
192.164023
192.217433
200.715806
194.877225
194.037778
211.355830
192.495150
192.916687
187.882897
182.157970
187.793289
193.531804
194.321308
189.688559
187.338925
190.401897
188.089426
187.258790
190.643948
205.426072
190.913147
188.036054
190.671710
190.604113
191.318183
189.060157
190.717996
188.113385
188.022686
187.333282
204.250258
187.313011
197.571901
199.587428
191.564011
189.739156
188.752325
188.110219
185.411060
184.726470
187.045976
188.929693
199.541008
199.945390
195.099377
202.125637
201.478636
199.246623
196.290997
198.414030
199.887660
194.049858
203.245290
199.181394
187.548265
200.356535
204.393207
201.120174
202.206845
195.902429
197.690037
201.662490
199.983074
200.043364
203.558527
194.026350
194.855695
202.614053
198.216651
200.078005
206.519183
198.664451
201.176761
196.755875
199.218917
192.537036
194.488399
200.989612
220.732317
227.391185
216.164396
214.176039
224.727416
215.294216
217.496875
219.394439
225.636845
221.791143
221.736689
227.676910
215.157467
223.119311
220.081641
231.655009
227.549753
224.897492
215.904159
204.363686
209.763072
219.296258
205.644498
210.952480
204.523677
214.844951
207.386422
210.653608
215.967385
213.476004
224.683016
214.741911
215.671469
216.653944
216.435180
212.918814
221.978983
215.839638
203.782016
209.089289
201.519422
207.784040
208.461289
203.749032
204.694828
208.537742
197.311632
210.335679
202.694672
208.571730
203.749573
207.313648
206.329374
207.141080
212.065568
219.457342
204.710681
216.190946
215.168355
215.270585
218.453796
225.421543
221.316168
221.240485
218.606322
207.478763
197.644678
205.768900
199.533260
202.060716
202.124845
199.551942
213.154043
202.086753
200.267952
200.282859
208.273093
206.912212
198.787592
206.874939
200.608218
203.207482
206.597453
201.412707
209.814611
206.085492
213.525039
212.063798
203.913216
203.178635
213.836718
207.083527
208.117261
206.745038
211.747981
202.107296
201.373369
211.615573
213.119861
218.241575
210.937274
219.495371
211.438695
200.452379
212.645872
196.043855
207.475055
211.459123
203.686454
203.719105
208.535801
209.673849
217.531027
208.386004
208.316831
215.144760
214.521929
215.233312
216.012981
200.420359
200.624102
208.002749
207.911232
200.588830
214.869831
214.931524
213.543446
212.216872
209.074859
214.975142
214.871513
197.827262
202.974482
209.099276
210.127455
202.738100
197.590863
209.036721
202.559527
208.266862
201.699109
209.039596
197.758041
220.679327
220.637112
211.446738
231.604728
206.006093
211.123741
216.857248
216.114138
215.145370
220.482909
214.665716
215.319343
216.012167
207.271188
225.758519
210.528446
220.341929
204.412743
219.414699
205.840566
202.016996
202.552180
205.707006
202.419742
219.437301
201.056546
214.175668
213.130019
205.900861
203.076789
220.583967
206.750316
207.445174
221.277181
206.764990
200.610911
228.371774
231.956476
234.069346
233.329738
229.686273
202.909751
209.025449
203.938598
204.523572
212.867116
203.492830
208.528910
210.363875
210.854557
211.438936
209.131701
229.834832
216.807459
222.141447
209.167620
225.656845
211.355858
217.581082
216.799983
231.916334
219.433908
222.732951
202.249170
221.627800
220.999114
220.692695
213.158929
225.376250
214.153978
216.000780
218.684944
219.329649
209.734969
215.632622
208.193836
219.889532
208.819264
213.224627
214.859999
208.656657
203.238081
222.374414
214.841477
219.735285
218.631965
213.531692
212.447846
220.913739
208.392482
216.393020
220.238309
216.586965
211.973241
223.663666
216.104785
211.781220
215.702264
214.143736
211.470677
214.326529
219.491778
231.853549
209.212307
210.056941
229.518952
220.590793
224.569703
218.968126
204.638976
206.446880
205.817168
212.085508
217.491179
216.042429
216.791401
216.151163
235.215476
226.415807
231.721966
224.242302
229.793189
216.992795
216.913243
202.305573
200.312942
199.580680
198.426073
217.933557
217.854017
214.190043
193.241052
195.051782
189.862167
214.916839
226.408141
224.732035
204.597782
215.162528
205.794874
221.441014
220.005008
215.051477
215.474986
209.448088
223.423270
237.524171
216.333724
208.207417
220.285603
234.138903
224.758754
220.300503
218.152664
206.541738
218.032166
227.584280
240.452421
232.077457
226.634826
246.257827
209.769260
219.662693
214.085591
215.925767
215.499385
223.286416
220.794979
211.516198
214.306273
228.839266
226.852478
221.733426
212.528426
214.241068
211.439122
210.419750
210.864675
223.553055
216.052315
212.305963
212.260336
221.495359
228.094885
214.197731
223.060065
227.415755
223.889421
217.168422
214.168430
220.408997
227.041916
221.991234
224.081391
215.893382
214.838353
216.037654
206.103326
218.068681
205.257089
211.413812
214.428101
210.792990
209.240869
229.352978
220.453013
232.471169
216.863588
215.589303
214.352929
217.293403
216.417814
216.145979
214.907999
228.462312
221.148045
214.507286
214.508105
208.639152
221.069253
225.384443
224.632350
226.458638
219.818028
219.785571
215.147218
217.986521
220.827859
210.475967
215.882962
226.436918
230.977833
230.177782
213.784279
216.412092
208.243110
210.455873
215.236881
221.667952
213.500166
230.208733
237.750548
208.743023
208.563235
211.709387
217.955883
214.054113
218.353595
227.570177
206.540396
226.857403
231.854068
225.768815
218.195338
211.048987
238.648238
221.478625
216.613512
223.279613
220.481751
228.549790
217.523963
215.801980
221.924435
215.820513
217.514792
218.676305
220.262290
219.025947
227.148599
235.915736
223.395022
230.104892
216.347806
223.538326
209.980923
217.176628
217.238890
227.228321
206.236706
222.982228
227.830049
225.642651
211.446404
216.050111
210.862007
222.515189
215.370053
215.113759
210.118184
209.047780
220.186690
217.048232
214.487567
213.442679
210.155731
207.812875
218.945375
214.947658
215.503869
218.181993
214.004761
214.477023
233.275257
222.782634
223.196772
219.327375
218.811801
238.197258
223.523834
224.587728
234.860857
233.625928
221.082667
226.070543
236.042648
218.344266
220.012783
218.776273
232.648166
226.204665
224.070345
222.536306
223.296690
234.712086
233.547070
231.455329
216.782932
211.476962
220.822910
211.101482
210.809881
221.949024
228.492402
233.628099
213.106268
214.171621
214.514991
208.992488
207.704734
206.581046
217.591203
196.587823
206.891565
205.674265
196.026241
205.114152
218.771751
216.067384
207.059879
200.914053
201.856890
200.355439
200.475708
209.562070
196.995997
205.641792
204.649807
198.452137
198.689088
199.189266
204.805619
206.098523
217.168135
207.886265
209.323129
214.323293
211.783943
210.674385
201.461366
201.991340
203.754366
200.398505
204.846492
212.813566
210.682793
217.936741
202.446449
204.784980
205.801712
201.442911
203.115384
213.001922
212.342745
215.956791
216.694627
205.485489
211.735150
201.320990
203.621507
204.743949
200.385201
202.015356
224.311376
220.203210
225.236745
210.797354
209.572466
217.148799
214.550066
221.916501
212.746203
224.316152
231.398901
238.617726
230.270239
234.843956
216.077157
220.546489
226.431924
221.985643
224.926237
218.799418
230.854560
205.527283
227.578272
227.472240
220.084800
217.039999
208.035039
224.435043
212.804373
229.045551
223.354332
221.763654
215.271641
227.186390
205.012971
210.475514
217.841657
215.160268
210.568361
212.142446
215.125590
206.874090
212.381009
220.735924
212.431512
216.938209
223.404157
215.584414
216.087119
230.949275
224.576649
221.684195
213.992597
212.192227
209.892071
215.854148
215.578297
216.510523
227.323635
216.536714
215.481010
232.914535
226.774998
217.043828
220.800815
200.717659
206.224058
206.234442
208.538319
213.280833
213.236207
215.145555
213.299744
209.648701
214.582237
208.878703
217.025562
222.716537
215.005012
216.311762
217.029459
231.922672
216.609040
222.797160
224.331731
224.329454
210.871614
210.138181
233.286874
216.372265
211.080505
234.603096
217.315491
218.004083
210.004800
205.551825
214.579296
220.569675
214.780383
218.985940
229.594146
217.074534
212.435355
215.130764
217.813829
228.726748
216.862054
227.128469
237.181843
224.375253
214.342858
218.046428
224.182210
222.385240
220.590610
214.250012
223.345216
228.508297
224.519768
223.562268
224.426968
223.617249
233.504192
251.799865
225.457798
227.877114
245.786054
220.316953
226.561905
236.665920
221.131829
225.418052
235.821326
230.565781
235.204516
225.333188
227.750660
229.295516
250.526048
233.934247
235.480061
234.583971
220.224730
226.467760
221.007303
225.292097
207.404685
218.772370
205.840868
205.455685
205.416811
211.121794
219.623315
211.343160
231.609940
205.570257
205.645735
221.701099
221.777096
224.855343
208.578342
207.476862
207.825053
228.360124
228.791034
229.113633
226.098526
212.440549
213.193860
212.090541
212.155827
217.825709
216.771173
217.157022
217.369339
216.899096
222.498558
217.652929
222.473098
224.113084
223.309497
222.161386
217.169072
217.512578
228.022958
223.128561
214.614752
222.190930
211.255836
229.033583
219.824691
219.917223
214.403520
216.224660
215.666056
220.886042
216.757349
213.468100
217.948952
220.951731
205.318042
215.534163
208.416374
222.811641
229.341541
212.429272
223.168255
227.914679
215.661251
223.238583
223.972501
219.257633
216.497199
231.332296
212.628222
212.102319
223.185613
216.807146
221.617733
220.546682
220.039526
217.553539
229.532324
232.390175
213.682904
213.159855
228.372821
224.382608
217.865038
222.625257
221.617118
219.534873
226.962629
229.063049
210.262021
209.791235
219.130531
222.881440
232.190771
230.184910
217.534799
210.472094
214.738373
216.573662
218.035454
221.730609
231.109187
211.844282
229.997140
214.630271
216.416197
208.333355
218.919582
213.750693
206.562842
206.551490
208.859121
222.833227
208.296649
213.430109
212.594400
221.322604
223.155082
209.319286
208.286658
209.111980
221.659871
219.384463
224.708932
229.384374
221.110792
230.130089
211.421654
210.991008
227.090317
229.263127
222.607117
219.258313
234.095200
215.387869
214.956220
220.561220
222.830914
221.782871
215.700115
215.726813
234.188077
218.583558
232.309263
223.896565
226.201349
226.466254
237.408638
218.736825
226.631775
223.751995
219.575369
222.739205
218.145090
213.911991
233.852725
217.448664
222.762972
225.909471
227.116679
227.784920
220.480125
215.868211
208.892804
209.215208
215.919537
223.188850
222.544027
216.473721
216.492450
215.013161
217.027889
215.999190
214.971146
214.602701
219.875884
226.414022
214.487407
223.739229
229.367457
218.312993
215.611764
227.608759
232.497605
218.713809
217.647738
212.024408
217.660621
215.584705
218.786624
215.734015
210.976384
217.661697
215.694834
212.026081
218.749910
214.802315
225.175569
227.300472
216.324980
217.109832
216.580738
214.462812
212.924967
208.305908
211.228320
213.341273
218.472096
213.628397
215.387811
207.170823
201.427291
210.283653
208.379673
222.380893
221.160134
233.681291
215.195408
219.940987
212.657091
224.029394
230.997099
215.259730
221.738351
222.480927
225.486346
224.547016
213.036549
211.018939
209.269416
204.724700
217.743624
211.115544
219.593605
207.172417
210.244044
201.578667
208.421776
220.827393
218.851193
202.965644
210.370463
203.008364
210.383441
212.832106
228.726228
205.662307
204.666064
223.372042
226.033843
213.427660
207.457741
203.721780
206.564002
204.878388
229.402780
221.931350
214.318239
214.319902
211.904563
201.518591
199.961171
201.029291
199.407491
207.968556
200.165321
202.475738
205.355879
212.327877
247.248391
245.429044
247.247394
246.226710
245.428608
246.226215
227.872213
213.590175
218.631746
220.819646
219.702999
213.666876
216.631991
213.713386
210.258175
205.441970
211.066361
204.889626
215.981285
200.564720
226.183846
215.334679
232.593013
221.006368
224.811534
223.115301
232.448979
226.118404
228.422282
232.619575
220.942028
234.053425
225.752822
218.308327
219.817287
220.424284
230.585874
211.121018
210.275026
198.926140
212.831812
230.733662
228.826268
220.545383
216.989689
215.902308
210.670189
222.241996
211.763375
218.092806
212.482895
213.538524
211.062714
234.105369
214.335549
219.756807
215.900050
214.517681
213.104371
213.888882
226.482846
214.883428
212.810497
212.551556
213.336744
223.332320
223.957634
228.478867
227.546641
226.577013
219.866611
217.404971
218.156702
224.975216
221.619118
218.782956
216.385368
217.137058
220.396934
223.791998
229.878809
231.731320
230.605436
224.460994
231.715230
230.591504
224.445988
224.767954
227.402383
228.554368
219.371355
223.340587
214.352390
214.094408
214.879637
243.553646
242.970505
243.615719
246.181603
247.571410
246.125802
255.153367
215.247697
223.176511
231.312376
212.896325
220.772728
217.483883
224.859794
239.008867
235.002925
242.515962
235.789536
222.388726
231.606217
222.397952
219.653457
222.462938
223.246402
225.167317
228.261500
231.078296
222.943595
230.913191
225.621695
227.135390
226.406964
233.927063
216.133163
227.175704
216.235716
216.207768
224.238383
219.614733
222.086162
224.844819
231.251534
218.133318
247.994688
232.498109
212.148424
218.841824
228.236351
217.032150
217.172902
221.543424
226.724244
228.875379
233.143802
229.619739
232.391889
228.903178
243.085812
236.475408
235.799474
233.581318
212.922309
220.859579
224.970803
217.510804
217.625351
220.902612
240.132901
237.381692
222.814095
222.812217
240.207089
233.871679
217.711093
220.926870
213.061729
227.770666
230.656280
233.209044
225.728381
230.862336
225.670412
226.272905
228.780824
217.096639
221.669916
224.470269
224.487168
217.132302
222.563242
225.899585
223.600894
238.921462
218.204694
234.934861
224.459131
217.478708
231.584742
251.388293
249.955898
243.659667
244.245914
243.837516
243.296514
243.942284
249.900623
252.763935
245.604427
245.969962
244.307310
251.040627
250.407722
251.055927
247.544974
248.177817
248.251398
249.777583
258.092425
248.192677
250.799657
241.830129
245.320672
242.195727
248.989128
251.260043
249.572594
249.134740
248.190760
247.605598
256.492111
255.194507
210.928869
208.418173
209.074631
215.466091
209.200849
208.031140
215.327399
215.432556
213.542115
214.946491
189.895868
191.738141
189.138087
212.179536
212.074258
209.184846
209.183484
193.956484
195.141994
203.476736
214.638032
190.693313
192.556262
189.954660
220.691095
205.476173
206.119585
199.091338
190.038192
196.879580
184.592556
196.180466
212.151296
213.780133
213.814783
213.910025
213.754026
211.238443
213.601632
213.848922
211.466617
213.703799
217.962847
222.706309
217.640927
220.244981
217.557180
218.402348
216.587114
216.774686
205.797834
208.232362
206.865237
205.884501
208.866119
209.309395
220.353409
219.188066
203.022406
204.581472
222.156241
221.086556
208.832695
209.243955
202.991214
203.474932
204.549461
210.351613
215.664853
224.495462
217.965058
238.046080
223.804426
217.566787
216.261492
216.178100
225.499150
226.581830
215.516870
223.046283
222.983665
226.439092
225.504664
217.350036
227.330790
227.887137
222.492288
219.345122
217.726421
221.171713
210.686526
215.262827
228.311792
221.093760
221.918600
208.312531
207.640581
220.149700
212.423303
206.560305
201.250586
202.782304
202.984650
203.443331
214.148352
200.690873
201.877000
200.674969
206.207409
209.635943
200.649044
193.223834
194.037378
202.637022
207.701889
213.422960
206.583788
202.355347
203.002599
202.502114
204.695258
201.909007
202.391877
202.924257
206.208743
194.874453
194.806602
199.584046
200.459255
200.685460
188.159604
192.551864
193.992266
202.433004
202.768538
204.447251
205.032907
204.368126
204.276906
214.909264
214.873010
199.510048
200.152102
200.464644
200.086820
200.124141
201.894821
201.895821
217.714023
201.083077
201.083246
199.397495
201.483305
200.587510
198.777444
203.876402
201.348717
213.607622
201.319322
209.814406
199.488021
210.974874
201.367925
203.168905
199.440126
201.368312
202.032608
203.222765
204.170212
210.210083
209.743236
207.509613
203.623649
201.820392
205.494435
207.209230
206.196378
205.456350
207.399292
214.187243
208.740065
201.052617
201.926580
203.642158
213.086387
209.847943
205.258727
205.092188
199.291879
207.441256
194.891008
207.340974
201.088371
205.564665
208.651851
208.179169
210.398724
203.208753
208.369361
209.809791
206.629229
209.312400
211.582957
212.551709
202.484250
212.205183
207.289006
205.660760
202.532581
208.246296
201.923921
202.661366
206.778855
213.225350
209.840568
205.545627
213.608317
202.538286
204.879549
212.249844
215.943601
209.854083
209.798704
210.971838
213.876656
211.395317
209.775580
212.954754
214.099852
208.645536
214.705203
212.960250
212.778146
219.625731
213.922560
216.071388
223.475001
210.796781
210.283764
209.725440
210.981418
211.492077
209.829161
212.169439
212.964667
225.754497
207.289018
209.252660
201.850066
208.311951
217.801200
213.887307
212.138547
217.001781
216.837092
217.834920
213.942299
215.112521
210.828381
210.474940
210.516998
211.686029
215.432140
204.308061
209.496678
215.285975
211.318678
208.671137
205.900587
213.926469
215.104375
207.923108
208.010796
207.670632
218.778842
209.564200
216.546362
202.481228
200.462144
213.291440
195.956837
224.689849
204.000668
214.365052
210.966313
210.009713
210.026407
217.594726
215.042323
208.851948
209.015179
209.560245
211.465467
207.889919
208.447088
210.841581
207.750900
207.723632
208.531668
210.408070
208.408185
210.870289
210.577807
210.593429
214.720485
215.361146
209.223029
214.524155
215.416330
214.569387
222.921241
222.167311
220.231450
214.426635
214.596334
209.097925
217.837611
216.565817
216.187323
215.305601
209.255888
202.675449
208.902378
210.294460
208.900168
210.758296
209.181628
211.575597
210.123142
209.523682
208.969257
210.304331
209.183670
212.894533
213.042496
214.046309
209.091018
208.519157
208.253697
209.145336
208.253522
208.194031
215.455801
213.741347
208.077652
209.955949
202.556287
209.098228
217.967282
215.553544
197.153866
203.379485
209.900404
215.155905
214.319895
215.282157
205.441202
206.388176
213.679137
208.164644
216.170343
201.081945
200.949824
201.745838
220.029457
200.229817
201.955355
201.172098
207.322821
202.861861
200.158892
200.059841
194.848087
199.280589
209.428185
195.906378
201.017800
209.857561
200.330604
209.108237
201.912936
201.040489
223.158893
216.819919
214.710053
222.343935
221.998769
216.437699
222.037429
222.058357
207.611738
216.476922
224.917381
211.204405
218.635627
220.309800
212.907102
218.518893
213.239602
220.951674
214.659585
209.701890
220.312025
214.921655
216.822559
212.304443
212.413687
214.562091
210.550276
215.909281
208.472664
214.042193
213.956855
216.911493
219.998603
214.420578
211.356752
220.400508
222.454737
216.995330
219.229764
214.396714
216.541452
216.641043
210.874781
217.745722
217.847439
208.195060
207.823352
213.155663
218.822361
208.576742
214.243105
218.810453
212.516505
216.776407
215.249285
216.082860
214.432003
220.588382
210.819248
209.175051
212.555420
210.675376
219.379286
210.986483
210.891220
211.542140
226.488351
215.063784
210.541572
210.759088
209.282921
211.491906
209.940786
224.398320
224.337328
223.682776
213.529891
212.628751
214.154573
218.775358
218.431934
215.668178
210.338649
216.463998
218.554356
204.528407
207.864048
221.343097
221.242541
212.310768
213.139770
220.142409
214.127867
208.561569
216.188838
212.333791
206.084331
212.207572
197.179026
220.166619
218.665046
217.139065
216.179298
225.228212
215.460887
217.378011
238.356401
223.031392
220.547768
225.671340
226.384163
230.638656
224.460548
224.458852
220.384110
224.335092
222.237640
219.199295
219.524825
233.418581
230.624729
227.050579
234.148992
235.190981
245.221515
228.850029
236.974842
244.627480
230.058755
238.221024
245.505190
208.100370
201.209847
208.305157
209.832886
209.371556
226.343679
200.497976
192.907967
201.590371
205.468884
203.212893
212.180347
213.324761
210.208729
212.766471
214.389197
214.463541
218.870177
212.157209
214.615998
206.501441
208.297384
218.834289
212.197471
214.662701
219.998821
219.404079
226.701663
219.322344
205.493514
215.323113
226.574301
211.394033
213.987864
209.643638
210.882051
209.803918
223.461016
223.596556
220.782408
226.132507
223.554913
220.834209
219.279120
211.050605
217.436842
228.714887
218.344441
222.670788
212.340942
200.063318
207.513634
204.518585
203.636063
212.165047
208.716843
203.356675
215.419314
213.296268
209.782564
228.556704
222.138165
212.897816
217.560700
213.422718
217.290575
231.965739
224.819783
214.069901
221.507911
220.511421
227.572668
223.146119
216.446527
222.920913
228.738977
229.336449
238.195049
227.119598
221.006302
217.520043
219.211986
220.613595
215.103195
229.422053
221.490621
210.690758
220.992145
216.420508
228.357839
215.356930
221.480263
215.976616
238.162168
214.375177
221.759867
214.192198
229.349289
230.536708
216.030154
206.696791
211.543417
214.294530
207.368007
206.639486
214.795832
208.832176
207.980939
213.307229
211.339735
210.401197
221.542093
215.230899
217.490831
215.875667
220.154306
212.738102
220.196197
212.860218
215.858536
216.445350
214.181579
221.362666
223.297644
223.392985
215.182481
215.484376
220.270337
219.692982
216.427098
215.650288
215.945453
218.288309
219.293775
222.567766
221.720951
217.007907
216.319276
216.591504
222.288326
217.491128
213.327281
222.673433
215.072358
220.416024
215.852941
221.547377
215.138801
217.099657
212.020949
212.783675
212.599005
218.379592
218.861864
213.536549
213.345878
214.387581
213.106713
212.610950
213.522291
218.896641
209.064856
210.593008
208.075597
207.982172
208.323767
209.547884
208.117961
208.796936
208.494962
219.161696
210.103476
210.686973
210.828929
212.634131
211.530230
214.846084
210.481255
210.799255
213.757065
220.906699
203.514561
203.423319
202.956388
213.605108
204.681662
205.822205
205.264534
205.238846
214.465136
208.809916
207.651583
209.559874
208.356865
205.102825
205.686110
202.981692
202.887566
211.535558
212.270124
228.093315
209.127209
205.089685
204.506443
214.199310
209.006825
202.477394
202.383892
211.509791
211.674939
209.687776
209.852974
214.794970
217.045682
217.125032
216.120044
217.165487
221.110656
216.255486
220.115723
221.386917
210.131095
211.367514
209.707689
218.147871
213.930821
217.209400
213.924238
211.646373
234.844266
232.574776
232.832770
219.682556
218.516781
220.837057
222.739134
218.540203
217.969133
224.146319
220.492551
226.971427
231.902173
227.783381
215.835099
231.707981
225.942414
216.002390
211.421276
222.529201
230.467469
232.386297
229.304471
220.164461
218.624152
229.402651
224.297437
222.264302
218.595130
229.418804
229.697839
229.189823
221.615631
216.344642
221.557967
228.855661
225.666149
209.812465
235.747838
221.056257
232.325700
217.091867
215.348628
217.836308
224.526770
223.283080
225.115019
219.742907
218.080552
217.329857
224.469104
224.973221
219.107297
226.122085
250.518387
241.544510
222.985712
217.502470
218.566557
217.240600
218.079128
220.667124
221.836429
212.704038
212.799525
215.484032
216.402113
220.889389
227.135732
225.735038
230.945322
226.520332
234.042185
226.033133
223.119849
212.976484
224.930747
220.973514
235.872785
222.498526
219.723968
223.249732
220.654139
218.530164
226.016299
223.343620
229.366788
214.011736
220.754092
229.348499
222.650565
218.279980
218.944043
248.789868
251.458049
226.487608
242.078699
240.892020
240.117798
216.229998
227.864870
228.241415
225.588682
225.587174
233.835710
230.512475
227.864879
217.024132
217.051435
220.547579
217.243242
201.992495
206.970679
210.960182
212.756447
212.725066
217.537279
217.902711
201.134616
203.504071
203.733931
203.828697
202.906060
203.248312
212.981851
216.400248
215.663001
218.892061
211.960253
217.628104
218.865678
217.711817
217.569353
215.693203
214.822617
211.995668
223.184073
215.017119
215.090078
211.889101
211.804964
218.926210
228.163132
226.963365
221.673685
213.749859
215.802403
220.457860
220.791198
220.666810
230.915142
215.591463
223.337460
218.988300
232.125793
215.941705
215.092409
215.093041
219.163150
212.168117
211.634459
224.551672
235.418499
206.781279
211.429775
198.469512
198.274351
194.822609
195.802161
194.042404
194.751896
188.087683
194.995534
192.480048
206.883697
203.065167
216.262119
218.060400
208.365322
197.733232
209.499464
194.913512
206.495664
210.601434
200.241669
200.961638
200.209295
195.633296
207.785828
194.881267
199.671989
198.721653
200.427782
206.347520
193.231899
193.303410
198.866163
191.395025
209.953153
191.511296
187.845081
187.701344
203.558301
203.651892
197.347290
197.259766
199.547849
194.111295
220.084975
200.762173
200.020055
199.500788
199.012925
204.440888
209.815457
206.622323
203.686049
205.494309
206.205140
205.993193
207.363438
202.984374
200.389303
198.478664
203.629559
207.318894
205.752013
205.879237
208.032156
216.748137
208.749887
208.184836
216.747745
204.704171
206.533249
206.488016
201.727153
202.714604
195.890591
216.925458
200.297456
203.883788
201.068185
206.148247
194.069722
205.993463
194.003187
200.989027
201.976228
195.148363
199.553527
210.845682
193.252020
202.986041
216.166655
217.899678
216.896746
208.375678
212.384584
207.947806
201.005728
212.438926
210.629789
206.389956
214.897038
200.968327
206.352243
194.785813
194.039862
194.719423
200.700013
200.578633
200.791408
203.500426
197.307426
200.774112
200.589209
205.826400
193.966683
193.221262
193.973216
192.717428
203.363914
203.211079
187.352035
201.682306
190.460101
212.457359
194.902658
200.991809
199.900781
189.671236
201.152060
199.992145
194.063485
202.791718
204.975027
202.709798
192.274438
200.922047
199.869657
204.817438
204.066868
201.033069
206.178686
200.183825
199.198615
200.264123
209.731694
200.002224
189.109987
195.415858
195.241292
200.285143
199.937736
189.695726
194.136589
198.937039
194.405222
198.742720
191.523668
194.799458
208.739984
200.958542
200.145312
199.925067
193.419850
199.128340
197.914722
200.977742
188.884859
199.199290
193.278787
194.663048
187.829287
189.607796
188.864446
188.812676
187.791255
208.114481
213.649850
201.415342
202.485160
204.249555
202.432662
201.469216
203.174852
209.908648
210.998852
203.232689
199.550905
199.501707
204.981147
195.275249
197.770837
199.553310
197.724023
195.639960
193.223852
192.206967
194.914970
192.261139
193.189228
195.941418
192.943798
193.903426
199.352638
194.606905
197.219595
197.460655
199.277040
199.349955
195.957554
196.015437
199.108007
198.426528
199.563364
197.758386
199.615370
212.431534
194.162103
211.706053
194.962110
193.310441
193.236637
211.665100
194.005367
193.932324
194.700790
195.031270
194.303591
194.055526
194.018533
208.368043
209.185959
203.002975
210.533406
212.668822
223.693652
214.407619
212.629514
211.928253
206.445784
202.945462
201.030193
216.734917
212.432079
214.129393
209.518919
211.712161
212.392839
206.942699
208.931545
192.974372
195.567064
194.798828
199.207975
199.116588
191.429665
191.399158
190.702580
198.600946
199.601967
199.237617
202.983270
203.061765
209.489581
202.283688
200.948714
209.539523
201.406155
201.670583
201.897617
197.664940
196.639343
199.575934
198.319583
198.994474
199.337101
209.770645
200.199386
201.210947
193.159290
193.846193
189.503271
192.304850
188.415539
198.509590
211.308459
194.095935
194.923233
192.264833
194.000142
193.257292
198.566864
193.250517
194.955492
199.487222
194.718717
194.754765
193.874391
193.889186
193.926057
201.538783
201.787145
200.847074
200.497111
218.210118
195.645677
193.885227
193.239557
193.195472
193.236271
193.973939
193.265276
192.967763
192.967331
199.370465
200.504594
198.754455
213.776118
210.242587
216.055544
232.361402
213.827527
212.557769
213.782651
220.707804
220.735776
221.005921
204.344406
209.547923
202.439399
209.202352
206.970254
201.817694
202.942987
202.234098
221.709998
220.416036
221.738674
223.483140
231.222528
222.783439
217.269101
217.236313
204.014523
197.938217
202.387644
221.688116
221.655523
216.554072
200.349652
201.381184
202.868072
201.768652
202.219698
205.545077
219.920878
210.992577
207.240733
205.154677
215.267555
203.219882
233.232789
193.307287
203.692077
193.300489
194.478165
196.285587
198.535758
204.642190
199.621872
194.440734
204.069992
208.834335
200.336844
197.449071
197.445268
203.025873
203.009682
204.062939
208.838160
197.452699
204.018538
204.076223
199.512210
209.960116
201.487003
204.237428
205.077437
198.567891
199.690366
201.467993
209.954141
199.676526
199.552073
198.532441
199.641147
205.088608
197.940812
209.820668
201.279481
198.395803
198.408010
209.822842
199.445354
199.412458
198.471944
199.344457
219.410045
219.477268
220.233028
220.066644
220.302676
211.722664
203.333865
217.392494
205.208281
197.796416
199.668320
193.117051
193.026299
206.263941
206.382859
211.735745
207.337959
208.417464
209.713694
219.450743
203.251929
208.484747
217.309420
221.372584
206.998989
204.661707
198.485515
194.110313
206.668617
204.410442
206.097243
205.126133
206.477785
204.036562
199.442429
205.475851
204.864140
211.071473
205.749621
205.489899
205.448041
206.554159
206.410144
211.892625
210.963968
206.439136
205.473894
205.395345
206.442410
206.708648
209.173299
200.485910
206.501261
205.830306
206.579951
200.397326
199.088895
200.430840
199.046016
198.470135
204.611531
194.067184
205.637147
199.430494
199.415759
199.527702
199.482955
194.146930
200.082372
200.064637
205.415437
199.360015
198.729155
204.669323
209.869289
199.672475
199.810032
194.354512
200.427285
212.510349
226.678662
195.766372
229.714622
222.890848
222.977143
219.172728
208.978751
203.556911
211.276750
201.343235
212.471606
226.696228
217.846497
216.834234
195.000022
212.342014
212.318447
213.996806
202.935701
216.471326
200.304189
217.629424
205.725529
213.736609
208.392678
211.816231
215.607547
204.597816
206.704468
226.869595
208.330226
209.915976
205.826379
205.725480
207.669532
213.509148
199.641432
202.219009
201.440774
199.758936
205.243813
213.831633
213.747183
214.876020
212.417415
215.155563
197.732854
216.835623
204.546910
199.412124
216.283861
205.918800
200.753387
213.789066
209.495053
228.063803
207.890476
217.320707
201.323530
200.597639
202.867569
218.843799
195.994076
208.233290
213.674782
195.268669
211.301581
202.097512
205.918331
207.623760
206.868026
212.936720
200.378035
200.449474
230.902725
205.743580
210.694719
211.719607
214.056782
204.578556
206.480174
201.093104
204.969854
216.812036
207.452066
202.026845
213.274796
202.349961
214.428516
202.252385
197.118014
220.583849
220.673626
198.494649
200.151694
199.377192
198.448068
198.492881
203.945674
204.878620
199.480621
200.638172
216.989355
199.584969
201.310555
216.218795
200.461934
208.120916
200.477073
201.205546
199.587504
224.550978
224.552825
217.847792
219.129769
220.216912
208.146262
209.861669
219.318945
208.112606
207.139488
216.695774
208.223778
219.268954
212.458174
209.733262
211.293470
209.072285
204.065812
203.067943
208.728928
207.907335
208.562458
225.627455
210.322271
207.817547
203.069213
208.097800
203.200066
199.521183
194.223194
194.058216
210.855914
212.441099
219.343832
219.804114
219.851804
206.359230
194.444105
197.040198
195.205627
215.950514
210.043306
213.018124
213.691441
206.506992
205.495352
213.569791
209.801032
202.248006
207.554231
202.937702
214.202680
215.124189
208.326737
214.808092
207.980998
208.957232
207.986020
207.745101
207.017483
207.438335
209.669941
208.021869
212.486832
206.848348
213.600995
208.678599
215.550697
209.687926
228.051507
215.396164
214.097319
220.753433
205.579469
211.487705
210.674797
212.346396
217.343020
210.990635
210.962016
210.987876
211.688589
212.632219
207.989960
208.852651
201.465629
208.559620
212.805035
206.931639
225.881362
212.496672
201.865457
212.637666
212.695251
200.414283
208.453028
222.049038
202.767762
209.580923
208.152744
210.694418
210.659591
205.046958
204.932520
212.810412
210.999968
205.591842
214.163352
209.193909
212.882198
209.992810
212.555695
205.693445
210.808967
211.853160
212.539748
211.110459
211.583486
211.619150
211.004081
211.350614
199.692081
211.366766
205.171686
212.458521
206.935136
206.177736
207.795284
206.622069
206.466992
206.449371
211.999127
206.190782
223.791329
208.005071
212.891546
208.949364
201.560689
201.496714
206.915249
207.749440
206.944116
213.002512
223.874774
208.719853
202.189190
208.633158
206.192798
213.954788
225.913042
213.910110
216.736069
207.326211
213.837611
216.793882
213.526820
213.857212
211.940313
216.680830
212.098146
211.939843
216.722138
212.027158
216.707852
206.976146
216.741110
212.463660
216.128094
205.804240
212.736841
207.655704
216.043264
205.835619
212.484012
213.436852
200.409940
208.473498
206.815123
217.855093
206.669808
205.748625
216.728510
212.642936
205.739219
207.392089
205.771148
207.503433
216.807574
204.657284
205.753544
215.767739
204.696169
203.276182
215.494505
208.842840
207.347849
208.177512
206.431505
208.935325
214.856097
212.053520
211.029073
207.911749
208.916078
207.976017
206.983008
207.393260
209.624823
208.007909
215.107179
214.208692
215.231588
212.272141
213.290936
203.407654
217.427433
214.395394
208.715797
219.656723
204.909513
217.583620
209.887004
208.365631
210.217845
208.955131
211.570470
210.830584
215.180077
215.117789
226.269497
214.664706
213.642882
211.071204
209.638320
208.641090
212.372682
218.610906
214.387869
216.556827
214.606940
212.775313
214.656560
211.913894
215.852705
215.233970
212.797152
221.396890
220.710031
214.212141
216.385637
215.515555
210.312973
211.469046
217.561681
209.853025
207.216548
208.183343
215.772949
216.886259
215.302961
214.673613
214.391102
212.688359
210.920195
203.934183
206.523353
205.351275
211.982645
220.921262
210.475345
211.064364
215.333118
224.964987
211.938669
215.702228
216.949504
220.576222
213.727436
201.915939
204.498206
213.801524
201.700637
202.737547
213.941057
202.766070
206.425880
211.237281
217.059533
216.499699
227.077162
216.477686
217.191629
223.566837
204.270014
208.081102
204.516813
214.481315
208.984145
207.851424
209.788719
211.167913
230.763916
216.498696
210.086491
210.101142
197.840441
208.891554
208.193437
201.238866
209.891824
212.221907
203.025971
211.346397
214.414349
212.534515
208.936957
207.473039
206.639728
208.384018
209.258524
207.439868
203.198238
220.411804
222.140037
220.316430
222.104724
222.818893
225.443345
213.398104
207.767228
207.068534
215.657373
219.980820
217.860267
225.336034
202.755480
226.030417
215.403626
215.416848
209.425936
222.570749
212.880865
214.650738
219.678470
218.563093
216.192836
210.973479
220.070666
215.596709
210.718888
219.084292
215.285670
209.801563
214.277846
220.496372
214.950913
218.671069
216.688601
216.579742
219.347629
207.075457
198.748240
220.058018
204.375472
203.980209
193.581317
209.813020
212.088815
204.491954
197.668542
196.955293
192.455230
208.651394
213.596199
211.331216
221.832453
227.888926
220.642956
221.206310
227.113681
220.686040
221.321626
219.909284
227.415025
225.394072
225.985970
225.609741
209.249766
211.440488
206.476211
221.617777
228.897137
206.514214
198.089791
206.120716
210.568081
197.357438
206.446555
211.726821
219.681736
202.457495
201.750937
205.127995
202.451861
212.517316
198.051971
207.049371
229.009917
204.388591
213.392534
217.723221
201.335689
203.275503
199.045777
200.722367
211.785715
211.141464
205.219119
202.276307
202.955408
209.300098
209.404242
209.035562
208.610847
212.765792
199.004953
206.102533
210.504626
205.430322
194.905789
212.450827
212.891798
204.724927
206.525092
205.469440
205.791020
223.103240
203.298860
209.439615
229.010089
213.219505
215.524975
210.671745
210.030226
228.360063
192.578820
200.680566
191.800802
200.960510
190.108414
206.430894
207.220259
214.231701
196.945277
196.193047
195.257137
194.259612
195.050932
190.858546
199.942723
197.705024
213.220681
202.859704
197.097932
202.845887
205.602946
194.063372
195.986517
191.703994
193.466611
207.333043
197.776823
213.172046
206.227199
200.117593
208.006544
205.623700
204.473019
204.046913
203.350183
202.829096
197.875968
202.902090
204.785929
198.604914
201.466573
209.836842
196.059204
202.198598
213.337527
203.840643
214.903492
209.173629
195.209459
196.164819
196.859354
194.252915
199.264347
198.540315
202.858008
214.455073
214.557114
203.884355
203.097514
194.473869
196.265601
195.849093
198.560858
195.853229
190.101326
195.160318
207.150856
214.126502
207.240513
223.441012
207.220472
217.147130
211.663990
226.925407
216.431954
216.958661
217.817714
211.552299
216.538229
232.055999
228.044330
200.374869
208.507216
207.617642
206.830956
199.645766
201.350364
210.103229
201.364098
219.090639
200.293206
200.655585
209.881646
199.557070
199.616273
202.128772
200.242743
199.575706
195.963565
200.746636
202.005307
202.449062
201.332499
201.336261
196.283618
201.148262
200.632613
201.591565
201.402180
195.237755
200.733209
200.748092
201.418040
208.083288
197.062901
199.855606
199.922681
199.816569
197.002434
197.179761
199.766133
210.023264
198.854343
202.147073
202.383304
201.373445
201.430907
200.577031
209.832351
195.723123
202.491505
200.128527
196.166295
190.751753
202.878614
196.935204
195.050308
194.027283
193.367799
215.018953
215.096889
210.928891
210.885819
215.313574
206.715243
217.273738
204.359461
210.226731
198.100227
215.366721
214.220931
204.205471
202.529151
215.496656
194.408178
190.933873
192.852514
216.604796
187.760515
188.441101
188.790997
216.321521
216.278451
210.176807
205.063761
215.033423
198.804409
227.633034
219.460479
219.497310
224.276846
226.203239
227.589321
218.510297
219.271329
217.475773
224.589708
221.565261
217.616461
222.289678
220.293253
223.060773
218.919536
221.300975
223.077802
227.227014
228.393256
225.036328
219.532725
236.647565
207.090284
207.763365
206.296943
206.230612
206.974242
223.513181
195.961431
196.783353
206.837908
195.940880
206.817662
196.963150
211.648472
206.935273
201.790805
195.626033
219.822350
213.067750
211.969164
190.554187
200.242289
208.736289
214.148760
197.736667
199.196585
208.731199
214.611664
208.801345
209.934363
207.214937
209.098612
218.423316
218.388387
222.343968
216.079207
224.590929
207.969185
207.927629
221.595452
203.837814
219.237153
203.152725
217.543736
203.080813
202.314593
217.653200
201.858862
201.061125
219.785624
190.939495
202.085540
211.787740
206.020229
212.417648
218.275225
207.451208
208.721550
207.946679
213.788581
220.466350
221.217028
205.548857
210.272066
210.270155
206.885798
200.713732
212.892283
196.389123
215.684302
214.799522
214.519947
209.509910
215.432523
216.295429
216.002941
205.082103
214.293496
229.812464
208.207346
218.375242
213.549292
215.279819
214.340333
216.114022
213.677231
206.135024
211.421201
206.345031
213.710697
213.037123
213.535038
203.886001
220.502741
225.774173
209.594034
217.061006
215.131536
190.650119
188.883299
188.909902
189.647205
190.668507
192.211566
196.864713
196.029482
195.781345
213.527676
197.515572
213.170575
207.886405
208.920840
195.859705
196.079733
192.223974
201.079914
194.914801
188.816359
185.400398
183.685944
194.841743
201.996874
201.624462
200.978290
202.064133
201.655564
200.962151
200.371116
194.205948
199.744284
205.849166
224.053456
223.428834
230.830603
248.549135
241.561339
221.274943
213.152006
209.899371
209.168324
225.107678
226.597565
225.895979
234.269873
224.552675
229.988569
230.258758
230.171790
223.528558
232.606047
229.462275
212.358220
211.689504
211.699742
233.578675
225.258295
230.988435
218.887171
210.550066
228.327327
215.312322
223.795098
206.978871
225.576350
222.354791
211.339847
218.940543
216.268517
232.861795
221.661082
216.232096
219.409563
222.477441
213.907806
208.551587
203.128320
219.635150
197.740404
207.778629
209.563103
200.281221
200.186672
205.492367
206.311845
211.448404
204.869468
209.334577
217.837994
204.225832
218.120990
211.405954
218.468971
203.856776
205.003779
219.025997
205.447075
215.110611
219.125932
230.061611
215.318706
209.501270
211.049838
209.275947
226.467917
213.926140
221.363080
220.758337
210.901335
200.313603
202.152804
206.126140
212.645486
211.248077
213.960282
211.263783
213.331887
209.489046
208.549003
208.210934
209.768360
215.017492
210.362338
214.028530
219.673054
206.674498
214.883701
213.109231
204.113635
214.636916
212.078752
207.680905
212.163782
209.780632
216.377867
216.461459
214.426766
223.957209
213.640871
209.276069
223.943310
219.622990
209.938918
208.391381
209.212306
224.512825
217.763773
203.147676
208.911455
218.080218
209.523622
212.228200
209.591626
207.319131
209.068322
207.503610
213.213564
207.276485
208.239858
208.752120
204.446713
211.478654
217.379810
203.840639
209.468850
217.863828
204.352903
215.939754
213.927932
221.373004
226.444516
207.155584
200.099930
209.075336
201.213879
210.809725
212.055512
218.446914
214.116536
212.185439
212.218898
209.855704
225.162087
194.328436
194.388303
193.957337
193.226228
193.958300
201.318706
202.090119
201.378347
211.526511
242.733111
251.714173
250.638012
242.733139
251.671669
247.073752
246.991220
247.030501
249.492076
246.991788
247.028975
249.444616
247.028955
246.994198
247.032970
251.716882
250.637446
242.733730
247.074344
247.028605
246.989312
262.006455
258.542921
259.616365
258.541782
259.576156
260.739859
260.593553
188.608384
190.371453
191.770652
196.642460
195.629329
195.001438
193.988199
196.416967
195.701487
194.859099
195.665336
193.973056
190.465340
253.752773
230.494019
227.190464
239.271746
235.531084
237.143412
235.538337
237.380108
226.428061
241.656548
229.876973
235.391522
224.539226
203.386781
204.174862
204.961546
215.464352
236.596290
225.041216
235.347493
223.611148
223.653900
233.892729
238.566396
217.018577
223.253015
215.030736
216.255259
220.374636
224.389165
221.239573
225.740127
221.647485
243.178934
227.339673
223.936944
226.293065
215.672094
216.852163
220.974075
226.928762
221.021587
225.089271
221.784337
220.129744
230.388889
223.430202
237.338220
222.288979
226.764643
227.400792
242.591963
218.355667
214.261743
218.787640
220.364127
228.267351
238.136194
229.225928
234.719282
231.005584
231.006610
221.373233
224.709831
226.250836
233.540648
216.444997
217.628229
221.751868
221.758427
225.870733
222.519531
220.129233
223.389754
235.013214
229.500092
234.802328
226.052835
236.236931
227.487960
233.561975
220.969875
213.418099
218.995677
207.801461
221.643002
222.900945
216.310144
223.512324
211.805383
228.621396
235.159748
230.392343
235.149713
232.512924
230.150230
237.552427
230.596435
235.618629
230.224246
237.897509
234.437079
236.814173
232.811594
226.698186
236.990946
236.939347
234.611600
238.959279
229.216352
238.107670
235.593615
237.972704
226.723662
224.856109
232.133734
227.840703
230.100064
225.690301
235.972894
235.923148
232.244353
227.871618
230.130620
215.011824
217.280487
227.149453
227.187454
230.724356
225.176975
221.729602
230.873436
230.904543
243.367700
223.063628
226.681505
233.970176
242.353029
222.314704
199.222196
192.548345
193.031544
193.307265
192.192228
191.503673
193.345500
194.059938
192.898434
193.903131
193.246982
199.275395
193.736000
194.013132
192.228431
192.878378
193.893225
193.353131
186.949416
191.440618
188.760601
191.470786
186.319566
188.095103
187.032419
188.695363
187.730715
188.697313
187.062415
194.434780
194.801405
195.114708
190.953420
195.882030
194.845549
194.845724
193.332919
199.291280
192.546663
193.012157
194.355368
186.096421
186.117120
187.063468
192.316412
188.770331
194.764364
209.934157
183.801709
185.575197
184.835772
184.652706
183.647985
183.661433
189.002011
188.906311
190.695233
188.965554
199.253757
192.719137
189.945374
191.674221
213.449769
211.562473
193.207229
194.939827
204.410997
192.752476
195.301379
204.496676
196.029829
193.942556
205.141305
194.275361
205.117624
202.665906
201.228840
206.528290
203.346256
201.910636
207.196805
207.865317
220.159418
196.510178
192.602878
194.241896
198.369113
198.561467
194.959056
207.230803
206.326093
224.714817
205.546302
189.699932
189.748707
183.645082
232.558923
226.082239
223.928021
204.736308
206.948106
224.495455
186.349901
187.970331
189.612077
182.041127
186.362826
186.950017
187.039251
181.007975
180.986404
185.568073
188.098655
232.102218
244.044574
242.666035
246.907380
242.651321
210.986122
214.410045
219.780318
223.606334
223.681214
223.222880
224.009358
226.288404
223.973215
225.106536
219.100941
212.564800
227.397079
228.352080
214.726030
210.232402
212.956598
211.802749
215.228712
215.999268
213.496498
209.021483
205.118519
216.297117
208.569797
205.453407
205.385455
201.717339
206.109471
206.790407
214.602806
208.419552
212.783450
206.905774
206.199158
207.969816
208.874275
207.699292
206.887883
208.576043
212.905959
208.057888
208.092722
201.495959
212.970031
207.555200
211.856259
207.713192
195.983991
212.355970
204.670552
206.196446
200.349279
204.714586
209.921247
201.804118
219.040938
209.970700
225.887440
226.017915
232.988880
224.094612
227.519631
224.913370
230.216032
234.483782
233.101242
218.054745
264.854725
261.868321
199.127007
204.358086
201.879210
200.297935
195.318877
198.412758
200.633247
206.451157
199.533195
199.533209
201.804460
196.374209
201.742603
193.362579
191.604493
191.588782
199.585492
200.382909
196.877604
198.617494
196.817488
194.643155
193.969442
198.354720
201.104546
201.467008
201.743361
201.099495
205.476176
203.738160
208.889996
208.338792
202.790216
197.699098
210.006229
216.959366
205.160225
216.973321
214.046731
218.334633
225.662548
217.216737
211.961254
204.434661
209.030722
211.260007
218.305579
217.214440
214.156354
212.642671
212.669425
215.724545
214.376504
222.494912
209.229529
206.786021
204.633165
202.192786
218.678215
219.498320
219.604199
217.555970
217.462429
216.067765
214.564069
219.100791
216.020293
218.337768
201.848118
202.739874
207.433994
219.240236
220.361767
211.997950
208.640837
211.490585
211.384764
208.550755
214.889329
207.277368
212.547501
219.549942
216.888221
218.831504
215.960876
223.146207
218.489185
223.876015
215.869479
230.649531
233.586823
227.724410
224.627139
225.441639
223.344715
233.628539
228.622255
212.630016
208.950950
210.790127
218.981030
218.247467
204.506380
220.093731
213.431622
221.556199
211.786872
216.197121
222.336977
211.776508
232.449867
216.182085
220.078167
225.234375
226.405664
215.971968
213.627152
207.493336
228.755816
210.391158
220.763099
210.167025
211.055206
211.650297
228.988585
210.654721
211.615121
210.583122
212.687312
220.748318
211.357570
212.129386
227.186091
215.122529
216.098580
214.449449
211.604682
213.911521
211.504543
211.458255
216.327621
213.528998
211.268596
216.317822
213.071971
212.877940
211.325609
222.025918
228.094819
226.769906
206.602406
214.746529
207.314972
209.915934
208.617713
212.961723
203.620436
222.917904
198.406189
191.634256
191.973650
195.313427
203.627037
198.343622
192.556796
186.467975
185.625872
225.736734
202.950484
202.978756
221.689091
208.472491
203.805965
205.044096
204.452732
203.186776
201.355346
211.365888
207.745344
202.785623
204.080425
203.463148
204.211994
195.211139
197.465403
195.771861
194.218352
199.190175
199.263750
198.437301
190.779843
198.504475
193.160057
201.096543
199.631924
207.282245
211.072839
212.913840
201.314599
214.310192
204.616739
205.209605
204.777924
230.017270
202.896552
208.354058
207.714074
202.991203
210.087531
205.679859
203.442555
205.097098
207.357805
207.914487
215.554807
206.801099
220.423190
228.805820
211.385148
228.035989
210.573602
217.773423
217.071194
211.587756
211.312528
228.210340
211.815121
203.629656
209.160965
204.019289
210.966341
208.027421
204.655133
208.372202
207.237377
209.470724
208.967838
208.108396
212.227418
207.201501
205.116589
203.636916
205.310014
209.883252
210.971064
208.090721
210.989798
211.786053
211.095743
230.680515
225.194855
214.180479
230.629284
208.362338
214.434099
238.112836
246.657059
234.284341
227.831668
227.438218
226.806674
212.035690
209.460038
219.580652
204.035075
230.157885
217.224654
217.060725
201.623436
225.731777
225.007409
212.165748
205.949554
216.455981
199.945386
204.271694
210.444107
217.652090
202.208262
206.536081
212.752724
211.635060
207.594117
203.841277
210.562475
209.223036
204.307449
209.885102
196.925025
204.802678
211.276658
210.329673
209.175753
205.477047
214.864893
205.962893
202.077048
211.657689
207.581355
208.318779
203.006111
199.327440
208.652971
210.112486
208.494476
223.909079
225.611562
223.623336
214.682182
216.299702
216.272072
210.191615
220.473916
221.804489
208.460644
208.224752
218.723160
215.327310
203.039319
203.151560
213.403548
201.423709
207.431288
203.079821
201.333389
219.707847
206.383459
207.641703
201.332359
218.138744
195.917698
203.820245
196.210385
209.028594
195.970407
196.335788
197.879015
198.889719
205.466427
198.048376
197.316893
207.443666
198.245251
223.292009
216.162397
211.992815
222.556580
206.864132
212.246738
216.961763
213.058839
232.200006
213.093321
212.246962
216.927471
226.374329
228.090446
204.126617
205.137249
204.539875
208.852415
206.351093
205.744661
213.798694
208.826352
207.760902
211.702503
211.828166
209.271731
209.343506
204.150785
203.132045
202.169489
222.185336
209.206104
208.179021
207.191510
208.451294
208.736293
214.582679
208.776309
215.065354
223.591968
201.496549
206.064412
213.986869
229.829657
199.284424
203.034577
202.267755
209.233713
211.282336
223.064364
201.076025
192.990920
222.410311
214.432805
214.449090
212.805576
222.297661
218.860163
203.024085
196.921517
208.002578
200.895503
200.898904
190.820424
200.887343
205.875741
194.826660
200.249464
198.680984
214.894894
209.856240
209.859606
211.262876
210.960663
211.020631
223.143825
213.281620
213.220402
218.459197
204.962069
215.307790
216.721296
210.555167
205.733005
211.897200
207.237328
208.896883
218.021378
222.119657
208.212285
214.254145
209.923683
210.490595
216.838300
224.154957
227.641284
214.212622
208.825327
217.575519
230.100345
227.024365
208.674695
211.817164
225.677456
225.652909
230.566221
207.400354
217.956376
213.061724
231.413803
222.086528
208.216412
214.219762
209.927039
210.492045
216.879122
227.634810
214.241165
208.829842
224.781250
217.585455
230.064797
230.779887
237.342614
230.820576
209.702084
208.692719
229.574359
187.837416
187.817242
182.133900
187.881812
187.921592
181.191896
209.592009
202.569856
211.530807
208.791773
203.596656
200.906806
196.753454
205.110534
201.742678
201.050091
198.616354
197.955069
210.539154
204.826103
204.166333
197.801232
198.847716
210.723497
195.342506
196.092952
195.379711
226.751849
233.820705
224.497420
223.579416
218.670428
218.674799
213.755583
212.887169
204.778592
209.886819
204.923205
198.504260
200.307524
208.763356
206.531550
203.782510
201.184801
204.858485
203.689879
202.073638
202.372867
201.982322
206.521418
197.941487
204.544164
198.814849
203.429251
199.544113
194.125218
200.916341
206.937975
199.144433
199.449484
202.630280
201.645941
200.004582
198.112482
203.624286
199.495274
194.192938
199.156386
209.101302
200.988783
199.483352
201.719238
198.584318
200.195548
193.208559
203.715934
203.697261
216.509200
205.434525
199.978998
204.501269
198.202213
207.853724
213.763819
203.411149
207.967810
212.686000
212.029246
211.805881
211.043960
204.589007
193.126773
203.601614
200.404487
212.488819
202.092724
211.404012
202.140052
200.376265
194.888113
217.624963
201.766610
207.894250
201.203162
216.992846
203.466163
201.824355
199.870274
198.419046
201.617141
199.977362
199.920525
206.534686
202.114844
201.710533
200.266700
199.241195
201.717158
202.102714
201.660406
217.702132
201.330591
200.972169
199.917701
201.388363
202.071717
207.275119
206.949896
207.001962
207.019150
206.321766
202.753589
205.878740
203.432632
202.850023
205.407434
203.792716
214.235168
204.166468
202.189425
202.955162
204.248156
203.633391
210.069044
204.585282
206.115154
204.649480
206.532886
200.367737
213.198779
205.431849
204.639266
204.584671
200.179352
207.328482
200.928475
222.286114
211.223883
203.445425
223.947724
212.627170
210.485107
250.984263
216.454576
215.547075
211.475529
232.652850
217.632899
215.772946
218.911778
229.028668
207.177991
235.229587
222.494317
218.672398
219.491512
213.334731
211.718393
213.245487
250.914002
227.899641
204.991834
233.416333
221.358618
214.598631
217.535276
216.295714
210.464351
215.936908
204.728162
202.098895
202.683355
201.483437
206.788260
214.408800
211.003692
212.629402
218.583315
223.193156
210.358093
217.992056
222.484389
210.152242
222.095376
225.869547
233.563558
225.921793
232.380912
221.873835
214.333787
218.391562
214.907479
212.552877
218.501163
223.144596
226.876565
210.197778
217.866392
222.359745
226.240956
210.111245
222.051888
225.397140
229.192085
223.431221
223.482172
211.678239
200.922061
197.599657
197.833874
212.286835
219.352757
214.309711
215.157602
203.416562
201.285094
196.955817
206.091746
216.352748
197.968272
199.465457
197.667683
202.190407
202.888058
197.918799
201.434254
212.352953
219.365544
196.904324
203.161337
214.121685
209.363304
204.844703
215.286068
212.540862
216.908618
212.191274
212.501692
226.317283
216.855309
212.100364
206.706729
213.876108
202.246961
202.993509
208.861913
197.957454
198.705397
202.967337
202.225310
216.269516
216.193853
210.190042
204.094048
207.788151
202.408776
213.461736
208.877535
214.558568
213.413148
226.744320
218.936458
209.034052
204.838456
214.906859
214.092147
208.733187
202.544852
212.414430
214.351032
210.411789
206.783130
217.274496
205.656126
220.239844
211.175563
220.043755
200.440341
199.318536
216.168085
204.375006
214.464831
194.245600
191.030079
200.173972
215.179510
191.620110
201.796739
234.419055
190.003580
190.752496
217.179993
214.137913
214.387974
193.795740
211.680597
212.308228
202.933649
196.053221
196.818632
189.897380
201.159767
190.663081
200.900006
215.863339
214.142590
211.268314
211.311144
210.448544
208.774950
213.847632
223.231565
205.669720
196.971752
207.322795
212.616696
206.383732
196.228671
196.171411
197.945908
222.476965
204.836115
212.983373
212.145350
204.140215
203.307350
210.253719
210.406477
195.125239
197.044303
196.341485
198.894396
223.535166
211.656219
210.805234
199.801267
223.803213
204.127087
209.560516
210.342900
196.290846
212.758255
195.393599
197.168401
203.014268
202.169968
194.810791
197.810722
189.887879
194.332565
194.847069
187.978742
187.941155
182.038110
199.329778
207.282346
196.943200
198.800061
192.628967
195.257221
197.077412
200.338659
190.905684
201.319635
201.379716
201.921141
188.999805
187.953611
191.623198
191.855837
194.131379
185.531437
194.257624
188.295685
188.916020
201.234713
202.392030
203.788850
201.266294
204.314418
196.230772
197.169716
199.785924
196.802949
186.553899
195.746002
191.606310
196.288229
197.664983
185.532264
189.892345
198.884872
210.243558
193.443673
198.824293
193.488815
194.021247
208.098739
194.344366
195.322295
197.079198
202.869031
202.823271
216.133857
216.211020
201.059908
201.160056
201.994016
195.807741
202.257474
196.750581
196.776936
197.781873
200.799817
195.433706
200.193789
198.955703
193.487239
192.241656
208.402533
192.966948
208.367990
208.004505
198.675872
197.703356
199.873657
198.568819
206.878965
199.518126
199.354389
198.637125
194.195521
209.156734
210.117785
207.270400
206.603524
191.452067
192.497121
202.370967
198.469019
199.206475
200.115269
199.519489
200.287116
194.871359
206.456628
199.155077
207.501120
200.186676
206.588661
201.285307
209.777409
210.661933
207.977447
207.265641
205.691943
205.433325
198.480551
204.668449
205.689149
199.074385
200.044724
199.494447
199.546765
194.132560
190.787195
188.942761
192.215198
192.889800
196.741984
202.980607
205.111672
205.447979
205.415493
212.072695
219.391692
200.939932
213.055909
196.306527
194.385853
195.487867
194.963922
204.531946
213.070197
200.312597
189.766070
198.512761
194.924442
199.718185
203.948308
202.756632
194.207513
202.551618
199.420811
204.355892
199.417099
202.033324
198.833584
196.564727
206.900110
214.287929
214.365060
198.481648
200.975869
199.973497
200.429575
195.957947
194.870776
195.042578
196.636755
197.878491
202.214487
205.385833
200.523879
201.576724
205.516387
200.187398
208.061414
205.442230
197.433464
198.426350
208.944882
206.799553
206.191004
205.578342
203.933966
197.599728
196.587215
203.568450
201.586302
192.558458
196.019126
195.029865
208.034469
221.442210
202.305278
204.012959
207.202756
204.564778
203.657531
205.761659
198.288903
199.204050
204.600120
206.166328
214.888455
205.498107
195.826996
195.588635
193.064139
220.198124
201.129071
214.304618
208.618180
209.665606
216.278800
218.783397
216.219857
218.705491
198.604728
200.464841
210.349722
216.097016
211.600110
203.173478
207.768377
210.540747
210.400819
224.506436
216.150611
211.760981
203.941595
209.077592
202.105075
201.333008
195.123226
207.607289
207.913439
218.639790
219.097867
214.618429
213.811611
204.933357
220.154022
218.693304
216.313417
216.364580
208.130661
203.195829
205.857056
214.051477
208.753444
208.598871
211.757111
212.909543
208.048347
215.595855
208.648328
210.891775
210.136453
207.725952
204.842810
208.494268
213.081947
208.093840
203.736185
209.146850
225.252488
207.494776
206.740129
206.365851
208.409936
209.760980
212.409668
208.521868
214.445145
211.089906
214.702817
210.605081
209.597380
208.848542
205.961440
209.610983
218.295058
209.529682
210.196664
204.855088
209.630698
211.927152
207.516867
209.679546
215.891515
209.749589
214.686327
205.687002
211.838335
216.605033
214.231704
209.769879
216.969345
216.700623
210.678890
205.011769
189.617398
190.003619
195.061819
195.524280
194.684022
194.233209
193.262555
194.580224
189.110441
193.438075
192.387154
193.309312
194.297525
195.483590
194.041309
193.055913
200.406540
198.932793
195.102693
199.201693
195.058085
194.960947
195.165982
194.149434
204.625788
189.802882
188.062486
187.058092
203.711553
209.101122
209.080309
202.039070
201.052865
201.339206
207.311336
208.124573
201.665907
201.198863
206.284683
207.339611
202.261335
202.909778
203.502534
202.298094
201.074414
200.311825
203.737889
202.959378
202.209410
201.132259
211.446824
199.601709
207.788917
199.577543
195.885489
206.896277
207.310921
194.827133
202.022073
211.264041
208.643169
199.424012
195.054497
206.234240
207.821244
208.253585
205.296621
197.670725
191.723767
201.889197
194.079083
196.028266
207.279153
203.021345
206.534821
200.915582
200.262977
205.479590
200.991055
199.429276
199.369514
201.295701
205.390171
200.197760
206.500717
194.188685
199.085152
201.988233
199.457199
199.468583
194.095280
202.207037
199.536108
200.247256
207.363538
202.755084
203.295604
203.922910
202.726824
201.832690
206.665702
205.922761
205.804507
204.732903
202.449480
199.196904
200.207636
205.674669
201.286008
194.138723
198.482033
190.751410
195.189038
193.288883
194.910304
193.950159
200.110199
199.322661
195.640246
188.766751
194.124269
194.145720
186.419317
190.489224
188.895560
195.739715
193.249127
194.332576
194.953404
194.167270
199.392916
210.163616
206.193446
205.434129
203.533663
206.470034
209.190178
205.990373
202.367894
204.623800
217.721575
207.464948
203.065304
209.168548
199.147337
199.489291
194.117787
194.323392
188.960212
199.527742
201.119598
200.393713
195.476394
204.561797
194.949320
199.231719
212.273286
207.188809
207.384693
195.104077
203.232132
198.273204
195.176945
203.296513
200.553342
193.397427
192.402100
196.728856
196.001574
216.089303
216.046206
215.262153
217.018362
217.011646
213.777685
223.538922
222.395664
222.345308
218.851057
231.759120
217.181719
221.394685
220.525382
221.631389
213.366262
221.452192
214.897607
213.059333
206.476393
210.740105
207.507947
202.227915
212.987369
207.624462
201.141399
217.214866
197.086345
206.228771
200.204003
199.562390
196.806970
205.218703
198.463094
197.648484
206.797757
205.418998
199.341545
207.425081
214.074688
213.028299
203.509892
203.092926
206.985781
201.281678
200.216696
207.233014
200.093398
200.611920
206.240878
200.489959
195.746108
195.612209
199.923306
196.627867
199.266586
205.838808
205.410831
209.222169
204.867241
212.655309
206.436421
207.296008
201.314419
216.825820
192.731030
201.171130
195.085710
196.775366
196.067840
191.744696
195.136757
194.737475
195.807009
196.090921
195.863688
201.153870
194.913302
200.251501
203.566790
185.598089
186.217619
186.931454
187.275804
192.158129
204.514087
187.016934
187.333910
186.280245
185.584166
192.177858
180.859483
193.337359
195.761927
194.715403
194.052206
195.114209
192.382646
194.787850
194.018480
193.035232
192.949934
192.813283
194.619475
192.090413
223.789962
223.674014
226.381591
229.658906
229.626608
229.883936
226.453462
223.080387
228.639025
227.993666
221.295179
221.211052
211.729924
213.257353
235.895737
235.870240
207.253591
206.233493
215.182058
215.283858
215.916643
225.782953
209.374136
210.167596
200.743078
215.917414
198.853018
215.081393
202.212048
201.470998
198.252016
204.463796
213.468409
206.957394
233.652411
204.407807
206.898774
219.741394
204.332800
202.526856
222.469660
222.342555
208.276905
186.693973
214.002969
221.251736
227.492503
224.621009
222.969181
224.680332
227.371251
227.638766
217.957628
230.425420
220.831675
232.753975
231.474883
228.797312
225.207509
231.986402
225.370015
225.982136
224.577568
229.512528
202.614156
199.785928
198.745356
199.114509
205.171086
197.353416
194.634285
199.842861
199.774424
196.555933
202.935592
214.033007
218.078582
218.844535
208.359682
224.601130
221.981841
227.114863
228.782608
198.733410
197.736590
199.732905
184.698214
217.703941
217.781687
215.932488
216.650023
216.814014
214.548277
234.537043
219.569101
223.150334
224.377823
215.702697
225.888702
202.677062
210.633297
213.827548
221.398191
220.615944
212.444455
213.258679
207.034273
226.580812
223.415686
221.307697
243.941272
236.035747
223.084016
221.380775
223.745579
215.107611
214.293995
218.099948
212.648375
212.647218
216.337786
219.422645
218.699190
195.663643
195.035138
211.176624
204.942247
196.260229
196.894145
202.401046
197.032801
212.471275
198.727863
219.297017
202.879809
203.268225
215.318624
211.959831
199.980202
200.632754
201.685136
196.019925
196.118991
215.544357
209.781978
207.544880
206.262244
208.189499
201.008307
200.697794
216.289951
205.020483
204.986794
216.203001
216.982648
217.038829
211.609357
216.781845
220.526470
216.842972
221.206015
216.010920
220.452083
214.974311
216.887189
231.313736
228.300017
197.148838
196.908300
196.906276
195.787341
197.839153
196.931604
198.692849
213.797895
213.532700
207.248344
225.292749
218.144550
217.184885
223.717674
208.296047
209.702462
219.886449
222.802319
227.022545
228.912917
227.028724
214.981420
220.480227
221.710436
220.949999
224.918201
222.824065
221.980096
225.664905
223.940207
221.759549
223.329548
223.459095
216.201503
215.398181
211.162103
244.371487
180.944226
195.702530
192.310158
185.509513
189.938633
191.551831
191.356752
189.784047
182.030991
189.712296
182.025613
191.344983
191.700114
190.029527
201.129347
235.689901
225.764282
221.085791
236.875591
225.856569
221.178081
203.083444
203.798360
208.061771
223.081977
225.996081
204.687419
197.928716
203.615127
209.946649
211.147012
239.127911
235.387688
237.509339
234.016253
236.019981
230.522616
208.939789
209.738629
210.224906
210.795951
213.748569
211.307142
209.466602
209.627783
211.890987
211.306646
210.817692
211.514726
209.990852
213.777255
220.415091
212.819281
217.352017
213.193450
211.617205
216.151180
211.229787
209.432500
210.318521
222.222141
222.737959
217.778180
209.607274
211.204659
223.765815
215.104099
213.392996
211.017673
209.017672
209.740062
214.591856
217.328646
212.830948
213.792033
208.306305
213.752726
213.704292
208.148318
216.106742
213.660033
209.832054
211.639556
212.763311
210.820588
212.075002
212.043005
209.699357
211.263951
209.108916
208.023603
209.139763
210.008120
208.949164
214.338169
216.221700
204.880521
219.182735
219.848774
216.066496
214.028803
207.533720
208.458160
206.380866
203.609223
212.576962
210.927707
210.056570
209.317336
215.885834
188.852605
188.991808
190.904007
201.082232
214.511226
211.196259
192.449011
193.153552
192.546278
193.427963
213.289349
200.978863
199.887350
200.068503
195.089268
195.056112
219.454203
211.382658
199.393697
207.692994
207.350465
206.705804
201.106018
213.132319
204.936039
203.087967
213.508599
201.375680
207.119982
209.863323
211.392273
210.204048
207.104956
213.597361
200.339168
201.082909
211.552026
212.136291
211.023141
208.413531
203.403072
205.365619
205.267617
207.445069
212.453046
202.524771
207.466779
207.273543
208.181901
215.824145
207.229354
209.856769
216.545034
210.760664
217.190475
205.752958
208.200287
207.414312
210.452379
207.319300
207.585791
209.237524
207.503803
190.732905
189.642374
190.825398
191.483026
188.590983
200.879166
201.757309
194.845950
194.553814
199.035605
201.703793
193.748817
207.301000
199.091997
192.264074
194.932466
192.239705
197.526192
201.005189
199.409949
200.197368
191.312891
199.124289
201.665572
199.120871
193.745623
193.438478
189.773801
193.576780
191.007786
193.402435
194.154114
192.421304
202.844020
203.428790
201.285247
206.704429
209.243550
206.281394
194.022669
195.102325
208.517654
202.085222
199.491046
202.746610
201.488874
201.550794
200.527359
204.816373
201.302483
207.788291
201.698611
202.360053
202.174587
201.247327
198.760298
206.059845
207.373683
202.086398
202.671652
200.527757
202.533897
193.825054
208.039335
203.370562
198.509576
193.081246
194.136139
200.318439
202.447367
193.774267
220.696276
200.224506
192.181367
194.055182
192.236376
199.456929
193.988137
195.057019
199.205806
194.776682
195.801091
199.422741
195.909765
204.788923
199.246038
199.475603
211.720990
198.124692
199.851285
190.758486
198.442283
192.237897
193.207503
198.422589
192.235071
192.940001
195.012560
196.776269
193.382655
196.923180
194.534046
198.117832
199.845511
194.887580
199.415082
199.356212
198.532213
200.380300
200.247918
198.099433
196.699747
198.453225
192.936836
198.539547
194.741855
199.455355
195.858020
209.944814
197.777277
199.421994
200.196850
199.294422
198.177934
198.181124
200.992262
199.277666
199.921261
201.734152
197.483619
198.531909
200.225204
201.111978
208.791042
199.575485
201.072370
205.883125
206.612118
199.491973
201.255905
198.283309
199.384068
201.824234
201.005283
198.232526
198.508112
198.514471
200.246748
202.568524
202.012118
199.471694
200.228546
200.211670
196.891324
213.226655
212.659488
220.110700
231.063670
235.204053
231.028437
233.902976
233.376757
237.330218
234.719524
237.238853
218.852640
230.928586
230.920281
236.454391
230.545762
219.636286
221.791252
230.580812
208.537519
209.818692
221.658881
209.163521
199.476436
198.750266
209.757809
221.230900
228.795040
230.184373
235.885056
236.796196
226.408283
222.566497
225.813095
221.959535
216.004015
211.631326
224.317297
227.201342
228.385647
225.281776
234.255868
203.121060
202.107032
206.845305
206.458413
205.625324
207.740303
207.579131
216.949406
202.677787
206.188627
200.326960
211.661447
205.385864
205.623658
206.239908
206.463099
205.214605
204.514842
208.065563
211.759079
210.409726
213.421249
210.699072
211.683787
217.757399
207.383596
220.539101
212.077767
201.549309
201.541114
200.524350
198.112394
206.529427
200.518453
200.431271
197.082414
208.256896
208.602804
201.669205
195.481596
199.498168
199.444483
204.613627
198.040943
206.141149
198.781910
206.164302
202.303630
203.855661
203.089362
201.320799
207.325872
211.619514
201.341328
200.313847
210.455668
200.245419
202.088094
201.159818
216.781229
199.697619
197.116116
199.558613
213.691843
199.316512
195.192370
198.961375
206.657491
195.142928
206.641210
220.933720
206.582872
199.939571
208.009843
200.669995
208.022654
214.492073
204.302219
203.233484
206.860103
204.273802
205.016233
203.311675
212.774274
201.341237
205.112719
201.290178
206.128205
204.951343
210.918623
205.227056
210.112371
210.407443
209.410898
212.708465
205.302802
218.153340
206.265416
194.471497
197.028700
195.134797
195.191353
196.983159
206.221554
206.221923
211.716058
212.135967
186.275154
187.908935
187.219611
193.976413
192.260175
205.385943
196.888429
196.621059
195.940933
215.983095
209.596992
204.214099
211.169450
204.935905
202.910201
200.242208
198.398391
194.108057
193.422418
198.832480
200.505778
198.443335
192.521040
204.681122
192.512862
199.443821
198.434389
201.989684
198.525385
203.691486
211.731750
189.835905
200.900547
190.600650
201.654198
198.611456
194.267185
195.031430
195.304508
193.505792
199.712666
200.138364
211.872287
198.966810
200.258227
193.333503
193.574148
195.779304
193.228756
193.927017
188.859519
199.099779
189.115652
188.068928
214.276233
207.853377
209.114174
209.466772
205.301554
194.267476
194.992142
210.496707
205.378610
209.701981
212.885727
202.241409
216.592839
209.543623
209.694843
219.711514
200.696535
220.829852
195.754755
194.338413
199.793715
200.257745
194.297529
205.431319
194.289569
201.925684
204.528685
200.181793
204.226840
205.700971
212.688986
222.266029
199.497396
208.152842
227.274880
228.376974
196.738464
196.779973
215.369001
215.370219
210.956845
208.907828
197.044595
199.602074
204.461884
214.058938
220.485317
188.354893
215.351176
195.061560
194.347185
193.766249
195.762516
195.046517
208.377739
206.639417
207.653799
203.461397
221.963605
208.091529
213.543476
196.720087
196.005851
203.846359
205.958676
208.282960
215.656869
209.390767
217.953748
209.413739
207.685284
201.831135
202.258095
213.653433
215.364863
232.842663
233.958874
216.495299
216.497151
196.259841
208.982182
199.189255
200.188010
210.950766
199.350343
200.381825
210.041347
213.271258
214.284158
214.993621
216.098211
216.096446
219.659340
216.068371
219.583409
200.259881
200.986764
204.738117
200.318788
200.378021
212.793772
200.407941
198.261134
205.236950
201.997833
213.714276
202.029288
200.601650
220.660453
210.261513
197.750841
197.808960
216.093920
218.537021
216.034549
218.460292
201.145975
201.186061
202.811173
202.087309
210.294957
212.842186
201.635355
201.908141
202.350666
202.582792
218.325354
196.837051
211.609731
191.673892
200.242918
201.336738
208.819005
198.510901
199.554069
208.144865
199.554959
214.830632
215.171736
218.726150
215.145246
218.649143
208.553324
210.777243
231.223427
195.672639
195.707927
204.655145
205.392281
203.642555
221.356756
221.331756
198.450384
201.859980
198.064518
193.157611
189.009528
200.245138
189.717837
200.953592
197.615535
193.395562
194.103371
194.244669
192.514258
198.679455
209.939805
197.978258
197.589931
194.089716
192.562786
208.179010
196.176310
195.461987
189.660978
199.854207
188.108212
187.110069
191.642374
193.443699
203.673218
201.019295
201.061467
202.574262
211.208870
211.210074
186.236233
196.669426
196.695614
198.463459
190.732102
198.885285
188.178927
199.141079
195.662795
197.325782
198.334379
190.675291
196.869914
194.988379
201.535450
193.455625
189.992581
196.186775
194.371943
194.241729
194.969822
193.244022
214.491633
219.804488
226.227699
215.121176
215.152346
221.876522
216.648825
212.195686
215.515513
220.793343
215.179147
215.167191
222.154855
220.842745
215.616571
212.182366
210.326210
215.683626
221.365029
210.102018
216.363989
211.245934
214.048493
212.302976
215.338138
216.416659
216.971634
226.748808
215.679385
210.405243
219.369989
215.544773
216.225424
211.080606
228.503871
222.035329
215.909886
210.523302
215.248231
214.477028
214.982293
221.568135
215.822822
214.932333
216.415756
218.095344
211.635600
221.137276
215.829452
219.186235
225.557179
213.191487
207.833681
214.037765
232.377081
219.448483
212.806210
212.844648
213.982474
214.694999
217.007619
215.330266
204.179828
207.735944
204.112590
210.956415
209.932784
204.906009
209.413319
204.257652
208.896388
208.601357
210.399840
212.762342
211.061294
228.267326
218.787006
223.923217
221.861621
227.437106
216.466030
234.156532
211.104710
238.431591
238.434338
224.149571
216.454209
231.517346
224.197801
217.114578
216.107080
226.100781
210.305235
213.428594
211.751202
226.608130
217.534893
215.576189
218.240295
215.609482
226.601904
219.843603
223.935620
221.444800
217.087576
216.070013
211.267950
214.391978
212.704523
211.038197
211.382731
208.796804
209.521914
208.841556
206.023526
203.362681
209.568321
203.306219
210.156874
209.132338
204.163421
203.451061
209.679469
203.416595
209.562848
211.906086
210.204141
206.017991
212.135790
214.500034
212.796448
214.476897
234.242182
218.875906
221.159046
224.035692
239.429328
221.914446
216.520793
211.223026
224.236499
216.570586
224.200469
217.202073
216.191781
210.393402
213.518727
211.838539
223.975157
214.228462
200.413786
210.686598
210.631432
200.897166
202.567791
200.319417
200.345321
204.739057
204.721395
216.297350
206.195669
207.913288
206.772236
207.445913
206.736670
213.875519
211.032053
211.272598
220.171619
222.075581
221.820302
222.807863
231.366058
222.040649
222.289778
216.381708
225.764088
216.233539
221.990440
220.475647
226.033897
217.903652
217.152156
213.850272
219.813294
220.713528
219.161084
211.234352
222.098365
228.239487
222.008289
219.157406
226.559801
220.721882
214.873240
216.263586
232.079237
217.907992
215.686553
214.932651
213.955133
212.714003
212.696961
214.575524
216.883242
215.289675
232.254471
213.958394
219.160094
225.531548
238.636037
226.307128
215.180794
217.175151
225.934002
226.684997
230.515646
246.174750
220.834882
213.990401
221.832041
230.340655
227.644543
213.987523
221.929606
220.867982
225.661636
225.596288
213.907523
214.705510
214.657471
214.077271
209.491628
216.966016
216.692902
220.973209
220.270810
220.367342
215.782019
223.299217
214.125515
209.543719
214.962028
216.966865
225.684459
234.190892
216.157570
225.090202
220.504008
225.121387
220.580911
222.602874
216.961146
227.214409
219.694729
214.138028
210.881233
215.721297
213.502922
219.213432
213.720145
213.636297
216.797052
211.957548
222.328470
212.961790
212.559277
207.863530
207.067798
221.254789
213.049725
226.515550
225.440381
226.158241
232.815486
221.495883
222.033672
220.297354
221.640252
216.243120
211.769192
210.206404
220.582092
224.471659
228.434022
224.098342
227.882990
230.782841
227.981391
222.401119
224.560171
237.681340
228.278184
225.562564
222.773748
218.034153
219.023075
223.696279
211.839924
210.497252
210.568003
199.487151
201.367969
205.459673
205.501327
203.562927
195.218298
207.642691
201.493385
204.331836
215.013298
214.628526
215.312914
223.373346
226.669529
225.091188
219.975128
225.104075
223.969225
209.998399
210.723625
215.099262
221.948861
215.159339
223.360559
240.624364
246.901129
220.318683
219.437229
207.953460
212.751250
211.528753
201.111433
210.478467
203.490050
209.508817
202.014470
219.209738
210.790381
216.261528
222.033159
218.655184
213.461248
197.157138
203.335151
205.313587
204.676201
214.563465
208.331492
207.188107
213.449841
212.341559
195.070670
213.105456
195.826493
195.890684
200.724532
207.194745
201.254566
199.434561
201.696103
207.233824
213.086099
202.136967
201.786714
204.188199
200.031371
206.369476
196.076593
217.505034
202.426058
208.011324
218.480977
212.309547
212.302716
206.131139
213.624135
208.201498
209.020013
220.909785
220.866764
216.955482
206.045462
200.509832
198.933446
215.968552
214.889678
211.731828
226.663636
224.545503
200.973782
217.777521
212.588978
211.858795
212.814459
220.779701
205.075584
219.542940
232.734475
195.971418
197.764063
213.376082
205.190635
195.186207
199.344062
200.460004
209.021715
217.776042
209.552351
221.224352
219.075480
200.412955
201.430672
200.405546
205.470908
205.329038
206.331286
220.905643
212.523548
220.658332
227.369149
214.317380
215.054470
231.401985
230.490027
232.485740
203.033994
206.787702
210.214956
208.825308
204.036220
217.636899
204.048308
207.803327
210.124292
209.840824
205.135549
218.670270
228.951541
200.259370
200.217523
200.974786
200.076048
195.065860
204.177560
201.336885
195.175389
200.562445
202.233277
202.009851
201.305339
201.209916
200.584961
196.115274
201.131225
206.353253
206.305719
202.284027
196.166687
201.124836
201.225165
200.607366
195.156022
204.175581
200.177885
194.061634
199.044796
198.811638
198.715624
198.774918
199.863249
202.860119
199.831247
212.004627
199.785330
199.863444
200.504911
209.147772
202.814365
210.600467
212.470112
204.881575
202.585472
202.929930
212.237464
204.042431
204.764418
202.966042
212.198624
193.402575
193.416076
194.416595
197.411992
194.460991
205.650544
204.160348
209.596664
214.538283
211.277601
214.703829
209.973272
205.208096
213.874641
205.113525
210.551314
210.198174
216.631557
224.307668
210.928606
206.247255
201.964818
209.335596
201.371242
204.919809
204.961245
204.880270
211.074025
215.536813
212.674544
213.430417
211.702424
217.459253
217.956044
213.440160
195.134296
194.341301
212.319352
212.161414
232.428723
212.450740
218.171237
216.429862
214.698762
209.153864
216.307656
211.995723
207.487896
218.126804
223.312054
211.581430
198.374036
208.492292
202.940568
209.260278
210.084767
215.893566
201.353563
212.725163
224.871970
186.357399
198.497052
201.139774
197.816987
201.176495
204.740899
207.297470
204.060760
207.334344
202.578187
202.267140
216.593780
214.787013
208.754816
205.917780
211.712090
208.771110
203.387844
217.662234
215.815952
210.796994
209.849701
217.512374
219.863626
208.055541
213.851408
215.629189
214.199096
209.407465
223.697563
229.056412
219.075542
226.400256
220.779548
216.958005
220.595443
221.550550
217.897594
221.933696
218.708009
216.599389
222.714360
222.252856
221.204701
217.778949
222.530073
221.193278
217.413204
214.949059
216.304469
226.006259
210.570006
213.677840
213.705800
216.352392
221.567739
215.817284
218.160569
214.032812
216.374421
209.655663
236.610221
216.379682
207.867486
212.199297
215.253796
216.532078
218.152741
208.869396
215.008491
215.811347
215.704381
213.871497
216.294081
214.683496
214.737152
228.088357
211.038043
218.696924
212.734016
207.334215
210.393962
213.865237
205.514641
205.529505
210.268939
215.755271
218.637599
202.095036
213.374545
206.513992
213.662419
214.777327
208.033836
208.696836
201.145921
206.460828
206.300840
205.508625
208.046814
208.709764
206.700415
206.446763
206.133800
206.265699
211.094281
203.897543
205.838557
207.338629
215.607720
215.734865
224.718980
214.802393
216.733583
207.465073
216.221589
221.513999
230.729252
229.020232
224.309730
221.476925
218.654790
218.989387
214.972187
216.789099
213.300867
210.497684
220.850178
229.368841
208.947793
208.946540
228.711370
225.537683
209.724262
217.586214
227.458819
232.456905
222.032371
215.485886
223.696622
216.827353
222.898230
211.730504
223.497409
230.543936
215.221045
211.835727
222.161039
236.911749
225.322798
223.242711
229.306050
232.781877
206.529811
213.465758
202.125840
220.411076
211.710558
207.564286
208.957626
203.160579
220.816983
219.086772
206.489345
212.334152
205.748556
212.033882
211.627998
213.092667
208.965922
217.912375
208.722832
220.879804
234.090112
221.799251
215.168491
215.908456
218.296816
213.356946
232.463890
216.531370
215.121415
208.979913
226.108178
216.130167
217.518023
219.283807
209.903964
216.940935
216.149545
214.336801
216.393313
216.421171
214.048676
221.160151
225.747927
219.953518
216.004523
225.858453
230.430071
226.643168
238.541646
241.342341
229.345512
241.478240
231.919217
212.952305
210.802539
221.760041
238.249016
213.766972
210.589861
221.565758
224.227654
212.893045
216.574345
216.927536
212.934656
214.747919
211.278570
208.680285
207.502812
208.461810
219.827914
213.972537
207.956023
215.400543
228.401295
216.204459
216.030975
209.806416
218.058094
220.825004
215.448374
215.200999
221.403202
212.949055
209.100051
220.420821
226.315050
215.155577
212.885322
215.436506
218.544851
217.175979
213.925658
210.076915
215.951787
221.132460
214.542851
224.219004
238.393237
226.026017
213.420621
211.385792
216.483398
222.631549
225.766271
214.250347
211.212804
217.388612
209.672686
222.438509
205.089585
215.461457
211.317698
215.312795
228.028476
210.235661
206.853341
223.510063
229.506330
209.658139
222.595327
222.113104
217.539634
229.325404
215.742075
209.445236
215.568966
219.972932
216.378867
218.105473
220.819462
213.729873
213.823235
213.908045
213.725272
207.120242
223.025492
207.031662
201.314806
205.731777
201.366048
205.679977
216.762139
207.823167
213.683005
207.855828
215.008671
207.664946
225.352195
205.111289
227.267892
222.828602
228.735946
219.243120
222.615797
212.856775
224.252564
217.551067
228.740665
246.082702
207.310247
207.309352
223.927922
228.379929
230.506773
211.103618
211.104627
227.710203
230.561525
211.664294
210.101499
220.413029
224.254020
237.588806
247.705760
232.226404
225.917009
240.429521
228.401976
240.523931
226.003480
215.525211
215.248498
223.030191
225.052737
219.925373
196.744114
196.743811
225.039815
215.222437
214.541066
208.960329
226.604702
223.405983
223.278381
223.956103
240.531898
215.215795
221.930558
214.578999
218.603184
216.424486
221.010138
224.230555
218.719517
232.816817
238.354146
233.099643
233.097775
221.520007
221.563410
222.493595
226.996653
227.038324
227.075660
226.004590
225.770041
237.315261
232.341838
232.146835
232.074737
230.336024
230.944005
233.178431
220.878144
222.516964
232.360683
232.126046
230.994317
229.933654
229.093168
220.842175
217.945164
240.972470
241.011040
227.935055
227.934076
228.104436
242.118991
242.115988
222.817318
222.820864
227.946289
227.948546
225.410355
243.468125
243.332831
224.767159
248.302419
221.590313
221.493936
223.604986
215.024542
231.892163
231.930846
242.977355
217.335686
214.567935
219.861234
241.774122
219.853705
209.279570
214.761776
220.804313
219.148695
213.603829
212.963724
214.567593
213.058516
215.068367
210.304092
213.630011
209.913992
215.994000
213.738486
218.257542
208.585138
212.669973
226.159289
217.379011
208.295848
221.365776
224.890786
236.874519
227.842891
220.267747
227.808669
213.110970
214.168976
232.963923
228.193328
228.190561
213.845382
212.635772
213.722431
217.811444
213.171903
211.962705
217.479994
216.726832
220.586802
221.377469
216.764046
237.246341
222.062588
217.422268
227.901712
219.106822
218.506640
217.753650
225.657965
222.397800
223.039196
218.398309
232.984066
220.062174
223.808661
221.383672
229.504541
229.546240
225.109420
211.329818
210.517590
222.957853
215.746052
219.491778
218.342677
231.048702
217.694824
221.136500
214.902655
226.496537
226.685698
214.852148
213.696112
214.462045
205.023519
218.011845
211.398749
206.427165
206.059521
201.346369
200.524507
212.850077
206.314523
217.378456
211.763752
206.854530
208.623830
217.128384
207.482603
207.843450
208.544719
218.315202
217.588065
211.994252
208.284448
203.172932
208.690741
218.968615
208.166899
207.559535
218.612093
212.963893
254.902142
215.502819
207.609104
208.685774
208.316606
200.557539
219.662327
210.856443
209.048379
205.061977
224.409268
209.073650
213.796099
212.801116
211.331007
209.478296
210.458358
220.769867
219.710281
216.444729
216.878233
215.823843
215.541139
215.516758
237.520676
215.847988
208.382932
225.128626
210.066436
214.531215
201.347953
221.368349
219.531060
214.124876
206.492483
207.270274
226.078900
206.525777
205.451493
205.546798
223.292614
214.822925
211.785785
222.021431
219.765130
209.808168
214.352694
221.138538
208.258484
212.730869
221.162181
231.234595
222.042934
211.899754
221.131733
202.832888
206.405495
202.885342
213.160938
201.787532
205.414548
202.784537
214.077517
207.720354
212.154346
224.158066
205.748355
216.159651
205.645808
210.598569
213.419872
207.626095
207.524861
215.061632
220.642548
214.194834
213.505465
214.053118
214.996082
231.931331
214.495828
205.372984
204.723346
204.007540
203.934841
203.916130
205.786896
205.711246
230.946125
206.426995
207.277079
226.657176
232.669389
222.415956
214.463603
216.884545
214.890976
216.078759
224.844178
225.998686
212.965621
232.065616
211.971151
215.350615
233.299261
220.727531
213.470634
220.286529
210.819657
218.961862
213.244441
225.638735
209.050045
217.302750
214.481563
214.514353
225.278534
213.457832
219.250535
217.950156
223.583780
217.561335
226.444814
219.281314
208.397695
213.218463
218.865030
220.028669
216.884065
211.273746
214.212137
209.423049
222.503030
210.560465
220.904042
232.064534
218.825757
208.716783
213.438985
217.946308
223.076723
219.837407
212.631643
215.182470
214.819819
224.068179
222.505629
212.208848
216.534116
215.816355
216.542878
216.400885
212.710395
224.844248
224.877624
213.806745
219.007711
213.719457
215.524910
212.885643
209.372966
215.431155
216.897963
207.553797
205.743965
214.424450
214.072206
206.758440
202.719791
202.747989
207.580763
207.539257
217.877812
206.424250
210.797433
213.254253
211.952290
207.060505
219.545783
211.496607
221.218007
205.189079
207.537683
207.202723
235.835515
228.317864
231.690981
234.392039
227.337996
228.667926
213.015174
215.753291
208.655779
212.719234
221.460793
217.478466
220.959628
227.733850
222.322604
220.305887
216.980629
217.732372
217.761137
229.903775
218.596802
219.350214
223.259071
219.325972
223.884550
223.325388
232.957657
232.798898
235.307682
233.692661
230.094664
212.142871
206.853759
210.912217
220.032784
221.078838
215.299214
229.633733
226.890018
216.335990
205.967744
208.370287
219.560346
210.769691
208.251944
208.283786
223.854162
218.663038
222.099080
217.371218
215.349745
215.268202
215.247195
217.809352
226.642596
220.085517
226.699371
225.036558
213.986439
222.914006
230.690063
229.486643
229.539513
232.714658
229.253787
231.487370
229.639886
228.866552
228.741451
217.504575
217.557773
215.124415
215.058618
222.610857
219.244673
224.494228
210.463502
220.190523
213.869518
216.536077
216.587637
215.158235
215.094045
229.760538
226.398249
208.351632
218.184158
210.195653
204.080113
221.522533
218.198892
213.055706
207.336050
201.905375
200.679151
196.529839
207.356500
201.568036
207.334199
207.980501
219.411508
208.597681
223.580832
199.427586
216.595658
218.592059
221.850420
227.558780
226.323630
230.307453
225.913891
218.531741
205.966429
209.304352
211.305556
218.852363
217.379019
200.298509
194.957284
188.055556
200.075328
193.352710
187.092976
211.380900
211.417048
210.966606
211.000223
206.601330
217.973053
186.464443
187.177414
187.162513
202.491414
193.498698
194.197721
206.370892
192.508844
194.151206
206.445271
204.610514
200.988469
201.614302
204.674519
187.934844
186.248740
204.737725
205.448943
204.365506
186.372529
193.966737
191.783411
189.522634
200.912563
201.703625
197.691737
192.549550
193.290034
192.511454
188.845448
200.236024
199.958117
201.964374
191.505521
193.983965
200.098929
194.663922
189.272707
201.055913
195.457290
202.028767
192.290933
214.361179
194.172543
192.339158
192.285402
187.047435
188.045462
214.368001
194.014711
194.086938
194.007112
193.550433
193.638258
194.945280
194.907681
194.206244
207.346745
207.114011
206.577054
207.412097
201.325476
204.208805
222.024969
209.065385
198.339639
192.812434
218.164601
208.006474
209.120753
202.762937
202.888822
208.413975
203.643077
201.153993
201.445562
201.930395
208.167630
208.424574
207.481474
208.019539
209.667038
205.926316
206.514311
206.557544
220.994947
210.354700
209.666720
192.857315
193.002191
246.888754
195.049711
194.711763
200.273576
192.195120
193.357212
190.725310
194.396521
194.102446
198.510253
192.220336
193.338787
192.624086
191.468931
193.312345
192.520537
188.045659
186.339410
194.876479
200.280013
194.265025
194.957998
198.557888
201.308302
199.472705
220.145462
202.117336
219.456045
203.681627
195.969733
202.143173
195.346609
196.050872
205.496772
201.774196
206.138840
194.944073
201.786232
194.354422
206.210612
188.988285
195.008930
194.352414
188.946339
193.179882
201.074557
189.963765
206.983786
197.836066
196.645361
192.659271
194.284254
191.554411
187.291760
194.005256
194.262430
187.216859
194.113206
181.181126
187.018207
189.016496
187.314907
194.070235
188.257331
195.871422
214.076793
208.284637
208.286102
194.177213
196.016949
189.210503
199.924108
191.562970
204.407379
204.640398
197.426324
204.036354
206.826223
206.619420
204.867470
203.576885
202.451801
195.319479
194.313093
204.323140
196.969473
202.392804
212.222598
188.190977
197.061404
202.243480
201.460526
201.640105
193.295987
194.381535
202.789809
207.678147
198.503737
188.121067
189.201446
189.088021
188.913311
189.031567
190.095782
189.745200
209.505329
209.427987
188.980685
194.316560
195.072703
193.302510
208.070373
206.273723
195.965886
202.185697
202.117875
200.325812
196.612621
202.830816
222.426546
209.350609
213.511811
202.339861
208.386391
202.124791
221.510158
215.322415
209.143971
200.765907
200.310978
200.999513
205.059731
195.913884
197.877577
214.202446
207.285258
207.300792
222.389612
216.919420
208.073180
219.340388
212.475638
186.513551
215.515548
215.470293
216.287174
216.240593
214.210589
213.514499
215.561282
215.514663
187.730911
189.481264
195.839504
188.829456
180.368409
188.443485
183.815325
182.881869
188.603163
188.168882
188.869181
189.547014
188.740189
188.717513
187.980942
189.797912
195.787502
195.074784
193.650107
193.736907
215.470747
210.066451
216.143815
211.030748
215.142358
221.852743
215.092832
210.237833
228.229062
217.204555
216.934549
222.060287
221.368428
224.998142
218.526056
223.185292
230.691573
225.238915
201.844127
217.364760
205.641492
221.192691
199.738566
206.090876
207.244831
212.348531
204.871085
215.244038
210.699897
203.015896
208.945752
215.802161
210.279867
208.423968
214.802126
205.197750
229.203188
212.669232
215.643823
199.789162
210.138631
217.428457
228.047483
213.438127
224.926965
210.244055
203.002245
197.920250
201.198039
205.442912
224.310946
208.627211
212.903954
213.538852
214.313843
210.735867
221.096906
214.859202
202.424060
204.850890
202.393272
208.444540
207.251429
213.970844
207.767772
211.108951
207.683703
211.975113
218.006646
209.513265
203.279067
205.186341
219.456640
203.276790
218.760656
212.917447
213.640615
210.846891
216.422871
214.818808
217.373896
216.460422
217.263070
215.522519
213.639966
217.374919
214.781939
211.054664
206.800256
208.399061
206.588063
216.420009
215.407361
214.754789
210.349624
200.977025
202.045385
217.485580
206.580417
216.520384
205.204306
201.322275
199.469213
189.769750
192.594207
205.744704
197.668676
206.962389
216.512837
205.583327
197.497891
206.725252
199.888489
194.131283
204.245288
209.816484
207.675710
209.561100
203.943228
198.477006
199.146389
194.156118
198.517391
212.994491
200.990483
206.175813
195.854859
200.181773
205.067376
201.045302
194.081393
204.339760
214.329968
203.385525
201.169006
200.223384
194.083709
205.192721
206.273299
195.938312
200.336729
200.888822
200.976630
194.131692
198.490323
206.329808
199.565439
199.530973
200.801481
202.373233
216.559541
196.264251
197.976370
209.284343
197.828016
203.252274
202.648104
197.208236
207.431356
195.962428
200.826957
209.811289
213.613633
214.456928
208.856030
196.601370
194.301903
196.774447
198.490152
202.248415
196.728722
203.000730
202.420195
197.494549
190.682475
184.569962
202.036719
189.831808
195.838787
196.599884
194.904387
195.419525
200.189077
195.159439
196.862830
196.906639
195.721249
195.762977
196.430083
197.059716
207.152807
192.668755
211.355925
215.511089
222.298994
223.342428
208.743768
208.673149
218.109702
214.083276
203.078428
204.929511
218.406382
211.956651
210.177950
214.887600
212.397115
219.968217
229.588399
184.676615
211.959361
197.658237
196.919557
195.169639
193.567103
193.069043
203.209350
213.857570
198.805845
208.482717
210.427019
216.279099
205.550525
210.343795
205.628348
221.964843
213.518490
213.518933
198.712266
203.221357
207.373409
207.991268
239.462693
187.212634
198.473198
181.969101
201.703905
211.649493
200.650402
207.823535
211.220657
211.290387
211.020067
210.286355
211.044294
206.555350
205.001689
194.967693
205.190107
194.119113
199.151401
206.519070
211.328557
201.044121
220.515327
214.625941
204.138160
208.968395
214.593795
199.083339
200.975378
201.753965
209.436593
199.130917
208.388417
201.920412
202.664671
202.752103
203.486083
201.988670
200.934648
214.278328
206.744395
206.543807
200.405473
211.866377
205.821084
208.294502
209.597292
207.979024
203.976455
205.779306
204.684494
209.060630
205.532892
199.395074
207.309978
208.611577
206.918110
194.994410
203.628828
205.541870
199.433173
199.958590
196.599917
198.461364
210.652209
210.726818
198.241351
203.569706
204.191599
203.602888
202.600453
213.657689
212.605429
201.057150
205.419871
205.540112
207.343793
208.635238
207.973039
201.102386
202.309905
201.648121
206.533764
199.127487
199.187684
201.163825
194.986245
199.909143
196.184815
195.523046
212.434192
202.448786
196.231513
208.590902
210.132928
212.409924
196.136969
200.611675
202.375236
212.056242
213.593489
199.021562
204.180677
209.776396
220.140005
219.829110
225.781600
191.599432
185.516533
191.640919
206.453751
214.324430
224.968719
217.981771
204.108059
204.336438
209.620058
204.800408
199.279486
215.038772
199.546745
200.627788
212.551152
204.283673
199.227655
209.955829
194.490047
195.571759
230.088210
199.333094
198.581367
187.048201
187.920103
188.293943
181.114140
187.332235
182.169750
193.381233
203.353207
203.580120
186.609099
194.927554
205.251495
193.190768
188.321293
194.995969
206.225391
193.227211
190.078543
189.717410
188.993992
187.090326
187.029749
195.838492
195.871870
195.736484
188.825666
187.916179
189.876780
188.899008
202.900112
183.819533
191.970883
184.574329
187.231445
187.155909
184.581731
182.743859
189.073161
189.049112
192.026301
193.383808
188.363443
190.992278
187.581253
190.193373
192.588146
202.247594
207.270164
207.510971
193.669016
192.796098
197.468369
196.769975
197.237623
211.592779
201.319026
202.218656
207.345291
207.708117
210.293846
211.647685
209.876800
204.803833
206.403441
211.790779
209.066387
210.419633
208.725224
202.307637
203.560294
198.972472
212.769974
213.155370
203.041245
207.665168
219.505039
221.688739
220.266704
216.756120
223.679697
217.996246
215.497307
222.489442
216.182674
212.016575
212.799015
214.193059
203.099080
215.038904
220.231031
217.484017
215.034134
219.152803
215.043576
221.774630
216.304171
216.493711
211.930544
210.892421
216.078670
216.326700
221.716105
194.150951
198.749268
203.398802
209.742788
221.406579
212.238497
222.494901
213.345701
230.867219
222.496384
207.853936
214.120125
202.382855
215.744932
202.409210
206.141136
211.702934
216.393830
219.572515
231.982396
232.009765
234.051913
216.306791
207.399095
216.438679
215.160488
215.179514
223.142791
218.188936
210.502513
207.373729
205.887963
208.236273
220.243490
205.952090
221.412045
211.120213
214.176550
200.749316
200.836819
206.857649
210.520026
202.533059
211.621865
206.520514
202.417982
206.888787
220.424903
212.991220
215.055942
211.001195
209.252800
226.901623
210.265931
208.077704
229.956054
207.780506
202.764651
208.846582
218.138518
213.654089
217.400368
219.598082
219.552596
235.481859
233.997085
229.958880
219.743996
214.016719
209.240556
215.723052
211.019653
214.599638
209.218127
215.442142
208.524302
215.392572
210.430341
219.869230
219.505638
206.484176
219.039612
219.749969
219.158243
222.685117
207.036166
221.598938
223.276943
207.620459
228.792564
221.996234
205.357342
210.673203
224.465828
217.391850
212.352059
212.938053
212.799709
221.825200
204.846203
215.952148
210.205496
210.114068
211.600214
223.495888
223.539185
215.169945
197.705667
210.006582
206.652699
208.115493
210.015293
209.172496
204.453004
226.023002
225.255744
228.424965
225.681214
224.045301
227.350484
228.516862
197.041676
199.545697
201.978847
200.101746
207.407016
195.918031
206.302402
190.142857
195.852355
197.097889
190.931895
196.738149
197.862390
197.812575
197.077447
185.481118
197.980481
214.707106
192.668716
191.983836
216.171340
196.170231
204.294624
201.135736
203.095591
202.240432
202.353412
190.670492
209.441577
196.158594
201.219235
195.992301
211.762002
198.252829
215.790953
200.747777
209.256898
215.020978
194.008587
194.000613
212.463477
194.062048
194.715802
194.687698
201.025002
214.269316
216.680910
214.393299
199.274918
214.676438
197.951459
192.567275
202.954435
202.217803
205.556540
220.909648
206.524953
207.267134
193.421181
205.504613
195.066873
195.889370
209.775788
194.167713
211.583338
197.781179
200.265886
215.740530
200.222616
198.751792
202.146313
201.889454
204.759904
215.141834
205.714095
225.302419
205.862047
211.431556
205.052147
210.621083
224.310990
227.551425
224.484875
206.400981
201.003286
214.237466
199.470058
208.203163
205.435857
207.217041
211.858703
199.681304
198.743183
205.619729
205.641069
208.624486
205.737162
205.778309
205.643003
204.069906
209.743668
198.738988
200.986956
218.707166
204.888931
205.419978
225.560493
226.589578
204.562605
207.303005
204.614470
208.154775
211.622340
224.838178
227.853671
210.257263
210.962701
210.223888
204.377041
200.061352
212.189603
204.733754
198.642603
199.397034
206.225348
204.424646
225.677697
213.180715
212.367561
195.110691
210.568968
206.043254
199.470782
201.144715
218.427829
205.479079
198.409467
189.741331
205.174983
201.272147
201.112908
217.719386
205.795412
205.524018
200.366551
215.108590
205.476874
194.102841
210.602673
201.459485
212.532180
205.787909
209.189372
208.452269
207.428572
206.691786
195.689001
194.057685
205.043241
206.031588
201.781249
201.089205
202.042596
193.920127
194.730969
195.114100
195.786531
209.207798
209.421343
209.965038
225.177097
209.600287
210.763773
210.253297
208.913703
207.417963
226.620871
227.559796
192.555300
193.448973
200.073973
202.746592
202.866171
207.727618
214.108314
207.208390
207.245598
199.430343
212.304931
200.145719
200.146800
201.170225
201.171907
217.802406
208.234018
206.770708
198.458303
199.318666
212.391440
199.177983
200.881669
199.134590
200.838872
218.573220
198.589762
197.711813
197.640616
204.083100
204.579187
205.580539
196.960410
209.768794
210.864945
200.136616
200.093531
201.837532
203.532634
220.804953
214.721435
216.539323
221.130183
213.937659
213.587511
214.720250
221.007516
193.259181
187.581839
202.824461
202.758290
187.329714
187.404318
205.160998
193.167266
201.055423
201.055117
206.866371
219.699993
197.767944
198.486720
211.770499
199.641558
198.441534
194.954782
211.596383
205.328280
195.174655
193.258892
193.158927
205.026629
195.930952
212.319105
193.499384
198.441921
216.211976
199.531415
200.261924
198.608824
198.397110
204.334567
194.245856
194.211527
212.569958
194.986900
194.218162
193.169359
193.233385
210.506838
193.910327
202.041779
200.347487
201.318033
193.335986
187.648381
193.207291
207.924097
201.981912
208.317783
208.182570
201.215442
226.526595
206.884252
207.609916
205.872300
193.547366
192.746237
196.207576
208.876399
196.424350
193.454906
210.907516
196.183168
210.883284
197.804532
210.638832
196.836293
204.772598
204.697831
210.081450
209.994258
210.581354
192.745573
195.867321
211.788025
210.035267
196.676643
197.435495
213.506983
197.901279
201.337653
201.667612
212.226958
204.326305
214.502614
204.003408
210.268713
202.242960
207.395230
208.377589
205.368162
207.176503
204.676307
206.271951
200.478772
200.061532
214.450032
214.372556
201.811298
200.156160
219.507771
195.107072
195.897394
210.206492
199.279996
206.444341
207.755502
206.839309
203.642879
201.032866
204.311102
206.556841
198.724111
202.779350
212.396942
192.531940
194.438872
201.758852
213.086873
216.829921
216.728778
226.539321
226.454071
216.274264
216.171666
206.220819
208.170878
190.331806
188.992933
190.649872
204.605101
212.150519
193.184349
202.685732
194.349190
189.619364
199.669593
215.703805
215.599981
188.843096
190.760349
208.452280
189.909499
189.657887
188.049290
189.965004
213.866168
212.398983
187.039328
188.878606
203.147920
193.103583
197.421716
202.083262
204.242903
195.111721
200.212647
199.507322
196.209787
201.396933
194.630018
195.941327
197.332291
191.503128
193.977502
192.989884
192.575701
192.380369
193.345734
211.035859
193.283482
193.951458
192.964317
193.642086
210.732735
197.421771
194.002137
196.821222
196.694581
209.903948
197.510011
218.132785
220.623560
225.534181
213.824528
214.610008
232.164289
213.875133
215.240395
216.832505
211.468917
212.546555
213.608526
212.650675
207.323850
212.358366
213.304299
210.799810
212.724030
213.064166
209.520580
215.231020
204.574283
205.713889
207.247596
207.300075
213.290798
213.287535
236.586739
235.578126
222.226896
223.490959
230.114680
214.496670
214.537962
216.735519
216.558036
209.150443
208.320917
217.550197
207.291990
212.798479
207.042804
205.224385
206.256095
211.685742
210.720589
218.583808
219.708164
207.086735
203.962629
201.354926
202.909835
213.197385
208.339491
207.638146
215.160808
209.895726
209.141610
220.981550
191.912201
204.517965
204.142152
223.697069
198.755288
215.147876
209.399504
203.922144
192.669831
204.978262
196.312654
202.935741
200.793421
197.070758
189.977400
221.685488
197.574392
213.888453
207.405771
202.074516
190.068019
203.076034
194.378249
202.014318
200.654138
194.469350
220.668219
220.760378
220.667799
220.838564
220.678780
217.597497
217.608779
217.556801
220.761110
220.838068
220.372564
220.762764
220.720989
220.793274
220.759654
220.413395
220.979722
222.040579
193.294463
195.077323
195.819099
201.471213
207.121070
199.445170
199.510164
205.547024
208.334496
204.618734
205.085856
203.423764
203.839371
202.912041
199.779689
198.713148
209.877489
209.691788
198.765889
198.711777
208.721343
208.753937
220.719514
220.753065
220.233827
220.794934
220.753060
201.718326
193.357019
192.116629
192.417598
208.085681
208.772850
196.013335
201.159024
196.617979
194.043757
206.384337
199.498653
215.755397
198.483607
205.394983
198.942289
200.012857
212.426978
199.456854
195.256448
201.403244
211.358322
206.456654
201.635761
205.364677
204.430102
202.073985
205.553552
198.811003
195.173479
200.662343
218.640449
194.121047
199.577474
197.556509
207.435540
207.992915
208.069757
207.452622
210.518923
198.621014
198.640853
204.037497
209.480324
205.362542
198.075364
204.338555
195.084461
201.223111
216.807587
204.397733
206.457556
212.659553
203.308323
215.164178
204.692618
202.824374
198.714512
204.816503
205.381051
203.240749
204.682247
206.513925
215.084584
204.752659
205.052098
205.655161
203.672741
222.338168
205.439403
210.569005
207.471633
212.682255
218.075798
215.892388
205.702042
196.248005
206.694324
207.668055
202.472476
204.678155
200.651971
205.868817
216.968200
214.997350
198.273162
199.608238
205.137610
204.714421
198.344721
217.725215
197.961728
204.185564
196.203144
202.375774
208.813912
199.457190
202.328326
210.929181
200.580368
209.197793
199.534574
195.162081
201.302263
211.942990
212.530144
212.607105
211.960227
218.753333
213.186584
207.109077
212.135719
207.331367
206.194959
217.666560
207.154732
215.055601
212.209639
206.612051
209.125450
217.605330
207.364337
211.052069
206.240307
210.027847
213.272065
209.205237
209.103439
210.648144
222.023219
192.430264
222.894039
222.897160
225.357485
216.507704
199.632797
192.389399
194.191869
198.748635
198.819511
204.650314
205.659486
204.389045
205.400024
199.508724
193.156068
193.199288
195.022144
195.086032
218.027080
199.879960
187.742337
188.565404
192.561112
192.462068
194.337445
192.269198
197.841802
194.232962
199.670825
194.110747
187.098803
187.921611
190.810758
199.478015
231.652257
213.293226
217.381694
205.294439
213.602374
217.847475
222.807399
226.586105
221.137897
220.553603
224.351474
208.540236
213.887028
213.515155
213.513840
218.160100
212.947188
230.569298
210.634111
208.451068
214.434354
225.415343
209.609069
215.048403
219.898831
218.754883
221.734186
220.857914
214.057329
231.790895
203.102740
213.944050
225.132900
204.140892
209.489633
226.258654
223.145564
208.937773
206.932850
219.294032
211.660008
210.733059
206.669800
210.431245
202.307920
214.603651
209.516511
207.180209
206.144111
213.282937
205.793498
208.999927
207.537699
216.840428
207.281560
213.324175
207.590647
219.433314
208.958645
214.972732
228.601370
214.526208
222.750124
220.419475
231.991994
226.536508
227.358944
234.768871
224.202268
203.172872
213.679737
216.714066
214.748394
201.927680
207.359001
213.320037
219.536559
212.437975
206.259125
206.489070
201.030818
211.370940
212.594959
208.763796
225.665621
213.328767
210.566237
216.804203
205.789846
201.279235
228.026274
226.626073
219.331223
221.049740
216.905109
227.380741
242.880812
202.894333
208.817830
220.040377
206.791167
203.100000
214.315953
202.127379
202.159085
206.592420
216.076061
207.840156
215.270499
205.843803
218.742206
219.854461
195.904172
201.038579
205.471241
201.321476
208.256301
206.483775
213.181313
214.255663
226.324097
209.348950
216.672351
212.400565
219.780440
213.145376
221.621956
215.065755
217.968731
218.252141
203.143798
208.601262
216.103172
213.049034
212.368967
218.060120
202.074632
206.865220
212.503481
227.026574
205.499391
207.278825
202.769870
207.918131
207.162630
201.178460
210.649139
212.470785
199.044805
209.891881
206.949732
207.040391
208.890196
210.658127
205.432685
206.174501
214.032981
222.493348
219.611453
227.911773
193.577355
205.459899
213.584923
208.372833
210.261788
218.723796
216.981443
201.407783
206.249895
211.829306
199.849356
201.461589
205.452988
211.031891
200.065128
221.704091
213.908400
217.770596
203.130909
208.555456
218.943787
212.361552
219.053219
219.211716
214.719024
209.314852
207.566853
217.481476
220.238150
203.890131
216.101660
213.142094
219.831790
202.142830
206.960483
213.596741
226.956001
202.715028
207.123436
209.735670
219.932096
216.673090
202.071904
206.507593
217.775241
218.651313
206.814760
201.418915
213.487957
218.921699
217.032643
201.770850
214.077258
208.766888
218.987209
200.357122
206.179192
213.381763
207.280419
205.540961
200.355939
214.224603
202.844398
215.036530
220.528209
202.189162
201.105616
207.333476
206.545035
203.934912
214.311601
196.052090
214.590571
211.256172
215.785653
206.678621
211.085316
213.507545
214.126892
217.945427
210.835533
224.964965
212.597332
211.586758
210.868410
199.510627
203.942603
216.063731
203.172413
233.059632
205.765498
205.764808
207.621276
201.432667
213.312717
194.212205
190.752227
195.009575
206.235255
207.216703
202.720149
212.677780
212.573367
218.248565
195.182704
201.338848
215.048154
200.482686
208.700740
205.691763
200.752664
205.215729
210.778173
199.441349
205.801172
202.325946
206.667328
200.610705
199.432129
205.828502
217.102935
209.949918
211.948823
196.906841
199.761498
212.412403
213.421694
209.688805
196.099007
200.531275
210.768665
212.658362
212.642522
219.735560
220.901953
209.521667
221.162811
214.736888
208.485465
222.156802
211.939185
220.645384
226.734126
225.771201
213.718312
218.883680
219.807230
218.269501
220.015556
221.093598
227.909508
218.423264
218.414366
232.013783
227.576395
210.831581
215.498015
210.393614
214.656624
215.438240
223.898696
218.790731
223.879270
212.498862
216.761397
220.967225
220.868031
214.843026
220.787432
225.900081
208.499493
204.596236
214.111073
203.405005
214.836365
212.794609
218.405271
220.148754
213.745015
221.988213
208.208611
212.718804
213.715904
214.583958
217.530945
226.968074
226.110640
225.372413
224.587681
227.134113
235.021135
223.169155
222.385667
242.396229
219.957936
224.496768
235.014420
230.629488
227.595311
215.261329
214.539888
232.065580
234.737526
226.767368
231.621499
228.423834
221.546776
207.780242
220.608154
221.471681
215.820213
214.911487
212.943782
220.745765
218.010229
208.293489
209.457083
208.912072
219.905605
214.859936
207.508244
226.808299
225.330472
226.579477
242.713540
221.137369
227.679552
230.140910
219.362106
219.302679
207.778331
232.773214
223.834326
223.559510
222.868207
244.952989
239.447031
226.075117
210.680448
205.237617
207.959467
225.468303
224.318050
222.029247
213.304932
217.390504
227.167013
220.990034
221.089619
222.628304
230.988509
222.291006
215.001237
226.498713
226.904528
219.582126
231.080676
209.355578
215.471516
213.796561
216.243739
224.047362
215.576350
218.483349
225.419920
242.900235
228.331263
224.480195
235.516048
218.762596
225.463763
223.738362
233.487072
221.136382
226.142942
224.601870
225.590380
223.943347
231.270379
229.319269
238.653402
230.346678
219.945496
228.363410
220.996223
232.583863
220.868920
219.734737
218.650787
227.958643
234.573636
233.560450
210.495364
216.705982
214.939707
218.578030
216.808144
226.358278
230.732866
225.438889
219.704032
213.530204
216.443437
209.470362
215.679362
213.914724
217.512193
215.767892
225.293131
221.035383
218.677843
212.441968
226.857101
230.218811
218.980615
218.031575
219.011586
218.093103
214.166952
222.682567
207.656978
207.629144
223.815215
208.849597
219.215063
216.657838
210.866598
210.105237
218.439640
227.684175
214.044261
218.660120
204.626937
204.532514
222.069205
209.511981
214.124528
220.365185
227.830291
219.458301
220.521694
212.856653
212.695765
210.904731
206.398959
208.202289
214.559069
208.905224
224.095752
207.664191
219.703982
208.212385
203.778577
213.006943
221.435627
203.296354
211.750922
210.955869
206.519723
207.311475
218.607390
207.550642
223.130297
223.059397
208.236841
207.691618
223.877736
225.238117
210.617002
210.675503
222.222164
222.365499
228.965287
210.926605
220.629874
226.294189
218.436004
222.992873
215.110648
227.443066
232.679579
220.702625
220.750764
225.299561
235.615353
236.267391
228.881051
227.504229
218.407818
228.547202
221.802474
221.818348
226.375857
230.067618
213.868542
231.936737
213.921069
223.298278
223.322469
213.540530
212.763679
213.210980
214.395708
215.418785
223.248176
220.619685
221.803531
210.214803
211.805236
210.584035
220.066789
220.659353
225.923500
217.633549
219.814685
219.071723
218.187610
228.842575
236.877369
219.926222
225.194366
208.345999
209.501719
213.739107
214.922434
220.042100
224.191454
216.658573
226.565243
224.414460
225.149803
217.972948
219.930872
226.655745
226.126029
217.129021
218.006952
234.778287
214.134404
211.858438
209.077314
227.175329
219.300468
207.462531
228.304589
210.356948
226.908676
218.412046
212.632036
213.376312
230.001628
213.638364
215.821544
215.535285
215.252645
208.275687
208.916153
217.708860
220.577337
221.856096
218.248393
236.852545
211.140755
220.423645
218.524218
220.299134
223.610552
218.021977
225.104191
234.703197
206.109260
210.691757
215.274294
223.452948
247.024074
213.361760
218.312792
212.757984
213.522026
209.042494
213.191825
208.992622
208.802546
213.481969
217.632098
217.008513
223.802456
214.453650
219.756103
231.727989
200.683854
206.201445
206.188590
205.004468
210.522077
214.180206
210.510739
215.192511
218.577146
210.255719
214.643127
227.610392
231.806352
211.881136
209.859068
213.948141
213.919583
215.852770
214.329847
208.230077
208.528123
217.059290
218.294035
221.367764
208.987465
214.597674
218.699240
218.042354
209.178510
210.868835
218.028420
215.241371
219.228633
223.423039
201.081446
201.110128
212.431781
207.817506
212.208489
204.868587
205.906651
205.479688
216.874922
224.764814
222.469816
220.651123
214.362686
225.883390
220.244543
219.088472
217.784436
202.904019
224.459251
208.401864
209.082992
203.182944
196.933090
214.194138
202.350056
208.992537
204.044108
214.069588
209.746693
204.147250
208.476146
214.850463
207.930533
202.669937
207.517945
207.518592
226.992954
214.486368
214.516900
208.233062
209.289490
206.526464
216.428334
205.967014
203.271967
210.590761
208.175254
207.637526
208.224072
211.675685
221.145585
201.691755
204.451399
204.228914
213.808511
218.154522
210.923336
208.066766
210.836680
209.786655
210.866706
209.040773
207.855803
208.033527
207.852450
201.673564
212.106445
211.985829
207.531150
218.636895
207.796689
206.896815
217.443651
218.144659
218.684024
217.200625
207.676840
209.159263
222.882711
217.131346
203.440760
199.298338
213.032479
202.504619
207.414907
213.525259
205.581840
208.231032
213.511671
211.814990
207.253119
211.633168
222.797759
212.298701
208.963551
210.047101
203.762057
217.565040
208.694255
211.905191
208.084057
220.437010
213.701281
203.656933
212.698494
211.656211
210.959322
217.502272
208.404263
212.040662
214.629248
211.301282
214.524605
212.846860
215.297163
229.529461
223.064612
206.501374
207.869105
208.916044
207.220208
208.937456
208.995638
209.413505
210.105635
208.660315
217.565916
215.552524
213.505204
215.933126
217.282080
199.855825
199.115168
188.640144
197.569466
209.301007
209.080443
224.062559
221.394985
222.108824
219.872952
217.068106
214.831495
222.311974
211.305280
220.650322
216.207358
219.898001
208.192095
206.557267
207.296497
206.568406
211.808908
227.443547
211.066279
211.185298
207.789012
204.778253
215.492363
213.966216
210.014090
213.335396
209.249597
208.191730
203.922479
204.710761
207.485175
209.265962
214.068571
209.674521
218.578825
207.542339
226.564590
207.534637
207.785999
209.614610
225.408536
217.828596
208.863368
220.952982
221.302148
216.887711
210.066920
212.261789
211.468960
221.879978
216.279593
214.749731
215.584275
219.932130
205.256543
203.237253
204.359156
204.507208
207.062939
210.158507
209.949499
209.433445
213.724374
219.972494
222.919078
225.360428
213.456437
215.501846
227.107956
216.223526
224.641335
220.055760
217.141085
236.225820
206.473524
203.178115
207.210839
203.134242
214.832607
209.802687
217.244164
219.949134
207.465083
204.110153
203.088466
211.598428
219.293695
218.686893
219.980719
220.625562
223.184440
223.004182
226.231530
225.674921
233.058313
225.650879
230.831620
210.910437
208.501220
212.480312
203.983977
211.045429
218.725640
227.654401
229.033957
220.172827
225.177543
208.456451
218.874316
212.617836
220.655646
234.969192
230.217585
222.616281
238.420103
224.596280
210.844523
219.696926
224.931686
214.304887
212.834648
212.612277
207.361340
214.440208
223.910818
220.528041
225.244152
218.295552
219.719946
215.401986
224.955503
224.594305
222.547470
242.789422
221.524451
222.202346
214.980179
218.804747
205.103747
215.500022
212.510006
234.012324
229.034664
220.176322
209.303541
225.452493
220.790325
215.246662
222.565249
204.476442
212.817995
207.230917
201.875238
226.958544
227.005468
218.549717
209.932581
209.463698
212.236359
205.937114
217.883195
213.871410
220.685103
207.455021
214.451568
208.883479
211.635974
205.285482
214.513614
217.223582
213.291226
224.475076
209.485625
212.287811
207.708920
211.797237
215.497460
218.933022
213.893009
220.720188
217.919627
214.501996
224.168366
215.604097
213.692142
222.333383
214.664643
208.308032
219.570777
208.320927
212.717913
214.901723
206.676367
201.212971
213.697497
219.564245
218.378866
214.015906
218.332806
223.083686
230.218575
219.536936
227.592778
222.293090
231.476973
222.270080
235.016133
240.109789
232.654564
219.493621
220.156861
220.156861
233.751012
237.167853
240.037114
239.800649
221.899408
210.691469
220.814233
222.589531
218.608822
220.777818
203.280387
203.250630
203.974303
206.430485
212.004110
201.682594
201.051056
206.568171
208.391616
209.085012
217.310816
207.550834
212.725998
202.176330
212.398264
223.937524
219.306321
203.251779
207.687694
207.651765
208.381603
227.123233
207.506343
220.997664
207.195395
223.805036
209.189013
205.482723
212.866892
211.066728
208.575064
209.111260
207.551990
213.864916
213.089044
202.850193
209.196667
208.330661
201.839750
209.258722
207.352503
209.473126
210.210300
218.404455
208.743630
224.053098
225.075030
225.002210
230.084988
227.864826
228.931966
212.774888
200.459927
213.581976
206.131972
201.194454
200.508115
206.138632
213.489047
212.778425
213.563991
214.293982
206.845084
223.402273
222.322724
222.330621
207.235852
207.286735
227.870464
200.188431
199.478949
208.561789
209.270977
207.556292
215.685943
223.124052
222.361892
202.119298
209.530912
206.653660
203.102272
209.426253
207.708986
202.075186
208.431561
206.634306
212.734534
220.154004
222.490212
207.937919
202.970875
210.356423
208.540105
207.948785
215.404209
213.550767
213.058742
212.940888
208.272212
215.722858
212.878841
210.308625
223.711189
205.797806
220.755702
210.781335
210.092018
218.145581
203.560663
195.456373
203.690961
210.463189
219.899535
200.406639
201.086475
201.307786
205.473276
204.727933
202.731272
202.989125
219.445258
203.792771
211.564831
219.461629
197.144189
201.653447
206.270874
205.524723
207.803381
208.480998
216.077221
208.823101
215.935094
221.107601
221.180074
201.398635
201.177105
207.983534
216.457014
207.892607
215.300325
211.968244
206.475946
212.104816
220.274367
221.982308
224.714098
217.484095
218.517399
225.209308
212.102335
213.104083
213.028229
207.514655
222.374967
217.567444
224.135597
206.748440
209.417595
206.606132
212.184712
203.226733
212.170299
218.782443
226.052585
212.662945
210.960630
217.832855
210.908437
216.165723
217.103870
201.453928
199.730543
208.238269
200.696785
216.075409
210.668210
211.694641
194.320300
194.246795
210.597952
216.622850
219.353832
214.513366
205.260191
216.720638
225.454167
213.826519
202.188356
206.511505
208.250800
207.413221
215.466171
212.962109
211.553515
215.984330
208.417460
212.981068
217.515694
219.726407
194.226716
194.344875
208.729596
200.724975
207.406655
201.526777
218.244396
199.804747
209.225459
209.852289
214.285261
213.399622
212.788974
213.401754
212.816893
213.410950
213.411170
220.080019
218.020220
220.503254
221.238333
212.716592
207.281937
220.583304
217.033754
215.209514
221.655264
212.400408
207.357279
212.401907
207.383577
207.984302
207.985958
199.734588
201.416421
200.684891
208.316965
210.917894
209.763069
194.235208
194.283181
205.379417
204.277479
207.173472
199.778782
206.675479
201.257581
202.299280
196.843365
210.442970
207.748883
223.100381
212.632710
207.289290
212.724646
219.948633
207.339270
217.121609
212.465448
212.782058
207.465691
211.166371
221.350876
212.633740
207.289844
213.799404
214.841940
210.134364
209.174344
224.133494
213.897504
208.582486
225.304641
218.519958
217.498447
213.177391
212.188034
194.409917
207.498441
210.160134
215.732861
197.456433
197.593885
213.862665
197.053823
210.161511
206.457374
205.655402
202.546389
204.297781
198.055806
202.446562
208.738835
207.472487
212.462360
207.257146
206.503115
204.339125
205.064763
198.891026
203.326989
197.786973
211.393168
214.569235
214.678088
219.768477
225.098961
215.406009
204.903110
208.345918
202.179413
207.454148
214.200555
207.565483
218.000875
207.565566
216.821960
224.401792
225.155436
210.991502
203.202994
203.138321
212.672100
209.290132
203.088278
206.479851
211.893129
206.466902
214.200762
209.427649
197.801512
206.976850
203.257353
196.319524
190.861808
194.464784
190.787969
216.133104
213.687944
198.040611
196.320071
197.283135
203.884923
218.169363
211.483897
200.788339
210.004026
216.647785
202.200790
207.610107
203.093183
212.869861
220.106361
221.611701
207.416262
209.155661
221.930493
208.399508
228.078209
223.634594
232.360543
232.473169
230.392281
207.812712
207.055413
196.838024
207.042981
206.012517
195.838672
194.176334
213.500019
196.153571
206.370001
205.313994
212.026612
219.373360
231.304158
238.782434
207.547593
207.543596
223.726637
229.242667
207.050928
207.503426
206.703218
212.508663
208.390944
201.303232
216.562144
201.200450
219.191739
213.966746
204.833293
203.155586
207.470431
208.118763
207.377203
222.997173
210.989001
228.693040
224.525816
209.174682
221.065888
204.770772
211.178917
223.080472
229.585611
214.453795
215.142731
228.990107
215.443500
200.705643
216.007191
211.852961
200.735375
218.094017
217.032167
208.358197
206.637754
218.549750
212.323417
214.505679
232.519654
230.356041
232.455225
230.456693
232.531131
234.675956
202.111487
203.278405
207.312794
197.123080
204.049972
203.331372
208.085491
204.938439
197.850489
206.083924
197.782220
221.804496
233.556065
207.714660
226.192101
207.560947
203.178162
209.969700
219.311875
206.028166
227.276459
223.270839
219.099354
223.428068
195.295281
202.193899
207.468073
195.325344
212.680733
202.167417
201.224356
201.189035
221.785748
224.591508
213.505720
211.311582
211.794322
220.734861
220.794555
227.781455
221.629499
222.425710
221.554571
236.424347
232.981908
200.490564
202.276760
206.120636
211.714434
202.267478
201.705764
206.592911
212.240021
207.908196
213.500080
201.203470
200.449660
206.185047
211.746979
217.859000
219.188614
211.955835
213.670945
218.853770
216.854739
222.388041
217.841919
223.344168
221.181593
232.361155
219.490007
223.326380
214.527021
214.480945
217.690637
221.552361
220.631232
220.585305
215.234121
219.763110
219.875883
219.874507
212.265465
226.810268
218.318612
235.425191
235.345228
220.847915
218.807180
232.044941
211.593595
214.232227
213.790770
209.848627
216.023744
213.053340
215.245613
208.688672
218.359313
222.530080
224.152261
223.157837
217.925143
215.564825
224.383281
225.507121
223.191482
220.418641
224.150728
229.821571
221.762402
221.739054
215.230630
217.168468
215.332471
211.520601
212.704407
215.870905
210.935299
215.860011
210.796703
213.864060
218.994181
217.313569
212.738057
211.616430
220.362038
230.829938
213.464325
232.415449
214.138782
223.380274
222.227958
217.875699
219.504762
223.268714
215.377101
213.693307
219.014589
222.185763
210.908687
218.324232
225.509509
237.211507
228.041863
227.937008
214.084487
219.485908
217.766211
217.797115
218.918355
218.870921
227.841234
234.261452
225.054495
225.064206
227.981986
208.628379
212.298574
219.416518
214.561884
214.515575
231.831615
213.461421
234.182052
208.752090
207.665946
208.312545
221.055006
207.626508
213.590525
206.903876
213.258551
212.797915
206.111878
212.485462
229.760695
221.481689
219.330730
209.472757
199.023284
199.089869
219.344593
210.599069
219.542878
204.323502
205.806756
220.201283
205.104428
204.313057
209.506334
207.178390
218.418394
214.969753
221.185252
219.435663
201.415550
207.108488
191.991813
197.429595
202.243680
196.076111
202.289227
208.333622
206.153241
208.878513
215.126494
226.664960
198.046706
199.840910
197.161219
208.223987
209.286078
220.603456
202.948717
214.377542
212.606108
203.995591
215.039875
214.381194
203.287709
205.018529
202.478179
213.500494
213.490017
214.154304
214.177224
201.264540
202.381830
212.444003
213.539374
214.214924
213.569130
229.808745
229.069421
200.915413
203.923689
196.317683
200.253314
202.182246
200.916395
202.870086
212.589627
212.745071
214.257223
220.558574
233.917165
211.826203
228.595670
223.885618
222.392699
229.817110
230.467863
223.805679
210.357619
209.239844
209.738236
209.471101
219.074926
219.101591
213.787461
226.909537
220.794136
219.912821
232.708402
221.532940
229.684244
218.413301
220.786126
219.786175
226.815069
222.633653
221.591340
222.237118
206.119572
216.428925
216.474225
214.457374
203.362393
214.614873
214.599659
213.392208
222.567090
210.453861
224.095932
226.572403
229.788483
232.853576
235.671374
227.533952
219.227516
215.657555
215.031179
215.608652
210.477728
216.880705
220.172093
215.664624
222.085199
222.038638
210.735183
217.706816
220.089771
219.469241
221.065774
214.918201
221.325567
225.652650
219.163551
221.223403
221.239652
222.074293
222.108339
215.682716
220.714429
207.554764
207.525516
222.835956
222.791921
223.710405
213.717182
222.361920
215.715175
222.153011
214.783608
218.563639
211.116789
217.627270
230.922797
223.445920
230.959876
223.479857
224.172527
238.887723
220.934575
218.611200
219.861992
206.655865
206.583539
213.927076
220.701595
220.881728
210.909596
210.389202
217.672732
210.346521
216.495722
209.895362
210.487938
211.374760
215.852606
217.150927
215.920930
218.035274
215.358706
219.806467
207.805814
212.989052
209.306919
209.164279
223.828944
213.956337
210.316932
214.010623
207.732577
219.489236
240.756286
224.308502
231.621443
240.079651
221.913366
222.665086
215.687083
215.785612
235.622376
231.373623
221.030143
225.479608
210.206819
210.118433
210.613939
226.401889
224.368887
229.634333
222.780800
213.457951
223.787526
216.741729
217.769728
217.013422
223.235016
215.530830
215.525843
226.291214
225.443687
216.709746
217.752928
222.151745
217.397726
206.278902
217.477101
211.375232
218.408849
215.341764
217.418480
211.862979
245.357141
243.204837
229.404971
217.576141
240.627607
235.633575
217.293993
220.339144
215.655814
210.139952
231.044823
219.993377
217.719514
208.165555
208.078002
208.534423
229.202077
217.223622
211.351269
225.759590
213.655393
219.805019
219.076203
222.255423
214.305741
215.355859
205.163149
211.966033
209.271706
205.280896
213.052775
213.071189
207.516982
209.368649
209.803644
217.081266
214.844281
207.687861
207.645561
214.298628
215.723675
216.047163
219.884932
211.338031
217.490168
219.702523
214.692547
225.863069
220.669956
219.098592
224.111693
208.742087
214.977931
208.690584
218.655309
210.217619
210.764737
216.467020
210.287639
213.836841
206.580524
206.598734
220.553147
212.000479
196.721834
196.009491
195.923956
195.086078
195.817901
211.647914
224.947177
211.647670
202.447117
203.929387
202.182549
209.630536
202.149751
203.216849
214.298496
210.870705
209.087886
210.112375
209.755205
209.243056
213.922401
223.872084
227.227776
221.770814
213.964098
221.769119
207.571470
206.461334
208.028520
213.454286
209.448409
215.151627
203.706272
208.255104
213.426432
216.103166
215.124996
197.896552
219.742421
215.271418
202.936321
216.046610
208.328245
216.973844
208.100339
208.546960
209.845860
209.113532
214.165591
209.023750
213.450343
203.248430
202.707274
219.304408
210.799659
209.964092
208.769904
220.998037
216.244124
218.847968
228.658884
223.337473
216.978099
217.026727
228.555608
215.842011
223.212653
204.965059
208.475137
202.721723
203.497592
201.686672
216.105943
224.216740
211.232744
215.567998
200.384948
201.405692
206.657915
206.555876
201.063892
209.161583
195.388678
195.401630
194.417215
194.669878
196.098556
213.096325
197.448771
198.587308
211.957612
197.852870
197.152792
201.450243
203.904079
204.120081
211.457828
210.734773
206.340323
215.883749
217.612668
205.842243
206.708767
207.551824
208.522098
205.724129
215.950335
217.646061
205.065955
207.782315
207.482142
209.782476
201.326747
201.006656
210.687460
209.592910
203.131151
210.779665
210.647303
201.343060
202.540069
211.519183
202.127005
210.768462
211.411607
211.418130
210.290411
202.745382
200.971686
199.207687
204.018314
203.004403
205.767644
205.168260
204.795893
207.463797
206.525253
204.847419
217.470874
225.421317
201.167994
201.202936
206.343058
203.573963
202.242858
221.795519
206.438391
201.206888
211.708733
207.520402
201.464960
208.027875
205.310907
203.192659
209.085545
206.284964
205.501726
200.263334
201.387530
199.469439
201.289582
206.507467
216.694489
215.589833
225.525452
214.970073
222.470674
213.539359
205.873268
207.839888
207.536987
220.642490
202.094387
236.087235
196.668246
202.834759
233.136499
199.539277
200.296809
208.170125
201.438898
201.210842
200.430800
207.025582
197.039395
203.205835
208.034602
198.849024
209.863075
196.307379
205.794414
202.541992
204.811956
200.657676
207.393054
218.105716
201.446211
199.581201
213.425579
222.839441
202.350824
201.232928
211.598938
202.276575
222.796915
196.958580
203.171640
210.626390
226.032494
198.160303
204.443174
211.795596
200.676710
201.375962
215.044895
215.664888
216.729984
225.569130
197.793924
204.029623
201.262186
199.663284
208.061002
203.109626
201.466202
201.531561
207.054843
201.226625
206.323575
202.184323
201.193735
190.716633
189.606859
202.697039
191.464935
190.399859
197.053108
201.289695
235.330374
230.829971
218.059779
226.979172
231.491093
217.829827
213.978252
215.562281
214.293056
225.913162
222.206977
222.636644
224.795538
226.196887
221.677246
216.941468
221.909050
211.928487
214.137823
212.198078
218.417886
212.930327
207.351075
213.768619
202.399235
200.297353
205.815566
212.010958
218.814804
209.719081
215.821546
221.998172
232.428935
229.406399
215.090111
210.645378
211.749412
215.070973
210.645036
211.729500
216.456535
209.516949
229.858455
213.342998
216.454828
208.591984
227.260732
209.949906
209.861452
208.208427
208.146130
210.179181
220.313448
219.208882
208.655904
207.900821
216.225514
210.874746
223.292453
216.523646
216.448219
215.312584
211.620218
213.440877
218.113452
223.346226
210.486047
216.295382
211.622012
203.938524
200.959832
200.993361
217.644671
206.572944
211.193541
205.597476
201.299592
218.305016
210.219571
203.097438
215.466468
214.369430
213.795037
217.251691
208.994047
217.284138
204.759707
208.307355
201.339238
205.809278
199.520954
210.777745
202.949386
201.280698
218.844324
203.097346
201.370897
202.081741
219.764879
208.527867
218.157456
203.146443
202.072826
218.403756
199.435451
209.084792
201.176190
207.985027
217.700530
221.268530
214.257274
209.849655
221.425674
246.148477
238.685047
234.669698
205.217989
214.451292
222.463104
208.692783
212.156617
212.083853
220.222554
214.290329
217.715387
210.544145
214.253745
214.022119
222.702827
216.502959
218.478079
216.378890
221.808867
219.869300
223.888645
211.105660
233.959010
218.296292
243.602442
207.754377
212.160069
226.121970
215.233148
214.456540
220.022012
216.886608
214.586512
225.071116
226.517456
229.608245
234.614946
229.488475
229.744254
216.987388
215.083630
231.421642
210.595855
214.268328
215.018286
221.613538
245.873843
216.462430
221.860516
239.323110
219.962206
223.939396
227.364425
219.910757
243.467120
212.955901
221.147758
215.640198
233.152401
218.465722
224.131506
212.204083
207.637593
213.032473
225.949493
218.893424
214.065121
214.368715
214.968918
203.312444
206.178724
201.673668
210.750517
224.637451
212.539941
199.964319
202.485268
211.467555
217.768742
200.553056
212.436808
211.395192
217.640218
206.161973
210.707203
206.947782
200.680232
211.494281
237.747935
214.369405
207.758437
204.078001
204.027121
218.674836
219.792464
207.708456
209.124186
209.460378
203.110091
207.612159
210.539715
204.222525
208.772100
205.520259
221.884832
208.492050
218.708566
210.139854
207.743594
209.458688
204.193296
202.418931
220.448360
211.904868
213.899302
219.046636
210.081636
214.710934
214.643106
203.039335
215.305600
214.634253
215.308512
213.507536
203.111006
212.646392
207.696313
201.331673
211.673381
205.869548
223.378565
206.212573
208.955911
217.719155
210.821053
213.942907
212.918443
217.039272
210.589168
223.971841
210.600857
226.725734
230.172373
204.239687
206.087002
213.462428
211.802943
230.081239
206.803209
214.152674
213.518616
220.654430
199.986980
218.861609
218.897681
224.369833
224.443493
215.474174
215.502446
222.140805
221.043063
201.876427
209.252865
207.523106
223.416586
203.929153
206.569096
206.660843
212.914888
208.671879
220.181592
222.036250
208.328590
209.968994
216.328087
211.049167
218.569791
204.420880
220.383727
223.748456
212.401087
212.384737
214.048523
215.051240
222.124685
215.787674
214.957644
214.011736
227.799256
214.622914
202.290884
217.034075
203.383502
206.859024
205.763201
201.700874
211.336849
225.116513
225.064993
209.920618
226.213960
224.514573
212.366322
212.379923
242.186044
220.821936
225.608020
220.668232
210.427854
207.169900
223.992351
209.796258
216.250245
224.360803
210.247330
214.804816
210.353745
217.617174
210.810250
227.977306
222.801179
211.592186
208.704446
213.839769
213.115373
213.885759
216.162197
205.426136
206.538239
213.827611
206.556906
220.599927
217.882447
215.777230
216.862748
215.733545
225.620547
215.230485
215.834002
218.637823
211.128494
218.386830
211.114362
225.191699
206.830769
215.996312
207.442614
205.796651
206.720785
205.791737
212.779981
206.865426
215.033310
218.649082
215.571736
219.347521
226.638309
215.591589
218.688336
211.532072
208.232373
218.829771
217.318315
219.282257
211.432434
218.654199
224.005085
219.843756
212.594112
210.935832
215.927770
215.300523
215.914543
218.279051
208.310742
212.728011
219.051818
217.175213
219.031171
216.963897
218.052250
216.894673
216.347006
220.362992
219.762829
207.999639
212.980221
217.028341
208.543464
206.867190
207.822558
206.834152
207.846026
222.424580
211.936264
217.251194
216.073889
222.828486
225.075697
219.657627
220.665005
232.619618
229.605152
206.236200
206.237582
224.648729
218.860694
223.208013
232.041747
215.321630
214.892266
227.466399
208.667187
208.236558
219.603472
231.332848
212.535750
216.360913
222.268315
212.492123
218.701657
234.259325
219.412301
215.545486
215.021710
212.907940
219.691701
216.773926
212.061896
233.956034
218.171294
217.647546
222.041303
219.157608
236.796017
234.439667
210.333036
210.922567
205.844758
206.591249
209.170951
209.727606
208.582419
209.743528
219.174523
209.603768
208.523539
207.572275
208.987088
213.634451
206.891329
218.118889
214.143469
216.024070
204.151550
202.622506
203.567581
203.426830
200.922295
202.843187
225.521915
213.325118
213.371255
217.102546
210.898716
212.595186
220.858062
215.582607
211.545318
216.037997
217.706074
220.549250
216.422178
216.503697
218.271890
211.531884
206.205062
214.909257
211.148154
210.805916
215.177876
215.188274
211.949924
211.933691
211.181686
218.303297
225.833882
217.791582
213.718104
213.659148
212.906892
217.063257
224.236179
206.976407
206.957324
212.297610
212.923326
207.764080
213.667226
215.440391
213.141355
216.617164
210.524378
205.911049
227.246473
209.394410
210.208486
206.680984
211.292783
204.728445
205.752429
216.192301
205.728366
217.210877
207.380367
207.187903
209.376017
207.575407
204.007615
204.062850
207.050959
199.562926
200.388384
207.557833
206.576783
218.080952
208.745563
201.968817
207.664750
207.309639
202.198130
218.026345
206.891203
201.809046
208.613173
210.331648
209.073061
208.418918
210.465975
207.229874
206.565067
208.193888
209.004793
224.915108
216.142639
213.146643
217.760536
205.750573
205.742625
203.113563
201.294547
204.015273
199.562480
199.631772
202.041710
200.273133
214.748594
205.178475
202.704035
204.594769
204.381602
200.936024
202.853240
220.113636
225.258961
214.025797
216.550684
217.308850
234.770675
216.247029
216.317891
213.467156
218.186002
224.006701
189.589272
192.212112
192.175349
187.891015
189.942042
188.910756
188.257787
188.910450
187.208869
193.282766
194.024735
192.984137
192.223000
192.161946
193.306590
193.274999
192.942819
199.992766
199.294288
193.947454
194.171268
193.948939
194.023241
193.018073
192.952635
194.076336
192.211855
194.243787
193.331902
194.022277
193.313463
192.351684
193.290898
195.098289
210.696008
193.306030
194.044143
192.295198
188.886844
187.108111
194.073340
193.069816
187.836687
189.585496
211.076354
211.112037
211.585598
211.051780
217.223429
224.454959
215.952716
218.588436
206.970037
215.626422
206.481465
211.187563
211.147680
215.664432
215.161333
211.604080
213.584635
213.051409
220.436313
211.833698
212.625284
212.091024
218.308541
219.627068
201.196570
201.857700
187.859477
198.128205
193.103454
189.606601
198.779389
201.788931
202.525892
194.312789
195.989358
193.282343
194.992859
196.536455
209.482120
194.304680
192.602566
210.343198
194.063376
193.322127
199.193076
198.213600
199.134495
195.387504
210.272144
195.790527
211.312982
196.013926
194.277782
208.874708
211.597704
207.072863
211.598208
206.358988
206.323303
207.088162
200.984585
199.185538
201.203057
199.270715
200.239070
201.017762
199.255158
201.235538
198.571308
199.495006
210.557939
199.231783
209.699460
192.339459
193.012845
200.228248
200.140993
193.223630
194.970750
207.818774
207.822409
211.597311
197.624077
195.101309
208.771661
194.413493
192.545498
194.325862
196.992120
201.197369
194.357327
193.662152
195.767271
200.173881
209.552210
206.342656
206.357323
207.054651
206.403841
207.150709
206.399926
210.422500
215.934227
215.640463
226.658126
212.651638
213.361505
213.307552
207.046461
198.499047
202.628704
196.713689
207.064270
207.364694
196.260639
194.488411
196.169137
196.937118
195.181975
192.552807
191.487160
198.779902
197.023897
190.822151
189.758431
221.163001
199.509315
218.190885
207.871620
208.625584
207.522231
213.207228
213.187482
211.393883
202.892039
210.528821
209.505442
229.241583
229.169771
220.053840
211.214008
211.965021
211.973122
216.612097
206.663638
213.472152
207.680903
212.371533
221.578596
221.724635
211.523126
212.232482
212.262454
218.641050
219.351319
219.327518
223.965986
216.909507
211.295456
209.433915
229.686480
220.432318
218.574723
215.128519
213.058668
207.714325
212.566693
213.276543
213.255446
217.902457
212.338655
210.384410
214.844730
220.344968
206.985311
207.738293
207.577490
212.218266
226.430098
210.939738
225.059416
223.963599
215.142082
221.499144
215.271662
210.362316
210.360645
221.754570
214.883551
228.205199
208.709271
211.129409
211.126030
228.322115
204.386855
221.012944
204.530468
232.079854
218.557717
211.545743
217.668834
217.848066
220.419285
218.487861
223.654554
225.789379
208.915809
212.295896
211.057070
211.053708
219.547219
221.288212
209.258238
209.256326
219.207315
213.977416
216.413901
221.779418
217.234566
217.206080
235.657693
212.980361
212.953093
230.231473
222.141309
214.082473
209.760442
213.877496
219.296124
205.908521
208.881692
222.066544
205.451018
215.857333
215.841759
207.280699
210.519088
223.105250
203.960188
203.713457
213.748756
214.163037
206.246002
206.152929
214.794597
214.196073
207.477344
206.326577
202.670674
202.696153
202.774647
213.002896
201.192084
200.988881
202.331162
205.497856
200.323763
202.593603
197.624987
205.419778
201.092879
199.905821
201.216133
200.833625
188.914817
202.588109
193.275016
192.636466
202.011193
194.011544
194.394373
189.651149
194.535970
207.250625
190.699623
196.929413
188.971076
206.289513
221.244461
213.021289
212.993455
225.724821
213.033682
213.035617
220.596897
207.878634
207.879043
218.568344
217.555423
223.817294
226.619038
219.658353
210.426809
210.429144
224.447668
215.182915
224.644724
235.621733
230.225440
220.711796
217.226196
217.200569
218.027706
219.236654
188.908920
188.930853
194.305720
194.255666
208.113207
193.561687
193.537178
209.079346
193.409937
193.424661
192.617922
194.315149
195.154279
211.627814
196.021054
194.252789
193.328542
194.070135
201.138405
207.919828
199.146431
200.877095
194.287903
195.919811
209.377506
203.203199
210.723818
214.183510
207.659701
211.460111
209.582674
206.769349
205.967121
236.896642
213.748861
221.318154
244.184787
223.643397
223.547295
217.031096
214.528354
216.640580
214.726679
214.746589
222.695356
237.023982
223.904894
231.284425
231.322137
209.716426
215.155641
231.780939
212.793782
207.729760
223.770989
223.642613
209.773929
230.824320
230.984107
223.527173
223.353954
215.204500
211.830945
210.166019
212.409801
202.870738
216.550126
210.836886
217.097880
215.860146
214.631231
215.885109
218.464271
211.598412
210.643211
220.001935
200.340641
200.149165
206.501787
217.150745
225.222939
225.222261
218.047206
218.153007
204.605392
203.602368
205.396759
219.665444
219.771234
213.308054
223.741649
188.340570
195.114048
195.038762
204.390073
195.053998
204.204154
195.038669
204.506978
233.466437
214.276314
214.349478
217.097009
210.786719
224.328628
225.637842
209.213223
211.365326
217.184281
210.871968
225.635919
209.298889
211.450867
212.737502
201.382602
209.013449
207.641737
205.581101
208.452321
209.598177
190.660686
189.630655
207.059858
191.642638
191.278954
208.109938
189.256146
189.212562
198.281344
189.222889
190.899567
204.588402
208.040925
209.773296
207.354888
208.115062
205.665446
203.638155
206.309780
208.831292
206.209783
206.285415
202.477699
206.986418
208.195907
201.070383
201.042459
200.103946
201.814721
201.058345
208.265215
206.426100
206.296509
201.165513
202.635295
201.045647
200.774024
200.049920
208.220561
206.450837
206.320975
201.331036
201.059867
200.336113
207.338093
207.364975
201.051769
201.023778
194.358478
193.994895
193.023894
210.758239
201.221292
209.277537
202.899739
202.190096
202.139066
201.867325
201.187161
209.417018
210.026472
200.287485
196.008271
201.165563
201.049973
194.929799
201.022905
200.950693
199.909242
205.526215
204.510111
198.466797
200.977057
204.554503
200.304446
198.594181
209.856023
216.972199
200.222601
196.122902
208.063570
201.311286
199.646718
202.106872
197.621970
208.853108
202.811444
201.999194
200.324156
196.613906
202.739190
196.902067
203.025858
200.253195
200.304711
198.571257
200.263875
201.015029
202.550984
200.843605
202.697853
202.614321
200.868528
199.376742
201.071458
201.697360
200.621474
199.985237
194.025006
193.690527
210.140311
210.002478
203.586198
202.873749
209.264024
209.915978
210.970233
201.875474
202.498157
203.632518
207.297386
205.525918
196.506120
208.685371
204.670517
204.667207
199.157210
194.097926
206.956361
198.602197
200.967036
204.661148
212.133887
200.424419
206.317209
204.831151
205.739435
206.494474
205.448133
205.805576
204.637837
206.540802
204.765577
207.260747
211.733862
206.517248
206.109615
211.000449
205.298445
205.281139
205.744966
206.427412
204.659921
207.053135
194.785422
200.226525
198.401093
198.418742
198.490373
200.201594
194.849555
207.004348
199.354842
200.880046
199.132643
198.450836
200.157112
198.425216
201.025288
206.555942
201.116031
205.524710
205.366120
206.354559
215.800380
201.404355
207.619150
205.780904
200.508984
204.917164
207.134921
205.482966
206.506364
206.461414
214.209396
214.419953
212.789742
207.626202
207.873506
201.525722
207.323957
205.678511
210.976466
206.334929
213.384384
206.609072
200.506945
212.767642
210.309616
208.000324
208.088249
212.699184
211.755609
217.992427
208.074022
208.096909
212.680076
223.987821
217.250514
216.247995
202.875929
201.901465
218.019867
203.199464
202.173702
206.881128
216.917162
200.118301
199.293432
196.828964
195.854506
198.567473
205.584325
201.160449
195.059919
198.475131
200.577023
207.226618
201.928611
200.103780
200.155338
200.747145
206.151232
199.047837
198.223582
189.686010
195.733025
205.452032
212.423342
196.013071
201.364803
211.413249
218.199547
198.375055
204.618021
201.999550
197.734061
195.879470
189.081472
194.208895
189.296433
195.757925
214.515137
207.430206
220.491806
213.626125
219.937498
229.101836
208.519724
214.670216
208.383509
219.423444
214.435565
218.026525
230.195184
210.936104
219.837257
209.426902
221.487214
215.623204
209.678473
201.027514
194.538224
203.570322
188.237189
196.094371
199.080898
196.184147
196.827028
198.931655
203.659374
201.295848
186.390032
194.155968
198.242727
207.604925
208.211230
197.724604
195.902288
198.483847
196.788722
196.661359
194.966877
210.687981
194.070082
193.360325
198.542895
205.369813
205.335871
221.349406
207.559890
220.244468
206.593183
207.303999
196.980107
203.275049
212.323668
196.507022
197.346959
203.080579
195.029862
197.490850
198.388543
198.464153
210.570425
209.606276
208.955938
209.816067
210.548627
204.624953
204.597181
202.316785
198.424029
198.439684
210.664803
193.292991
194.062918
210.628791
205.477211
205.580716
206.390478
206.389694
199.299129
199.227268
215.535820
220.897756
221.678892
241.706564
219.615616
225.460478
222.011689
210.125180
201.815701
214.366758
219.777184
206.137843
208.445935
201.653554
199.990501
188.424443
197.341338
198.728642
198.002543
210.156169
217.623302
225.147323
219.936295
216.437394
211.930985
215.637999
222.094567
222.993263
218.862419
216.432952
214.584184
211.903251
224.002159
215.192152
213.651991
204.019827
218.913839
212.949309
226.309974
205.866809
207.732444
218.738074
209.300904
206.758553
203.143027
217.545297
202.032944
202.355486
198.965369
209.315634
197.109637
198.839882
203.216821
213.891312
218.066854
211.430264
216.978169
211.256285
212.977811
212.218444
220.791123
211.974081
221.910433
206.963424
209.208219
204.868830
211.106190
203.724662
199.583376
196.978028
197.048030
195.203651
195.212166
194.541653
197.062377
194.536820
197.063976
195.045894
217.502413
218.184568
217.503427
209.093165
208.449629
209.281102
222.075866
223.981073
209.166783
211.012318
243.297031
206.642471
207.684971
208.428535
203.910186
205.009259
202.649373
204.907696
199.681002
201.466465
200.648208
205.613125
206.206436
207.379231
200.365057
213.764292
206.510889
201.780259
203.294941
207.167396
199.377539
201.179847
195.794691
196.928166
200.252589
205.804607
196.893653
200.213998
214.061820
211.006390
219.813917
224.932304
220.936828
209.265655
209.887557
214.839771
209.318302
210.405644
219.174146
214.500912
216.856835
210.776702
210.314045
208.543767
208.600419
208.514964
204.004402
208.940250
218.164854
204.466759
226.902830
203.824244
204.859414
220.577904
214.636147
215.416302
209.244236
230.846336
234.299501
207.279006
212.567679
222.805082
208.212316
207.874009
209.343399
218.792783
204.141792
213.358088
214.510447
208.790055
212.275305
208.609840
224.018633
208.496038
203.060295
204.143136
212.494172
209.782400
216.501309
230.240814
219.660142
198.705764
199.787075
208.093971
208.001976
206.322536
207.439966
217.634697
201.285642
213.595276
206.760039
202.333472
201.078790
205.631608
216.261720
209.823826
204.424106
226.650123
212.838921
207.470890
206.473665
206.843346
212.856216
206.801432
217.081804
213.502096
213.550512
208.202033
230.168504
216.267241
209.476860
204.130388
226.146433
220.742163
221.877743
204.042447
205.091408
213.580901
198.694372
199.742894
206.285568
225.077589
213.635842
214.745772
224.000521
208.619838
208.797600
203.338254
217.178409
212.553981
198.101427
203.025022
204.767350
219.601952
206.137705
205.486689
204.901708
200.852839
202.575840
202.399936
202.133005
207.955850
207.257281
192.584327
194.103981
194.350740
212.454046
196.591982
210.746669
194.864627
195.260328
192.610454
193.348296
211.696427
194.772362
211.438169
212.482325
203.453432
197.923022
207.855248
211.764958
201.750458
196.221775
206.141523
201.225298
200.430495
212.596958
209.275775
213.763549
213.763351
204.290850
221.365089
212.592333
198.077778
206.942995
211.149330
202.312476
203.596163
201.572822
197.382314
205.532829
202.090458
204.122553
202.256492
200.275162
203.938663
243.477607
220.582519
219.940962
223.277276
208.017895
205.384669
206.852132
230.058481
213.465264
215.222770
207.880336
212.757291
214.514422
207.205415
212.747737
213.508226
207.163069
202.837634
195.110249
195.527534
214.235384
213.235566
213.918147
211.679464
194.729556
195.090190
209.535874
210.392892
204.166020
213.683856
190.797680
190.963539
196.590577
212.400458
196.551006
196.867794
192.804775
210.293573
211.074842
204.899642
190.670873
222.297752
208.267185
199.436155
217.871331
199.686736
199.594118
212.471576
199.461968
216.628957
200.298892
205.706952
204.707688
204.700012
210.978137
206.603460
206.367861
211.722677
207.807352
206.421080
206.105970
206.119144
206.863809
216.211078
207.299236
202.890673
206.501320
209.712541
207.541197
207.229796
208.346325
208.767268
205.542179
201.134310
201.367246
201.462577
203.551436
200.413810
200.439886
201.383736
207.675230
200.567695
195.223619
201.070719
195.278990
202.154619
208.345532
206.382824
202.607992
207.463722
208.000441
208.326948
218.923692
201.381814
199.552543
213.525305
226.035643
200.349981
195.943180
213.127065
202.093605
215.216297
205.592856
201.185910
205.458629
206.561133
205.791633
208.055565
206.572276
208.372811
207.067045
205.529053
201.122588
199.592881
201.369143
201.467129
213.062193
209.685111
203.580389
210.111286
198.721940
198.749674
204.595655
209.801742
204.147678
199.675836
205.760237
201.596186
196.253458
212.449292
202.098755
196.975417
213.195878
203.866694
212.033856
202.593467
207.909011
209.708058
202.956713
200.424907
237.736033
226.268312
226.361639
239.390207
237.382399
254.614964
253.126543
227.458040
227.550991
242.137721
238.045599
232.404897
242.138627
238.218642
227.003488
227.097450
222.857829
221.807783
230.597370
220.428842
229.884029
228.697304
225.603121
224.553749
230.690939
226.825854
213.762623
217.889464
214.667798
215.840899
219.578483
239.425009
243.531594
208.213480
220.411095
210.308181
206.706649
209.257342
220.438946
211.518852
224.417096
241.679666
237.307978
233.459649
232.277023
231.325139
231.418586
243.857555
228.524353
227.299259
224.729980
234.798860
220.382476
234.884320
243.953409
218.396986
226.679816
223.676847
214.047599
223.015624
229.306346
213.677986
226.423928
209.807726
209.427263
228.480162
222.796896
217.003426
218.134670
253.160946
244.024803
247.073123
244.150251
208.714371
221.180827
222.936765
210.263372
209.540100
209.700606
209.599171
212.313997
229.002534
219.638304
222.335165
230.641128
224.049129
229.404714
222.815747
220.731151
220.353139
225.066483
233.816986
222.572570
224.601611
239.539432
227.185144
231.807571
219.001199
227.857967
209.714487
209.026097
224.060110
224.381220
224.380442
229.951758
224.969133
215.457096
214.739631
206.844025
231.389596
213.629066
212.808766
216.066521
216.137350
226.777274
219.755538
216.429128
218.175726
215.833438
208.893618
213.269024
215.632893
221.798986
226.284418
213.016151
212.988215
217.668146
217.640193
223.392366
216.198804
217.195918
209.733174
214.111142
221.088250
216.592972
226.062096
225.971268
227.089156
228.825904
221.881920
227.059243
221.854631
232.147654
246.030624
234.296828
237.533660
238.662395
223.413063
222.657305
224.130897
219.659837
221.176709
220.578433
215.708765
214.479180
209.120347
213.667342
215.070889
230.310942
213.916487
218.791284
228.892233
225.081211
218.478038
209.168290
213.741410
209.805739
207.978537
207.693094
212.266349
205.652512
207.830983
210.201125
205.380124
204.245525
204.617272
213.184953
243.722712
222.482515
215.570669
221.859739
214.455633
221.744326
223.639361
214.571977
210.123587
209.477482
221.785056
217.153065
216.515080
221.372234
230.732431
213.934125
209.530882
226.185100
214.903369
210.289956
238.341201
227.515427
211.291391
211.290495
228.967705
220.632716
206.682904
206.682021
224.386123
215.903540
220.476301
230.378478
235.707467
232.253665
236.381349
241.532874
225.837530
233.324639
233.656580
224.811390
217.810947
235.272763
224.102621
219.776576
216.691775
217.850146
219.777641
216.692795
217.851201
229.584539
225.957143
234.479540
228.435214
230.876854
221.087896
210.633940
207.362918
207.433115
206.483366
198.099011
211.592991
199.973040
197.360012
195.912692
202.568836
200.680009
200.478118
196.999955
206.328663
198.065376
217.460240
197.130448
202.619353
205.185660
217.328174
193.765155
204.282258
199.978114
206.223142
220.523429
195.643793
208.068720
192.962605
202.383511
199.244353
201.402589
205.484915
196.903506
215.671351
209.134886
219.844839
200.055642
217.390548
208.949258
208.984167
208.774870
209.713334
210.427982
210.392477
205.061944
205.813960
205.747558
227.645442
209.394237
210.147154
209.058217
202.641072
219.987848
208.062015
212.738245
208.827287
205.030319
205.070172
205.782438
205.822295
205.759375
205.755907
204.927691
204.607032
208.313405
207.949446
208.436739
215.800160
212.940701
208.377601
209.524061
203.939287
206.356060
207.276784
208.009586
208.494396
210.694003
214.684211
212.716435
208.426149
205.297935
209.616161
210.365216
210.362235
210.303356
208.142334
200.597264
213.784032
205.978391
215.654229
213.909939
204.663133
204.212591
209.668330
204.769423
213.789912
208.989144
206.538860
202.901190
205.274667
201.034617
212.148156
201.057902
207.182144
202.928585
206.429884
207.196625
204.286717
206.442669
203.916235
203.553054
201.001996
213.226428
201.003724
206.192227
205.514852
207.132162
206.421895
225.146036
207.742219
208.461132
202.937927
208.768916
211.778821
207.347107
213.245172
197.763114
210.744168
201.326269
200.293218
212.507885
208.099387
198.735776
211.764893
199.705269
206.332541
209.950822
198.443818
204.124481
198.461045
200.400904
202.171685
202.884716
212.719976
197.173198
201.327811
202.069620
202.296260
214.995009
199.442084
203.152257
203.883370
204.563939
212.793516
225.136979
206.876146
207.519386
212.160219
210.881887
198.712129
200.566131
208.153322
207.604161
199.639534
200.559698
203.104240
201.248689
207.229870
212.223683
197.803223
210.763303
207.186204
196.102665
202.898311
200.496534
204.715106
204.792385
211.763470
201.475378
207.115125
205.757560
205.870596
199.667877
199.615796
218.005614
216.017174
200.273682
195.958252
194.935135
200.961666
200.262826
204.719355
197.065492
195.942117
194.920931
200.951231
203.661299
209.997296
209.955108
216.363972
200.839694
205.668646
206.423770
204.754311
206.006465
205.992343
204.126056
204.098396
213.972746
199.441653
203.883746
202.170283
204.536316
211.661728
197.132387
202.017319
200.304718
202.226847
197.382085
200.719465
211.835667
193.303035
204.572882
201.999764
195.116493
196.992349
195.868429
195.100901
209.360745
209.407353
197.655807
210.569092
210.578332
211.294423
195.895279
202.832671
201.520007
197.806075
197.789414
202.575489
200.673698
196.023378
196.008610
200.758361
214.308094
208.829134
210.593487
220.310948
215.471649
207.276712
208.393399
215.626928
210.035965
205.421020
206.428308
196.323006
206.101902
197.018652
214.171451
202.521086
202.732686
196.916137
199.428419
195.212042
224.223029
201.037310
207.145303
206.534888
209.406158
202.167506
198.959361
201.672500
198.792890
200.054813
206.194262
201.091682
214.785992
206.489207
202.924702
193.609501
216.568801
218.029016
211.458522
211.319508
201.787365
196.962038
201.966577
195.147690
213.670863
205.589299
205.409980
242.589488
221.101817
216.694902
220.970359
222.103587
222.963194
211.153626
219.832015
216.591037
216.289296
219.956101
212.292547
221.407728
209.801515
225.812169
210.591539
209.122157
226.792196
211.562596
200.845309
198.880179
199.238613
193.400069
199.943254
198.427588
205.443872
198.396122
199.373199
194.879044
205.121308
199.480027
201.810033
203.261660
220.085523
195.811980
204.998372
200.393325
206.723787
206.283079
202.302751
208.520174
205.963071
207.408024
212.654319
211.818429
198.717369
210.659494
213.535522
213.182716
210.571686
202.039532
200.583704
201.269778
209.090866
207.268039
208.467054
198.480230
220.621550
197.421949
202.562226
197.882595
196.756114
202.238160
205.538372
206.672123
201.139549
213.298509
207.086495
207.696063
209.576632
219.146789
214.014603
216.369727
210.313493
218.073097
211.439967
220.289190
214.080249
210.007196
215.555736
210.039268
211.165113
215.468986
210.696621
216.233805
210.264105
219.040079
220.258685
212.428544
220.236790
215.850973
211.060279
211.060419
215.767474
219.653230
206.629236
202.190130
207.705232
236.546359
206.701321
206.643396
209.199054
207.313430
203.017958
206.224639
207.352337
201.856080
215.002059
226.829300
209.121590
209.118813
209.727771
209.932200
208.113166
209.043374
198.857949
193.777413
192.678925
195.903814
197.759558
194.107466
207.034967
206.014827
196.004890
206.252317
202.448163
192.872432
190.681950
209.601893
192.872121
192.963680
192.335712
193.035502
210.654469
192.901774
198.366966
213.189902
197.048942
198.412216
197.333481
195.987494
197.830066
197.415738
201.983086
201.986524
197.415483
197.665458
194.689503
201.309017
193.914248
191.676270
193.959300
194.735378
192.931853
193.283543
193.996413
193.014346
193.242684
196.555962
202.216011
218.253223
195.706594
195.707046
207.600856
208.325322
206.630960
200.197732
196.557234
194.729383
195.008686
195.746775
194.767135
194.961019
204.597879
206.384479
191.561866
205.418573
206.178105
207.509521
203.514965
198.512110
198.510705
203.546179
209.810367
199.450848
209.942470
212.671653
198.475808
213.771665
218.122732
198.444348
201.165984
211.660981
193.520188
199.548680
201.337869
194.244602
210.832455
194.544008
202.336414
202.069680
201.346888
192.254398
192.282441
192.345993
211.764971
192.266300
194.080219
193.075623
209.744116
193.376055
194.247817
194.046946
194.343788
192.339878
192.324323
210.676190
194.100195
193.303243
194.269008
192.299270
192.387273
185.578212
225.862328
211.194567
215.226977
213.521382
205.585599
206.953708
207.950835
224.026027
206.272843
207.940279
224.756989
212.379662
197.719827
211.691924
196.044271
214.023790
213.501305
199.599756
195.859022
211.456879
196.847454
195.824733
211.421975
204.463288
218.557900
214.542671
209.066103
226.523199
208.064621
225.822759
247.632305
229.263202
247.553585
254.021141
211.174158
217.348490
231.980061
226.780292
208.316640
215.847116
223.786993
207.510809
208.100145
209.175660
208.702052
214.166749
225.218886
224.013454
207.703338
205.778825
211.686680
214.414244
215.440748
208.309732
216.375373
229.149171
206.814603
212.544749
218.749112
211.617370
211.833837
211.618877
213.836339
219.183886
219.785272
212.081022
207.338163
228.362514
211.590186
212.458647
212.020442
207.111273
208.232936
213.613485
223.892799
206.148358
218.930836
208.938188
207.819563
213.935751
217.940253
212.809507
217.369227
230.399276
223.846055
230.468979
223.924824
215.678501
206.639460
214.685971
212.925863
219.319363
219.232980
219.936475
200.354094
208.484081
208.890755
207.952468
213.113948
225.974948
224.015049
210.931718
204.715223
218.016842
217.251228
218.065727
212.794687
209.012002
217.426542
208.032860
211.709882
213.525292
211.974930
206.775548
216.314609
217.902807
212.003103
216.941502
228.431969
219.243975
220.245242
228.463461
212.415741
212.362996
196.487252
195.667055
190.932316
191.523904
206.226849
197.742658
202.722430
195.919797
210.549746
201.343329
217.903590
203.131816
200.646143
195.328046
197.106710
203.189133
216.111461
202.314894
215.254062
202.124936
202.356706
213.977535
204.587969
204.564834
199.094973
199.176945
198.314456
198.395205
195.077147
202.972943
195.220493
195.902540
195.759026
202.588825
198.825296
217.661647
201.335330
199.534533
195.066541
202.143399
202.742386
195.887908
206.360866
195.947428
199.891240
202.607266
196.730072
199.832315
202.600469
196.767878
203.812797
197.837880
199.427205
198.461249
201.128930
201.804186
194.942497
196.017898
195.006840
216.429150
222.968892
207.326282
207.327010
210.322753
208.555144
202.319783
215.500609
211.459010
222.900456
200.401754
202.223572
194.997825
196.888723
191.716379
190.576963
196.822268
196.731535
208.165280
213.420817
209.050506
212.376607
232.042895
209.375614
208.118970
207.306199
202.226486
201.404389
202.221742
203.329063
200.417324
206.479873
208.083589
203.255822
208.335545
196.738173
200.753373
229.936116
227.117875
212.580564
207.468104
208.261607
194.837345
195.988341
204.991202
205.767388
201.057454
197.388193
205.480743
200.073938
198.069815
198.351345
199.104333
198.125289
206.539957
200.259686
198.450889
206.526285
204.656842
198.682538
193.310224
204.765027
205.897720
212.882886
205.559006
201.087310
200.070611
200.862524
194.800586
199.846646
193.044984
203.593309
204.619791
205.763372
194.889199
203.107434
209.867524
209.925984
201.303017
198.025646
202.996312
201.735481
202.831682
199.567011
198.800086
194.221042
195.154694
195.979230
198.636545
198.229306
204.172413
199.221770
197.755343
196.627560
202.047876
199.086995
199.389046
201.033781
198.196524
198.463523
199.168861
199.409595
211.065653
217.758784
213.857146
205.113176
204.021133
208.703190
207.825337
205.083208
199.665197
214.302523
216.337133
205.797956
224.850512
212.842508
202.058856
212.873300
201.779441
211.188628
196.950425
197.903652
196.034491
206.294899
195.993337
204.418145
195.329374
201.100427
190.967256
192.520480
193.925156
193.914662
199.674972
192.477219
192.512653
205.290455
204.761657
201.958704
206.413971
194.667980
194.013613
194.308894
202.854199
202.140973
202.205902
196.554000
200.342729
195.835984
194.991724
195.050389
187.399667
207.752682
207.140463
205.059754
208.610938
206.148568
207.678518
204.951599
209.369178
204.969447
202.779014
210.018938
218.569431
210.584207
208.173220
206.120666
207.197427
208.930049
217.751785
196.058410
196.898837
196.156692
196.257240
196.483900
195.519750
194.045822
193.301573
193.355505
198.520685
199.235876
198.583605
204.163049
209.391830
203.624868
216.472716
211.707481
208.467271
203.632620
215.388101
201.049050
209.843264
196.822273
195.771287
205.770286
205.616925
206.998188
205.714750
212.705703
202.234201
211.546275
206.699297
201.216885
212.875815
202.550460
201.360026
197.904959
200.190045
196.802298
201.544027
207.325925
200.916924
199.589550
199.198871
198.763315
199.825081
203.997893
198.624146
207.809148
212.935221
213.889407
206.921733
205.621193
202.252110
206.655220
201.228145
212.830657
203.938903
216.231273
209.598412
207.681834
209.386870
204.708075
209.079178
203.684037
208.521093
224.371094
194.931815
196.802083
211.232723
205.091717
210.422572
201.289612
195.915761
203.922937
204.818098
205.645056
204.746427
215.125995
203.848646
209.172073
197.954015
195.975842
197.978967
203.571288
211.011126
212.382362
218.967784
208.258404
211.909493
208.784710
218.093308
219.876331
208.601412
202.456266
211.039933
205.830857
218.093404
201.472686
206.067337
206.534616
212.105698
218.785611
207.850747
217.163072
213.693393
197.079534
212.690531
222.162345
208.333471
207.294302
199.096634
211.391349
194.778190
201.439406
210.555120
207.342807
206.605051
215.438468
206.237401
207.396522
208.429114
206.661505
205.546264
215.321725
221.225795
202.137364
204.741641
202.948950
210.338027
211.081447
208.473733
219.371831
218.063839
226.831047
207.216113
218.801031
202.097461
202.965625
205.576418
214.162050
202.958141
223.392473
219.273554
214.579727
213.499509
211.546661
209.979518
208.479687
217.475490
222.366975
209.629702
214.372723
207.804414
208.208150
204.633987
203.133946
206.297758
208.283604
212.961734
208.569203
217.497592
210.910937
205.694717
224.223838
212.841371
207.483508
205.968175
209.738031
206.729585
202.976327
217.701307
204.013375
208.684230
212.502970
207.438891
197.685889
212.323118
198.721407
216.962125
201.439370
206.547870
205.814707
207.551112
216.997254
201.341425
213.245127
216.866709
204.794589
200.046640
202.876095
201.054962
204.736619
205.448160
211.132008
205.726396
214.351953
203.425013
215.791637
206.840191
218.030500
201.341154
212.627507
206.738331
201.375578
204.738116
200.269207
217.677492
210.465739
204.638588
200.092212
230.180376
227.950445
218.839361
212.968233
207.525723
207.364416
206.646690
202.966435
207.138619
218.856379
211.069751
203.049739
206.727707
206.416782
208.662785
211.386863
213.369573
205.587237
197.661609
213.449589
197.661663
208.044067
219.325736
212.085548
204.451083
202.942663
220.744544
234.894680
208.871613
220.178893
213.932561
211.472519
206.773272
205.923129
203.153338
207.149192
211.115571
210.355060
223.726969
212.844266
211.792732
201.333172
204.029957
203.044998
212.817861
211.683673
210.885502
214.300503
217.139473
208.365279
202.104879
207.046906
207.652993
203.133535
213.692366
225.095831
215.261492
219.790488
229.000866
219.202085
200.384793
221.827946
228.434232
215.223571
215.119594
187.589151
194.226075
194.970594
190.927724
202.679559
199.258268
200.015185
198.505619
187.366516
202.809403
219.351961
197.624302
203.887901
200.356221
208.813172
207.632060
199.240563
202.540852
204.746731
199.531182
202.137370
201.398661
209.746743
208.642251
200.343682
202.220893
194.192470
194.204027
193.602825
201.504818
195.976766
196.596125
191.536430
203.664589
196.939767
190.794478
197.095228
197.717986
202.025312
200.413647
200.401221
202.883501
201.230808
200.327065
200.270231
194.961964
195.566586
197.872011
205.717255
196.160241
205.780897
197.423494
196.469226
203.490136
195.928920
189.799359
202.605465
200.361066
192.810601
195.168378
195.821539
196.731391
194.961206
199.911708
201.819198
200.220153
194.218177
199.853429
200.163037
193.420366
195.167625
192.574175
199.618180
214.142539
199.366942
199.559734
196.774013
197.844252
206.555841
203.024338
199.303250
196.819713
199.297505
198.583052
197.130801
197.591164
202.083880
194.898921
194.389784
195.323798
201.065286
194.847650
195.458473
194.356030
193.578996
197.787873
198.872106
197.799581
202.867061
197.736465
192.600348
202.876742
196.444135
193.185023
200.722072
199.221720
199.431335
201.116270
206.255703
208.903986
198.462912
206.437455
221.062143
200.173129
212.695533
201.855181
201.152847
196.014976
195.719765
193.241078
195.723390
203.522203
199.604445
194.397182
200.549774
200.466175
203.471215
199.574206
200.492902
201.239323
197.674102
201.108687
207.922291
200.142368
201.051617
207.167270
207.064996
201.158545
194.233919
195.683327
202.185766
199.628501
194.843944
200.483665
206.625967
204.375165
207.289483
207.297286
194.844255
198.602919
207.300958
201.871921
207.257808
201.799915
209.505517
209.809636
209.258844
203.718846
209.833134
196.845872
203.056545
202.275141
207.285801
213.720456
202.957310
207.247508
212.975615
202.890159
209.798690
207.887179
207.169669
208.312815
206.564309
206.162010
201.147006
207.286809
207.899621
213.121001
195.802353
202.012329
201.204858
213.824349
197.684127
190.740155
221.364648
213.720198
197.499137
201.851285
196.950019
211.627847
204.628745
196.167219
211.520147
204.503440
204.050496
215.743338
208.442830
207.403467
205.564787
205.198233
202.905925
205.028004
200.820302
194.077635
195.291072
213.611860
209.222445
203.927129
208.725156
214.255958
209.972825
208.169017
203.748658
209.988057
207.013727
201.444720
206.586211
201.094079
203.558307
215.037816
198.881912
203.736033
203.393204
218.602587
216.426959
198.577290
201.656259
213.049904
207.105516
208.509452
197.614613
199.961445
211.282412
207.927161
199.202909
204.656294
193.570117
189.803001
220.740078
205.378827
207.141631
197.009858
205.752132
205.436512
194.229099
200.394974
199.603082
213.156486
196.664700
199.936457
193.322761
194.082601
206.100309
195.968066
211.704992
205.318175
203.594767
195.174965
211.586710
203.540152
217.328934
223.529189
225.752003
214.800597
226.894399
216.698574
215.764151
218.966892
230.768168
217.293830
223.494918
225.747295
214.799523
226.851997
216.663347
215.762618
218.928685
220.781006
228.471466
220.753327
200.920134
201.999033
198.950287
190.796408
201.873345
201.367672
205.049451
196.934701
200.263951
199.216581
202.826304
194.825533
205.125140
195.227905
200.923041
200.189365
200.550939
199.270138
194.434704
198.193714
200.658102
193.850564
206.109002
196.087855
205.804614
195.591253
193.579352
201.563905
199.942952
196.079828
202.220508
194.084430
195.890002
187.211803
190.640627
188.191170
213.287651
201.483336
187.333420
216.579507
218.319254
208.095773
207.676036
207.331391
205.884424
207.612501
206.588182
214.753380
203.346469
202.984824
208.304724
214.370685
192.797874
208.947362
209.581936
202.589321
209.771361
210.438086
202.813280
202.417663
216.966472
208.387913
208.376440
206.196461
206.029778
221.750320
206.153391
222.787517
211.002911
207.786928
208.490682
215.507070
198.569292
197.668886
201.238247
200.422215
214.543024
194.884038
195.835154
194.112198
188.197362
188.937096
190.933757
190.752296
203.897873
201.773531
214.944780
190.765496
201.880912
215.719605
191.507159
200.931896
212.308933
201.977264
213.968423
200.223409
201.339190
211.452881
213.142096
213.208182
201.386028
203.116071
200.554093
212.555361
205.562668
204.814828
199.517991
200.621490
224.051367
203.046346
203.023649
197.702143
200.137682
199.203067
200.907809
199.439284
199.093656
200.126586
199.197750
200.935157
207.614809
208.305765
207.602863
200.522946
200.543578
191.815338
199.182464
200.208024
202.167011
200.525527
191.759817
199.543681
201.419824
188.905308
193.298057
206.974796
229.519012
209.027933
210.560104
209.858537
203.170038
208.179223
207.478575
202.633217
219.444540
201.197258
199.823784
201.439461
201.409534
201.414678
202.210570
196.108964
197.102973
201.727659
201.486631
197.756935
196.762849
201.120058
197.725127
196.763314
201.420279
209.897953
199.134945
199.128588
206.229436
205.166467
200.376618
200.350679
206.274919
206.665082
206.561563
205.589088
205.564222
202.222570
202.977955
201.144482
201.137673
212.370904
211.371804
202.795044
202.897994
212.502567
195.804649
195.034382
212.432005
210.405982
204.015047
207.314339
207.290088
208.380277
209.137175
207.303804
207.295377
208.336975
214.419897
200.212488
199.266412
200.890028
206.362114
206.270881
189.695417
196.554334
188.926560
196.799415
190.671806
197.434493
201.457979
201.388092
207.296188
207.410194
195.501287
197.889918
214.262642
196.027058
197.883397
198.905381
201.356871
199.532126
199.482059
201.198754
199.603924
199.591476
201.259739
200.194060
200.449301
201.508153
200.439735
202.210438
206.985231
207.020175
192.482177
188.113285
194.177662
194.969462
193.200040
192.952509
193.979703
193.283766
200.974939
201.024184
207.347916
207.201017
193.929231
194.723608
212.401862
212.404721
192.933987
194.672356
191.727155
194.951437
194.251132
192.530737
209.959789
194.302158
193.467723
196.685232
209.063197
196.803097
202.739982
201.665086
204.676651
204.721424
200.510671
201.014535
218.597137
199.264174
198.239440
198.576413
198.211546
204.739534
198.610286
204.067071
215.269906
198.671796
200.047391
199.022938
197.471364
198.575661
198.246865
198.681742
199.251340
217.008633
199.388555
199.497511
192.350744
194.022655
194.092156
192.353758
193.260297
212.777789
206.551818
206.518490
204.823158
204.937549
201.168024
201.090829
208.881600
208.079215
213.825806
207.391416
189.723211
195.521834
187.918151
195.721313
188.890931
194.256250
195.025600
194.743158
201.389820
201.395055
198.469820
198.497172
200.240541
197.696892
206.573402
209.128975
202.947958
213.038664
213.040460
203.946832
203.221004
196.241084
196.972067
194.113892
194.814085
194.779875
212.486502
194.716262
204.182348
194.614411
207.361515
207.324792
208.425541
209.191897
208.512180
200.230095
194.612393
211.359479
204.272591
215.193001
204.437734
221.631607
202.798312
216.489042
189.399272
206.114717
218.285484
201.740452
203.369011
221.797225
215.715638
215.717245
197.665348
215.039853
203.484571
221.988237
203.888298
203.165239
207.657865
212.468298
201.830032
202.193768
230.788794
213.109980
213.285304
195.061823
194.323325
192.767824
211.537561
195.762372
211.381484
195.022164
210.665920
207.590439
207.519464
237.033822
218.215836
211.593588
204.946934
218.248197
210.513401
220.465452
210.573812
220.387657
210.635827
209.626035
218.624986
218.626814
199.003973
211.206627
213.256238
203.426186
218.759275
213.591732
212.010960
211.367770
228.748701
199.360448
200.426579
211.248137
214.246041
229.318952
223.728322
218.388587
219.119142
216.875248
219.444622
216.933804
219.367460
213.894300
216.570427
223.806123
213.951768
217.302458
231.564039
230.362417
232.627652
221.359157
221.438602
211.589783
211.530438
231.598888
231.604011
206.459573
206.461210
225.540786
201.653784
201.926465
201.581394
200.290468
201.341810
200.926807
208.157462
205.669231
225.903905
214.760253
196.663376
199.256948
198.477320
229.797364
211.631404
212.927197
211.218631
231.533070
228.717005
233.138475
194.577116
198.491830
197.581774
196.103241
204.709662
204.757794
199.975592
199.589716
198.815511
198.784171
196.239878
196.158195
195.508930
197.275273
195.839244
202.079705
211.838300
193.629138
196.291435
194.495685
195.685768
194.751555
194.206243
199.189013
200.313308
198.516163
200.509985
198.917699
200.246041
207.531358
199.573367
197.808256
197.798865
198.567513
200.387858
200.281385
215.155969
198.085971
200.626392
206.202300
225.673209
213.762799
213.120059
214.128192
214.921085
214.196161
212.020829
207.586528
212.136683
209.568392
206.727473
208.624034
209.784146
209.715894
209.037713
206.882360
198.995630
201.353516
201.982491
215.768439
216.405166
211.194508
211.296647
203.390702
203.361179
217.120600
199.585033
205.837278
201.901930
200.384803
200.999202
215.770418
200.309207
205.802942
205.783107
207.499610
203.196486
216.925832
202.809954
216.480976
210.743805
206.717932
205.848581
207.272247
215.622352
197.014122
203.084121
196.953752
202.659434
202.463772
196.317677
201.844784
213.877674
200.680417
220.815608
202.856987
202.134279
204.713922
209.509810
199.562579
206.560552
208.301405
207.545933
196.025279
203.701758
212.788135
200.178947
200.168822
208.133702
201.117756
204.974475
202.060156
195.327494
200.292444
219.242279
206.671059
202.817278
204.487523
197.036923
202.831866
201.807921
196.757514
201.806607
194.120703
193.361852
196.719812
213.262438
202.339556
204.048722
221.780705
194.461653
190.655338
194.089292
196.718586
207.281935
213.163548
197.876241
201.469675
201.233957
195.099282
204.745799
199.189315
206.386884
207.981762
200.249324
203.679323
199.293715
206.871783
212.341761
201.012792
198.319509
198.295010
202.154810
201.509250
200.403485
205.561175
202.134845
209.940859
208.359646
206.523769
203.093698
209.357177
207.469873
217.544010
202.089365
212.628548
207.629935
211.647120
220.761545
220.759867
208.769375
208.891699
216.601236
216.445543
194.244245
192.439975
192.451156
187.125459
187.824018
187.150172
197.687029
194.014130
209.790226
193.906262
201.634039
203.319798
202.598508
194.066846
193.312290
193.353340
193.245567
196.655093
195.866685
197.443927
198.151362
197.498276
199.364472
196.630476
199.148598
195.906258
198.858067
192.558842
187.865157
209.894335
209.916850
210.170015
231.963413
203.348096
218.553362
211.364364
213.173452
203.648273
203.764025
203.381109
210.225777
210.943078
210.950454
228.128167
211.368483
213.237895
213.717043
208.584129
210.852233
204.796886
205.180053
212.642317
214.875328
208.647084
204.630598
210.194629
204.678165
205.648216
210.052716
210.800779
204.798632
213.575532
214.740968
214.820469
210.424489
205.687189
205.687314
210.339199
224.719578
212.715621
211.606979
212.704334
211.629182
212.961042
204.081067
211.971972
195.786245
216.883643
193.949694
215.879473
193.946894
193.932479
193.933352
211.589849
203.804777
203.826081
200.212110
199.622570
199.514990
201.235775
202.867206
217.993658
203.176270
200.247521
209.228473
218.802500
204.100395
204.089537
204.345854
195.722164
217.134940
200.349582
199.662841
201.419111
200.626715
203.059733
203.000996
203.392643
200.386681
195.660017
205.939260
206.654074
229.831600
217.372179
196.164489
210.598812
200.387021
202.405641
199.315777
200.548807
202.213694
208.497041
208.444528
205.826193
204.657296
211.001335
204.848454
205.733726
215.169510
196.159815
211.661875
200.344056
202.107624
202.401125
200.352253
200.587338
221.297188
216.687706
211.401309
212.083899
211.369103
210.005438
203.856743
223.718323
212.112604
200.606593
211.076886
204.320335
200.603672
208.231211
204.016137
202.471545
201.488769
213.619108
202.526736
202.179957
201.471261
203.318047
207.508423
210.534728
209.897362
212.228843
202.417382
214.038638
213.037532
220.663597
199.875565
199.125811
200.169860
210.939963
205.006902
200.161546
205.104153
207.111218
199.867330
199.117316
197.761077
203.057557
198.579771
216.105952
200.199504
199.169356
205.390816
197.698138
198.489230
206.310611
204.642339
212.575307
212.658144
212.532078
212.616735
204.126660
211.844050
212.928074
204.824450
204.815417
200.426441
196.022082
211.122815
202.913754
204.636915
202.327367
200.807471
203.366483
200.752056
201.509913
212.527599
198.850285
215.086388
203.363009
200.611728
216.809056
205.781909
201.488783
201.474451
198.278308
214.471244
203.446944
196.346959
208.426522
227.958532
208.848949
197.105153
204.018747
218.844872
206.110786
206.457903
206.505990
205.646416
201.186020
202.175051
208.390038
204.666227
206.463306
206.557225
201.160548
202.126366
208.308770
225.356397
200.709098
203.206221
199.637934
216.963058
199.728654
213.421186
197.701508
213.913850
203.203046
199.393250
215.574629
201.376279
201.362183
197.108227
213.273420
201.609917
195.233095
226.808847
195.324161
202.203112
203.896485
207.268238
202.807893
202.772556
208.303273
206.782848
206.743005
207.334433
206.682787
207.538631
205.766528
194.002531
195.811505
210.061132
195.019357
204.673893
205.698375
203.398604
203.394197
202.755257
196.840655
196.048538
193.419230
195.183862
194.392210
194.065730
194.159327
210.792798
208.413743
193.340392
193.232894
193.941480
193.996031
193.649538
193.703138
193.795778
210.173865
205.734883
211.250130
214.985114
212.869030
214.243443
217.104327
212.868892
208.143584
208.493482
215.807314
210.403317
212.896281
209.037276
215.399778
220.753953
208.902055
215.207471
209.143347
218.048745
217.994114
211.351877
224.359131
214.893413
211.177671
211.177511
215.919766
214.852488
219.730895
214.825256
205.592198
201.153225
206.668333
202.446453
193.238296
198.883609
200.710749
193.222083
194.130511
194.165866
187.096217
192.243346
200.944483
198.574020
201.520620
192.246592
192.252031
192.278938
204.673571
204.583163
201.938783
192.898197
193.189420
192.903065
193.264937
197.821671
193.390075
199.034934
198.382737
201.416444
196.707747
198.517421
198.503879
204.648010
204.637102
203.957938
203.909199
203.609079
203.599138
213.679881
209.866665
203.832287
212.695267
204.637661
203.661915
204.126211
209.924281
203.826555
211.543170
208.498881
212.663736
208.604463
222.810545
222.979787
206.699601
206.664231
213.279475
210.256579
217.651716
202.025723
197.259416
202.297909
203.097768
201.680168
211.773726
200.831708
197.182561
220.276907
205.657192
210.304337
204.713793
209.362440
203.065431
198.752323
198.047703
196.253288
196.272874
196.977642
222.300765
238.708735
231.732627
232.988223
234.380577
243.644823
233.501020
232.459623
225.352017
237.089374
228.870270
234.668059
233.626080
226.560764
252.472809
241.504153
247.291332
242.549299
227.393302
229.225909
226.824607
206.096117
206.063128
203.261699
208.569790
202.974603
214.473301
208.282353
209.655442
214.164248
216.978329
202.160795
206.728124
205.873348
207.616403
207.269929
202.126942
208.723788
208.944396
207.544863
212.240697
202.998014
217.931016
208.455400
212.669562
204.953708
202.124460
207.409901
207.402223
210.593894
212.801823
206.589248
206.790690
208.633225
210.436862
210.418275
215.248052
215.123838
208.982187
222.326151
226.327913
203.763948
212.969603
214.315486
211.192979
222.982938
214.762783
209.787907
213.209537
208.106283
215.440682
203.746840
218.649962
218.684789
212.350626
203.595317
206.155219
207.289945
209.136202
215.094916
217.429998
213.814645
213.782911
249.120977
238.369678
237.328179
238.320538
230.062257
237.417026
239.720380
235.148597
235.410386
238.683483
242.602707
240.174823
241.558467
241.548994
243.609514
234.308701
233.416353
234.567646
236.137852
234.925439
235.642926
232.098238
240.035708
243.683452
241.248599
242.641971
223.253897
235.755030
235.150364
235.884884
239.590916
233.605928
231.613815
239.030276
234.017650
235.277298
224.809659
235.792796
235.888544
238.547553
231.360461
236.637577
239.035580
234.725517
234.369553
239.720750
240.333567
239.289303
231.144209
242.967761
235.629349
233.624398
249.461608
246.313675
238.377854
230.218466
249.486605
245.364634
249.157215
245.550291
233.649869
235.957901
232.022427
234.278823
228.854501
230.061529
231.000297
214.122053
217.425239
209.690946
209.772872
210.806093
225.994595
222.900444
217.987505
216.776144
234.757169
234.827890
232.911912
243.099363
236.304487
235.593805
235.189914
238.658039
244.188401
237.585275
231.238272
236.768624
231.203975
234.729359
231.378080
234.035908
229.753424
232.920359
232.950048
230.012993
233.224038
230.561722
237.563072
219.059793
232.736800
227.560254
211.629731
207.016496
227.073710
211.141769
206.528104
221.040400
206.064665
209.063314
208.870804
218.780748
208.574027
217.659049
235.565112
219.814681
215.199711
216.644357
216.653618
233.223426
214.815577
216.612188
209.087115
208.894596
219.776282
207.609679
215.071143
225.376534
239.798479
240.797548
233.118809
235.470947
237.210488
230.850226
238.162905
212.264278
227.315997
227.651383
227.653502
237.006719
221.154808
231.997352
228.374336
238.061994
235.451142
229.522749
223.921376
225.139050
235.449020
229.566784
233.831090
217.326001
237.267572
227.907166
227.802693
225.214217
222.428693
234.974309
227.983255
233.350642
219.165636
228.970323
244.298630
231.902272
221.848562
217.421243
212.796985
220.059967
242.412561
219.890029
238.167793
238.209708
219.132389
224.007651
223.768926
223.613232
219.676851
229.072897
229.030218
238.806755
238.806313
222.867649
223.883435
223.840860
220.854677
226.435489
226.342683
223.869459
222.690302
222.782604
233.414443
233.415301
238.853069
238.854963
219.044379
218.925169
229.722475
228.550688
228.764111
214.966746
214.987866
209.761179
232.714425
232.717591
217.418204
229.472708
239.269261
235.504635
239.227328
235.504916
223.691863
222.930165
237.595803
233.910915
237.685300
221.640224
221.829063
222.387720
230.619856
227.726278
227.957839
222.528553
216.547821
222.703155
222.137795
221.656440
237.645724
218.996577
221.992273
236.914136
241.417335
231.724174
241.689103
221.603134
229.840956
228.039835
228.216546
236.873688
225.679565
226.159119
221.567907
215.252973
215.147197
214.556556
217.621451
223.208254
235.464883
237.306264
220.012795
229.776584
212.210242
227.857465
237.708643
227.375883
227.461094
231.900205
226.256727
217.404159
219.245943
214.178624
216.640155
220.036202
217.207530
214.593974
216.515270
219.081211
242.381374
231.997633
222.409349
220.109647
226.519853
226.734478
235.061339
222.616182
225.309559
228.004827
227.446448
220.813344
223.528325
233.329171
217.814953
219.858242
222.573564
233.356474
215.898592
216.858344
242.916841
242.828748
244.057337
247.724520
245.268661
242.740703
247.198649
241.300697
226.341898
226.913019
224.490407
204.943976
204.945071
226.106512
230.649623
228.655077
227.721164
220.678242
233.031508
216.000881
215.334555
223.828721
209.241840
209.243815
203.773865
233.614980
226.631882
226.373084
219.165168
215.133033
211.938047
216.736165
211.956068
215.149322
215.645400
224.883433
236.462059
226.333258
217.277394
223.909060
221.991784
223.505782
228.624146
217.791959
224.466738
221.627914
229.052507
228.335260
228.751530
243.222592
224.221088
225.454499
223.903293
223.461593
222.315216
222.260855
219.845297
221.080698
221.842263
219.445142
220.679166
219.094607
231.856874
227.292398
216.140919
216.176562
233.274654
224.071300
223.383270
224.445853
220.004709
207.959475
229.933221
220.067710
233.773846
233.054021
225.231072
215.994030
222.277648
225.298606
220.038672
227.495839
240.726719
214.997601
208.653289
212.230777
223.556322
223.347425
228.159381
217.167146
216.210669
220.196727
227.754778
223.156240
213.107471
207.699020
221.391582
217.623077
215.902447
213.478102
221.955033
218.000499
211.312160
212.452577
212.156021
204.351295
203.591111
203.950057
219.244831
203.757496
211.149252
213.289239
201.839943
201.996264
202.778175
198.938668
203.223116
203.030809
202.003200
206.806043
223.200057
216.226275
216.364371
223.208477
215.095265
209.711421
211.520620
209.699934
214.511142
217.202001
217.933061
217.175848
214.689972
207.119347
215.069747
208.859623
203.715839
203.749749
204.462258
235.416165
218.458598
217.700670
222.616917
204.219192
215.590429
222.422112
209.870088
229.081932
215.300871
221.917406
209.998857
210.716089
220.820853
222.379385
217.142090
220.647715
225.516332
215.352763
218.335580
210.455391
219.466184
216.086219
214.753834
220.646593
216.306074
226.278593
201.131635
212.920271
214.180692
209.033839
206.649824
206.437747
203.250746
219.271933
214.837762
208.648398
204.089999
215.764820
213.790897
209.487572
206.579444
212.885165
203.675335
209.774612
207.362701
221.087530
221.439061
220.665007
210.998916
217.078039
224.336296
213.549018
222.639345
211.041330
226.475060
217.187643
213.594421
210.940791
206.242044
206.242423
209.966130
217.943732
215.849317
213.329706
204.165022
222.565927
221.075806
219.938311
207.862004
206.757539
214.295648
204.108720
204.110262
215.049933
203.834706
215.145003
203.868391
209.922788
210.005510
205.260363
205.182533
219.743236
219.042752
214.874471
208.089909
221.158693
209.319477
228.155535
225.833933
213.613689
213.544697
221.200626
221.208819
256.410678
244.330957
248.807818
254.705911
243.567237
254.180603
251.749747
250.390290
251.662441
250.424283
217.359030
215.818814
206.136941
213.439237
217.933810
208.033023
229.909315
221.854160
216.854961
215.145568
221.909260
219.109841
219.223007
217.084625
217.732549
232.069618
215.925232
209.912234
216.895050
224.824276
216.031659
213.301970
218.754264
217.197072
211.695590
217.226031
212.432822
222.357924
233.267861
216.901837
216.813956
215.346039
219.485593
216.785015
214.453254
226.999370
215.096599
211.318127
213.679161
219.815759
220.068442
213.728569
230.306157
214.302869
214.920325
208.296278
231.089639
213.243412
209.019700
212.774166
223.884473
210.269618
220.267974
229.513401
207.462428
212.812429
211.754626
213.587104
222.672058
214.836456
225.096957
223.975757
229.620541
235.476320
229.715349
235.476570
229.316626
229.274849
245.173068
228.283260
228.148372
245.176888
227.757667
227.859300
242.415954
226.623621
222.357645
220.111226
226.648503
212.397725
226.613332
231.953143
227.894963
237.361985
233.386540
223.820072
218.333146
227.551387
247.670248
237.668994
227.467260
237.753844
227.549759
227.465624
225.309559
235.061558
217.503567
222.616182
228.003337
227.809255
220.106413
225.217384
228.107277
234.108877
235.062139
229.030361
234.307352
234.308045
228.198465
228.498203
224.025838
228.496410
246.941108
246.939721
233.044856
237.122424
233.134074
219.822781
220.963138
226.520788
222.835817
233.357700
221.922672
232.793084
231.971243
231.896664
228.918062
217.318987
217.851540
227.191704
227.151889
238.104572
238.784219
238.654320
229.817403
228.013703
228.210594
228.116321
238.064848
224.896484
221.777290
228.778521
228.739132
229.552687
234.692151
227.247190
227.209342
229.415933
234.691101
243.561728
250.458224
230.427902
230.426261
247.162345
229.345002
229.386852
247.160248
226.223785
223.933129
230.748124
236.502029
238.077509
230.610614
236.500979
244.273632
222.022536
222.063811
222.368931
227.898115
216.513567
227.828703
221.787557
229.740838
220.070868
226.518928
222.021013
221.968739
231.952530
227.865769
238.105438
227.329102
227.468093
227.369424
227.230636
226.534251
219.341376
219.341666
226.531368
221.248176
221.205001
212.406380
237.007000
215.401174
220.543560
220.663555
214.652170
218.836725
218.472829
225.246693
226.762131
226.723582
220.837878
225.685987
225.642347
220.839017
220.872236
224.561818
224.559996
223.657198
208.059032
209.038534
226.615425
230.159365
229.000830
225.472955
228.559932
235.645234
225.515523
228.595561
235.683561
227.377803
235.337383
218.491406
223.534401
222.753757
221.577158
235.814196
203.156572
206.468900
202.417432
212.787810
206.420646
212.869547
217.818365
204.750607
226.935792
214.160069
228.080552
215.222561
217.731660
211.710951
212.837454
202.402156
204.695288
203.048663
225.272601
226.480500
231.641342
228.468101
216.346968
215.257451
221.622626
215.644242
216.262153
221.604138
216.343963
214.486092
208.951758
208.973988
215.942035
220.821025
218.774317
218.596529
207.649393
217.539353
208.691422
206.888469
207.967292
224.256655
228.567633
217.531690
218.117964
217.819942
217.096957
217.496212
216.423453
216.872927
218.558856
217.404197
224.528861
221.422708
221.278305
216.033822
206.662417
224.403983
225.935810
226.799284
215.674479
224.820877
219.264171
224.725743
223.608012
220.872733
224.372495
230.305142
223.374498
230.134525
229.521060
232.027173
232.073305
228.972871
232.303068
225.262683
221.497172
221.495104
225.297308
229.172875
230.063648
229.280424
230.180171
229.169256
225.259918
221.494674
225.339454
231.107100
223.607782
230.134907
215.761124
230.182820
222.666206
219.998023
221.100923
212.790894
225.861775
231.108197
233.451934
223.523706
223.377833
230.304010
220.872161
224.289754
230.092538
232.177702
232.134200
229.632852
224.705903
219.358137
224.818048
224.778130
219.086600
224.724635
215.767845
224.777172
230.982643
230.847467
224.751370
228.353015
228.127814
228.941082
224.727782
224.820835
215.810384
224.726657
224.775766
223.471869
230.095394
230.223107
218.920138
226.985283
227.122961
221.229460
228.784111
220.871883
223.565117
230.091220
233.153048
230.183375
227.664270
230.847295
230.843531
228.302483
229.986605
229.984731
221.850059
222.598686
229.702256
219.999610
225.963051
211.635593
221.086355
220.308538
228.488675
230.980872
231.117942
228.080868
228.940268
224.277232
206.933846
208.011935
206.306867
219.701814
216.509808
201.384833
206.711192
218.638987
207.365798
217.609981
219.672489
207.739390
204.755893
198.037221
208.160632
210.735535
206.751446
206.431983
203.139687
201.419642
202.394283
204.778545
205.056780
211.683801
212.840145
206.792030
202.495671
204.789965
203.071105
207.393081
210.685656
212.895042
207.387600
214.220178
217.102080
210.726800
217.623279
215.346834
217.344872
227.249961
222.672856
208.943640
210.005963
205.932483
228.042912
228.980718
228.167538
232.271069
231.909381
222.679094
225.907624
214.858100
222.469484
223.565653
233.494365
230.216471
230.218135
232.269208
233.324414
223.660390
230.185864
230.223100
230.896099
231.036341
227.902214
228.397459
219.180562
224.776126
215.726039
224.779588
224.817999
224.777531
233.184365
233.183788
230.673041
224.673817
230.061100
231.285775
230.324313
224.553642
224.473109
224.512568
195.217092
192.717208
194.644721
196.994580
196.894847
197.249645
198.046400
210.137019
193.618479
195.961113
194.332748
201.019689
192.385902
189.880876
191.782798
194.222481
193.994578
195.286793
197.904711
196.334599
203.295190
197.570592
216.497515
212.023970
201.364220
201.409038
209.073972
203.270990
201.443165
204.020854
202.136427
202.135704
204.766212
207.405313
209.279192
205.835858
208.484668
210.435628
213.256009
212.267394
198.825746
211.617825
198.851444
199.575184
205.949334
228.977898
209.771487
203.609169
209.762813
212.463205
203.653771
214.915642
210.113624
207.607315
203.887112
212.391017
214.154802
208.386871
202.844656
228.256645
228.288257
209.931219
213.637653
215.426843
218.739310
219.859376
210.793781
214.230100
209.208982
215.230309
208.307752
207.573878
226.508583
226.540124
206.329162
207.510042
207.191354
207.012178
201.088555
202.947914
201.322505
202.877307
209.533010
209.215042
218.560816
203.067273
208.891679
202.744075
220.154726
214.321930
200.542867
202.205398
210.253520
225.789388
209.172077
218.342226
208.417084
208.544791
215.418983
212.830518
210.886951
202.342680
200.478301
209.200986
214.022206
209.546845
214.773600
202.355100
201.658234
212.856450
225.625774
209.163372
207.288504
208.788340
209.904372
213.081797
209.832857
202.922024
199.202274
203.089386
197.857390
195.032950
200.741853
201.491832
211.406493
203.304671
210.785162
204.376249
216.271603
217.934915
214.116886
209.715947
219.362133
221.906162
207.322193
206.642912
214.629420
207.624066
198.864280
202.868607
202.214384
201.113495
212.965798
206.237724
205.135101
204.525690
203.498114
213.176745
216.323489
210.160465
236.370496
230.134501
227.889738
235.483850
225.293109
239.244040
229.849413
225.930487
233.369668
223.514820
222.501662
225.535754
229.027554
223.125339
234.251524
225.006900
216.917815
205.312564
207.662686
204.740653
213.314518
206.625588
201.652236
206.782119
212.823575
208.391107
211.747045
208.558248
208.346166
203.038856
209.694201
198.275495
203.446646
207.955226
215.212780
214.768025
216.324281
206.894260
209.987822
204.590306
215.342189
212.610514
209.348378
215.644604
214.923129
214.095813
208.659830
215.583444
216.446939
210.367347
216.968213
216.939984
214.018973
217.339573
224.440423
213.153506
228.117728
211.447051
226.962504
211.775187
204.153160
214.822498
208.151199
216.602397
208.980955
212.958484
206.762318
209.808003
212.964118
212.851172
212.533964
210.083659
211.485003
202.054262
202.672691
213.501791
206.524621
208.315596
202.764333
203.383557
201.422449
201.188708
207.437363
206.624896
213.971995
259.179819
259.696860
254.276241
254.101244
229.663384
236.727788
232.365826
244.280976
231.293786
229.311238
227.987856
229.992997
231.200739
232.950616
214.115687
211.933641
212.005868
213.031170
230.501708
210.741720
229.243278
233.552544
232.914123
215.077238
216.317398
210.833498
210.948514
211.931389
228.646645
219.969560
206.743405
207.257636
224.843990
221.727972
216.876659
233.342272
229.178220
237.264794
229.891016
234.193704
234.259740
232.047978
233.062213
235.468610
233.161994
237.491872
230.890203
229.775772
230.700108
233.414468
229.990875
233.344614
201.301460
200.551598
206.204861
208.469000
206.305813
207.885234
207.759888
207.852999
221.158116
221.184440
203.208600
205.463353
203.847443
203.720613
202.781929
232.614506
225.069753
211.277635
207.859058
213.067177
208.248717
209.018099
202.547900
201.687437
208.295227
209.038169
211.411174
206.703102
206.857823
207.369555
206.554758
216.127765
217.163088
217.242365
214.474445
215.226514
219.339820
208.058252
208.077316
215.722375
215.050768
215.204483
217.540592
215.923232
214.572125
213.653003
217.532499
216.592017
215.490128
209.586667
215.154921
208.827400
214.476853
207.389264
208.496883
208.187156
209.608312
207.255202
207.346720
206.389765
209.022201
219.133695
210.715546
210.130138
214.257434
212.034642
213.233114
216.402084
215.531779
215.765352
213.958556
207.778356
208.507385
196.650327
201.816222
202.009305
190.476957
195.896142
196.975234
197.636680
196.802743
195.132859
200.572578
199.057382
197.363578
197.061889
199.315108
197.697033
189.090119
189.140739
201.966903
195.250164
193.725937
193.006882
200.017499
199.276555
200.211416
188.788338
194.164029
199.247006
196.057262
197.990459
193.248522
192.342278
192.664603
192.455300
195.260198
196.215337
191.516900
190.608937
191.719476
189.182076
197.993060
198.597996
193.550911
191.041356
199.569983
198.125144
194.506172
194.297669
203.867230
213.048164
211.978036
219.885482
219.958349
213.141643
221.746087
217.727598
202.534472
201.812067
222.450865
206.374962
216.224180
212.109210
189.677111
189.714959
182.952127
190.892158
181.855851
187.880367
226.344954
225.110800
190.529532
190.192912
190.908441
182.943432
190.495460
184.055259
203.205956
208.713098
218.675861
220.531123
219.469113
206.445557
212.375121
212.367064
208.058770
207.659956
219.413621
209.512005
204.945756
203.208816
196.999925
219.016287
219.076995
211.026850
213.158834
198.009669
201.392615
203.198595
201.333640
209.105491
211.329858
195.126896
207.546233
199.631422
195.162534
221.312545
221.906288
222.499144
223.524902
228.629036
228.664419
234.818896
231.970378
231.228245
215.732604
234.583073
240.253353
225.745497
218.654944
213.090219
215.517664
215.595443
212.549522
213.174396
220.854737
220.836007
213.219277
210.933579
225.912060
217.591820
212.058159
222.630253
216.967786
218.040892
216.426215
218.795064
221.510507
213.658663
217.675114
212.689564
206.931769
232.932757
224.715477
215.260230
216.219799
219.078097
217.160953
214.733054
209.172013
223.749209
220.021574
207.367719
206.491441
221.323414
214.297647
218.610065
214.313899
212.063208
220.189761
217.544606
217.692294
204.644601
213.679548
216.355444
208.035352
209.803919
198.072143
212.489623
202.547352
206.728799
201.347104
212.351391
212.374741
214.026736
204.903111
214.231072
213.283786
213.239734
219.447772
214.937749
215.042663
222.258274
221.070821
207.798329
209.538396
203.446610
211.556328
200.431751
200.358682
211.685766
200.465390
199.758748
202.235851
201.479225
222.129681
223.401751
215.152620
217.948080
234.580954
216.260973
216.733628
223.552320
205.510324
221.440674
204.300844
218.320764
220.390557
214.423107
227.866389
209.807934
210.088376
210.203796
227.092828
211.162243
206.549016
225.948236
226.065257
208.437868
209.082124
205.475504
205.590493
211.646368
211.697459
206.621467
219.992319
210.045921
206.028213
213.363212
212.770079
222.360987
211.052913
219.342301
220.755445
211.845524
216.653143
216.577147
233.170358
216.616942
216.021672
211.226490
214.740490
214.402832
214.719944
210.300329
212.201113
211.000426
208.436327
205.867537
214.789869
208.380423
208.495004
212.830067
206.452388
215.619454
221.291254
211.327177
227.356135
217.303806
221.689005
220.481919
205.218998
222.017116
210.148943
214.968383
247.995593
231.219883
218.191553
219.924110
213.229577
227.084373
224.043789
211.177912
214.184763
204.836024
217.196009
222.633987
222.057190
231.272218
226.683920
206.976227
206.320919
216.655315
216.070541
215.657168
226.759969
205.641431
214.346057
223.724088
210.429602
217.478564
217.231452
226.026944
217.450279
223.120153
218.552876
221.034679
231.208810
217.013043
206.281225
208.346974
211.341018
207.306382
201.342961
196.973754
207.868101
213.637521
198.755263
203.537661
212.458694
203.461442
199.769691
208.907702
219.360736
218.632574
235.516517
230.183160
229.856890
225.735771
200.472877
201.535029
201.761180
199.458084
199.409968
201.839996
201.108441
202.264584
210.491962
200.264044
206.191426
210.286799
215.536784
214.758072
214.787792
217.285042
197.618881
202.771014
207.387711
207.277878
209.850986
211.565267
206.986664
202.182612
206.958287
211.873327
203.333392
208.039373
208.967405
209.210990
201.862815
208.552155
210.304471
205.817048
214.336992
201.485686
207.963309
208.820622
214.141232
213.660354
205.157336
215.412533
211.966851
214.321935
213.719559
219.517071
206.848931
215.650782
216.790894
214.694856
214.814299
218.732455
215.070992
217.308574
200.374887
201.065372
199.970333
200.574009
200.948152
202.117710
203.885718
203.052568
205.342733
200.305050
201.967825
202.866493
200.382341
193.472485
200.222740
199.185031
202.514379
202.880398
204.075549
210.167274
220.568265
205.525063
202.044362
200.955643
204.258288
203.762533
204.874813
207.243857
200.693405
197.633177
199.440448
197.939100
200.343132
195.234197
199.162349
205.413440
200.239056
217.966149
218.223861
221.546350
216.580193
202.866682
204.317461
203.565930
204.150257
205.770268
201.962448
201.245217
202.695829
219.471177
203.482825
204.933944
214.197030
209.368928
209.337490
221.614499
208.022619
208.073455
220.655543
206.448775
208.728434
209.557630
209.698945
212.836186
210.389911
210.295384
217.134743
211.258292
220.278020
220.365188
225.566772
216.895092
207.292030
201.403508
207.700602
208.425299
203.304945
203.998276
208.388382
193.179419
210.570502
204.399634
193.246504
209.476519
194.250028
199.543889
204.392069
194.983556
210.754582
205.145779
217.651741
205.827660
205.077218
218.661729
218.376726
219.352942
219.316003
202.252803
214.127295
202.182707
209.506517
210.198337
201.081156
206.611232
207.336598
220.486565
201.016461
206.588600
207.314414
208.058348
199.589708
205.445234
208.344440
201.348279
201.339411
200.822153
200.112961
212.171305
201.271360
200.860806
200.187692
199.734531
211.432302
201.274032
200.441286
195.997826
207.489845
208.188177
207.457868
210.477257
212.628891
200.940091
219.328103
207.670533
209.350271
210.677320
206.794867
199.779748
199.777999
211.660511
200.408489
205.760097
213.564516
221.206177
202.184570
201.151845
206.858364
205.882820
211.227338
214.207226
213.463042
200.502131
216.562703
216.733147
205.734740
202.814092
209.064528
200.493880
200.697813
206.232080
207.655588
206.355242
208.628363
208.016290
202.828106
209.022524
200.661847
207.924848
207.969271
225.516805
222.157101
215.885336
216.589499
213.783761
208.203072
213.595292
214.788240
219.349627
214.892512
216.587519
211.161204
220.378268
220.467380
213.615822
213.747997
208.188512
213.579472
205.485315
200.066986
211.662605
207.511812
206.618529
210.801686
207.538791
202.797912
211.859682
208.555324
207.625404
201.813080
205.500727
205.839730
203.873396
202.213578
208.843051
209.614355
201.191679
201.550676
211.702196
201.097513
222.188767
218.847728
212.665878
208.399332
202.225860
202.228722
206.720929
213.127227
201.136692
212.388824
209.758092
209.924627
210.764489
200.440943
202.211983
211.672343
200.494131
206.507583
202.955648
201.277923
205.092951
199.626672
200.229634
201.260030
200.934440
201.020260
200.697859
199.497321
201.197971
201.703788
207.278810
206.510741
202.557434
201.531188
201.659589
200.946833
199.415990
200.155540
201.682402
221.177379
208.674443
209.445314
201.574911
200.816623
212.104793
200.996456
220.494978
195.022217
200.170618
198.411295
210.253500
194.932974
207.399617
199.397655
210.149438
206.393858
201.807433
203.258040
201.284027
200.235627
204.978466
200.357981
199.301870
205.021846
202.875379
201.903179
223.443118
195.082892
196.899918
195.094768
202.162327
195.867417
195.869281
208.064660
206.524687
205.770893
208.333930
208.087847
205.726962
200.117634
200.157073
199.037043
199.772264
199.135450
197.548505
199.810765
193.962646
206.474870
205.267724
198.365813
206.478176
206.042940
205.469763
206.468225
222.089556
226.032837
206.970999
219.549551
202.264585
206.599137
216.123065
215.418300
229.431800
202.942189
209.123004
201.036070
199.920916
200.619916
201.032406
200.960672
199.917758
203.084521
205.810026
217.961804
226.394829
222.992704
242.750882
246.004496
215.893167
209.374983
225.149904
205.466068
208.404760
205.561590
219.685040
203.998338
202.134092
215.106910
214.840252
209.463340
221.076984
216.934960
220.449167
212.970059
215.957730
215.303110
215.197084
210.763012
228.658088
207.275578
201.813389
207.188196
211.837877
222.455349
208.343566
207.317520
213.015362
218.958811
212.084285
211.260852
218.949697
215.888696
213.888895
215.430782
215.983397
210.574181
225.204145
220.410843
220.337956
205.869086
205.869083
215.891190
215.627457
216.076371
211.371014
211.369185
216.107951
214.904873
219.476203
222.108953
223.491042
214.306543
219.789006
232.822077
206.250862
204.276500
206.623262
218.492721
203.998988
210.084217
214.445427
205.847202
226.775069
211.952085
219.141477
210.226464
218.158869
211.955333
208.458082
221.513342
223.827815
212.753560
214.609861
211.680391
212.725518
222.281854
223.897571
214.806542
229.543281
211.941429
220.282678
218.881450
215.507864
215.497584
214.779650
235.909050
216.315572
215.417357
210.947442
231.903312
217.102748
204.912888
225.936159
219.948724
234.869317
214.888611
213.775191
221.046081
211.066805
219.972934
214.776388
206.569416
207.328581
207.615292
218.707931
199.528777
202.503859
218.149877
207.883480
210.126407
214.569849
204.773040
225.715248
210.968219
210.250897
218.002738
219.178671
211.863150
213.615681
210.606303
225.164397
209.027131
207.342851
208.641459
224.363993
209.407759
223.990182
209.814759
208.703909
225.151601
214.083681
204.992996
226.002667
218.796691
218.678305
226.269474
233.562822
216.349895
216.003163
214.866636
219.769193
215.499443
211.090647
232.075656
217.196363
219.663155
210.524783
209.336654
210.206915
205.292768
226.394878
211.448198
214.864109
214.532696
214.556785
234.858647
212.785966
213.860924
214.022616
211.096762
218.890209
220.058168
213.787682
213.860212
212.783393
208.985592
208.959328
209.308454
219.053768
222.484225
213.835385
207.734457
214.083036
217.993003
216.983650
220.893676
215.518702
234.370184
212.022052
207.330243
206.478509
225.876597
226.771617
221.395769
225.914484
224.862376
232.417931
210.945909
218.909623
213.489153
220.436260
225.798175
213.323947
210.691685
212.504808
207.312843
205.539985
211.015907
221.436676
212.337146
204.619788
213.328163
204.658405
198.484424
205.677445
206.468771
212.912964
213.409865
205.688760
211.696759
207.261420
212.014457
206.563163
223.802082
211.818550
218.601648
206.555057
201.775813
201.747623
206.514080
216.932981
210.052499
204.590717
209.029831
219.794427
219.769659
221.241152
221.242718
201.264567
225.952279
214.933285
225.391141
222.199390
208.296621
221.255619
212.769145
222.147200
211.968107
212.022895
211.743683
225.953002
214.621841
207.184988
205.449725
214.045517
206.409097
221.182457
214.314095
219.644816
209.838923
229.093339
222.358321
205.638220
205.292854
204.642595
205.666190
202.116868
201.987939
206.774038
206.415553
205.681210
207.071119
206.316287
203.293065
206.405566
221.967939
198.140418
202.944161
214.950327
204.824634
217.674602
209.224034
203.062395
206.070256
211.701729
205.022804
219.670970
210.498026
204.449415
211.542610
210.681739
222.696362
218.635967
204.438620
205.765599
222.249126
223.135569
201.970346
215.859267
229.882731
213.499963
200.995276
201.254270
231.953194
212.639967
196.217585
225.287912
228.500628
225.448238
217.022764
220.237757
222.357600
225.668514
199.778765
218.151468
221.454759
212.171381
204.202275
203.036439
208.293792
215.117718
211.293090
200.757151
203.885309
214.484212
221.898268
225.166650
216.453643
201.729082
229.664354
219.846025
209.797509
202.377072
217.891550
205.816666
219.908231
206.886879
222.409711
211.086306
210.620396
209.496508
210.938856
227.003113
220.704687
214.422888
213.469768
221.896924
206.541748
207.694219
211.097001
212.250282
225.934830
239.708468
245.606639
211.497282
212.311002
226.604528
206.085788
206.084855
214.876868
210.403485
207.419291
220.787558
232.130750
229.809441
221.585770
206.701649
217.761405
221.280108
208.615246
206.600720
210.804600
210.878993
217.669669
227.986821
218.755799
208.406628
209.916595
202.146056
201.446780
201.467490
212.498969
212.553922
214.348163
214.364239
207.688497
208.671962
209.428741
202.523230
200.762583
212.595142
207.041610
208.146201
208.180919
220.409000
199.989810
208.221118
208.286388
225.766644
209.174115
217.980550
211.126977
206.476020
213.839952
204.622949
207.491624
202.839828
210.158818
208.368740
212.799999
203.321698
222.149571
221.018560
210.901154
207.432305
201.784905
209.116506
207.625882
207.080547
211.111607
206.941229
205.497058
213.907014
202.620884
207.674117
208.475141
223.250617
212.831525
219.423758
228.985191
217.815357
213.932981
211.045915
218.353991
226.857097
199.967866
198.904493
209.058494
204.435443
203.370433
207.086752
217.108174
216.621679
217.035919
204.260346
207.229050
198.015112
195.335837
199.946807
202.870870
218.259341
223.440038
218.133105
221.280135
192.682257
212.762037
205.473582
222.151835
215.469688
216.692526
234.494193
221.064344
202.447377
197.146548
215.810089
209.805428
202.961571
216.671315
220.148237
207.012322
207.242380
206.457037
222.572660
221.701741
210.841215
210.627987
216.097606
205.577862
221.773327
210.812808
212.593874
207.594283
212.652237
220.924066
217.094553
223.556641
223.204081
212.948253
214.464875
211.494988
205.344886
205.098558
217.710127
218.978751
219.417581
218.783179
222.258416
208.133707
212.221766
205.189356
219.829556
205.291945
220.608193
218.887626
216.945858
206.618758
226.505193
224.213517
240.280446
230.645274
234.903926
221.660214
222.449908
202.181567
202.253487
209.560880
203.273539
203.325050
219.416958
220.051103
219.296727
206.061635
204.671676
220.601494
214.968394
210.904322
209.024614
210.766163
210.333089
216.589461
221.518844
210.442607
203.412855
203.512574
218.753369
215.544025
211.892502
222.829060
210.825103
215.523512
224.012267
217.697974
220.120325
219.471264
217.127192
208.889725
204.560409
218.851066
226.984357
225.869256
217.004872
211.364427
220.536523
221.540956
210.173733
214.716900
207.336725
208.480654
207.440331
206.450397
208.427702
227.782314
223.521606
215.744600
203.430644
207.755330
209.495272
209.136280
209.544349
220.225334
207.332511
207.643195
206.653459
210.119836
210.024419
202.216284
202.287798
202.964811
217.981643
216.957321
205.194247
214.243931
203.389564
215.269258
198.969841
212.236736
209.414108
206.530427
209.447331
203.222524
220.203757
216.373598
220.996179
214.710350
212.378774
210.957231
217.870673
220.548998
226.956857
215.398251
221.890190
217.691350
220.033913
226.139940
216.422670
218.246335
210.615196
227.830086
220.578809
211.207567
210.566142
210.637173
227.839712
201.959034
202.736365
197.193535
225.625351
227.835734
234.287726
227.407177
226.353360
231.289017
221.071249
217.174561
215.672854
214.557476
213.664236
220.450444
222.263459
208.832076
230.153791
212.504237
214.214391
220.702412
214.913332
219.535352
215.868979
214.567845
225.060227
226.851340
213.454086
248.170603
222.570922
224.741197
227.846822
200.971513
215.853731
217.902526
223.849153
230.738639
223.814592
225.622989
224.307978
225.568021
226.355993
230.528949
240.080653
221.147236
219.753188
205.188372
221.243258
213.065122
211.315500
209.542752
216.467518
208.248363
207.479598
217.495734
202.336531
215.997323
207.716858
218.592954
205.891745
221.991847
214.856511
224.962948
225.948604
229.267020
219.533675
206.918481
213.979944
219.543983
218.596400
205.978056
212.364703
218.926528
207.600822
219.485300
216.934863
216.094718
220.491316
219.474316
212.711191
206.945431
206.697847
217.149201
212.024363
211.949805
208.409239
207.667704
206.693946
202.513539
203.271044
201.511054
218.153338
206.610915
211.199055
217.215065
217.199478
234.225121
212.439028
214.149545
212.743606
217.331316
224.731177
222.766726
220.392751
218.683376
216.687204
226.375834
217.212677
232.378807
222.159991
216.845472
234.232250
214.645520
214.699334
234.730649
214.945216
218.151996
234.314432
213.948832
214.913475
207.842939
206.745550
202.200337
201.354251
207.958058
228.079814
199.108311
215.862279
207.558137
208.394321
218.435348
217.691018
203.462339
210.099419
214.688900
215.707437
213.417849
209.289214
209.629045
224.311083
206.753382
217.032416
208.305627
215.193447
208.318375
222.447494
215.235677
214.022254
217.878938
220.349593
216.417469
219.569688
211.204674
215.168607
205.199346
202.038026
207.641187
208.374493
202.174442
207.744756
209.566495
201.217861
208.827353
207.145540
207.276733
207.986161
207.217212
207.886450
206.917855
206.857435
242.954196
233.218888
218.579186
218.445073
233.217980
222.793581
222.657112
223.986773
219.188106
237.465569
219.171849
222.895826
237.462985
240.207808
231.736796
217.274593
217.366423
221.566297
221.660382
231.735038
234.948320
232.232657
217.713332
219.396537
232.359603
226.299958
224.454612
229.749935
235.264564
238.474068
226.972903
237.016302
235.493044
235.484062
252.932767
235.390792
204.660069
204.012941
204.077133
203.256219
203.160233
206.861286
210.381303
219.689298
203.333456
208.465932
205.724943
219.343567
207.974135
209.425580
222.950808
201.816809
220.956345
210.139471
211.888954
214.498979
218.227578
217.308677
219.097502
230.415902
203.998587
202.181688
206.658064
210.937604
216.637694
210.977629
207.483303
208.994297
206.114506
206.649488
214.159370
225.705568
237.600661
221.113536
223.174286
216.541692
217.725385
224.804603
228.310453
232.978136
223.441367
223.538484
231.706138
227.831938
231.627847
232.813651
238.447395
224.549123
224.646235
229.361291
229.705168
224.518656
222.381675
200.852844
201.649063
202.440574
205.065088
221.552781
205.782097
219.547957
207.788160
208.682808
220.684305
203.332255
204.125659
196.946977
203.205538
196.917705
215.225332
203.490871
204.385929
202.092102
202.099772
202.891465
209.191993
206.828629
200.200098
200.300440
211.390502
202.004911
202.789746
212.189182
200.374917
225.241046
220.810566
228.059158
207.065330
194.175947
206.043041
196.135305
200.533891
194.840462
219.438288
218.300491
199.788860
195.413641
206.466414
194.270629
194.899545
205.334472
194.893767
219.002512
210.149770
208.367216
210.098200
222.055148
209.213398
209.271012
209.789322
220.507994
197.839038
203.030657
199.471653
216.154729
201.250193
203.422482
206.244119
223.448479
223.355240
226.268131
224.006665
210.638806
211.336382
199.490125
200.176340
211.410870
211.418624
212.108985
201.693027
202.408006
195.474240
207.174587
230.224895
223.996043
223.250866
219.143312
223.436235
212.216330
216.750494
222.310487
232.681110
233.450635
238.834737
228.598200
222.268076
223.434251
216.955092
222.387600
216.737277
210.658253
215.204834
215.541776
215.155690
210.995372
212.939535
231.332948
222.060056
244.881095
244.295128
253.815554
253.959183
252.143025
254.590368
252.140774
254.734191
252.785400
249.687277
249.687817
249.688338
252.785971
253.956947
252.139257
244.882990
244.300064
244.883582
244.881071
201.414255
207.760492
203.656335
198.946811
199.777423
196.934202
203.103559
190.764801
197.801353
203.071573
204.806086
252.186054
253.858163
249.685388
249.685366
249.685431
221.262363
221.274360
214.026352
211.577618
226.547343
236.175449
234.047733
237.641066
230.389778
232.803851
234.437058
223.246626
236.586967
226.016482
231.403248
229.317189
237.705992
237.867841
234.736907
232.848569
235.072772
231.655477
230.747640
229.538757
231.757433
211.681058
230.111176
212.714889
211.642954
213.753070
228.851401
217.571071
213.296612
217.508418
226.266173
207.921550
207.865878
212.738970
218.339944
219.094620
209.639721
229.762706
218.847941
221.349671
231.443124
217.678161
217.720086
224.137957
215.811159
217.621089
222.109102
215.458088
221.678167
215.945013
222.234492
233.880471
237.597641
233.974785
219.133199
233.993641
233.811582
223.478702
237.394367
229.347306
256.626464
262.182467
221.100960
229.728922
226.935302
209.028228
202.894935
198.331525
249.004591
241.481499
236.846443
247.114332
252.375285
252.200933
252.028435
257.278867
258.485206
260.345825
257.104479
257.796514
257.618979
226.678390
227.916986
209.856663
207.637046
213.703353
218.023099
218.022139
213.790649
198.701709
197.670190
202.691729
197.637259
208.138917
201.247258
202.928723
208.837941
221.334483
207.006311
200.089546
207.731440
220.134157
194.138749
196.908746
196.714736
207.869066
215.854161
201.216841
200.345506
203.120223
208.702798
197.724403
211.837358
202.154559
209.141288
211.483105
209.429452
200.271664
205.685689
198.378277
200.273300
205.645008
198.472738
196.923368
211.482095
196.653700
207.470550
201.377114
199.415270
210.954813
203.660038
213.585962
212.596257
204.618855
201.208253
209.859868
206.152361
206.363322
200.058876
205.313236
204.284704
206.330194
213.030221
205.348960
204.289103
206.001614
195.745536
206.461632
200.307898
202.150484
199.504309
203.381194
213.205964
203.821572
192.449923
197.857324
199.516115
203.759280
203.644319
207.820277
206.572855
203.685280
204.820615
204.674304
198.512138
207.677321
208.774825
197.400931
200.289784
197.416051
195.984647
204.341064
202.612158
202.644309
213.841832
207.156788
209.955089
217.306762
197.980192
217.555818
219.068170
219.163963
220.000850
201.439711
205.595146
222.049351
221.460834
217.308115
217.748747
225.666174
217.167473
217.959968
222.020760
221.427326
217.311530
217.710716
226.818052
219.090718
215.386041
225.630491
226.672038
201.101545
213.767135
214.520532
214.457577
210.076812
210.474169
204.109430
219.918086
211.643627
216.279531
214.051661
205.770040
210.413641
215.651288
219.679557
210.625572
209.911068
214.401681
212.247941
216.732025
226.417540
219.019545
224.149747
200.544934
213.666352
201.343544
208.355275
207.587443
201.899223
211.202604
219.045386
209.177691
214.510983
222.731012
206.542022
206.545936
221.653084
198.026237
208.135275
204.136502
206.434727
218.530527
208.329464
207.601502
219.994387
225.051671
219.769782
224.203303
217.063147
215.194676
214.114703
221.805145
203.035198
207.082213
216.361953
221.639088
217.034676
222.393516
218.119172
222.369653
209.456537
210.129535
217.428212
209.432504
215.728039
219.576047
207.340616
213.984249
222.764720
226.889412
203.610086
208.620832
205.810913
198.716326
200.563710
208.521487
201.477467
205.940513
208.086995
205.810815
203.140944
201.345397
210.738242
212.818772
197.029154
207.008766
209.166492
211.732220
198.719953
213.111839
214.320311
208.073259
209.206095
209.016758
207.578879
212.736576
213.783032
201.490853
203.883981
207.226861
203.827925
202.450948
218.702141
205.507204
203.257298
209.949692
203.845247
204.110180
200.481455
205.647143
214.883260
216.068300
202.038682
202.304260
198.232440
203.398350
213.659287
213.726042
223.888947
208.854019
209.497065
214.265632
222.453613
223.211430
222.521759
199.625626
200.482555
207.409393
210.838272
200.412440
201.358299
197.876640
213.315147
197.814213
200.532659
204.954822
202.918591
207.096788
212.570428
209.955450
210.879653
199.499778
199.520805
201.339764
203.186347
207.460848
218.950640
211.910490
196.174183
213.758948
200.597665
203.001162
207.206212
218.929732
202.904376
202.188913
204.533139
218.754817
209.883578
200.362970
201.029426
197.165138
202.288343
209.248463
212.761395
202.262676
199.547624
204.672544
210.601903
215.106518
202.014961
208.881891
211.919071
212.466033
213.061071
213.033388
229.286847
207.922017
208.489437
234.632001
232.408201
222.541342
215.586377
221.297529
217.192065
209.674038
215.249882
224.829726
214.010992
214.009579
226.012807
209.146807
209.812410
209.790057
223.250434
224.879528
213.026487
214.929570
226.706660
209.051575
209.700096
208.963187
208.539699
209.502480
213.936207
207.075048
208.746666
212.955756
213.707822
213.601319
218.250544
208.886892
208.545985
207.834425
213.892797
208.103910
207.783210
209.532404
210.286618
210.168907
214.807643
216.905351
220.912331
230.480119
222.337806
222.231365
238.716386
230.112063
210.567780
211.319924
211.264062
215.912791
212.250501
221.018997
215.075132
222.423464
200.238189
194.203779
200.547483
196.088716
202.206674
214.698588
214.698852
202.533261
207.742779
207.043001
207.177527
205.504921
212.447251
206.498739
222.774413
198.312089
198.396851
194.175363
197.394474
205.067691
209.825328
201.248211
200.521380
194.387843
198.737968
199.567017
204.581896
193.586331
198.527010
206.088103
199.196986
199.210497
197.328756
198.709680
204.185904
198.478041
197.392464
203.985380
197.523800
201.768840
201.262035
210.926191
207.369494
214.658770
206.431010
212.449211
206.436255
222.773219
199.381161
205.057003
200.281209
199.286244
205.300528
213.678238
206.076647
199.578201
199.481428
192.783957
204.423428
205.117900
207.421705
206.695889
198.596945
194.347898
190.888353
200.364982
206.317810
216.541558
195.702984
211.054842
204.916290
198.523780
200.247810
200.483300
201.438657
195.250843
203.072844
206.173515
205.550968
199.623843
210.828140
197.076585
206.263956
201.834746
200.058701
195.215290
194.486982
195.195039
205.411357
201.973616
202.412235
202.428964
209.473587
206.299884
205.572605
218.538678
188.227487
215.441851
199.643229
201.565016
220.568150
220.595603
203.941996
205.073107
214.713961
215.879887
208.392484
207.287473
193.037507
193.821825
219.375417
210.303924
199.462169
202.849680
204.290478
201.242676
203.193813
201.340269
203.084012
199.388387
211.451135
203.772828
198.558740
194.843880
199.562982
194.828436
212.087201
199.423721
194.016591
230.878099
201.510668
213.579493
201.837715
207.156994
206.682369
214.306858
206.506498
206.516052
206.505193
207.194457
205.715601
224.323632
229.198458
220.263150
222.838867
214.771787
207.132994
199.754318
204.336078
213.031861
206.412127
215.089617
211.816046
211.783527
215.107534
220.991081
223.832855
214.640645
211.923453
218.771615
222.943028
221.826546
220.352213
212.975069
203.529424
204.260153
203.216871
202.488358
202.115923
219.593149
215.308436
219.761222
208.812495
211.035541
210.420777
209.989218
209.938499
212.076928
208.326214
208.979953
210.382577
214.850392
210.371608
218.617548
213.067552
209.532895
209.406337
210.164851
204.112551
209.519437
210.227044
208.942609
204.846120
210.238510
210.909764
209.585133
205.065447
204.673864
218.871581
209.204589
206.293702
208.698251
207.984795
212.249899
207.023331
224.443128
204.679625
209.184277
206.310068
217.650761
221.897253
218.956250
222.114296
224.908238
217.240405
217.998462
217.172302
215.144150
216.817215
219.314302
224.094004
210.953347
214.893396
211.103886
210.467881
212.578215
204.760398
207.354079
207.379659
205.972514
215.112182
205.417053
219.971721
217.709814
209.118797
212.500480
207.634946
207.226806
206.533651
211.681763
203.239414
201.298396
214.316191
201.323525
202.832980
213.948701
202.112629
214.252081
207.886072
209.275669
218.423569
211.192562
211.190728
211.098762
208.720058
214.375965
217.829050
214.576373
215.447479
219.318275
215.685245
218.505039
215.324821
211.139760
225.639618
211.670912
212.020428
211.018929
212.838924
215.471708
215.963353
217.051386
220.935433
224.529308
187.042386
209.069451
196.446491
190.617511
188.857983
208.695202
194.888547
198.268202
189.841755
188.878515
183.805795
187.953870
187.999244
189.767437
205.017122
205.015721
194.919195
193.591438
220.120957
212.849004
213.641134
220.083748
185.810852
203.829726
195.121893
197.047711
195.860823
194.100738
196.721204
195.126725
198.326411
193.325436
196.713128
196.303549
195.764745
197.908810
188.000116
199.029760
188.847163
194.171533
187.944852
202.002095
195.032833
189.852639
194.238002
192.397694
188.808558
199.485448
200.166676
195.045524
194.229794
195.962843
196.943901
194.235023
194.359654
192.499956
196.800222
189.797712
188.804653
192.733868
191.006044
194.188030
195.891846
197.532652
196.781298
197.447769
208.987832
207.988035
208.484437
210.177367
199.607299
200.333104
200.458695
202.126296
203.819868
217.613990
200.348562
202.726949
204.388385
204.835629
199.541757
200.378997
198.638234
198.538431
206.606436
212.484352
192.459738
199.439452
201.073145
199.209429
195.016070
196.267107
193.132388
193.666016
201.173945
202.864608
200.980119
199.548424
202.109760
201.368617
213.401124
205.870054
205.805866
205.976939
205.757643
204.059389
213.072983
213.036513
213.476167
214.722275
214.739040
196.896941
208.000285
195.918082
196.611317
195.600132
197.748667
196.686282
213.655721
212.527155
202.288480
202.032921
217.763541
197.649399
196.696431
208.983285
216.604574
205.534734
195.927363
200.625735
194.972680
199.623965
207.438248
206.270941
201.638452
212.102900
210.927594
201.311352
202.373011
202.391428
213.198523
212.170391
213.569089
206.375134
205.287150
208.952738
214.969878
213.849136
203.202569
202.947810
204.834039
204.709235
195.157706
199.897887
205.527401
194.177951
197.937155
206.479914
196.962729
203.522563
204.812639
195.601093
207.045174
194.588498
199.837829
200.404220
205.778617
201.753724
203.363395
199.279320
199.124093
199.606749
201.101635
198.720403
203.169823
202.794561
209.065582
203.561779
208.226518
208.571430
202.564629
206.293763
210.342323
212.569490
195.840545
194.189569
197.532344
195.994148
197.385159
198.995234
197.396336
195.042886
200.299796
202.039544
208.238493
207.876467
202.746375
209.318350
210.289106
213.703602
198.705794
194.346196
195.602759
198.506302
196.292441
197.185957
199.634800
210.062117
208.972221
199.316726
200.402882
201.297103
200.411440
199.691902
202.201059
198.347580
203.822932
201.881013
198.637622
199.492280
207.509497
200.111363
199.502218
201.685755
207.358267
201.059993
195.013083
201.036095
203.825231
199.464294
200.051455
200.987186
200.302310
197.690744
202.071035
199.463309
200.749620
200.769285
201.662869
200.977899
200.947053
202.756966
206.686135
207.446091
202.283412
207.104188
208.042006
206.473154
207.192138
206.522599
199.373382
194.261882
206.371926
200.309293
201.057158
203.644925
203.722172
205.833160
197.832511
197.554135
192.442286
196.663676
203.721069
204.309533
204.724642
196.769919
208.201080
202.866649
207.219191
206.904893
201.820669
207.562346
208.531594
213.696487
201.615872
204.279373
202.415639
206.028318
197.826323
198.893222
204.280487
203.240130
204.056981
202.687219
204.423837
201.240268
201.856601
203.491130
202.589278
203.044123
204.307075
202.567011
209.205324
203.911258
212.155868
202.544771
203.660295
200.919271
203.446037
210.396251
205.640328
202.494525
204.231838
211.756302
200.560366
202.415384
201.347899
199.518640
206.671185
205.043248
202.112653
200.552762
203.771514
201.674378
201.181773
200.955810
200.458300
202.616563
202.059864
212.446732
200.398580
211.508848
202.243986
200.458036
216.994304
202.746672
200.370809
204.491235
201.011287
199.430384
202.704978
211.974822
211.981841
211.785664
209.679135
210.706653
204.817874
199.648449
199.531846
199.632079
197.791380
204.911428
205.583643
214.107791
204.860156
215.213189
204.829045
204.025957
205.758606
204.958266
204.818809
203.832442
202.337579
204.125805
202.267296
206.619885
203.333294
213.667157
213.727518
206.619843
202.842235
207.175846
202.643262
205.138102
209.870894
202.502304
202.154282
201.470014
211.639106
205.595475
194.131052
200.252680
199.441491
198.116446
204.331749
202.472864
196.351089
202.567022
206.830914
200.744814
212.061184
217.783642
209.780647
206.406673
200.788298
215.615945
201.574982
219.452647
195.738774
205.067452
196.936283
206.244972
201.295916
202.174228
201.093385
211.904955
202.369849
202.326441
207.319797
208.519791
203.093134
203.394919
214.384091
203.236611
214.118021
197.496617
214.115375
201.855307
217.851265
208.552796
215.112355
216.304074
209.603433
220.552367
204.398396
201.447653
202.895033
203.207512
202.113060
203.105217
189.644559
199.089980
199.089667
202.841893
197.685995
202.585414
197.474325
202.166787
202.727874
196.899619
195.164062
202.453685
203.241905
205.238701
196.933182
195.092542
187.956646
189.853862
195.736217
187.910334
199.201283
195.410970
188.584102
199.873804
213.194361
214.809293
193.095982
194.039597
189.801870
191.775283
183.871129
187.341704
196.875208
196.141789
197.524372
195.705325
224.623400
216.530885
216.502701
214.915293
190.752833
199.892197
189.979721
199.148996
214.355008
215.531923
215.500910
183.959650
209.186812
187.401453
197.586362
210.656783
185.819948
210.759759
209.423236
209.424447
189.057866
182.869814
191.024126
196.790411
197.177557
189.264497
198.400381
194.860715
187.302091
195.211186
187.286653
203.770880
201.125856
192.356800
194.887005
195.133730
205.754515
203.594580
211.567897
213.371482
210.576163
209.853026
191.753264
216.530943
215.809404
215.897050
200.204933
199.570695
200.378377
194.220038
205.516823
209.831656
210.886954
205.447811
204.657467
211.700069
209.748034
205.703503
204.364301
206.526974
211.901693
213.514720
215.836863
204.793351
192.326228
198.433115
203.805481
204.810888
197.701668
204.652395
197.431970
198.190549
205.384067
201.186369
206.527112
198.420819
199.175265
198.425349
206.699234
212.184072
189.192714
202.045273
203.208391
202.123969
201.552331
200.659153
203.578634
200.820853
203.310352
202.255550
202.837398
203.545259
224.494086
201.884686
196.837570
195.524275
198.153106
198.368708
197.906480
197.847803
197.639239
192.590801
205.473604
206.920740
213.140054
192.868802
192.865395
209.608803
192.285686
194.255148
204.365951
198.565558
205.174079
188.849045
187.012730
213.472855
213.260091
206.349033
213.077458
223.414791
189.810827
188.049591
193.431968
198.217452
193.380987
199.313852
216.593689
217.612624
199.144174
200.242411
190.576378
188.816815
205.318989
199.205314
209.506358
197.396961
196.680975
197.781640
196.354578
195.631633
197.787218
218.496062
218.501300
190.838042
196.289346
205.332059
220.151348
205.034442
210.239908
199.426778
198.436446
211.248049
193.169108
193.868163
204.066183
194.229401
193.124650
194.939953
211.300532
199.449479
198.399335
193.120517
194.982341
204.249260
199.570321
194.115525
206.687804
195.875068
219.311201
194.962720
193.184222
206.744436
207.031707
220.499107
209.938292
194.377249
196.103537
195.028907
195.025350
193.280428
212.993180
210.543867
194.943731
193.209777
193.131613
194.878499
205.716514
194.871307
220.104876
188.241331
187.267467
228.951332
219.071355
192.178350
192.149062
192.885218
194.016195
195.761162
194.977600
193.400282
193.253722
194.102283
195.846690
195.015705
195.119596
195.783381
214.948352
219.075919
197.920590
198.634528
202.661353
202.637677
201.984848
202.930994
203.643477
212.730261
200.912195
189.393909
200.066052
196.896385
197.654039
201.898616
202.654946
212.727758
202.133804
202.922257
211.978345
207.335062
196.378769
194.410980
204.217942
195.099393
195.464454
195.214200
194.439575
196.025464
195.264744
194.270473
205.501129
203.136393
212.117506
215.003275
215.009749
212.941460
212.335067
202.766129
201.085794
218.679148
210.617327
202.943312
202.152418
201.186992
209.248193
209.219371
209.241745
209.214259
202.070125
201.334375
201.808285
201.040517
214.926886
200.781012
190.629910
200.853984
200.129970
194.190293
190.962334
200.132356
214.143700
211.069324
211.128519
211.826490
215.564077
214.783640
217.916356
211.869816
215.257997
225.056448
222.454324
225.850237
216.487694
221.346714
226.263574
214.360618
214.276967
215.076163
216.499283
214.322096
215.122071
216.467894
217.419890
217.498499
216.818090
226.306354
211.879982
225.832091
214.277914
213.110754
203.147404
196.890598
216.872824
211.933928
214.403214
196.782213
196.801494
192.501379
193.621862
189.239934
191.037854
188.438192
214.256556
200.093246
193.418581
195.951292
196.836872
203.077863
202.818118
191.827600
200.374867
189.243942
187.328494
201.059828
196.777272
206.972986
192.592831
199.345392
196.092769
205.164385
193.252988
193.992487
202.005823
213.706566
202.807721
211.744476
220.582665
200.769093
198.348522
195.338652
211.151750
199.359489
199.479864
193.164190
192.495487
192.469328
203.710218
201.189803
204.511561
200.862399
197.035079
202.639258
208.211521
224.896484
214.642759
216.791285
214.755308
213.725359
213.547206
212.364207
214.837249
213.414430
214.840700
217.963610
213.231128
206.559486
209.938219
206.628762
210.110085
196.456112
180.351336
183.711613
185.400571
181.870840
182.875951
189.914894
201.712920
201.739219
197.679637
196.615154
197.337486
202.873985
202.900877
205.113020
207.437609
201.082317
200.147993
200.782657
187.883736
198.142997
204.381201
189.671416
199.887570
191.617500
192.317581
200.522412
201.183657
213.461134
204.369747
201.965653
202.625454
214.894517
205.080453
197.483531
190.962483
189.328604
194.271111
192.673167
204.224600
198.608769
204.090819
199.786318
204.465856
209.088105
203.829256
204.708798
198.582100
202.646096
192.522794
192.602106
192.508960
193.432687
194.144250
202.745835
193.237713
193.977295
189.752879
187.980016
190.918808
198.418682
189.151953
183.757574
183.839111
186.357777
188.101390
188.770572
188.048529
187.067860
198.428826
187.185127
207.866851
221.202007
195.725286
212.257375
194.953288
193.182543
194.716033
212.303298
223.025160
222.317000
194.639810
211.205695
196.485838
214.039363
195.033741
193.267803
194.393902
194.007489
211.528921
193.309752
203.113301
201.303094
201.336963
202.107281
195.207313
197.038230
201.373764
203.206451
200.199991
200.968564
202.019875
199.654983
200.208957
201.442252
203.229819
223.078601
231.514346
224.200719
216.587356
217.385442
222.001822
212.366752
219.108469
228.786344
235.621316
225.287216
217.659449
218.426737
223.010349
213.408989
220.152571
228.828263
219.293581
214.285205
221.026772
228.468564
235.624546
218.730073
211.049184
207.885124
222.728411
204.562198
212.854139
214.415883
220.788540
214.579737
219.619449
215.522258
217.851198
217.817516
223.775155
218.172512
218.930021
217.226830
227.234808
214.490752
217.633573
221.498677
225.924320
217.426921
217.427208
220.582090
214.731230
213.660814
216.645273
214.697345
213.659403
216.645152
216.396882
216.399596
216.965109
226.404168
216.932341
214.503699
222.475475
210.225467
216.411446
206.681348
212.979508
214.950609
214.840027
210.287926
212.304291
215.567659
205.365565
211.557130
208.188768
211.815501
208.719915
207.130889
204.076331
200.384224
208.735495
215.184415
203.590758
211.443661
210.442507
203.643516
204.384574
206.843648
213.172087
198.942394
220.630449
220.640104
220.728419
203.759794
201.806193
202.950737
212.305139
214.304249
202.920733
208.352365
220.616402
202.017728
202.130459
203.280368
218.883187
212.447557
207.105505
209.197733
214.578662
224.945649
207.087142
201.111558
207.501610
199.478289
202.015772
207.289425
209.404829
214.718738
225.069635
208.310932
205.517066
208.594264
211.946127
212.454030
207.254738
202.097398
206.482938
201.071927
206.193590
220.398186
217.649712
208.512758
213.956501
225.436482
207.930564
212.286373
214.023684
220.504563
217.545797
215.636777
215.696068
216.238862
216.281295
214.638149
203.099957
218.814335
207.876785
205.735824
221.364891
212.345381
214.080420
211.094159
213.969550
205.085135
220.692643
211.311917
226.833385
215.272481
215.966052
209.382967
216.627103
208.353635
208.393002
214.483103
218.658963
207.843702
210.982188
220.698923
203.193376
201.243092
211.632003
210.400802
214.357927
214.375206
202.210354
201.244716
208.010008
208.458776
208.590560
213.927132
214.598046
204.610600
214.574960
215.557967
215.199318
207.453943
212.829766
223.211828
206.273356
220.769818
219.462097
222.506088
216.281827
210.080318
216.158292
214.540379
223.418388
216.210663
216.947353
205.574908
208.321735
213.410063
217.604691
207.408539
212.722453
223.096366
209.812236
221.593448
211.535240
214.303647
223.507182
208.581799
207.231082
217.941864
206.448947
202.440039
205.326470
201.243490
204.416883
210.565359
198.267769
207.251846
206.558080
201.111984
206.072037
198.736247
195.947757
202.008705
200.892124
214.473598
208.743846
211.674490
210.487861
210.614870
205.166140
205.815823
221.552287
207.956448
208.601613
222.410012
216.095884
211.393649
227.780380
187.187382
188.068644
188.944120
195.055853
187.112905
188.739695
187.911256
187.008752
200.018668
206.988577
206.910071
200.001365
193.138822
193.176856
197.021950
196.997225
197.100969
196.939676
196.037706
193.276207
193.291819
192.425110
196.678306
193.266407
193.348039
194.227807
193.364043
193.343134
203.086926
209.210476
209.002318
202.718963
195.354078
195.534897
196.952972
192.528760
192.598837
192.597803
194.277285
202.772585
192.485303
193.233257
193.376797
192.428189
209.242655
225.836377
209.135039
225.061257
207.923630
203.811956
209.114994
216.104328
209.479804
215.606797
214.256105
224.167835
211.474045
197.451869
197.588751
204.284401
210.408792
209.046757
203.908806
206.871623
220.422286
212.997136
206.150342
207.886591
211.754148
211.044481
228.621081
230.138920
232.869812
227.631975
220.669777
217.116052
216.373767
228.111047
213.619997
211.787631
207.398019
217.210197
230.481072
224.627408
216.508304
225.652819
193.162520
199.203615
188.165872
193.577360
194.315733
189.987570
199.872767
200.095665
201.802027
189.710827
193.295333
201.138489
189.745312
195.155205
194.500814
189.804178
199.299264
193.282228
199.576940
191.605603
188.823634
193.518290
215.539544
200.544878
195.122061
194.147416
193.341980
194.950134
199.956828
199.922006
191.475022
205.093220
190.467275
206.021130
194.991458
211.203493
201.074277
199.321479
205.366075
195.045651
200.510399
211.500751
195.132423
202.307589
209.924791
196.229149
192.573271
206.265262
191.490980
219.112566
192.685482
194.256462
197.722854
194.161420
193.453583
193.460552
194.217328
210.076722
199.510758
192.539768
197.785670
197.741353
196.347118
195.247608
200.457548
201.819226
196.271641
198.901015
200.254371
198.819106
205.556433
207.362280
206.617486
222.186734
203.214590
210.268671
202.196194
202.835208
195.044761
195.024435
202.341798
214.744561
211.597664
214.610653
210.902207
209.936674
213.283330
221.192592
211.353010
216.662246
216.663714
222.544306
218.820359
246.025999
214.383230
206.321246
201.491090
209.070963
220.118605
197.015577
199.222087
196.664959
229.947380
192.682331
208.795729
218.913938
198.812883
203.868115
203.655973
203.727722
202.982166
201.287284
202.125265
203.811801
215.021431
223.748454
203.071833
197.790349
198.499534
204.610117
203.945801
224.893571
196.024506
195.991445
196.706054
206.176853
197.867883
201.553226
214.724761
197.894937
191.736089
194.643617
192.808709
223.149229
222.131412
208.356008
197.853225
197.103192
208.014490
223.043197
205.772215
211.163572
201.122504
206.567902
231.895189
227.441036
216.807183
227.245961
224.026587
221.877045
231.865860
222.277422
226.035284
196.902384
196.173310
210.671367
236.938307
236.944258
187.042013
187.336676
181.195168
181.884727
182.598567
185.632005
182.896297
204.068431
187.099554
192.302155
188.138891
196.510674
189.820401
185.568306
187.938067
182.101009
220.391450
202.002334
211.756035
210.540117
207.061608
205.391876
200.540848
195.042390
201.435962
201.166842
197.966880
198.640400
199.464019
210.555318
206.128460
205.381250
200.514320
195.059207
200.409548
199.456766
199.676433
198.648256
220.534476
219.252886
219.284032
212.257005
196.962931
210.455747
195.171046
190.811612
211.681529
197.030616
208.358348
203.203589
209.258341
202.341500
182.837895
183.799172
185.476057
184.540062
214.436768
214.528554
218.044667
217.966417
216.134440
210.782781
214.064250
212.780695
213.898807
206.893930
193.995803
208.995944
210.203463
206.433220
202.030083
205.381548
198.499056
208.807215
209.856655
217.336021
207.119069
210.537572
208.074173
196.117127
210.162737
211.278038
207.562596
203.120248
201.304692
199.538014
204.571221
204.576062
197.528343
196.584760
196.587160
196.585913
206.476726
220.218310
201.219035
215.924515
206.163316
205.527173
206.881622
200.211576
199.367280
194.165799
196.908457
196.741488
209.813545
207.740883
201.204813
207.290476
204.993426
208.217091
214.726934
204.407116
204.785707
218.305480
207.883506
201.129731
202.196280
206.143608
207.189209
211.282469
210.920858
202.222277
209.100921
205.350974
210.684014
210.290633
221.418869
202.376638
204.058526
209.812906
192.502959
206.270618
201.587546
211.695315
209.753850
206.466773
214.895136
216.254121
214.877163
205.701029
214.875971
215.982145
210.564052
214.875539
208.831524
212.351196
206.595527
213.400619
206.629047
208.379902
206.757712
218.954491
205.070784
211.311193
203.758854
204.364333
209.055216
202.121131
209.042486
210.204710
205.358704
202.125362
210.890190
203.870519
211.236282
205.862041
205.357555
202.438249
206.471241
210.102666
203.179236
218.914305
211.978544
213.749057
211.449805
205.922723
207.027016
210.677896
220.075318
209.933140
211.026161
204.861234
205.965817
209.618612
208.138520
209.266083
208.512766
220.650435
220.523627
217.091694
221.697881
216.402256
217.156134
210.622922
209.604827
212.820487
212.422410
211.693025
215.536326
210.894265
212.023697
211.269705
213.516589
213.713874
208.617039
215.261033
219.379706
212.585533
219.775611
210.806781
219.045383
223.591629
220.035433
220.058910
219.304465
224.018055
223.958308
232.467302
223.469604
219.911782
220.025880
219.270933
223.117016
233.703309
216.938737
227.244160
215.138007
214.675512
213.583810
220.012302
213.368487
209.042661
221.177580
203.786573
208.877291
211.665861
224.293451
208.164284
208.592985
211.326491
213.580520
214.750457
212.956759
218.011906
215.790979
214.655857
193.958284
193.218868
195.172197
205.360473
201.019945
212.157267
195.904820
206.081468
201.732830
228.145113
194.900949
193.984234
198.810432
194.400431
205.489351
201.058978
193.379516
194.915932
193.328957
195.249928
206.151690
201.776973
199.607755
219.472666
217.845389
200.594642
199.794743
220.466492
204.073689
205.735169
219.762086
200.302741
209.605546
207.643037
198.680602
208.311792
211.416051
211.314198
208.237717
199.689034
208.942841
223.776978
219.606538
202.249854
223.382926
221.027830
209.149034
209.081524
209.037138
207.308863
208.242702
209.733118
212.505630
213.120461
224.082656
200.357034
202.019944
205.869721
202.191592
195.911918
195.943672
201.033829
199.996630
201.890465
210.830353
201.100300
208.203740
201.921712
201.551034
203.134066
204.793882
220.508934
212.570806
202.865910
197.483540
209.461822
200.452195
196.103023
211.572286
199.584663
205.724356
200.348204
202.289873
217.819130
213.249174
201.329844
195.979850
215.841931
202.727586
215.874141
202.002736
202.251347
219.021728
200.801235
214.555093
205.586582
206.310957
210.832576
205.528332
205.594402
206.378119
204.640585
210.866024
214.557190
199.218250
198.557784
195.405840
190.702945
189.796129
193.510927
203.917776
220.767940
202.466133
205.814941
195.951736
206.616018
195.696895
202.855596
194.962744
195.036292
207.108600
219.534905
206.382329
203.356828
197.333677
193.175676
197.345797
199.555410
208.979341
198.576962
205.832110
194.971906
202.613785
199.411831
198.797035
193.430108
212.740291
201.930060
196.551023
206.121998
202.958732
203.743357
220.600139
202.291554
206.083316
206.883707
199.530284
200.261227
209.738586
209.024950
201.622195
202.901989
212.293759
213.017938
211.522442
229.800297
221.615240
212.637323
203.013838
198.309217
197.253058
200.943804
202.280286
221.015358
206.664195
207.595373
207.486963
207.512074
208.313388
208.440360
228.422637
211.006549
214.333752
202.477647
197.805402
196.750252
200.465275
216.910148
217.012260
203.087607
220.601051
207.395283
203.051014
198.349734
197.294469
213.796935
200.937449
212.649739
202.095100
198.538198
196.908064
200.270312
213.639703
209.227730
213.688501
211.872598
215.252265
215.207732
219.883913
217.527279
210.495834
225.905824
212.185740
215.519435
215.474069
218.126110
216.824076
224.078850
212.460101
220.836142
230.236723
230.321778
228.171777
220.479115
208.156947
229.329979
215.023219
219.996450
217.609699
210.611279
212.227656
215.553128
215.505244
218.164821
216.864748
212.540856
209.060516
208.934626
210.968393
215.399058
209.084427
209.595748
208.483349
201.379501
195.770789
195.136295
202.133364
194.912807
194.987886
201.681869
201.900461
207.562079
205.940656
193.273674
187.893530
200.697737
199.949458
199.707443
194.223300
200.991608
200.163109
207.412983
217.340364
218.314074
223.907876
201.587492
200.617954
199.021409
207.869721
201.379828
196.582373
201.696152
201.036390
200.939112
196.901718
195.140634
195.041512
209.732491
210.714480
217.809222
223.390066
216.727868
215.383507
217.665127
216.978615
215.218206
204.759442
217.118781
215.208903
214.030944
203.582543
208.016841
204.685514
214.202699
209.407035
208.448464
208.307416
208.757427
204.110704
226.153796
217.157625
203.049513
208.570618
206.484737
208.785604
209.038078
206.767059
208.818044
204.171734
225.192794
207.447747
203.043728
208.565314
210.649648
207.931967
207.792828
208.351655
205.565628
211.059986
200.808891
206.336043
217.677677
212.752472
200.712481
206.308714
214.741105
213.668903
211.362427
218.013650
207.512544
206.235029
211.830324
209.275889
210.861363
210.769301
212.896508
218.180772
216.001450
209.871047
222.373538
215.298051
205.592155
211.004041
210.249277
213.554088
205.626031
214.996663
214.970264
216.438746
224.040541
223.019723
216.334943
213.656381
213.681251
214.232867
215.045340
211.877496
211.980946
211.600303
211.659574
188.463709
188.790828
218.741944
227.562392
221.518991
221.497499
224.838283
222.631431
218.002379
219.511111
228.709962
214.091762
232.068895
226.331476
204.748385
210.312053
208.079710
216.237818
210.930548
210.204453
210.174308
215.538006
205.506537
215.815505
213.995136
215.219451
210.932854
216.612111
216.240888
218.308959
212.293138
224.594323
216.583058
217.327851
212.262447
214.895415
205.163314
205.840568
205.915781
206.668245
214.275640
216.505620
214.733361
209.729738
214.137592
214.890467
213.584982
213.558928
219.105462
213.829856
214.805998
213.711148
209.684540
218.565805
214.170439
214.846864
213.457623
212.177036
210.479515
211.232043
214.211799
217.318977
215.507883
215.682189
211.124901
206.592577
206.569044
225.612072
225.638479
209.631369
204.572372
201.994632
213.099782
202.961715
203.877460
201.184762
204.860894
201.252692
213.496100
203.059243
202.021678
202.728251
207.267264
210.669300
201.949343
212.395965
213.862654
203.193008
203.842752
214.884311
213.328199
202.998580
212.784044
203.239521
204.213890
203.991326
214.585298
202.269236
210.327175
206.503739
206.921870
215.991490
211.736834
203.554029
203.009788
211.347570
196.617906
198.310510
207.873170
209.532890
207.047015
205.389315
207.413283
205.116116
206.314270
211.916010
205.783954
208.335911
206.856141
208.547931
204.302017
205.352269
205.778486
205.499233
206.360050
199.359364
207.308254
202.871319
195.775984
204.717730
202.797062
204.529574
201.238253
202.227969
196.010615
207.946839
212.738575
196.548392
203.820860
213.683756
197.563662
203.795629
211.479456
196.681987
202.765696
202.182397
204.722212
204.268058
208.205662
205.411170
207.786939
204.865466
208.760932
207.051291
214.591716
208.046860
208.544725
224.520872
208.852119
200.781292
202.303911
202.627553
205.393726
207.295565
207.068596
207.342598
207.293603
212.048277
207.841939
208.595914
217.817001
202.217497
207.295249
209.639596
207.886025
199.482772
198.418884
201.310669
198.497569
204.835915
209.489790
205.492501
210.608199
204.408309
206.740532
200.545056
199.511147
199.469343
200.423117
200.613374
201.185207
199.505454
210.441570
206.461776
211.646423
205.429522
209.939201
201.531392
203.502935
206.936603
203.041798
208.984806
204.357140
204.342319
207.999331
207.896878
204.367498
204.419633
210.091097
207.977639
208.501271
208.588398
225.426883
210.933074
211.773253
211.773508
204.777815
205.727577
206.608631
201.189453
206.415144
210.948072
215.018545
206.674725
207.596406
216.951600
202.139086
207.465547
209.778166
213.290651
214.295747
215.823670
213.337656
210.408140
209.638880
213.155657
213.936447
219.480619
208.584437
211.863009
204.361023
211.033320
214.551195
214.139658
207.403390
212.062174
208.619901
209.745302
206.555335
207.523285
219.618022
202.267483
205.480670
206.544902
207.836719
204.991766
225.806770
225.806973
218.070940
201.094554
200.180242
201.969356
200.489153
200.181060
201.290457
198.407168
204.605745
193.035442
197.333349
198.474946
193.032622
199.525518
199.552059
200.924396
200.315104
200.209603
194.158036
194.856736
193.264239
194.776976
192.131713
194.213022
192.196176
192.840281
194.062241
203.663280
203.695759
189.832499
196.946564
194.374535
197.350985
199.754164
199.588916
195.290902
200.173093
198.462365
212.151574
201.415148
201.358727
190.876470
206.721094
207.562319
198.988640
196.296036
195.401288
200.763704
197.014328
204.067577
203.563205
199.472273
199.391941
196.224411
204.364000
203.519065
195.899755
195.839735
194.657231
193.951480
199.185496
199.520624
200.199381
199.403738
256.360533
256.185547
254.502455
254.329347
261.264095
261.783394
237.095062
237.094585
188.733871
187.004025
215.994970
216.804216
216.779056
223.525206
214.575099
223.768410
217.598343
217.768126
224.307087
227.994873
227.158568
223.993042
217.299895
222.918530
223.923299
218.735833
223.768834
228.882524
223.156287
219.513687
230.731963
231.264309
215.601891
225.376930
232.445979
228.834838
232.510226
228.885998
223.888217
205.706787
213.472601
219.649100
224.668426
212.372480
212.330153
202.140807
213.385948
214.074370
203.827844
209.354904
211.072862
211.279731
213.485183
207.589590
208.257881
209.980490
210.118055
200.073016
212.348277
206.609248
207.674861
206.755585
207.828131
201.238772
218.574182
219.601967
206.239980
210.218243
207.797326
232.091085
232.092704
231.932185
229.308686
231.932515
229.679321
228.939162
228.993183
215.382589
216.216662
216.165055
222.691176
225.096959
214.042401
222.990293
224.498621
217.183431
223.475656
225.359900
220.144661
219.511568
218.806136
228.158670
232.804727
220.668137
229.910546
224.957678
230.966215
236.060155
224.637080
215.109619
225.737291
233.063421
230.075853
225.995874
219.020287
231.143611
223.599705
222.550186
222.029601
228.174171
224.974242
231.170796
231.068997
231.609976
228.761288
234.868903
218.969196
218.408825
217.702738
212.983209
216.131116
215.380770
223.791479
215.249112
202.650905
208.377212
208.449459
249.665997
271.996251
271.996268
275.452742
275.452742
259.917375
268.439389
270.472849
268.912436
270.945896
267.966360
237.437577
244.412072
238.571738
186.228866
186.172776
190.921447
184.946197
186.595774
186.413371
190.594441
189.909794
201.515722
219.814688
220.548019
227.605675
226.082813
225.490706
227.891286
220.736067
221.705937
219.868793
220.683586
221.323590
227.024256
221.113609
197.727893
192.817695
196.979218
196.946249
196.920025
194.672105
200.822095
200.717233
199.011910
196.675899
197.463373
197.922895
194.886133
196.669165
209.024613
214.273212
197.968092
206.263789
206.362671
208.242855
202.090386
212.318086
206.424288
219.766289
198.406595
206.263972
224.210640
215.759111
225.801196
225.130188
225.054205
209.257672
215.534751
204.568737
223.284231
219.142381
207.460938
209.191149
217.361172
225.194252
216.925095
231.692584
230.309651
219.308064
217.422106
230.735818
227.721155
224.593367
213.235596
216.337369
229.477354
223.397466
210.949874
219.711267
212.692017
215.389981
232.238480
227.504080
227.526429
215.671986
210.359618
226.858861
220.562276
217.046000
232.350284
214.064695
211.923575
211.021430
212.305334
207.915005
214.031426
212.943858
225.512176
214.771022
215.118003
219.097341
213.705537
235.317895
225.133004
207.715568
215.989876
216.428406
210.489708
223.191070
205.479464
210.463633
208.415215
214.456385
224.606023
221.139240
228.175552
221.173450
220.630161
212.579041
215.059021
211.452973
236.757519
232.852571
226.849230
226.178215
238.485997
232.986624
237.503986
233.318069
234.381280
232.675763
227.633276
227.522659
229.027880
200.402648
201.114345
197.698962
202.404181
199.128810
204.406692
192.964339
194.690015
193.011999
194.039491
195.416865
194.671766
192.313477
198.955609
198.929692
200.654866
193.690224
193.629196
195.996507
197.728320
196.985690
205.915866
194.713149
193.944057
209.139053
196.824688
194.384145
190.824615
199.882760
195.159039
190.023928
200.139773
196.621275
195.846526
225.561948
216.318002
223.675365
210.710463
211.231911
221.168238
219.305737
223.740602
222.528040
211.336362
214.784497
207.120213
220.674009
218.476589
217.067853
210.569647
202.245290
208.989506
208.979573
209.289411
211.098513
212.958917
211.027381
204.924699
210.396320
215.501559
227.745268
207.066800
213.222646
220.691601
228.829547
211.361730
221.467088
223.075670
207.921759
207.277465
207.916896
218.816702
218.792262
195.656028
206.199870
194.928160
207.163627
207.885409
218.092263
218.064893
201.048417
201.283767
222.697461
219.429215
203.923527
209.356519
214.158253
209.631387
215.323366
210.501761
216.666229
213.134204
219.147121
204.997817
207.415572
213.538807
209.828039
223.500721
215.336413
205.718560
208.453630
211.789223
212.172308
211.088247
210.998902
213.604690
210.355621
216.581033
213.228841
205.051837
215.163528
219.547907
207.425429
206.056857
215.766211
212.718774
213.555997
204.564680
223.568335
215.343531
209.932464
214.576653
212.192029
210.553057
197.697767
211.727891
204.313015
220.680420
215.175480
207.666817
227.883679
210.941421
206.192017
206.191913
210.994289
213.127402
207.403712
215.363657
228.226541
209.752782
213.118074
220.454320
218.598991
212.218696
212.869489
214.758210
212.052526
215.436602
211.567218
219.019183
210.721330
208.882639
210.833847
213.966300
218.469673
216.328538
216.326857
209.221173
208.862330
217.724165
217.382487
216.703563
225.118263
224.284408
224.494228
225.272078
220.335927
223.164873
223.434880
220.005774
224.335629
223.438654
219.181040
223.529570
217.878530
228.406174
220.458947
230.936975
228.359098
228.909871
227.707853
230.601333
228.810631
223.192008
228.511349
230.420737
225.113209
215.353418
218.261481
225.152153
221.164827
232.096856
236.803106
223.432879
223.234929
221.966562
229.903554
226.718495
228.338963
227.440566
233.431093
225.647302
227.196902
225.965088
223.037078
221.836933
220.602008
225.982713
214.126526
216.188903
226.010727
226.341710
215.626503
215.174458
211.936255
219.234425
215.794418
210.919625
219.371819
228.407935
220.254445
220.442342
229.510177
230.059419
228.857810
243.666505
228.716641
223.423504
222.296206
219.587532
238.222147
220.717464
223.871228
213.031490
219.932740
216.892389
217.222889
217.092339
219.158385
220.931933
229.310950
224.483801
223.352024
227.981919
227.662420
230.370745
226.361436
223.670602
234.374377
223.639161
219.220311
220.534734
218.866074
219.624592
220.146829
223.972830
228.830544
236.063905
230.266039
218.524078
237.652202
224.964389
218.171391
212.386706
206.848578
213.179143
204.541557
203.402482
218.263820
204.502783
222.391162
212.918726
211.041708
221.808298
212.760815
215.702262
210.370739
214.603989
216.458289
223.218208
221.956814
227.266499
224.758992
222.122010
219.977891
218.710035
232.077959
221.556429
227.132484
225.906058
222.907636
220.760260
219.492423
222.615106
228.190862
227.104085
229.778655
221.222652
218.124772
224.789120
220.200864
218.999628
227.984573
229.394077
225.099170
226.487195
219.801582
226.374288
227.019860
219.032153
222.761247
218.770641
219.626166
220.480223
213.932762
213.934546
218.339280
219.124493
218.530738
216.393168
230.353081
235.359492
237.776779
230.142856
228.240162
236.896823
226.651887
202.249097
214.159262
220.590758
223.191646
225.855479
229.497634
224.820097
227.028721
216.404010
216.447207
229.015124
235.301553
235.125191
228.934764
210.542105
218.558375
210.586888
221.946003
203.517872
203.077257
213.618431
203.788457
205.376414
203.137227
208.136165
204.118574
206.406561
209.206210
228.292629
200.695610
220.701792
220.744633
220.907212
224.037119
216.936666
224.367460
214.483953
210.588336
216.353142
221.649710
204.861792
209.411977
214.629385
219.932973
215.895034
216.607135
226.728450
215.764290
221.825034
216.895413
211.435960
222.623131
226.412194
227.976516
233.254406
234.774274
216.479884
204.485879
206.744921
210.256337
215.555527
205.286613
211.305408
210.557456
212.100106
215.665195
215.641618
204.254439
206.494977
210.003285
216.363788
205.051911
214.750327
209.291689
209.822036
205.550855
209.115170
214.599275
222.853323
213.632149
214.287291
205.312807
204.007045
207.637662
207.282950
198.839064
213.167016
211.815247
205.686373
200.518465
214.760104
203.342857
198.175315
212.488898
200.500560
196.224707
211.381823
200.473424
201.624612
209.391818
197.079659
203.994969
196.345630
213.675836
199.907245
201.715083
198.851943
211.641078
212.058591
206.794540
207.306850
225.033645
202.409332
201.675629
217.275367
201.276235
203.337463
198.194861
211.509765
205.657891
205.962349
200.796804
216.321086
204.669082
205.348706
205.862321
205.672663
200.529529
213.735732
206.619648
202.176347
195.180411
211.250892
200.616584
206.141780
205.405756
206.569362
202.127385
195.877947
211.995417
198.759644
196.921425
203.806952
209.829987
202.250696
203.234257
205.484797
218.703360
212.022518
204.252082
217.867575
214.896924
205.336055
223.045551
210.650491
215.617384
228.813294
210.846926
215.397130
221.714648
210.142515
210.700467
220.485202
204.830248
221.541680
205.387927
223.183964
224.304595
207.777127
211.720200
215.325473
221.615942
219.711851
210.025064
211.539217
209.760152
224.814093
227.073275
223.441652
218.515243
215.652691
230.519056
225.290868
225.334138
223.952889
215.271813
208.605819
218.378205
220.576638
216.796223
222.684802
220.429437
215.625573
211.164383
216.522932
215.258763
209.383746
211.066428
216.425309
234.254548
209.818824
230.147920
224.610675
216.027797
221.453679
219.670541
227.571162
225.332466
226.489817
225.329543
226.718190
230.643908
212.174346
229.995248
216.473212
223.581981
234.188138
226.684532
230.609362
216.301193
210.313470
219.949218
215.619614
213.141798
222.440992
226.678866
210.041083
212.184764
221.148738
217.458895
228.528156
227.229343
233.095290
212.225748
229.954298
216.524211
223.636870
209.937850
227.576658
209.920314
209.922577
214.234908
234.154469
239.326853
239.153978
224.559973
220.871074
224.654831
225.800272
220.872250
224.563272
220.916571
206.703968
193.609049
208.747701
213.399793
221.535475
213.403079
222.738634
204.731979
196.617627
206.857490
214.002122
201.008441
201.866185
206.989326
201.504076
199.043839
208.549046
201.474477
203.613743
197.957629
204.206175
196.026084
192.584218
202.273449
200.435847
216.562822
218.795590
204.357779
200.385527
210.631733
200.464862
210.689828
204.389763
200.944359
202.655337
204.857397
204.711252
199.427488
208.635490
207.992385
214.289154
224.011948
214.884954
225.002850
215.321343
218.645699
203.249104
219.755065
211.617035
212.328644
208.413046
208.533800
212.068359
212.570735
208.934001
202.061741
207.267090
216.613456
202.279504
213.949808
207.374325
207.914916
212.017841
208.491264
211.386571
196.966844
205.056243
210.673225
211.752748
201.369183
206.634719
203.643387
201.308344
201.972656
217.441741
215.288115
216.254846
213.087224
213.110321
215.217363
208.976709
210.048106
222.707524
207.208689
209.270174
205.490208
208.206894
205.835227
216.698963
211.484145
203.197695
214.376991
203.204165
214.453022
212.612790
218.240935
208.843688
205.073121
220.041803
227.634644
202.931012
214.084709
207.663058
207.357409
216.179014
210.607602
207.630342
209.914153
203.758519
204.424671
205.037195
213.090717
203.930955
225.478702
223.244348
219.842177
227.382981
224.235388
228.082900
228.941505
229.073831
228.125963
217.280838
196.648716
201.119113
202.154542
203.830310
202.350650
202.052510
203.048543
210.160790
209.385565
192.625360
209.404603
209.517323
193.139916
199.488109
193.839721
210.464188
206.515659
206.200490
205.378195
205.520915
211.677040
205.371899
211.626194
203.471480
197.101439
204.093362
214.256950
203.423336
214.158980
215.184064
203.370791
209.688427
203.286241
210.308661
220.425925
209.641906
189.382233
195.038335
194.333145
209.493242
202.026870
206.287388
206.241556
196.762666
196.908675
195.056904
201.122890
201.744848
211.819323
201.061779
200.346869
199.551691
200.624763
199.565292
212.012858
209.973793
215.514441
213.640629
210.007955
215.573290
215.456434
213.648272
204.689193
209.199870
207.359206
205.668458
208.320832
225.672264
204.070895
214.051118
219.198279
218.849514
204.096460
213.621504
214.599165
221.388269
224.090846
223.862575
236.369468
230.016956
239.237676
244.349516
241.202818
249.157182
224.806845
227.838428
232.666245
228.255573
228.986805
226.280482
221.343397
220.577376
225.627822
217.121759
214.789434
211.040039
217.151418
222.598403
213.645709
215.189234
210.965482
221.089436
219.423909
220.555025
209.894226
214.750580
216.027731
223.389752
216.318911
210.418170
218.427622
214.714976
216.044923
209.973930
203.966506
205.745597
203.912066
235.416262
222.653098
215.341700
211.096813
222.464829
209.816892
217.831390
216.571768
215.192842
214.231612
215.807354
208.924122
208.227436
202.755505
202.389711
216.805435
203.388961
200.831431
218.590674
204.861132
204.860355
212.409005
215.429508
215.878298
213.681046
214.115832
220.375289
214.739020
214.237685
209.427585
211.206767
214.685941
220.276927
209.336294
208.557425
215.475457
212.355903
207.615650
207.660724
219.898406
197.598546
204.618196
198.630141
197.653064
195.217188
192.558178
206.976999
201.318738
209.275529
202.955909
209.941731
221.426036
195.967790
196.052420
198.452942
200.186939
200.260101
207.810991
215.864897
195.881418
196.631912
194.054190
208.061326
200.071625
208.753641
220.144318
214.711073
218.016929
219.628873
218.017313
214.826502
202.155440
211.320915
213.124282
215.652849
199.170179
211.875725
215.874774
222.144611
229.765117
216.164959
222.390878
214.314755
221.645059
214.621110
219.802540
217.913141
214.522400
212.640763
213.433655
225.706807
213.507143
228.063030
222.470781
231.813837
215.779693
208.848405
203.786056
220.024879
214.357238
209.008636
205.713426
218.860314
226.143907
216.058155
216.057429
213.717526
223.170607
207.238039
225.962207
211.552366
209.772246
211.671476
217.890185
212.269450
203.055112
208.512599
207.556416
216.439730
223.784317
208.264239
207.571772
223.734350
216.177576
226.254762
234.983491
233.566334
236.537734
225.699151
231.049718
229.485432
225.725084
219.896703
214.060945
218.061060
219.836092
227.178973
230.206400
218.333162
223.606702
216.152472
227.244376
230.649110
204.803593
207.205410
209.210165
209.211255
219.455711
210.636087
214.108316
214.108648
211.858657
216.813694
218.624677
227.688302
223.440737
218.880827
218.241349
232.926554
233.689604
233.646788
230.030627
218.995277
231.744608
228.807526
229.614631
220.686197
235.563824
229.133974
233.651511
222.521157
234.603713
234.699572
225.256583
233.441165
233.441683
227.577655
225.451688
235.304816
224.522768
235.767064
235.980775
227.039886
229.603870
230.788997
236.362414
236.269846
224.908789
236.397595
237.583963
229.194409
224.437999
226.108407
226.609008
228.839032
226.815829
223.851864
219.739996
217.505837
233.517040
223.959899
218.408857
225.673393
224.470981
223.298355
215.362377
210.239021
208.597494
210.960803
240.720323
181.890918
181.835304
182.114081
181.938811
182.562340
181.850498
181.954374
181.916990
181.808708
181.867467
189.033140
182.796357
183.538924
181.882138
192.065503
181.826399
182.562413
181.883017
182.827507
183.562308
182.871801
191.042089
202.097625
201.063073
207.289808
201.710316
221.803128
203.408317
187.311625
194.037103
195.365571
186.265861
186.498204
195.054557
199.750306
189.601045
187.288103
187.247743
193.510740
199.134936
189.987156
181.174785
187.097438
202.960389
212.686856
209.276102
209.303568
203.804504
203.833508
212.710337
203.032735
196.749471
195.865539
208.518148
208.514377
201.176015
202.968778
202.178596
203.532275
202.702868
207.239729
219.752835
211.278095
206.157690
212.479762
204.221210
204.440083
202.938315
214.173727
217.973179
213.438927
212.608373
216.218682
216.189651
226.802763
208.206501
209.958753
208.430077
206.922438
202.512272
214.088898
216.083749
216.125645
238.729513
231.887686
230.202882
221.558672
222.356926
223.447496
226.641276
226.641427
230.747738
235.675831
234.489843
235.658465
234.448907
236.818562
235.661713
208.223288
212.760174
214.630075
210.136559
214.286908
219.528165
218.824321
209.818372
225.410637
211.786556
217.224133
212.425563
217.680159
217.952318
211.676374
217.834425
218.283806
218.495564
215.882492
216.907278
226.008802
213.371214
214.170094
214.909281
220.379991
219.279287
211.577897
217.736586
221.461562
222.617929
215.820814
222.502252
225.720671
207.033856
204.615133
207.532286
212.413071
212.271485
226.821116
223.957043
224.031315
223.868574
223.944263
231.127549
222.461337
231.168908
217.210389
216.130542
215.557718
222.509127
206.799198
237.004839
218.026489
213.332425
219.580394
223.939932
220.683094
217.692167
222.410517
217.163749
216.081123
215.592259
206.013790
196.696060
194.937005
205.972111
204.356061
195.983410
193.250933
205.312440
195.004951
191.753876
193.318756
198.463108
212.446809
210.670523
192.520737
193.232019
193.996090
192.464141
198.593486
198.548765
205.300719
194.955443
193.223724
194.235912
204.257322
205.037341
195.719185
193.958503
204.992562
194.026144
209.970945
203.780522
203.752856
203.656193
202.883101
195.623403
201.845989
198.956385
206.416522
209.235470
205.824889
208.076294
209.152171
207.452644
203.089679
211.007219
212.510307
210.273438
204.236661
207.540284
205.053704
220.283168
199.445796
201.000642
199.194456
207.271515
197.553776
196.816169
202.938897
208.041921
194.891337
200.648616
196.743026
199.281020
201.152182
201.070847
205.131511
193.000459
199.176923
193.049807
197.319227
199.045444
210.012273
209.247483
229.487893
203.919757
215.859481
214.924768
209.583084
208.765400
223.821351
199.239238
207.266054
195.084037
200.443603
195.192619
197.832944
195.978959
214.868285
201.044990
195.966714
195.044936
201.970749
196.807298
202.335719
208.156609
205.852857
209.221499
209.521242
210.391043
208.504978
204.107825
209.881007
212.587491
209.239089
201.918591
207.482036
204.182637
203.152667
200.354036
201.064972
199.323624
212.163780
194.199291
194.253242
195.980426
210.311249
208.450376
207.865399
207.768006
209.490321
230.228141
209.896200
202.149479
204.090670
211.503041
202.120584
208.679465
207.543881
207.723977
207.613077
209.498023
229.455455
203.366506
210.554650
209.819542
229.353928
196.072425
213.283417
202.218360
213.511609
202.416751
210.988995
223.552336
209.725173
209.215935
206.611896
206.808788
200.433840
208.235540
201.417824
200.679089
192.544698
194.384133
210.747986
192.555280
207.317553
196.266071
197.006565
200.594626
197.899774
200.281010
200.308996
205.778123
199.369379
205.425784
200.398949
200.149733
204.772129
196.961886
198.480832
203.707141
207.266537
195.966509
206.269350
196.026445
200.338601
230.395245
209.586064
209.558093
208.961156
205.637966
205.422523
205.673436
204.658649
199.577472
199.329174
198.569072
207.946801
201.131775
196.732425
197.518810
216.076166
196.744020
197.454518
200.379045
199.640539
214.630112
187.152404
188.990075
187.182676
201.800461
190.795230
191.612569
195.123846
192.527229
199.402031
193.179553
194.884242
200.454111
193.999230
199.962702
199.424770
198.281556
200.112729
188.864989
194.134941
193.281275
200.798278
190.601628
195.014540
190.133986
189.198407
190.916708
208.244531
188.354732
187.275035
187.373556
203.525709
203.286542
207.360082
185.566176
203.952799
201.838211
201.097871
208.405343
215.506797
210.962768
212.276645
215.285482
214.545130
213.403996
206.691781
204.832196
199.312609
215.988169
200.349177
207.759640
210.334242
230.928739
216.504598
215.723157
235.533706
207.405184
200.240170
211.523216
206.385657
216.623522
201.059815
228.010777
216.419737
209.424323
208.320685
219.953013
209.321443
223.982246
208.219260
215.486387
214.713725
209.341216
212.342086
201.405172
212.378572
205.690248
200.162248
225.104188
218.861341
212.994917
208.863948
216.984191
214.396664
208.389151
208.105339
214.460210
219.093951
222.027516
201.323986
213.442179
213.392025
202.119294
215.066002
198.262432
196.766771
215.063299
198.287730
196.793786
212.995858
204.652122
220.588181
201.966022
203.688766
202.193433
197.531363
202.924554
204.569508
204.346075
204.676716
211.125055
205.719068
204.737298
197.585381
204.578741
203.028580
197.395336
202.520027
198.125097
198.466532
200.231918
198.562859
200.384858
198.603316
213.214138
218.410117
197.301231
198.223900
204.091720
200.400618
205.777972
212.220371
200.673094
205.177974
210.617410
219.148949
212.533113
207.164736
209.526360
201.626905
201.425343
207.571735
217.698402
214.165575
207.820966
212.481244
200.432664
205.910564
204.026571
196.148941
201.444646
199.625648
205.363841
195.216240
206.233444
195.014652
205.414423
194.254531
206.362424
205.478732
212.013670
203.573380
204.151958
219.899138
202.180268
203.041837
201.546366
195.974064
194.133314
215.534302
219.327965
219.342216
200.502454
201.369037
213.320175
213.241402
204.149680
206.030480
219.390357
219.344037
213.814042
209.439962
218.968707
211.085604
226.655758
208.477872
215.416232
217.625983
204.015144
207.465700
212.245473
201.346276
199.534486
215.011393
196.539279
197.509129
219.581575
196.046677
195.608799
194.130600
193.769008
199.786179
194.043067
189.616751
199.095111
193.359298
188.934325
207.174744
187.105165
202.962563
203.005809
209.149303
209.192750
197.784168
201.128428
201.154693
198.539971
201.130254
201.123597
213.461731
195.945020
194.287830
194.204267
194.967884
201.373564
211.196374
210.397419
230.625288
202.930068
220.210322
208.409057
205.668286
200.553271
205.115827
212.205020
201.206637
200.472441
211.458520
222.363001
213.988196
201.915690
208.437697
222.406575
200.860242
211.790948
200.362996
201.612366
201.106760
206.618485
200.362869
202.661233
204.502972
217.291419
206.756207
207.649750
218.419746
196.184096
198.685967
201.052568
209.749862
209.023484
222.939288
211.672395
202.916945
206.433123
201.244619
217.171078
219.313326
205.112172
205.902347
203.713558
202.972930
233.362723
217.067771
215.265440
214.622400
202.263842
201.168860
201.285203
201.194719
203.021157
205.604115
205.596049
194.516404
195.252458
193.556496
197.720536
197.025006
193.352473
195.155158
188.076005
188.127845
204.408554
196.570397
195.875030
193.042899
195.586090
194.892489
205.870327
199.474948
205.155515
188.907403
184.647547
201.003650
183.764574
185.440672
181.841002
199.211446
181.950394
196.655831
195.960530
210.907232
193.973572
187.252718
189.053777
182.691478
182.754211
194.839216
194.144079
209.083728
189.079284
189.825764
192.721520
188.172014
202.164137
202.745886
202.822764
202.051145
209.095592
209.139026
198.510664
199.107549
200.193915
200.270113
198.528570
212.231464
212.118521
210.302822
210.292242
223.396634
200.438702
201.984041
188.143663
189.037689
189.755690
186.228748
186.262905
192.495161
192.152771
207.378439
207.421992
227.530766
215.390149
215.292448
227.496187
213.487601
215.439674
211.449226
219.861485
215.410621
212.768889
229.361007
225.588908
226.711155
227.091607
225.496214
232.574877
226.711663
216.229916
241.956792
239.695791
225.209631
216.192922
216.091456
215.913277
214.403163
217.038040
223.350500
217.220722
216.791843
223.452245
234.022718
226.400552
217.241850
239.676004
234.441892
233.334390
232.910703
210.941862
210.944779
227.542953
228.640722
230.147420
226.307762
226.865637
216.598162
216.042365
216.041258
215.256335
218.165606
233.033195
237.484224
227.523892
220.774991
224.939941
236.716290
233.975026
225.259223
225.818745
198.756318
197.925202
204.988105
204.837007
204.812452
219.950837
220.503867
201.571045
205.404346
200.587807
197.769009
193.332940
199.441586
200.108451
201.123748
198.377111
200.088803
199.489019
201.517540
196.402681
201.924705
201.213639
197.923923
191.740040
195.228667
201.264503
201.334022
208.845426
195.853766
196.595440
195.002571
210.435293
195.073814
201.863780
200.525236
195.188675
200.913086
193.880364
193.217054
202.724906
195.928863
195.419293
199.973949
195.094367
199.220985
192.372272
187.936344
193.997331
195.769810
194.002204
192.992487
202.336332
194.750151
194.047239
201.629594
201.897315
219.212328
207.228627
206.092507
200.852768
199.978349
198.906593
203.268588
199.256652
200.020700
195.076098
197.548909
195.110536
189.701988
197.275788
190.489003
188.896129
215.013643
211.686809
209.225700
209.252565
214.832378
213.647877
215.256333
209.128538
217.252813
216.659142
208.703331
221.610320
216.098402
214.135019
223.985481
227.444511
216.781083
215.556564
218.451312
217.893148
211.640125
215.873091
217.254854
217.756768
203.310688
203.358767
203.447161
202.915371
207.089023
200.460310
201.697438
205.984943
200.447378
204.691701
202.640625
196.449193
194.999717
211.418812
199.428206
202.888089
210.862666
202.020573
212.553394
212.485053
218.667638
218.711828
195.557679
206.889722
206.800919
206.787408
215.543571
208.673993
208.932898
203.931721
207.671750
204.017147
208.005252
201.455487
202.114141
200.522158
197.806608
197.937375
202.548709
209.111314
207.593491
206.718495
202.848332
202.241865
201.985396
213.133909
201.591960
208.126139
201.192489
216.888211
199.438712
199.773112
212.179458
201.919086
207.949650
196.696754
204.661119
208.454362
202.961064
204.322654
203.860808
221.461403
218.784069
217.367475
227.684322
188.915565
189.655414
195.786759
193.761667
194.809225
189.864541
196.694271
191.566955
189.853364
191.589749
186.424129
194.245194
188.824286
199.044648
207.060169
207.785255
206.700081
210.225321
210.259324
221.783480
223.476454
218.722548
226.730356
232.443920
235.143597
234.067734
235.347821
227.928266
232.834633
231.558407
230.481997
213.310843
224.690311
223.609291
213.226873
214.331734
223.620294
207.987660
206.873410
207.822207
206.739613
207.710790
218.671929
219.667718
206.631733
218.580966
218.767647
220.826105
212.329137
213.400291
212.971394
215.002638
209.187485
209.805669
208.356150
226.780655
213.547619
213.298277
215.347002
201.690472
208.184919
209.135160
213.813116
224.798020
215.519886
216.225627
228.369007
216.348732
216.028403
208.995266
214.571228
207.098298
209.050919
214.187351
221.518171
226.609961
231.766275
225.231950
219.476657
216.294467
219.564706
220.459476
214.888049
225.255241
226.211928
231.770159
215.868936
216.493038
216.522871
206.233545
207.450320
212.322291
208.808555
204.933261
208.654902
213.440521
213.976866
206.736347
212.615221
213.350920
209.925137
200.716278
206.660911
215.349870
205.176905
206.852734
225.692014
215.567745
226.105381
216.384045
216.345461
227.393555
219.281004
218.181203
218.904330
215.314469
217.495640
215.796973
224.216280
216.330511
235.518503
234.679755
230.160207
228.957896
200.963039
213.471214
201.934674
201.999967
201.391341
213.551793
203.648461
205.782427
205.768190
206.341651
208.034485
201.960720
201.363958
206.526894
211.800759
203.609866
216.663996
215.928117
214.342056
213.363504
210.387824
207.218703
208.353496
209.999591
215.276303
210.198841
214.254392
210.315975
212.877145
214.244372
209.677978
211.960964
207.236695
206.152162
214.811779
207.082647
215.533206
216.331590
212.208620
208.784578
211.627253
206.442989
210.757632
211.349863
205.974735
214.393099
238.119735
231.113449
237.493097
229.942723
234.153944
226.733737
227.966468
229.173580
234.079215
233.041570
230.764392
227.221919
235.290215
237.949652
226.297067
226.297344
226.294310
222.270451
225.587360
226.060664
228.328354
225.591286
225.549279
231.455400
225.627809
256.177176
256.400879
258.261493
210.951840
217.094426
213.273733
212.634835
214.830064
215.999820
209.015217
215.210377
208.982287
214.192341
214.324315
210.291465
205.765451
209.690607
213.939608
214.804250
212.275043
215.484564
211.096344
208.652323
208.332468
210.737249
220.083177
217.901002
202.403225
202.610619
203.180311
196.206512
207.233984
198.907841
197.114418
209.786643
203.113469
204.197874
215.959224
205.023079
212.390117
212.390105
189.878932
190.829353
190.109786
194.482206
196.333016
195.053766
194.288084
196.552006
195.785530
198.441025
199.204688
195.133247
199.523626
201.271279
205.514675
205.243754
202.720138
206.257236
206.952262
221.253615
219.249507
200.884541
194.247632
211.764455
209.202744
207.371670
208.067340
226.863759
224.735684
207.600083
207.094170
211.776000
207.037163
208.082288
208.053073
216.138240
203.419208
204.132305
201.940790
201.187593
214.515218
199.456044
208.548084
199.350204
187.248279
190.588732
185.562522
196.052154
196.616622
196.410152
196.114763
197.308287
195.684201
192.480269
192.145508
191.392299
188.573802
193.226030
193.089959
188.933666
194.628776
195.699222
191.745315
195.982869
201.265928
199.531444
194.662384
211.665320
194.952512
194.680855
195.093889
195.082468
193.309484
193.339422
194.103733
204.049730
199.351000
201.056535
199.576445
199.321461
200.347282
206.179913
206.376954
188.895876
188.500709
204.806624
206.334369
204.575980
222.842580
214.198080
209.210337
210.034619
203.809372
207.258359
196.753490
203.810861
205.337854
203.649117
222.989442
197.163524
202.511243
203.369937
201.589468
202.370676
203.203136
201.359370
201.424214
201.533083
200.423671
200.513156
211.808102
217.824781
211.632244
196.106640
202.194143
210.635983
214.178951
198.628740
227.544370
198.849904
199.729309
201.519721
200.470274
198.825146
201.200373
201.195521
195.393317
207.962957
196.900397
228.194887
207.591730
196.529398
209.164375
222.985622
208.410318
208.441670
209.935635
226.811247
221.005911
200.442641
213.123405
197.573151
202.146647
210.684029
227.663124
200.372908
199.543923
200.284375
212.640831
196.012785
213.581307
227.597243
207.032367
194.898622
203.017271
204.510455
221.485301
188.061507
187.698342
201.085092
201.899686
200.305449
201.119312
202.698521
203.541822
220.462744
221.229950
195.155272
195.968850
195.229443
207.190109
194.923427
201.661554
202.504229
221.852678
206.991316
196.918550
190.740240
202.332208
203.176950
222.482004
205.530841
196.124497
206.520585
196.305288
206.225840
196.176212
189.999838
193.507202
210.709528
197.024512
201.243942
201.391427
219.500935
230.492949
219.778098
205.629755
193.837797
193.927730
193.882979
191.675441
195.932937
198.458819
205.055877
201.348288
192.584661
200.781246
194.095666
201.169931
215.312687
200.905312
199.453868
204.202145
202.270831
196.132248
195.060289
199.102116
193.972053
217.980312
193.217407
194.062094
195.529919
196.254004
204.085301
195.332157
195.717266
196.820233
197.429390
196.788561
204.172923
202.976769
196.970409
203.027286
202.071157
196.953383
204.273606
198.085567
200.948208
204.243850
201.184047
202.071859
196.226923
202.388798
208.417523
209.155708
222.401409
219.273534
202.218604
208.267792
197.442128
198.205970
199.501166
198.603194
187.915903
193.321681
189.657539
200.250951
218.476438
201.197709
201.914363
200.822961
195.792139
201.162195
197.738219
202.480140
197.690631
203.588210
198.879614
197.788812
200.430963
199.382384
188.894008
194.224140
213.697282
213.647497
203.638602
204.628805
198.500966
216.758550
205.668387
199.526209
200.145423
199.128454
194.113522
199.481882
203.471282
204.580537
198.262518
193.440927
198.871494
198.215131
199.929733
203.579981
197.476507
197.032771
199.159700
205.690816
198.502147
198.793726
204.058723
199.298637
200.998218
209.449523
204.658821
200.251965
210.600095
205.600851
200.182693
199.197442
191.512469
192.556655
194.985999
199.305980
201.089814
215.089032
198.575759
199.768349
199.592465
203.023310
200.245658
199.524405
193.499034
201.034917
201.730964
201.050612
199.948837
199.966743
195.801454
195.811969
203.658464
203.329345
194.966425
190.460564
208.821862
200.356747
202.085831
196.895957
193.239316
193.250233
194.064208
195.766020
194.027484
192.562786
194.082464
194.069587
208.046227
208.767948
197.479535
209.801183
197.641966
194.148511
193.293782
195.917292
199.388522
201.135855
199.439361
198.422318
199.514264
192.802609
192.918706
211.351487
193.055180
193.916497
194.715943
199.442145
200.164606
199.521457
205.724794
217.855770
199.496273
200.311337
200.881605
199.188232
201.101156
211.893127
217.044156
201.167063
210.848350
208.093325
198.424443
196.936131
204.803919
198.443727
199.319869
207.849090
225.504141
208.912779
207.367514
200.947591
199.253580
203.352178
200.521929
199.550069
188.836239
194.280313
205.089951
190.615213
213.809371
213.570482
212.590922
198.720188
203.536266
209.608848
198.694436
204.713202
205.664822
222.831653
223.723730
223.931794
204.329730
201.488308
189.873263
195.241706
214.813093
214.835826
207.323397
204.501694
210.525058
205.680453
205.152926
204.016759
195.141409
208.121491
195.981977
211.308733
200.666791
201.420258
201.379437
202.116040
200.657107
201.437501
199.505347
200.258369
216.461067
199.539379
200.276011
219.126524
206.348736
220.435177
224.467440
199.521259
209.731929
204.634232
189.140767
194.509484
205.051089
199.455545
199.340527
195.094813
200.455502
207.863017
201.849007
213.074871
202.837135
211.488877
212.291340
206.983986
207.792941
206.865417
206.180473
205.391468
210.979790
205.354171
203.650220
205.970545
206.779246
195.300334
190.792856
200.610892
209.181645
210.176576
200.564465
200.697720
202.466357
197.274782
201.187455
215.271060
188.304999
193.192686
193.861869
193.112181
193.160628
193.232246
194.211766
210.584951
194.947260
193.349563
193.253580
194.253987
195.008950
192.643876
202.001342
195.919878
201.885782
196.036509
193.850038
205.826146
199.936453
200.147090
202.831780
199.407765
199.357485
204.719506
200.190631
194.096475
192.229523
193.051049
190.640434
206.265050
196.369619
207.143157
201.578645
196.047045
205.375593
205.313818
197.769376
198.452032
198.495536
191.608444
196.079120
201.829196
201.562070
192.553609
201.925929
196.732386
201.847635
196.847695
215.261093
202.626096
202.659783
214.330541
195.411685
194.192570
194.988533
194.276785
188.001969
187.082906
186.209929
187.255020
188.824738
205.440413
205.485234
188.070680
188.839021
187.962728
188.094378
189.823198
189.661353
203.908859
207.346525
212.728736
202.010202
215.072994
199.216755
200.161040
205.617976
199.603950
198.623031
204.517542
205.773147
203.006885
199.243135
201.099788
214.217636
208.180128
213.550936
219.823958
222.016207
220.920735
216.095411
222.253440
214.831972
200.270624
201.080359
198.310662
200.431111
193.172019
198.343649
197.435839
196.719769
200.269901
195.028512
199.151671
189.717642
188.953695
190.739032
189.013656
201.433156
195.320648
193.236201
193.180244
195.007266
193.276368
194.218706
188.975694
189.705974
211.338310
211.309356
201.958537
201.929322
197.118347
190.949454
194.302050
204.705599
202.084874
207.394050
204.061668
205.148537
207.124664
199.106984
198.411419
198.120935
198.098334
204.767683
199.409230
205.488381
207.245317
199.329349
198.338379
204.324639
197.422621
197.300734
194.151552
205.050612
194.888284
198.503453
199.241513
205.828389
206.086938
197.961826
198.091695
198.116756
197.652809
205.415220
205.484519
200.353207
200.402311
201.139596
210.928654
201.276880
207.384679
201.767688
212.551128
192.574448
208.122471
208.790186
202.568517
208.013909
208.680814
202.401195
201.748552
205.806693
194.845073
205.037261
203.906852
204.868938
203.738135
208.347269
216.898473
205.460976
205.449993
214.618845
199.500829
211.441010
200.981502
212.110198
200.271540
229.804881
213.221602
201.838276
200.214440
207.128024
200.184199
212.547131
201.517166
208.417458
211.921880
200.380895
201.075169
204.490793
199.199331
200.951347
204.419066
207.889045
208.014719
201.958728
201.702028
207.534320
208.395539
205.727876
200.303103
212.649197
207.190519
209.973691
206.897741
207.842214
205.792607
201.040423
205.793751
205.521812
201.054135
208.429902
208.825793
196.742523
197.436778
198.465808
199.664802
193.172840
199.299433
194.189723
196.722459
197.460045
189.155419
186.527081
200.667557
202.147825
200.440493
201.435893
200.408286
188.317777
207.397782
212.215087
201.315434
200.280658
197.754865
212.125952
206.436351
205.420850
197.779984
202.849277
202.874592
205.720417
220.705925
206.387726
203.081072
202.362608
207.099528
198.419387
198.436566
199.704408
206.354703
204.514393
195.312310
201.942306
196.030640
194.304599
194.016328
194.001821
195.722724
218.776719
210.496506
199.681934
204.330426
210.584696
202.089219
209.700432
195.878535
210.157716
210.183693
210.343761
209.218408
207.329757
197.918226
211.554006
200.828813
199.790035
206.428772
197.939989
198.965078
211.631320
210.253558
210.313253
204.038029
214.375095
214.136447
205.713135
207.468625
202.279364
205.631317
204.576043
203.468988
207.364698
202.796582
203.363569
208.459440
207.682070
209.543887
211.287425
202.924984
199.840166
200.714913
197.902768
198.751231
189.936526
214.850289
213.144727
218.835016
201.146644
201.386800
208.269114
196.860127
204.007419
231.997255
219.592497
212.591819
214.261562
220.364473
214.087661
214.078282
197.053566
203.016684
213.193869
200.364070
201.173844
211.521357
202.891857
212.379274
200.434689
230.980113
214.028851
211.239943
216.844129
204.254911
213.347834
210.486906
198.761224
209.077743
203.375338
202.315667
216.670416
216.703002
223.674039
204.349891
203.962377
210.991036
203.279451
203.146952
213.436413
210.636793
216.050460
209.450204
232.128307
215.104611
209.427717
208.365885
207.601368
219.560765
209.448120
215.924559
211.981449
219.663766
207.705748
202.399830
210.234468
196.141539
211.488469
202.267239
197.218570
202.257090
202.056910
212.636969
201.289987
208.517062
204.209359
202.852704
213.393554
202.089011
206.663347
209.307410
202.353920
217.763893
197.305540
198.659403
197.575165
213.430674
202.474302
202.213796
198.819745
197.737007
203.009751
202.568784
212.513271
227.523945
209.165508
210.662534
209.854894
193.610716
192.526707
208.347758
239.685994
210.963103
210.965937
212.151521
205.540147
207.895938
203.469458
214.363571
209.930390
217.212300
211.038555
215.760170
196.974115
207.817648
198.577553
199.161549
202.347762
201.464136
221.898321
214.442252
217.236985
231.079021
231.110846
224.542237
210.964391
211.980581
216.588529
222.650034
231.701950
210.244749
217.621266
213.894104
209.457720
224.590934
224.402116
210.068007
215.353717
221.706787
212.918369
213.888931
218.537369
212.198787
215.946756
211.467028
211.020715
216.346782
222.669975
212.967025
227.163748
208.115390
213.423288
216.810348
204.019071
209.324965
197.844944
203.152436
209.676038
217.952736
240.773998
223.420207
220.065733
227.444197
223.660967
210.109382
214.644828
221.251741
230.376667
222.257038
217.964047
222.686517
214.886953
210.379950
224.066849
225.588778
211.964506
213.020010
217.624812
211.244879
218.614570
210.406408
224.458541
210.153374
215.436023
231.570020
221.674689
215.954332
218.267814
217.375739
219.480737
213.458579
212.841829
222.497309
224.107501
221.424186
215.910805
212.375411
215.180660
220.554068
209.699585
215.166744
208.704548
216.358152
216.112926
218.520805
209.775555
215.245353
210.813848
216.077496
210.001546
219.549366
209.773593
211.478576
210.394017
212.305679
211.491748
210.870717
201.687673
203.970352
206.405349
205.038467
204.110961
203.244650
204.012853
210.582870
216.818041
211.362900
209.291419
210.050680
210.136630
209.247752
215.723154
209.209024
214.756443
207.779031
203.791101
204.484723
206.143888
200.669810
194.177541
201.057110
201.800817
221.138548
201.560290
200.049238
200.555974
207.235051
208.423584
203.841228
202.434942
206.204131
215.085357
207.863936
207.584364
202.227474
200.332177
203.257499
202.690292
209.704840
209.702686
203.547004
205.118632
200.757351
201.312383
202.222451
210.812973
207.543909
205.893468
210.797377
207.585995
205.859974
200.563390
202.157407
200.432648
215.779530
215.268708
215.952298
217.148849
215.794902
219.757222
219.903395
217.995894
209.899919
209.950215
214.342006
204.849286
216.128930
218.848300
217.053093
217.440892
218.374567
214.443420
210.924078
216.581178
208.037253
204.568199
202.268422
203.081915
201.315553
206.557463
207.429181
201.448159
201.359335
201.424946
217.404283
219.781986
217.263688
215.503087
200.189529
200.176110
204.603118
207.720925
208.450560
201.291106
197.770689
203.221344
200.559231
199.564842
209.455664
210.262893
201.823542
207.249945
207.162056
202.103364
204.479528
206.171608
200.098008
205.075250
199.222496
205.330964
206.444171
206.438912
193.426156
194.875880
194.147810
193.083112
187.985776
188.822852
219.229411
210.802359
210.842852
194.526237
195.196226
196.182642
198.671698
209.720417
204.570941
207.208361
193.394814
193.339829
205.448844
208.757773
209.534750
214.219199
215.378416
205.130177
209.136801
199.709764
201.476686
209.294926
206.826749
196.319283
209.123125
205.506833
196.019577
199.549861
200.268834
204.792794
208.991004
204.871034
199.790995
195.006029
197.785168
207.962202
196.773170
207.769613
201.516050
208.607863
207.195516
200.735780
201.430668
196.357571
195.970531
195.257930
192.627763
191.614944
208.087569
194.157591
208.008788
204.425717
195.943925
193.342841
206.417157
200.936282
214.772676
214.865480
208.984714
204.526845
206.117446
205.409864
203.542426
204.665474
205.364845
199.953953
213.156181
213.171129
198.630671
194.261701
200.275739
198.496287
206.843753
206.666358
206.001794
189.788618
202.647530
210.667755
212.472148
204.373588
196.538826
195.743134
201.059431
201.094633
201.388388
196.765063
200.300728
208.189877
196.352274
200.935733
200.300155
197.416541
208.843649
191.756355
194.367708
191.115854
193.778815
191.912765
191.847877
205.519159
194.510201
192.607787
192.527112
189.156163
213.532502
213.558408
214.924432
200.933874
196.103097
201.312182
214.278644
233.249896
214.994337
212.695411
212.306714
212.310293
217.873795
209.191912
211.179351
203.284359
203.184335
210.647728
201.391984
212.784910
202.303482
202.582842
208.058082
208.685654
206.153006
206.262823
208.007963
210.897796
205.504584
205.375039
205.414644
202.356375
207.743592
223.443851
214.294841
208.729870
222.430266
201.432077
195.973410
202.171157
202.945269
205.784140
206.632732
211.634372
190.801682
192.635830
190.039468
188.665214
195.279150
193.406981
189.699301
190.807993
202.591082
205.295299
205.453711
200.323713
200.352511
203.557877
198.550986
202.802864
193.982729
208.021108
208.876887
199.406929
199.499700
194.123071
200.209027
193.972844
193.991207
200.132864
194.046064
201.263094
194.036445
194.082368
201.210687
206.766228
205.566290
201.155323
200.944584
200.062020
214.708793
190.063655
211.683873
214.965388
215.891213
222.041808
211.930624
212.682959
226.402867
207.311795
207.344033
216.492885
217.202261
221.995850
221.028651
225.591733
232.548466
213.964681
203.023632
205.183905
224.613223
210.560065
208.075550
202.878994
195.937768
202.714476
196.945974
199.237088
203.244419
202.953497
203.409399
209.132790
234.148288
236.274222
203.833683
203.079135
230.828860
209.919422
205.126162
216.684175
216.782547
209.972843
205.171228
208.002469
206.843442
210.350865
209.245147
204.331041
219.867704
219.553476
213.591500
219.590005
209.295636
216.047453
222.184096
213.550923
220.682229
209.286329
214.972235
208.839796
213.644685
218.550072
209.347309
215.282787
211.148926
214.958157
208.887041
219.504420
215.039736
215.110227
215.801953
194.236224
200.958759
202.160508
202.730443
200.488144
206.345324
196.188257
190.730241
194.134491
193.272681
201.760250
195.955056
204.552256
204.515572
195.120584
194.862333
201.000099
205.825565
201.139343
189.817654
195.979261
202.156440
201.320268
208.992531
211.604107
211.677288
209.007781
215.078687
217.232582
214.005801
208.047831
203.107400
202.790891
202.036078
217.255146
218.010635
212.955887
216.326714
197.830292
206.635849
196.100674
213.999535
196.899890
196.076108
202.569095
211.387880
221.132894
206.308319
211.227945
205.292638
195.949868
202.134186
210.245852
202.272665
217.267107
220.089544
218.665875
213.898288
214.656476
212.972317
215.625793
212.129480
206.080338
195.602807
212.990107
202.679283
196.494464
212.383436
206.443725
201.067077
207.777870
206.531242
203.874167
210.988981
215.896207
205.590647
206.169790
203.841034
203.471775
205.495564
199.394850
205.739796
199.769550
209.089487
209.089305
200.456150
204.662637
209.810314
205.128735
199.639057
201.735953
206.418800
199.292965
198.507714
213.144223
213.129364
201.043464
202.014022
202.881538
217.834473
210.841850
209.792520
209.532244
207.014802
214.820964
214.753561
214.037783
215.177345
215.857856
202.255802
219.174111
201.497083
200.795474
202.906791
219.879159
209.791672
197.560032
196.004803
201.825971
202.595850
197.547754
209.523814
208.808281
215.239453
201.842629
201.472768
209.810279
215.819228
215.815125
205.718265
212.499309
206.726751
209.020317
208.609739
208.278205
206.549755
206.542922
208.297877
217.576432
218.653063
218.162571
207.023221
206.883974
205.900489
218.189285
209.261458
208.553467
207.925654
230.042906
190.885588
189.872130
192.580805
189.796272
201.180238
199.120387
192.536530
190.904672
192.350767
193.165078
196.108954
197.876655
199.529341
204.582396
199.853222
201.147681
249.435864
226.926709
216.604804
221.922655
218.390244
212.206927
225.360933
217.850440
222.497900
212.386638
217.561244
215.065199
213.224174
217.585747
225.601821
222.702389
215.699247
216.568391
224.391892
216.838569
216.492893
210.310488
216.342770
217.593140
223.782468
225.439751
225.399909
233.498876
233.541387
229.585690
229.722109
224.808809
232.719482
233.215297
218.511513
233.351866
219.682416
218.482251
232.761977
230.095493
221.618655
230.176890
220.600766
233.321262
223.537978
223.575848
233.365879
222.144029
217.387794
222.052358
227.507519
227.413690
226.382251
227.914822
227.957590
238.097235
229.005863
226.360550
229.099799
235.747168
225.733256
235.843819
223.840992
223.933408
238.101878
236.837563
236.802731
229.097797
229.130660
228.081323
231.174748
217.692221
231.138675
217.277358
226.742083
223.184443
227.197473
220.094502
219.077330
219.721883
212.084855
214.781061
210.813376
222.167157
215.168980
203.648893
206.669478
208.094790
217.025391
212.343211
226.731803
216.667566
215.480895
209.066119
222.681179
216.503642
218.918450
219.730675
209.839583
212.240118
209.899381
211.589417
220.642980
219.160465
215.813633
211.870461
221.569885
221.651377
221.542559
208.861147
202.642138
215.134037
215.102437
215.110466
223.628653
207.028351
208.792132
217.733243
216.599028
231.876049
223.500718
211.700139
216.384210
216.896328
218.819730
217.000878
205.420697
210.104424
212.260660
216.954096
216.156442
215.464709
224.436390
210.179754
212.993014
216.246844
215.550111
210.111345
216.342094
215.289182
209.943476
202.681436
213.979911
215.057890
215.040347
208.901117
194.257970
194.971821
194.254122
195.148765
201.983752
202.578937
208.464663
201.432638
206.310320
207.680356
200.401644
206.510913
192.465884
191.879883
194.777271
207.647906
192.622086
192.555903
194.139529
199.561595
199.625360
214.348546
198.540843
198.710014
196.079386
219.806469
200.412586
192.950925
193.937690
201.400810
217.234230
220.793083
216.814113
210.588991
223.097334
216.032627
223.019988
221.145012
221.085320
207.384872
212.797211
226.444085
211.971680
215.331367
206.266602
208.324165
213.086734
212.818000
217.004039
217.414378
216.877078
225.284921
213.805641
219.247400
218.125955
218.092001
218.453848
212.530332
219.784039
212.864348
218.215999
217.137379
215.389048
196.084136
196.797415
196.068526
209.472425
195.057341
195.091525
209.221774
224.264148
193.993840
211.176373
194.690690
193.944492
211.896464
210.182288
195.978269
200.629119
200.745008
195.963942
206.364596
200.647099
195.193439
196.747104
211.254807
195.769907
202.038371
195.068967
211.290921
202.978470
202.338500
211.256677
203.021420
209.614381
202.427611
196.929832
218.132142
203.655965
197.788476
201.493596
202.615352
201.934731
202.331283
201.456285
201.907240
202.292675
201.957547
196.128457
194.341267
195.074712
194.989599
195.355763
217.003638
216.286110
218.087080
208.107538
209.061207
197.759362
201.473932
202.568505
197.743316
208.398749
198.807433
196.928877
196.215445
219.919603
199.566217
198.827114
198.683038
198.093193
195.240881
197.749669
195.497866
198.058779
196.191216
196.254662
198.843525
198.817508
200.975775
194.442766
193.427374
208.114215
193.640202
198.893006
198.814939
204.620205
203.146909
203.002966
202.907321
207.956235
201.531647
201.264704
200.335828
201.053566
196.645163
197.650446
196.911004
195.907561
198.109790
196.912160
196.829961
195.565011
206.121389
208.899294
216.649797
217.409046
216.549941
208.769209
196.087935
195.148872
195.541681
196.837279
191.148686
197.381905
222.733940
209.297998
215.020962
200.718127
204.559353
204.460519
203.111563
200.714890
206.048130
222.712153
206.084712
206.486544
207.226642
208.146210
195.898909
200.443821
209.761859
200.404715
200.497559
194.341780
199.379467
220.416145
203.647998
213.152796
209.872401
209.121709
195.904310
194.373352
198.768721
195.891556
208.673438
200.353645
206.607910
202.140249
213.029869
198.789240
195.181249
209.063085
199.643262
202.175385
211.339940
216.295362
204.353168
204.269561
220.788337
204.307569
209.717120
205.427644
214.580309
204.127164
204.791520
206.250870
208.562316
207.203108
207.228261
210.958641
202.025425
207.423932
211.972404
202.035699
206.498215
209.893024
196.623760
218.359051
218.333765
216.023480
216.648565
217.644688
222.976554
222.888923
222.157778
222.979909
220.405856
220.656847
218.533156
217.411258
221.779639
224.041745
224.132488
223.912955
217.143303
217.853817
216.687615
216.135523
216.137330
213.714258
206.907997
213.547704
209.279638
211.082728
209.553542
214.318958
214.531546
214.902853
212.595108
218.084015
211.360585
220.928241
230.292370
230.372066
202.182228
213.615424
210.961589
212.663162
210.337819
206.375897
208.887350
203.445957
219.148477
212.494641
221.356306
217.546753
211.515173
217.783829
217.062617
212.642882
229.257336
230.329593
228.239788
220.181563
224.874087
224.966289
212.696308
223.841538
213.718195
203.445675
209.468994
203.383950
215.669139
228.727114
221.023604
228.416712
220.421553
209.346045
213.812966
213.462056
212.325273
209.697592
212.483958
221.121691
213.037992
221.221787
223.494106
218.412576
217.592619
208.821440
205.140178
211.424032
219.455922
205.157087
215.023487
209.724302
215.100375
216.286636
225.186090
211.922721
211.597331
211.896788
213.508290
212.430743
224.238060
220.824598
217.641767
225.128645
203.276577
202.104029
203.924681
201.157066
202.140049
202.300835
213.278566
213.365252
212.971736
210.110958
216.241702
207.614957
202.222812
216.014274
217.064561
215.140750
215.872680
207.564502
202.211047
201.122667
202.053140
195.882179
202.207316
203.814711
201.542121
195.983527
201.335443
201.393018
202.867698
207.962215
208.656972
207.260579
213.096706
206.374999
214.567293
209.216827
211.372371
199.835789
200.800037
200.964619
206.262681
202.037221
202.195033
217.671327
215.348648
207.316400
211.338406
207.988667
208.439828
199.410789
211.432902
203.790616
199.903034
201.544144
199.311472
200.055853
196.966991
212.443402
204.819959
203.830698
206.668107
202.032894
208.990779
202.184816
217.672632
206.338933
207.308174
213.899615
205.386390
212.154335
208.484987
207.342893
209.787327
207.934982
211.319347
196.912524
212.392261
206.617710
206.668923
200.850907
205.248916
201.858002
202.788877
196.630223
202.990716
204.598513
202.300509
196.778982
213.529846
207.434263
208.658029
216.256411
209.414194
202.081980
202.186958
204.352855
208.811405
208.381903
209.569458
201.060499
202.000692
214.196592
210.802716
203.136804
204.754400
202.500789
209.101577
210.325265
208.113071
209.300873
200.758982
201.774901
200.216181
211.644128
210.411522
202.834472
204.527803
202.272765
201.316252
208.586088
201.632103
214.365783
194.761554
194.677954
203.751104
215.219220
223.641886
213.249514
202.262690
214.395829
197.077461
202.210423
214.348537
222.708763
212.099972
211.997989
201.608846
202.331491
206.493903
206.431174
208.258277
202.692049
214.373076
205.552426
216.885601
215.821566
205.348091
206.677205
207.508986
200.556552
195.094926
206.594689
208.225992
202.966067
208.544776
218.462223
206.494005
217.223618
222.124643
221.954106
207.074580
215.460545
203.459643
204.597505
206.343954
206.647776
214.056095
205.703355
200.259501
212.352610
213.875294
201.883692
206.626556
208.938297
207.658221
211.170885
205.726224
207.362512
204.849119
204.734297
205.798544
206.709322
212.433921
206.494252
201.081303
198.589380
201.354010
199.549157
216.643582
199.301628
204.433202
205.594563
206.582782
215.023795
207.757290
223.060337
201.342182
207.521545
206.426287
199.494905
217.593791
195.970280
212.459750
214.996433
197.663027
209.416861
207.708176
228.926604
202.117144
202.795940
218.671298
208.203485
206.584891
213.745621
219.946586
202.093160
212.542230
211.565060
209.190916
212.265634
206.935820
209.885866
209.007715
225.906083
203.226826
209.751511
204.249384
201.369179
195.276346
215.847582
216.604230
214.864831
195.962442
207.705155
207.951205
219.549526
199.568273
195.114465
193.358047
194.372500
201.367182
199.565276
191.687672
203.425698
216.681257
220.543929
207.082595
197.163883
210.321194
211.076363
194.303170
200.400201
199.388968
198.897953
193.401013
198.419743
204.277189
213.768626
201.243887
195.918400
213.813739
207.537191
201.075879
201.038232
194.990718
195.789116
195.716148
191.531028
192.387901
195.335040
195.304547
190.943211
218.717727
221.091659
217.264377
216.545228
210.084687
209.057872
213.883753
210.182007
202.822480
215.473742
213.194876
213.191771
208.145167
198.406586
210.494273
209.833204
201.251277
208.305923
227.489463
225.492693
215.882915
199.107925
197.657649
200.118945
195.070454
196.837976
207.182231
209.192045
206.926753
203.417596
208.450171
210.098156
186.334795
186.307029
201.065670
194.896184
197.830584
208.679570
200.269901
201.358350
210.723791
209.802150
201.909183
195.956283
189.786797
194.128315
193.218172
200.209349
207.310582
202.201824
207.234566
202.523574
197.531774
203.881267
202.761133
194.162592
191.354210
197.661189
202.652720
195.832316
202.022321
202.302168
207.287523
203.712345
201.156907
203.340518
198.699669
204.408337
194.058848
205.559434
206.372116
201.214049
202.278379
195.888674
202.078677
190.655460
193.321150
193.250582
188.460284
188.780052
189.880567
189.107119
189.024563
189.542698
189.941916
193.994092
195.802494
193.734883
194.066020
192.069267
182.818766
183.596211
183.850077
180.338298
188.062924
187.708922
193.021735
194.782306
194.771537
195.461501
193.383781
193.393811
192.999265
192.884547
193.285647
193.938964
194.012320
193.926904
192.983747
192.171845
194.771613
192.294032
192.885734
193.901630
193.975941
194.888624
194.629269
192.161695
194.692311
192.972193
192.284197
195.107074
193.320810
193.212753
189.462006
187.756050
187.770041
187.729603
188.091258
187.984202
189.781782
188.009208
195.380808
194.597874
195.668810
195.722268
195.594039
194.650851
221.949311
222.542984
221.355628
213.499959
213.544330
212.158185
212.063405
203.996265
204.784833
214.682545
210.906295
210.799332
204.582753
205.414917
222.232329
221.458879
222.217861
230.248474
211.435100
219.799356
210.772289
215.561822
218.306348
220.768770
223.167119
230.125243
238.716090
218.892038
217.048671
225.020775
229.100956
233.734531
220.822009
225.322049
208.996326
211.007685
210.717588
221.984973
221.628525
216.379376
215.285246
214.228926
225.330844
228.397864
233.536924
220.122178
208.714603
218.699249
218.610743
207.693275
216.509216
222.587739
214.371883
222.684968
207.775273
206.721299
220.840252
207.941852
206.958751
203.051869
234.714047
232.406465
220.075166
217.629309
220.833374
218.383272
214.094818
223.687453
215.157462
221.415423
226.102583
215.862317
214.499635
212.629114
207.398998
214.402004
207.356806
210.009693
214.219896
214.258206
199.787277
213.472191
209.074896
212.513267
216.791504
207.677844
210.457759
227.071862
218.515387
210.465739
210.390766
210.351341
216.232416
207.189750
209.969239
214.721167
199.420340
205.386467
200.420319
200.538747
205.342685
200.506887
201.972514
205.024251
207.527613
208.372451
216.597150
219.637274
205.536693
206.273612
210.881068
211.717034
215.552711
213.448212
214.471950
218.557352
213.449091
217.441890
213.563761
217.479445
208.943712
210.321784
211.158028
214.992169
217.689003
212.888515
222.975218
220.962547
197.664895
197.750985
194.626703
191.797982
200.880254
193.877084
212.853223
209.155254
210.954352
204.384354
210.260106
211.024003
210.436825
214.438917
208.809533
214.352581
220.420956
213.034698
213.308575
240.896401
219.907969
218.493190
209.364860
226.684973
236.043032
228.922422
233.227369
232.244961
226.052039
233.292249
229.987468
228.118024
237.150938
231.196689
225.003748
220.867794
224.012019
230.611435
225.287769
224.225991
223.402384
203.429007
199.212692
196.706188
201.465278
204.299450
196.061519
195.895002
197.655619
202.822548
197.509648
196.819950
195.674800
196.686442
202.206979
201.271965
202.946134
196.540888
194.980987
196.914959
205.412339
196.619435
202.631862
197.756252
201.244253
209.032242
202.290501
211.673954
203.931944
210.660128
195.444465
200.228678
208.011544
200.283057
195.500144
201.968061
201.033265
199.106084
199.073794
200.832021
199.158307
200.116065
209.428294
194.789062
199.221584
209.867215
195.857564
200.969004
200.256888
202.680370
197.703938
200.415324
201.030488
201.288745
198.835371
193.373785
199.581793
201.460606
205.217360
195.162464
195.974504
200.317370
201.084063
199.198035
200.287891
208.935486
206.344120
194.822739
196.584757
194.989844
196.629146
197.639522
195.424421
193.864248
195.747145
205.366341
202.585239
199.450719
206.273968
194.021790
200.965676
206.037312
200.477584
204.603888
195.725916
194.748023
199.531230
206.189388
200.029103
200.172685
201.167580
210.599228
207.157831
209.647837
207.089192
207.212019
208.874936
207.870858
207.842057
200.874152
196.443924
201.226723
201.333623
196.499331
211.869922
216.826012
218.769064
224.264752
214.785513
216.456187
210.083966
209.169118
209.591741
207.399172
204.941072
203.828423
221.268326
211.794268
206.709626
205.472601
199.508339
198.440117
199.821263
197.991221
199.942526
198.444649
202.736737
204.554205
198.336823
189.212969
194.210750
193.546493
195.130618
200.115463
189.883950
200.143048
190.959418
194.236642
212.527057
188.914597
195.042866
194.369585
189.863863
190.669139
201.417574
195.197902
200.211454
206.456154
222.217991
220.685535
224.526199
212.126625
217.489305
224.240530
226.494216
231.841834
214.397178
220.495216
225.240572
213.241109
225.826556
225.322474
228.634262
223.043479
227.032257
225.023317
225.774145
219.694932
231.938034
225.851746
224.239789
225.808405
219.780498
225.170332
204.670447
196.729186
201.063006
201.806326
222.768384
201.017885
206.265537
215.840736
200.500729
211.337644
201.247153
196.785438
207.623776
197.532147
197.794737
198.542968
214.344534
225.394355
225.392937
225.353913
215.169077
205.228612
197.756501
205.703174
202.787833
202.043868
222.672051
202.045839
207.214638
216.798008
202.500086
203.215555
211.086562
195.530938
195.809730
194.874795
196.533381
215.064826
210.016220
214.457482
212.607533
209.955419
216.560720
211.004281
219.963762
214.464365
214.679001
213.662835
230.430575
202.201044
219.584218
199.973305
206.584980
200.181476
205.395203
210.948720
213.669687
218.872734
214.483566
202.992928
220.344548
208.456150
203.096174
206.249379
189.763858
194.125455
202.380560
214.322656
214.366356
202.369692
191.799783
205.479436
188.964274
200.554211
200.159222
193.326131
204.737413
225.263539
194.257437
194.948541
199.152707
195.952273
196.679843
206.286273
206.192489
196.992870
201.351518
200.091364
200.746064
211.888626
212.970777
201.113575
195.112382
196.964041
209.419364
213.206556
224.215648
214.010413
199.907063
199.201111
205.395421
205.356751
199.226407
204.435745
214.688241
201.335239
202.030053
219.903789
216.791037
222.809343
217.493739
224.153094
224.121309
214.937670
216.785318
214.696459
216.726319
218.073766
219.229374
223.322416
224.254471
207.037764
213.875504
225.414696
208.535607
207.750384
216.358227
210.070797
215.467669
226.265222
215.766814
216.448645
216.791680
223.443871
211.153712
220.239131
227.789885
210.536184
207.797472
216.969666
209.291346
208.392120
215.181313
216.336329
213.587928
214.174803
216.043110
214.361660
217.046654
219.759305
218.861205
218.989877
215.087561
214.373387
220.572938
211.648988
210.967746
214.468131
212.363452
228.755520
228.587274
216.800168
216.654005
214.332045
217.858171
210.541827
223.421703
219.277976
224.827914
218.429479
212.330643
194.825687
196.411990
195.671201
194.104048
194.088639
201.459147
193.040233
192.983299
188.463407
193.315506
193.216363
188.723190
193.207655
188.859735
189.042762
201.069537
201.174871
219.806090
214.276989
194.790454
194.689913
196.551894
195.872277
195.773210
195.173984
195.173847
193.386457
193.808977
185.406775
194.028299
189.522690
190.301332
189.573299
187.761911
187.034155
192.121843
192.536770
192.451227
192.927096
192.899665
192.947866
193.599236
192.924573
192.248548
193.220014
194.904979
193.254444
205.414001
188.767976
205.144275
188.463740
189.753623
189.494553
189.089244
188.860066
214.950586
196.711404
201.149174
202.681136
203.341798
206.619160
203.877944
200.654598
200.638335
202.835187
207.197576
214.078341
208.679849
202.564471
200.325395
196.061202
207.339523
199.619821
205.347436
196.545145
207.777933
197.206601
209.522458
200.177003
195.972974
207.992479
205.984498
199.852343
199.765157
200.328176
195.970483
195.537850
205.696687
198.850739
195.450188
206.763923
206.850322
203.270183
211.468519
213.055889
213.948436
216.135047
213.247215
210.983215
204.901431
211.189934
215.179072
215.055073
214.180592
215.858428
216.415626
220.349976
221.410349
212.068507
215.030550
213.269855
220.015939
221.633753
216.054175
219.178088
212.235085
216.420515
216.247218
214.073161
221.331972
213.975208
215.273415
216.910257
217.465885
209.208307
212.027206
214.827477
214.706185
215.762117
214.609326
216.493362
221.042312
222.362150
227.981296
214.609663
221.170961
211.916730
219.369493
215.683999
202.023511
202.876515
212.344554
202.369769
203.136049
204.665968
212.494681
228.089260
227.857774
212.635237
207.339099
209.074530
203.246642
204.001044
205.531628
212.700122
228.652486
218.254872
217.876808
217.196672
211.495079
225.610226
210.791815
209.042246
218.788228
202.102514
202.010938
208.000249
202.503156
204.137464
204.722810
209.152590
227.274897
221.071664
208.625994
208.542009
211.674176
206.351405
201.433427
203.065935
203.651984
207.385547
207.581543
221.684935
206.786558
211.575300
210.817756
209.024529
220.384588
222.421222
223.385626
218.494002
217.379394
222.979005
209.965607
194.444060
200.023826
192.711179
198.244534
232.319036
234.703170
208.119864
217.315774
224.903698
224.937546
213.701195
204.644996
217.094402
200.260914
211.361399
204.880079
229.261444
213.115268
213.078070
181.006196
180.979636
180.233734
186.174670
186.233414
188.964269
186.952050
188.690487
188.006750
180.942068
186.319405
187.218173
180.893971
199.280386
199.976111
191.564381
191.545599
196.850600
203.602622
201.447074
204.757603
201.458768
201.455294
196.781730
196.794186
203.071608
194.308852
189.921657
197.639378
196.102552
197.882642
196.344201
196.671773
213.569722
213.596045
202.941170
198.855023
197.747484
207.011322
181.806345
188.896953
181.809028
185.505111
189.078876
182.778662
182.876882
181.110459
183.892771
184.675129
182.912185
192.172033
189.218213
189.173932
194.977399
194.195512
186.369843
183.747167
181.909561
194.045464
194.388265
196.454470
196.787005
205.424227
195.498282
214.269885
199.943498
200.702001
195.853659
194.731045
195.161343
195.127544
195.183372
196.237006
196.970985
196.291441
192.192111
185.498093
193.340787
193.402437
195.169043
203.839679
193.326514
189.978806
193.215848
193.373989
193.202012
188.867892
194.123608
189.633866
187.983375
186.386693
188.771514
187.121346
192.181858
193.880970
193.195461
193.167732
193.865952
194.572565
193.174910
192.293709
192.944778
192.270637
192.292389
193.943032
193.243549
193.270071
194.085892
194.147356
194.842377
195.180747
194.795156
194.042859
193.747253
195.681996
195.379037
195.403293
197.066597
188.795921
188.491067
188.107565
187.847837
214.235236
214.165027
203.792065
212.234246
214.497312
218.952544
217.980792
215.588408
215.448561
213.669142
211.275927
211.136079
216.099235
216.911404
223.514063
223.492695
221.567430
222.115661
223.350288
215.982764
219.013011
208.268167
212.420363
187.793428
188.048391
225.268945
227.165405
228.255087
222.547327
229.638515
224.327064
232.796400
217.995149
218.397520
213.692832
214.124668
229.068119
224.738701
225.975199
224.219177
234.024283
226.892904
227.233264
227.670272
232.788339
222.580660
234.458396
231.970337
233.878062
229.948246
229.210293
227.990839
223.239657
216.348069
223.459089
218.980499
222.935103
217.526353
222.275801
223.598026
237.954807
225.229709
219.451182
228.407063
216.638839
218.094947
211.103928
220.259336
214.476580
217.209413
216.473673
215.833988
216.947046
221.959346
217.312054
230.213158
225.569708
227.784057
209.121191
214.543068
208.917307
218.943790
214.392599
215.849347
208.930925
213.247531
208.917529
229.066463
208.726505
224.269207
209.384576
221.126725
213.614010
217.053208
224.060852
210.911666
210.836873
210.945292
239.057042
238.854647
238.363686
237.182336
238.782561
237.517707
241.039631
239.347821
211.128388
213.999780
222.309559
216.954713
213.092578
217.054406
217.119081
220.898660
215.048330
220.492384
232.730304
213.346458
226.334004
223.686945
223.532790
219.159955
220.472276
218.837135
228.751334
223.243991
214.373159
205.946905
205.097208
203.492561
208.410038
198.672133
210.009464
203.711212
204.833643
202.933277
199.768286
226.117899
201.725567
210.038779
197.012227
198.068331
212.477751
201.749519
197.025150
201.815413
208.460853
207.890396
198.067727
213.463484
192.286105
208.757545
193.329045
194.411128
208.819963
226.735363
221.556354
205.780336
211.140356
206.414041
202.187602
206.891719
212.029261
202.121644
215.782219
205.759966
206.288867
207.006608
206.434375
209.859126
198.661509
207.271201
199.597277
208.877156
205.662897
195.262695
211.400798
207.708306
207.710773
199.608305
195.249246
212.367284
194.917962
195.905255
206.938232
207.708881
190.557516
191.570705
200.247196
225.707518
197.726769
196.957426
199.295637
204.659473
203.709014
207.108081
199.344531
209.387313
204.306418
224.283555
205.937998
197.519471
203.701913
193.149998
204.360898
203.438567
199.171034
188.780557
207.882868
199.962065
198.979855
200.251920
217.322974
210.331571
209.941643
211.085401
214.737546
216.746922
190.594346
195.784095
194.018060
203.527801
195.692540
197.447513
193.320126
213.102733
200.545372
205.290678
196.192005
206.331635
200.102708
201.154901
212.261155
199.526682
198.293088
198.362402
205.375504
195.174426
205.321574
198.363721
200.542932
204.222364
196.214884
204.185725
200.946513
200.480970
196.118150
204.162899
211.202402
195.039655
202.203271
200.299236
190.679184
207.830035
220.701178
220.665443
204.632585
199.602779
197.816636
202.553115
198.607084
199.860591
191.523683
199.847586
200.298756
199.629479
206.855558
193.489901
193.221785
214.800713
214.769998
213.131476
223.526982
212.333639
215.026294
193.348332
195.115976
202.399683
188.036384
187.084563
214.388637
198.148903
206.138876
199.215148
198.828244
204.443927
202.144097
193.935063
194.349223
213.071038
215.384187
206.226271
202.802160
194.351777
193.275929
205.113995
211.279125
211.344756
189.101179
189.168431
200.304518
195.969518
194.178364
217.229410
206.472117
202.052108
208.037879
211.323657
201.223548
206.410731
202.685018
210.704912
206.796579
201.319162
205.758551
200.905280
201.321731
205.639026
198.698342
194.549173
194.605709
206.502393
202.239713
214.028243
206.373404
206.374337
219.184110
192.787153
206.098176
205.349304
200.395078
213.219329
202.065436
201.615587
201.996144
222.638132
228.621627
210.242552
204.553143
210.303004
211.449469
206.699669
206.700213
210.423443
219.336921
217.269732
203.269721
195.161585
198.954976
194.306223
190.876979
207.231259
199.956695
212.315369
201.245914
196.882391
210.067764
201.389373
206.120187
201.340360
197.056473
202.135170
204.474568
201.527707
202.395417
221.176806
203.658699
205.479489
201.842092
218.427643
208.436423
200.760106
205.477688
205.444832
202.292105
202.268569
201.540094
206.824028
205.312287
206.003897
196.950957
203.185828
197.827797
214.119475
216.318623
202.063631
205.458068
210.656895
209.053147
203.383116
210.106002
211.799440
209.636686
209.502320
207.712088
203.377439
218.813182
202.323843
208.062597
209.078554
208.477439
206.654722
202.265228
206.296918
206.221413
208.976974
208.574256
204.010832
216.551178
217.387016
208.946221
214.447593
214.420851
215.828266
225.242789
263.257341
262.697581
264.208806
266.012681
267.169350
266.549249
285.093553
221.223097
210.872728
213.744249
212.107995
219.683364
216.701035
227.793679
220.203512
218.781504
215.329403
223.872435
215.435559
216.294228
220.741739
220.984429
211.905049
214.823413
227.291032
216.960198
217.024050
230.466277
218.202796
226.836349
223.329650
220.733120
212.976444
217.031686
219.209562
213.975634
227.621743
214.557111
210.893034
212.120416
222.256886
214.763458
219.984914
218.325289
217.564798
215.627330
216.777505
219.991290
221.087650
215.837812
216.338401
224.135206
235.370806
213.672296
211.840040
209.970089
220.511814
214.790015
211.882899
215.085805
211.020252
219.749941
215.127383
226.593902
215.432424
224.935256
211.973595
220.512895
212.311825
225.799268
212.924262
221.428690
210.435758
209.744721
219.728107
233.960196
227.600347
221.640856
229.053768
228.009629
215.984702
214.867535
218.112209
221.538151
226.254054
225.012504
208.529891
207.778863
213.661362
208.503638
214.246783
208.484314
207.015268
221.531707
207.899030
207.796502
209.945242
203.830995
217.799113
213.310423
214.400299
213.474151
207.308624
206.641651
225.032614
212.094546
203.232837
218.698904
203.805241
205.481664
202.396083
218.638357
203.907350
209.307158
198.111737
211.426376
203.252780
229.118730
198.766158
212.056503
211.758851
207.301204
208.383196
200.360369
213.650112
205.500109
201.531272
211.502344
205.969959
217.790573
210.794995
212.329996
219.556719
206.244821
201.396160
213.376934
203.200742
213.607227
207.014416
208.314456
209.808077
226.648311
209.081953
215.422671
217.948313
211.389337
209.145657
210.595613
227.436139
217.247033
212.782138
219.454505
203.082252
204.532205
221.404338
213.556495
207.358429
206.715734
211.897483
212.598139
224.991240
218.722321
202.881363
197.089691
211.539455
202.183081
199.382308
213.728048
204.475465
200.376327
210.489564
204.770124
204.331494
198.469374
204.367477
198.472585
209.933168
217.976171
200.468431
210.791308
202.226382
199.454299
208.799974
199.461833
200.467962
197.786709
212.101604
210.686973
204.855072
201.199214
206.972006
205.870120
208.073358
208.247092
205.799375
206.981615
201.193927
217.131004
202.927610
202.914740
217.572869
206.582532
218.652795
206.576017
208.692388
208.277565
208.298284
209.040294
212.223875
213.270069
204.538619
205.587265
210.093898
207.716857
201.921077
204.794094
209.980791
201.075235
202.682580
205.555759
205.098673
199.660740
202.861660
204.390969
208.240371
196.996879
200.471262
202.180948
199.439762
204.747590
198.527119
200.216243
205.704480
197.832969
198.838235
200.676939
194.487205
197.852523
197.676606
211.727196
206.344691
207.474917
199.207366
200.527454
205.001626
209.850519
200.398222
202.164603
207.160692
207.832419
203.269797
211.817512
207.370573
205.746868
210.170703
208.508657
212.554024
206.959213
212.521900
205.837676
205.744060
204.920249
208.535177
216.967021
208.205471
211.405818
211.950316
207.504361
214.381741
210.278910
204.235726
205.856812
219.467501
228.294473
221.703149
225.010386
202.257844
201.319780
207.603427
197.179492
196.152674
197.958718
206.622269
230.907543
221.611322
226.181398
208.738886
226.449521
215.096286
213.573948
213.588346
206.697194
201.277775
214.295408
200.671088
214.239748
213.970517
208.408875
219.084105
212.838686
211.710009
199.348427
201.295527
207.353865
206.182571
202.346169
207.503142
219.827167
207.867652
215.287057
216.280862
219.718849
207.688510
216.191001
220.535848
220.459905
224.470722
212.756832
214.656169
211.750622
207.208139
219.612789
215.137117
228.006655
209.981557
219.442831
220.890852
217.078090
212.409277
219.563388
227.096935
229.854324
211.806312
223.425213
209.850143
209.603671
218.991303
222.289011
223.323257
205.520400
221.302843
211.712213
218.042690
227.943340
217.153607
220.514440
224.383174
232.997748
222.142717
223.794075
228.330326
215.513217
215.589552
217.967949
215.108280
201.484187
207.585160
208.849240
206.822849
208.095603
213.280889
208.257703
213.696876
202.968053
221.031507
221.064106
203.304125
232.089453
202.579746
213.641303
223.952639
222.952143
219.684019
218.877125
227.214936
229.489648
218.710133
218.755380
216.711185
216.618021
226.474937
224.105993
194.754098
195.661214
193.329003
193.257411
196.772145
195.067477
186.554800
186.217781
195.092800
193.343877
186.307891
186.932411
200.429806
196.669896
201.402127
196.659664
209.816146
202.669238
195.977729
211.580309
224.871845
212.689665
185.505602
188.065846
189.054715
187.104966
187.989715
186.211336
186.293322
195.630944
221.312921
222.500936
221.906194
184.754531
183.061068
191.872103
192.620400
206.518324
193.747306
191.973174
190.161633
192.680818
190.832533
190.705321
204.667340
205.412661
204.337713
206.503682
205.447634
207.217989
204.708192
203.877243
205.458654
193.029762
192.376944
194.075516
193.328114
191.629094
192.297172
192.233352
198.518212
196.836084
194.049067
193.301183
191.643173
194.163049
194.900262
194.247653
195.997183
196.171330
195.156128
193.570794
181.190286
220.968709
211.016025
211.078306
202.567769
220.889270
229.368071
214.116315
211.602066
209.564809
206.981807
207.653585
205.289249
205.636749
202.863281
204.772661
207.932074
207.383454
200.611332
195.156558
201.800352
197.018171
197.009021
201.714594
208.842002
208.846343
205.864215
216.106466
214.911562
197.303985
198.027391
205.455195
206.136954
188.840371
194.283631
194.924969
195.570979
201.315535
201.347596
203.157383
202.433977
202.509687
187.587223
212.469182
208.272969
210.025139
210.045519
208.291558
224.488386
208.753156
209.611324
203.434533
213.703175
201.487574
218.108711
217.334214
202.641507
206.339746
208.900116
214.630261
207.061321
200.070325
200.396258
198.764893
195.094340
192.523515
208.788357
199.563358
201.136037
198.791525
201.141439
208.806887
199.769557
199.810746
204.106836
206.967110
213.918407
192.488148
193.224395
209.755256
207.828398
208.814884
200.523871
200.492639
192.430242
194.202616
195.853588
195.776769
195.109069
195.223960
190.920264
196.024335
195.921298
195.287451
197.064760
196.264907
187.348999
186.985588
229.432300
232.455275
222.024081
216.601199
215.847056
211.914276
224.087771
220.981712
224.112907
201.345228
201.593252
203.447104
207.593982
215.482802
211.897825
214.679083
220.998372
223.149496
200.608375
202.466644
216.937213
217.947024
226.420232
213.583816
212.297464
205.410752
200.919091
211.594854
205.790967
201.252015
213.695420
213.638599
201.385854
217.259633
207.240623
201.075108
209.452952
213.528485
207.257498
201.364197
184.736828
182.963959
203.163034
206.161908
202.703205
201.853494
208.021620
206.321309
200.641002
201.696116
200.588049
201.564866
194.966987
189.948170
199.124613
195.403804
195.184283
190.723817
199.891548
194.436475
200.286703
195.940122
206.200755
198.964118
211.875528
194.409979
205.410495
195.237522
200.649674
193.493905
193.502116
205.028697
194.877122
208.612939
196.583859
196.898886
217.044248
207.244838
207.245295
194.971391
195.817332
201.178486
212.509279
202.054722
203.808306
224.903529
210.307110
216.501129
208.252811
224.903504
232.067970
210.307013
216.502602
208.297887
214.590990
202.079650
206.499488
190.975974
182.882399
183.698034
208.068887
204.097518
220.363753
205.599573
213.443753
214.068790
200.787944
203.092048
205.699321
209.022006
208.948763
204.879684
211.271531
228.946496
207.433889
209.921921
209.920137
209.194516
221.450184
206.749136
204.949154
205.198256
214.471395
215.069084
215.094641
204.892891
206.482713
206.183467
214.604072
210.288948
206.059069
209.220383
205.876488
206.694162
221.311766
205.144820
213.334670
214.027349
197.889470
202.224251
213.560129
213.178763
198.770518
197.643262
202.427942
202.465413
214.541322
216.321417
223.362368
222.436533
223.360043
220.716508
213.643582
215.428050
215.426261
221.916203
225.403082
222.006401
222.450444
225.399259
223.238131
223.311736
231.490922
222.008559
215.424758
212.658958
222.455820
215.772748
188.535104
191.100672
191.019740
187.329548
186.316089
195.115831
191.483967
196.564735
194.797731
187.289564
192.567180
193.260947
217.009255
217.084011
216.131850
201.039340
194.104893
183.797975
194.740891
189.277264
185.723565
195.655016
191.887039
190.087296
206.269678
208.033566
202.181828
206.542624
215.904879
205.630299
208.525208
201.232203
189.214496
191.878938
209.566631
202.164961
194.232657
195.110342
194.040738
194.413757
203.906573
195.160496
200.263267
201.151790
195.185516
195.155400
194.544388
187.017302
183.712072
205.451662
207.300273
208.503820
208.417314
209.220759
209.143399
189.153813
189.929407
191.756052
213.214680
195.167043
204.271950
201.235738
204.264211
199.451635
205.460606
200.979158
201.323728
206.203473
193.193077
201.961265
194.342290
196.205878
205.288256
207.522669
200.537887
200.240123
195.177854
204.310621
202.107300
199.469761
199.409941
199.428093
202.042995
199.509489
209.789047
201.865327
188.826693
188.200930
205.573058
196.963214
204.085123
195.057654
213.574799
192.516086
200.769221
195.078958
196.935064
190.145265
204.064505
203.988613
195.913673
188.980242
190.750741
192.031164
190.812464
189.188878
190.948060
188.995582
187.084747
190.822954
188.861402
192.304619
193.248271
194.071520
208.834377
209.840113
197.442155
194.412842
193.418724
195.236755
199.610820
197.284967
194.387208
193.591034
197.354014
198.037494
197.506672
193.231654
192.354264
194.054468
209.924420
209.822239
196.077358
193.443359
197.645030
191.530136
193.227437
196.211097
195.171968
196.990267
201.359305
203.182057
201.479716
201.873626
201.329247
200.922716
200.556637
196.178563
207.589090
203.222745
199.525503
199.405865
201.064199
202.465898
196.161865
203.173427
199.467081
200.845093
200.728809
202.121483
196.962793
202.914755
198.572328
204.278224
200.334707
198.494740
194.163879
194.191094
201.116079
189.966762
191.793658
189.147132
202.360511
194.927925
190.754419
188.159721
201.945523
201.655132
203.438233
205.461556
206.435486
200.993475
201.822281
202.489193
199.208944
201.952381
200.308056
201.027586
201.627719
200.539556
201.294884
193.240368
194.389707
199.333643
192.299964
199.421904
193.424382
204.825856
198.529128
206.191676
199.326242
200.025130
197.414982
200.204283
198.436342
199.352001
199.916245
193.980973
190.682992
197.428834
198.516276
210.724919
192.590924
210.979145
195.166670
193.274817
198.483890
199.501059
197.697186
205.637423
188.952978
190.707870
187.307961
192.571132
189.925244
204.600657
197.686694
187.033752
187.150280
189.903210
207.374406
190.703473
189.027315
201.894070
195.010393
193.355437
194.290834
187.929350
187.893535
193.303208
191.464679
194.469153
203.686888
183.601452
183.515732
197.533776
188.996306
190.679656
193.223043
189.910376
187.851794
202.151062
195.957647
199.982258
194.917111
200.375560
201.985101
199.092054
231.609432
230.844163
233.881384
226.724417
226.724419
229.607640
229.609934
214.339738
217.152023
222.883619
220.784393
220.656865
220.707465
220.751537
199.303230
201.304538
201.194849
202.677553
198.998093
193.951911
194.829911
186.577363
196.611412
200.012430
194.256995
200.305017
193.336225
201.209448
195.188137
200.297702
205.418371
201.322702
196.273395
201.461664
200.991884
199.367042
199.031852
199.136756
202.811221
184.665884
189.027184
194.795729
195.905212
189.884799
186.940950
181.139829
182.789051
187.185693
188.594728
189.491451
185.525224
189.513037
188.787543
182.693057
187.128504
186.985947
186.945060
181.340371
186.992042
182.549700
181.869032
207.045385
213.887449
188.838481
181.104213
189.280426
181.097605
189.628574
190.002240
189.617675
181.131317
181.160306
194.027205
182.165329
207.542012
188.781980
180.283952
188.461057
197.241976
186.314167
187.989894
186.994501
187.071052
180.254553
188.797948
189.171249
193.267468
193.214259
200.215609
194.064009
193.951893
188.067959
185.525435
188.025748
204.212242
186.914325
187.709083
185.534075
188.772567
187.629510
188.423944
199.870683
199.981407
187.241315
186.896229
186.160915
203.290455
187.195259
186.171035
203.943978
212.298469
211.497734
200.492574
198.661317
198.693570
211.196250
210.492249
204.697301
207.184178
207.185921
206.397365
202.631678
201.094293
200.847424
199.903181
195.924872
201.071418
196.930627
196.503202
200.574715
200.410228
199.225070
194.920510
199.515979
201.616740
200.076829
216.462583
220.226850
215.291494
213.722595
215.330919
215.408598
215.035931
220.128994
213.339693
217.636806
218.948670
218.776328
217.836961
222.891434
216.639752
232.215402
232.089303
219.552017
218.660121
217.269985
229.506542
214.741540
217.800243
221.063667
214.289005
224.057013
222.404064
216.386904
212.431994
211.077149
206.642679
215.951614
210.327001
211.671818
209.810372
211.515260
202.159580
208.458372
202.903943
201.993413
208.369421
209.126823
202.229355
231.017204
230.635542
231.777488
232.198512
240.871419
227.752198
225.016332
213.418092
209.422223
210.287908
217.519457
223.790034
232.787759
241.951693
227.942936
233.428233
206.318927
204.082498
229.783704
223.172888
215.484791
205.760705
210.494455
212.310071
228.036095
210.479137
210.797441
212.659941
214.858519
217.061649
212.592956
217.048179
211.621783
221.951909
216.344035
210.896115
219.309723
217.371774
217.609778
216.353482
215.002176
212.175139
211.152388
205.404817
229.875697
213.880364
211.817710
218.080981
228.941951
227.395615
212.220333
199.870144
220.703045
219.107290
218.892763
219.858081
230.933771
217.043887
226.165142
217.349677
226.228091
217.412255
217.474822
222.192250
220.209537
221.179027
220.141196
210.886537
210.615643
217.797616
208.864415
211.052829
218.966873
212.933804
210.674744
204.461799
219.931803
210.330882
217.202245
210.342267
215.918472
215.834851
211.271554
216.311223
217.199581
216.355395
222.290780
218.244483
209.274677
219.013897
212.294651
218.249051
218.262188
210.899533
211.038007
212.372332
213.292786
213.431357
213.711289
212.381851
218.419202
210.945047
211.083609
211.303141
209.344743
208.640689
200.917774
199.150652
201.179781
191.412292
193.786634
195.464868
214.681724
195.554951
193.024746
195.846334
206.479007
204.286214
193.775418
195.563441
189.865930
196.059048
194.210238
216.336640
220.002164
224.013673
235.600734
234.218661
224.977844
219.115482
225.462495
214.557991
216.027585
225.035390
216.423836
203.809371
206.167313
204.340641
208.260744
208.576098
208.260312
207.859858
204.863688
203.584340
203.096078
204.760404
206.129801
210.416876
214.270231
216.564120
206.667245
197.944433
214.404413
213.451672
206.670105
201.937215
202.625504
224.994472
209.640496
207.966602
225.124545
203.108691
206.343129
203.216610
219.824461
218.834598
208.352948
208.380444
208.112629
208.978825
212.107829
208.406253
214.056573
206.403540
208.606168
203.051543
209.944282
218.782669
210.015948
207.875421
208.527877
201.203934
217.776249
206.292208
212.014534
203.628369
199.343721
210.554283
211.611105
203.729521
205.418757
205.395893
200.767474
204.688290
199.793005
199.323460
223.851188
214.150881
208.468304
205.354018
218.301062
212.576587
212.669174
206.714253
210.394019
201.303807
211.894565
207.651265
208.629557
209.027260
204.427886
208.500805
204.876072
219.000944
209.746909
213.266113
210.322957
205.356688
215.574313
208.142901
209.513739
207.811736
218.084082
208.532823
214.989883
218.167492
214.962916
211.598552
210.739743
197.783281
213.303498
207.298601
206.419128
199.619189
196.119041
207.357922
200.476251
199.453032
212.635665
208.054522
201.188147
207.483169
211.946460
207.281673
208.352325
209.704912
207.819981
208.438797
210.707518
212.699127
210.692283
202.909564
200.544324
207.228697
201.402478
213.443355
205.826451
218.737943
197.150544
212.513255
202.275745
199.494681
214.897378
204.621479
211.060707
205.355617
211.579090
204.876314
208.841008
210.766442
216.838112
215.013526
210.291844
214.221414
215.705986
208.772384
209.415934
223.824126
200.426822
200.428099
212.588975
211.555595
216.641146
204.844527
206.600671
201.274660
203.935279
203.282415
200.480991
215.911017
214.810675
205.646696
198.180820
213.695778
213.620799
203.346602
202.355540
216.897408
208.533513
204.909926
207.748058
211.827985
205.109433
198.771107
214.193494
213.077837
211.700733
197.071875
211.526987
199.440359
201.363084
205.817138
198.823828
203.498837
203.052534
202.445317
203.096762
204.807803
215.151191
204.719501
210.130326
199.798065
208.229583
205.643963
205.971062
206.417100
203.693409
204.798451
205.114173
204.726559
222.501166
204.734432
203.712908
206.570953
214.985471
202.266284
212.592246
211.106740
216.666596
219.934980
211.857297
227.430105
216.472776
211.917419
209.579845
215.836362
215.616989
222.249526
207.351092
207.289260
213.461711
211.742743
209.914028
208.439942
209.055462
206.858085
230.308680
229.125566
233.805440
233.855503
227.753453
207.990021
219.155672
206.965680
207.029600
203.612582
209.659624
215.216680
209.557520
206.262631
209.103029
204.596612
210.755400
205.353170
206.705782
208.201140
208.010047
210.974603
201.028031
196.476550
206.616394
205.537880
213.557380
199.441062
202.900012
208.023527
204.597268
209.949222
208.553614
200.890722
217.996849
223.214278
216.416904
215.342251
222.344648
226.289517
230.741722
214.760579
221.642175
228.652425
224.421216
209.300408
209.631307
209.210978
214.887508
214.785911
214.379450
214.552649
213.455157
220.460110
207.986387
215.811343
208.742817
215.542400
211.565677
213.377755
212.790722
209.783464
212.361756
218.717424
208.614831
208.683852
212.880915
210.903502
213.595028
200.011117
198.884403
233.166548
206.926067
206.939191
203.717386
218.834125
210.044510
203.806513
223.300739
215.839710
214.183470
214.630049
224.449719
219.885283
206.299288
205.170913
211.973696
211.059361
218.928193
213.688774
208.758867
200.018647
198.934631
233.175073
220.511272
220.436521
209.292644
203.665182
219.799623
216.388946
209.954162
203.674028
215.268352
215.128417
221.700118
221.656749
216.124048
211.751284
200.706475
213.997278
209.286123
220.041589
214.895935
220.073113
220.695817
210.896866
231.049831
222.661275
226.092356
211.526215
212.305622
209.658137
206.316496
216.380231
205.339251
228.121045
215.403761
220.635921
210.682496
230.972466
209.169364
224.252774
210.665802
210.246385
210.202268
216.492087
214.627815
214.249626
227.343067
213.751935
222.725771
207.714351
216.566623
224.288185
208.490426
215.194378
222.610334
227.182010
230.102107
208.671793
219.747334
218.091929
203.113681
206.043361
203.416752
214.428366
199.808084
217.102917
220.534733
248.592223
225.843769
225.055846
226.545392
219.368934
222.176629
207.711122
211.999235
209.412468
201.117562
197.896302
207.592973
195.368364
193.993204
194.222713
205.149934
201.929554
222.121940
202.741574
212.155412
214.340749
205.466790
211.691708
209.240306
209.608155
209.229954
205.621112
210.971229
227.400563
205.856980
211.063951
202.176435
216.937756
212.579480
205.974065
206.737141
217.932967
201.140233
210.949007
217.081509
203.444797
200.817610
200.870348
195.355473
231.259963
205.435429
217.550970
216.970161
219.796646
220.218195
210.932464
216.561226
211.841097
227.696128
229.179710
232.950583
207.981539
217.407614
215.947005
204.374192
219.154935
211.763734
213.752611
208.026607
219.027797
203.245952
218.559181
211.204896
218.056344
212.005672
221.230419
226.676756
219.681232
209.533276
216.581468
222.294129
235.423919
223.067826
211.025585
223.390368
204.366151
209.881483
209.828237
221.719258
224.393932
214.528135
214.477420
215.776497
215.585607
194.309998
215.414969
205.234275
205.234225
199.772138
206.314572
208.452769
230.329605
208.206077
208.117512
205.840021
213.321048
215.632479
205.463950
222.345760
214.368094
212.584345
228.518687
206.569884
214.623406
215.313112
214.766960
215.361583
204.239074
204.351130
222.871678
196.887328
207.724019
197.069141
206.846003
198.936897
196.334125
203.004659
202.703864
221.423328
204.501875
203.305468
222.406482
204.801976
223.938013
206.298513
241.634908
190.700404
197.744545
192.399612
193.227081
191.544078
189.694757
204.658831
195.009547
202.545498
195.860344
191.741788
194.302970
195.154146
188.988755
193.432385
192.665005
195.775162
189.627245
196.107428
199.513363
189.906496
199.298411
198.376883
199.498057
193.988267
204.357776
199.337019
204.852278
217.839316
211.200573
211.007015
202.272066
202.179927
196.772345
190.625813
198.327164
197.371266
195.110931
188.963079
197.384319
198.146810
199.510556
194.073901
203.659405
195.022495
193.282168
199.369340
199.422761
190.580810
191.628257
191.603124
202.736999
203.505969
202.763751
205.381057
188.255066
197.068850
198.874905
201.428099
198.892996
196.972198
198.822806
190.216287
192.747946
190.944049
203.654551
202.235324
221.746759
202.974235
199.294746
208.003964
217.633600
203.107243
218.148599
203.845768
194.369979
196.205941
190.036397
226.713848
221.022850
215.437945
204.957320
211.193850
204.905184
206.621404
218.128400
205.695321
212.608267
229.622572
203.313559
209.549714
203.302738
209.302347
214.233512
202.816511
215.465362
209.004488
202.756627
213.003137
206.732963
213.959892
208.389103
206.640689
204.690657
215.532974
213.661830
236.543185
214.712263
212.984268
212.939828
201.942392
204.169876
223.693867
204.909962
202.938737
209.229919
219.592392
203.022109
197.850230
215.787702
210.633712
230.739362
211.379083
209.452579
208.539689
204.372037
221.350306
210.427441
229.977012
211.167785
212.827930
203.047358
202.246271
216.828593
202.025640
200.042529
208.588107
223.641533
202.087083
201.099335
213.381959
233.547498
214.094543
222.353449
204.901534
224.438399
205.640697
224.363237
210.351852
210.415280
206.513265
201.242611
201.111860
219.352251
215.254372
216.940428
209.498473
227.526716
215.907252
208.625269
215.066362
203.885510
204.905692
208.531582
203.262653
209.695902
215.135025
209.476518
214.216209
210.543881
214.041316
195.011834
194.337107
198.349028
199.118166
196.698397
198.441742
197.436158
196.045920
194.057783
193.371822
194.053303
195.929039
197.764040
198.468734
198.476383
197.465473
198.144477
197.744702
198.422638
198.823464
199.443428
200.202872
198.478381
198.470901
199.192378
199.559580
200.204318
200.025724
200.105490
185.558028
200.075055
193.823724
198.455156
198.524244
209.694585
211.398928
208.494877
197.754857
214.867153
196.947509
214.974116
198.535524
199.549853
193.160571
194.810161
194.097998
199.275037
199.280060
211.721360
209.846747
218.957575
211.763449
209.854239
200.329137
195.183679
200.281441
200.266753
200.929182
199.590453
195.112906
209.450475
208.312098
211.269961
208.669922
209.446432
218.077192
218.182540
203.693702
201.935963
202.901626
189.955183
188.842142
199.573318
192.126270
192.935798
194.130054
211.324787
203.930270
193.384650
188.267544
190.717811
194.187623
195.810265
188.920244
200.137458
199.365190
214.268216
191.082088
204.424136
200.525245
195.421198
197.292661
201.657161
200.587863
204.441024
198.541183
188.109829
195.701252
194.929704
209.909711
189.184679
206.438092
188.914288
191.413270
187.183469
193.030978
191.472751
193.821930
194.126086
211.764190
212.367188
213.686535
212.272614
212.658113
217.870355
216.954936
217.151812
218.672141
217.181342
216.041476
203.764140
204.221829
208.188049
190.871990
196.354459
204.049958
201.903664
204.776666
215.124168
202.275964
206.320095
202.233365
205.930791
206.501457
205.717776
207.249537
206.975060
205.808648
203.970459
205.363408
204.233317
210.038097
209.058994
215.046150
224.553819
212.246381
212.250534
227.643896
209.769990
218.015022
217.990029
207.576810
208.652634
195.081310
206.536944
200.423667
195.230100
203.897044
223.904588
190.692365
196.232896
190.789716
201.727334
195.142230
205.021368
201.777176
195.143762
206.093122
199.420369
200.507951
213.107587
217.286773
216.189922
201.391241
203.143493
218.637179
206.143597
195.077968
211.610708
204.435223
200.331560
200.266133
205.697368
198.533115
195.198214
210.652553
200.387202
198.626987
210.608569
196.104494
210.510182
200.513159
201.291743
209.556361
210.604958
199.514162
202.631546
191.756151
210.181890
204.678580
204.995479
207.946863
226.983986
205.282143
198.994822
215.096893
205.084979
199.046256
217.016424
203.098395
208.312441
202.153898
203.899609
204.839796
208.316618
206.628104
207.592221
228.406993
210.559987
231.217589
211.301367
219.348671
211.347783
203.356115
208.560068
203.089620
204.460675
207.385940
209.084731
201.455735
202.287131
206.451848
222.878877
204.271358
224.927439
205.012664
215.935985
199.354029
205.881638
206.322274
204.691586
203.525526
206.774825
211.734945
205.457706
199.107972
187.915708
214.382993
199.868589
188.738787
201.919191
212.555980
207.085545
214.257767
203.593302
220.185769
191.575700
199.833663
194.148382
195.895028
201.714423
196.017493
201.498839
192.479883
199.553517
192.871671
203.587654
193.416040
197.728889
192.287807
201.784007
203.425390
220.050267
192.260104
193.083525
198.320696
202.418089
204.618688
202.857765
204.373759
205.430456
198.668551
198.053798
197.442086
204.110873
206.355400
195.882102
209.839623
197.899659
209.817322
202.831981
206.157484
202.853902
207.169800
203.559793
207.907272
210.665590
200.502890
199.452237
200.132179
211.180277
210.111952
199.335144
198.347990
229.549553
197.878916
196.904431
202.269009
201.294131
206.031902
214.213315
206.934212
214.158671
218.512554
218.516924
198.347165
198.259540
227.568127
200.907390
207.539739
201.633733
202.337464
210.109820
198.029927
202.388159
208.489600
197.966003
210.078517
213.557146
195.876670
199.600211
196.950077
208.061058
195.167635
218.654742
218.730674
215.205149
215.179912
207.043537
214.915677
206.703335
208.096712
209.710878
206.252744
202.333515
211.194898
208.506503
208.512109
206.653416
206.634707
203.225421
203.201612
208.813316
210.406774
225.819378
210.828752
202.924550
209.009976
208.097807
210.839630
208.223838
199.676309
199.678011
196.336305
202.463576
211.510646
195.934868
202.060440
214.633730
200.598130
220.814373
206.198379
195.199869
201.363324
211.305352
207.450840
208.128849
209.744557
207.036043
201.653824
207.826165
208.513660
207.472862
205.918388
200.618239
219.012536
200.254649
210.028972
199.556199
219.344214
214.972871
213.968264
202.123458
211.270145
200.490517
199.440517
208.772269
208.968422
203.464673
204.873479
207.927140
216.811910
204.082303
209.295688
203.083831
205.744970
195.179623
189.700179
197.610818
216.671901
216.675643
197.544639
205.288735
205.297986
199.564538
203.086294
201.927642
209.921715
203.918250
202.756747
200.746373
208.145475
196.066198
208.835131
200.474468
201.040488
213.371447
202.010428
217.048029
221.460237
208.850045
225.827361
227.927846
208.754113
207.189335
218.667761
209.802338
208.156285
207.720854
213.563736
214.337624
212.748906
218.086817
211.897489
215.505503
215.537204
204.295461
210.065203
209.045032
208.036160
203.252635
207.973419
215.592031
218.076443
204.317907
210.923439
217.251291
209.722635
208.872176
207.928988
212.761206
205.771404
214.333093
201.437897
206.644795
208.481609
211.201007
214.008753
214.002514
213.012581
213.014411
215.675748
209.497462
209.493091
224.890931
215.595438
229.770955
229.807823
213.734946
209.176660
202.196263
202.225145
217.392882
196.091555
203.024488
205.394653
210.527410
208.334612
208.395716
222.808891
215.355817
213.592720
205.558020
209.456039
211.531907
206.254060
210.282431
217.793607
212.196740
217.755266
212.190879
193.161014
196.610509
199.182899
209.460003
188.944777
193.147848
197.479731
193.131934
200.722950
190.709472
195.151978
201.214743
200.144277
193.577652
211.160547
211.194858
195.154938
189.053283
188.975588
208.526079
201.891049
190.924782
196.221417
191.647409
203.104586
208.613808
207.290071
198.154773
197.128980
198.879404
197.851718
209.205779
201.834588
202.593601
207.512904
202.504730
200.754060
210.319351
197.814624
196.786974
208.823524
201.477170
201.497636
199.841589
202.773715
202.562009
207.009689
208.673609
201.678337
216.211946
200.163973
208.203032
211.548888
200.465983
208.134778
207.466207
215.862530
216.591924
208.813170
214.242400
215.306258
209.815615
217.230596
203.703707
203.504489
204.627761
205.425337
199.218134
205.819646
205.470539
208.871396
207.297593
205.786430
207.757581
206.756407
212.234293
208.768036
212.262586
213.993480
214.723284
206.369849
213.800419
205.805444
198.673537
201.280012
203.567932
193.658506
196.131680
202.010537
198.979936
202.922124
200.538492
193.432383
196.007713
202.191541
211.789328
193.681900
206.906314
219.882422
218.856796
210.758763
214.151934
209.348307
196.764132
189.857397
193.394330
193.520596
203.669033
195.150379
188.244068
203.763779
188.871693
202.929513
193.317303
194.419713
194.388256
194.308650
195.083126
201.257764
200.287519
199.619453
202.284527
199.666571
201.346142
196.870123
194.321261
196.105982
212.372495
193.664021
194.437831
194.655661
194.315976
197.981573
197.911069
216.517036
210.163129
209.541502
209.509612
210.129803
235.298097
218.253347
222.842851
222.883797
224.711471
218.557203
243.028446
238.277255
238.181925
217.310875
217.352291
215.101124
232.286986
210.252014
220.172474
215.736942
210.255258
222.021162
227.270424
223.457079
218.504943
227.273276
227.522993
227.657108
219.211186
224.982047
227.277431
219.583498
224.542738
227.229074
227.229042
218.161172
221.728049
221.769729
224.944939
230.265303
223.929198
234.190096
234.095295
236.961667
216.756858
211.200012
218.387853
221.439954
218.987718
221.349532
216.665962
219.810298
220.927349
228.323668
236.961816
241.545268
235.297848
220.000338
216.723292
214.220874
210.290450
209.814730
211.345094
203.800018
204.685032
223.274405
217.079139
215.573299
214.468528
211.558176
206.407876
210.855652
217.245612
214.001201
214.983135
205.058599
207.476628
206.396130
204.200131
207.551909
207.587697
208.372114
207.683389
206.567366
201.596124
224.771751
225.695973
220.588762
212.598306
217.146161
220.648088
216.411085
225.629036
220.474376
212.015118
221.933998
216.580072
204.595542
205.618198
205.885796
215.243845
214.920206
217.016345
225.793616
215.313429
215.289203
227.065917
212.015957
218.150630
232.868810
216.270497
214.598523
224.383655
217.680718
223.542820
218.498102
219.317502
215.509289
215.266152
217.462090
221.126563
213.508342
214.954136
213.223998
210.452402
225.936041
220.914477
208.781222
214.213111
220.984127
221.125053
211.724486
218.508235
225.834097
215.675525
215.309981
225.917890
216.331528
230.859239
217.138626
220.949904
221.099101
212.831038
222.623800
210.714764
209.755965
215.249637
218.137258
222.968359
216.267830
211.431008
217.178875
215.968474
205.141534
209.689750
218.884431
216.679255
215.316279
231.208468
223.371496
215.700701
210.534460
210.157330
220.034164
210.094024
209.561948
204.089468
208.579841
210.435532
205.150814
208.805440
208.612084
212.073070
216.805691
210.058893
211.517386
228.776003
229.479128
213.184024
212.041543
218.291084
215.686278
203.766600
222.438916
204.901617
221.090490
214.369926
218.452554
222.448263
221.543061
209.009068
215.909767
218.894496
215.357024
204.576266
214.591263
207.114925
209.286453
225.842119
216.286996
217.247977
222.556451
220.484988
214.463173
218.432183
201.800762
216.816454
214.717188
209.513978
215.616626
214.658242
230.332743
215.779179
221.202576
215.251963
218.230132
220.048169
217.242865
210.651438
212.585055
214.527810
211.668750
227.941271
228.957412
213.455935
214.649421
210.595731
220.722597
213.253929
214.231601
219.644405
203.434686
203.448778
200.207951
216.963557
218.991921
225.327905
212.518402
216.976317
206.329011
206.296227
228.814229
216.321792
217.063885
209.336450
210.880417
214.308760
202.511011
210.303179
217.791620
202.611853
218.677719
217.597825
203.617765
216.075567
200.045237
215.235781
234.732623
219.167907
234.063365
215.118863
227.124058
209.789250
216.261922
211.437277
211.023581
232.316557
218.764560
209.491847
216.686560
224.856594
212.148985
214.168106
212.763204
222.874055
220.119122
206.690933
222.566732
220.997049
202.140030
201.459723
201.087267
220.599133
221.878705
214.577920
220.151831
205.259406
220.729672
206.342864
210.089347
214.027941
209.999568
226.045296
219.150496
213.417214
214.777179
219.613450
203.496624
207.830678
224.870437
218.025640
208.177560
215.093045
205.084651
208.451525
219.574390
219.608259
216.257603
213.530578
220.514060
203.987077
203.337711
202.932588
214.794542
219.126946
206.893704
211.949399
207.643285
207.758448
204.220323
204.036107
201.580727
202.148898
201.460707
202.227720
201.577626
217.935146
214.925731
205.014107
204.272749
210.319540
211.091849
208.798144
207.018886
207.996290
207.646599
207.751698
225.565932
202.312736
201.372096
222.138817
209.055545
213.654542
208.043008
202.155426
217.151380
222.625565
201.213284
200.320154
222.331860
208.480743
217.961026
198.128664
206.610042
230.235114
230.083864
223.183561
230.325662
221.365549
201.926563
202.956467
202.199180
204.812481
222.468035
225.433923
217.237286
215.434389
216.476540
204.810635
210.076083
210.000297
217.228750
217.305186
191.999229
186.518179
214.566504
196.383163
198.229826
203.540884
204.326068
201.934647
192.064680
215.589770
203.967176
206.218732
192.591900
208.136952
220.610929
215.019957
222.834068
222.911938
197.295952
191.768483
208.037414
221.064800
216.493561
220.515561
222.765184
198.120921
217.295305
223.401113
203.948538
205.810362
220.550469
224.605477
220.961821
227.550309
220.883426
210.045067
215.467250
204.701059
224.711711
214.808152
209.920560
203.005518
207.040850
207.403323
216.549709
211.338965
209.409215
212.245442
212.468462
206.450810
208.576077
215.775495
209.848151
207.441865
215.404783
211.417261
210.428622
205.443547
205.458593
223.987910
215.722103
210.268779
214.790112
224.500567
210.198372
219.110933
204.291349
203.134082
214.981896
212.639533
220.059737
209.679201
205.046782
234.762777
222.030361
213.771158
219.317238
213.668860
219.927959
224.068899
201.975348
207.308563
216.425379
200.909232
206.214421
203.535133
209.287968
203.300470
204.353283
204.009414
205.771917
211.109359
219.734170
204.016105
203.273347
202.115283
214.164429
213.151187
206.485005
209.183719
210.477405
207.404163
210.934740
207.695152
214.394308
208.944085
204.082266
209.988574
209.140178
209.484365
202.283876
207.729845
197.954253
206.920056
213.617557
203.169770
211.748624
210.205197
209.618284
205.708085
201.296556
196.716211
200.325487
196.600646
211.545288
200.526208
199.292488
196.844822
196.813354
216.882456
210.957293
206.875933
202.180586
205.864377
202.202768
201.562709
207.714109
206.056614
200.528744
207.124593
205.620618
223.453275
213.302757
204.260609
212.603031
211.418174
208.331139
216.823799
213.226916
208.292965
206.539464
210.299917
210.596117
208.527305
208.452040
202.562302
198.085717
214.670063
200.321006
205.729269
195.930837
205.757118
200.389130
225.792065
212.401484
219.688406
204.935798
202.174004
200.348917
219.366315
205.122434
207.290754
211.730012
202.234114
206.641931
224.680569
209.161245
212.106525
209.375078
206.991836
213.631184
216.181854
213.155139
214.645067
215.233385
219.886831
215.794043
213.425242
209.541998
213.951304
212.335015
216.058649
219.065115
214.030346
208.638172
222.892031
216.878056
210.876836
202.365415
218.035711
208.541514
207.677834
207.847226
203.237773
206.893342
203.142777
217.739182
210.233775
213.144978
215.672221
210.326820
214.991592
204.709501
200.695931
211.820756
206.861075
205.952937
203.225228
216.097013
205.729658
206.432607
205.708144
205.743130
216.885869
214.690042
210.879514
213.681276
219.711047
215.849487
214.216341
204.102998
208.859591
218.836678
208.510883
212.549015
215.314886
208.925184
219.412721
227.226661
219.689083
208.029352
206.279791
225.079487
209.407326
206.876336
221.063468
225.064310
210.357446
205.803086
211.606515
214.398410
201.925608
225.255500
208.902533
212.806115
223.722737
243.715794
224.395749
216.718465
217.764855
203.112810
225.127291
226.344508
224.570693
212.915994
218.008779
213.984814
218.419214
225.399430
204.011788
209.050227
210.455000
207.316077
209.098667
228.467584
204.033511
211.496192
212.517937
211.700752
210.585870
208.694640
208.039589
217.711662
198.050805
209.720319
209.731794
205.767898
205.751683
215.878035
211.927279
211.868687
198.007356
208.049656
210.234784
203.167289
201.360280
211.865199
202.428030
201.672017
203.761887
209.283734
219.966286
203.897310
213.918475
208.172304
218.703677
200.597054
201.340507
211.399200
221.858951
215.265210
217.537423
221.373854
229.277235
220.762620
217.148763
205.430957
200.727708
205.393880
198.453197
205.196050
205.300039
204.782874
206.547684
207.304685
206.536601
208.618347
207.148409
207.862634
202.881602
212.532886
200.443232
204.495632
210.579239
205.847230
205.971136
209.794943
198.470844
197.671768
197.798198
200.496537
201.177245
204.879131
204.807428
199.229437
200.178889
200.988283
226.157129
205.729656
202.135603
201.109381
214.304007
208.486524
198.138559
198.157746
200.720424
200.020636
206.285041
205.584924
201.078018
200.091136
205.736037
203.587842
205.422881
205.373388
203.806448
201.136902
201.856726
206.143741
205.368737
198.283767
203.619233
204.201587
204.305704
203.243423
204.299835
200.059877
202.377783
201.716060
200.430066
201.605924
200.987330
212.486243
211.370418
207.324181
206.557656
202.453948
210.539902
201.719304
200.957053
199.901620
212.519921
201.711190
209.299391
201.141515
200.408791
206.661611
207.481669
200.966116
208.607035
208.699364
202.122889
214.859935
201.924036
200.175521
207.840761
207.976225
202.756666
201.162678
204.685760
201.947829
205.710393
202.684766
202.066505
204.182873
203.566329
200.946337
203.394893
201.833704
213.691802
201.528070
203.027705
202.156706
203.979968
207.026782
207.966375
209.036649
215.139858
203.652824
205.495778
205.294590
206.186380
207.211085
202.887233
203.671627
208.597576
207.289783
206.546841
207.195116
214.056180
202.005495
212.565956
201.865275
207.885865
210.329736
208.558890
202.725858
213.153200
204.587108
202.777481
202.859197
207.207021
206.377132
212.114823
204.273794
204.299949
201.082399
211.890482
211.113285
210.257377
214.301521
213.053655
206.729868
212.614949
209.920503
205.694223
203.989985
204.938601
209.214842
214.372569
204.750635
203.023261
209.974980
202.283559
199.561030
209.388041
208.305404
206.542732
205.474492
207.669018
218.041784
208.250735
208.191268
209.057137
207.508732
194.964886
207.079470
206.050424
207.720122
204.754818
193.249024
196.030536
204.773005
198.510776
199.361936
211.707312
205.244011
205.418940
218.349619
201.817494
199.612632
199.391026
200.412484
189.815654
202.654029
200.268833
207.608551
208.693797
195.119588
201.121526
195.971782
210.802116
209.659702
206.918321
200.197646
208.568261
207.294193
206.430658
206.291515
219.819037
221.555874
208.879282
228.634337
214.532198
228.730404
214.342983
213.509116
209.745811
214.244763
213.856065
211.126137
216.976236
209.639580
216.475925
218.651498
211.505911
218.242993
215.186474
214.746034
214.003735
215.836143
220.219894
220.227029
222.858634
214.697590
215.704677
209.577824
213.853992
226.664674
209.722565
207.848409
205.248258
216.305896
218.071501
222.010612
219.176594
211.890560
222.169444
219.334910
212.025720
213.210239
211.771642
212.866543
212.886313
210.232542
210.225028
207.107491
217.978578
208.046329
202.708359
217.275982
216.117950
218.222915
217.532617
217.561110
212.405828
208.136313
208.851416
201.267130
219.829804
201.240397
215.434015
219.898070
220.646516
204.142856
209.238284
205.482721
225.770530
208.088650
215.504448
210.916702
217.372795
232.196438
226.753424
216.250126
213.485001
211.820929
210.278240
222.239156
206.144452
206.188696
216.128064
225.708979
209.925976
209.970223
200.939505
201.199119
207.731975
218.053537
202.309891
219.516918
203.789145
211.311084
208.075594
205.359943
203.221017
202.166345
206.581763
207.542373
197.949542
192.549060
204.554136
208.207575
208.206023
212.955553
213.009870
204.382977
216.626728
214.635516
214.525818
214.662468
213.706572
221.922081
209.261878
219.892069
205.411448
216.354130
214.487234
216.791719
217.839183
201.489241
219.818289
221.220239
215.227921
224.820891
218.079362
211.020894
214.361739
213.331028
216.591148
213.666080
213.550073
210.208770
215.577151
208.908540
207.950767
213.484179
219.923875
215.659364
220.165609
212.374477
219.168825
244.908497
214.355755
209.458278
210.189485
214.391330
213.679770
212.794298
213.749879
215.875876
244.682879
230.395859
222.368676
212.334851
214.355799
235.298613
214.370444
214.528409
229.992586
209.018317
204.527795
215.376915
206.138368
213.489447
219.809195
214.803426
213.974250
213.032336
212.914367
208.468931
207.163690
206.449524
202.672433
203.280392
213.481570
208.244015
219.666637
207.823335
223.263050
226.343831
226.622631
218.312150
227.495408
223.705545
223.246753
201.895640
197.615155
202.765755
195.215665
192.429025
202.630738
207.891104
197.517854
203.204972
205.207139
202.764234
207.166659
190.922389
197.153383
208.045452
190.739770
196.917747
204.860023
203.330082
203.060031
221.706162
196.359444
196.124168
205.544169
211.926220
206.689779
205.160508
204.890318
224.253960
214.310350
209.000144
207.991419
214.455089
205.337953
203.523697
204.345612
206.880126
206.043771
205.140100
204.963164
203.005477
203.850515
206.520788
212.474162
205.600714
196.373823
196.193780
217.625640
216.098550
232.371126
232.582433
232.698881
188.830762
189.060565
218.038454
217.959303
207.485687
209.400773
219.468039
219.390448
230.291944
197.579152
196.831358
203.422065
195.695774
195.722041
200.386647
201.027169
201.373890
194.489160
194.381697
213.158657
213.192699
220.071355
214.357286
221.181258
218.181255
196.780329
196.893701
196.143272
197.774943
197.217581
191.278217
190.642762
195.692872
193.857999
194.898383
195.637274
194.663254
193.869268
195.612716
193.908615
197.474109
196.430291
195.746476
195.647157
206.128978
207.115742
203.314076
206.343912
205.502219
202.189288
201.418763
202.249681
219.782680
212.786207
210.998181
207.993892
199.147599
212.600113
207.985942
199.108239
212.638860
205.323039
210.962230
203.465510
203.437004
200.008661
210.981450
210.282704
204.616682
201.708518
214.928715
209.172452
207.279880
212.134056
205.413373
212.807781
208.604888
206.547631
198.415406
207.796176
206.758997
202.770174
211.129103
204.681821
208.945789
207.021334
214.517088
207.058843
214.554649
209.678748
212.942208
218.836785
208.462226
209.041066
215.381250
205.480096
205.932239
200.841514
206.605327
203.116570
208.507689
208.433249
207.454120
204.154092
215.632120
211.214337
210.339016
205.732852
201.979412
201.288531
210.532323
207.008283
205.102213
205.137079
227.269970
204.481049
209.561789
192.814979
201.476659
201.385964
207.600675
206.476821
208.174139
206.708258
209.231059
207.498106
207.125796
202.222219
207.014108
214.455885
202.319700
195.258237
204.431490
210.541377
195.026198
196.014391
194.186953
204.365271
210.506474
194.276835
217.651283
203.446809
217.657756
194.575930
206.437066
205.380957
199.699891
199.654256
219.568781
206.670771
215.770465
211.636793
210.527008
203.550069
209.493870
210.575925
203.566488
209.536468
211.803724
210.781242
224.618018
224.585207
232.423431
220.918035
208.521006
206.587521
208.262860
207.464506
213.498152
218.568992
205.586887
195.104673
210.615690
199.428792
199.358382
205.113068
204.688618
198.653904
201.228198
195.097150
208.498923
200.232529
200.359056
195.084426
205.461276
199.505215
201.219803
210.612602
218.586140
206.601055
210.729448
205.132803
207.059462
204.360022
206.286569
218.444223
232.663132
203.017930
196.234843
202.333528
204.246807
197.227319
202.209102
206.076416
205.264557
207.225664
203.570904
199.068424
217.845773
212.469773
209.330597
208.524440
212.737842
225.339526
202.472605
204.353386
209.581803
222.776303
229.121357
229.972505
221.773202
222.065208
217.478674
214.115631
218.001988
210.615543
212.834545
231.008252
221.805954
223.108949
217.513026
215.149350
218.756414
206.119921
218.550906
210.700806
212.887716
205.447579
212.031959
213.950630
217.533453
217.528428
220.747620
214.057119
227.562180
230.221405
234.965763
215.164292
215.117217
215.801152
229.383656
212.874053
213.599906
218.660679
220.925711
200.328868
201.998474
201.954403
212.116117
212.438038
214.674517
217.323050
217.279159
216.374304
212.555669
209.867598
217.305215
211.061128
214.448191
214.731015
207.360407
204.774198
208.405024
206.546416
206.758728
219.519428
200.025511
203.262801
204.031954
196.217478
200.020325
213.228010
199.968905
202.207059
202.157896
206.282580
206.308105
197.841161
209.596389
202.038783
202.380528
210.741876
221.853995
207.600596
215.546810
208.367076
226.234664
208.718413
213.230715
204.482506
204.484785
216.335086
210.048296
205.526281
207.794516
206.187976
210.561619
198.800683
203.984204
209.199132
199.866725
200.649132
199.893419
204.001901
199.980341
210.139868
201.708380
198.832125
213.399738
213.321308
214.080524
209.223971
202.147041
202.906495
228.203561
209.089708
218.851387
209.234521
210.277982
205.281966
202.458369
215.166575
206.686332
203.230060
214.466982
209.305013
203.570415
203.230070
214.446378
199.201117
199.840877
205.470758
206.193421
206.148883
207.927715
208.142688
225.922952
230.299110
225.077037
231.419740
231.545070
228.375521
231.393781
226.010147
223.240799
234.561872
231.503628
225.989681
223.253020
232.227862
235.115151
223.457394
218.055874
222.273734
216.871959
234.038300
218.149867
218.234389
199.626352
197.882127
189.147059
190.229549
203.896983
193.884120
197.866548
193.978451
226.191180
216.271831
205.818534
205.823141
205.675221
200.407601
206.537820
216.847935
215.794593
205.541817
207.231347
206.565147
213.461606
212.455155
218.766011
204.060108
204.113697
214.009957
218.063757
212.894037
211.402725
207.756725
206.737459
205.071650
212.167512
210.968233
215.043346
218.001851
211.341855
207.662208
213.086863
220.227972
213.463785
206.108810
206.173921
206.418252
213.357513
198.651152
198.621578
213.288460
210.480116
217.837406
210.444858
215.822786
223.038267
212.198373
213.028009
209.390298
207.516238
209.518386
224.650363
208.916746
208.929728
216.221998
206.849230
206.664123
201.391819
207.488959
217.824891
206.495744
216.741585
208.212475
207.622495
211.933891
204.916241
210.889800
216.980133
205.709656
200.295768
213.769424
216.134788
212.756564
209.516173
207.806259
212.169341
213.719658
208.819254
203.327621
219.796330
217.025513
214.865885
214.294768
215.993842
212.607922
206.508978
207.745612
209.799754
202.334970
207.490824
215.285876
213.223892
198.558250
198.579257
218.200795
203.653485
202.567668
198.630205
209.489277
208.099719
211.606148
207.105850
204.898466
202.174711
206.539840
206.642805
213.805356
216.157911
212.057187
212.715650
209.398740
207.658648
213.667098
200.271047
212.589075
205.983970
202.370336
201.412069
207.986167
206.345944
208.536258
216.935827
207.260261
205.285416
207.473226
205.371855
205.243899
200.494492
206.779590
203.866326
213.435016
207.209338
211.644990
204.951577
201.039417
212.620123
207.036909
205.026553
211.564396
207.159022
217.242720
210.526064
213.671062
207.670407
213.905013
212.686814
212.489680
205.885603
202.205242
206.770249
206.327543
216.694515
201.259046
216.725263
211.553052
208.315494
202.266376
208.498420
207.673062
218.591013
215.870862
205.984639
213.330644
206.427945
207.864724
198.337698
199.149570
205.393729
211.331992
200.410371
204.769403
198.671204
200.396897
201.892506
200.239820
212.472209
200.410397
205.347306
211.406266
196.739562
196.678037
219.340083
213.423053
213.991135
229.072798
206.837290
205.194898
209.703037
201.285155
212.603698
208.412567
202.432063
208.586487
212.353835
207.325847
220.755814
204.969791
201.275372
202.047020
220.951300
232.280141
214.493620
215.533678
215.469043
226.074792
230.340755
214.795458
219.943341
231.275230
213.494940
214.535622
214.500876
221.707978
212.440788
206.540131
207.482852
209.683289
208.211214
207.427822
208.807923
214.932200
205.562063
206.297735
217.532419
208.335811
203.001060
200.909286
210.301621
219.830075
203.359700
204.096109
202.145658
202.250281
214.178207
208.181849
214.457113
213.411637
208.173213
213.756666
208.238412
226.770407
225.748927
214.648997
209.198167
226.208545
209.463023
204.030964
216.304822
215.394261
210.089485
220.762799
208.047358
203.327973
201.427243
214.365192
211.651190
226.952890
210.390871
206.792581
231.066053
225.996728
209.484281
209.486762
206.969904
228.150507
206.319261
207.062180
224.604809
207.986225
202.648816
208.949966
202.061776
215.552241
207.307763
202.242162
203.510958
200.421793
225.710015
209.020254
203.761337
210.005478
210.446959
215.660303
198.749242
189.690923
194.182291
199.134533
188.950910
201.940313
201.098806
200.913490
189.620864
193.316128
193.300652
200.273978
190.034645
202.414374
201.540128
231.551255
231.293514
219.516192
201.694531
201.357213
201.158069
199.883299
204.166112
200.320457
200.298455
194.389892
209.032714
204.574632
211.071379
202.855407
207.442369
209.207095
210.867452
209.717558
208.632372
230.501760
226.824298
227.076157
230.348656
227.270049
225.279908
225.170426
204.159065
204.879823
204.173283
199.576601
205.002252
224.085858
207.938905
211.380705
209.346079
216.824514
224.873534
222.926300
222.100413
221.499380
214.852880
212.043574
223.842302
223.926663
229.998690
223.845823
216.424686
217.221491
211.033851
225.620682
224.039904
223.129497
241.274932
229.674126
228.816482
225.320646
226.043890
225.886774
224.709093
234.994566
227.025285
224.206804
224.207231
225.585782
225.678080
226.723211
225.506567
231.392482
232.578089
229.648620
226.183957
204.943546
221.177838
210.068544
203.760424
219.960621
208.218469
215.362600
214.160787
202.693718
214.716710
207.091046
207.800735
216.517117
218.196047
207.127487
212.823490
202.549269
208.766079
206.928604
206.600840
207.320098
203.827127
218.056765
209.871608
208.891280
217.758975
214.843400
219.379619
215.232416
223.369577
216.417009
223.206177
206.753794
207.521435
201.815958
209.488280
205.800261
204.729926
201.318253
200.905522
216.061460
216.135586
201.647329
201.128063
203.270813
199.586236
216.219374
216.293461
214.687612
216.493799
219.143562
219.141344
205.571563
218.286782
202.923126
217.183606
221.635824
204.784871
202.144883
207.361346
202.140586
204.751745
208.450596
202.012069
205.745632
210.281901
201.995740
205.059726
200.599732
214.009046
201.306663
213.239282
200.654507
212.996738
202.222328
202.868553
202.169468
205.136017
206.262373
213.180208
203.455564
197.110193
205.149921
204.528160
206.433678
207.612976
201.175935
201.519579
206.327170
208.484230
201.484778
197.040345
203.013907
207.318759
208.350069
202.191742
201.291248
203.811458
199.105841
201.949956
189.276840
197.199043
195.421883
196.222997
206.568411
195.480386
206.662091
196.614276
200.357287
201.446893
205.815874
202.788454
204.102642
191.780517
190.008502
210.854854
217.638197
197.816095
199.442591
191.516318
192.168642
199.524868
199.662244
201.661369
202.823555
198.040330
201.688597
201.234310
199.223135
192.939198
192.975160
207.029944
197.772625
197.722065
191.500575
192.152588
199.413725
200.883800
199.139346
199.402618
200.366088
200.398064
195.615159
195.615479
200.910094
199.573356
192.202179
192.236567
202.211202
202.387167
204.373535
199.668174
213.287311
198.632158
202.222251
219.935196
202.545969
201.841036
204.875840
208.198872
204.905078
204.898792
204.923354
204.951068
204.914915
187.055606
187.792549
185.465766
181.852439
181.800846
181.076790
193.880936
193.260494
187.069227
186.195407
186.198105
189.033704
203.609796
188.770416
185.471651
217.339270
213.549914
208.158407
208.119115
224.755789
205.089338
202.622829
201.887187
214.861411
205.056211
194.155523
191.399944
206.164329
191.465197
201.334917
203.319552
198.530441
212.218966
197.581219
195.075222
196.094086
202.173019
210.140667
206.867750
201.224414
199.221854
202.093087
197.384813
196.440765
199.208784
197.716347
200.444296
199.421989
201.344932
196.636946
195.693262
198.485814
200.454437
194.138091
202.871093
194.176312
191.762500
195.068349
210.547422
194.798153
202.855430
203.536879
211.752886
220.530259
195.176497
194.835646
201.931684
214.965760
194.040871
210.520623
203.314556
194.189022
198.803048
200.381777
211.670552
205.109547
195.982016
198.588596
194.002200
191.763565
202.967117
193.989094
199.182059
201.581503
196.130716
198.550929
203.294902
194.149815
204.226478
200.596328
200.600087
201.006848
196.141328
203.245364
196.164711
200.460570
213.506417
194.008986
188.348891
193.995451
205.184924
203.546247
187.335056
187.211243
185.551889
199.058974
198.337239
204.263755
195.308496
213.589206
199.734155
208.740489
198.757456
198.491323
191.756418
199.237465
198.530658
204.457941
189.089870
187.328898
205.089922
187.339658
189.103997
188.296035
193.979849
212.444446
190.771477
205.394259
216.411224
191.597924
190.856407
190.076155
192.686683
190.805168
189.717243
190.510433
188.954797
190.880607
190.610447
192.537853
218.808340
185.380721
186.581215
193.996207
191.480956
192.679665
187.352353
186.346393
193.220054
187.045736
206.117776
206.084640
194.002779
189.560201
188.029574
188.782041
188.838740
188.062296
189.040392
203.004402
202.258572
202.261074
193.305349
205.431254
206.068404
192.269199
202.217419
202.853606
202.941953
201.498746
220.952018
230.248894
228.792835
227.461535
233.916520
220.866017
229.856194
229.239996
220.944252
224.793460
223.445113
229.652763
209.243553
209.997147
209.205245
209.958476
203.257187
201.466724
217.660028
203.885629
204.102939
204.145862
203.475102
202.384436
195.937863
194.052690
205.665573
193.437317
199.267994
197.833896
199.598372
201.406817
206.331074
204.931538
205.143996
204.631568
203.425747
195.608667
196.082681
193.724453
194.122321
200.955867
200.902960
219.606815
207.920205
201.093685
207.423743
198.632241
196.601777
201.309623
197.582274
196.310347
197.336000
202.333298
202.087210
199.626208
209.012305
193.902548
194.928188
200.306816
194.878405
199.081875
200.821212
201.091238
196.608173
202.593190
202.036780
205.559231
197.581775
207.458397
199.544256
194.168839
199.129769
200.893463
200.792782
199.092111
196.632833
200.112358
202.818063
201.117642
206.119498
195.122056
196.349778
193.179839
194.744259
194.002792
198.073174
200.027688
220.149539
227.761679
230.906270
214.105116
228.568205
235.991409
225.999251
234.757652
235.665121
244.011395
229.543759
245.214755
223.121168
219.708489
240.928486
224.248610
221.543813
220.030107
230.457833
241.157012
224.777088
235.112269
225.062983
225.413608
224.256703
219.714926
240.937687
234.990485
242.775448
233.753320
233.959645
225.428473
221.557019
241.173666
220.045344
224.792558
232.580780
231.383808
236.657648
224.508399
236.547375
237.808082
224.491899
219.649250
230.781185
219.344010
209.493037
214.073961
217.391219
207.865063
216.593563
223.658386
216.528614
221.416816
224.596486
220.748428
218.017615
215.286899
221.102857
235.023237
236.144566
227.095666
220.364156
228.997504
224.337916
224.406544
220.846772
210.575452
210.955039
229.759498
214.823817
223.602264
214.296017
221.541103
222.048863
232.965156
227.670962
217.621031
221.425992
218.131980
228.139426
227.626588
227.647399
236.290815
216.899134
207.506022
218.853970
225.362674
203.111711
212.300066
218.917312
208.509671
217.698169
218.832684
211.352064
212.951862
214.687777
216.457407
224.317554
215.739303
213.041538
228.705078
206.631917
209.506187
206.701096
206.413443
212.129588
210.962792
204.626104
210.996009
211.670446
212.829202
216.199880
207.553778
223.222874
214.147140
207.153981
209.289903
224.871370
219.511461
211.059298
226.726473
235.487033
207.433182
218.406887
210.309091
225.027889
205.688466
211.887678
220.643872
226.369272
219.669950
219.377953
228.771828
222.832028
216.897547
211.245245
214.673052
213.597404
219.742164
214.094736
224.335974
216.202482
207.169574
208.216914
223.971775
214.355405
218.781358
209.219426
225.142997
214.630341
215.402133
214.556355
235.632473
223.144801
229.975953
215.876877
217.733474
222.238864
219.589588
211.498379
224.951525
213.223584
219.343979
215.764894
217.656816
227.807165
223.144702
230.693395
221.413365
245.224709
245.247325
228.601615
226.809166
236.814240
230.506755
226.023866
232.203572
226.416548
220.474320
225.665826
217.990835
230.006580
218.433072
219.108029
227.465277
217.697379
222.666744
217.690323
219.836158
216.176793
222.349027
217.165427
215.566162
208.784410
219.913658
212.408391
215.739661
227.659531
219.170693
233.612151
213.355992
214.912045
218.779481
220.692665
218.105279
224.371673
216.547529
216.450765
215.342166
211.481249
218.287336
220.225770
237.569872
234.810424
214.512702
216.069128
219.937256
239.872642
229.946509
229.927810
223.721389
227.009149
219.579675
218.385714
221.041569
218.764940
224.911647
222.633720
221.710549
219.302550
223.098819
216.670663
216.541618
216.400367
212.539085
219.346899
208.107064
208.035623
216.203932
214.777857
206.459814
220.623804
208.263906
214.693833
220.548618
209.116420
221.578685
212.941985
221.418275
199.639549
197.052381
198.981656
200.966212
198.071989
205.968276
218.911181
206.219688
205.478104
219.462448
211.897690
230.943517
230.943743
226.261479
211.021897
216.801385
220.440718
221.606814
225.645611
220.619566
212.915370
224.548749
224.960605
211.429663
211.073059
216.888127
206.757892
228.131533
220.439929
229.992016
224.484137
218.529109
231.395489
226.482456
218.470203
220.666308
216.031482
225.325850
214.841968
224.085091
212.110559
220.054874
223.195104
223.889343
222.115324
215.208456
224.588917
216.981754
214.506547
221.850380
218.197894
215.231026
222.607595
231.158150
225.535837
218.017086
220.151641
215.671936
208.913983
205.005777
220.293250
227.921346
210.178688
206.281274
217.636513
207.440254
221.637255
212.824759
202.993452
214.328950
203.204273
214.568430
211.580396
203.259947
214.505690
209.034854
210.531931
213.334521
207.417905
207.684324
214.360360
216.095021
207.669492
204.954539
201.399967
210.302075
220.658962
203.141929
200.999083
201.377623
218.883058
215.547053
217.268109
216.511432
211.716004
212.440525
215.268798
213.104336
208.560342
208.939433
200.997178
205.928832
208.988685
206.206760
223.449207
209.654932
207.919974
204.969857
208.565078
205.205048
206.276157
207.965546
235.037475
214.725403
215.842683
223.304727
203.903863
194.821380
207.108413
199.205442
205.195685
196.059620
193.616036
215.334140
208.477672
216.333149
210.359353
202.297312
200.529844
218.648265
201.554043
212.936895
214.748492
204.688430
209.547144
201.499950
207.031227
222.028955
208.014358
215.489666
213.991929
214.582116
210.288332
219.013063
223.005206
205.800879
217.535371
218.498175
220.998580
217.578978
216.669831
212.082624
202.385217
204.068517
203.163920
201.946652
202.273935
215.426683
217.197680
216.440577
202.943156
207.874809
208.203072
208.025856
213.621500
209.329229
205.930079
209.884295
194.284966
196.126023
209.958172
199.572319
201.385075
194.333977
195.072678
207.541304
208.117670
208.519274
207.573196
209.347917
209.894930
211.841056
221.381624
217.987510
225.478338
216.752606
224.089769
209.132069
211.509340
210.587545
208.966758
209.143214
207.441054
211.889050
221.669448
214.119246
205.006440
215.663079
209.260535
214.410990
231.948156
217.939620
206.646877
212.654507
210.804388
222.753869
215.077311
199.797205
199.654035
214.671834
215.760231
214.659020
214.732009
204.932694
214.362208
203.391685
215.860774
201.621583
203.331045
216.018433
209.327810
217.701279
218.718526
206.759199
203.065748
212.397309
206.838420
212.432654
210.615998
206.678442
206.712036
217.110983
211.657747
209.946717
206.198059
212.790878
211.800266
211.619425
211.732124
208.238333
217.980780
213.428218
219.948765
213.516147
212.776850
212.722398
212.835439
213.522379
212.868974
226.670311
210.009565
216.126109
201.204310
199.531660
201.206600
199.876395
201.449905
195.457979
201.668663
201.377036
200.595802
218.719975
205.077663
199.421283
200.173442
201.339440
206.871385
210.684162
206.841422
199.693897
212.403866
210.670920
206.718688
209.893902
211.680166
209.973832
206.118711
212.679513
211.834845
208.321695
213.498486
210.637435
205.755175
206.730058
206.838544
202.494488
208.738130
205.788457
218.071746
217.247291
201.426629
222.755821
206.035213
206.423291
206.045491
223.660896
216.137251
211.331325
210.396677
219.948132
222.926231
209.220248
214.170841
211.276389
221.823265
224.807675
211.077363
236.702870
226.117374
210.427999
205.174645
225.926398
239.445413
223.478557
214.716278
215.563951
230.405189
217.554231
215.740838
215.863038
213.542274
213.761104
209.463737
211.725832
226.046189
208.432806
214.709533
216.612324
215.806809
231.392963
221.086885
213.093040
214.670336
213.696944
210.376404
219.638840
224.996428
207.174886
209.183609
220.370348
209.238437
212.933047
224.025700
207.270899
209.440004
219.450350
208.318302
207.562696
215.647646
218.727809
211.284986
216.640559
212.058255
210.209424
214.197931
218.592336
214.008305
212.139971
233.344670
212.415737
228.762593
207.832229
228.949951
209.494352
215.742519
217.718831
214.975592
213.958020
217.862342
211.481843
220.579641
217.698544
210.430496
216.585486
215.548264
215.713443
210.312255
216.524446
231.447041
219.659615
215.912378
211.355810
217.457561
211.246014
217.503887
221.289726
232.328631
246.973059
226.224806
208.579362
205.254054
210.533646
205.447637
209.244789
211.962147
213.281254
210.896666
214.556917
209.970538
218.243803
204.771995
204.560025
223.832521
209.167243
218.386111
209.106755
203.846115
215.604796
224.111057
213.136063
209.044163
214.301674
209.479350
205.285955
206.358359
214.619709
223.831023
209.273437
207.833573
213.039152
206.740975
221.634431
206.871758
207.296046
206.090832
210.012385
204.103844
203.916197
205.459640
215.132401
215.212139
205.757583
207.119953
206.151851
209.948636
230.882902
213.885668
218.450771
206.613264
205.903890
207.429075
202.200349
202.367451
209.302257
208.647696
208.615145
216.183737
202.359281
202.404511
210.155279
219.144510
207.028788
207.435421
209.213390
203.040396
197.914956
205.029138
208.597954
211.054629
210.295223
203.319049
211.142134
198.161418
208.894393
195.167028
200.619342
206.716316
207.932845
208.765535
208.783276
199.653984
205.174047
205.858293
197.048691
205.241984
202.579734
200.627025
200.323834
196.389445
210.808738
207.551782
209.388233
206.459787
201.303530
206.821875
215.182595
224.092473
203.146181
218.599260
206.441284
208.240857
205.560476
211.017939
204.047883
214.053705
202.060573
217.554526
190.860073
213.635696
201.860569
198.129181
208.104060
203.647426
196.291207
205.485305
191.915558
196.984641
203.177990
208.366323
201.295251
206.656826
209.306678
209.207853
218.442747
209.559051
210.434093
204.118591
205.660034
197.978978
198.712642
206.576128
205.553286
210.642078
205.716215
210.604313
211.753220
216.531307
205.386558
206.470157
206.439882
200.486816
195.066553
201.218725
210.631662
216.533810
207.721476
208.570233
206.386063
207.107025
207.063243
211.867789
211.983630
213.411256
213.527083
204.353088
206.084309
209.440061
211.353256
218.887682
201.838948
206.895206
196.782685
218.891941
220.118785
220.234377
220.915091
221.545646
214.105746
216.337881
210.102946
223.291456
210.114553
210.189490
219.623427
224.640636
212.147206
218.224149
225.280462
216.869287
217.617255
211.559644
217.315724
219.041179
220.542327
212.339179
229.748761
229.779312
218.657438
210.317942
210.424612
197.635395
213.489423
198.254399
218.409299
213.288634
208.203437
214.359634
214.380609
207.933818
208.553641
205.451710
206.330616
203.809877
204.428598
196.060211
202.234053
206.567286
214.227337
209.217887
208.405335
220.661171
213.094744
219.216254
217.904767
218.609815
212.551802
210.263893
210.372068
215.116920
217.154235
208.677620
218.793592
212.916637
214.642106
207.941854
185.820679
203.456594
202.045023
204.373527
202.698823
204.479813
201.946846
190.705604
182.652749
181.890940
187.870917
199.190943
182.897785
187.042247
186.342671
188.947339
187.011043
187.826995
198.208623
181.174828
187.280486
188.789442
188.108600
187.840654
194.189452
193.139072
184.523384
183.772545
184.726429
207.342976
183.694920
184.442072
188.634804
190.090675
199.200882
194.515646
188.912033
188.986434
190.838573
192.597801
209.824519
192.871231
191.689579
210.232407
210.156397
215.838399
215.723426
195.965702
205.062144
200.392010
196.211773
205.277244
200.636687
201.422314
207.525345
192.593157
190.834299
214.260915
205.902661
189.680564
189.097642
195.312964
203.673637
195.307897
209.104201
183.141265
208.945370
214.313203
204.448892
194.096399
195.459695
200.520019
201.577017
205.203488
202.952308
195.234333
200.560927
199.557962
209.261865
209.216901
190.650714
184.580789
190.732571
190.464003
185.470238
189.867124
203.649373
193.329128
195.663414
194.105478
186.552892
195.320837
194.315289
205.115970
200.729568
195.825016
200.297915
212.907860
189.281561
200.422666
202.696687
201.175282
202.890950
201.066558
201.029549
195.593672
194.956402
199.317270
199.954254
205.465198
199.248246
205.502230
215.203333
214.095524
214.133991
217.241619
214.184596
213.436471
213.397785
190.545533
206.001033
194.954102
192.754823
189.887081
205.312935
194.295391
203.897839
207.468132
196.911479
206.037691
207.149383
201.237770
201.687471
195.247854
197.098561
212.153469
211.077358
208.648272
199.724892
195.123776
197.807228
205.946082
206.028174
202.212308
195.779055
207.062119
203.851277
200.131110
200.187183
190.795943
199.886248
201.050662
242.294393
220.720985
221.806033
213.274459
202.216049
197.124814
201.137414
197.162157
193.441607
208.870811
192.424528
198.585475
213.132973
214.289293
198.535229
202.264386
202.215030
218.315000
198.429613
197.731076
218.421326
197.458333
196.758477
201.414807
202.113057
221.998344
201.368910
197.685968
213.186042
196.670215
234.295198
215.076871
214.300878
207.284266
201.766308
203.452790
243.274844
214.736610
209.274368
218.581464
214.602882
209.224284
218.622756
223.227045
211.508400
201.006709
199.862443
196.278386
213.105262
200.185863
199.106638
197.922252
196.914040
199.446942
216.310548
215.025372
213.901575
213.925479
217.034704
216.351310
216.242611
234.995404
214.388156
213.209247
213.889092
196.643169
215.930518
215.163455
199.280396
208.928952
208.998848
214.038247
213.931131
216.938604
209.384159
209.604977
215.403436
209.305421
218.055583
211.274895
204.573048
200.133593
220.464740
205.648243
209.258172
218.118345
219.159879
210.280902
215.259583
210.117414
201.379014
213.071932
210.668095
216.965113
215.214894
204.737580
204.976239
219.655857
209.481487
215.606912
222.920361
210.366676
211.664015
213.348090
200.172291
207.424982
201.469532
205.835519
200.332875
206.483063
207.664262
205.767850
219.267498
211.892539
205.045153
206.782106
199.466333
195.204104
200.392195
201.143019
195.954200
199.117334
200.995404
220.518551
220.086112
218.819576
219.525323
221.947388
207.293364
209.130102
208.265446
208.220339
213.489815
191.759523
192.437782
200.833170
200.188408
193.268771
188.824929
200.942634
206.530300
202.044592
203.615759
211.183411
205.106246
201.282926
196.842090
200.693263
200.075620
189.784695
207.963868
204.494325
199.772352
199.113182
194.214622
199.390885
198.812706
194.147299
204.281261
198.575884
199.143196
198.436385
196.186875
194.291847
199.928105
195.646622
206.863693
212.035704
205.800832
195.973244
203.691159
200.507862
199.768518
192.564432
194.295396
196.173664
194.404407
187.111405
188.158618
202.634452
199.540358
199.476588
194.306983
208.727540
195.040690
194.944801
198.906181
193.496098
192.496186
193.451050
213.454392
212.432584
205.050787
203.896374
212.378928
206.178429
204.036973
206.979524
204.696739
210.722530
210.644722
202.364842
199.708979
199.725444
201.350979
201.406199
200.351247
193.991615
193.898669
187.286296
194.400876
192.466599
188.885165
189.547112
208.689496
208.726600
201.667331
201.707043
202.388008
190.548809
193.397844
194.001693
188.091622
189.107549
188.907118
197.066178
194.013942
195.767553
195.029188
191.530592
192.662584
187.075806
188.060536
191.443903
187.439050
193.947187
186.254712
187.189869
188.752116
189.484438
186.362957
187.977295
187.209902
203.644398
188.093094
188.824981
195.887342
194.189761
194.324983
193.391791
195.866615
195.070539
192.614133
195.062708
186.530224
195.674843
195.685934
201.133586
199.021135
188.754977
193.085401
200.295705
198.216097
187.157286
187.956138
197.355941
198.070580
193.123013
207.625352
207.503129
194.231261
194.952755
195.275938
198.529264
193.997041
193.259183
197.438821
192.317404
184.869551
183.118113
201.088248
194.923219
208.511113
206.605979
217.135421
220.558781
209.572773
206.981739
225.187877
208.376529
215.267283
213.661074
220.005382
210.678793
207.561095
202.402357
210.552092
206.568548
216.162404
212.121334
214.498381
205.750055
203.162660
202.165488
213.859948
208.644361
218.502145
215.690264
219.081534
212.734240
223.436425
222.475631
211.728442
207.608281
219.754000
223.375461
214.219854
214.767216
232.823377
217.000000
209.210653
218.933980
207.383559
206.519630
211.425161
220.554712
208.758084
206.056604
216.203204
221.841315
200.827208
205.811055
206.741676
204.123925
219.389510
218.245815
219.846234
232.732252
215.338020
207.248843
207.302928
220.153482
210.046162
209.921106
220.062306
212.695872
219.737408
210.079717
209.996263
207.122023
218.088650
212.756470
224.986451
219.792458
210.157195
220.183051
216.780779
213.772629
212.891469
207.786088
206.686284
210.122993
210.048946
210.425257
208.599432
211.246608
198.453184
210.267757
197.730283
198.789504
204.052309
208.409487
202.196570
207.488234
212.756800
207.710643
206.536868
218.180366
216.371845
207.715435
202.184846
209.330919
203.159266
208.506642
214.282424
219.268234
206.204043
198.791875
210.163731
203.901986
203.077727
208.131528
204.961193
204.180443
209.605044
203.380160
208.823812
219.300851
206.250863
207.130571
199.055504
211.215514
196.798225
197.969832
193.362913
194.465185
204.619191
206.534378
215.380471
214.558798
226.390520
206.328229
206.424406
209.356427
206.517260
205.775526
213.095843
217.909142
208.658424
211.597216
208.876966
208.965021
219.652547
207.536739
206.002910
219.059207
203.132996
211.682994
208.870193
208.958001
219.706121
207.586794
205.655374
212.755589
219.667223
208.320422
215.797197
214.850422
232.943451
213.693361
208.241111
213.276231
214.006602
213.277629
213.395923
215.895992
215.866373
215.776458
212.409510
220.914438
215.074519
221.979035
208.244160
208.357300
215.191713
217.989468
215.421162
205.041579
202.100496
214.035100
209.263358
202.112451
201.302984
207.570847
207.473229
215.320221
209.466729
209.520833
215.232065
226.275892
210.136690
203.974885
207.069555
194.878080
193.144683
198.274716
193.815948
198.281356
193.089843
201.223082
211.406467
201.307111
203.008126
201.364395
212.204122
203.776648
224.060391
194.886773
194.222283
205.062982
193.909598
193.915356
204.400121
193.215522
207.488449
202.535901
208.188673
208.889772
203.305763
201.413770
202.184363
193.442622
193.470455
189.856095
205.335938
194.265985
213.448152
215.978376
215.341454
200.988894
199.196085
194.238548
193.977150
203.772356
209.496463
198.251506
198.347607
203.155520
193.873502
207.179503
201.884711
198.524189
199.009830
201.137886
200.350370
200.232935
209.041333
202.118306
196.690638
202.458008
197.867950
211.663698
207.242150
207.989944
207.610323
197.566144
207.750342
199.245119
204.671909
205.340439
197.791432
198.821450
200.697023
197.649879
195.990732
194.978243
199.729595
207.191145
206.351561
205.503148
197.027089
200.602957
198.592845
195.853261
194.872713
199.622538
215.042423
208.424355
202.806678
197.325573
197.362629
202.170341
202.419986
209.494168
214.456546
204.814985
199.299477
204.674275
209.402237
198.626058
195.512792
196.484744
197.456705
207.024238
207.941006
209.233145
212.733437
211.009362
205.564713
209.159319
211.774644
202.832241
207.868339
204.427163
203.626491
220.370620
206.553940
204.723191
204.036305
199.370703
204.426546
199.415765
204.112758
203.753906
209.974859
201.217979
212.586996
219.466584
208.161449
209.792504
217.957348
211.752196
207.056432
206.976936
211.676033
208.121646
209.265942
213.357937
201.181164
202.206770
206.880696
212.989460
200.279658
201.304616
204.742330
205.535133
203.776384
206.000850
212.411891
205.046511
202.680197
203.010989
207.273043
208.348368
212.735788
213.864550
200.455484
201.479189
206.175268
204.881969
206.593930
206.541369
206.861853
203.239043
221.403586
205.204700
218.886860
218.850228
217.438944
209.634459
218.460191
217.408371
218.545201
209.657801
199.469097
204.932763
204.984160
205.524409
210.955644
215.723087
215.722918
215.473542
211.040375
199.767576
205.282454
209.931238
226.326260
214.535524
214.526964
214.755093
212.702437
213.776438
210.029102
209.439858
202.933999
204.642771
204.908707
201.367619
217.672240
211.183585
210.803290
214.944861
213.530015
207.234299
215.411806
201.368054
219.959100
206.805021
202.374857
211.810358
209.079644
204.124974
213.219842
209.002941
219.965990
207.245835
208.220162
208.474433
200.622247
210.109930
220.449583
212.114715
206.571874
208.487516
202.876974
203.201862
213.775699
202.841637
203.084689
195.115876
226.876625
206.687446
225.390568
206.771450
224.863977
217.548088
227.062385
206.962272
225.760480
213.511946
213.446635
212.144176
203.960034
213.650781
199.404344
202.916327
212.490175
204.837025
214.327108
207.265124
209.819574
209.077094
216.566594
221.897763
213.518364
217.355479
226.978572
212.799420
225.934811
220.679757
211.523224
228.634160
209.538984
209.998626
208.229435
220.607322
206.257765
201.014971
202.704689
211.520841
208.384593
209.144180
207.332492
213.648408
206.698322
213.607572
206.752233
212.460101
211.347604
201.020277
193.701882
210.509962
201.759339
211.275987
206.493967
206.567984
213.552407
206.578450
213.475380
206.606631
208.352431
209.111176
207.289791
215.313989
207.380495
215.305273
207.434764
201.636528
195.506298
210.929422
195.593967
211.045075
201.801787
200.946725
208.710946
209.799077
197.941453
215.756003
201.452906
201.726130
203.252507
206.540499
201.163306
211.342891
211.704801
200.691684
201.446979
224.919403
205.588448
206.284284
197.074578
212.733021
204.886600
201.332194
202.439112
205.489594
204.777045
205.857636
207.692941
213.579644
201.514576
217.026120
210.959735
210.051985
205.083923
212.100619
193.589260
201.981138
220.567708
202.007438
203.963462
219.556144
209.193672
204.475271
199.451502
205.469501
205.474166
204.913945
207.759363
207.279593
204.754432
204.832826
219.902210
217.959710
220.649434
218.707008
219.885940
238.159480
208.382737
208.488330
203.031755
202.202076
220.154644
222.445573
218.187159
216.228571
217.258080
217.785513
214.123663
211.411831
210.380428
207.753952
214.003906
221.626515
220.729918
221.805936
222.582718
222.362661
228.746962
222.406553
232.685699
232.738628
214.570081
215.697064
214.342611
213.597123
206.852743
221.129422
214.182756
214.453762
219.672770
218.547880
215.315199
209.273600
209.247730
214.499585
210.454580
198.383807
207.388551
203.036214
202.483141
196.203434
197.988186
217.113357
216.128851
211.735449
223.711360
212.715633
222.814262
220.730868
221.361709
214.714914
207.201791
246.874280
236.155245
221.758292
221.835660
222.716994
222.475133
223.354440
221.338527
219.147772
214.435249
219.683124
215.367644
219.612952
216.118194
216.152620
211.807530
211.806634
216.180538
216.125514
211.783733
211.868437
216.599246
215.408482
211.090350
212.201187
209.169672
208.418407
213.582494
213.513750
211.651482
222.346043
217.095741
219.059371
205.213635
202.016754
201.364136
201.302015
203.087616
206.271465
200.598183
214.553951
211.796630
212.817043
212.792249
217.965882
216.708995
228.646720
214.899785
222.365305
206.104825
217.171350
214.844916
210.045300
209.374222
205.018869
220.092618
203.020869
204.728877
205.076590
201.419340
202.545998
226.015801
228.960978
208.351267
210.907572
210.163775
220.239051
217.955502
212.556919
212.288090
221.252871
219.111650
210.778342
206.074571
215.554736
207.179442
224.478486
219.767200
204.963519
208.719259
216.164014
229.980673
219.012889
224.065819
211.955257
224.603441
219.787328
216.332763
224.844999
220.749594
225.892718
220.035783
215.528677
206.869093
201.549248
216.084139
210.011490
205.143646
220.286377
218.662938
208.917959
207.211617
208.253227
208.589206
200.549385
214.345840
215.197352
211.082152
208.896625
210.853238
225.356109
219.804778
214.457661
208.480761
207.385406
209.308522
228.235549
216.720239
217.631473
214.546577
221.825645
215.620504
212.634986
206.479864
210.986030
213.949241
212.786646
206.675716
201.293621
209.657742
210.168654
232.746897
208.231198
206.342849
226.917365
227.600263
226.741454
208.916224
207.172282
213.692376
214.375297
212.612139
213.284727
210.210157
201.076110
209.407675
207.409302
200.272660
207.430813
206.347380
210.411176
208.356763
212.340758
214.416795
219.554944
259.466705
203.632741
203.782204
197.550679
196.721108
213.290903
213.388301
206.594684
216.288191
214.998102
210.669224
211.842196
214.431012
219.743017
206.023245
210.027330
202.201037
197.039345
196.999063
191.818345
199.626132
201.476596
199.601132
199.625328
202.152764
205.374693
217.434762
217.278268
209.211674
210.444716
208.877425
216.871945
220.372305
218.588468
226.180362
221.238630
217.160936
218.893209
217.307005
210.617547
212.884277
213.888001
206.499394
227.543895
220.898772
217.595564
215.175924
219.081472
208.935172
219.738627
209.067783
211.714597
232.936025
215.653912
219.678081
208.886870
219.737045
209.017833
211.604729
217.917121
230.156052
228.134653
230.196066
224.638316
217.444673
234.872349
225.401863
224.764460
217.242854
224.107349
209.217674
210.452498
208.885237
216.915856
225.877052
220.419275
218.631598
221.361678
217.245562
218.979786
227.546808
220.940822
217.603959
222.283615
212.527808
208.501993
210.277539
223.121967
210.656336
205.622840
201.720289
202.405252
211.851868
211.197552
203.551375
201.658936
211.193164
220.556899
197.970463
212.451172
207.870796
223.745654
196.156000
207.701522
207.842054
209.968711
205.388328
208.634379
205.670615
206.700306
206.654776
214.483860
194.757662
195.050714
195.742856
195.045999
228.469742
222.110302
205.750304
201.052222
206.155687
205.422331
200.117514
204.865597
203.815396
203.725109
205.474352
207.696973
202.421747
197.722313
196.790751
201.496733
207.196203
207.472873
199.500814
194.124126
206.958912
200.216547
205.803338
199.928206
204.606873
205.732326
194.231450
194.884082
208.777595
221.330535
198.591847
199.246287
191.755816
207.198895
199.391290
199.413705
206.477744
199.590921
195.146238
206.570505
201.871396
200.256986
201.526840
202.187042
195.215625
205.090256
199.281099
200.018544
205.031490
201.814263
204.980352
201.254324
199.872456
201.284873
195.864618
198.879288
215.302027
202.187630
203.000570
213.197795
205.991278
202.761544
210.263424
210.264784
218.787040
209.793802
198.709921
222.794486
209.294759
208.468862
203.078794
213.553298
213.691212
210.386225
210.248532
192.558870
186.451756
191.489732
194.200623
193.234258
194.045824
190.094591
196.790258
196.048778
196.108076
209.825515
209.830019
184.874232
197.474385
205.466306
188.286235
216.006552
215.953152
198.193060
207.187787
206.470590
190.972322
195.378870
211.620100
214.842186
212.812116
191.153411
203.686263
209.735308
205.967789
206.059296
196.800498
201.237659
198.754578
204.122887
201.031300
201.770187
205.155051
202.051065
197.911884
198.649000
214.244081
202.389368
207.299143
200.556710
214.154747
209.846977
215.290632
210.124042
211.042782
216.065072
210.925689
213.495250
209.031884
202.417106
208.732508
196.206950
230.318245
228.428686
215.830234
216.578886
210.313607
206.311658
208.200656
219.117093
211.800230
207.504711
206.719911
217.324618
211.185225
205.045825
210.407269
205.793637
200.336878
206.285845
207.175321
194.232659
189.684880
189.101959
192.500352
195.415735
195.449588
190.754392
205.727791
193.992698
197.908631
212.245990
195.776520
209.471996
195.089742
192.686872
199.448580
198.395402
197.179806
197.710176
194.304398
196.032675
209.815361
209.961395
195.346309
195.140664
194.405272
193.483257
204.715108
193.331316
201.724718
204.679165
193.414287
193.388362
193.270981
189.914119
189.995771
207.073112
199.117414
189.969562
195.918564
195.197165
198.037976
198.544379
198.612452
195.400509
203.850385
195.437959
207.613483
197.130320
195.363351
212.022575
212.733278
198.686012
212.032056
225.122848
200.148528
201.890239
212.809110
198.730565
208.034290
209.807695
209.125915
203.382662
200.939590
200.927953
194.612054
196.793951
197.565888
202.037647
200.288182
195.867407
199.443073
200.183803
204.613099
201.353309
199.603217
195.182981
205.706557
206.291403
206.369500
202.080151
202.089344
203.598641
206.354197
207.019520
207.344984
208.085548
212.565036
207.656741
220.318063
213.895948
207.607145
210.862388
219.083072
213.608599
213.377568
225.849804
220.769590
204.798863
210.952686
211.199659
218.010186
217.908981
203.177266
203.268265
200.106872
200.186714
203.544533
205.098351
200.054398
207.824623
201.537180
210.009330
209.970639
194.812730
196.584389
196.590251
194.751109
197.554847
196.422349
193.684326
193.576236
205.980771
206.010227
194.745149
194.818480
200.876566
204.317759
204.364885
205.034330
205.092321
204.369387
204.460184
226.003481
192.726668
214.191667
196.980972
196.713395
199.451392
199.405588
193.566118
197.818721
197.519025
200.218969
205.533003
199.193805
194.139875
195.865883
210.222148
210.215587
194.056966
195.826981
205.375727
205.442600
194.511054
195.214254
195.522856
206.322955
205.374017
193.986692
194.058442
200.128679
220.521929
204.203009
210.255714
204.645641
204.269342
208.354928
211.812501
212.522969
210.941627
204.723938
209.802626
217.099503
203.247354
204.193006
203.818909
203.242817
205.021367
191.869184
209.983437
212.551232
212.699717
210.731881
211.565465
197.918002
196.880247
196.069375
196.198101
198.731158
196.211678
201.213520
211.423319
196.915263
194.463370
211.363656
224.532500
199.570610
201.237214
212.142097
212.103297
199.501385
200.168671
201.172632
196.152180
195.082419
205.066386
196.836666
195.160973
205.787150
205.062666
199.455791
213.985414
209.926926
212.036094
206.746628
214.737588
208.384148
203.587895
210.409930
203.906598
197.376778
205.928099
192.570501
193.373359
194.409948
194.033744
200.119839
199.509765
194.337023
210.681146
195.138348
194.799285
193.519304
193.334115
196.939911
196.524563
221.339198
204.057277
206.241965
205.504661
209.125938
215.771173
210.403629
204.905548
216.771791
202.798401
198.440579
222.504863
203.885195
206.437026
195.308511
212.643584
201.549269
197.141910
214.331952
210.769817
214.687845
214.554523
219.847491
237.765114
238.523154
212.261736
218.025411
227.880371
209.109070
217.509083
213.667167
223.081149
207.529558
203.876132
207.304083
219.714557
203.875811
207.553479
207.331182
212.580658
218.467457
218.058096
208.593512
204.940566
220.696241
204.850475
208.530042
207.566374
212.395554
214.465463
202.355087
213.052752
215.232377
213.724236
214.369007
214.713943
227.958380
210.495054
222.301701
209.362814
205.682040
204.636890
209.427085
218.307627
210.376610
213.633103
212.564665
217.306690
208.226059
211.579360
221.953812
215.533807
206.745233
210.465562
207.545709
205.965900
203.137123
212.748105
208.234557
208.210561
218.657395
215.013681
217.451634
211.866937
205.225780
202.338158
201.302579
202.407314
199.478297
216.187043
212.123502
209.579032
207.683757
212.858254
213.968104
206.480653
207.394859
216.893607
208.467864
234.909069
224.079806
223.516580
207.351709
207.291770
220.848447
212.378413
211.249015
214.143294
206.653286
205.935985
208.427003
205.371446
222.359464
225.204953
217.786776
209.583045
209.660618
230.188599
210.326384
216.093203
208.698096
203.086324
214.357547
208.099918
202.205284
210.170934
227.037031
226.909144
203.118424
215.613591
203.919690
229.077210
196.935163
213.219909
201.364763
206.753211
217.654776
209.341535
213.927653
225.256660
226.282729
215.008511
218.725607
220.176968
214.673550
228.352233
206.636653
206.547724
207.336724
211.961674
212.889124
208.773014
213.583376
206.203550
204.332959
209.561667
211.164668
214.076151
202.301803
205.535067
203.788173
208.375125
228.623273
214.658840
211.123052
209.984461
208.814481
213.641815
218.059822
208.919681
227.897120
222.851778
208.714759
214.692550
212.928404
211.140079
210.019443
209.272752
218.717799
218.639361
207.512806
213.090620
219.794122
219.760724
219.669205
214.522159
203.465917
209.034553
208.885439
208.144743
195.417577
213.748924
213.004351
210.723620
209.014283
201.657655
202.674799
202.420309
219.743474
219.673785
219.742652
215.958673
211.630629
218.492244
219.735642
229.366131
223.988989
226.226299
225.139908
225.143156
212.198099
218.695951
215.672304
203.052792
203.154165
207.372223
207.441577
203.758694
207.840678
200.144134
200.115042
190.935477
196.946786
196.264643
220.415630
218.793513
217.147322
218.871737
223.119109
217.576606
221.633369
217.040343
213.892319
208.451279
223.368363
213.444610
222.363589
209.006961
220.143852
223.380617
205.354041
206.543440
209.571003
207.585631
209.163542
212.299022
202.918857
206.011422
201.345084
201.810139
211.465428
208.053154
207.367297
197.855748
203.958830
204.277268
196.151154
209.924749
194.333917
200.661839
203.890048
211.441272
202.044932
210.094521
195.073942
194.360900
209.262598
209.199832
204.705471
207.327169
203.934622
202.314281
203.122408
201.502280
204.199336
203.103173
200.393100
200.394288
221.142567
221.864606
208.143011
208.216259
203.918971
203.088677
209.308023
210.066444
222.018276
207.289927
195.992547
196.787281
208.920657
204.852569
204.785128
204.517133
205.084931
202.870400
197.180103
205.516024
217.440572
209.137580
201.533706
205.057811
197.070809
202.591774
208.476033
205.420690
206.366067
200.400065
200.421191
206.430701
203.980096
197.079954
196.222578
199.979217
192.715888
214.308656
213.193650
198.761394
206.420806
207.382589
208.459536
197.594015
198.428261
209.163539
211.081995
186.169862
186.966322
193.383407
194.058525
186.287623
193.262154
193.307016
210.378437
210.382371
189.013181
189.694986
186.361128
193.379262
192.266681
193.995649
191.540790
193.235044
193.240518
189.667940
192.573728
193.388909
195.177669
189.975049
190.618256
218.023357
209.880318
209.955534
217.365519
210.519034
209.404137
210.534715
210.609937
208.058287
209.260739
209.182932
211.070467
208.507561
205.673455
201.463385
201.123855
205.735208
206.207102
211.759154
213.955375
215.997576
219.444141
216.465554
203.599196
202.104755
202.770395
208.097181
212.471050
209.040308
219.501657
201.448619
208.457098
208.623682
201.627089
199.959395
206.904680
206.308762
199.401709
208.065621
201.979219
203.306308
213.234246
204.171895
204.495931
201.247677
200.264242
194.171938
195.909986
196.156508
194.434932
188.988954
192.549117
209.573119
206.227534
207.780909
217.665306
208.648015
202.076052
213.126482
212.511170
202.007671
201.633671
200.169601
211.350735
218.495499
214.390398
214.222841
200.131266
201.879211
201.141372
219.515073
200.186520
201.996325
201.210916
207.999369
208.711954
205.722517
207.242037
199.407655
206.560081
206.470125
202.485732
197.394199
197.550525
210.477772
221.267521
216.577311
216.685316
216.244761
223.109243
215.479955
223.143099
212.578889
209.072048
203.558785
212.245871
212.250023
232.011376
234.322216
213.308757
215.147283
214.403713
216.324872
227.756116
216.666013
216.760779
219.094342
219.016262
218.902376
211.640472
210.113185
210.196631
200.232890
199.194110
200.426721
199.432727
211.762230
218.115875
218.179477
217.649182
216.525372
219.401724
218.303947
220.088912
218.515385
219.729274
218.420290
198.058329
197.004856
195.036447
197.057385
195.253732
195.286618
195.220838
194.183951
194.118972
189.190533
195.051172
204.573748
194.094486
194.158427
193.312428
188.160677
206.288642
194.035663
194.025745
190.141974
205.807691
195.385887
190.858691
189.043643
195.271993
189.093425
195.721021
195.755679
197.275184
193.265591
196.299624
194.437091
193.391598
193.363941
193.370205
206.458694
197.259236
197.071258
196.186804
216.354337
217.399539
206.310910
198.485027
192.616949
198.824015
199.636264
199.614312
199.597981
199.685349
204.412841
204.370587
205.393301
205.349494
215.644556
215.656825
207.445692
193.330451
204.490573
206.202792
187.313283
200.447672
202.132468
201.406860
199.452800
209.659525
214.990283
218.873095
213.614375
203.656465
215.806292
204.090539
230.341126
214.289815
203.299603
209.874109
209.966154
211.245804
195.124646
195.348439
183.745676
189.191584
199.282325
189.802574
190.651403
188.820625
201.835348
202.593891
201.849910
213.800563
197.839814
191.685249
192.498992
195.054051
195.424198
192.458649
192.469444
192.629470
201.807729
202.565992
186.950490
187.042684
188.690833
188.855374
188.132773
187.804377
194.680106
190.314296
196.522826
205.509346
202.069783
201.384815
189.166010
194.689886
205.370403
204.737085
204.627860
203.631844
196.563190
205.687598
198.144825
200.255710
195.818992
199.487150
200.487904
201.443146
197.969334
213.249153
206.758983
193.954118
187.945829
188.109032
202.098646
202.813036
202.069639
194.012361
189.034744
189.882227
188.072117
194.702150
203.033375
194.666062
191.894738
193.928511
193.917783
187.450977
195.163710
200.320192
201.210623
192.414225
192.463906
208.695398
208.689564
201.061369
213.472189
201.801222
204.748344
201.228123
196.738527
201.739520
203.489037
193.275136
206.216990
194.122147
213.600720
202.200239
208.317281
209.579970
207.299386
207.916098
212.385840
207.316982
206.604002
201.245757
204.657149
200.532783
203.669336
205.345344
202.995981
204.122515
209.454166
208.414621
207.791406
211.221501
207.320307
206.540917
193.645148
205.897802
209.352001
205.572807
201.140205
212.574091
210.307695
215.164405
210.164450
204.708086
207.827675
201.023333
188.833699
196.627468
201.883911
189.680706
197.480089
227.840301
204.996887
206.042162
209.595118
204.274491
204.349058
205.086231
193.364145
201.367231
202.156787
200.469178
212.846983
201.304389
202.093666
200.406698
215.025686
204.850265
206.442299
205.220585
216.263417
220.581202
213.492188
190.826849
201.829374
196.309650
206.137875
199.262459
194.883732
198.931369
200.928866
207.219838
202.798956
200.332212
202.019228
206.917967
203.590296
199.956258
200.459044
200.452739
195.495681
194.937151
195.078960
199.545298
194.371361
209.081398
200.895294
200.579841
199.713152
201.029470
200.217999
195.253036
204.372298
206.153594
203.121144
190.794394
199.952977
188.012647
190.068645
187.311440
190.778362
191.489765
194.034818
186.533805
195.200431
195.957499
194.272448
206.635634
188.810532
188.071425
194.075455
199.531112
194.120064
200.254632
199.462831
202.145828
202.869260
193.458507
203.618606
212.372997
211.537417
211.467353
199.736363
200.516775
202.163098
195.792390
195.871931
195.189932
198.077568
196.778364
196.187655
201.722044
202.589047
201.056289
201.010000
202.038222
214.876145
204.638053
204.717058
194.363057
195.023975
209.776489
204.233773
197.961920
198.175206
196.369520
194.430565
208.993914
210.708662
210.000757
206.614775
201.801412
201.199232
202.395844
202.138098
201.491584
202.136537
198.839991
198.522150
198.564891
197.856425
199.621291
197.821998
200.640204
215.554396
199.585777
198.072039
199.126696
214.553772
201.182700
216.323062
210.582474
233.437368
213.455591
199.393447
211.713589
194.892927
199.437901
199.500819
195.072572
202.546980
195.079422
195.496533
186.516805
211.323342
186.530224
194.691881
196.828705
197.602136
195.914037
209.849910
200.190018
200.537075
193.570830
210.946000
195.339679
211.590012
224.388145
216.070553
211.518366
216.071752
211.615208
204.162821
208.761660
210.286607
215.244101
204.822076
202.145804
203.213435
204.320883
200.894593
195.010230
195.689407
198.629984
195.748222
194.965976
195.695041
208.438475
199.529090
200.293890
195.214235
197.102305
194.476431
199.613131
200.688284
195.168566
210.844726
207.430121
201.929878
207.995926
213.032923
206.731405
209.729956
209.113025
211.506261
214.111175
208.632325
210.484232
211.707547
206.403388
208.074020
209.355860
207.712938
206.649006
206.311966
201.183939
209.257565
210.539990
208.820464
207.173542
214.798242
215.562608
200.236035
202.084831
213.567160
200.278488
200.336525
203.719763
189.737133
198.447617
209.950424
198.454345
201.351960
202.127535
199.630123
194.179118
197.771535
207.110088
202.864152
194.895501
201.335415
202.045598
202.164722
204.756234
201.066805
204.624873
206.510268
206.224560
214.145194
195.189431
200.348008
195.339514
195.197901
199.959648
192.214358
197.657485
201.284795
201.036676
200.358039
200.199870
199.273617
192.163302
194.041586
192.136336
194.014344
203.707994
194.233900
189.728111
193.016075
199.877500
200.259343
194.034228
201.715207
197.390949
194.098796
195.910772
193.286881
209.375719
201.267343
218.440599
218.406162
213.696536
213.789969
217.203385
217.125941
218.122826
201.276126
202.508130
209.881241
212.769232
197.051266
198.960184
196.295155
201.459190
205.279228
204.317764
213.114849
208.710010
211.128273
213.534118
211.770055
220.194940
212.896548
202.428029
213.938712
202.432646
204.375905
206.243855
210.056791
205.940757
204.030224
203.321299
205.242376
204.325365
203.343678
214.453296
206.707653
208.399649
207.610139
210.243863
209.262535
206.403891
200.684884
201.756934
209.244820
199.661939
201.391124
196.201318
219.610272
211.874582
199.815909
199.833689
209.787755
202.912899
213.678733
210.958471
206.494087
214.323227
206.506780
194.592053
193.534934
205.352658
194.295278
189.863934
210.417670
211.471302
188.619439
204.558820
194.166423
199.664197
205.542462
194.158316
198.543595
195.296416
197.087781
195.310279
193.025612
195.999537
193.052994
203.421857
198.712358
204.415070
198.603940
197.451978
199.670209
198.617071
212.996123
203.379535
206.330632
195.943010
201.521365
207.320082
195.936592
201.302040
200.359312
197.097111
198.962819
197.116240
193.988349
209.999652
194.089953
204.408508
199.563169
205.399704
199.411636
198.471172
209.267762
205.594541
188.659840
188.638679
206.431853
195.360186
195.436501
207.606587
199.214599
199.253710
201.879838
204.548335
213.119471
208.803211
208.585954
210.330838
201.941809
206.926264
213.677104
205.281992
219.615108
220.637512
211.985337
214.379925
213.768245
216.206938
215.434026
213.096826
207.655863
201.487124
206.989158
214.471031
202.362171
207.203009
212.425178
212.483286
206.913528
206.929916
206.919686
206.206206
202.837312
200.248954
202.752043
203.158870
201.274372
201.979998
202.738195
203.183018
202.338460
206.388189
203.942121
200.940807
200.120837
228.672286
225.864426
228.635107
225.832463
218.032961
218.002309
225.089956
214.659624
221.332955
215.067902
203.616973
207.893572
190.949767
189.175290
202.874037
202.130693
189.220972
190.949200
205.382320
204.272140
204.562394
204.306921
206.098985
189.168515
200.066171
198.113463
198.958153
204.914335
204.909216
201.172079
188.703528
195.285214
198.046855
198.071672
198.287077
200.147673
201.133318
198.108709
194.647613
198.367423
200.192334
198.328501
200.151090
198.207399
203.182448
197.015834
218.677739
220.755318
219.767011
190.849176
205.710867
205.742298
209.178138
207.289537
209.973828
209.164998
204.659333
193.396990
206.700188
206.754880
213.800140
217.851032
213.537260
203.386145
204.892169
204.137236
198.948710
206.048972
213.886197
213.573157
201.686670
201.844889
209.274696
209.191238
201.854959
202.566354
202.228483
201.750778
224.040459
213.956417
213.185898
202.431678
203.082576
205.022822
202.445737
201.462614
204.893092
199.867768
206.046333
202.368100
208.290054
203.368151
204.052151
205.453796
202.234209
204.140670
205.669672
204.812491
197.767372
202.983752
245.486072
196.812179
195.159034
195.074373
199.502814
199.653456
189.987064
196.134189
195.366722
189.950017
189.037095
188.879689
188.947162
188.610450
193.208400
193.928909
188.610910
188.883530
187.970013
188.593556
189.030298
190.785730
188.193076
192.383544
202.883916
193.461949
193.116716
194.880024
191.792891
190.862176
190.749534
190.818285
199.243692
196.901195
195.922952
195.131182
199.993602
189.708205
196.546672
184.786274
203.887133
194.175699
190.966804
198.614101
196.220316
196.936848
209.305585
190.604792
189.868578
192.912366
205.999785
189.732626
190.787254
190.826508
189.917474
189.902517
197.709969
195.181945
195.895992
211.002325
205.618091
219.361922
226.473282
219.349384
219.904513
224.277933
224.407922
208.487237
215.924805
211.438968
212.050765
209.848620
214.610596
221.088928
217.578363
215.859284
209.033055
211.184173
210.603071
225.925390
240.115943
242.018346
205.834550
210.398004
216.304039
216.268991
216.550322
216.518217
214.716667
238.536920
214.937993
213.142629
214.177005
203.724542
218.079073
208.062936
207.247108
207.048633
206.205347
199.159678
213.295447
212.537579
216.135376
206.180367
231.460464
230.204416
194.829116
201.610771
192.352448
208.376051
207.951294
202.948047
203.369457
197.681267
202.804898
197.624353
204.537189
201.632590
200.827553
199.762971
205.682051
199.738094
198.699739
197.872707
202.098634
201.780976
208.985660
208.683239
191.758079
190.000746
213.251015
197.193099
195.217960
205.418378
197.413225
201.475095
191.662792
198.897229
189.763986
191.255915
201.766318
215.932579
208.322337
213.100473
213.876503
208.843725
207.402077
198.447395
204.983023
204.644564
190.330289
198.680907
197.002087
195.279740
201.015239
190.918493
216.954506
227.535866
229.019624
227.817262
232.778432
237.396796
235.264277
235.357902
229.888671
222.315964
225.562945
227.151769
236.609809
231.013400
231.166655
228.860040
236.552023
214.601735
221.123345
216.212305
217.397041
217.386351
213.999779
237.888145
232.234401
225.323326
232.057610
233.829022
232.843538
234.572582
203.472541
213.789218
203.238150
212.851009
216.356580
211.271687
213.618416
232.022589
223.837187
230.191507
223.845511
230.216569
223.869334
230.825392
224.970766
221.605492
221.579108
220.488621
221.757070
220.579989
216.185918
216.234242
207.215029
227.179379
228.280535
228.396783
237.131643
239.631511
228.195913
228.715211
233.229143
221.764708
224.060555
224.152432
233.185891
216.654859
236.404078
227.465278
222.600424
222.481334
200.769669
209.738576
209.704378
218.383807
220.534594
221.801085
212.377822
211.552307
222.470210
225.861602
211.703691
246.310124
244.614589
244.012084
252.281377
247.263555
244.017076
244.015200
244.013935
252.284945
247.266894
241.329741
245.570280
245.573796
249.912350
241.332246
248.043360
246.312586
244.658484
245.570979
245.569730
249.912385
249.912336
226.418678
227.475113
225.172106
221.270985
229.481211
240.832498
217.556962
224.331631
230.852907
225.553228
225.574689
226.340580
231.622988
218.782821
204.712365
211.489765
210.560825
211.649200
214.088917
214.900495
208.759482
214.682202
204.404323
204.105769
204.136469
220.351809
209.512672
215.714342
215.580299
210.045650
212.551280
210.339633
215.149529
208.944493
205.184493
210.250255
208.348449
211.415732
213.873442
212.156628
209.205150
204.165551
210.462860
216.465396
220.076031
211.716469
211.734376
200.737981
223.031518
204.644260
226.204426
198.694212
204.959771
204.070715
227.658634
228.781885
228.906858
227.665798
228.785036
228.946894
227.939902
231.220966
224.171818
232.686253
233.429371
231.672544
225.003722
223.176523
224.450947
214.637290
218.938639
220.478465
221.679477
226.357788
218.924281
210.617400
216.655126
228.884905
215.570166
222.351912
214.732437
205.166670
211.193790
216.386079
215.542357
218.419003
203.181757
210.073905
208.257684
207.574714
213.950441
214.374860
219.280402
219.977784
214.333382
196.489010
194.309895
200.604527
200.312468
200.234689
196.106798
212.680715
212.664467
213.669847
212.119297
212.844390
218.353990
214.749232
224.934191
218.769666
228.375307
225.197617
214.609666
213.358248
218.831178
218.842280
217.578642
214.893462
214.904995
213.809120
219.360173
228.054419
222.759796
226.878249
220.586054
217.068027
206.258530
217.313482
216.248922
218.118423
205.134689
220.904956
227.978224
226.774782
228.331663
229.998905
228.724185
219.700788
210.407587
212.862217
204.908275
205.302845
218.452202
211.716436
215.154459
210.160682
211.964443
208.968935
210.475704
209.146212
209.135356
203.719941
213.901972
201.884969
202.979988
203.708376
203.147821
207.647771
202.995832
214.424387
217.264947
210.038309
222.307365
217.021915
210.637589
215.963206
222.553274
210.735048
211.454033
212.471732
217.119588
208.152070
201.470296
209.792266
218.038605
218.994874
210.870144
207.872154
210.159044
208.703345
211.972745
214.979877
217.765407
213.435639
216.287180
215.139509
215.127988
224.042363
222.482701
231.940703
219.994362
219.768387
225.052040
217.104270
210.753792
221.374930
215.292224
215.205602
224.872779
215.294647
210.140127
210.875455
226.096076
210.886586
222.627108
223.497574
224.386140
230.437436
215.209874
224.796321
217.203461
211.109731
226.662859
211.791670
223.193721
232.364906
234.761049
230.110368
238.751671
219.973809
219.583450
219.626575
219.615346
215.819224
212.751399
202.834338
206.472727
205.584205
213.111081
206.542746
202.854774
218.652734
220.091020
221.293928
222.274922
223.409639
230.071128
220.201997
223.403517
223.396954
220.627304
204.046373
220.366672
214.623035
202.370675
215.649228
219.943873
204.120720
220.779117
212.963844
203.106407
203.097856
221.351353
218.992915
222.386477
232.141121
235.222817
216.383512
215.286255
214.710342
220.645786
218.318940
232.038574
235.184001
214.590241
218.877671
202.299023
204.135949
212.932230
217.062572
201.994861
201.959562
234.950916
219.558953
221.299954
219.077790
219.561043
215.573040
214.817486
215.916405
220.389517
217.509319
212.982264
214.184947
214.143057
216.635743
215.948659
216.980055
208.181851
221.505694
209.116748
219.258739
208.058949
209.947486
220.284593
209.808251
208.120241
208.862409
209.615154
211.587290
209.676226
212.721016
207.868252
214.638368
215.363950
208.485851
215.339330
229.934502
207.788739
203.175081
223.720847
220.439891
217.946247
214.596405
218.426045
220.268481
226.771138
211.951543
211.258175
221.638237
222.587238
221.696624
214.102408
213.404405
212.134701
216.644126
229.301395
221.821212
210.802489
214.207698
210.657166
203.156892
203.132905
212.350569
202.077077
203.029939
197.989968
206.585257
214.221239
203.302743
208.445498
209.177160
207.426969
208.385347
214.054896
208.604297
212.184221
207.440168
208.961903
216.689543
197.990400
206.626920
211.306452
207.912358
227.006622
207.444533
202.291087
203.098437
207.597111
211.821606
210.607759
219.261903
197.791024
213.986868
227.882174
214.028934
225.427025
210.695027
213.898112
215.364011
211.666008
216.511211
220.984472
212.962251
213.338581
216.433399
217.363850
224.671886
210.830334
220.754516
214.184874
216.120632
219.682640
219.243754
200.123521
206.532118
200.057774
207.206494
194.660717
193.963293
203.816773
210.119294
200.153536
200.026340
212.579300
191.741936
217.144770
208.055638
208.539523
209.585964
213.560949
229.997876
215.451655
225.963096
197.786838
209.888793
197.686132
199.448981
201.170494
201.275672
206.967843
213.931613
212.209707
212.265698
216.779677
215.797542
224.572433
213.077982
208.994877
209.988085
208.234681
211.988870
220.033396
211.121694
206.634760
200.447721
205.828035
205.615561
210.062016
216.929741
206.669392
208.916138
207.171018
201.571719
201.551695
214.599536
206.067462
202.352740
207.189097
220.014796
202.354681
208.105816
220.670545
202.599051
208.849315
226.303915
214.952441
215.952615
208.743502
206.885562
213.579557
211.055564
227.808134
216.061696
220.388571
228.787521
213.834419
200.315841
204.705192
216.621553
206.593837
210.966795
217.934662
213.753566
212.710936
212.824846
212.690362
215.612827
209.885328
207.086175
206.100755
200.903455
212.267646
206.912167
202.109000
202.785682
201.669898
213.013032
198.594652
195.971576
198.506101
205.490416
205.379212
200.419078
206.589002
207.081394
213.390881
204.669696
205.889446
203.609630
206.374475
205.519276
202.873722
207.288499
204.733453
207.639071
208.412543
208.151539
211.796632
207.786071
206.341717
210.789639
212.476395
206.127769
208.444732
209.640594
207.897756
210.037052
201.453140
202.281970
204.588783
202.866833
200.247272
204.668311
201.037826
204.580312
212.316003
198.371420
198.347882
197.160889
202.285962
212.563810
199.383939
204.507694
207.270795
214.788839
197.662313
213.144484
210.571274
215.914031
217.084575
201.461291
206.670317
206.635822
218.679417
206.763164
211.794598
212.390301
217.874085
223.728308
217.449527
220.182073
221.354142
210.461068
212.658829
206.868848
205.750977
218.895801
214.374479
223.866172
218.867929
212.625565
220.969437
212.819716
203.133273
219.721634
211.684861
216.882815
215.829672
208.378168
206.497459
210.487977
222.646162
216.719270
217.411188
216.698738
219.886295
202.362570
202.105571
203.120381
220.605843
202.776368
222.271625
202.050800
202.406195
204.644603
223.735499
205.342935
208.779210
215.471252
215.484452
211.687540
213.911933
212.801392
221.294410
208.889234
214.317909
220.134354
219.163986
205.821053
207.100941
205.854964
207.828755
215.135963
222.570954
210.438890
206.080527
207.041689
207.775571
216.247239
207.716967
209.378099
210.899760
220.712681
213.204514
209.315893
210.069119
210.042572
214.640235
221.678852
220.238426
209.434520
210.189390
214.054011
224.824620
210.072811
214.670972
214.051062
228.661713
215.858438
194.496594
199.477464
200.299868
200.338247
206.640398
207.643168
196.174963
200.359090
207.242599
198.102099
206.475138
200.564112
200.582829
218.362449
196.179737
206.177323
199.949180
209.057868
215.685455
208.190707
220.499925
213.952375
208.552825
212.756168
206.054168
211.081619
213.210385
207.481304
197.086359
197.795158
198.986574
199.684832
218.551468
208.259146
197.127647
201.309229
202.416324
200.307170
216.904364
198.070569
207.246647
202.362183
210.873766
219.255196
210.082350
224.130799
214.123662
234.255321
215.416785
224.984137
210.114625
217.720135
219.642296
228.985058
212.291220
224.652428
212.441673
215.951903
216.849368
206.819916
205.811250
206.685382
213.857654
214.864746
228.641354
205.848715
207.742672
206.152438
208.382538
202.992460
208.410427
205.186596
206.749751
204.592417
221.270125
213.601324
209.790709
203.743128
202.182148
201.823907
204.653182
205.088887
204.496048
203.538576
202.314521
202.398609
204.895764
203.775856
209.735698
215.201690
206.116469
203.722615
212.935290
211.722589
191.662901
208.144406
190.626296
194.987007
194.582024
196.021687
195.377214
197.884690
210.091231
209.368238
190.943130
196.238216
206.996442
220.054191
215.129961
214.375905
224.556163
215.488369
221.508624
218.209083
225.504687
221.975020
215.172651
214.385032
215.490281
211.271210
221.514855
215.172049
214.244972
210.026021
219.049593
225.501698
221.979772
211.617043
200.298978
210.542401
211.681852
205.716788
203.235229
221.163376
221.322005
218.618819
218.652280
197.079281
207.203512
198.789658
208.939192
207.255385
208.205046
217.347607
198.021714
208.176301
207.216962
199.436752
201.661231
203.428119
197.325331
205.395820
205.447161
199.377396
199.902577
207.962476
208.011242
196.344097
197.225524
200.470880
199.971149
195.468988
204.652048
204.627930
201.316514
202.133152
206.447307
198.970165
207.011259
200.681400
208.747631
208.071809
201.506437
203.255774
197.830633
198.897850
214.632440
212.595240
202.486363
202.578853
201.826585
209.457958
204.405364
202.793360
202.521178
219.339646
208.332368
203.435459
205.185662
197.110846
198.176050
201.763502
216.001830
215.690762
214.967617
191.640908
192.661457
209.059754
191.587962
192.606585
198.252645
220.663160
202.714253
220.699995
218.460955
218.492955
197.873253
199.355174
198.956474
200.437705
214.400519
208.065010
215.897548
209.527674
215.121572
209.824180
232.801329
214.410379
220.234733
220.242845
231.664778
229.363650
202.565652
204.046869
204.927354
214.887142
215.898103
216.021717
217.705016
231.711716
211.930889
210.332327
212.064692
219.949032
210.262260
208.523960
204.081519
213.301136
215.923079
218.559511
218.896927
227.377142
206.608740
206.647815
207.294612
202.983628
213.899064
220.781192
202.870500
202.081566
202.068610
203.271111
211.624466
207.619511
223.822366
208.308986
205.370479
196.995376
199.834436
204.418956
197.152172
198.849370
206.562226
198.185556
201.024982
194.709661
210.961865
214.115066
213.507626
212.369393
214.174381
214.628606
209.358763
217.415617
208.644830
209.068108
217.644559
213.479744
214.135494
212.836711
217.977955
208.398785
201.367192
203.144242
219.373620
206.436296
207.507070
219.382775
202.023656
202.042865
203.213623
207.041043
200.233759
204.623569
199.357280
205.329900
211.552662
199.318113
201.128564
201.901952
205.483131
211.703564
208.263918
217.671347
217.480603
201.402793
201.513994
202.593087
200.993477
200.905888
201.457295
205.807120
199.568575
200.198241
217.825794
200.919712
201.776779
200.380023
216.766506
197.899430
208.616268
208.500780
210.296910
209.731326
212.838269
212.765899
213.905624
212.959392
213.561644
207.618180
228.330361
208.394305
206.617144
195.810264
195.722802
210.601856
196.219678
201.687052
202.390065
198.342035
212.326193
198.788987
197.591066
198.446341
197.034346
194.572686
218.596526
207.867038
204.607886
206.103337
224.750908
206.396733
210.475858
210.482060
206.407906
208.019296
207.226957
207.612677
208.449890
210.571123
211.302490
209.577262
202.904055
197.777035
215.106326
221.906460
205.681225
221.714582
205.487480
203.805655
221.827438
204.656834
195.169130
199.123146
206.514989
202.630345
197.053392
200.980166
194.638602
206.223540
215.070362
222.303486
218.396959
208.031937
200.669165
206.380025
202.342655
202.180942
202.818619
213.117549
195.999291
216.614775
200.253434
201.023267
217.609972
232.021488
230.945574
221.379646
215.355067
204.044187
219.705576
214.795402
207.674533
201.298701
207.179445
210.436431
205.407454
206.390989
206.416906
205.763221
199.464047
195.073277
212.690131
206.366225
201.315881
206.808794
207.438350
207.450351
198.393673
194.001250
210.548790
204.317900
206.507607
206.461672
198.514594
194.122530
210.563103
197.646196
201.253883
196.846629
212.348508
214.519811
200.525620
196.120067
211.628206
215.769942
205.139255
200.836912
210.658727
210.410694
216.696681
212.479317
216.076958
201.743161
216.833557
201.569198
195.391471
211.697905
220.784067
221.831812
201.165042
216.716737
205.461843
218.914682
209.503995
196.215627
206.477688
202.404156
206.938467
202.474925
210.607008
200.472191
196.331668
196.240837
213.767025
202.610131
204.091842
214.571642
215.134097
225.296138
220.756437
214.767210
218.581831
213.669133
212.522617
205.800869
214.571006
213.876556
225.180195
213.888666
231.481718
233.199554
220.679583
218.502809
210.653121
202.243049
203.985231
207.793805
203.263580
213.238930
214.401183
211.695597
200.461191
211.337879
201.175511
212.060278
217.002192
204.595284
202.873818
212.702456
215.169752
201.148000
201.160892
215.827138
205.842022
211.661515
211.103760
206.742276
208.495046
204.770917
199.309112
199.395123
206.829260
210.176254
201.324054
200.275000
201.297321
205.835467
205.187342
200.780242
203.646602
215.077648
198.051670
210.935662
204.790044
205.506050
205.854266
204.741363
214.590007
213.580445
216.308608
200.616547
203.186294
201.396021
218.437252
201.299227
195.152380
212.471028
201.967177
195.820331
213.119521
199.341575
199.379186
210.154955
200.168384
199.506434
205.211879
199.674788
203.628177
198.010266
201.506728
202.219342
213.571362
199.961581
211.581144
210.886559
213.376159
207.142687
210.731590
211.600432
219.423436
200.524743
200.615534
217.978254
205.770526
202.163198
201.496097
201.375098
203.842411
213.647440
213.792037
204.058058
210.108458
210.858034
218.714766
210.970017
209.141525
207.438319
202.997766
212.153511
203.021404
202.361543
206.370038
197.962999
199.704693
204.485260
207.999232
204.522901
208.036652
222.348506
222.891601
222.999779
227.205295
223.689550
220.003618
202.290076
202.938305
216.636786
216.642643
198.189441
198.189819
198.100422
196.763715
196.736146
227.458246
204.769892
204.944147
205.511697
205.946423
201.167363
201.139811
212.354247
205.888637
210.008194
208.897584
195.177835
221.955190
228.655052
221.989464
228.688297
213.733485
214.817400
209.573674
211.378998
213.971123
214.687745
215.703455
215.857928
218.114286
209.188190
207.479446
202.089247
214.840142
209.656766
208.649841
212.876019
207.911023
206.523100
202.744052
206.590440
209.668914
211.191547
211.194613
200.919337
200.284018
206.632795
205.484401
202.027782
201.680733
200.002906
201.995731
201.638969
199.923801
197.708241
195.946392
196.789841
195.715762
195.680822
210.959112
209.944859
209.325020
197.658505
213.962710
195.981331
214.375685
196.731086
196.697240
209.359816
211.078673
210.013646
209.872466
217.680866
211.676595
207.469067
206.416580
204.739154
230.944316
217.678167
213.235698
205.660099
213.917925
212.153910
210.630655
210.385615
210.384248
225.661794
226.733641
245.020648
244.001420
243.956107
243.958644
247.696763
247.696769
244.979926
198.814195
206.799860
207.790614
197.536519
213.553058
195.801296
195.774262
212.379125
201.928008
200.266412
197.437062
212.451296
208.341053
223.060840
201.340487
199.587773
210.062465
242.767494
221.864258
207.659672
207.693560
218.049352
216.075465
209.368219
210.218144
215.809851
221.104679
217.694672
211.062871
215.616526
218.618219
218.300679
233.894440
238.028737
218.330689
216.575655
218.519676
217.611572
212.959404
222.423690
219.269771
207.791615
215.154698
214.395426
215.132391
206.613876
217.950643
218.702721
217.228677
199.862267
204.901419
218.961718
212.796144
210.512846
207.040284
207.069585
207.787314
190.101280
196.263956
195.837058
201.793271
201.329700
203.093563
195.257444
196.022444
199.913911
200.653116
199.935400
189.395785
205.419662
207.685661
212.134517
208.400753
198.842320
202.871605
220.603652
202.282561
203.897678
212.015338
198.756443
216.760729
200.109287
205.781249
198.367410
200.322150
192.810330
201.769206
210.137484
210.119878
219.378494
221.116499
205.400229
204.719552
224.853311
208.434740
214.010948
203.958420
195.162572
220.119876
220.043617
210.950266
217.350165
207.467480
201.307324
199.441375
212.106110
204.145629
203.974764
217.484433
212.828820
208.474366
215.277021
226.740664
200.309256
201.030555
200.277950
212.477193
203.615954
202.289809
201.547322
205.353831
196.219607
207.374068
205.403379
205.365412
202.301535
214.061102
201.910484
206.077536
197.014464
211.547302
205.360181
192.796864
195.291613
219.783697
197.297024
196.190338
196.813246
194.264065
196.048604
199.151704
194.417641
190.020807
195.114752
208.279524
207.938633
200.617262
206.264119
201.412566
199.654081
196.041856
192.695162
196.350137
196.828506
196.006030
192.548360
206.332707
191.506072
193.472446
191.442108
205.072090
220.639233
192.524054
196.180147
191.516054
206.117970
201.062408
202.059358
202.783678
206.927255
206.802840
222.905907
217.091226
207.461894
202.278262
203.947904
203.583804
202.028770
197.090474
201.766898
203.706531
205.456336
202.152093
201.331663
202.658694
201.334221
207.578908
202.823544
217.126710
222.294284
222.329049
204.993852
212.521527
195.812456
208.449745
209.161352
230.377495
208.352490
212.421260
195.777838
229.919896
213.475187
197.719879
211.707377
196.042899
219.490866
218.739106
207.622238
231.222371
217.897721
234.331587
211.383368
216.896158
218.057052
233.426996
211.536324
215.827475
217.733272
208.398755
209.480156
220.497375
205.542755
205.532950
204.868755
202.894989
206.744707
202.429836
200.203499
200.243385
200.647269
200.867962
211.930240
218.732109
218.700895
231.519654
227.541546
216.560435
212.011861
214.729562
220.970374
215.471147
215.509336
209.140057
219.929277
217.703698
213.669705
221.167404
211.123920
214.526543
212.256135
207.633441
214.363913
212.131869
207.548485
221.188499
220.192079
220.072878
215.504246
215.788920
223.289704
215.443333
215.683833
223.260685
211.872746
211.872622
224.908832
230.800572
237.487163
230.890134
225.724351
217.403410
211.121055
235.753396
225.985595
211.051169
213.506187
230.166862
217.591748
217.596146
226.025134
211.091858
226.955589
210.345537
229.361778
212.230741
218.473108
211.247066
206.595781
212.179669
210.435840
210.407591
211.139167
205.837911
213.575038
220.549758
211.140575
205.811303
210.339306
210.220242
211.234011
205.624337
224.938202
224.967515
235.789775
210.981073
213.435857
230.200005
217.625637
217.597268
228.569591
211.023568
210.275787
212.161104
218.474232
211.440447
225.806917
226.702281
236.702884
216.385256
213.065395
217.078023
215.541417
215.480778
215.295682
210.741832
213.198471
217.345886
229.246106
222.619516
229.338377
210.785903
209.110388
229.133597
210.926879
210.316451
205.692994
211.147107
206.497056
228.714666
231.563158
232.681727
215.075426
207.640241
217.703151
217.677084
234.794711
216.019238
216.080644
216.766258
233.710819
210.774686
225.829625
221.300857
230.261355
222.338360
225.733359
221.082711
214.434297
224.355653
214.373628
224.277424
211.015280
212.867181
203.848414
211.111645
211.784792
211.813426
214.843963
211.408857
194.015885
194.004008
199.564389
202.707752
196.165231
203.289761
198.443858
195.313513
199.710344
203.117180
205.422038
200.454557
200.274469
204.407226
200.461272
201.401564
202.207834
203.686155
197.135980
205.362886
200.621610
200.923971
200.197394
201.225595
201.793803
212.625257
206.192984
196.906057
192.474398
197.647369
195.133218
192.394996
219.356447
200.867293
211.730942
200.299746
196.875994
200.566844
200.364234
201.583204
196.842108
205.267864
205.563103
205.774847
209.131861
197.009736
205.308623
202.585237
195.057741
191.563181
199.889887
207.408818
202.943481
206.440701
203.808252
197.376408
213.589934
203.605753
193.507224
220.276449
205.638520
196.487645
212.732274
197.061721
210.608790
202.670101
193.581617
206.896746
201.169552
201.810924
218.259004
198.620632
205.451301
202.768179
202.680347
201.814478
202.907551
198.211601
214.308902
211.967243
212.453477
212.202698
212.557347
212.143114
193.836855
209.886331
205.031997
205.054178
220.866810
223.008901
222.997542
215.720159
215.814917
199.305665
211.329100
199.469705
199.409281
211.334597
207.571455
215.452517
212.123314
210.291181
216.545232
214.483650
206.603556
212.123586
210.239324
222.084702
225.140579
217.417024
195.090416
196.910674
209.113066
206.314306
207.301326
202.157491
205.869241
228.776154
211.341401
206.055987
210.308210
227.905345
212.212292
210.057743
216.024455
213.614818
210.460942
214.118446
216.273228
215.143541
204.944760
210.410183
226.223462
216.252520
216.254047
221.072486
207.033214
208.069732
225.595724
225.632582
231.445492
230.809922
233.820713
238.428977
213.489642
204.014583
210.898676
209.288238
210.080487
206.931597
183.958978
186.989576
187.019267
182.882627
186.228227
189.005420
263.361537
201.729468
216.598827
216.664365
218.192979
218.141839
211.458963
208.153614
214.814085
207.317228
208.002736
207.355777
208.594134
223.310151
205.510370
201.086491
211.994732
208.682760
199.588654
194.130256
195.904171
199.620340
206.703926
202.241462
211.441878
209.133477
200.699732
195.913926
199.898753
200.232131
208.594408
208.121763
209.561278
209.779938
203.620243
203.671618
194.068927
195.791092
194.198237
205.188664
196.776530
206.173474
206.103531
200.066067
206.822073
197.723449
201.090387
192.115506
193.024489
195.717830
205.286017
199.255187
205.488561
204.713582
206.350599
199.330661
198.363778
199.380269
202.599171
210.963932
211.087913
211.011635
226.042493
222.749597
232.603509
211.582425
204.116834
199.591764
197.859248
199.040895
198.787928
201.553208
206.199980
198.778276
203.373232
209.841169
197.052866
204.897331
203.265182
194.294221
195.601108
193.872785
201.785785
201.038202
195.870322
188.918870
195.318754
196.344535
202.817313
195.201864
190.666086
191.646571
209.141695
202.146543
203.312347
202.983706
228.649059
223.063039
215.509560
218.455364
222.009752
240.194347
242.482316
242.280154
240.321966
240.121839
244.318966
238.721616
238.519725
242.160176
240.700750
240.185184
238.444994
236.846991
199.241880
188.066049
188.085010
194.504862
189.094476
188.146366
189.836664
188.107049
194.976757
194.275444
182.693263
183.699816
188.941749
190.711104
189.980764
188.052563
188.959302
185.296128
184.680020
206.886941
206.883008
189.257872
193.431763
191.793879
201.881877
189.906713
189.813683
194.362496
239.748445
211.861134
214.660125
207.642518
218.653421
204.960416
203.888359
209.715514
210.069870
216.113313
215.547584
231.279578
218.989313
203.460589
221.016631
208.903722
206.826340
202.736459
218.889540
203.369539
211.340917
205.105860
210.684808
208.257060
198.064055
202.112170
206.643043
213.360343
210.454136
204.808397
212.872498
209.947006
211.715256
207.645322
209.216299
200.078505
208.306569
208.033371
194.595005
204.360331
209.938766
207.534665
207.509589
198.049380
202.463541
218.647307
222.267481
224.518405
215.775809
215.777032
208.720646
215.034801
207.631718
191.152037
215.011081
212.399212
207.518589
201.391570
200.484779
200.387605
205.345374
206.791523
211.868372
202.594823
211.738389
203.251538
205.630278
208.217690
206.069959
207.299212
213.882160
213.546135
206.722221
213.339270
203.309651
209.435208
211.966886
223.091427
218.684469
217.151199
218.275366
203.848324
206.129826
221.521362
207.183848
208.181412
206.517292
201.228439
201.228609
215.754399
209.467863
207.325082
216.562012
202.064428
201.364688
218.343972
203.985528
221.669832
205.516800
207.240983
197.110375
203.488787
213.065137
203.845246
217.557114
216.502553
230.919500
218.645848
202.905111
214.750919
202.575595
212.938052
219.271783
215.362716
200.824006
207.599656
204.363981
201.497895
208.191673
206.499800
199.930842
204.655555
205.676352
213.865905
210.440081
204.004016
208.557391
215.415528
215.228074
217.109081
208.351089
206.002859
208.186712
219.623212
208.218104
211.655814
210.640583
217.725188
207.483656
208.193680
214.204621
208.558157
210.862567
215.253089
203.953272
203.921445
213.093871
207.762145
208.103581
201.936309
200.835288
208.475694
205.908001
201.476048
206.488645
206.474100
199.943646
203.710224
212.305400
223.145126
219.646878
219.599896
224.928446
225.334417
218.971747
215.986895
225.077711
225.390096
219.745504
223.155586
215.287566
218.486529
215.295278
213.202660
215.214502
216.330207
220.043969
236.358203
225.933488
216.650749
218.584272
225.992254
238.238962
235.615400
238.323904
222.393229
222.584431
222.388808
222.445500
232.746218
232.876503
221.440743
236.319013
227.925170
221.301164
234.559474
235.514771
234.176725
235.565400
223.997340
216.834730
224.250333
225.550008
214.681147
213.171730
197.645651
228.859650
231.784355
230.862688
204.616358
199.966440
217.043045
200.417348
204.740732
210.966114
212.544373
220.199091
203.512548
211.002789
212.706898
214.643066
208.901853
210.380032
204.310027
201.863237
200.249718
202.201351
201.233214
204.696380
206.968392
202.536958
219.885642
215.470256
216.423094
213.526228
206.904570
208.919011
209.817139
209.809412
211.037148
208.277595
207.316252
207.287546
210.579874
212.874649
214.260390
204.702200
202.111128
213.655543
214.648739
208.835765
208.418302
215.901506
208.349451
216.206291
201.873158
202.111481
213.605346
214.420297
216.103519
220.499537
208.021360
208.093925
214.181207
201.563048
197.071977
199.332952
201.527505
197.827514
202.942158
204.722592
204.443724
215.145660
206.929964
206.913462
221.926134
201.732459
203.534255
214.047238
207.385954
212.738198
217.064390
200.584585
205.989333
205.693974
240.306769
232.152528
223.642769
222.373541
219.193633
219.111677
222.407614
221.104543
230.859119
232.163944
222.339352
222.434107
232.094741
219.069929
219.038744
192.974807
201.312870
200.149129
205.596068
197.844183
193.113298
194.169914
198.834275
192.415837
197.757662
204.588274
196.691321
203.675348
222.809799
212.236695
209.116242
208.197239
208.799270
207.238720
207.381276
206.251550
206.136283
218.899777
210.541360
213.299098
222.392513
207.735271
202.370874
219.876737
209.208448
215.473488
209.965691
207.210357
208.966713
209.211959
208.851721
197.243542
194.603279
202.887787
205.374283
197.596499
203.245811
196.622721
195.883224
195.123763
206.415320
207.050494
201.910578
200.236431
219.442139
196.907943
201.028669
199.580201
200.332832
200.286188
200.270026
202.205265
211.326827
214.606492
215.859794
215.424971
201.375597
195.208454
201.114614
207.532474
202.942354
208.099760
207.452802
202.118949
223.318749
209.483663
204.854434
225.876396
203.798289
208.231773
216.188850
199.635528
201.312874
201.176190
206.333608
206.439732
201.105919
206.766319
207.067106
202.387053
211.778915
201.284070
212.830490
210.636987
209.489528
204.860329
203.753039
208.186524
216.144654
200.995896
188.446033
201.889909
198.588001
206.270825
208.733984
208.693730
214.794787
208.622495
213.596302
213.491440
213.938071
210.174919
203.339376
201.166090
202.148702
204.877663
204.222780
213.409153
205.193491
186.526635
187.286504
187.262451
192.573489
200.217820
200.217704
219.376978
201.121538
201.882488
219.410751
206.135697
195.939439
196.713044
205.509353
199.693612
196.035251
196.675466
224.696402
208.972783
209.698956
207.257212
187.911380
188.173203
192.360318
192.554862
192.647314
194.392906
194.317246
192.546994
193.036669
194.022689
198.573840
208.548779
213.762827
222.481535
207.604333
216.157137
200.181818
198.496127
199.544307
200.348804
194.246110
199.205444
204.556501
199.387166
199.528280
200.334836
204.695522
194.199846
200.261056
201.067363
194.932460
208.096472
205.171321
207.382768
204.491028
217.242582
215.326546
211.695308
202.688037
216.968522
201.994661
205.155782
200.122151
201.364995
195.166094
206.206237
200.307420
194.986124
209.099686
207.193162
210.187735
212.560616
214.176230
209.748735
210.506829
214.216897
212.534629
208.690999
207.195307
206.406211
219.259167
207.052072
201.970155
216.248008
196.840586
201.276265
208.161424
201.170882
215.401420
196.033266
200.476985
195.043934
194.019779
193.393579
193.982135
192.287687
193.970288
192.226443
192.915740
193.939925
194.887149
193.296012
192.177813
195.889495
193.262575
193.990246
192.238139
194.220410
197.726783
193.309509
193.270726
194.016587
193.990817
202.994747
201.046299
199.161516
206.236333
199.913798
199.957338
211.131490
194.207058
204.508289
199.190431
212.772101
213.942273
199.234095
201.819397
192.425361
192.468732
193.292899
192.574513
192.474606
193.161100
193.513201
210.447269
210.443093
208.824034
208.852743
210.520386
208.367296
210.305321
210.303976
215.827298
215.115718
201.981589
201.647459
195.815484
196.529529
213.180110
207.314020
209.875284
208.059153
214.468635
208.067988
206.936931
214.350613
211.410424
211.348438
211.736250
212.836752
213.628867
217.738583
212.526823
202.535567
193.985654
193.175469
201.026670
205.384416
213.154895
217.407861
217.434263
218.022261
206.845699
206.750928
208.164668
225.230294
216.160682
215.436124
212.093855
209.863672
216.911554
210.669561
216.227058
215.503193
212.125982
209.932250
216.942632
204.995365
209.592310
216.606560
209.937063
210.864732
216.078618
215.270124
206.489468
216.028921
211.670843
208.003574
219.629059
211.598535
212.609227
208.333402
208.407244
217.337724
189.164982
190.668912
190.396904
196.236612
188.726514
193.675570
195.111201
194.839244
193.123332
193.103648
212.487096
194.197171
202.807694
197.512479
189.757217
208.077152
188.904303
191.527575
190.435103
197.256670
193.986077
198.419785
198.529672
206.244202
204.475229
207.033890
203.688332
187.353797
203.495343
195.747295
194.035061
192.544080
195.748183
188.102034
188.877405
206.269730
188.090660
190.714361
214.664654
214.663263
209.180643
206.129268
195.082370
190.651526
211.418012
202.924981
205.346323
194.319529
189.887000
202.068463
203.923089
206.187323
210.962044
183.935944
216.147875
209.702622
187.347742
211.226632
211.225451
213.727612
197.068670
202.582324
196.335807
202.986121
195.203553
190.765545
194.284041
190.034982
211.218400
216.764094
216.762892
193.537368
201.445328
195.917796
200.907711
194.773139
194.086173
200.392134
194.940811
199.913958
208.342063
202.933975
212.644936
206.519879
206.468237
202.721747
198.386768
200.043817
198.864212
193.375706
199.176440
201.238421
201.160876
205.677935
205.659877
201.836780
220.860177
204.176346
203.533167
207.469492
200.435296
200.435640
199.674073
201.781165
200.581724
196.159320
203.820764
191.714564
203.862285
213.350538
207.463070
197.778298
213.237720
197.795671
208.844523
207.510748
202.765602
202.270034
200.602768
196.135619
202.901559
202.917951
202.847763
196.422024
197.487936
208.864951
205.605233
205.486558
205.448962
199.540200
200.374742
194.241692
214.404728
213.803063
202.968128
202.545168
211.414416
195.165679
201.303533
200.538450
209.097483
213.031159
203.243314
203.480467
204.000697
202.373858
202.729450
208.155497
208.214840
213.637643
213.559911
213.851946
215.012033
208.129176
208.162853
204.875366
214.173981
214.410062
224.563070
215.120028
214.341942
205.533428
210.173792
215.468132
226.341094
209.818923
198.259751
198.312677
202.389819
198.170190
198.180212
201.651216
207.480597
202.340228
211.170945
201.598612
210.191061
201.659110
201.841758
202.616162
201.907320
201.606912
208.897127
197.904463
208.981878
210.665758
195.137389
200.325143
199.581636
199.514525
199.350132
200.132047
204.739180
208.980794
199.323753
211.654898
198.312309
199.165275
198.179824
208.982278
207.206176
206.237694
205.593884
200.697093
207.187216
201.325625
200.304409
211.612403
205.167141
205.881277
211.452387
205.133903
204.151393
205.170883
210.234885
210.532022
201.001061
195.296561
201.258886
201.467587
199.612332
198.554667
195.244285
199.479457
201.415949
199.597157
205.671704
204.689042
205.742468
205.202589
215.572604
200.330570
201.316536
201.351347
200.332697
202.000236
201.134101
201.172615
201.365018
211.467935
201.286278
200.575293
201.350349
202.109669
200.410304
215.604758
200.449653
201.174569
201.437567
201.482432
202.195355
200.498555
204.045407
207.162973
210.350271
203.296011
205.530514
205.570426
206.403121
212.866484
203.598679
199.553891
209.459703
203.635666
209.658024
204.375995
199.538668
199.522059
203.252819
203.324595
200.368974
210.234805
200.855903
201.858580
209.285323
196.448486
210.416377
196.326657
197.665258
211.078042
211.078300
214.875778
214.875515
214.403787
207.193474
206.682266
213.719087
201.610074
201.953500
231.072195
191.800464
194.175345
194.817010
195.708692
196.044966
195.608193
196.467739
215.528991
187.211571
193.102581
199.188625
198.421363
211.423939
198.320759
202.663834
220.284363
203.662260
213.082090
201.735191
201.250501
201.114162
220.653491
199.622837
201.529310
206.046056
210.396560
210.396548
194.455585
187.346747
210.258177
198.699521
221.243938
204.376766
204.025809
198.642240
204.560900
208.959195
210.031301
208.913792
210.063610
228.766674
203.746320
219.500366
214.067072
210.672199
211.832422
214.391520
212.458655
240.597261
227.245913
194.088673
194.740636
195.764449
192.971676
194.665782
192.875464
194.685946
211.355167
200.284003
198.532713
200.179255
197.854549
191.486682
192.517859
199.325010
193.277921
193.936555
192.491082
193.963444
222.229940
203.315646
207.800363
196.133717
197.159894
205.242100
196.827587
197.286986
198.526148
208.374223
193.118845
201.160131
203.447479
196.527996
197.148281
202.113551
197.508211
219.175260
199.237877
201.753973
201.591794
194.798288
189.026150
193.422738
195.837778
194.159103
198.528888
200.855019
200.421388
192.185080
193.207907
201.899607
192.398290
196.795348
199.148070
197.504355
198.372980
199.198182
208.808771
195.945130
194.887244
199.671887
200.651384
199.209662
200.268601
205.467733
197.438623
196.381035
201.165960
202.146428
199.952721
201.047943
201.306643
200.973171
200.249880
209.247830
193.247363
192.870671
194.345685
193.892928
208.269718
197.266134
196.157267
199.882577
201.923805
200.292183
194.691912
187.926406
202.250815
196.485104
195.304716
193.346036
193.130334
193.129901
198.055698
194.893849
200.968235
197.777319
201.738017
194.893613
201.000241
198.795879
191.557288
192.437910
198.165933
198.164968
200.245337
200.183776
200.898862
200.637410
204.175597
205.302979
199.238343
199.236365
201.040897
201.148283
204.273739
199.511686
199.596397
204.312858
194.138336
198.118783
194.222750
199.552537
200.859575
191.508522
192.437819
199.175520
194.138393
206.433469
205.385249
206.103971
199.276694
206.393016
193.935055
206.263283
199.394476
196.553328
189.820960
187.938520
202.806870
201.813535
208.195096
207.854697
195.741845
201.279229
196.749504
201.214895
202.970921
203.378847
206.358643
192.325080
191.519448
192.566945
200.840931
211.485146
192.491145
197.924032
192.860516
192.183197
194.218286
199.601998
200.054142
199.073147
199.203578
200.218889
206.361048
196.634235
202.019500
201.801756
200.892426
200.869164
201.921255
201.732516
200.813879
210.137322
197.772470
196.756915
209.692326
209.195938
196.451403
201.787076
196.498952
193.830322
193.295916
194.889643
193.174314
194.824457
195.903895
196.243428
213.188066
209.862476
216.481533
214.104462
197.843583
202.893940
202.132916
213.882669
203.832098
203.982522
198.924118
203.036957
214.258835
217.943451
215.099191
208.178737
215.197326
205.975262
209.211600
209.356825
202.183852
201.454423
216.629305
218.343746
209.622354
206.299419
204.090257
184.702943
183.744379
184.447215
189.042987
183.000219
189.806859
194.829987
294.674029
179.442623
178.668840
175.893319
176.806171
178.570909
178.573822
180.215106
182.231917
186.182758
176.763432
176.820864
180.437988
176.824044
176.745330
178.475597
175.887656
175.949254
176.718625
177.584671
180.436826
176.706466
177.827850
179.508450
177.664712
177.726561
176.763945
176.777332
178.390473
178.599913
178.584888
178.620709
180.387101
178.901090
175.010929
180.399642
266.859345
264.518817
265.701978
241.745507
238.026112
239.766499
239.702536
221.974316
225.831562
220.822440
218.765996
224.985706
226.003048
231.152581
219.190804
225.246521
231.434505
224.527227
219.099362
230.299917
242.012414
220.797086
227.667718
226.363963
209.218984
209.133128
211.567496
210.001361
208.377466
237.518807
240.898302
239.210368
237.181013
238.407724
238.824650
238.856844
231.074770
234.760274
218.876881
212.831888
215.569322
214.383800
208.321617
220.371474
207.598231
209.706025
203.879893
205.000996
219.278925
208.513240
203.130375
225.414938
227.794585
220.911272
227.521213
228.365483
224.972228
244.178120
234.741880
224.225292
219.237495
219.723257
219.463587
220.248832
220.000107
218.223669
219.772436
223.187369
217.374449
224.992196
224.825541
225.611233
223.847638
218.725900
221.545066
228.126944
225.019592
203.497649
205.948354
208.944905
208.201276
207.151282
207.003920
218.755445
223.450983
221.150203
216.374702
209.773276
214.231428
217.842146
217.075653
208.432367
220.447317
225.923580
228.905664
228.893227
234.866853
204.110961
200.538073
211.753713
208.697090
205.070476
205.937147
211.797354
219.783478
228.179935
219.782378
219.534838
198.325671
202.783720
225.452925
216.891842
220.095567
219.097599
207.063012
215.305375
211.714377
219.994895
220.739625
219.956969
217.673135
208.325319
216.164452
215.085709
214.618076
229.119537
224.417870
218.079383
214.531981
229.916420
208.813627
217.585629
220.455959
220.775181
220.691927
219.232718
212.751171
208.298254
226.386002
208.084510
220.402848
207.488565
229.353239
225.018905
222.769251
227.434847
218.736014
208.142268
209.165117
229.580485
219.221558
217.299210
220.271744
217.900880
214.596646
220.782067
215.126488
215.706377
224.501904
219.750295
214.462097
219.714433
215.629868
210.167916
215.532666
215.514000
221.905758
216.529550
223.814194
223.029349
223.286918
236.163681
224.366687
221.409109
227.126106
228.591882
221.814572
221.537233
222.484279
218.525667
223.889390
218.819192
222.763291
223.151722
217.575186
217.144482
213.814403
219.157664
212.507967
211.024394
211.162707
209.677625
212.767260
203.941830
201.781254
201.828641
207.569751
196.250124
202.158340
203.140013
196.341137
203.232161
204.891227
202.551477
195.235898
195.915653
195.136483
194.083475
193.982453
186.144542
186.114549
185.446060
196.347819
196.608975
194.860264
195.067702
193.240327
192.947658
192.273786
187.963618
186.197509
187.249809
193.382962
196.457511
196.663212
192.441446
204.246045
192.404645
194.331241
194.059895
192.136985
193.264827
198.274975
199.263933
192.196471
194.004741
192.952243
198.531846
198.216774
206.394803
192.320601
188.802604
193.307954
192.516177
202.966346
193.726580
194.113392
199.223324
200.203972
195.035402
199.542752
204.301802
200.862302
213.515955
212.846368
209.238203
209.376379
208.197949
205.666483
205.804680
217.306389
208.487730
210.405100
193.286178
193.302345
198.645067
194.638780
201.157568
193.659324
202.111552
219.494735
215.529202
210.605099
212.437590
221.747722
230.677303
222.053025
222.963064
233.541614
216.037545
227.517124
219.702921
213.430774
232.802216
211.449783
217.575260
216.778585
227.555305
214.102631
225.069691
215.748214
206.784951
202.423096
215.118509
208.151020
213.840655
216.865062
207.586553
208.238313
224.935467
224.998096
218.920895
220.062964
218.852988
219.154855
211.952624
210.388780
215.716365
221.168690
224.766031
210.188102
210.263600
210.438457
209.675310
226.226847
217.271204
224.715295
233.396266
218.006728
224.787076
217.464401
214.247988
203.143238
196.923892
212.140469
215.732692
216.085822
214.207313
225.067182
210.795971
215.699988
214.359170
203.074426
201.354172
211.332134
210.302755
219.813143
210.715440
209.545772
208.433375
218.699335
207.637926
213.701212
201.419723
212.646839
208.927806
211.584203
213.165204
207.188734
208.472869
215.362922
210.331559
216.735194
217.292737
210.568298
214.816675
211.658194
213.343474
216.716867
212.909668
213.310039
213.309171
214.827807
216.778880
211.007607
215.722234
211.711819
207.201087
209.512707
205.568384
213.832929
212.736680
205.105621
204.033283
215.130163
203.568311
215.087363
230.862113
219.129489
219.150992
224.201161
224.276727
232.285872
230.160354
227.811702
222.550449
226.135018
225.187560
220.028064
217.562393
218.345918
218.092740
223.073516
223.148198
221.493244
218.830706
224.936275
223.988227
211.659181
207.062282
214.661781
217.989821
218.005001
218.863953
219.646541
206.747305
227.071402
217.591730
221.244258
230.341537
223.280784
223.280294
220.819592
223.824074
217.999635
233.287050
218.004224
222.528691
225.456466
222.541514
225.575876
221.750829
224.862689
222.075334
222.070891
225.486488
217.589861
221.290811
220.902078
213.046563
200.569852
209.751535
203.442884
204.796592
205.091574
201.940109
204.447544
204.640082
210.834547
203.697303
204.809401
205.047235
206.577240
206.515377
199.939144
198.323542
203.658575
199.985431
202.253161
199.293660
200.323276
200.967208
205.427313
209.096176
209.832897
204.815199
219.034980
208.120633
244.099820
229.753540
238.517924
204.873658
198.613722
231.871844
227.512495
199.033361
208.168631
182.159718
199.121630
198.090784
198.819230
210.254213
209.226878
208.414050
207.960976
210.183474
214.211763
213.089408
201.489192
201.036694
206.534795
201.094995
206.491612
194.024962
212.924370
208.262797
204.383417
180.424346
182.169951
182.838502
182.060265
180.394709
191.309060
181.092652
181.009634
189.011025
182.803040
181.145763
182.036214
191.369036
182.123683
182.134725
183.154956
183.845191
181.065499
181.121891
181.801034
182.031917
180.343609
188.739443
182.053991
181.075894
181.069740
181.031784
190.340933
180.336296
187.995277
182.101474
181.802517
181.091467
186.370886
187.026961
218.486475
209.366643
269.816794
