12609.165941
12609.994383
12622.434817
12589.273670
12588.520007
12622.176809
12587.799063
12599.903123
12601.228142
12634.782847
12619.995512
12621.397007
12659.878744
12646.400551
12656.806728
12609.881754
12657.411827
12609.902085
12620.130206
12647.002680
12590.968120
12600.085063
12621.607587
12643.433720
12612.052335
12633.148472
12622.860005
12618.927170
12608.341493
12635.804317
12598.367299
12610.416562
12620.515929
12610.296990
12619.733599
12600.269818
12646.244363
12610.236460
12620.303517
12633.903034
12588.457477
12587.792255
12597.972345
12612.649151
12611.835751
12650.379735
12663.180202
12639.207465
12624.785814
12624.162606
12624.301510
12665.249551
12654.383312
12670.546130
12609.546641
12610.417769
12608.838034
12599.458518
12653.727100
12626.156844
12639.489761
12635.953304
12635.895583
12650.916475
12638.428327
12627.377068
12649.438036
12653.589517
12646.379001
12671.628665
12636.516668
12645.887759
12636.520905
12702.634091
12647.428604
12659.285643
12647.488455
12636.283763
12636.345606
12661.646537
12661.639470
12634.171483
12636.493552
12662.819652
12653.846536
12638.873194
12637.290516
12661.318107
12608.782590
12633.210551
12610.099454
12599.512955
12661.456430
12664.533893
12646.561572
12635.696115
12664.886545
12636.674964
12646.239772
12646.757333
12610.923347
12621.806379
12634.622510
12635.533710
12646.558783
12636.178429
12636.032840
12631.955942
12622.067327
12623.492441
12660.528462
12660.577212
12687.496964
12636.844348
12659.935964
12622.460671
12634.125247
12673.130485
12633.474833
12624.135576
12623.481714
12620.204060
12620.689698
12611.185135
12649.305332
12612.211967
12611.895857
12623.612431
12612.265826
12624.541343
12634.435889
12635.287203
12632.451639
12625.358726
12635.303228
12652.356875
12611.685492
12649.099667
12639.731237
12669.058570
12669.144716
12652.517263
12652.120503
12667.841847
12666.849154
12681.849029
12682.843208
12681.338567
12682.955932
12697.875072
12722.219118
12653.046355
12636.456481
12624.676806
12636.233352
12649.920105
12619.726479
12635.398420
12649.775764
12620.982929
12643.461516
12645.460495
12655.545275
12634.158351
12630.892860
12654.707307
12630.887552
12621.056301
12631.557848
12611.054834
12621.548822
12631.503548
12645.463479
12656.194318
12631.743368
12633.655527
12633.803809
12631.195034
12630.268058
12630.240151
12620.332889
12630.349051
12610.354274
12620.849779
12656.279932
12636.081032
12672.009924
12632.420967
12633.737479
12631.111998
12634.904937
12631.321828
12630.957811
12620.995840
12620.369163
12633.962740
12656.303743
12613.164930
12599.025576
12624.072975
12635.044290
12614.071534
12634.208529
12609.067632
12599.012519
12624.981014
12635.276705
12610.420372
12610.826571
12658.253794
12659.508404
12609.965960
12610.511437
12671.951033
12623.085244
12620.337304
12611.032339
12623.421931
12621.789806
12667.749526
12646.957104
12649.398777
12667.792087
12649.484556
12610.458812
12608.595606
12608.343436
12597.839881
12633.752224
12611.889668
12598.352436
12634.507598
12657.445606
12659.969755
12609.892888
12610.433823
12655.283814
12651.966428
12658.537018
12672.002286
12660.977394
12633.515837
12623.118925
12622.580523
12650.341950
12611.711805
12646.933397
12638.839816
12638.166496
12635.867007
12670.997391
12644.676959
12645.127617
12610.738378
12633.750024
12611.920337
12633.766994
12682.513593
12680.377882
12669.999769
12653.784319
12644.530143
12643.943240
12631.606521
12620.642493
12643.129996
12621.303858
12630.110748
12630.704887
12620.258622
12643.148525
12646.580015
12645.058964
12648.672124
12631.990896
12621.358452
12661.336909
12631.736731
12634.927395
12620.019257
12631.203484
12620.624526
12610.611953
12632.672736
12609.483891
12643.431265
12619.375133
12622.665006
12643.767524
12621.503960
12643.729470
12645.488778
12633.127380
12621.215042
12612.032528
12633.739658
12610.776193
12633.752492
12643.886150
12634.659489
12610.702293
12644.197518
12620.854972
12619.277743
12661.541183
12660.903618
12661.269220
12621.466117
12624.222900
12621.820364
12621.838297
12648.387977
12649.815708
12687.026773
12687.520446
12697.116115
12647.146083
12646.597090
12701.419739
12649.692778
12623.366271
12622.792796
12633.880051
12644.387975
12644.231375
12675.299242
12676.157909
12624.912271
12645.781058
12637.783186
12656.904239
12658.086171
12646.565329
12646.777188
12647.863739
12656.325914
12646.464393
12646.716199
12660.409833
12636.021113
12659.755107
12635.800507
12598.405019
12621.814575
12632.373737
12598.470826
12646.276357
12658.275389
12609.991059
12620.589043
12645.800075
12619.537082
12620.868268
12658.406417
12656.175460
12618.622420
12619.634390
12621.061406
12655.661193
12622.303525
12625.679241
12647.450912
12654.177565
12628.082296
12639.837521
12624.263151
12623.300150
12652.803956
12653.439947
12648.588030
12636.681165
12658.646049
12672.858771
12659.801904
12671.675407
12664.687295
12619.980210
12620.003973
12648.030424
12600.019351
12601.312674
12609.940459
12620.760697
12620.701790
12634.816858
12633.574134
12646.454764
12620.216115
12646.450276
12657.615065
12645.367427
12636.645232
12636.889564
12646.134977
12614.660794
12645.764477
12647.154947
12682.010381
12686.133732
12635.081942
12634.205568
12659.004245
12647.213244
12657.515958
12659.625249
12635.377495
12634.882005
12610.576564
12686.336190
12648.128321
12635.815866
12634.773394
12600.080402
12614.215606
12665.207711
12636.213168
12636.285243
12650.018566
12650.643366
12675.561745
12679.030052
12645.004764
12676.207761
12643.861754
12596.507853
12596.616863
12723.346502
12625.597001
12641.181583
12647.989311
12607.701208
12663.908244
12598.487940
12609.915448
12633.183955
12622.500496
12599.808283
12608.868150
12609.405686
12598.657228
12622.618689
12633.771010
12661.123066
12659.440307
12624.472160
12648.360254
12659.196215
12647.375099
12665.929921
12648.673647
12638.098623
12672.692303
12638.067595
12627.108242
12621.316845
12610.326687
12620.167256
12623.699679
12630.133957
12637.870120
12776.933960
12625.535832
12634.784269
12637.107658
12653.773465
12637.417398
12641.488287
12614.979820
12636.451738
12623.507972
12637.401406
12609.922196
12777.159325
12777.379148
12719.725682
12748.379129
12719.758599
12748.950351
12789.728838
12659.394506
12649.708927
12669.721447
12637.345027
12661.670798
12655.170503
12648.498558
12680.123893
12647.548269
12665.560256
12634.445238
12657.607247
12635.050034
12657.698998
12646.329382
12634.932226
12645.594463
12645.819441
12653.291443
12777.732630
12789.483886
12662.613042
12626.312884
12649.376585
12687.984459
12666.340384
12626.900306
12634.264220
12645.129490
12635.220456
12626.132456
12623.189208
12621.885778
12627.771802
12647.613087
12662.764015
12671.436751
12650.199939
12690.658124
12652.505524
12662.738612
12664.983535
12679.579635
12649.574735
12689.993018
12651.861277
12632.522590
12638.514216
12648.732542
12632.635406
12647.435490
12637.572169
12647.653350
12676.212328
12650.645854
12651.850334
12660.662371
12649.631997
12683.383299
12703.579305
12685.109551
12646.775425
12661.574719
12650.539060
12610.090856
12610.622359
12620.107197
12620.709716
12619.917511
12692.537642
12682.685919
12671.356479
12724.632785
12634.594574
12634.892831
12659.110731
12621.633781
12621.561332
12634.968551
12655.670513
12669.370662
12646.380373
12646.620831
12635.039638
12634.153510
12632.216336
12629.842749
12645.919692
12622.234277
12621.692809
12634.744701
12622.066720
12621.577645
12610.638005
12635.027326
12634.383308
12634.386511
12654.282242
12649.816064
12647.392866
12663.682619
12623.170937
12664.468196
12654.041798
12663.204139
12626.154422
12649.321969
12634.441996
12634.576066
12622.020009
12635.477255
12635.996963
12622.531698
12623.882074
12634.985906
12634.056772
12659.214453
12633.640550
12647.282775
12649.787972
12637.785578
12623.505267
12622.965796
12636.586523
12609.906125
12608.877807
12609.534099
12598.457761
12653.318488
12653.060676
12674.071928
12676.042011
12675.241610
12622.432259
12633.116478
12660.847906
12639.649531
12637.137651
12635.984416
12636.482365
12655.989560
12635.233926
12634.459167
12637.825890
12625.099544
12664.194819
12646.465768
12665.554749
12635.743898
12664.223586
12654.926601
12652.955817
12653.410531
12646.922014
12649.833858
12648.777454
12611.501355
12636.529960
12635.749122
12634.957478
12621.660746
12656.342087
12659.722800
12621.423162
12648.746123
12646.921364
12649.824938
12622.035466
12686.228212
12634.771405
12622.068543
12621.629017
12597.252974
12634.715137
12678.925219
12664.176248
12624.367670
12612.139832
12611.653901
12674.849707
12705.044059
12666.248683
12665.558639
12673.611580
12624.953644
12648.922378
12649.477189
12612.800582
12634.609322
12621.637410
12623.684764
12609.394911
12650.274015
12634.656573
12624.600698
12660.486733
12635.243327
12608.360757
12628.323578
12627.066848
12651.432466
12651.468242
12671.638347
12675.287803
12647.508973
12610.473172
12649.307726
12636.847171
12647.408544
12664.447187
12625.274200
12634.415733
12635.097424
12621.732481
12622.850177
12648.530172
12646.236305
12622.484288
12622.443630
12638.078475
12613.346190
12649.227728
12648.509102
12611.962638
12638.311484
12686.945540
12670.197759
12687.674633
12653.917583
12678.695241
12664.979463
12670.221499
12665.767640
12666.339021
12669.404857
12683.517220
12676.446085
12627.046033
12625.998981
12600.000434
12590.540890
12599.421288
12589.317026
12613.209337
12624.541007
12649.108163
12637.312831
12653.435244
12598.456128
12649.466515
12625.860866
12660.322780
12680.065794
12699.693788
12624.710189
12635.349055
12614.391683
12646.340439
12662.678067
12647.375900
12621.454458
12647.397235
12636.174984
12637.187939
12658.158777
12632.253619
12664.016577
12670.603469
12670.053594
12639.244774
12641.105739
12679.210311
12678.714649
12664.236950
12653.845970
12679.981316
12680.486042
12636.993499
12673.683606
12664.506109
12680.279830
12695.935133
12695.966558
12663.980740
12679.745594
12651.427904
12696.080940
12649.458638
12679.043883
12679.589584
12662.181126
12650.566062
12678.475700
12647.244820
12678.001852
12683.509992
12694.341095
12691.654686
12683.581426
12693.788229
12691.117721
12710.696551
12608.015728
12617.843202
12618.535846
12631.729770
12609.268317
12608.141148
12631.148306
12648.782033
12636.408507
12637.740569
12637.465417
12647.024388
12646.406456
12689.224691
12633.668631
12634.320549
12633.815756
12658.949989
12639.173725
12659.390390
12639.654348
12660.171440
12665.950410
12652.242582
12608.526025
12653.691447
12637.378813
12678.314048
12639.124552
12722.150178
12651.798501
12653.009747
12664.559272
12635.530706
12599.471406
12599.528205
12634.687299
12632.668536
12620.503126
12622.787453
12622.026093
12713.107452
12747.964848
12636.249563
12637.837997
12634.165002
12676.064566
12636.618278
12637.502721
12635.826896
12676.928059
12637.430969
12633.840959
12658.345782
12678.379224
12638.338061
12639.254398
12717.714928
12633.859395
12634.339542
12610.967202
12620.018057
12619.978882
12620.150461
12609.714491
12618.655092
12609.224596
12633.928326
12597.048097
12621.083741
12597.080844
12620.473150
12620.417345
12621.613444
12606.993345
12773.763022
12637.887121
12625.444319
12601.659871
12626.230795
12630.739224
12630.040730
12609.171705
12648.317204
12619.835946
12618.660471
12633.530891
12634.228603
12644.882852
12645.579041
12623.101299
12623.270782
12650.037435
12622.039127
12621.405910
12646.479371
12656.880038
12630.230967
12618.621943
12618.525375
12609.215085
12609.184249
12631.785266
12611.219077
12633.112457
12623.300157
12609.906030
12599.834849
12599.787936
12611.881199
12611.132439
12622.989057
12622.425607
12622.366533
12622.533295
12631.875171
12642.827160
12607.886427
12633.377758
12622.953791
12633.670837
12598.670725
12634.604952
12617.769967
12618.417091
12648.728550
12633.913355
12609.130627
12633.067102
12621.780262
12633.124157
12665.228655
12636.259970
12623.882269
12653.755607
12653.540102
12659.282968
12652.614161
12664.635042
12622.722676
12621.963271
12636.321113
12662.477307
12637.026095
12676.952983
12637.561218
12677.467362
12695.403618
12694.084904
12668.064641
12636.408397
12695.374372
12667.493923
12674.995660
12634.836570
12622.716474
12636.986975
12647.501783
12631.382672
12631.333167
12634.096193
12644.459491
12637.941426
12646.549078
12642.548701
12633.235529
12651.645162
12647.351191
12646.662722
12662.844401
12632.927610
12649.686784
12638.457904
12668.167722
12638.048802
12668.166834
12658.817911
12625.646393
12647.321388
12620.778709
12648.191284
12698.052996
12634.306410
12659.422013
12636.613126
12647.591910
12635.520453
12645.226733
12647.759825
12638.733384
12647.360144
12652.546847
12634.710630
12623.126753
12637.968358
12650.150472
12661.694651
12649.060314
12635.145323
12660.159139
12660.918578
12698.225035
12634.359360
12635.793122
12633.639888
12622.077164
12635.345934
12651.880102
12649.434361
12639.378231
12694.295453
12621.505595
12619.193433
12641.857533
12685.769110
12686.029490
12689.128164
12692.902014
12623.111448
12635.467150
12620.551922
12647.053814
12620.648866
12656.916361
12651.883850
12632.898940
12662.514794
12679.295940
12634.226148
12648.720891
12609.627016
12648.531373
12609.263287
12619.143374
12660.254567
12632.707306
12633.181631
12635.468161
12671.872944
12643.309625
12671.162607
12642.825333
12618.461545
12642.164111
12633.989403
12609.098102
12644.314662
12634.179600
12632.683256
12610.495834
12644.975307
12609.312208
12633.065544
12633.493497
12636.242384
12632.818026
12661.128171
12633.583337
12621.061839
12655.737652
12673.721358
12633.280925
12631.796776
12635.173562
12632.448580
12631.787897
12635.231354
12645.789294
12621.286729
12687.215136
12648.190092
12652.648104
12635.466722
12662.560944
12636.013691
12636.119483
12634.407104
12646.869716
12644.270804
12648.316734
12648.807771
12658.143335
12645.832280
12645.905065
12648.324543
12674.636364
12646.485552
12634.897454
12648.794402
12648.240604
12621.687615
12634.406745
12610.180608
12664.437363
12634.711552
12645.472883
12634.352510
12663.160296
12645.049828
12663.993605
12645.409723
12634.275967
12633.467285
12634.003677
12644.544070
12619.690966
12629.743203
12634.884571
12655.813276
12631.763245
12631.770216
12634.686241
12645.075856
12645.444918
12648.061363
12630.213490
12631.555439
12674.777426
12646.381862
12644.397491
12646.577140
12648.971628
12646.595003
12657.655803
12632.072894
12632.140311
12635.004809
12623.620889
12633.707064
12633.357600
12646.536106
12649.131309
12676.608840
12622.282873
12648.895955
12635.430392
12637.155573
12633.263821
12623.172747
12632.970671
12633.211298
12622.625030
12633.033749
12631.922328
12633.133353
12633.644136
12646.305404
12609.353213
12634.835171
12608.425356
12633.431107
12632.965136
12662.652002
12681.030298
12674.252995
12636.529402
12661.322302
12672.652690
12653.665044
12684.083865
12696.183636
12678.484964
12691.051779
12645.707351
12688.180151
12697.880396
12677.035234
12663.898163
12663.812954
12676.577389
12646.495104
12646.464042
12647.039522
12686.583663
12700.327432
12667.976001
12683.557022
12665.217156
12651.996080
12659.149318
12659.820059
12636.546670
12646.702977
12671.672730
12684.781203
12668.009272
12667.723054
12624.815045
12667.947237
12660.604102
12701.026618
12702.920727
12652.905393
12683.621993
12683.339859
12655.492041
12651.094786
12650.084541
12648.693959
12623.330043
12645.507151
12622.234439
12663.084631
12645.219476
12644.944748
12632.854615
12688.275567
12632.355813
12643.837770
12634.073917
12652.204837
12646.355380
12659.580316
12657.974351
12620.887998
12620.917353
12646.858812
12622.335977
12655.217658
12655.322002
12633.239613
12622.807928
12645.440525
12619.915521
12646.440188
12630.788900
12632.541839
12622.238163
12636.796345
12659.988866
12658.403491
12622.291631
12647.814034
12622.192382
12610.140959
12645.587596
12610.327519
12619.528190
12642.748254
12643.404629
12672.658352
12632.808275
12643.820773
12673.518755
12634.342515
12644.148453
12662.786655
12609.380155
12599.439191
12644.781369
12609.414398
12620.225952
12610.312416
12632.443198
12632.363712
12620.366965
12656.356326
12633.283578
12620.280592
12629.730912
12632.979633
12634.139300
12645.228405
12631.052422
12620.229346
12634.641008
12659.443315
12657.850413
12634.211884
12646.081168
12621.735562
12643.168318
12612.476149
12611.022830
12609.562375
12632.045363
12646.126276
12621.324190
12635.836721
12632.122635
12634.924388
12645.302678
12649.337396
12658.429017
12662.543230
12634.699791
12637.294710
12650.380253
12649.670978
12698.970570
12649.112316
12659.578127
12647.705256
12670.424786
12657.271621
12680.182910
12647.393001
12673.496150
12645.396685
12647.904636
12657.140370
12624.596973
12646.704410
12656.128923
12646.098469
12636.398791
12635.224739
12647.353114
12646.903929
12675.050462
12673.417138
12669.793913
12635.443036
12657.558689
12642.967330
12644.437109
12667.910249
12643.719245
12631.753204
12646.553628
12646.344415
12631.004475
12644.353726
12630.283627
12631.641209
12643.754355
12640.427482
12640.844616
12642.315173
12643.510022
12658.990618
12674.974538
12646.595829
12632.435248
12655.806794
12623.392441
12643.191164
12621.651562
12675.661648
12635.059531
12633.963295
12623.142682
12633.387052
12611.697589
12622.288605
12632.419865
12633.060571
12644.813320
12644.446151
12622.439198
12654.129216
12633.905617
12645.058734
12664.092552
12649.013808
12638.390327
12639.195651
12639.420675
12645.030399
12646.020153
12650.047246
12663.896203
12665.262421
12665.842976
12665.080795
12679.073468
12659.280703
12661.354354
12650.472118
12622.667179
12663.240759
12659.663120
12651.967129
12652.144349
12686.495175
12704.443277
12684.796961
12698.436358
12706.375033
12702.358801
12699.479172
12634.235479
12637.061425
12667.079594
12666.647598
12676.436006
12666.017214
12654.987020
12635.574301
12666.268228
12666.741828
12653.876783
12694.240865
12667.930959
12667.457232
12710.775262
12708.347034
12648.388387
12682.038534
12669.017853
12690.517132
12687.682527
12648.786889
12648.986123
12659.417540
12672.538697
12661.123778
12643.709295
12645.298773
12634.608912
12635.882930
12620.055465
12664.299490
12646.623038
12646.024631
12623.351185
12612.561132
12645.209582
12636.617417
12646.252761
12656.080097
12646.411060
12634.192506
12647.692861
12622.597145
12632.503631
12647.773087
12660.895623
12632.997566
12623.796072
12637.292113
12665.837202
12636.513445
12668.521298
12669.037943
12647.055122
12647.826860
12680.291205
12680.332996
12626.083774
12670.904605
12636.743013
12680.051343
12634.504026
12645.551618
12644.929368
12687.778740
12648.830463
12649.027024
12634.622523
12648.954923
12646.344397
12634.940007
12645.065326
12647.368645
12635.001165
12645.567459
12664.199555
12678.380404
12677.947501
12661.231568
12650.393600
12660.155061
12691.014087
12691.280446
12691.272559
12645.348957
12674.201158
12622.582129
12633.314252
12646.479651
12634.534448
12624.371766
12622.889681
12632.644405
12646.004900
12622.720148
12662.402167
12643.718661
12624.668670
12662.888945
12620.942442
12647.006940
12660.074743
12635.124119
12676.797920
12675.748378
12635.103240
12629.065279
12630.203035
12631.210770
12620.746500
12634.089631
12631.336800
12620.175439
12629.887734
12645.108257
12653.994038
12644.224352
12630.855927
12648.837345
12635.828981
12635.888462
12634.301194
12663.295799
12634.023363
12645.181289
12649.706952
12620.607148
12649.224557
12658.037640
12669.218440
12620.809998
12631.345823
12667.949520
12663.341337
12663.142776
12662.012129
12711.223613
12659.976393
12662.628857
12662.557156
12662.773456
12644.502022
12622.421288
12611.626385
12649.092581
12665.404259
12637.046276
12611.443581
12649.145855
12645.848834
12632.867497
12622.641804
12631.401280
12621.524887
12621.238063
12631.660076
12632.097238
12645.005418
12634.744546
12673.209731
12642.606637
12647.637434
12647.098633
12646.311412
12713.964500
12686.501924
12674.688327
12657.394472
12656.808895
12634.368911
12622.586327
12624.094692
12645.999920
12664.356356
12645.963672
12612.361106
12613.817954
12632.331316
12624.764426
12675.476524
12647.593528
12663.504975
12610.847428
12633.524430
12660.817205
12659.085713
12673.566913
12622.344240
12633.736929
12633.666610
12644.447296
12656.663176
12656.570204
12633.624002
12645.831267
12636.157643
12635.122258
12676.866534
12637.204104
12648.814685
12624.236361
12636.377855
12658.697470
12646.012626
12645.968870
12674.366487
12632.193218
12659.251638
12635.459875
12623.830849
12648.030493
12624.103682
12634.371179
12675.907488
12646.950939
12687.774042
12648.285809
12647.613111
12625.763511
12647.663471
12669.081440
12673.033281
12644.384559
12646.088977
12645.526104
12679.885609
12679.865941
12667.624739
12668.762376
12634.468740
12600.542316
12660.105669
12661.495196
12648.374637
12638.102309
12638.097320
12612.122470
12636.899603
12616.089434
12636.753405
12668.631323
12668.645553
12637.429118
12661.552618
12670.902442
12637.531981
12633.173153
12643.953731
12633.681204
12634.610728
12633.821952
12645.238545
12634.365836
12635.413791
12611.496356
12635.977445
12622.080862
12651.197564
12636.599561
12650.309544
12682.579915
12686.529319
12634.058729
12633.451300
12643.718097
12658.039777
12645.905807
12656.711542
12686.873718
12656.917316
12654.382661
12643.825305
12670.766407
12696.979564
12700.637644
12647.687551
12646.405367
12621.490395
12659.504607
12622.714864
12649.005516
12656.175031
12658.220267
12609.916975
12620.501390
12662.444255
12672.230163
12662.501757
12648.482844
12646.936818
12646.251290
12663.840535
12672.497091
12651.775446
12634.798271
12674.034606
12674.587796
12646.914575
12661.395464
12645.582677
12649.695113
12680.081777
12639.595706
12680.104763
12647.814872
12639.335132
12647.796973
12653.110175
12663.189520
12673.547668
12638.076207
12651.794083
12667.005462
12666.506677
12689.524452
12701.888324
12677.498854
12623.262525
12647.535997
12623.353712
12659.062918
12667.121038
12666.039828
12706.310720
12706.352053
12649.565416
12661.557322
12628.506821
12645.625687
12634.590703
12645.451142
12646.951689
12624.146671
12658.159459
12624.007555
12637.078742
12654.362800
12637.507005
12645.772597
12665.166756
12622.759538
12612.449050
12649.500529
12635.903852
12660.184146
12636.414995
12634.594404
12636.468310
12650.317753
12648.526239
12622.150886
12648.181633
12615.747432
12666.153907
12638.787407
12649.900312
12649.427849
12698.164340
12690.961240
12648.644747
12665.320893
12658.009778
12632.708567
12660.382838
12634.001338
12635.881647
12645.055498
12636.514788
12645.182259
12624.756167
12635.736738
12610.752932
12620.718185
12635.498085
12623.349009
12661.945157
12658.933265
12624.706460
12682.628466
12735.561611
12682.809673
12660.020285
12648.328363
12671.148015
12689.500574
12690.042156
12658.685052
12678.001999
12690.596117
12646.942497
12692.239957
12691.979764
12662.204352
12675.297906
12665.928875
12699.555590
12688.911192
12662.926809
12661.275142
12635.157407
12690.247533
12679.950652
12699.777338
12696.902679
12702.548774
12694.290303
12697.585291
12723.758443
12713.194086
12728.675654
12710.753999
12700.873619
12703.056170
12709.056664
12718.016223
12700.149011
12700.176557
12637.266181
12634.674903
12633.990561
12635.732734
12632.797933
12610.874619
12664.421454
12677.845815
12633.264552
12638.704757
12650.034084
12650.736471
12621.928482
12621.396215
12611.122655
12610.609066
12622.686852
12622.677396
12611.148076
12610.657894
12621.629138
12653.889617
12638.004762
12635.106913
12635.743073
12633.865712
12637.518346
12611.107717
12653.436606
12610.475945
12611.718672
12598.627605
12721.311149
12717.611407
12635.170160
12622.688193
12635.642634
12672.941730
12624.703028
12613.275013
12623.203599
12658.112201
12659.964098
12624.944760
12623.893075
12624.645171
12662.592804
12665.284257
12665.280224
12653.431615
12681.632570
12673.910096
12698.143321
12687.550185
12662.695904
12649.317617
12679.166707
12686.147627
12688.344899
12685.436376
12599.174168
12587.896203
12697.749460
12739.940552
12715.662189
12696.019858
12713.969557
12741.481258
12739.262904
12734.752498
12648.014330
12638.067154
12609.974288
12634.716218
12634.696202
12635.311336
12633.073722
12608.493296
12610.196742
12607.935149
12609.976322
12598.665361
12609.925776
12622.519521
12609.182147
12622.226083
12633.903956
12608.368821
12654.614334
12608.092309
12634.013068
12644.734838
12629.455881
12630.532975
12658.997324
12629.082015
12621.784736
12622.353172
12621.761418
12622.940512
12624.463764
12626.825979
12599.970663
12622.282403
12622.197404
12626.153820
12608.286675
12637.558452
12642.210040
12631.722073
12631.699836
12632.857454
12667.956444
12669.094215
12621.721990
12621.183081
12621.444450
12660.793782
12621.399328
12620.318065
12619.925187
12609.587503
12610.866467
12648.304433
12650.678587
12654.618028
12608.555066
12632.214084
12597.879441
12632.168993
12607.720025
12607.793963
12597.332775
12608.629659
12608.645743
12648.750034
12609.879848
12632.378285
12608.368910
12608.651888
12597.909795
12632.374588
12610.059371
12609.650675
12637.233001
12638.548181
12654.878314
12651.096724
12644.168291
12633.725043
12659.037300
12632.285654
12644.840197
12632.964071
12644.864842
12633.074551
12659.117865
12633.658571
12658.733948
12645.673804
12643.335788
12632.313104
12644.928272
12648.789849
12659.762250
12654.213369
12650.426114
12644.523258
12644.601311
12646.571654
12633.284774
12633.903357
12636.532795
12609.103376
12622.362715
12621.396451
12620.590273
12587.841778
12587.984747
12589.130727
12587.798102
12587.960484
12587.726249
12650.398722
12614.010290
12623.477320
12599.823926
12634.802060
12633.223953
12622.144247
12634.052807
12645.118116
12620.859342
12631.452995
12631.689423
12644.700112
12621.617923
12620.914110
12631.697319
12630.968480
12631.743719
12631.511269
12651.167039
12633.628542
12622.415906
12610.009965
12621.310069
12620.101477
12648.942045
12618.367424
12652.230112
12633.996701
12635.989318
12635.398305
12652.624720
12634.927733
12624.067973
12633.762533
12609.473815
12624.656439
12613.566377
12629.468820
12648.505344
12608.204851
12598.056384
12619.706200
12647.854669
12623.103336
12633.715986
12631.109291
12621.703843
12621.072049
12631.682745
12639.439489
12620.715487
12618.781017
12597.922005
12608.396072
12642.413383
12607.830782
12617.121648
12618.341760
12649.219351
12634.540378
12610.160549
12634.117183
12621.981241
12607.965753
12618.389506
12644.556271
12621.480125
12621.054781
12648.818494
12644.022053
12657.140447
12626.564306
12657.048374
12643.943314
12647.768260
12635.252936
12622.455472
12619.995263
12620.719274
12610.778815
12623.371430
12622.567574
12632.233482
12632.263017
12630.973168
12659.444925
12622.211058
12622.137412
12632.142577
12630.731072
12631.518652
12621.601860
12631.724993
12609.148134
12671.921152
12676.341495
12620.070978
12635.037900
12619.610137
12635.664512
12649.534366
12621.872229
12632.702015
12641.994735
12658.360919
12698.928697
12635.440577
12636.716140
12647.695553
12633.003115
12659.030069
12659.052627
12646.594425
12645.817248
12635.605566
12622.618447
12623.222237
12674.028793
12633.332403
12643.848472
12673.587832
12632.981720
12631.156664
12644.831755
12622.698842
12646.414740
12654.614055
12633.178637
12633.768088
12633.993922
12631.111247
12650.332355
12633.561792
12650.055369
12675.444785
12610.739938
12597.769623
12608.240267
12634.391460
12619.479791
12619.384707
12620.156370
12619.249477
12656.986268
12611.314250
12620.007755
12621.574718
12634.535475
12609.376401
12619.827683
12656.820897
12650.693159
12637.306189
12625.424727
12650.936549
12675.402174
12686.155385
12653.813641
12630.201525
12632.067755
12634.824342
12655.631517
12620.859082
12631.151594
12631.444632
12632.202944
12597.742404
12608.242599
12650.332203
12610.557280
12625.402650
12610.966916
12650.029351
12609.374902
12609.310060
12644.814961
12644.823249
12619.465312
12644.943335
12657.415221
12645.573090
12647.621228
12657.346384
12646.108042
12646.205277
12658.021001
12646.686691
12635.079901
12624.126330
12646.065800
12645.699144
12636.372001
12687.862938
12671.654961
12648.901870
12610.221198
12649.344344
12609.957177
12637.538290
12608.659546
12609.238112
12647.506038
12609.889661
12608.577606
12676.847973
12671.018323
12665.345311
12672.808117
12678.538316
12665.328996
12622.446865
12650.660467
12667.749660
12652.615788
12664.281478
12646.197753
12611.230372
12623.189926
12609.965542
12621.700997
12640.017401
12622.847354
12621.834762
12621.730847
12631.171626
12607.781925
12633.363284
12621.264665
12617.707326
12643.123664
12620.350645
12620.476559
12620.921630
12620.961653
12610.242800
12619.988076
12620.678725
12638.313156
12655.629230
12652.496591
12676.254134
12624.476735
12622.423060
12634.665132
12644.269977
12699.887716
12655.614519
12649.980390
12652.004335
12649.960350
12661.347740
12662.843194
12640.370191
12673.084568
12644.609719
12663.298316
12649.458467
12639.900727
12637.410817
12671.059692
12671.614388
12676.250741
12659.278219
12657.466855
12634.510368
12633.162490
12643.925526
12657.051391
12644.235720
12622.027141
12623.084643
12647.186047
12646.908729
12647.257634
12665.305980
12614.223810
12613.949875
12661.169204
12670.975341
12658.789412
12645.512492
12687.584717
12646.510614
12688.165660
12633.788393
12624.209974
12647.366751
12646.010170
12656.777349
12646.521906
12645.880341
12645.992831
12646.393249
12623.391436
12660.147257
12647.719259
12676.625836
12634.098970
12655.591215
12633.897625
12624.521799
12646.696507
12646.897210
12657.807564
12671.104174
12673.594393
12632.292533
12632.348423
12672.478592
12662.800022
12665.221092
12648.791733
12646.160632
12645.466217
12609.969836
12625.837525
12622.520467
12621.859314
12622.347668
12621.405434
12636.833589
12637.213067
12633.372570
12632.756338
12662.321268
12652.369799
12623.006598
12623.596275
12621.740165
12622.254904
12622.141918
12619.932849
12620.178010
12620.722523
12634.286191
12620.723242
12629.901835
12619.809978
12682.483595
12663.873841
12611.119497
12632.666014
12672.916739
12658.913870
12649.831461
12651.656072
12634.445570
12634.565381
12633.735900
12633.054043
12634.506877
12644.705947
12643.434981
12685.236137
12643.587780
12643.791430
12631.724616
12647.241979
12647.101697
12610.957151
12611.566560
12619.383204
12621.810831
12620.851436
12653.128283
12666.371816
12649.728573
12650.636239
12648.954379
12622.397355
12634.803011
12612.297794
12612.101239
12610.830324
12621.700402
12633.421772
12610.748272
12610.057357
12675.997077
12675.738850
12665.827235
12662.203075
12610.458581
12634.839451
12644.904224
12632.841744
12631.325400
12620.876436
12620.957139
12635.254489
12645.390766
12620.449590
12634.380020
12664.030502
12675.560695
12661.693725
12645.474106
12610.649725
12610.780554
12645.092797
12699.958925
12657.247794
12633.642720
12644.408941
12642.351980
12645.075836
12657.401772
12686.772183
12632.900622
12658.164936
12634.159030
12644.925938
12668.751110
12646.175331
12700.439489
12658.309244
12643.355932
12643.861506
12684.753226
12624.967299
12621.897034
12598.600142
12598.576240
12609.346752
12608.689611
12630.046001
12672.195122
12686.629923
12635.187764
12634.419800
12607.930347
12634.146518
12622.126514
12658.936664
12645.806241
12632.698365
12622.119787
12612.208052
12620.996614
12631.917705
12644.643994
12607.793567
12621.865939
12633.406758
12608.620473
12608.620401
12617.437984
12619.340173
12619.932454
12648.265594
12619.176416
12634.003351
12623.527790
12647.896083
12622.517459
12612.682119
12637.198417
12632.647382
12612.959404
12645.937826
12663.153939
12611.227344
12621.855831
12622.698072
12644.962904
12625.034325
12624.744031
12644.171311
12635.309780
12621.214533
12636.960166
12636.362167
12621.599466
12648.984699
12621.652572
12633.109890
12631.684728
12632.655707
12632.171867
12632.626219
12622.732016
12632.008622
12675.434141
12621.519412
12632.184560
12658.679564
12670.354524
12658.725157
12623.948890
12599.807975
12599.750554
12634.241228
12624.015760
12599.781943
12660.334710
12657.992316
12621.836112
12611.027782
12610.928217
12645.705101
12621.526180
12652.658240
12634.044717
12646.532405
12660.830680
12641.599413
12642.237813
12622.333179
12621.745775
12631.735656
12624.546404
12635.682368
12621.378135
12635.864978
12620.850760
12630.471836
12633.005722
12632.353649
12645.408153
12620.972599
12630.782603
12650.144142
12661.144086
12662.442602
12632.733901
12650.856451
12633.477234
12651.063016
12646.962356
12643.142830
12607.856691
12608.478170
12643.874404
12608.429981
12620.597389
12620.854187
12608.010547
12617.997203
12660.852030
12632.385111
12632.944160
12619.228716
12618.065793
12641.970149
12643.006612
12618.471127
12633.661683
12689.666012
12644.298177
12655.263177
12675.636843
12674.912618
12614.878038
12600.948588
12666.816444
12654.581502
12587.707227
12589.582171
12635.723575
12636.495400
12659.282865
12619.827199
12618.607399
12658.594855
12622.639579
12632.422066
12608.029746
12632.862496
12608.546941
12657.998497
12619.126304
12645.013643
12632.616945
12632.455601
12633.076092
12660.408128
12632.423477
12632.375890
12619.833682
12620.416229
12619.327137
12649.237178
12621.545388
12661.954736
12646.563897
12646.583394
12621.272035
12620.677819
12660.538291
12621.496279
12610.758971
12646.393062
12645.854971
12649.165517
12648.516568
12632.333779
12632.333312
12645.636716
12631.792414
12645.598498
12632.224596
12632.226340
12672.459956
12621.055237
12621.768596
12648.831668
12636.184751
12648.131791
12612.114483
12663.253189
12633.974817
12635.287573
12686.447040
12649.844647
12591.822201
12628.054513
12723.915942
12680.157241
12664.623940
12679.501833
12679.540028
12673.709990
12652.032648
12660.462005
12663.641154
12674.770873
12660.655876
12673.298300
12692.219691
12691.182413
12692.155801
12691.164208
12672.648241
12685.784459
12683.538978
12645.535302
12646.807333
12639.104218
12651.743310
12668.673109
12637.937884
12627.432724
12668.670828
12661.418818
12649.632465
12633.450927
12661.322262
12624.047904
12634.737658
12662.766995
12667.601310
12638.069963
12650.709381
12668.309351
12626.404929
12668.266871
12635.891398
12648.752124
12658.243182
12636.307010
12649.026157
12648.408181
12626.173511
12663.341882
12674.462492
12649.576285
12657.465418
12659.102278
12660.431160
12661.022969
12660.061265
12701.829161
12703.952441
12649.008187
12636.676728
12710.351926
12660.758409
12664.518639
12674.589182
12672.244173
12662.408885
12649.219176
12650.692866
12649.231583
12625.890687
12638.887864
12639.324163
12639.153546
12660.442261
12659.811285
12652.481120
12676.943174
12682.470969
12682.985380
12667.042247
12682.374483
12681.886782
12666.382938
12679.093255
12694.406511
12721.400862
12720.785707
12710.556399
12650.254936
12660.132886
12690.648433
12690.590049
12659.210155
12672.506138
12658.247828
12694.990531
12700.215980
12682.101176
12683.875483
12673.119012
12697.249098
12695.474368
12696.720734
12694.962721
12686.436266
12696.083629
12695.532031
12723.291388
12713.579895
12683.419094
12694.147120
12650.679508
12710.746606
12699.267907
12709.559052
12708.930939
12710.101453
12660.953573
12679.081228
12678.435970
12671.622964
12712.422170
12676.309949
12690.759341
12690.095707
12674.836903
12671.542099
12672.599870
12685.258485
12705.311891
12704.032234
12713.130967
12704.127383
12703.971479
12674.069275
12662.515855
12661.121244
12701.418821
12670.145487
12658.428336
12647.633931
12686.727219
12702.171029
12662.290335
12699.910603
12633.488739
12648.222783
12660.846337
12678.415632
12636.551384
12678.388760
12671.565369
12650.582436
12662.647738
12679.549230
12638.408970
12679.532078
12638.842794
12667.399276
12667.433059
12673.145219
12657.254353
12672.559549
12679.348553
12680.089571
12680.087977
12638.962408
12663.190573
12651.142076
12691.564253
12677.674710
12678.562154
12677.038049
12686.936457
12686.010047
12686.583717
12703.234128
12736.248596
12714.073671
12697.164334
12685.980929
12697.776159
12685.384438
12712.903500
12747.071610
12749.694335
12738.325249
12750.331130
12732.104459
12744.581192
12657.525405
12652.777086
12670.066661
12670.131894
12622.792137
12671.891990
12676.136891
12632.950155
12647.361002
12632.903880
12633.573705
12659.916337
12656.913551
12646.024506
12647.811200
12643.941421
12631.803507
12633.137236
12649.850790
12635.491323
12622.596251
12627.097431
12635.176843
12653.447664
12620.308393
12649.187125
12621.543827
12656.110153
12662.090993
12620.095605
12620.688901
12621.741076
12597.102098
12622.844962
12663.227634
12624.780196
12650.773403
12651.048656
12635.120097
12631.820977
12636.598714
12635.497965
12646.447507
12624.150337
12645.716183
12624.016698
12609.268855
12631.643105
12622.457963
12667.338754
12667.313106
12660.304550
12659.792820
12647.348425
12647.407436
12602.527146
12647.706060
12620.876186
12620.896345
12632.531414
12621.364191
12658.846729
12631.536199
12632.244307
12633.386104
12646.755788
12649.227833
12647.897485
12626.423579
12636.917870
12637.235801
12621.832047
12636.548340
12637.746437
12631.863122
12637.161527
12637.666616
12664.695180
12649.582027
12647.189189
12650.244052
12649.677568
12648.642025
12651.044038
12661.078217
12647.509599
12646.914312
12624.682952
12623.015440
12635.602162
12699.231396
12734.194412
12612.187522
12646.262749
12646.797742
12667.259788
12667.790984
12648.565709
12678.445590
12678.456964
12647.781704
12657.990217
12633.909977
12647.296207
12625.573975
12649.366569
12679.823059
12679.850345
12626.328191
12700.197279
12690.507177
12714.970601
12749.322546
12715.565132
12750.449839
12665.764897
12647.880159
12647.712930
12645.503559
12660.894903
12636.188714
12680.324045
12637.865518
12648.341863
12648.350484
12673.441594
12660.796195
12649.693564
12659.572970
12661.813002
12673.690585
12649.776873
12695.032526
12634.585303
12633.164386
12670.563474
12647.437331
12640.396390
12668.263346
12659.578339
12644.820662
12634.484500
12635.982262
12644.630407
12646.229808
12647.955069
12636.657984
12687.346372
12633.887323
12674.994366
12687.698680
12646.592102
12649.178549
12648.162417
12654.147223
12705.881070
12647.483751
12654.399966
12665.756183
12648.396447
12645.222616
12689.129319
12647.286066
12647.071226
12660.327917
12634.210970
12649.110770
12660.843170
12672.317685
12637.415073
12676.001076
12636.493169
12641.040744
12659.603581
12647.706672
12648.075568
12626.201166
12647.298553
12646.794494
12660.953838
12647.592538
12659.904319
12649.198819
12638.555016
12659.541515
12658.274341
12676.378735
12719.970456
12702.134737
12700.020320
12675.687052
12694.360864
12648.684679
12668.496729
12660.437228
12659.708558
12672.329031
12647.277063
12659.171296
12679.836795
12661.472338
12673.156125
12661.358001
12672.349542
12647.316298
12664.943176
12646.996511
12664.149908
12647.437643
12675.631014
12636.570178
12665.086672
12648.748536
12673.197766
12673.855544
12673.106120
12634.504943
12645.920506
12645.945174
12635.125165
12661.918352
12646.590414
12645.937122
12635.995224
12637.381671
12636.579681
12646.856186
12652.440340
12689.903425
12658.785196
12658.155852
12634.332281
12634.469831
12622.816845
12621.462407
12636.064633
12677.346397
12657.598190
12646.724421
12659.787731
12661.409425
12660.355705
12658.921827
12691.959428
12659.634970
12646.866291
12646.833431
12660.457746
12636.425966
12609.978764
12610.005900
12646.170193
12645.394116
12645.299646
12630.798152
12645.885386
12635.013826
12635.000508
12635.625974
12622.547372
12637.708912
12637.755828
12637.111231
12637.118987
12634.141491
12610.145780
12647.290537
12665.349555
12626.933471
12651.288168
12687.587133
12626.063901
12658.041259
12625.683914
12647.871419
12674.958568
12632.598903
12658.339363
12678.445279
12660.314861
12668.435780
12667.444995
12705.914161
12662.142612
12662.802976
12659.604744
12704.844806
12635.096170
12646.184553
12635.081978
12647.022262
12646.875557
12688.878290
12673.958807
12688.385356
12678.460838
12647.503671
12693.663359
12693.703660
12682.920833
12705.318121
12706.788369
12706.762277
12705.671921
12694.874202
12681.604393
12668.796543
12705.929582
12696.005627
12715.073559
12716.159771
12739.064279
12680.187060
12680.669573
12689.325483
12665.626461
12658.432625
12634.565364
12657.116730
12645.997495
12648.079285
12646.144303
12675.417611
12673.960211
12678.530580
12665.520383
12665.817345
12666.144117
12745.866692
12650.977287
12638.901525
12679.955314
12673.110514
12689.292335
12675.584049
12671.799367
12690.452908
12646.256951
12682.489835
12634.892927
12635.550110
12635.428361
12650.483066
12663.693951
12680.481996
12669.018095
12668.471545
12625.377396
12662.939129
12697.858777
12698.388147
12696.149665
12660.871585
12699.735628
12646.418183
12662.421493
12667.242662
12680.005539
12664.216473
12648.973658
12673.863898
12680.553983
12674.409257
12681.865730
12681.097760
12664.804226
12674.414711
12681.648067
12660.945887
12667.236089
12660.254129
12667.213473
12678.035918
12691.817751
12696.675792
12649.446928
12653.649837
12639.897851
12647.786269
12734.636859
12683.111478
12712.415737
12683.597646
12638.669898
12654.641157
12638.118059
12639.243570
12638.689485
12648.505518
12613.180737
12635.280159
12677.852301
12624.351085
12662.038163
12650.980629
12649.570057
12659.260660
12666.175043
12665.571593
12650.909295
12650.305112
12660.118186
12667.627405
12667.009911
12637.754567
12669.202390
12669.170991
12660.516468
12647.694660
12678.835448
12651.212023
12679.481723
12679.964099
12651.513672
12644.441957
12644.715148
12633.757324
12653.535544
12687.981876
12635.111381
12636.304612
12672.776777
12722.317146
12637.334627
12653.792167
12636.789315
12635.746686
12635.028865
12637.151424
12624.009891
12649.092581
12649.052531
12623.624153
12637.109781
12649.454236
12631.892660
12662.529995
12636.231723
12644.674070
12634.324260
12636.235505
12637.085730
12637.533150
12623.020463
12623.197866
12645.470792
12645.331933
12659.823086
12646.989119
12662.955383
12634.066479
12636.079277
12662.213174
12634.147337
12633.336353
12644.196331
12662.244390
12644.616627
12634.066566
12635.002247
12643.949501
12661.419997
12644.431568
12633.271282
12644.437290
12662.607052
12633.968478
12630.535665
12631.178888
12629.998456
12679.232629
12671.352320
12671.752383
12660.444090
12671.161904
12623.932024
12672.247090
12659.210167
12657.898944
12669.169710
12646.597314
12661.333896
12647.175438
12656.880730
12649.947239
12660.528998
12647.642693
12635.811096
12636.192533
12599.844234
12657.945051
12609.916319
12622.317097
12622.556056
12620.511041
12647.848720
12635.553449
12642.940279
12633.155655
12633.204315
12643.599791
12645.881689
12655.708432
12656.404194
12646.153139
12657.672668
12656.576893
12619.962597
12679.913938
12646.739947
12660.297590
12646.987935
12632.662871
12622.337703
12621.361373
12644.450083
12643.865131
12633.095252
12643.469527
12643.839089
12643.732401
12659.720066
12634.433042
12634.966998
12634.448935
12651.814977
12661.692181
12621.214859
12620.006365
12610.644390
12632.785909
12633.481731
12650.451049
12625.238605
12635.018742
12637.702811
12625.867793
12599.850037
12625.997994
12599.887688
12600.021922
12636.043847
12624.381125
12608.330079
12609.604938
12624.372556
12626.275592
12648.658007
12663.893096
12652.359901
12659.359533
12632.232347
12635.365035
12636.414246
12636.732330
12632.313078
12650.792324
12637.871338
12615.911641
12647.849692
12624.845099
12652.024685
12648.197734
12661.769085
12664.470910
12659.238996
12677.913336
12632.904143
12631.072195
12633.369214
12675.811581
12620.354732
12620.763263
12635.285597
12675.852956
12690.185339
12632.561593
12620.992671
12632.241629
12631.159614
12633.210451
12634.815097
12632.523761
12620.241187
12632.154883
12632.295447
12619.434998
12630.001605
12632.592549
12643.173798
12654.726920
12619.425719
12621.692999
12633.554468
12633.691347
12619.924416
12630.526928
12620.038951
12688.815943
12647.887288
12633.365471
12631.984665
12610.728567
12600.159006
12634.221750
12669.610925
12669.650079
12598.581943
12598.492194
12650.036951
12649.503363
12620.614993
12611.991317
12621.487558
12621.425887
12620.806020
12619.122556
12608.459377
12621.728009
12620.950955
12620.535846
12609.874588
12622.571205
12619.794270
12619.159665
12619.938303
12610.694238
12620.708946
12620.004626
12622.321598
12623.189328
12636.375598
12638.340077
12671.913803
12725.177246
12642.207251
12628.485915
12636.563888
12647.145199
12631.365513
12708.262357
12694.451674
12693.026694
12679.321411
12644.801593
12677.957516
12644.743028
12679.101230
12639.665887
12634.560808
12638.392769
12679.836104
12649.496875
12639.908518
12656.918601
12645.151942
12677.474317
12651.230593
12651.228202
12677.985635
12634.885183
12646.613697
12621.378689
12646.028103
12646.299342
12658.152030
12670.042831
12662.178856
12659.109994
12633.351807
12647.073616
12659.183021
12647.154882
12646.094767
12636.804242
12642.285184
12657.749389
12646.766345
12645.649499
12634.720294
12634.323083
12658.228699
12650.928233
12647.287883
12623.053610
12676.963524
12650.116328
12692.312298
12689.590654
12692.331310
12689.644284
12648.494244
12662.859437
12649.641495
12675.464338
12650.062386
12698.213690
12649.318726
12610.301931
12611.298370
12600.390142
12624.017812
12624.151032
12635.036049
12634.250494
12613.336446
12611.127738
12686.961282
12647.626530
12648.420129
12624.582069
12621.976560
12642.207930
12624.070215
12612.339796
12645.168389
12621.724645
12621.832125
12624.675919
12609.688417
12635.391334
12635.117501
12621.672640
12620.306249
12638.732988
12658.268883
12627.008256
12658.202921
12638.047308
12600.904558
12615.999053
12637.464382
12644.788257
12620.785198
12610.255280
12643.852303
12658.492135
12699.237411
12648.999313
12649.730847
12610.465694
12620.840750
12631.246540
12623.356956
12620.785141
12644.732815
12633.263981
12620.498070
12633.479446
12647.603515
12647.542481
12635.437028
12614.628062
12630.587056
12633.548990
12624.090009
12658.058621
12634.577850
12675.838138
12633.940324
12656.856883
12623.120195
12623.281401
12623.263530
12646.052985
12628.501318
12636.531387
12635.224855
12645.888958
12646.954269
12624.946094
12623.281452
12660.715258
12649.279846
12637.583268
12660.254323
12649.596231
12634.806497
12634.424795
12623.055376
12656.685143
12674.291810
12656.726764
12638.548160
12658.238216
12648.865193
12649.288838
12636.801078
12637.303609
12647.888824
12657.420534
12674.443948
12659.204208
12650.976129
12663.002042
12680.515547
12638.816206
12680.511278
12651.828555
12647.161720
12638.029100
12647.071214
12698.054390
12648.785873
12660.062102
12647.019881
12655.734229
12675.284661
12634.693049
12622.800545
12612.831445
12622.772259
12673.437383
12658.042559
12622.107369
12634.916802
12620.848050
12645.573086
12661.395486
12645.616160
12692.037554
12679.540064
12680.241316
12679.537235
12650.107744
12648.003483
12644.588151
12644.493513
12647.186369
12626.957882
12630.097225
12620.231865
12645.669642
12645.454360
12634.124458
12619.140187
12644.162762
12672.601686
12643.041852
12632.120143
12645.175098
12644.966377
12644.329252
12633.592267
12609.227428
12662.586017
12631.547242
12632.750336
12685.238976
12633.381448
12699.893507
12631.414451
12672.726493
12644.930742
12655.671071
12662.081064
12622.100189
12675.972091
12634.937679
12621.555687
12647.952761
12610.783848
12633.921001
12642.127213
12631.535591
12641.564142
12610.647779
12610.112916
12620.321429
12623.297594
12655.238609
12621.188863
12631.786659
12657.129935
12629.033293
12628.962740
12631.589902
12631.783936
12643.837738
12633.544117
12631.551867
12621.775783
12669.172786
12639.734517
12668.688391
12680.068287
12680.629276
12726.622404
12707.979907
12733.081507
12648.679231
12687.328189
12650.040186
12682.826856
12696.589268
12697.650247
12662.424465
12647.569388
12662.034938
12646.902360
12678.897204
12679.482648
12645.797914
12634.826488
12666.086813
12681.952611
12683.014144
12661.049593
12674.243226
12689.614480
12690.068347
12680.731392
12636.900758
12673.907810
12663.924355
12650.568873
12681.273928
12652.316020
12680.773825
12674.522324
12657.264353
12648.031306
12635.545679
12647.082514
12636.542672
12685.204008
12677.587107
12664.124888
12691.480555
12692.024177
12664.485772
12665.006885
12649.940740
12681.196405
12652.882390
12680.711953
12709.056296
12726.098927
12708.517917
12647.049944
12649.223512
12737.990000
12788.290243
12650.012483
12596.998230
12608.327712
12609.139981
12610.944348
12632.937766
12597.782247
12632.306650
12621.140594
12650.714521
12650.092670
12619.921411
12632.326231
12609.306108
12664.478379
12666.670698
12632.754164
12643.267953
12609.559990
12643.547726
12599.458372
12634.029527
12632.330453
12610.013935
12633.940803
12589.370621
12633.354385
12632.522938
12632.515819
12645.659320
12619.429113
12655.535957
12621.775853
12656.011020
12634.308998
12655.771034
12643.948634
12655.751387
12621.018893
12631.587656
12632.271834
12655.097521
12631.523154
12630.701515
12630.756824
12619.946607
12630.880843
12644.751158
12631.590980
12619.955074
12654.096773
12643.931195
12630.100122
12654.195764
12629.356066
12653.178792
12631.756917
12628.595123
12630.903234
12618.841368
12628.230441
12631.221270
12631.480332
12608.791554
12631.220989
12629.354493
12643.461021
12631.721621
12619.300561
12633.937949
12633.686038
12632.352996
12650.212744
12625.055069
12634.989526
12608.765181
12621.624423
12610.951098
12599.323062
12589.287828
12633.949077
12611.720716
12599.323347
12624.352301
12622.000510
12625.317165
12611.681790
12645.234793
12611.663255
12662.365776
12622.273315
12622.958226
12645.700691
12667.266033
12646.837935
12646.797859
12647.058118
12622.865109
12622.653761
12633.046973
12657.458796
12660.687845
12635.940367
12609.082360
12637.489225
12607.866084
12609.097411
12646.871318
12673.138138
12622.795543
12633.939831
12623.313783
12634.395813
12662.715422
12647.923868
12662.902386
12657.921782
12618.879251
12619.246059
12618.630955
12619.910643
12618.055955
12611.739002
12632.525092
12637.409863
12626.426152
12633.750251
12647.116301
12661.296526
12637.292141
12661.267872
12687.491105
12647.733210
12647.659037
12647.271328
12663.236054
12620.365900
12620.987619
12635.898857
12624.213731
12636.247682
12646.383917
12647.184287
12700.847631
12635.006496
12634.861534
12645.733452
12681.843686
12634.348557
12635.568132
12625.460475
12672.521289
12661.952697
12637.053470
12652.128435
12652.996488
12622.586107
12636.080495
12651.676620
12651.512154
12632.087339
12684.851682
12632.797300
12631.543596
12645.798685
12624.390935
12645.482741
12644.050714
12663.208279
12625.531771
12648.272677
12649.553944
12651.484155
12640.033957
12633.451976
12633.531283
12633.775450
12620.634588
12632.659637
12667.965436
12658.192783
12661.654248
12675.557764
12662.716354
12640.442582
12653.032838
12612.662208
12614.140511
12664.677580
12646.970884
12635.811717
12646.972813
12608.959480
12658.047962
12621.944561
12631.898037
12661.188891
12633.232890
12636.163254
12634.094812
12650.970829
12651.394517
12651.523972
12649.468602
12610.554947
12689.355488
12662.808987
12677.809713
12666.341949
12667.366530
12621.487165
12622.068608
12612.469259
12611.737574
12601.739345
12612.280326
12633.118576
12621.934618
12623.500273
12622.910155
12623.828473
12608.660615
12607.774617
12611.301489
12622.337015
12662.969038
12644.865937
12634.795046
12646.377105
12620.035477
12621.536596
12631.444987
12660.619803
12632.749986
12612.893715
12622.936771
12610.945748
12645.501276
12622.397514
12623.818135
12643.796671
12634.041181
12649.771647
12643.779562
12650.477075
12639.231697
12650.897292
12610.164107
12645.307023
12639.616563
12650.110143
12659.521483
12633.565711
12661.685864
12647.759609
12646.985607
12645.724717
12631.617560
12621.470973
12631.409293
12632.700535
12609.987402
12622.516901
12622.817182
12623.223312
12646.213232
12640.641345
12665.510193
12638.016006
12647.947545
12621.771100
12621.498504
12609.242136
12618.576638
12619.526067
12660.755271
12660.707654
12611.319720
12622.292411
12599.854145
12637.256846
12622.535980
12637.167289
12634.135647
12636.592802
12637.777281
12626.467015
12664.202014
12637.716681
12608.361911
12644.576941
12635.430845
12619.119911
12659.128633
12644.951838
12619.422647
12644.026905
12630.534451
12663.046754
12635.628476
12621.453760
12655.263654
12649.881978
12663.004920
12649.765036
12644.716895
12646.489860
12651.224342
12652.335608
12650.427841
12661.647123
12650.467880
12674.151534
12660.089172
12673.242234
12657.040362
12673.890859
12662.179809
12654.473058
12664.410270
12653.782966
12666.149595
12632.314384
12669.092257
12648.150358
12668.634676
12679.201347
12634.323231
12635.086171
12675.256842
12647.404680
12645.205783
12658.738687
12648.170597
12674.631698
12636.140641
12657.373739
12666.690855
12674.347047
12664.788749
12679.288186
12663.303488
12670.750238
12637.013561
12672.554878
12639.800587
12622.685821
12664.080081
12624.809767
12646.904837
12647.164171
12636.673285
12671.262948
12650.779194
12663.989035
12662.866207
12669.724097
12608.425028
12622.559379
12598.433963
12633.615384
12608.417890
12607.771647
12621.307945
12597.904098
12633.062901
12661.137494
12661.681843
12705.795915
12683.736822
12646.954649
12646.811137
12631.662312
12634.030279
12646.435640
12645.502878
12647.561153
12647.453987
12678.483699
12675.257701
12665.815443
12665.580018
12678.563284
12665.964964
12662.567678
12668.258936
12685.651383
12675.760115
12646.764553
12634.694326
12647.535796
12633.436962
12632.946699
12669.148475
12648.231038
12619.293549
12621.103864
12648.268291
12619.777829
12619.890170
12633.432730
12633.311914
12619.227147
12619.973227
12648.192790
12648.184839
12619.153582
12633.290970
12611.472157
12598.936805
12609.511624
12633.350851
12609.622357
12609.782821
12610.392712
12609.205892
12633.134347
12608.554246
12598.006654
12622.869385
12611.850582
12634.238023
12598.495051
12623.538997
12634.209360
12598.494647
12622.817438
12609.075249
12662.080981
12632.980212
12632.467290
12597.283787
12597.247595
12667.211615
12656.577038
12656.647884
12619.646239
12677.936400
12664.169097
12677.327768
12609.613240
12607.828838
12631.713331
12610.341927
12632.243348
12655.591445
12618.091153
12666.635648
12619.409075
12619.304883
12655.628973
12656.174373
12620.015369
12619.150159
12651.229740
12653.435157
12636.872274
12672.500947
12636.367222
12664.608383
12634.654394
12633.516468
12653.656732
12652.951187
12632.828388
12633.341843
12647.563842
12632.890818
12634.172950
12674.969881
12645.629099
12622.999594
12666.821691
12609.345860
12609.825610
12609.222438
12647.953799
12609.151308
12621.273265
12632.359105
12622.697171
12631.309983
12644.189845
12610.420066
12655.478010
12630.387652
12620.295167
12621.080101
12636.562815
12648.880044
12649.170064
12632.301863
12630.907232
12635.451182
12633.497554
12655.728592
12620.405125
12631.800838
12634.297430
12633.476557
12624.340166
12625.115519
12730.494396
12654.154753
12664.640924
12609.912045
12599.959281
12611.100871
12611.628307
12650.330907
12649.345305
12612.278564
12610.680946
12633.855762
12612.042117
12599.063528
12598.402469
12648.331800
12647.748487
12653.532986
12638.193157
12634.311417
12659.914516
12634.555834
12680.886325
12668.143361
12648.740086
12639.210102
12597.065240
12597.722922
12610.575518
12609.216007
12698.911478
12684.390355
12695.599335
12697.842266
12674.875454
12674.890817
12674.875894
12699.873961
12697.596189
12697.624192
12699.888741
12699.888434
12697.638252
12697.595050
12673.571729
12673.586232
12704.545770
12646.515093
12658.145967
12621.457077
12676.747096
12645.479802
12672.688758
12659.581800
12645.721206
12646.650023
12646.618961
12675.537333
12689.230867
12689.250074
12644.519479
12662.704252
12647.931588
12679.157240
12647.488064
12647.455431
12646.836769
12636.555141
12626.627184
12679.141388
12647.406548
12647.461817
12610.720286
12638.258656
12610.739388
12658.516998
12648.191868
12637.120391
12659.692492
12622.136060
12625.691836
12677.146263
12622.161539
12659.265872
12648.714688
12658.219505
12658.604000
12675.490380
12625.818381
12634.198924
12697.597900
12697.640262
12699.833435
12697.595999
12654.578259
12665.054311
12667.335638
12704.526052
12705.676024
12673.572917
12687.659805
12647.863258
12608.996622
12610.096810
12648.489195
12609.135946
12610.338611
12609.108857
12635.614111
12623.378813
12636.156732
12623.817201
12623.265306
12620.492569
12619.815226
12621.316611
12634.145257
12624.062091
12644.505194
12637.134569
12612.463254
12623.168037
12635.030857
12634.202596
12645.071616
12646.579914
12636.408478
12626.019097
12659.024065
12656.907406
12658.549458
12622.758735
12620.238802
12622.491044
12620.864679
12631.154788
12624.223476
12621.274182
12634.806447
12626.042949
12625.268467
12687.633629
12687.592951
12648.484001
12609.260668
12610.433282
12610.325029
12609.238915
12619.339721
12618.818140
12618.792474
12634.276641
12636.195499
12674.886481
12597.608879
12638.686760
12666.846812
12655.104678
12611.208716
12598.606847
12688.919079
12621.562581
12636.143937
12636.094342
12663.693892
12623.373815
12646.507681
12635.696856
12636.620049
12636.811350
12621.693275
12631.774990
12659.394454
12633.586925
12672.525005
12622.993434
12623.618342
12633.445783
12631.625179
12623.851559
12624.085315
12644.708552
12634.349017
12623.378597
12643.417367
12635.311979
12645.390610
12663.388644
12623.011924
12638.813827
12637.594090
12622.877029
12623.459480
12674.755891
12635.777037
12625.380575
12635.812561
12661.442527
12658.785177
12634.103566
12611.308911
12620.970340
12644.828562
12622.232754
12622.144233
12637.307386
12637.743824
12652.053096
12632.219153
12647.743474
12673.548064
12664.258825
12639.179752
12640.217165
12661.730341
12673.519151
12645.976483
12678.342225
12645.047068
12634.984578
12638.711985
12639.706605
12661.236224
12680.074174
12625.163512
12626.218072
12646.892349
12636.515975
12649.306891
12640.470603
12622.608667
12627.242370
12616.839067
12651.287264
12638.827200
12684.079318
12669.891363
12669.354819
12640.531327
12639.081881
12651.552343
12668.903800
12669.463331
12662.410099
12649.295663
12632.753250
12637.661482
12668.237614
12668.212591
12637.780242
12668.028068
12635.093420
12668.534772
12638.059182
12637.401553
12722.639779
12700.661255
12683.566637
12650.700350
12672.202308
12646.877121
12678.194433
12678.171878
12690.604216
12691.768903
12717.203787
12706.461361
12673.060203
12648.303438
12678.994433
12678.990291
12734.221721
12678.624090
12698.812238
12698.320238
12650.608619
12649.443061
12650.245525
12679.873942
12679.978467
12679.852039
12680.047464
12634.550969
12634.738138
12622.868338
12622.641138
12633.492333
12633.809471
12643.945919
12675.288906
12656.420443
12645.041811
12633.853929
12622.895655
12645.579415
12645.374666
12646.321743
12633.878011
12622.906727
12655.508482
12633.934997
12634.197095
12611.497212
12634.755143
12656.573770
12633.616582
12632.588595
12632.077316
12686.324209
12641.545707
12658.913912
12632.405401
12643.833031
12656.549270
12643.652900
12643.757717
12643.311179
12646.924291
12646.628331
12644.871474
12660.387211
12644.711742
12643.275931
12633.705208
12623.106678
12674.454809
12645.177266
12645.463015
12639.880782
12611.858299
12636.193671
12638.778066
12710.298574
12659.822600
12660.596934
12662.045239
12659.183975
12673.212804
12634.944054
12623.926143
12636.037413
12636.646619
12647.697454
12636.799530
12612.453475
12648.785046
12676.805086
12625.754468
12649.039902
12620.866799
12634.828375
12644.107100
12623.964537
12649.648814
12634.613545
12621.143993
12609.715554
12623.700749
12637.544003
12612.765059
12664.956585
12663.541181
12677.142211
12677.674264
12646.831540
12611.040397
12627.116701
12611.083290
12647.459530
12647.482424
12621.836853
12646.898501
12610.951998
12647.483136
12658.082397
12637.278139
12623.611112
12657.784948
12675.001830
12644.707567
12659.223583
12622.928231
12648.225964
12633.227153
12634.220766
12658.682678
12622.816150
12637.118800
12646.094923
12658.659625
12647.610659
12662.477480
12649.340647
12646.158492
12638.486676
12668.416863
12637.732437
12668.441880
12664.003425
12671.231655
12678.771071
12677.676374
12649.064559
12636.488541
12679.628322
12665.594037
12673.087384
12679.973314
12679.351769
12671.727974
12672.640255
12680.102632
12679.478618
12662.385087
12649.058004
12689.338618
12676.711610
12706.925519
12706.932210
12670.933421
12659.633751
12678.197744
12677.079383
12646.089267
12644.600640
12657.195295
12657.712549
12636.752009
12667.881691
12667.947457
12637.673157
12637.944291
12643.967526
12638.106967
12647.208041
12651.769183
12674.276818
12634.059687
12637.429125
12615.515340
12600.576365
12637.521638
12610.937486
12653.272994
12637.010844
12668.769260
12668.779272
12677.054033
12648.842491
12658.338948
12665.122360
12633.841406
12698.210834
12659.601932
12658.892515
12620.214548
12619.909439
12674.004815
12629.909049
12656.308262
12630.858446
12646.156209
12634.970011
12644.431886
12632.453703
12699.272235
12658.693239
12635.851986
12661.309141
12639.643616
12631.692726
12654.587226
12645.662720
12620.842321
12630.821513
12632.445741
12645.347916
12633.934993
12635.383385
12645.901249
12688.847044
12678.219488
12645.562571
12620.549797
12674.244754
12630.661238
12633.646686
12634.501452
12647.040927
12635.835657
12632.475130
12624.014415
12622.304596
12638.183373
12648.091420
12648.860261
12698.346585
12679.195902
12679.127226
12692.547275
12607.618406
12667.821620
12666.700014
12659.724133
12667.348014
12666.829916
12660.345687
12710.135492
12708.780245
12707.147600
12707.112432
12648.172699
12650.014343
12632.748993
12648.653702
12612.095031
12650.384391
12666.093470
12637.620387
12676.863370
12635.937811
12635.157656
12636.519691
12659.002629
12662.017968
12660.277567
12633.296946
12632.130976
12656.224744
12645.118223
12633.091990
12658.934650
12657.574082
12634.293877
12687.044104
12643.271974
12686.892060
12632.424295
12655.836913
12669.441598
12644.957622
12636.124323
12675.462527
12622.995999
12647.580615
12644.313779
12620.264335
12630.151136
12633.271062
12647.514676
12647.499267
12686.951527
12634.029938
12622.071320
12645.593343
12634.473842
12631.882382
12631.961355
12619.165006
12658.589232
12672.969134
12660.754727
12609.248360
12678.890363
12677.770457
12664.013948
12691.159072
12704.682830
12691.142754
12704.674734
12684.235006
12672.499596
12657.002815
12671.327972
12684.493127
12661.280060
12648.339698
12647.738653
12687.832494
12714.195662
12660.417166
12670.349614
12665.328259
12637.322606
12660.955061
12662.239175
12662.091401
12708.830175
12688.220755
12648.503865
12650.112440
12646.202026
12649.225557
12676.998028
12676.958234
12659.181460
12637.632820
12678.785729
12678.854517
12697.552725
12697.033041
12716.016972
12698.181364
12726.802273
12697.669359
12726.330696
12661.819331
12667.940208
12667.486964
12624.474159
12682.287320
12667.436972
12682.899563
12635.379928
12636.347272
12662.348158
12660.776930
12659.847329
12648.122087
12662.173115
12649.601187
12690.066665
12691.724369
12674.017724
12648.658777
12688.864114
12686.006979
12686.704149
12682.825203
12702.519234
12684.566741
12700.424454
12690.116239
12699.785669
12646.049761
12656.694767
12664.706841
12663.296807
12650.960943
12660.938689
12731.315189
12730.791975
12660.979209
12648.826635
12647.878404
12633.723166
12643.040336
12676.485698
12676.013208
12657.898362
12656.711814
12660.204425
12656.368878
12701.195049
12658.800753
12648.682392
12658.046200
12658.843605
12688.720004
12689.238729
12645.428349
12648.635989
12637.231882
12676.812434
12676.831367
12702.496829
12702.515903
12700.577149
12656.207119
12645.351882
12646.424878
12657.171449
12665.715490
12665.717980
12666.582094
12666.603277
12671.244354
12622.179026
12610.767133
12622.691973
12621.329457
12636.208900
12635.278120
12609.088882
12621.729965
12672.102335
12658.976990
12651.581721
12625.925388
12636.779646
12646.558587
12652.141921
12661.279443
12705.084181
12649.165380
12664.389498
12637.061644
12614.689270
12613.383283
12612.781790
12636.477706
12635.829714
12661.406477
12722.529327
12705.055995
12645.761811
12645.095263
12646.568317
12645.303890
12660.305246
12631.886192
12633.278676
12633.050997
12663.617509
12634.352748
12622.228960
12629.854970
12656.260884
12646.359313
12632.832222
12646.712410
12620.458064
12630.938532
12633.455505
12636.265796
12614.325555
12648.783502
12647.624525
12646.177022
12686.572804
12661.971423
12659.145663
12632.820132
12633.326029
12731.721666
12678.287839
12678.307145
12690.531361
12693.104987
12690.518127
12692.547145
12690.504876
12677.607127
12662.171510
12667.970400
12667.930664
12636.145652
12646.652087
12715.831016
12685.999806
12645.894100
12618.861061
12644.762131
12618.772946
12662.208772
12643.560930
12609.869462
12630.431315
12645.865701
12645.906194
12620.511267
12632.169982
12632.906367
12674.562881
12656.889375
12646.800591
12646.521765
12620.542154
12633.765630
12674.122320
12654.995717
12621.804007
12634.058713
12632.939785
12631.475849
12659.952633
12656.274900
12632.847027
12648.713816
12647.552639
12716.193741
12687.622066
12621.606644
12664.069662
12636.189669
12613.400850
12661.465031
12672.462106
12659.147947
12643.952525
12685.787703
12667.434693
12656.897181
12647.239843
12633.119683
12646.677907
12645.738183
12634.710062
12679.820535
12679.262191
12672.364588
12660.159075
12698.128072
12698.141243
12736.892860
12694.676540
12671.476713
12648.755500
12661.923900
12735.701171
12698.125693
12651.886938
12666.936320
12650.599373
12661.312298
12672.578782
12660.637587
12730.289360
12703.589723
12702.439361
12729.038614
12681.847661
12682.407586
12696.148947
12702.434541
12702.440620
12651.457299
12623.566901
12623.533979
12687.074971
12687.089539
12687.104506
12675.052645
12662.418687
12663.698311
12612.451006
12645.104681
12659.650028
12637.396606
12615.517879
12647.317851
12661.116716
12661.470600
12634.082595
12659.357825
12634.610040
12658.765855
12667.385716
12652.429716
12640.649115
12655.424269
12634.555706
12655.570456
12647.959560
12645.420159
12634.653090
12656.889390
12649.929269
12661.535161
12722.388829
12636.488147
12633.732413
12653.899640
12621.225052
12634.734716
12611.786561
12638.525181
12625.746930
12626.573852
12632.031643
12632.730652
12674.950252
12637.458881
12650.902194
12612.818844
12670.105838
12636.089828
12645.876878
12619.912245
12621.421777
12635.477028
12645.261191
12766.971208
12736.122595
12755.285035
12738.480909
12661.041572
12653.555725
12636.771537
12636.109323
12650.764512
12661.845986
12649.541968
12660.502611
12635.212022
12633.998509
12648.923269
12647.899868
12660.246367
12649.441441
12635.105939
12633.881168
12648.825195
12647.803954
12659.780599
12658.897046
12649.258964
12658.162091
12687.850963
12658.173953
12658.956314
12660.313217
12659.502739
12658.767315
12688.458953
12632.113160
12633.451090
12648.730911
12646.496127
12620.234216
12634.328322
12633.853743
12656.168564
12648.311123
12624.505015
12635.879120
12664.508648
12646.160034
12659.624446
12673.528122
12701.246421
12700.834459
12706.051018
12685.226786
12678.503931
12664.309831
12677.826426
12666.299487
12680.716296
12631.669156
12608.245601
12632.333704
12608.336801
12619.792610
12619.195082
12607.150679
12608.612119
12607.768823
12631.794631
12631.710316
12632.318044
12632.711061
12632.321532
12632.356833
12609.205596
12631.388615
12606.364949
12607.674263
12609.757279
12610.372669
12633.414203
12669.035575
12647.617340
12627.206461
12646.750829
12668.047897
12635.996088
12668.091107
12647.618019
12660.774129
12661.338218
12620.740378
12634.964939
12610.799964
12623.980456
12636.417881
12635.825024
12661.978982
12637.596690
12650.437523
12632.783278
12632.745917
12673.022011
12658.612585
12637.204907
12647.677160
12633.105412
12646.193815
12623.166934
12635.101694
12673.550003
12633.555076
12645.575820
12654.826947
12714.272160
12647.524156
12647.046319
12685.921834
12659.190472
12648.437388
12699.219884
12651.966100
12650.664017
12653.022659
12673.893404
12646.695198
12646.662520
12662.203141
12646.451669
12672.494066
12668.695531
12686.971393
12646.758273
12717.494857
12686.168313
12647.064860
12634.686916
12657.756600
12657.479530
12657.827087
12644.780588
12657.756383
12659.668360
12656.177320
12645.643759
12644.597832
12646.029962
12661.143528
12657.926693
12668.383986
12657.555329
12657.361585
12658.692524
12661.496963
12657.251656
12625.830652
12657.292165
12637.453120
12650.615541
12656.906150
12627.236851
12637.452475
12646.672179
12668.177692
12626.793781
12668.220413
12638.415382
12651.110759
12632.698600
12672.546807
12623.980100
12623.934698
12667.686679
12667.230535
12660.108643
12677.713158
12677.732517
12718.878023
12718.943093
12633.373520
12623.990370
12633.954542
12643.268528
12687.485624
12635.832385
12635.824498
12644.203115
12649.650340
12620.559227
12631.369595
12659.596510
12636.419714
12636.528496
12634.703461
12613.970904
12649.176262
12637.717472
12647.043197
12662.047085
12650.374440
12648.581338
12660.303652
12649.592627
12647.053022
12647.748613
12659.104967
12683.922027
12688.978713
12688.460183
12648.052440
12675.167498
12678.461837
12678.971991
12633.908105
12677.677581
12631.411642
12658.580948
12666.896666
12635.018513
12666.936931
12631.988713
12646.685104
12659.793240
12638.550651
12627.028394
12648.904387
12658.882733
12648.898048
12648.838471
12648.814573
12717.633412
12687.767465
12647.572778
12673.889253
12662.647531
12659.901787
12660.426829
12662.454138
12663.103289
12661.511140
12644.510082
12650.249752
12661.266611
12661.221140
12659.799904
12691.014733
12690.386664
12689.676518
12692.213346
12691.485342
12689.692917
12673.583632
12659.449528
12672.103414
12655.678835
12644.011845
12655.045417
12709.547002
12647.828919
12702.914191
12659.060038
12662.027763
12648.313428
12657.361850
12660.334899
12650.680819
12636.172186
12666.879587
12667.463859
12659.308645
12651.394898
12650.361263
12667.708229
12668.311136
12660.108387
12646.004054
12658.048354
12651.523579
12663.353496
12664.833604
12685.995287
12646.287885
12674.965905
12656.719941
12646.786015
12624.510951
12670.413979
12690.555540
12680.327777
12694.374275
12686.446849
12703.383232
12694.455387
12685.344894
12702.725903
12736.001914
12736.515223
12683.671974
12687.076070
12685.970797
12711.006591
12693.163640
12692.853522
12692.907015
12623.733834
12623.092492
12671.101805
12632.995052
12673.792561
12633.755079
12631.538114
12643.384697
12620.845971
12634.629523
12610.364613
12632.350977
12630.893797
12633.558196
12644.002838
12622.505185
12600.272199
12634.034845
12633.492612
12611.012213
12612.179659
12636.039534
12638.945747
12650.003427
12635.438695
12622.288705
12611.919062
12610.257813
12644.963528
12634.073194
12611.954893
12608.556160
12610.094842
12622.453588
12599.257759
12610.174863
12610.103571
12620.775046
12620.264023
12620.063659
12618.916821
12620.254192
12619.429920
12620.568137
12609.782550
12648.017043
12610.356208
12625.141705
12589.201278
12599.243685
12609.768920
12610.962780
12622.145717
12610.795469
12610.919284
12639.367886
12638.699092
12600.785914
12600.538316
12610.102903
12610.624825
12609.859278
12646.126946
12609.324188
12609.332208
12637.209834
12646.516589
12635.196974
12635.239760
12622.641326
12623.202275
12622.614997
12651.554267
12678.405701
12666.353171
12679.163232
12674.758294
12689.528932
12652.127625
12662.176805
12637.127922
12637.109951
12648.349955
12619.376209
12648.305583
12619.451574
12648.850370
12613.827044
12612.613893
12648.844294
12611.370055
12610.113486
12634.221277
12638.957685
12654.733251
12656.279083
12679.999342
12647.246086
12632.270833
12650.703433
12650.118727
12632.302025
12650.668831
12665.692655
12667.812858
12664.416781
12675.556305
12678.352576
12620.626246
12621.685393
12620.082095
12619.745052
12652.156193
12623.184825
12633.769180
12645.825522
12621.827126
12646.616744
12646.323849
12623.790786
12610.680469
12620.373271
12624.306550
12645.982160
12634.705119
12635.510397
12635.151108
12634.308266
12658.397954
12631.590228
12622.865256
12632.359214
12662.994247
12621.404798
12621.408618
12623.391409
12673.670549
12663.875576
12662.907683
12635.183547
12635.520540
12652.558755
12676.986034
12674.760295
12673.803044
12673.876297
12679.246903
12676.153149
12687.699719
12663.759900
12666.901756
12662.312133
12661.711224
12650.114356
12656.469873
12663.871280
12664.040651
12670.884253
12622.269545
12639.446664
12622.230991
12646.625577
12636.160360
12661.921148
12648.410553
12631.625994
12658.285058
12631.026565
12633.166084
12632.886665
12633.115841
12625.328939
12624.367241
12650.366066
12622.532617
12669.711313
12658.899514
12634.869400
12661.075999
12659.509102
12702.869439
12675.598279
12672.349969
12645.847957
12646.392777
12610.016379
12646.437444
12610.099463
12668.585616
12634.742462
12633.577165
12633.577001
12672.066324
12668.491700
12657.608654
12661.012891
12643.120822
12633.139676
12633.282954
12620.005527
12641.837066
12610.708788
12646.190711
12611.307631
12611.182269
12647.045371
12612.436826
12612.341414
12650.846829
12623.726850
12624.038466
12632.948781
12650.291134
12687.935652
12636.696096
12637.933629
12662.607779
12650.956594
12650.203264
12662.231748
12648.453096
12661.108363
12650.581980
12653.710906
12677.951159
12680.055971
12679.917876
12665.559859
12647.917924
12658.491163
12659.069327
12610.511060
12621.504360
12622.473392
12656.914423
12624.152620
12623.702624
12647.464301
12673.905546
12634.354998
12634.081749
12623.562760
12608.674671
12623.058575
12633.876785
12623.753614
12623.998598
12623.060922
12644.270703
12647.319231
12633.481987
12647.474559
12631.992643
12609.511073
12611.052922
12636.395394
12611.349935
12611.647474
12700.901847
12689.489232
12686.427676
12686.441933
12700.872695
12689.472972
12634.757520
12674.082795
12673.308612
12635.773784
12622.136390
12658.699030
12635.295384
12636.263293
12624.879014
12634.271917
12626.023256
12648.241468
12634.344297
12636.665240
12626.087996
12683.888436
12650.645504
12657.738719
12662.288002
12667.978801
12662.891040
12664.368525
12659.725558
12637.960919
12635.571770
12676.495696
12666.502976
12663.714326
12717.634758
12705.232558
12694.603861
12695.510502
12697.925167
12664.347308
12683.283719
12665.358509
12660.991561
12635.403113
12635.376030
12649.037803
12646.366458
12634.827843
12653.681277
12667.421601
12649.924872
12640.393425
12654.256568
12682.789543
12683.326867
12675.998326
12675.537410
12648.989560
12633.991466
12647.092236
12633.658243
12635.141966
12635.980022
12633.149084
12634.360986
12674.370979
12675.105352
12665.683054
12662.405616
12631.896038
12633.135766
12662.208149
12670.629528
12633.700786
12669.444180
12636.329098
12635.407870
12639.697095
12627.393735
12638.789094
12627.435742
12634.719485
12635.439342
12662.659182
12659.928047
12652.764556
12637.327507
12638.403588
12622.530945
12623.757407
12663.563771
12636.001997
12635.346410
12639.432193
12651.123260
12611.876959
12613.118058
12602.477505
12641.978699
12649.634330
12714.498820
12694.278280
12701.498070
12704.368162
12659.690879
12683.195790
12686.739664
12658.233297
12637.630185
12658.716165
12649.038071
12691.843801
12701.998631
12691.905288
12659.828052
12660.642125
12673.305467
12690.237148
12687.883372
12688.596201
12696.036228
12709.070273
12684.779700
12698.434824
12702.237027
12715.073690
12711.603681
12712.357651
12698.581483
12702.054072
12697.633767
12718.357515
12752.051189
12699.320583
12620.397705
12621.586266
12644.426612
12621.049121
12620.991064
12621.918143
12634.076548
12631.205016
12608.445201
12626.208440
12627.126265
12621.943625
12648.164399
12650.550727
12646.569593
12635.156145
12658.565263
12645.773925
12646.306174
12646.491688
12623.304508
12633.122100
12622.726900
12646.293166
12643.034586
12644.351683
12623.491179
12634.300717
12632.933016
12661.691045
12623.981559
12664.702647
12637.528409
12662.959588
12624.994744
12650.715275
12662.319051
12698.580176
12649.590958
12652.682339
12662.746954
12648.991382
12638.848996
12647.827928
12647.618097
12664.597369
12652.807503
12647.728972
12653.256575
12666.362522
12682.194674
12680.198465
12693.893899
12682.148360
12680.685952
12621.024139
12621.673618
12637.169221
12636.353796
12646.405412
12635.534370
12636.480183
12635.064822
12651.459528
12658.859959
12661.691825
12662.419000
12659.814501
12664.867921
12679.384458
12658.276945
12661.732268
12661.968259
12636.354380
12634.873661
12634.232159
12638.869628
12649.595150
12726.589890
12673.326925
12683.392914
12686.981288
12697.602105
12740.808665
12719.430101
12717.696901
12699.773013
12696.921756
12646.840575
12648.634444
12648.445494
12660.468764
12674.201473
12661.535661
12649.697586
12659.582365
12695.784179
12650.553303
12660.427120
12687.585667
12646.163202
12648.235403
12633.235965
12648.205461
12647.853054
12634.883464
12635.412973
12625.143905
12657.507617
12625.537717
12675.415064
12658.344984
12665.887578
12649.492393
12674.726461
12635.130588
12674.688825
12674.632200
12677.087094
12647.049702
12642.368508
12632.486750
12632.972652
12620.548173
12634.834492
12633.469623
12620.798068
12631.502037
12645.009930
12656.357269
12631.324574
12619.873868
12609.888437
12653.686916
12654.122050
12638.226544
12677.847274
12626.253592
12653.003967
12653.922504
12649.764832
12623.961492
12646.017001
12672.496758
12655.407560
12676.273693
12685.638072
12647.960894
12637.192610
12646.639543
12653.028516
12635.184764
12633.239855
12638.069979
12620.633077
12634.077811
12635.618435
12651.334989
12645.227335
12645.882214
12645.191261
12640.352735
12659.100845
12630.027257
12632.165069
12631.492273
12634.606222
12632.791955
12630.882451
12620.890434
12645.129689
12630.843262
12615.006629
12624.549634
12646.738876
12645.311271
12621.853929
12633.717600
12621.438546
12635.010271
12611.020252
12610.692602
12634.957785
12620.117919
12621.437462
12620.871871
12662.558155
12659.616672
12661.181543
12663.207941
12648.268227
12622.710609
12658.166952
12666.034047
12661.529590
12654.035177
12622.540556
12620.758596
12622.644642
12621.419808
12655.891851
12654.136112
12667.020350
12687.306200
12634.640594
12610.412356
12609.307197
12648.397900
12656.665639
12647.912252
12632.519458
12633.235604
12632.724266
12637.545216
12660.438099
12651.778299
12609.939460
12622.005261
12631.765138
12623.792757
12633.579453
12648.688787
12622.683200
12638.041407
12649.858582
12623.058832
12612.665903
12660.460726
12646.402227
12611.423012
12622.156508
12620.899063
12646.943671
12610.898260
12646.876753
12645.044328
12621.757088
12599.169508
12622.298645
12646.824592
12621.692292
12672.424415
12620.577149
12621.223211
12620.004971
12633.038021
12633.098393
12686.808484
12645.513016
12645.434423
12645.398470
12647.498129
12648.254313
12622.551931
12633.325529
12634.671205
12621.147124
12633.205860
12662.089425
12659.986871
12670.262271
12638.387731
12637.971284
12622.968777
12633.720101
12635.066934
12671.320032
12675.122995
12649.132717
12648.072249
12655.320202
12645.983900
12649.195009
12650.130725
12649.960000
12649.705590
12647.484035
12648.340612
12701.078054
12723.488072
12673.633045
12673.145864
12680.453319
12680.454539
12647.892464
12638.134237
12648.652334
12641.781766
12652.138163
12665.884787
12674.288451
12701.169292
12701.537728
12702.097697
12696.999699
12726.175339
12610.014488
12664.106167
12637.247845
12625.826409
12612.400536
12600.291647
12610.128058
12661.946447
12676.329053
12637.013212
12663.064259
12636.142898
12636.025697
12632.216077
12648.691882
12638.925145
12667.179917
12637.567632
12662.844751
12653.959028
12659.184190
12667.219765
12666.748922
12661.677532
12636.552443
12635.958542
12672.808428
12635.923758
12643.526480
12662.771983
12662.823093
12625.938668
12635.647823
12646.224606
12620.964175
12649.297923
12621.510734
12635.448973
12644.393581
12648.306646
12619.350802
12664.499415
12679.671200
12679.179405
12667.172733
12666.168767
12692.932993
12709.154907
12692.928907
12722.754958
12666.603660
12679.746690
12679.732779
12659.821215
12661.235936
12660.620543
12662.117935
12622.827280
12632.812930
12650.829462
12666.615199
12722.874735
12674.274137
12697.015023
12726.184905
12674.273987
12725.655791
12720.060122
12702.083493
12701.563420
12701.195428
12701.210742
12701.583462
12719.500661
12701.583710
12701.603544
12701.252739
12636.934678
12654.617244
12664.770548
12666.738465
12676.252455
12665.086906
12675.914285
12691.633007
12687.628319
12697.056909
12648.508156
12608.667202
12609.935708
12648.624268
12701.971995
12684.258030
12609.465899
12632.201835
12633.777504
12634.492447
12678.961844
12677.867875
12675.277033
12638.448978
12668.317608
12668.342669
12637.178201
12633.180883
12634.355162
12670.979381
12648.829789
12661.908068
12638.717635
12666.395826
12666.915033
12635.728997
12658.721831
12650.303303
12666.149847
12667.272895
12649.464610
12659.474370
12666.365179
12667.485978
12649.613122
12694.528255
12711.628515
12732.830093
12694.563513
12608.768433
12598.351733
12620.738587
12648.081374
12609.743921
12648.817795
12647.865052
12608.366190
12685.930368
12676.892058
12665.227003
12653.659127
12654.255251
12664.297669
12652.100483
12619.980513
12597.113442
12607.524871
12633.043952
12597.057592
12607.520991
12632.462430
12609.913403
12636.145045
12623.112086
12636.060649
12622.577779
12636.598988
12636.018134
12661.266566
12621.176406
12597.165866
12607.626927
12632.976236
12607.970088
12632.325836
12635.432905
12636.115590
12622.622325
12621.933613
12650.068069
12651.187783
12663.680734
12620.578730
12609.477008
12643.962730
12610.834959
12600.265171
12609.620287
12634.019846
12599.609195
12610.240722
12644.727583
12620.260447
12621.588655
12635.861491
12610.923237
12621.611336
12620.133823
12621.099146
12633.644879
12636.976364
12675.869177
12621.379196
12620.028435
12611.247334
12635.444296
12623.863828
12610.031852
12609.960520
12624.119815
12609.398418
12661.965769
12612.153687
12635.720858
12624.031936
12634.405420
12637.489402
12612.643484
12658.842235
12631.408438
12621.574437
12648.639971
12635.875854
12625.311012
12635.206365
12599.156449
12599.725126
12638.440543
12635.656681
12637.097310
12635.791409
12611.490239
12626.118596
12638.266955
12619.920565
12621.980958
12623.089387
12597.179996
12649.071555
12611.650498
12611.127366
12611.713415
12600.647536
12608.857096
12599.925577
12655.571179
12623.924547
12651.538671
12621.067613
12649.939696
12622.890982
12660.836392
12645.003977
12638.752635
12639.420621
12648.913053
12659.273062
12624.898911
12638.763661
12624.183552
12636.737245
12636.697028
12687.232176
12688.799916
12700.251844
12676.119397
12653.133522
12641.405699
12691.489651
12647.905711
12651.462106
12652.879172
12659.630464
12662.676273
12651.114384
12662.525261
12624.169264
12636.241090
12625.604409
12625.255303
12676.940476
12651.187047
12662.143801
12648.833472
12634.683163
12635.647248
12665.103215
12689.700795
12613.134943
12609.053690
12610.416698
12751.928226
12756.053428
12621.673680
12622.164569
12635.633828
12635.726275
12634.916262
12663.971384
12632.763231
12622.599492
12609.506824
12621.636427
12611.000026
12610.925906
12635.837780
12628.190899
12635.791823
12634.965835
12614.425167
12648.566464
12653.803426
12624.717465
12635.641096
12624.019856
12623.128307
12635.518336
12637.331844
12640.534835
12636.577256
12640.932637
12642.191247
12636.551966
12623.804724
12633.640396
12662.412492
12621.940594
12621.324264
12622.075183
12624.102127
12612.753561
12635.722161
12613.073294
12600.818515
12647.222434
12646.686820
12659.875629
12645.996306
12646.505449
12636.588435
12636.642462
12649.275080
12611.055759
12636.194394
12643.130165
12643.232131
12586.211751
12619.333004
12620.610371
12621.782197
12622.730098
12621.791997
12621.367836
12618.687892
12608.513953
12661.570840
12622.199235
12610.231129
12621.611517
12645.357821
12621.538857
12623.234565
12621.373508
12662.742645
12677.404501
12664.749119
12635.329525
12636.177066
12637.438752
12634.087292
12721.066555
12621.707137
12622.404225
12611.427134
12668.740843
12669.253992
12658.580327
12615.985970
12639.211870
12638.419116
12687.732570
12646.186810
12626.318687
12638.811507
12659.467658
12659.412333
12646.485476
12659.086536
12672.287715
12622.194987
12633.491160
12634.684510
12652.735837
12662.710322
12687.324611
12622.312848
12632.849751
12622.129755
12646.485394
12644.219346
12633.169831
12632.841798
12636.115098
12635.374551
12657.392813
12621.719137
12621.272240
12622.033666
12621.917864
12646.154155
12645.607482
12632.118016
12672.327839
12623.241558
12670.851401
12622.709044
12609.302152
12609.351893
12653.195347
12609.877360
12609.305864
12663.193310
12635.524939
12610.593675
12621.394261
12648.179709
12622.624538
12645.974400
12623.131607
12611.661947
12649.281453
12625.985067
12610.622905
12654.636414
12620.914526
12632.381344
12620.152232
12621.977163
12648.557866
12611.487695
12611.226446
12636.502308
12621.366886
12625.432512
12659.155105
12644.274802
12621.550583
12633.394660
12646.283255
12648.189669
12646.317468
12642.264247
12642.232500
12619.705266
12621.392703
12610.861944
12610.686955
12633.732929
12621.438964
12620.807085
12643.606540
12662.837633
12649.468517
12660.716899
12632.807909
12682.130487
12674.154663
12685.494281
12634.092738
12632.840131
12640.213358
12612.186917
12622.856146
12663.255667
12659.688958
12621.555472
12660.000661
12635.402781
12634.339784
12641.216238
12653.072522
12640.457346
12662.126840
12650.337387
12620.031665
12620.652164
12620.996121
12620.686926
12610.614809
12644.714088
12621.838633
12622.684288
12611.513329
12635.511692
12622.302727
12623.922107
12611.412261
12610.088196
12587.918778
12598.481972
12611.055308
12597.174922
12609.368682
12609.856679
12654.892617
12621.655784
12632.341523
12632.364806
12636.599895
12635.457600
12621.392691
12621.367011
12636.606011
12635.925740
12650.456537
12649.901471
12649.447582
12610.211833
12610.764955
12610.941988
12608.716193
12634.650723
12621.023233
12632.247718
12610.091680
12611.101971
12655.806241
12641.601898
12652.909340
12641.188453
12646.563425
12646.669998
12621.104455
12635.982797
12619.700812
12620.485912
12636.558221
12635.570946
12633.709155
12619.292614
12618.665476
12619.946186
12620.847908
12646.640290
12610.212930
12608.312808
12608.964705
12646.504582
12635.437783
12636.616891
12661.309649
12660.643728
12633.095121
12597.176125
12607.709566
12622.243334
12641.150374
12652.972661
12684.435963
12676.630463
12635.760992
12635.780205
12685.728373
12686.355073
12666.959700
12662.725077
12635.248801
12625.322682
12635.842402
12661.770063
12634.579961
12648.685855
12665.605661
12670.865788
12663.847100
12650.179391
12647.626970
12650.028410
12645.497561
12663.326682
12663.140743
12649.460774
12681.644790
12663.827847
12650.681383
12639.688653
12673.006030
12674.300081
12674.372590
12667.282964
12633.375399
12623.175169
12647.595405
12624.512439
12631.717855
12646.791104
12622.507010
12614.102437
12635.370899
12660.692922
12648.062423
12650.416095
12636.934583
12638.145327
12624.989653
12637.709169
12622.759356
12620.804552
12660.758386
12637.064766
12637.773846
12612.174460
12637.758259
12645.226889
12640.205814
12599.907371
12625.571627
12613.785385
12603.130641
12614.149619
12623.735131
12598.564241
12588.538957
12621.753009
12623.827867
12621.931528
12636.786357
12626.363823
12623.144318
12622.480575
12624.049830
12587.853042
12610.568604
12638.871943
12611.829629
12637.939379
12637.453010
12637.348009
12635.680097
12624.077520
12636.971577
12650.540939
12640.224769
12621.718659
12633.086717
12622.800607
12657.032604
12646.674060
12620.291606
12632.214399
12631.596810
12620.792494
12656.254973
12632.143755
12633.542200
12653.474817
12611.957227
12662.371618
12658.803236
12650.641327
12685.476223
12637.935677
12599.269144
12600.460392
12638.017584
12599.802813
12599.974654
12599.152181
12599.776073
12625.647659
12624.818853
12624.337949
12698.651028
12698.651030
12698.651931
12739.775404
12717.562385
12611.280398
12610.765457
12609.519988
12612.134106
12611.233890
12645.741529
12645.895085
12649.037218
12684.281228
12699.293799
12677.827741
12670.092352
12684.693035
12692.518232
12677.369623
12685.776953
12639.416950
12647.169211
12699.923102
12717.231686
12666.952843
12701.943433
12623.638486
12638.908840
12636.881352
12611.949357
12632.834610
12634.804771
12623.920820
12629.655907
12624.865090
12675.791407
12649.410622
12659.796260
12633.616163
12650.318929
12634.585189
12723.516000
12637.341097
12647.196466
12677.585956
12639.476499
12671.701899
12664.766323
12647.998691
12636.241718
12637.265376
12684.347101
12677.920046
12668.158335
12648.066659
12654.135785
12635.037426
12635.043395
12633.822021
12620.102610
12634.409573
12643.715802
12631.673047
12621.687619
12658.907376
12645.620818
12633.631061
12686.897848
12657.195314
12622.896075
12644.929736
12623.671415
12658.177063
12631.527264
12657.598385
12635.392050
12631.543255
12620.206645
12632.182012
12631.688905
12634.323963
12623.617390
12655.828038
12599.448951
12609.423859
12631.618108
12644.684491
12609.385060
12657.622120
12624.206115
12658.197382
12624.232913
12619.945064
12635.405446
12656.287956
12635.109268
12645.459385
12674.271736
12671.405783
12611.979940
12633.934955
12662.410579
12665.985450
12624.533068
12649.641777
12611.186996
12636.256525
12650.286115
12649.358772
12649.479693
12601.221872
12654.299790
12651.683332
12662.906862
12646.706910
12647.319904
12646.704988
12635.318042
12651.306026
12665.297239
12654.867883
12635.317161
12635.825919
12650.870839
12626.372825
12637.248361
12647.320765
12637.634276
12636.486802
12637.355842
12680.743523
12666.154578
12675.568590
12668.560465
12610.765078
12634.568509
12621.054763
12622.299672
12623.895303
12621.790333
12632.934408
12612.079114
12645.423140
12621.677884
12631.038175
12620.795074
12622.522253
12637.342486
12651.141272
12634.786502
12625.055922
12634.642045
12625.032935
12635.954891
12623.830742
12673.655442
12648.697246
12650.029995
12645.749092
12620.797825
12648.083154
12600.748545
12626.494597
12625.423731
12638.693413
12649.896477
12674.387235
12673.762878
12644.413535
12645.026973
12644.786165
12643.916161
12587.804902
12588.384424
12588.425346
12587.772503
12618.813797
12619.513520
12631.714873
12630.115425
12641.011983
12617.280436
12631.778959
12607.395914
12619.353707
12619.395816
12618.959856
12608.654924
12609.890447
12632.800268
12632.977773
12660.301368
12620.890574
12620.503623
12647.014402
12699.886804
12699.393901
12677.191750
12677.605440
12673.175385
12663.982821
12632.625183
12633.118101
12662.605391
12672.959660
12608.676023
12610.464929
12633.751337
12633.037200
12598.499122
12597.923463
12610.014628
12608.758660
12633.092839
12631.906785
12598.600715
12608.310375
12672.353606
12623.120990
12653.551138
12663.491028
12670.923729
12653.103384
12657.221465
12656.208372
12674.914717
12656.805119
12675.539236
12656.185811
12621.179408
12633.091308
12631.686875
12634.127053
12674.298330
12684.641199
12680.515529
12685.099424
12613.744306
12620.920518
12620.865666
12638.221915
12610.594132
12624.241945
12611.135978
12651.803508
12655.843143
12654.942695
12674.565321
12665.699774
12669.063580
12612.612085
12589.214131
12615.228635
12627.521368
12613.957585
12625.030277
12622.880514
12636.530581
12624.959761
12647.789140
12612.030091
12623.707398
12640.240719
12639.581778
12598.298000
12633.604919
12633.731057
12636.712662
12639.594345
12654.358320
12599.928782
12637.995199
12601.123681
12627.559243
12663.528458
12673.898590
12608.653568
12636.888995
12601.171613
12623.593877
12646.361917
12645.794556
12612.696069
12602.327062
12635.887220
12623.107456
12623.659892
12622.559663
12647.465297
12622.448868
12609.450424
12647.409988
12608.664602
12609.725420
12610.612764
12639.803335
12635.049975
12637.098027
12638.276223
12654.044408
12620.095161
12608.309615
12608.083412
12598.624490
12597.925472
12634.310230
12634.240623
12610.199803
12599.813624
12636.777389
12609.824829
12620.324339
12614.968082
12646.994761
12639.210540
12666.616378
12649.455437
12653.556214
12596.853491
12610.115138
12648.951762
12609.967907
12609.842493
12623.826782
12639.022324
12649.221558
12670.260513
12690.686389
12619.781611
12620.013992
12620.502615
12663.456137
12646.107382
12648.122016
12619.979139
12620.403179
12646.742410
12648.865931
12614.900836
12649.168215
12649.661639
12614.000380
12650.368222
12647.520529
12626.507961
12636.633485
12601.764582
12610.253445
12610.981456
12631.296565
12620.954143
12647.046526
12656.987148
12621.670965
12646.192394
12636.108331
12635.457493
12663.062630
12648.236448
12638.594771
12664.968253
12635.436682
12650.577946
12636.365390
12678.966502
12647.632040
12650.127045
12624.101446
12636.577188
12665.978984
12624.162094
12611.894891
12636.959065
12663.961669
12651.566151
12665.791897
12665.213928
12656.088841
12655.078675
12643.468688
12644.601959
12622.065219
12621.802613
12623.971407
12647.921456
12612.535568
12622.657665
12632.436376
12643.671995
12620.346072
12631.489723
12631.079615
12633.317617
12631.587911
12653.972269
12628.033676
12630.329810
12629.529821
12644.668583
12630.828228
12632.070330
12632.380736
12620.894259
12622.153364
12632.869722
12620.625802
12636.410036
12620.652315
12646.841257
12645.074933
12645.018010
12631.060738
12646.107219
12641.630538
12633.038721
12632.695197
12621.246141
12637.025158
12647.966959
12621.425363
12666.967122
12644.353179
12636.355696
12657.009792
12679.577544
12658.143453
12656.156720
12656.038899
12667.908182
12697.169982
12643.034655
12643.008304
12633.180293
12656.231151
12655.609181
12645.463560
12633.816225
12653.849157
12620.923634
12643.992973
12631.408699
12645.128602
12644.886521
12634.320560
12643.974997
12633.873502
12670.877355
12632.702898
12622.218872
12668.424960
12644.513106
12634.250306
12633.958071
12635.648338
12647.080996
12634.541708
12645.758125
12675.919267
12658.577907
12656.188960
12642.098886
12632.144278
12642.911425
12633.654496
12623.052304
12656.172585
12656.174946
12642.996127
12645.552461
12632.219544
12646.647635
12620.053088
12636.286410
12656.508759
12660.570003
12646.990276
12656.841463
12644.963300
12655.425453
12673.518838
12635.976381
12657.030924
12635.100866
12646.326603
12645.365318
12644.285996
12646.225632
12633.996867
12633.530365
12657.151809
12646.266709
12641.784547
12685.869326
12667.530020
12668.082426
12642.289737
12642.795267
12633.153030
12632.646625
12660.153337
12656.924731
12633.220450
12633.246565
12633.712114
12623.642247
12622.359109
12623.135130
12621.484783
12621.790212
12607.920956
12643.402950
12618.552271
12634.500401
12634.174312
12620.341193
12620.886316
12620.787180
12658.803079
12620.860032
12670.876634
12658.096871
12620.186870
12645.921886
12659.469337
12621.694109
12643.965650
12633.329072
12619.947919
12643.429296
12643.069410
12633.739562
12608.609306
12633.851749
12643.111954
12634.336114
12619.187247
12633.673735
12624.162600
12644.675198
12621.589327
12622.636703
12635.647245
12672.067721
12631.829222
12622.230728
12608.555101
12643.268026
12622.024009
12630.799775
12631.526804
12643.163770
12618.584851
12629.165631
12648.340187
12660.922531
12646.085689
12623.335647
12645.753672
12611.836132
12663.820352
12633.799804
12634.022206
12652.070363
12634.530683
12660.092841
12666.153151
12630.210364
12631.337779
12631.495304
12656.951459
12659.170498
12632.773770
12631.541711
12633.954377
12676.769650
12644.301886
12637.909259
12620.032917
12656.156335
12648.322187
12621.854174
12620.589676
12623.556962
12633.447793
12671.784441
12646.122326
12690.644196
12646.011067
12671.154268
12658.713947
12660.440439
12690.171828
12677.055362
12672.862436
12637.966085
12620.641110
12646.255972
12623.562100
12648.057391
12648.466901
12645.050946
12632.394031
12655.896421
12620.909689
12610.942681
12655.678326
12620.829383
12632.217035
12629.345612
12645.733723
12619.949251
12655.728451
12630.870978
12618.918175
12654.647773
12630.169387
12644.412026
12629.440213
12632.721676
12629.922054
12673.197890
12633.224428
12631.202322
12663.274395
12620.519596
12652.698002
12647.075187
12632.519171
12631.637493
12633.018162
12633.533850
12621.588623
12632.171907
12621.637518
12634.167807
12662.690693
12630.518570
12619.910222
12633.927130
12632.079980
12620.118642
12643.178553
12634.471049
12634.812712
12633.861747
12633.552951
12622.754514
12655.940527
12621.677550
12619.904364
12645.645153
12631.665484
12656.309862
12621.647908
12632.530157
12656.362461
12621.670598
12633.011383
12686.808696
12644.764130
12655.408100
12620.254633
12610.227729
12632.757710
12620.212644
12629.581176
12631.706302
12629.357400
12644.364889
12631.655794
12619.434484
12633.074311
12645.510778
12618.788403
12610.918878
12645.561509
12610.933536
12632.174205
12642.933152
12620.539241
12637.047726
12631.422612
12621.550647
12622.087600
12622.136393
12636.937105
12645.071424
12641.199028
12631.799168
12646.213930
12621.815969
12645.129365
12646.322930
12622.622229
12610.690252
12621.468396
12653.262789
12651.592264
12655.517375
12685.595140
12644.532982
12632.142570
12633.390445
12657.413940
12645.053027
12656.908349
12645.106622
12645.626300
12676.167578
12679.376808
12665.782388
12679.977363
12680.749774
12635.783150
12661.913593
12645.214698
12645.194735
12680.238451
12650.768093
12662.861325
12666.462091
12692.833830
12691.524341
12680.020348
12680.050923
12663.186758
12692.865330
12691.040207
12662.875281
12661.721602
12675.352029
12681.698815
12667.061072
12676.553295
12683.038579
12639.630624
12609.945506
12660.979334
12677.472561
12663.862166
12678.025449
12631.425812
12657.407613
12658.014042
12645.572709
12646.052819
12636.306257
12635.250830
12646.408269
12642.251084
12668.392721
12675.010822
12682.942010
12647.285565
12688.669114
12646.785837
12671.596285
12688.633839
12622.068020
12659.720811
12658.533492
12648.087988
12637.235096
12632.878297
12679.691993
12658.256921
12646.363201
12647.011651
12647.371837
12646.840099
12637.540662
12679.665249
12646.847052
12647.538659
12637.177404
12626.034764
12631.824453
12658.610016
12659.796384
12648.691942
12625.681183
12656.338710
12634.940893
12620.763846
12710.612064
12662.739800
12670.089463
12677.662028
12666.666384
12621.200362
12658.020538
12634.817808
12632.028948
12648.452704
12658.988716
12634.533858
12623.666480
12624.681651
12634.965319
12645.875479
12635.891873
12631.443632
12623.323454
12633.420433
12621.191187
12683.322109
12622.597949
12635.383841
12713.182317
12712.587983
12710.852256
12745.310176
12721.711102
12619.096708
12634.772276
12622.553461
12619.919028
12622.091700
12666.353081
12661.819682
12673.748691
12663.305008
12681.767517
12665.208804
12667.103651
12697.958381
12644.789563
12649.385873
12646.806565
12652.459061
12637.217396
12600.973357
12611.018654
12598.299883
12608.981477
12622.528293
12622.011790
12622.876475
12621.841942
12621.730101
12622.033107
12640.215310
12638.963544
12660.766172
12649.501909
12648.806377
12623.697740
12623.104468
12610.475865
12609.975531
12611.088839
12623.824454
12624.387533
12622.587582
12623.280090
12665.057688
12634.859849
12636.285010
12637.079893
12665.122501
12599.543862
12599.960949
12609.101839
12655.356096
12634.140792
12635.024857
12646.052271
12635.810592
12632.959924
12661.890699
12640.095975
12633.929797
12633.880053
12623.672453
12612.184366
12637.281349
12638.010830
12651.166273
12676.210810
12677.158523
12665.754592
12665.378514
12678.936516
12635.736773
12648.877564
12665.199381
12661.833565
12667.610841
12665.390996
12635.858387
12635.911523
12664.187270
12639.156899
12673.222334
12650.163967
12663.836033
12648.410053
12648.509926
12654.393746
12665.003389
12637.207788
12650.025498
12660.550395
12661.574360
12651.021143
12648.947211
12675.836308
12676.488884
12677.293184
12676.756600
12690.987285
12625.536243
12625.824639
12625.166082
12614.601124
12612.790152
12625.657702
12614.587309
12624.618336
12633.891765
12634.794794
12652.358723
12664.828127
12660.874780
12645.819877
12634.378691
12660.282428
12659.713061
12636.363113
12660.131497
12649.237456
12660.313981
12649.489619
12647.481693
12660.215140
12649.797112
12635.144637
12652.843679
12664.021578
12630.847683
12631.611874
12644.802505
12649.111745
12635.416968
12632.373292
12623.904565
12632.200954
12633.658584
12648.314321
12646.900901
12642.918694
12643.573642
12654.827583
12651.656120
12624.566929
12625.005770
12649.717599
12639.005076
12646.837599
12637.142853
12622.190086
12639.401675
12623.552844
12650.847436
12662.624791
12679.998630
12678.726027
12649.585081
12662.283203
12678.728304
12626.862830
12657.662686
12638.492382
12651.656885
12660.700355
12637.956603
12697.883001
12655.678447
12651.177266
12637.468149
12633.885954
12634.396950
12645.204304
12635.387788
12634.520661
12634.979804
12674.158312
12672.352465
12673.286475
12660.093171
12681.545286
12683.510398
12672.936006
12683.787917
12657.342928
12648.907562
12633.988464
12643.921202
12632.207656
12644.618118
12644.445762
12655.840488
12645.543868
12621.479251
12646.022270
12632.064076
12671.645698
12662.117205
12646.330404
12645.647888
12646.877679
12659.133164
12611.526214
12622.158184
12602.085549
12638.041658
12636.844003
12617.160349
12648.763760
12702.201535
12623.925143
12648.443008
12658.598321
12659.444932
12656.322903
12621.445550
12626.469520
12657.718149
12638.142771
12651.249866
12623.994274
12659.900958
12622.774901
12674.594319
12678.473119
12679.574963
12639.931041
12637.780536
12668.868324
12670.890749
12649.362827
12663.041075
12669.392787
12636.543208
12667.218604
12648.198648
12661.342546
12670.541721
12631.955035
12652.041693
12666.426194
12688.142054
12660.821488
12652.425342
12639.157389
12647.040546
12631.657340
12634.841112
12634.910501
12640.342652
12638.187857
12669.154008
12649.794583
12663.461182
12669.665135
12648.187058
12712.994920
12735.765495
12735.095232
12699.397692
12679.920207
12692.836860
12621.724546
12622.607173
12645.671479
12623.194776
12622.344663
12619.224004
12618.578778
12619.808394
12659.797242
12650.539300
12651.828205
12634.831204
12653.619630
12699.666647
12669.186867
12668.627072
12687.674671
12687.926716
12687.967173
12703.795872
12687.952859
12740.400503
12717.004949
12710.669134
12698.692748
12698.708046
12736.430596
12716.980779
12740.392874
12739.250128
12717.020883
12735.271226
12710.654023
12698.676666
12633.279513
12602.130069
12687.926520
12703.711415
12589.315252
12711.492803
12650.637788
12663.850226
12646.446190
12636.088753
12636.199114
12635.597628
12648.940506
12648.177403
12679.328618
12678.684988
12679.219789
12678.674268
12680.710353
12690.782093
12680.651628
12637.869045
12674.294229
12661.256952
12662.153633
12649.510210
12710.995627
12710.097337
12712.058664
12709.520939
12682.924208
12675.270354
12668.268672
12663.413181
12675.964446
12674.586582
12660.776218
12688.772030
12702.536071
12664.438605
12626.093825
12711.265156
12664.446259
12650.613748
12664.373200
12665.755333
12741.865919
12734.043275
12663.109555
12647.893777
12635.782391
12654.250462
12642.441451
12621.191405
12621.286397
12610.909767
12610.936880
12586.310902
12587.205743
12636.651346
12636.108552
12636.543939
12636.009286
12635.168588
12634.550289
12679.833337
12693.303278
12694.452034
12681.316539
12712.671569
12695.727827
12734.223953
12759.252110
12723.184763
12736.757679
12739.368520
12746.753346
12748.475255
12724.946494
12712.324922
12714.085865
12715.805983
12723.052521
12590.613216
12620.433181
12620.489436
12654.182757
12636.374601
12636.364882
12654.890424
12651.011090
12625.812778
12636.326851
12636.354434
12635.767387
12635.795392
12686.713482
12652.118637
12656.598706
12665.487072
12638.453111
12671.906617
12665.001958
12679.377337
12647.156512
12633.996742
12635.320093
12622.032864
12624.933757
12636.899555
12658.966427
12635.231637
12645.323162
12636.343480
12634.412070
12633.721733
12645.416304
12647.555552
12665.881019
12639.147260
12672.451847
12636.112028
12610.169514
12625.474171
12601.642402
12653.984453
12637.637301
12672.427790
12621.849391
12601.152081
12631.393043
12622.678760
12654.761773
12621.341760
12621.431381
12622.190541
12620.217449
12668.262601
12633.024970
12632.537143
12630.747865
12621.571546
12631.060263
12630.114521
12621.605356
12657.905427
12630.934467
12632.361255
12650.183697
12611.482268
12613.048154
12664.247566
12622.451518
12624.527116
12675.803283
12649.490371
12651.948169
12655.542488
12677.736227
12635.627488
12612.222967
12635.687966
12613.214850
12613.114633
12612.276120
12612.379761
12623.077296
12621.944134
12611.870061
12612.621928
12634.522945
12632.635090
12632.434500
12643.148816
12619.955570
12643.114163
12621.849606
12650.247155
12649.120703
12599.865740
12612.627752
12609.034583
12608.429874
12631.737640
12644.557460
12643.749587
12645.096173
12620.445011
12633.721996
12611.833810
12644.340154
12624.353756
12622.458570
12655.581305
12663.517070
12670.365064
12677.135415
12680.946607
12629.936147
12630.845089
12630.542493
12632.225980
12649.342485
12646.900448
12644.552202
12620.257967
12619.706601
12643.673944
12622.715583
12622.888586
12610.806228
12610.720587
12633.789803
12643.769103
12619.525634
12620.196872
12619.923641
12621.820558
12610.050401
12610.068671
12631.110556
12611.169464
12611.944092
12656.725963
12612.526080
12622.895319
12612.659216
12634.766839
12612.703462
12612.955311
12611.379392
12647.783227
12637.158663
12607.931935
12632.404578
12631.857046
12620.038252
12672.403681
12621.279113
12620.604549
12633.053824
12633.264380
12632.573844
12634.444666
12633.871102
12618.422065
12633.252625
12633.400176
12648.669731
12638.635366
12631.479519
12683.244655
12632.723752
12632.044117
12670.998368
12634.312286
12634.390435
12673.462837
12674.253054
12645.658962
12635.876542
12637.727578
12630.860772
12631.976592
12631.359146
12669.606806
12609.289518
12644.520474
12618.337801
12609.504830
12608.925099
12643.996336
12620.134015
12633.793619
12633.835815
12672.812798
12645.017433
12644.386240
12633.088235
12623.468768
12623.464310
12657.611533
12632.822495
12622.100773
12622.840924
12646.563731
12646.574087
12635.783219
12688.497944
12623.341257
12612.297837
12624.218200
12622.505744
12632.767820
12651.443903
12651.987491
12650.132321
12621.774727
12621.744700
12639.179960
12625.470276
12647.006112
12648.957399
12646.999437
12660.803130
12633.356601
12620.799140
12631.401606
12623.928081
12636.826435
12635.022718
12623.197287
12635.578176
12646.938944
12624.048457
12615.051619
12609.264060
12635.146091
12633.505335
12599.445856
12630.955528
12631.577330
12622.219507
12672.203311
12669.859063
12622.722661
12631.537805
12643.967449
12632.621375
12606.419641
12621.389173
12611.540518
12655.997934
12623.268735
12644.008049
12608.364518
12619.644679
12634.233442
12659.044531
12656.774873
12646.476670
12622.574750
12635.211681
12622.884302
12635.767395
12659.503591
12646.416714
12622.507769
12632.934742
12632.407473
12656.302534
12659.129679
12659.286470
12633.524944
12633.634387
12623.392428
12637.678116
12622.739912
12625.334621
12622.147341
12636.483013
12637.690240
12659.883792
12660.282703
12626.675063
12637.072191
12648.645407
12661.148071
12689.131756
12700.104386
12647.573517
12633.606045
12632.231212
12670.592293
12663.602907
12649.932332
12670.064873
12640.601223
12638.350856
12671.107143
12664.237905
12679.244123
12645.705733
12645.752067
12676.544274
12645.166729
12632.774843
12645.213484
12691.683702
12697.197134
12687.739012
12685.847005
12676.340805
12666.846560
12665.268028
12695.778521
12681.869411
12683.078256
12682.575171
12721.992337
12687.685284
12712.907307
12656.802032
12661.612141
12624.367455
12660.730496
12669.943065
12725.220558
12726.289721
12693.602068
12682.711341
12682.775356
12703.251305
12683.690320
12683.161077
12703.191579
12597.093137
12621.637510
12631.470999
12608.394902
12610.404237
12609.043032
12635.296314
12610.759805
12649.730359
12609.821812
12609.868928
12622.786092
12611.686878
12610.312034
12610.956237
12611.128106
12624.174463
12612.299312
12647.075676
12612.421158
12647.079757
12619.271009
12623.373375
12597.819866
12623.501186
12630.673536
12657.570619
12596.983421
12608.068540
12648.979672
12598.235141
12598.561017
12613.144524
12611.187063
12651.880475
12634.050217
12648.743854
12649.463812
12687.509920
12648.424175
12622.817541
12633.627624
12631.085685
12661.060981
12651.999113
12631.665656
12631.642010
12631.595713
12620.680355
12620.216891
12633.739092
12638.779614
12647.287193
12636.151893
12646.607360
12633.016434
12622.620060
12621.596445
12621.108898
12597.961413
12610.350955
12632.982144
12610.872788
12687.366612
12722.753467
12635.401507
12634.841643
12623.719041
12677.246912
12634.829404
12677.703959
12646.546165
12661.480583
12643.057031
12636.924648
12653.816347
12637.449311
12654.193782
12639.126035
12611.310031
12610.631409
12611.879830
12609.206415
12610.227095
12622.737270
12621.371835
12611.113569
12647.014547
12625.581854
12610.941202
12611.675767
12600.965251
12636.157379
12688.080180
12647.826622
12646.907529
12722.610051
12692.248164
12621.725000
12609.614044
12645.565960
12623.427322
12631.660631
12663.034699
12649.312160
12653.585266
12636.719899
12650.707874
12649.991315
12654.409567
12647.513765
12626.959985
12601.470551
12640.828672
12727.143873
12728.822830
12735.394413
12758.991664
12724.533668
12726.269763
12683.231560
12672.687505
12683.165893
12673.109642
12690.821518
12700.480150
12724.130530
12725.743206
12727.441914
12674.156708
12673.562964
12670.399476
12670.336039
12654.859195
12639.206791
12662.598991
12596.838923
12608.466200
12598.235311
12610.822499
12622.602567
12609.154056
12649.702579
12620.312526
12636.925098
12637.502341
12647.247477
12636.861789
12647.148504
12636.343857
12622.276902
12625.400220
12610.166041
12636.695209
12645.860513
12634.987483
12675.308206
12677.430521
12644.872392
12644.394258
12678.324861
12636.546325
12663.839987
12646.240826
12635.995573
12621.593646
12620.155328
12663.239095
12645.624784
12634.912606
12634.853803
12676.382244
12644.247798
12727.864678
12800.781389
12800.782061
12797.873859
12797.875336
12761.553460
12763.792200
12782.068634
12776.041814
12800.342125
12794.332701
12687.626588
12678.009861
12636.002670
12647.652345
12680.826156
12648.794513
12620.002235
12621.190256
12619.734437
12648.927322
12634.661258
12632.475228
12623.361654
12622.694168
12637.239228
12653.043398
12600.100379
12614.445934
12603.980264
12628.706529
12650.089742
12651.564389
12649.772338
12651.758848
12624.160154
12626.168105
12637.173989
12621.386318
12646.553506
12611.730696
12611.068405
12637.445243
12676.592387
12637.646938
12651.163219
12636.337681
12654.187740
12668.187269
12651.148320
12635.613492
12678.104858
12622.278874
12623.816278
12665.662406
12623.427038
12614.785157
12601.260572
12641.075087
12638.203189
12664.971974
12666.300763
12655.679667
12599.855753
12687.700329
12623.096057
12609.991999
12633.437878
12675.281322
12632.921995
12635.614735
12623.293955
12640.127352
12638.294980
12666.344898
12663.642932
12673.317430
12608.606879
12607.952724
12608.652386
12666.695368
12622.702663
12632.896443
12598.271593
12633.593786
12598.963776
12609.540955
12633.551921
12633.000699
12597.848231
12608.281307
12660.504378
12620.393967
12671.558493
12619.843134
12623.422136
12635.151669
12619.940659
12634.205104
12620.838579
12634.193295
12652.943047
12672.504562
12664.671952
12636.895115
12631.570311
12676.209191
12620.679167
12624.040392
12658.097542
12634.008748
12609.365291
12635.032701
12645.504472
12654.112908
12636.923287
12651.847219
12645.671964
12624.519237
12635.712122
12621.762119
12663.146515
12622.476780
12650.373894
12648.002863
12644.871072
12658.408541
12647.680603
12658.960701
12647.915270
12650.343310
12675.659300
12647.957633
12633.129105
12631.729634
12632.040412
12632.217279
12650.396285
12658.340270
12648.023324
12635.843610
12644.878420
12659.026138
12648.301329
12650.324709
12649.829684
12633.738873
12632.368679
12621.568911
12659.791323
12658.123671
12632.436543
12634.909749
12645.209087
12676.624947
12647.589182
12621.218670
12610.423867
12646.820680
12636.098860
12646.872294
12631.201357
12626.534803
12609.920431
12647.376865
12646.845449
12633.680095
12637.145767
12623.400897
12658.545711
12622.881211
12658.578618
12648.128564
12678.726761
12665.012333
12647.296119
12679.221775
12637.745047
12668.766318
12623.925842
12646.063895
12634.654565
12645.335043
12658.540261
12625.887295
12631.891745
12647.581690
12668.750442
12669.351713
12635.686182
12637.027650
12635.767611
12578.466889
12579.829461
12608.630420
12609.356060
12619.806075
12619.754601
12633.676134
12621.469417
12620.883903
12623.486266
12611.694511
12633.561979
12608.529175
12647.442605
12608.699124
12609.842598
12609.172651
12609.801330
12700.504061
12674.858024
12634.720628
12621.952771
12622.097704
12634.693807
12625.180373
12625.122035
12664.565342
12666.905808
12649.337253
12649.703369
12620.199485
12620.502259
12645.299019
12622.427228
12645.942992
12645.337906
12632.970032
12645.850150
12656.105807
12630.621716
12620.984777
12644.188291
12631.580262
12622.254516
12630.920513
12621.075646
12644.170198
12659.784356
12675.238284
12633.802082
12634.600396
12633.272132
12623.964744
12621.270003
12633.438061
12682.553803
12648.247342
12647.259361
12637.421046
12622.001827
12651.540184
12678.138355
12651.543230
12668.201078
12635.191943
12651.061674
12651.531372
12653.685512
12635.615944
12668.879722
12654.361349
12651.737590
12635.868373
12652.227415
12677.606267
12636.281017
12651.227179
12652.200967
12648.033999
12663.996081
12623.266572
12649.589313
12652.307629
12653.306119
12635.040708
12612.151044
12612.475334
12621.852587
12632.414122
12622.334391
12630.784642
12621.202440
12636.594859
12648.717995
12622.255899
12621.536916
12610.801375
12625.024545
12625.022423
12620.777438
12609.143364
12609.194830
12622.576966
12612.605822
12622.923096
12633.251576
12646.615088
12623.231216
12633.889036
12648.553687
12648.554636
12598.472328
12609.033249
12633.161061
12609.281314
12636.339688
12647.373105
12646.843356
12620.794471
12620.323324
12610.941499
12623.068692
12634.187595
12610.609847
12647.047392
12675.819807
12673.701078
12645.854700
12646.487628
12661.791745
12646.166252
12666.085324
12636.671130
12635.493334
12621.347908
12676.242769
12681.039516
12682.663760
12647.262894
12636.072496
12725.671916
12723.076653
12709.393585
12695.431253
12694.855211
12655.400953
12638.763089
12647.714827
12636.754934
12663.898752
12645.497877
12679.767406
12634.556993
12648.275281
12635.830070
12620.872133
12635.412700
12631.149325
12610.971547
12624.902498
12619.233358
12619.239187
12645.245589
12610.784356
12600.245427
12609.532937
12634.715948
12633.306450
12620.281971
12644.895442
12622.196242
12630.753887
12658.464317
12634.830652
12651.461796
12673.671911
12610.535119
12610.026324
12632.569976
12620.914510
12617.725874
12630.907818
12643.550842
12610.926884
12610.365675
12655.320513
12630.894889
12630.248938
12645.866353
12608.665024
12611.882585
12611.859956
12646.389186
12633.733462
12633.059124
12634.047748
12631.679895
12646.531048
12620.889863
12635.421734
12619.998453
12631.338923
12630.899925
12630.818662
12668.395327
12630.886135
12632.195054
12620.289134
12637.103520
12610.758099
12608.787916
12651.994375
12632.540857
12633.515057
12633.428498
12611.160020
12610.984060
12611.152688
12620.601904
12620.386178
12611.727585
12611.087088
12607.609068
12616.392671
12606.392375
12632.151591
12623.434823
12623.366122
12633.896117
12622.648274
12634.653695
12671.387163
12688.831093
12643.595987
12656.126991
12612.959258
12624.614333
12635.173448
12660.561924
12651.171773
12621.496488
12621.129529
12622.313148
12621.935207
12620.416121
12611.161928
12622.693143
12620.055798
12633.738499
12623.612531
12631.654614
12673.741157
12634.092624
12624.210626
12633.231121
12634.990914
12633.736014
12632.804768
12610.920587
12619.803632
12620.679135
12610.725988
12619.500078
12621.164802
12620.406091
12607.786974
12618.989662
12622.848328
12644.502640
12608.288039
12633.542504
12621.995605
12663.352389
12666.966649
12625.261924
12626.045562
12623.327587
12621.203961
12634.453803
12622.989813
12610.902686
12634.622076
12634.743572
12631.624262
12621.752520
12635.020792
12626.524616
12637.480997
12638.590399
12647.970823
12638.364228
12632.970011
12632.330956
12656.494967
12620.936793
12647.615788
12635.543027
12631.593867
12632.357870
12668.620055
12636.078552
12669.902087
12633.837590
12633.987836
12635.056956
12634.430142
12636.457760
12625.022512
12633.544590
12646.802341
12635.773072
12620.471183
12634.905556
12630.639645
12634.981368
12647.742381
12636.588667
12620.615885
12635.811342
12630.788046
12644.304054
12646.535185
12646.106188
12644.243463
12622.507073
12624.868733
12634.642364
12624.074733
12648.316730
12621.680731
12622.269291
12610.773346
12637.684392
12625.507767
12599.395640
12611.603550
12610.771381
12599.144249
12646.638257
12624.227997
12610.497524
12622.989754
12619.836470
12623.414940
12612.540250
12627.730610
12627.052257
12609.016081
12620.768223
12607.713869
12598.203244
12622.542575
12611.475477
12598.203734
12612.502174
12648.798195
12648.788690
12622.250619
12664.522665
12640.580061
12655.556697
12642.950017
12651.792676
12663.534671
12609.326224
12632.553317
12608.603819
12633.625830
12623.390153
12646.299808
12610.468483
12634.144015
12672.963892
12621.163767
12620.099431
12648.623737
12634.806638
12622.564425
12622.425091
12620.851313
12660.171301
12657.290390
12648.144047
12639.203729
12637.867640
12621.292069
12621.863602
12633.547408
12634.336867
12633.414926
12634.588625
12647.317265
12636.071012
12648.119757
12635.796857
12633.101506
12646.920361
12652.074860
12633.452822
12632.636528
12621.627229
12636.438135
12622.384349
12635.446460
12664.470188
12651.365286
12674.093010
12676.090594
12648.189107
12648.107262
12647.487899
12658.120405
12625.937649
12637.655603
12637.553544
12625.393498
12638.740602
12637.636589
12668.065850
12667.780849
12635.198920
12634.096282
12620.696508
12621.493503
12633.952613
12621.163548
12636.785046
12664.713107
12637.468996
12621.694507
12665.453325
12663.029872
12619.924839
12620.459839
12609.456086
12620.613816
12622.525016
12633.949542
12635.214883
12633.283116
12635.241427
12632.269989
12633.067563
12633.647995
12635.761313
12632.637289
12635.769695
12632.870171
12632.938895
12609.969409
12645.954311
12646.569958
12645.306371
12648.405867
12633.664096
12624.375128
12625.134925
12622.886914
12623.483799
12638.333719
12609.140291
12620.656915
12619.960436
12674.892909
12621.047117
12632.021167
12622.650228
12622.692121
12636.609009
12639.231947
12636.608536
12633.527725
12598.327822
12608.934455
12597.866789
12608.436298
12610.497487
12623.480334
12634.280181
12633.372326
12647.775675
12619.814597
12597.812501
12631.524059
12648.279462
12609.228490
12612.411821
12611.689278
12621.990043
12622.698641
12658.176168
12660.842956
12605.313883
12608.277161
12623.598234
12622.851661
12670.614881
12609.334677
12621.463426
12607.215759
12622.074792
12660.128656
12608.305833
12631.176471
12631.084351
12607.817727
12608.380345
12632.440316
12632.359581
12661.713185
12598.401497
12622.458217
12645.236995
12608.690317
12620.535890
12619.236427
12620.081251
12621.378765
12645.784417
12646.257398
12650.983172
12641.119031
12624.138099
12622.046970
12623.847045
12661.191160
12652.281072
12660.761367
12663.719197
12627.400250
12624.097703
12623.388586
12625.987032
12625.953471
12621.398791
12638.109499
12675.346965
12622.444964
12633.148693
12598.702245
12613.322966
12633.841728
12622.699785
12624.573551
12681.589054
12696.065437
12647.350250
12622.009288
12636.770853
12638.083259
12638.538906
12640.363756
12639.709252
12685.990883
12635.067794
12649.533870
12646.951418
12638.246757
12650.203484
12647.847613
12646.996680
12647.164276
12676.500554
12650.560872
12623.068683
12623.121094
12631.291426
12630.570669
12633.920410
12632.779023
12658.830827
12675.850899
12647.557144
12647.011423
12648.903706
12647.638407
12660.229555
12624.350895
12633.521267
12633.071006
12621.493061
12622.484918
12632.626105
12609.212509
12597.115738
12633.018117
12621.294894
12608.810089
12643.954526
12618.104437
12608.731933
12621.107972
12619.601696
12633.462589
12629.951524
12633.337000
12633.460127
12620.667876
12631.673770
12634.932610
12648.278787
12632.721379
12609.279799
12633.236038
12620.775746
12652.082624
12637.938315
12637.145787
12685.344656
12667.727631
12662.156043
12672.488838
12653.559995
12667.831780
12670.596368
12683.955009
12667.624040
12624.692293
12637.009958
12634.941147
12667.886997
12635.245254
12634.562360
12633.734401
12662.001079
12633.918453
12648.881235
12647.233955
12611.593658
12631.113877
12649.766921
12622.554478
12638.845618
12622.017224
12664.927038
12623.999997
12664.167505
12636.718906
12622.053062
12634.593145
12624.911528
12636.192422
12609.748822
12653.657023
12654.219301
12639.114433
12623.988989
12621.312187
12635.090024
12665.158770
12654.064119
12647.002643
12641.864826
12647.136799
12653.697480
12642.384257
12655.484104
12600.964052
12634.235308
12611.422067
12638.520419
12636.361219
12636.902662
12639.793872
12596.729611
12609.236178
12608.543659
12598.180065
12610.764569
12623.015606
12669.787669
12757.613863
12782.369225
12638.433695
12640.767525
12699.817045
12647.916447
12611.911446
12599.884474
12791.694955
12753.216512
12771.798094
12750.394403
12883.008695
12665.303138
12666.985583
12666.927654
12655.721580
12634.322109
12624.349249
12634.955479
12670.606232
12635.306404
12647.470791
12644.636502
12647.869937
12635.012380
12663.425766
12614.297891
12636.981129
12661.968578
12662.501709
12627.786487
12651.724017
12649.356834
12648.083760
12611.416881
12612.534407
12626.734188
12607.721751
12608.972598
12649.059457
12644.617370
12627.731555
12635.763233
12661.124276
12647.722578
12646.921784
12679.566599
12676.185491
12598.775516
12635.051941
12609.216528
12600.989475
12601.007369
12636.508010
12609.507490
12666.719678
12664.608491
12637.314740
12638.075578
12600.354335
12661.533162
12620.291534
12621.379168
12609.178214
12619.603541
12620.990848
12648.404560
12637.004934
12700.839385
12609.778891
12599.882941
12623.086162
12609.864105
12631.678488
12608.613375
12598.632393
12621.117287
12623.130366
12632.661854
12633.730924
12659.473082
12631.465063
12651.144363
12612.955915
12631.503004
12621.628684
12597.801768
12597.808445
12610.137377
12610.887468
12620.828219
12621.042882
12619.708552
12618.493687
12609.292820
12632.580358
12607.845048
12608.663554
12633.931035
12621.843169
12644.736964
12610.409078
12632.683764
12631.662520
12644.618731
12643.114354
12631.550943
12631.651731
12631.638857
12619.945677
12607.045829
12607.067307
12622.684399
12644.491596
12634.797969
12610.334193
12620.791990
12621.076523
12649.414594
12646.741943
12620.033134
12619.384647
12659.691173
12648.805171
12620.622951
12643.979367
12642.739235
12628.698611
12618.740719
12620.927604
12621.673370
12607.186258
12663.086734
12666.916171
12661.790365
12649.004088
12648.169217
12635.414521
12635.100042
12657.088335
12635.084826
12655.370217
12644.831886
12636.366808
12649.371998
12599.211133
12622.403461
12598.020632
12608.255831
12609.310718
12631.666639
12608.819476
12608.569917
12644.720381
12621.800464
12633.841550
12633.765708
12608.771700
12661.203870
12622.507282
12624.912585
12635.994616
12620.625086
12623.634308
12619.867375
12637.070733
12621.655565
12637.049770
12633.670502
12609.835688
12596.995221
12607.693795
12622.157863
12618.339170
12619.868292
12633.246297
12659.950234
12609.677777
12597.139741
12597.638291
12621.749824
12607.833382
12608.339108
12607.204856
12608.531657
12621.263186
12654.202687
12609.209735
12609.255037
12621.927628
12634.230792
12620.787484
12639.121914
12635.218652
12635.885695
12636.328028
12634.834488
12674.541149
12624.163980
12624.824520
12634.155656
12674.533725
12658.528778
12692.161611
12646.686627
12651.416656
12661.144375
12621.439865
12678.163524
12647.594662
12646.652343
12650.900765
12634.495467
12635.345543
12659.452715
12648.951455
12646.893351
12646.874269
12671.852713
12622.523792
12621.769812
12622.177313
12635.874850
12622.744010
12644.108141
12622.611298
12621.280926
12636.065133
12625.383038
12665.607463
12687.318355
12654.481029
12622.471354
12620.457592
12688.525730
12632.861871
12621.749331
12633.748791
12632.662226
12611.571338
12647.011925
12634.444505
12635.097420
12646.153449
12634.229423
12645.212829
12647.880844
12638.527252
12679.078696
12677.975046
12633.319073
12632.696457
12635.393303
12610.512263
12636.946288
12645.233742
12634.868165
12645.239279
12623.665133
12670.210263
12673.895458
12671.999494
12635.560831
12623.186012
12623.826470
12659.655408
12624.682776
12613.189662
12662.888070
12636.896231
12623.379817
12636.798856
12636.373005
12624.020547
12624.896468
12631.115811
12661.495883
12632.476981
12659.456951
12626.869326
12601.320643
12644.205326
12624.027213
12620.719603
12610.206299
12623.981765
12627.265198
12651.173167
12648.818988
12623.442055
12613.394453
12625.984958
12613.142069
12621.787797
12633.817333
12623.137274
12677.738722
12645.222035
12667.901397
12655.296903
12676.973507
12617.014530
12617.661305
12643.103375
12607.988075
12632.732279
12620.390960
12620.269826
12641.926860
12620.393635
12608.004274
12647.864224
12630.679662
12619.744711
12620.366160
12634.175453
12658.250710
12642.670350
12647.366485
12631.912291
12634.039705
12621.231153
12632.227582
12619.031481
12631.846460
12629.743358
12629.799459
12630.830167
12618.635372
12632.672113
12660.925600
12619.287110
12620.116889
12663.231072
12620.058788
12646.146868
12657.554143
12631.418442
12619.915852
12645.341539
12644.766607
12622.091727
12633.208920
12645.554694
12622.629012
12632.705203
12621.469636
12633.869606
12654.657108
12686.429211
12648.212055
12635.975081
12621.304548
12646.577946
12689.689347
12646.540315
12634.102819
12646.287415
12621.393082
12674.675740
12634.472890
12630.881633
12634.454144
12644.927334
12646.004025
12621.514072
12647.805893
12647.264622
12632.318438
12620.265642
12643.049471
12646.673594
12655.867610
12655.184235
12697.419850
12656.991938
12644.600732
12644.815394
12664.008935
12648.953393
12637.224458
12666.752957
12638.709221
12649.210727
12728.419204
12710.822100
12646.796463
12633.615254
12674.255313
12656.668784
12662.770438
12644.635223
12684.570580
12643.308369
12643.791281
12645.942613
12632.362679
12621.429146
12655.931041
12612.816358
12622.622394
12614.668556
12623.234704
12664.626546
12613.323482
12645.699328
12613.452374
12657.320629
12647.032534
12644.759998
12658.946498
12637.713296
12626.193056
12626.457160
12625.757933
12633.942030
12632.669469
12685.684344
12651.938166
12611.750586
12613.019524
12635.356448
12638.112163
12634.729626
12650.381681
12640.242248
12658.659649
12647.771936
12622.161048
12679.677900
12648.886224
12647.886009
12648.480577
12644.858308
12645.632060
12646.852171
12686.142085
12674.658836
12672.986411
12659.904301
12625.141567
12609.253041
12623.775117
12630.498506
12659.793184
12629.772956
12656.843373
12620.262185
12622.919273
12633.297671
12634.061826
12618.867094
12608.144128
12645.557599
12635.054492
12675.099153
12622.119001
12644.970059
12619.341953
12609.170176
12635.393136
12621.868056
12654.913956
12642.592195
12634.842399
12655.936234
12673.136227
12632.584310
12631.840824
12635.131288
12621.162770
12632.658034
12648.518098
12648.169335
12661.434376
12669.331351
12662.418489
12667.025919
12663.714070
12638.270999
12652.040126
12651.804358
12638.637211
12635.358426
12625.273669
12646.785795
12625.436448
12636.578551
12659.780198
12648.039636
12647.611535
12650.466496
12642.764593
12633.291636
12624.657903
12601.127699
12599.872165
12635.302303
12610.348629
12620.164990
12635.303072
12638.936159
12609.454393
12646.313102
12652.177383
12610.410278
12649.519155
12621.523086
12674.530690
12672.811130
12659.625377
12657.683154
12633.531339
12647.068801
12648.751998
12644.615718
12639.831814
12656.829061
12632.144233
12653.661838
12648.645743
12659.293728
12662.245628
12660.684294
12650.071347
12661.611580
12644.474189
12691.008202
12695.665841
12681.894148
12682.998722
12635.635783
12634.713934
12687.720529
12632.581437
12633.320716
12634.629478
12623.091398
12689.442990
12637.677191
12635.323439
12635.374670
12632.641168
12632.618033
12633.239713
12621.313839
12622.472218
12662.671115
12621.279275
12672.171591
12649.259266
12638.067001
12648.727284
12650.488043
12639.549097
12650.093341
12658.580412
12620.263997
12610.933500
12661.790323
12621.533887
12671.362728
12622.173134
12623.426245
12673.372227
12674.702225
12622.240328
12632.422729
12659.943356
12610.676654
12611.802676
12661.874386
12650.628978
12651.180453
12621.925062
12648.460379
12691.752804
12661.685693
12661.658226
12645.172232
12634.643734
12645.798909
12646.082362
12662.120895
12632.131617
12620.584759
12610.806611
12659.400863
12609.241608
12619.776433
12621.088901
12631.832112
12621.567008
12629.953687
12621.813214
12608.698705
12598.661160
12644.049908
12608.703242
12623.566012
12623.780897
12646.629352
12617.138130
12607.865896
12631.663661
12641.589813
12609.148740
12631.692232
12618.018206
12619.191170
12654.472186
12654.969624
12660.668276
12610.051766
12609.995786
12610.613967
12610.562196
12633.869010
12633.799414
12659.410342
12609.119944
12609.148443
12607.966631
12609.273824
12597.189921
12599.648283
12598.390682
12597.320800
12638.109580
12645.372913
12636.679704
12633.463713
12634.097725
12644.682291
12644.618361
12620.920438
12621.492342
12622.145011
12674.076269
12620.804276
12631.734477
12622.639575
12633.876925
12646.639785
12640.076350
12624.604032
12625.597590
12643.844372
12643.814059
12660.006145
12635.929764
12686.110182
12702.291867
12660.030179
12645.618535
12652.496251
12634.783335
12660.474532
12667.726708
12676.919414
12649.261879
12625.513046
12626.963416
12636.649437
12621.127288
12620.442296
12662.832025
12636.115129
12636.482168
12625.019587
12645.117349
12632.659900
12663.201085
12646.937864
12647.530508
12646.450663
12634.106166
12633.885874
12622.291400
12607.804609
12657.269107
12632.148892
12622.251297
12633.475992
12661.345251
12656.707684
12674.307158
12646.513151
12644.646348
12646.795087
12660.310350
12644.590767
12642.280958
12632.882170
12643.342376
12646.073909
12633.949795
12623.489872
12598.444742
12650.860530
12639.814888
12651.035007
12652.112019
12608.457933
12645.209544
12635.099834
12618.453602
12633.068772
12609.719126
12645.025246
12635.394572
12609.760294
12670.153589
12610.902968
12612.574053
12622.251704
12611.145214
12622.120350
12644.105454
12621.631952
12644.085394
12633.767329
12608.023553
12599.238958
12633.168326
12624.058083
12599.148087
12609.303454
12608.838073
12633.181547
12632.537462
12610.994958
12645.379103
12646.162922
12600.967444
12620.380028
12621.506798
12610.955479
12645.472154
12619.932796
12619.245663
12621.201677
12648.341082
12634.137276
12624.155336
12610.561772
12611.734967
12639.833145
12609.268521
12637.718336
12609.010376
12647.713970
12645.025770
12645.666453
12619.852998
12650.041011
12657.272117
12634.564854
12635.264621
12675.486754
12662.191575
12618.479522
12609.148114
12636.342051
12619.831491
12660.754472
12610.244577
12634.764418
12622.437458
12608.866997
12633.936220
12599.587252
12622.278789
12663.698562
12636.418667
12635.705100
12673.032410
12624.436025
12619.352160
12598.602076
12644.092884
12617.752267
12619.191873
12608.743242
12632.603971
12644.592846
12632.552862
12620.913771
12673.014865
12636.153822
12636.880951
12664.216534
12609.222144
12625.438002
12610.830216
12600.936166
12609.387043
12608.860467
12609.633377
12634.185553
12631.870827
12608.834525
12609.501460
12644.859613
12644.170499
12645.377191
12643.959744
12656.190082
12636.142860
12634.066653
12631.294271
12631.450727
12671.760840
12630.741158
12669.133143
12630.024903
12632.486850
12609.524412
12608.827820
12650.314405
12642.314109
12609.199973
12608.594092
12651.052720
12640.387599
12642.337376
12642.305524
12643.457562
12644.926046
12657.396284
12621.493842
12611.594487
12656.219762
12633.332721
12645.531163
12657.918113
12673.823826
12622.729892
12612.801665
12670.455558
12630.801237
12631.389535
12631.993499
12610.301695
12610.859068
12644.594250
12643.536931
12621.203233
12609.985253
12610.489909
12621.466190
12618.681759
12619.842686
12648.765510
12619.911028
12608.616727
12609.222364
12620.173309
12620.668868
12670.337910
12656.285899
12656.330103
12679.600577
12646.177915
12644.930598
12633.083404
12622.341212
12634.679619
12633.678790
12610.726577
12635.672194
12635.153583
12648.066542
12611.483166
12634.564201
12633.428521
12644.567796
12633.696569
12621.910133
12657.512114
12621.075025
12620.712367
12632.728298
12621.927433
12619.338787
12655.742455
12656.287092
12633.267093
12645.332103
12624.172557
12623.178021
12623.409903
12633.642913
12610.125919
12647.021997
12645.295834
12612.436815
12612.394728
12645.839730
12647.032048
12633.713026
12633.675176
12621.277811
12620.675538
12644.788127
12632.546045
12655.361276
12632.531918
12644.743029
12623.060470
12623.039802
12630.767473
12620.081418
12620.224239
12634.010862
12633.835511
12634.694913
12634.439323
12635.649865
12623.927081
12622.067963
12656.311264
12669.036342
12632.196741
12632.187676
12656.839573
12621.565512
12633.609265
12633.586877
12632.298058
12645.271844
12622.817830
12644.027336
12634.243779
12633.607675
12640.190245
12620.215687
12621.448662
12661.061445
12658.437087
12620.154202
12623.206679
12622.545677
12619.925207
12617.797986
12645.330420
12622.220101
12621.700500
12643.030472
12646.039332
12610.696727
12633.000553
12621.320851
12631.145221
12632.482985
12620.224663
12643.848478
12621.866651
12621.427701
12633.293890
12630.222253
12619.465895
12607.821553
12618.942573
12643.169416
12608.824064
12609.477340
12620.471901
12644.422524
12629.048132
12633.435597
12629.952194
12618.997222
12654.335420
12619.428104
12633.055678
12644.112251
12644.588119
12618.546602
12620.908639
12619.235149
12630.492173
12655.234853
12643.343918
12621.111627
12672.501887
12633.839969
12643.603871
12648.872191
12632.683336
12660.088409
12622.686025
12610.091860
12632.445328
12621.488272
12661.715874
12661.928728
12659.301803
12640.621564
12632.508583
12599.983510
12599.323372
12633.265137
12610.186378
12610.724021
12611.243790
12622.377797
12634.191666
12623.763201
12620.855890
12634.691400
12610.014131
12633.343789
12609.400948
12646.630859
12646.569904
12649.904847
12648.014525
12646.471592
12661.667065
12621.821393
12609.008418
12648.181325
12609.805237
12609.296129
12607.926575
12666.332987
12705.102540
12610.809210
12610.765594
12610.745903
12622.374504
12621.861035
12646.958555
12648.009309
12622.147951
12657.333330
12611.288871
12611.176237
12623.256829
12622.714746
12623.168423
12610.816676
12610.267872
12624.671479
12610.779604
12620.072265
12621.235812
12620.131564
12622.596380
12634.909502
12652.412937
12622.959572
12636.378547
12668.407590
12653.932911
12648.445393
12648.372698
12654.859076
12635.996348
12669.415893
12689.630503
12688.062460
12637.738268
12636.539160
12625.922212
12665.457786
12636.956031
12612.722355
12626.091679
12636.550740
12622.829906
12621.456849
12670.880982
12670.776613
12622.127310
12647.645329
12622.229417
12659.857266
12621.636064
12622.773007
12648.105414
12647.662724
12676.650520
12668.021185
12668.061549
12615.548523
12609.119463
12610.168250
12619.419393
12622.707520
12644.792710
12622.903377
12621.588961
12648.322797
12645.447313
12644.833056
12622.255607
12633.588500
12635.723575
12633.139637
12610.698584
12620.138753
12621.800954
12631.888312
12610.867435
12621.922745
12620.825987
12648.808800
12621.344327
12620.720505
12633.210921
12633.180122
12648.598621
12678.579831
12670.439134
12638.495074
12651.027525
12647.649125
12647.981183
12660.572802
12622.262188
12640.778067
12652.476268
12650.170763
12647.519874
12648.373885
12661.025745
12622.009333
12622.670475
12647.261205
12622.180494
12647.337034
12622.175194
12646.930020
12705.795937
12675.447656
12663.406754
12683.452837
12648.464866
12637.056975
12679.832459
12661.901196
12636.080694
12640.446205
12640.925951
12660.862882
12648.442603
12647.627938
12649.386965
12648.910676
12651.850718
12695.935407
12691.575059
12708.625658
12662.537998
12649.922173
12638.874720
12683.642225
12636.216040
12636.600026
12651.843600
12680.158157
12663.281402
12694.675036
12694.633298
12736.249678
12626.096607
12679.606796
12679.563925
12637.779415
12736.221537
12694.605637
12652.445125
12663.303036
12672.014389
12649.762661
12680.848192
12672.740189
12698.168355
12729.602631
12729.094147
12702.974070
12702.460119
12702.930582
12687.064242
12652.291716
12667.261895
12649.791713
12661.532995
12679.161367
12668.638572
12651.083039
12651.261420
12666.825832
12690.858809
12691.372446
12672.951427
12652.302799
12634.763482
12649.787260
12671.145901
12678.647405
12659.479121
12667.509661
12635.822946
12645.949705
12661.368417
12639.917271
12640.395025
12650.729643
12652.177487
12665.792277
12651.309943
12661.968564
12677.502272
12646.579151
12636.380219
12646.674047
12634.794939
12645.146058
12687.714854
12658.940523
12624.536317
12623.305806
12634.018807
12675.786555
12622.987416
12648.021426
12647.014444
12666.607531
12650.832094
12633.332058
12666.958227
12674.779710
12662.741112
12651.187519
12694.697366
12664.591936
12653.438266
12650.779162
12661.465866
12680.574396
12694.620730
12652.568940
12652.918293
12650.068239
12651.513618
12646.783181
12639.374451
12635.260983
12646.095173
12635.224315
12646.412121
12668.705954
12633.367466
12658.456227
12633.968212
12646.182323
12644.252667
12646.757151
12657.731743
12647.275943
12634.448430
12644.828874
12647.377929
12643.889299
12656.565408
12659.698764
12633.706483
12634.016588
12633.710923
12635.813661
12656.951428
12646.739901
12641.762973
12635.047329
12631.790443
12620.990530
12645.999834
12638.658719
12637.721863
12690.867062
12685.021303
12685.020340
12705.284646
12612.245034
12622.055220
12646.497760
12645.363937
12663.603364
12621.865355
12623.367869
12634.019143
12660.202220
12636.119026
12656.981437
12634.853255
12623.970039
12625.670059
12636.636015
12656.850723
12636.889567
12631.369080
12634.625197
12631.497323
12656.489086
12655.510017
12674.170610
12632.403126
12621.018575
12635.092899
12632.749254
12621.323566
12646.088080
12661.752693
12658.928199
12636.761524
12634.406661
12635.455769
12623.390269
12673.008920
12671.025797
12672.311694
12660.236770
12645.419679
12636.040846
12634.394279
12645.803590
12625.148973
12634.972110
12610.334211
12600.433314
12610.343568
12610.439418
12621.040508
12646.369217
12633.892479
12621.992291
12620.439393
12634.130214
12623.432784
12625.532823
12660.850815
12644.071441
12622.600258
12644.661577
12619.817075
12623.009287
12621.307420
12661.304709
12627.611073
12623.048925
12634.178593
12622.528898
12634.734828
12624.037789
12623.057406
12636.250763
12622.704187
12671.098571
12646.358440
12621.904258
12611.108296
12634.239169
12621.644130
12687.498276
12635.507046
12624.583533
12628.156578
12623.049659
12645.042942
12622.055671
12622.115181
12645.070896
12622.482238
12649.066318
12693.689698
12682.816439
12681.516124
12637.402749
12671.867474
12625.452537
12636.600019
12645.920937
12658.425875
12649.858653
12648.403452
12661.576403
12623.409864
12623.212188
12645.818692
12644.656402
12622.432584
12663.592871
12646.415631
12645.440084
12635.434344
12625.514906
12634.335220
12635.887955
12625.056421
12647.713920
12662.813691
12660.945461
12649.330727
12654.335728
12640.486905
12650.894748
12646.276831
12646.309627
12650.516970
12661.650685
12650.449220
12651.705271
12650.595586
12653.017730
12648.204363
12625.274088
12638.880438
12671.886517
12645.340597
12622.852831
12634.207312
12649.076050
12623.384770
12645.577634
12646.897561
12623.324150
12634.209353
12646.051351
12634.255173
12656.020854
12661.208983
12649.641875
12648.405554
12652.453029
12639.162791
12640.197283
12649.247954
12688.988994
12619.146331
12609.820121
12620.691813
12621.409592
12661.964428
12649.585621
12646.707516
12614.631892
12667.417649
12753.982007
12637.340780
12621.998887
12638.219379
12623.912820
12635.269039
12634.500152
12621.987710
12637.561712
12635.873919
12611.299089
12612.322000
12634.263632
12611.973764
12610.621599
12633.584424
12610.098849
12645.386381
12598.215438
12597.649715
12610.036575
12622.429453
12610.273620
12607.521986
12622.533075
12625.411263
12671.352838
12637.876213
12683.595105
12704.008199
12668.033786
12702.038249
12685.973070
12699.150540
12684.055731
12667.963361
12625.539289
12600.248145
12601.800016
12675.951497
12659.471728
12646.761690
12647.771265
12637.661879
12622.941147
12622.354407
12646.596595
12646.635611
12625.646991
12624.827650
12656.302765
12666.479827
12669.987512
12577.174896
12586.937581
12635.584995
12659.921635
12659.795873
12647.639500
12632.148545
12621.431341
12646.305200
12634.286670
12633.151890
12634.453516
12634.743516
12620.771313
12622.254031
12623.326031
12609.275761
12622.579129
12611.198229
12609.357233
12659.231625
12618.833768
12647.114430
12675.110404
12621.508927
12631.444557
12645.199244
12633.751027
12633.931533
12620.819437
12621.174260
12619.169856
12619.912899
12644.705152
12619.445480
12633.318291
12610.133993
12599.511584
12598.887364
12609.050679
12643.346448
12619.955808
12608.800341
12633.288022
12618.519293
12633.036085
12621.251774
12610.262885
12621.078118
12619.527339
12621.694049
12633.511581
12644.358967
12621.988592
12634.337434
12633.566535
12646.402681
12631.678526
12621.694485
12632.431879
12632.989345
12634.085665
12631.647600
12631.519823
12620.432448
12632.974103
12624.224375
12647.356711
12636.379337
12634.538864
12641.721483
12621.010182
12630.784659
12631.240167
12620.742931
12610.934480
12620.023441
12619.174426
12609.187004
12619.284667
12622.423618
12624.324217
12634.115321
12622.913130
12590.037929
12674.022369
12612.202636
12647.954073
12638.038125
12644.563030
12636.561100
12611.942327
12632.103611
12621.635810
12645.252545
12619.789522
12660.746335
12635.361255
12635.572178
12663.692849
12600.312887
12610.823008
12611.140923
12661.616341
12634.983565
12634.842779
12598.639496
12635.028690
12635.289388
12634.400843
12635.855959
12623.884478
12624.506214
12603.167328
12620.699432
12635.092533
12620.723587
12635.084947
12631.723485
12631.698496
12647.734038
12621.430429
12621.401290
12635.787088
12635.844455
12624.808160
12588.400367
12587.070228
12638.389207
12644.952151
12645.018591
12650.491955
12597.777321
12610.168073
12598.489649
12610.952292
12610.416922
12611.008435
12650.414727
12637.871560
12688.313270
12969.404866
12571.731709
12773.894894
12751.161768
12771.033242
12688.157501
12670.671207
12685.807354
12662.707129
12637.281220
12647.292274
12637.359900
12669.954521
12670.208816
12691.188193
12624.741299
12622.800064
12624.042278
12653.809844
12637.170834
12679.891368
12654.230861
12649.093321
12665.443223
12653.386463
12650.020283
12646.467260
12646.620496
12610.541635
12610.965070
12610.528227
12661.827885
12620.811519
12667.740856
12686.455427
12638.241847
12673.563332
12667.857043
12649.941087
12683.454958
12661.262973
12659.805318
12659.163236
12651.353073
12633.297285
12622.566878
12645.447339
12692.749821
12694.943011
12679.034001
12664.571771
12621.983142
12635.640876
12649.303391
12646.936219
12644.774712
12664.091814
12623.932337
12634.455151
12653.455690
12636.175857
12650.082085
12650.457501
12661.056011
12658.677478
12650.194643
12625.368016
12677.480635
12635.984640
12636.330527
12675.964904
12635.948996
12646.230136
12670.096485
12661.197214
12649.910600
12667.577907
12667.849054
12620.777547
12620.123762
12619.972384
12621.674710
12619.363496
12633.435927
12635.325444
12649.679575
12622.265012
12624.186856
12619.462329
12620.606413
12622.325311
12610.104548
12619.178452
12619.251541
12618.606127
12620.059757
12619.425085
12620.088992
12620.959319
12620.042935
12610.177545
12609.366382
12647.600694
12648.141828
12646.275975
12634.246537
12610.545786
12622.167189
12623.282055
12634.153619
12609.974185
12619.384149
12645.880213
12634.223380
12610.298765
12648.140053
12612.741421
12634.239969
12647.976890
12647.191186
12647.998380
12623.075996
12623.663163
12634.874069
12635.672329
12636.969348
12650.243796
12658.618333
12661.672144
12650.109213
12651.649534
12638.293112
12612.804930
12612.476136
12623.051512
12622.846014
12664.490297
12649.625840
12610.451800
12644.405099
12621.362955
12663.107786
12621.861385
12632.334473
12624.328705
12637.410944
12623.418164
12624.088455
12685.475854
12640.127181
12651.842285
12610.610274
12639.401664
12610.530050
12676.713269
12639.669896
12649.518699
12598.325743
12623.288303
12612.107840
12623.145263
12622.407708
12645.949277
12675.946028
12684.298093
12671.826924
12666.864899
12652.019657
12663.217748
12600.016921
12660.066739
12675.813805
12635.716567
12655.447944
12635.583456
12662.268592
12633.295092
12609.975146
12608.422282
12597.914334
12609.264477
12610.140200
12633.325156
12622.872420
12644.925713
12645.028840
12648.296669
12666.724999
12639.834857
12662.954957
12661.651529
12638.569579
12639.233354
12636.296815
12635.723763
12611.008729
12623.472125
12675.166358
12609.965775
12634.700758
12623.434282
12620.132580
12622.646806
12623.015601
12622.412151
12631.913570
12621.551613
12623.660369
12623.034539
12658.871764
12622.377582
12631.928532
12624.296507
12621.585901
12620.299726
12608.554767
12608.563036
12609.264574
12609.365122
12689.687510
12607.140534
12645.521535
12633.596040
12645.594639
12646.142426
12635.605035
12612.899787
12623.180605
12599.776434
12638.119130
12598.538788
12609.238124
12648.636368
12648.670015
12649.907389
12666.135713
12666.536153
12664.759174
12640.148076
12665.427144
12770.547812
