12 ; 0 ; 40 ; 60 ; 320 ; 920 ; 3460 ; 11480 ; 40320 ; 137940 ; 477640 ; 1644720 ; 5678060
12 ; 0 ; 32 ; 36 ; 192 ; 420 ; 1496 ; 4032 ; 12736 ; 36720 ; 111592 ; 328944 ; 986976
12 ; 0 ; 36 ; 48 ; 244 ; 600 ; 2184 ; 6440 ; 21332 ; 66360 ; 213736 ; 675488 ; 2157352
12 ; 0 ; 28 ; 30 ; 140 ; 280 ; 922 ; 2310 ; 6900 ; 18858 ; 54888 ; 155408 ; 450410
12 ; 0 ; 28 ; 30 ; 140 ; 280 ; 922 ; 2310 ; 6900 ; 18858 ; 54888 ; 155408 ; 450410
12 ; 0 ; 30 ; 36 ; 174 ; 400 ; 1338 ; 3668 ; 11166 ; 32148 ; 95350 ; 278344 ; 819498
12 ; 0 ; 26 ; 30 ; 146 ; 310 ; 1040 ; 2674 ; 8050 ; 22152 ; 64506 ; 182248 ; 525968
12 ; 0 ; 24 ; 24 ; 124 ; 250 ; 840 ; 2142 ; 6428 ; 17808 ; 52004 ; 148610 ; 432328
12 ; 0 ; 24 ; 24 ; 120 ; 240 ; 810 ; 2058 ; 6224 ; 17250 ; 50684 ; 145156 ; 424134
12 ; 0 ; 26 ; 24 ; 126 ; 240 ; 830 ; 2058 ; 6302 ; 17268 ; 51026 ; 145376 ; 425754
12 ; 0 ; 26 ; 30 ; 138 ; 300 ; 968 ; 2534 ; 7474 ; 20766 ; 59926 ; 170192 ; 489768
12 ; 0 ; 24 ; 18 ; 112 ; 200 ; 744 ; 1834 ; 5816 ; 16074 ; 48414 ; 139172 ; 412120
12 ; 0 ; 28 ; 36 ; 172 ; 400 ; 1336 ; 3668 ; 11164 ; 32148 ; 95348 ; 278344 ; 819496
12 ; 0 ; 26 ; 30 ; 146 ; 310 ; 1040 ; 2674 ; 8050 ; 22152 ; 64506 ; 182248 ; 525968
12 ; 0 ; 26 ; 24 ; 126 ; 240 ; 830 ; 2058 ; 6302 ; 17268 ; 51026 ; 145376 ; 425754
12 ; 0 ; 26 ; 24 ; 130 ; 250 ; 866 ; 2156 ; 6562 ; 17970 ; 52756 ; 149908 ; 436726
12 ; 0 ; 28 ; 30 ; 152 ; 310 ; 1066 ; 2688 ; 8208 ; 22368 ; 65628 ; 184514 ; 534470
12 ; 0 ; 28 ; 36 ; 172 ; 400 ; 1336 ; 3668 ; 11164 ; 32148 ; 95348 ; 278344 ; 819496
12 ; 0 ; 26 ; 24 ; 130 ; 250 ; 866 ; 2156 ; 6562 ; 17970 ; 52756 ; 149908 ; 436726
12 ; 0 ; 26 ; 30 ; 138 ; 300 ; 968 ; 2534 ; 7474 ; 20766 ; 59926 ; 170192 ; 489768
12 ; 0 ; 24 ; 24 ; 116 ; 240 ; 786 ; 2044 ; 6100 ; 17106 ; 50044 ; 144122 ; 420770
12 ; 0 ; 24 ; 24 ; 116 ; 240 ; 786 ; 2044 ; 6100 ; 17106 ; 50044 ; 144122 ; 420770
12 ; 0 ; 26 ; 30 ; 138 ; 300 ; 968 ; 2534 ; 7474 ; 20766 ; 59926 ; 170192 ; 489768
12 ; 0 ; 24 ; 30 ; 136 ; 300 ; 966 ; 2534 ; 7472 ; 20766 ; 59924 ; 170192 ; 489766
12 ; 0 ; 22 ; 24 ; 114 ; 240 ; 784 ; 2044 ; 6098 ; 17106 ; 50042 ; 144122 ; 420768
12 ; 0 ; 22 ; 24 ; 114 ; 240 ; 784 ; 2044 ; 6098 ; 17106 ; 50042 ; 144122 ; 420768
12 ; 0 ; 24 ; 30 ; 136 ; 300 ; 966 ; 2534 ; 7472 ; 20766 ; 59924 ; 170192 ; 489766
12 ; 0 ; 24 ; 24 ; 116 ; 240 ; 786 ; 2044 ; 6100 ; 17106 ; 50044 ; 144122 ; 420770
12 ; 0 ; 22 ; 18 ; 102 ; 200 ; 706 ; 1834 ; 5678 ; 16074 ; 47922 ; 139172 ; 410394
12 ; 0 ; 26 ; 18 ; 118 ; 200 ; 764 ; 1834 ; 5886 ; 16074 ; 48666 ; 139172 ; 413044
12 ; 0 ; 24 ; 24 ; 108 ; 230 ; 738 ; 1960 ; 5844 ; 16584 ; 48704 ; 141218 ; 413850
12 ; 0 ; 24 ; 18 ; 108 ; 200 ; 720 ; 1834 ; 5708 ; 16074 ; 47984 ; 139172 ; 410520
12 ; 0 ; 28 ; 30 ; 132 ; 270 ; 850 ; 2170 ; 6356 ; 17616 ; 51068 ; 146168 ; 424866
12 ; 0 ; 22 ; 18 ; 106 ; 200 ; 724 ; 1834 ; 5746 ; 16074 ; 48162 ; 139172 ; 411208
12 ; 0 ; 24 ; 24 ; 112 ; 230 ; 750 ; 1960 ; 5872 ; 16584 ; 48764 ; 141218 ; 413974
12 ; 0 ; 24 ; 18 ; 108 ; 200 ; 726 ; 1834 ; 5748 ; 16074 ; 48164 ; 139172 ; 411210
12 ; 0 ; 28 ; 30 ; 148 ; 310 ; 1042 ; 2674 ; 8052 ; 22152 ; 64508 ; 182248 ; 525970
12 ; 0 ; 24 ; 24 ; 116 ; 240 ; 786 ; 2044 ; 6100 ; 17106 ; 50044 ; 144122 ; 420770
12 ; 0 ; 26 ; 30 ; 138 ; 300 ; 968 ; 2534 ; 7474 ; 20766 ; 59926 ; 170192 ; 489768
12 ; 0 ; 26 ; 24 ; 122 ; 240 ; 800 ; 2044 ; 6130 ; 17106 ; 50106 ; 144122 ; 420896
12 ; 0 ; 26 ; 24 ; 122 ; 240 ; 812 ; 2058 ; 6226 ; 17250 ; 50686 ; 145156 ; 424136
12 ; 0 ; 26 ; 24 ; 122 ; 240 ; 812 ; 2058 ; 6226 ; 17250 ; 50686 ; 145156 ; 424136
12 ; 0 ; 28 ; 24 ; 140 ; 240 ; 892 ; 1960 ; 6156 ; 15072 ; 43868 ; 113080 ; 317324
12 ; 0 ; 28 ; 24 ; 140 ; 240 ; 892 ; 1960 ; 6156 ; 15072 ; 43868 ; 113080 ; 317324
12 ; 0 ; 24 ; 24 ; 120 ; 220 ; 744 ; 1680 ; 4936 ; 12156 ; 33664 ; 86152 ; 232440
12 ; 0 ; 22 ; 18 ; 98 ; 160 ; 544 ; 1148 ; 3314 ; 7812 ; 21162 ; 52514 ; 138800
12 ; 0 ; 22 ; 18 ; 94 ; 150 ; 514 ; 1064 ; 3110 ; 7254 ; 19842 ; 49060 ; 130606
12 ; 0 ; 24 ; 18 ; 100 ; 150 ; 534 ; 1064 ; 3188 ; 7272 ; 20184 ; 49280 ; 132226
12 ; 0 ; 24 ; 24 ; 112 ; 210 ; 672 ; 1540 ; 4360 ; 10770 ; 29084 ; 74096 ; 196240
12 ; 0 ; 22 ; 12 ; 86 ; 110 ; 448 ; 840 ; 2702 ; 6078 ; 17572 ; 43076 ; 118592
12 ; 0 ; 24 ; 24 ; 120 ; 220 ; 744 ; 1680 ; 4936 ; 12156 ; 33664 ; 86152 ; 232440
12 ; 0 ; 24 ; 18 ; 100 ; 150 ; 534 ; 1064 ; 3188 ; 7272 ; 20184 ; 49280 ; 132226
12 ; 0 ; 24 ; 18 ; 104 ; 160 ; 570 ; 1162 ; 3448 ; 7974 ; 21914 ; 53812 ; 143198
12 ; 0 ; 28 ; 24 ; 132 ; 220 ; 796 ; 1708 ; 5252 ; 12588 ; 35908 ; 90684 ; 249444
12 ; 0 ; 26 ; 18 ; 110 ; 160 ; 596 ; 1176 ; 3606 ; 8190 ; 23036 ; 56078 ; 151700
12 ; 0 ; 24 ; 18 ; 96 ; 150 ; 516 ; 1064 ; 3112 ; 7254 ; 19844 ; 49060 ; 130608
12 ; 0 ; 24 ; 18 ; 96 ; 150 ; 516 ; 1064 ; 3112 ; 7254 ; 19844 ; 49060 ; 130608
12 ; 0 ; 22 ; 18 ; 94 ; 150 ; 514 ; 1064 ; 3110 ; 7254 ; 19842 ; 49060 ; 130606
12 ; 0 ; 22 ; 18 ; 94 ; 150 ; 514 ; 1064 ; 3110 ; 7254 ; 19842 ; 49060 ; 130606
12 ; 0 ; 22 ; 18 ; 94 ; 150 ; 514 ; 1064 ; 3110 ; 7254 ; 19842 ; 49060 ; 130606
12 ; 0 ; 22 ; 18 ; 94 ; 150 ; 514 ; 1064 ; 3110 ; 7254 ; 19842 ; 49060 ; 130606
12 ; 0 ; 22 ; 18 ; 94 ; 150 ; 514 ; 1064 ; 3110 ; 7254 ; 19842 ; 49060 ; 130606
12 ; 0 ; 24 ; 24 ; 112 ; 210 ; 672 ; 1540 ; 4360 ; 10770 ; 29084 ; 74096 ; 196240
12 ; 0 ; 22 ; 18 ; 90 ; 150 ; 490 ; 1050 ; 2986 ; 7110 ; 19202 ; 48026 ; 127242
12 ; 0 ; 22 ; 18 ; 90 ; 150 ; 490 ; 1050 ; 2986 ; 7110 ; 19202 ; 48026 ; 127242
12 ; 0 ; 26 ; 24 ; 118 ; 210 ; 686 ; 1540 ; 4390 ; 10770 ; 29146 ; 74096 ; 196366
12 ; 0 ; 20 ; 12 ; 80 ; 110 ; 428 ; 840 ; 2632 ; 6078 ; 17320 ; 43076 ; 117680
12 ; 0 ; 22 ; 12 ; 86 ; 110 ; 448 ; 840 ; 2702 ; 6078 ; 17572 ; 43076 ; 118592
12 ; 0 ; 22 ; 18 ; 94 ; 150 ; 514 ; 1064 ; 3110 ; 7254 ; 19842 ; 49060 ; 130606
12 ; 0 ; 20 ; 12 ; 80 ; 110 ; 428 ; 840 ; 2632 ; 6078 ; 17320 ; 43076 ; 117680
12 ; 0 ; 24 ; 24 ; 96 ; 170 ; 504 ; 1092 ; 2984 ; 7098 ; 18884 ; 47168 ; 124416
12 ; 0 ; 20 ; 12 ; 80 ; 110 ; 428 ; 840 ; 2632 ; 6078 ; 17320 ; 43076 ; 117680
12 ; 0 ; 24 ; 18 ; 96 ; 150 ; 516 ; 1064 ; 3112 ; 7254 ; 19844 ; 49060 ; 130608
12 ; 0 ; 22 ; 18 ; 86 ; 140 ; 454 ; 966 ; 2758 ; 6588 ; 17922 ; 45122 ; 120446
12 ; 0 ; 20 ; 12 ; 76 ; 110 ; 410 ; 840 ; 2564 ; 6078 ; 17080 ; 43076 ; 116866
12 ; 0 ; 22 ; 12 ; 82 ; 110 ; 430 ; 840 ; 2634 ; 6078 ; 17322 ; 43076 ; 117682
12 ; 0 ; 24 ; 24 ; 96 ; 170 ; 504 ; 1092 ; 2984 ; 7098 ; 18884 ; 47168 ; 124416
12 ; 0 ; 20 ; 12 ; 76 ; 110 ; 404 ; 840 ; 2532 ; 6078 ; 16960 ; 43076 ; 116476
12 ; 0 ; 22 ; 18 ; 82 ; 140 ; 442 ; 966 ; 2730 ; 6588 ; 17862 ; 45122 ; 120322
12 ; 0 ; 22 ; 12 ; 82 ; 110 ; 424 ; 840 ; 2594 ; 6078 ; 17142 ; 43076 ; 116992
12 ; 0 ; 24 ; 18 ; 96 ; 150 ; 504 ; 1050 ; 3016 ; 7110 ; 19264 ; 48026 ; 127368
12 ; 0 ; 22 ; 12 ; 82 ; 110 ; 424 ; 840 ; 2594 ; 6078 ; 17142 ; 43076 ; 116992
12 ; 0 ; 26 ; 24 ; 122 ; 220 ; 746 ; 1680 ; 4938 ; 12156 ; 33666 ; 86152 ; 232442
12 ; 0 ; 22 ; 18 ; 94 ; 150 ; 514 ; 1064 ; 3110 ; 7254 ; 19842 ; 49060 ; 130606
12 ; 0 ; 20 ; 18 ; 88 ; 150 ; 488 ; 1050 ; 2984 ; 7110 ; 19200 ; 48026 ; 127240
12 ; 0 ; 24 ; 24 ; 112 ; 210 ; 672 ; 1540 ; 4360 ; 10770 ; 29084 ; 74096 ; 196240
12 ; 0 ; 22 ; 18 ; 90 ; 150 ; 490 ; 1050 ; 2986 ; 7110 ; 19202 ; 48026 ; 127242
12 ; 0 ; 20 ; 18 ; 80 ; 140 ; 440 ; 966 ; 2728 ; 6588 ; 17860 ; 45122 ; 120320
12 ; 0 ; 20 ; 12 ; 76 ; 110 ; 410 ; 840 ; 2564 ; 6078 ; 17080 ; 43076 ; 116866
12 ; 0 ; 24 ; 12 ; 92 ; 110 ; 468 ; 840 ; 2772 ; 6078 ; 17824 ; 43076 ; 119516
12 ; 0 ; 22 ; 18 ; 98 ; 160 ; 544 ; 1148 ; 3314 ; 7812 ; 21162 ; 52514 ; 138800
12 ; 0 ; 24 ; 24 ; 104 ; 200 ; 600 ; 1400 ; 3784 ; 9384 ; 24504 ; 62040 ; 160040
12 ; 0 ; 22 ; 18 ; 86 ; 140 ; 442 ; 924 ; 2534 ; 5868 ; 15262 ; 37004 ; 94406
12 ; 0 ; 22 ; 18 ; 90 ; 150 ; 472 ; 1008 ; 2738 ; 6426 ; 16582 ; 40458 ; 102600
12 ; 0 ; 22 ; 12 ; 78 ; 100 ; 376 ; 700 ; 2126 ; 4692 ; 12992 ; 31020 ; 82392
12 ; 0 ; 24 ; 18 ; 92 ; 140 ; 462 ; 924 ; 2612 ; 5886 ; 15604 ; 37224 ; 96026
12 ; 0 ; 20 ; 12 ; 76 ; 100 ; 374 ; 700 ; 2124 ; 4692 ; 12990 ; 31020 ; 82390
12 ; 0 ; 20 ; 12 ; 76 ; 100 ; 374 ; 700 ; 2124 ; 4692 ; 12990 ; 31020 ; 82390
12 ; 0 ; 20 ; 12 ; 76 ; 100 ; 374 ; 700 ; 2124 ; 4692 ; 12990 ; 31020 ; 82390
12 ; 0 ; 20 ; 12 ; 76 ; 100 ; 374 ; 700 ; 2124 ; 4692 ; 12990 ; 31020 ; 82390
12 ; 0 ; 20 ; 18 ; 88 ; 150 ; 470 ; 1008 ; 2736 ; 6426 ; 16580 ; 40458 ; 102598
12 ; 0 ; 20 ; 18 ; 84 ; 140 ; 440 ; 924 ; 2532 ; 5868 ; 15260 ; 37004 ; 94404
12 ; 0 ; 22 ; 24 ; 102 ; 200 ; 598 ; 1400 ; 3782 ; 9384 ; 24502 ; 62040 ; 160038
12 ; 0 ; 20 ; 12 ; 72 ; 100 ; 356 ; 700 ; 2056 ; 4692 ; 12740 ; 31020 ; 81480
12 ; 0 ; 24 ; 24 ; 104 ; 200 ; 600 ; 1400 ; 3784 ; 9384 ; 24504 ; 62040 ; 160040
12 ; 0 ; 20 ; 18 ; 80 ; 140 ; 416 ; 910 ; 2408 ; 5724 ; 14620 ; 35970 ; 91040
12 ; 0 ; 20 ; 18 ; 80 ; 140 ; 416 ; 910 ; 2408 ; 5724 ; 14620 ; 35970 ; 91040
12 ; 0 ; 22 ; 24 ; 102 ; 200 ; 598 ; 1400 ; 3782 ; 9384 ; 24502 ; 62040 ; 160038
12 ; 0 ; 18 ; 12 ; 70 ; 100 ; 354 ; 700 ; 2054 ; 4692 ; 12738 ; 31020 ; 81478
12 ; 0 ; 18 ; 12 ; 70 ; 100 ; 354 ; 700 ; 2054 ; 4692 ; 12738 ; 31020 ; 81478
12 ; 0 ; 20 ; 18 ; 80 ; 140 ; 416 ; 910 ; 2408 ; 5724 ; 14620 ; 35970 ; 91040
12 ; 0 ; 18 ; 12 ; 66 ; 100 ; 336 ; 700 ; 1986 ; 4692 ; 12498 ; 31020 ; 80664
12 ; 0 ; 20 ; 12 ; 72 ; 100 ; 356 ; 700 ; 2056 ; 4692 ; 12740 ; 31020 ; 81480
12 ; 0 ; 20 ; 18 ; 72 ; 130 ; 368 ; 826 ; 2152 ; 5202 ; 13280 ; 33066 ; 84120
12 ; 0 ; 18 ; 12 ; 66 ; 100 ; 336 ; 700 ; 1986 ; 4692 ; 12498 ; 31020 ; 80664
12 ; 0 ; 22 ; 18 ; 86 ; 140 ; 430 ; 910 ; 2438 ; 5724 ; 14682 ; 35970 ; 91166
12 ; 0 ; 18 ; 12 ; 66 ; 100 ; 336 ; 700 ; 1986 ; 4692 ; 12498 ; 31020 ; 80664
12 ; 0 ; 18 ; 12 ; 62 ; 100 ; 318 ; 700 ; 1926 ; 4692 ; 12318 ; 31020 ; 80150
12 ; 0 ; 18 ; 12 ; 62 ; 100 ; 318 ; 700 ; 1926 ; 4692 ; 12318 ; 31020 ; 80150
12 ; 0 ; 20 ; 12 ; 72 ; 100 ; 350 ; 700 ; 2016 ; 4692 ; 12560 ; 31020 ; 80790
12 ; 0 ; 20 ; 18 ; 80 ; 140 ; 416 ; 910 ; 2408 ; 5724 ; 14620 ; 35970 ; 91040
12 ; 0 ; 18 ; 18 ; 70 ; 130 ; 366 ; 826 ; 2150 ; 5202 ; 13278 ; 33066 ; 84118
12 ; 0 ; 16 ; 12 ; 60 ; 100 ; 316 ; 700 ; 1924 ; 4692 ; 12316 ; 31020 ; 80148
12 ; 0 ; 18 ; 18 ; 70 ; 130 ; 366 ; 826 ; 2150 ; 5202 ; 13278 ; 33066 ; 84118
12 ; 0 ; 18 ; 12 ; 66 ; 100 ; 330 ; 700 ; 1954 ; 4692 ; 12378 ; 31020 ; 80274
12 ; 0 ; 20 ; 18 ; 76 ; 130 ; 380 ; 826 ; 2180 ; 5202 ; 13340 ; 33066 ; 84244
12 ; 0 ; 18 ; 12 ; 66 ; 100 ; 336 ; 700 ; 1986 ; 4692 ; 12498 ; 31020 ; 80664
12 ; 0 ; 22 ; 18 ; 86 ; 140 ; 442 ; 924 ; 2534 ; 5868 ; 15262 ; 37004 ; 94406
12 ; 0 ; 22 ; 18 ; 86 ; 140 ; 442 ; 924 ; 2534 ; 5868 ; 15262 ; 37004 ; 94406
12 ; 0 ; 20 ; 24 ; 100 ; 200 ; 596 ; 1400 ; 3780 ; 9384 ; 24500 ; 62040 ; 160036
12 ; 0 ; 18 ; 18 ; 78 ; 140 ; 414 ; 910 ; 2406 ; 5724 ; 14618 ; 35970 ; 91038
12 ; 0 ; 18 ; 18 ; 78 ; 140 ; 414 ; 910 ; 2406 ; 5724 ; 14618 ; 35970 ; 91038
12 ; 0 ; 20 ; 18 ; 80 ; 140 ; 416 ; 910 ; 2408 ; 5724 ; 14620 ; 35970 ; 91040
12 ; 0 ; 16 ; 12 ; 64 ; 100 ; 334 ; 700 ; 1984 ; 4692 ; 12496 ; 31020 ; 80662
12 ; 0 ; 20 ; 12 ; 76 ; 100 ; 374 ; 700 ; 2124 ; 4692 ; 12990 ; 31020 ; 82390
12 ; 0 ; 18 ; 18 ; 70 ; 130 ; 366 ; 826 ; 2150 ; 5202 ; 13278 ; 33066 ; 84118
12 ; 0 ; 18 ; 12 ; 66 ; 100 ; 336 ; 700 ; 1986 ; 4692 ; 12498 ; 31020 ; 80664
12 ; 0 ; 18 ; 12 ; 66 ; 100 ; 330 ; 700 ; 1954 ; 4692 ; 12378 ; 31020 ; 80274
12 ; 0 ; 22 ; 24 ; 86 ; 160 ; 430 ; 952 ; 2406 ; 5712 ; 14302 ; 35112 ; 88214
12 ; 0 ; 18 ; 12 ; 70 ; 100 ; 354 ; 700 ; 2054 ; 4692 ; 12738 ; 31020 ; 81478
12 ; 0 ; 20 ; 24 ; 100 ; 200 ; 596 ; 1400 ; 3780 ; 9384 ; 24500 ; 62040 ; 160036
12 ; 0 ; 20 ; 12 ; 76 ; 100 ; 374 ; 700 ; 2124 ; 4692 ; 12990 ; 31020 ; 82390
12 ; 0 ; 18 ; 12 ; 66 ; 100 ; 336 ; 700 ; 1986 ; 4692 ; 12498 ; 31020 ; 80664
12 ; 0 ; 18 ; 18 ; 78 ; 140 ; 414 ; 910 ; 2406 ; 5724 ; 14618 ; 35970 ; 91038
12 ; 0 ; 20 ; 18 ; 84 ; 140 ; 440 ; 924 ; 2532 ; 5868 ; 15260 ; 37004 ; 94404
12 ; 0 ; 18 ; 12 ; 70 ; 100 ; 354 ; 700 ; 2054 ; 4692 ; 12738 ; 31020 ; 81478
12 ; 0 ; 20 ; 18 ; 76 ; 130 ; 380 ; 826 ; 2180 ; 5202 ; 13340 ; 33066 ; 84244
12 ; 0 ; 20 ; 18 ; 80 ; 140 ; 416 ; 910 ; 2408 ; 5724 ; 14620 ; 35970 ; 91040
12 ; 0 ; 20 ; 18 ; 84 ; 140 ; 440 ; 924 ; 2532 ; 5868 ; 15260 ; 37004 ; 94404
12 ; 0 ; 20 ; 18 ; 84 ; 140 ; 440 ; 924 ; 2532 ; 5868 ; 15260 ; 37004 ; 94404
12 ; 0 ; 20 ; 18 ; 84 ; 140 ; 440 ; 924 ; 2532 ; 5868 ; 15260 ; 37004 ; 94404
12 ; 0 ; 20 ; 18 ; 84 ; 140 ; 440 ; 924 ; 2532 ; 5868 ; 15260 ; 37004 ; 94404
12 ; 0 ; 18 ; 12 ; 70 ; 100 ; 354 ; 700 ; 2054 ; 4692 ; 12738 ; 31020 ; 81478
12 ; 0 ; 22 ; 24 ; 86 ; 160 ; 430 ; 952 ; 2406 ; 5712 ; 14302 ; 35112 ; 88214
12 ; 0 ; 18 ; 12 ; 70 ; 100 ; 354 ; 700 ; 2054 ; 4692 ; 12738 ; 31020 ; 81478
12 ; 0 ; 22 ; 18 ; 90 ; 150 ; 472 ; 1008 ; 2738 ; 6426 ; 16582 ; 40458 ; 102600
12 ; 0 ; 22 ; 18 ; 78 ; 130 ; 382 ; 826 ; 2182 ; 5202 ; 13342 ; 33066 ; 84246
12 ; 0 ; 20 ; 12 ; 72 ; 100 ; 356 ; 700 ; 2056 ; 4692 ; 12740 ; 31020 ; 81480
12 ; 0 ; 22 ; 18 ; 86 ; 140 ; 442 ; 924 ; 2534 ; 5868 ; 15262 ; 37004 ; 94406
12 ; 0 ; 20 ; 18 ; 80 ; 140 ; 416 ; 910 ; 2408 ; 5724 ; 14620 ; 35970 ; 91040
12 ; 0 ; 20 ; 12 ; 68 ; 100 ; 338 ; 700 ; 1988 ; 4692 ; 12500 ; 31020 ; 80666
12 ; 0 ; 22 ; 12 ; 78 ; 100 ; 376 ; 700 ; 2126 ; 4692 ; 12992 ; 31020 ; 82392
12 ; 0 ; 22 ; 18 ; 86 ; 140 ; 442 ; 924 ; 2534 ; 5868 ; 15262 ; 37004 ; 94406
12 ; 0 ; 22 ; 18 ; 82 ; 140 ; 418 ; 910 ; 2410 ; 5724 ; 14622 ; 35970 ; 91042
12 ; 0 ; 24 ; 24 ; 104 ; 200 ; 600 ; 1400 ; 3784 ; 9384 ; 24504 ; 62040 ; 160040
12 ; 0 ; 20 ; 12 ; 68 ; 100 ; 338 ; 700 ; 1988 ; 4692 ; 12500 ; 31020 ; 80666
12 ; 0 ; 22 ; 12 ; 78 ; 100 ; 376 ; 700 ; 2126 ; 4692 ; 12992 ; 31020 ; 82392
12 ; 0 ; 20 ; 18 ; 72 ; 130 ; 368 ; 826 ; 2152 ; 5202 ; 13280 ; 33066 ; 84120
12 ; 0 ; 18 ; 12 ; 66 ; 100 ; 336 ; 700 ; 1986 ; 4692 ; 12498 ; 31020 ; 80664
12 ; 0 ; 20 ; 18 ; 80 ; 140 ; 416 ; 910 ; 2408 ; 5724 ; 14620 ; 35970 ; 91040
12 ; 0 ; 22 ; 18 ; 82 ; 140 ; 418 ; 910 ; 2410 ; 5724 ; 14622 ; 35970 ; 91042
12 ; 0 ; 20 ; 12 ; 68 ; 100 ; 332 ; 700 ; 1956 ; 4692 ; 12380 ; 31020 ; 80276
12 ; 0 ; 20 ; 12 ; 68 ; 100 ; 338 ; 700 ; 1988 ; 4692 ; 12500 ; 31020 ; 80666
12 ; 0 ; 20 ; 18 ; 72 ; 130 ; 368 ; 826 ; 2152 ; 5202 ; 13280 ; 33066 ; 84120
12 ; 0 ; 20 ; 18 ; 80 ; 140 ; 416 ; 910 ; 2408 ; 5724 ; 14620 ; 35970 ; 91040
12 ; 0 ; 24 ; 24 ; 104 ; 200 ; 600 ; 1400 ; 3784 ; 9384 ; 24504 ; 62040 ; 160040
12 ; 0 ; 24 ; 18 ; 92 ; 140 ; 456 ; 924 ; 2564 ; 5868 ; 15324 ; 37004 ; 94532
12 ; 0 ; 22 ; 18 ; 82 ; 140 ; 418 ; 910 ; 2410 ; 5724 ; 14622 ; 35970 ; 91042
12 ; 0 ; 24 ; 18 ; 92 ; 140 ; 456 ; 924 ; 2564 ; 5868 ; 15324 ; 37004 ; 94532
12 ; 0 ; 22 ; 18 ; 86 ; 140 ; 430 ; 910 ; 2438 ; 5724 ; 14682 ; 35970 ; 91166
12 ; 0 ; 18 ; 12 ; 66 ; 100 ; 336 ; 700 ; 1986 ; 4692 ; 12498 ; 31020 ; 80664
12 ; 0 ; 20 ; 12 ; 72 ; 100 ; 356 ; 700 ; 2056 ; 4692 ; 12740 ; 31020 ; 81480
12 ; 0 ; 20 ; 18 ; 72 ; 130 ; 368 ; 826 ; 2152 ; 5202 ; 13280 ; 33066 ; 84120
12 ; 0 ; 18 ; 12 ; 66 ; 100 ; 336 ; 700 ; 1986 ; 4692 ; 12498 ; 31020 ; 80664
12 ; 0 ; 20 ; 18 ; 80 ; 140 ; 416 ; 910 ; 2408 ; 5724 ; 14620 ; 35970 ; 91040
12 ; 0 ; 18 ; 12 ; 66 ; 100 ; 330 ; 700 ; 1954 ; 4692 ; 12378 ; 31020 ; 80274
12 ; 0 ; 18 ; 12 ; 66 ; 100 ; 336 ; 700 ; 1986 ; 4692 ; 12498 ; 31020 ; 80664
12 ; 0 ; 16 ; 12 ; 60 ; 100 ; 316 ; 700 ; 1924 ; 4692 ; 12316 ; 31020 ; 80148
12 ; 0 ; 18 ; 18 ; 70 ; 130 ; 366 ; 826 ; 2150 ; 5202 ; 13278 ; 33066 ; 84118
12 ; 0 ; 18 ; 12 ; 62 ; 100 ; 318 ; 700 ; 1926 ; 4692 ; 12318 ; 31020 ; 80150
12 ; 0 ; 20 ; 18 ; 80 ; 140 ; 416 ; 910 ; 2408 ; 5724 ; 14620 ; 35970 ; 91040
12 ; 0 ; 18 ; 18 ; 70 ; 130 ; 366 ; 826 ; 2150 ; 5202 ; 13278 ; 33066 ; 84118
12 ; 0 ; 18 ; 12 ; 62 ; 100 ; 318 ; 700 ; 1926 ; 4692 ; 12318 ; 31020 ; 80150
12 ; 0 ; 18 ; 12 ; 66 ; 100 ; 336 ; 700 ; 1986 ; 4692 ; 12498 ; 31020 ; 80664
12 ; 0 ; 20 ; 12 ; 72 ; 100 ; 350 ; 700 ; 2016 ; 4692 ; 12560 ; 31020 ; 80790
12 ; 0 ; 18 ; 12 ; 62 ; 100 ; 318 ; 700 ; 1926 ; 4692 ; 12318 ; 31020 ; 80150
12 ; 0 ; 18 ; 12 ; 62 ; 100 ; 318 ; 700 ; 1926 ; 4692 ; 12318 ; 31020 ; 80150
12 ; 0 ; 24 ; 24 ; 96 ; 170 ; 480 ; 1036 ; 2664 ; 6234 ; 15644 ; 38016 ; 95136
12 ; 0 ; 18 ; 12 ; 62 ; 100 ; 318 ; 700 ; 1926 ; 4692 ; 12318 ; 31020 ; 80150
12 ; 0 ; 20 ; 18 ; 72 ; 130 ; 368 ; 826 ; 2152 ; 5202 ; 13280 ; 33066 ; 84120
12 ; 0 ; 20 ; 18 ; 72 ; 130 ; 368 ; 826 ; 2152 ; 5202 ; 13280 ; 33066 ; 84120
12 ; 0 ; 26 ; 30 ; 118 ; 230 ; 662 ; 1526 ; 4038 ; 9894 ; 25526 ; 64086 ; 164134
12 ; 0 ; 18 ; 12 ; 62 ; 100 ; 318 ; 700 ; 1926 ; 4692 ; 12318 ; 31020 ; 80150
12 ; 0 ; 18 ; 12 ; 62 ; 100 ; 318 ; 700 ; 1926 ; 4692 ; 12318 ; 31020 ; 80150
12 ; 0 ; 18 ; 12 ; 62 ; 100 ; 318 ; 700 ; 1926 ; 4692 ; 12318 ; 31020 ; 80150
12 ; 0 ; 24 ; 24 ; 96 ; 170 ; 480 ; 1036 ; 2664 ; 6234 ; 15644 ; 38016 ; 95136
12 ; 0 ; 18 ; 12 ; 70 ; 100 ; 354 ; 700 ; 2054 ; 4692 ; 12738 ; 31020 ; 81478
12 ; 0 ; 20 ; 24 ; 100 ; 200 ; 596 ; 1400 ; 3780 ; 9384 ; 24500 ; 62040 ; 160036
12 ; 0 ; 18 ; 12 ; 70 ; 100 ; 354 ; 700 ; 2054 ; 4692 ; 12738 ; 31020 ; 81478
12 ; 0 ; 18 ; 12 ; 70 ; 100 ; 354 ; 700 ; 2054 ; 4692 ; 12738 ; 31020 ; 81478
12 ; 0 ; 22 ; 18 ; 90 ; 150 ; 472 ; 1008 ; 2738 ; 6426 ; 16582 ; 40458 ; 102600
12 ; 0 ; 22 ; 24 ; 102 ; 200 ; 598 ; 1400 ; 3782 ; 9384 ; 24502 ; 62040 ; 160038
12 ; 0 ; 20 ; 12 ; 72 ; 100 ; 356 ; 700 ; 2056 ; 4692 ; 12740 ; 31020 ; 81480
12 ; 0 ; 18 ; 12 ; 70 ; 100 ; 354 ; 700 ; 2054 ; 4692 ; 12738 ; 31020 ; 81478
12 ; 0 ; 18 ; 12 ; 70 ; 100 ; 354 ; 700 ; 2054 ; 4692 ; 12738 ; 31020 ; 81478
12 ; 0 ; 18 ; 12 ; 66 ; 100 ; 336 ; 700 ; 1986 ; 4692 ; 12498 ; 31020 ; 80664
12 ; 0 ; 18 ; 12 ; 66 ; 100 ; 330 ; 700 ; 1954 ; 4692 ; 12378 ; 31020 ; 80274
12 ; 0 ; 18 ; 12 ; 66 ; 100 ; 336 ; 700 ; 1986 ; 4692 ; 12498 ; 31020 ; 80664
12 ; 0 ; 18 ; 12 ; 70 ; 100 ; 354 ; 700 ; 2054 ; 4692 ; 12738 ; 31020 ; 81478
12 ; 0 ; 20 ; 24 ; 100 ; 200 ; 596 ; 1400 ; 3780 ; 9384 ; 24500 ; 62040 ; 160036
12 ; 0 ; 18 ; 12 ; 66 ; 100 ; 330 ; 700 ; 1954 ; 4692 ; 12378 ; 31020 ; 80274
12 ; 0 ; 20 ; 18 ; 80 ; 140 ; 416 ; 910 ; 2408 ; 5724 ; 14620 ; 35970 ; 91040
12 ; 0 ; 16 ; 12 ; 64 ; 100 ; 334 ; 700 ; 1984 ; 4692 ; 12496 ; 31020 ; 80662
12 ; 0 ; 18 ; 12 ; 70 ; 100 ; 354 ; 700 ; 2054 ; 4692 ; 12738 ; 31020 ; 81478
12 ; 0 ; 18 ; 18 ; 70 ; 130 ; 366 ; 826 ; 2150 ; 5202 ; 13278 ; 33066 ; 84118
12 ; 0 ; 20 ; 12 ; 72 ; 100 ; 350 ; 700 ; 2016 ; 4692 ; 12560 ; 31020 ; 80790
12 ; 0 ; 18 ; 12 ; 66 ; 100 ; 336 ; 700 ; 1986 ; 4692 ; 12498 ; 31020 ; 80664
12 ; 0 ; 18 ; 12 ; 62 ; 100 ; 318 ; 700 ; 1926 ; 4692 ; 12318 ; 31020 ; 80150
12 ; 0 ; 20 ; 18 ; 76 ; 130 ; 380 ; 826 ; 2180 ; 5202 ; 13340 ; 33066 ; 84244
12 ; 0 ; 18 ; 12 ; 62 ; 100 ; 318 ; 700 ; 1926 ; 4692 ; 12318 ; 31020 ; 80150
12 ; 0 ; 22 ; 18 ; 86 ; 140 ; 430 ; 910 ; 2438 ; 5724 ; 14682 ; 35970 ; 91166
12 ; 0 ; 20 ; 18 ; 72 ; 130 ; 368 ; 826 ; 2152 ; 5202 ; 13280 ; 33066 ; 84120
12 ; 0 ; 18 ; 12 ; 62 ; 100 ; 318 ; 700 ; 1926 ; 4692 ; 12318 ; 31020 ; 80150
12 ; 0 ; 18 ; 12 ; 66 ; 100 ; 336 ; 700 ; 1986 ; 4692 ; 12498 ; 31020 ; 80664
12 ; 0 ; 20 ; 12 ; 72 ; 100 ; 350 ; 700 ; 2016 ; 4692 ; 12560 ; 31020 ; 80790
12 ; 0 ; 22 ; 18 ; 82 ; 140 ; 418 ; 910 ; 2410 ; 5724 ; 14622 ; 35970 ; 91042
12 ; 0 ; 20 ; 12 ; 72 ; 100 ; 356 ; 700 ; 2056 ; 4692 ; 12740 ; 31020 ; 81480
12 ; 0 ; 20 ; 12 ; 72 ; 100 ; 356 ; 700 ; 2056 ; 4692 ; 12740 ; 31020 ; 81480
12 ; 0 ; 22 ; 18 ; 82 ; 140 ; 418 ; 910 ; 2410 ; 5724 ; 14622 ; 35970 ; 91042
12 ; 0 ; 22 ; 18 ; 82 ; 140 ; 418 ; 910 ; 2410 ; 5724 ; 14622 ; 35970 ; 91042
12 ; 0 ; 20 ; 12 ; 72 ; 100 ; 356 ; 700 ; 2056 ; 4692 ; 12740 ; 31020 ; 81480
12 ; 0 ; 20 ; 12 ; 72 ; 100 ; 356 ; 700 ; 2056 ; 4692 ; 12740 ; 31020 ; 81480
12 ; 0 ; 22 ; 18 ; 82 ; 140 ; 418 ; 910 ; 2410 ; 5724 ; 14622 ; 35970 ; 91042
12 ; 0 ; 22 ; 18 ; 82 ; 130 ; 400 ; 826 ; 2242 ; 5202 ; 13522 ; 33066 ; 84760
12 ; 0 ; 20 ; 12 ; 72 ; 100 ; 350 ; 700 ; 2016 ; 4692 ; 12560 ; 31020 ; 80790
12 ; 0 ; 22 ; 18 ; 86 ; 140 ; 430 ; 910 ; 2438 ; 5724 ; 14682 ; 35970 ; 91166
12 ; 0 ; 22 ; 24 ; 86 ; 160 ; 430 ; 952 ; 2406 ; 5712 ; 14302 ; 35112 ; 88214
12 ; 0 ; 20 ; 18 ; 76 ; 130 ; 380 ; 826 ; 2180 ; 5202 ; 13340 ; 33066 ; 84244
12 ; 0 ; 24 ; 24 ; 88 ; 160 ; 432 ; 952 ; 2408 ; 5712 ; 14304 ; 35112 ; 88216
12 ; 0 ; 20 ; 18 ; 72 ; 130 ; 368 ; 826 ; 2152 ; 5202 ; 13280 ; 33066 ; 84120
12 ; 0 ; 16 ; 12 ; 60 ; 100 ; 316 ; 700 ; 1924 ; 4692 ; 12316 ; 31020 ; 80148
12 ; 0 ; 18 ; 18 ; 70 ; 130 ; 366 ; 826 ; 2150 ; 5202 ; 13278 ; 33066 ; 84118
12 ; 0 ; 18 ; 12 ; 62 ; 100 ; 318 ; 700 ; 1926 ; 4692 ; 12318 ; 31020 ; 80150
12 ; 0 ; 22 ; 12 ; 78 ; 100 ; 370 ; 700 ; 2078 ; 4692 ; 12742 ; 31020 ; 81306
12 ; 0 ; 22 ; 12 ; 78 ; 100 ; 370 ; 700 ; 2078 ; 4692 ; 12742 ; 31020 ; 81306
12 ; 0 ; 18 ; 12 ; 66 ; 100 ; 330 ; 700 ; 1954 ; 4692 ; 12378 ; 31020 ; 80274
12 ; 0 ; 18 ; 12 ; 66 ; 100 ; 330 ; 700 ; 1954 ; 4692 ; 12378 ; 31020 ; 80274
12 ; 0 ; 22 ; 18 ; 86 ; 140 ; 430 ; 910 ; 2438 ; 5724 ; 14682 ; 35970 ; 91166
12 ; 0 ; 18 ; 12 ; 62 ; 100 ; 318 ; 700 ; 1926 ; 4692 ; 12318 ; 31020 ; 80150
12 ; 0 ; 18 ; 12 ; 58 ; 100 ; 306 ; 700 ; 1898 ; 4692 ; 12258 ; 31020 ; 80026
12 ; 0 ; 20 ; 12 ; 68 ; 100 ; 332 ; 700 ; 1956 ; 4692 ; 12380 ; 31020 ; 80276
12 ; 0 ; 22 ; 12 ; 78 ; 100 ; 370 ; 700 ; 2086 ; 4692 ; 12802 ; 31020 ; 81606
12 ; 0 ; 18 ; 12 ; 62 ; 100 ; 318 ; 700 ; 1926 ; 4692 ; 12318 ; 31020 ; 80150
12 ; 0 ; 20 ; 12 ; 72 ; 100 ; 350 ; 700 ; 2016 ; 4692 ; 12560 ; 31020 ; 80790
12 ; 0 ; 22 ; 18 ; 78 ; 130 ; 382 ; 826 ; 2182 ; 5202 ; 13342 ; 33066 ; 84246
12 ; 0 ; 22 ; 12 ; 78 ; 100 ; 370 ; 700 ; 2078 ; 4692 ; 12742 ; 31020 ; 81306
12 ; 0 ; 18 ; 12 ; 62 ; 100 ; 318 ; 700 ; 1926 ; 4692 ; 12318 ; 31020 ; 80150
12 ; 0 ; 20 ; 18 ; 72 ; 130 ; 368 ; 826 ; 2152 ; 5202 ; 13280 ; 33066 ; 84120
12 ; 0 ; 20 ; 18 ; 76 ; 130 ; 380 ; 826 ; 2180 ; 5202 ; 13340 ; 33066 ; 84244
12 ; 0 ; 22 ; 12 ; 78 ; 100 ; 370 ; 700 ; 2086 ; 4692 ; 12802 ; 31020 ; 81606
12 ; 0 ; 20 ; 18 ; 72 ; 130 ; 368 ; 826 ; 2152 ; 5202 ; 13280 ; 33066 ; 84120
12 ; 0 ; 22 ; 18 ; 86 ; 140 ; 430 ; 910 ; 2438 ; 5724 ; 14682 ; 35970 ; 91166
12 ; 0 ; 18 ; 18 ; 70 ; 130 ; 366 ; 826 ; 2150 ; 5202 ; 13278 ; 33066 ; 84118
12 ; 0 ; 18 ; 12 ; 62 ; 100 ; 318 ; 700 ; 1926 ; 4692 ; 12318 ; 31020 ; 80150
12 ; 0 ; 18 ; 12 ; 62 ; 100 ; 318 ; 700 ; 1926 ; 4692 ; 12318 ; 31020 ; 80150
12 ; 0 ; 24 ; 24 ; 96 ; 170 ; 480 ; 1036 ; 2664 ; 6234 ; 15644 ; 38016 ; 95136
12 ; 0 ; 22 ; 18 ; 82 ; 140 ; 418 ; 910 ; 2410 ; 5724 ; 14622 ; 35970 ; 91042
12 ; 0 ; 20 ; 18 ; 72 ; 130 ; 368 ; 826 ; 2152 ; 5202 ; 13280 ; 33066 ; 84120
12 ; 0 ; 20 ; 12 ; 68 ; 100 ; 332 ; 700 ; 1956 ; 4692 ; 12380 ; 31020 ; 80276
12 ; 0 ; 22 ; 18 ; 78 ; 130 ; 382 ; 826 ; 2182 ; 5202 ; 13342 ; 33066 ; 84246
12 ; 0 ; 22 ; 18 ; 78 ; 130 ; 382 ; 826 ; 2182 ; 5202 ; 13342 ; 33066 ; 84246
12 ; 0 ; 20 ; 12 ; 68 ; 100 ; 332 ; 700 ; 1956 ; 4692 ; 12380 ; 31020 ; 80276
12 ; 0 ; 20 ; 18 ; 76 ; 130 ; 380 ; 826 ; 2180 ; 5202 ; 13340 ; 33066 ; 84244
12 ; 0 ; 24 ; 18 ; 92 ; 140 ; 450 ; 910 ; 2500 ; 5724 ; 14864 ; 35970 ; 91682
12 ; 0 ; 22 ; 12 ; 78 ; 100 ; 370 ; 700 ; 2078 ; 4692 ; 12742 ; 31020 ; 81306
12 ; 0 ; 24 ; 24 ; 88 ; 160 ; 432 ; 952 ; 2408 ; 5712 ; 14304 ; 35112 ; 88216
12 ; 0 ; 22 ; 24 ; 86 ; 160 ; 430 ; 952 ; 2406 ; 5712 ; 14302 ; 35112 ; 88214
12 ; 0 ; 30 ; 36 ; 150 ; 300 ; 894 ; 2100 ; 5670 ; 14076 ; 36750 ; 93060 ; 240054
12 ; 0 ; 20 ; 12 ; 76 ; 100 ; 344 ; 616 ; 1692 ; 3468 ; 8660 ; 18876 ; 45160
12 ; 0 ; 20 ; 12 ; 72 ; 90 ; 314 ; 532 ; 1488 ; 2910 ; 7340 ; 15422 ; 36966
12 ; 0 ; 22 ; 12 ; 78 ; 90 ; 334 ; 532 ; 1566 ; 2928 ; 7682 ; 15642 ; 38586
12 ; 0 ; 20 ; 6 ; 64 ; 50 ; 248 ; 308 ; 1080 ; 1734 ; 5070 ; 9438 ; 24952
12 ; 0 ; 24 ; 12 ; 88 ; 100 ; 396 ; 644 ; 1960 ; 3792 ; 10164 ; 21472 ; 53956
12 ; 0 ; 24 ; 12 ; 84 ; 90 ; 360 ; 546 ; 1700 ; 3090 ; 8434 ; 16940 ; 42984
12 ; 0 ; 24 ; 12 ; 88 ; 100 ; 396 ; 644 ; 1960 ; 3792 ; 10164 ; 21472 ; 53956
12 ; 0 ; 22 ; 12 ; 78 ; 100 ; 346 ; 616 ; 1694 ; 3468 ; 8662 ; 18876 ; 45162
12 ; 0 ; 20 ; 12 ; 76 ; 100 ; 344 ; 616 ; 1692 ; 3468 ; 8660 ; 18876 ; 45160
12 ; 0 ; 20 ; 12 ; 76 ; 100 ; 344 ; 616 ; 1692 ; 3468 ; 8660 ; 18876 ; 45160
12 ; 0 ; 20 ; 12 ; 76 ; 100 ; 344 ; 616 ; 1692 ; 3468 ; 8660 ; 18876 ; 45160
12 ; 0 ; 20 ; 12 ; 64 ; 80 ; 254 ; 434 ; 1136 ; 2244 ; 5420 ; 11484 ; 26806
12 ; 0 ; 20 ; 12 ; 64 ; 80 ; 254 ; 434 ; 1136 ; 2244 ; 5420 ; 11484 ; 26806
12 ; 0 ; 20 ; 12 ; 64 ; 80 ; 254 ; 434 ; 1136 ; 2244 ; 5420 ; 11484 ; 26806
12 ; 0 ; 20 ; 12 ; 64 ; 80 ; 254 ; 434 ; 1136 ; 2244 ; 5420 ; 11484 ; 26806
12 ; 0 ; 20 ; 6 ; 60 ; 50 ; 230 ; 308 ; 1012 ; 1734 ; 4820 ; 9438 ; 24042
12 ; 0 ; 18 ; 12 ; 66 ; 90 ; 288 ; 518 ; 1362 ; 2766 ; 6698 ; 14388 ; 33600
12 ; 0 ; 20 ; 12 ; 68 ; 90 ; 290 ; 518 ; 1364 ; 2766 ; 6700 ; 14388 ; 33602
12 ; 0 ; 20 ; 6 ; 64 ; 50 ; 248 ; 308 ; 1080 ; 1734 ; 5070 ; 9438 ; 24952
12 ; 0 ; 20 ; 6 ; 64 ; 50 ; 248 ; 308 ; 1080 ; 1734 ; 5070 ; 9438 ; 24952
12 ; 0 ; 18 ; 6 ; 54 ; 50 ; 210 ; 308 ; 942 ; 1734 ; 4578 ; 9438 ; 23226
12 ; 0 ; 20 ; 6 ; 64 ; 50 ; 248 ; 308 ; 1080 ; 1734 ; 5070 ; 9438 ; 24952
12 ; 0 ; 20 ; 12 ; 64 ; 80 ; 254 ; 434 ; 1136 ; 2244 ; 5420 ; 11484 ; 26806
12 ; 0 ; 18 ; 6 ; 58 ; 50 ; 228 ; 308 ; 1010 ; 1734 ; 4818 ; 9438 ; 24040
12 ; 0 ; 22 ; 12 ; 74 ; 90 ; 316 ; 532 ; 1490 ; 2910 ; 7342 ; 15422 ; 36968
12 ; 0 ; 18 ; 6 ; 54 ; 50 ; 210 ; 308 ; 942 ; 1734 ; 4578 ; 9438 ; 23226
12 ; 0 ; 18 ; 6 ; 54 ; 50 ; 204 ; 308 ; 910 ; 1734 ; 4458 ; 9438 ; 22836
12 ; 0 ; 18 ; 6 ; 54 ; 50 ; 210 ; 308 ; 942 ; 1734 ; 4578 ; 9438 ; 23226
12 ; 0 ; 20 ; 6 ; 60 ; 50 ; 230 ; 308 ; 1012 ; 1734 ; 4820 ; 9438 ; 24042
12 ; 0 ; 22 ; 12 ; 74 ; 90 ; 304 ; 518 ; 1394 ; 2766 ; 6762 ; 14388 ; 33728
12 ; 0 ; 20 ; 12 ; 64 ; 80 ; 254 ; 434 ; 1136 ; 2244 ; 5420 ; 11484 ; 26806
12 ; 0 ; 18 ; 6 ; 54 ; 50 ; 204 ; 308 ; 910 ; 1734 ; 4458 ; 9438 ; 22836
12 ; 0 ; 20 ; 12 ; 60 ; 80 ; 242 ; 434 ; 1108 ; 2244 ; 5360 ; 11484 ; 26682
12 ; 0 ; 22 ; 12 ; 70 ; 80 ; 274 ; 434 ; 1198 ; 2244 ; 5602 ; 11484 ; 27322
12 ; 0 ; 20 ; 12 ; 76 ; 100 ; 344 ; 616 ; 1692 ; 3468 ; 8660 ; 18876 ; 45160
12 ; 0 ; 18 ; 6 ; 58 ; 50 ; 228 ; 308 ; 1010 ; 1734 ; 4818 ; 9438 ; 24040
12 ; 0 ; 18 ; 6 ; 58 ; 50 ; 228 ; 308 ; 1010 ; 1734 ; 4818 ; 9438 ; 24040
12 ; 0 ; 20 ; 6 ; 60 ; 50 ; 230 ; 308 ; 1012 ; 1734 ; 4820 ; 9438 ; 24042
12 ; 0 ; 22 ; 12 ; 74 ; 90 ; 316 ; 532 ; 1490 ; 2910 ; 7342 ; 15422 ; 36968
12 ; 0 ; 22 ; 12 ; 78 ; 100 ; 346 ; 616 ; 1694 ; 3468 ; 8662 ; 18876 ; 45162
12 ; 0 ; 24 ; 12 ; 80 ; 80 ; 324 ; 448 ; 1440 ; 2388 ; 6704 ; 12408 ; 32012
12 ; 0 ; 20 ; 12 ; 68 ; 80 ; 284 ; 448 ; 1284 ; 2352 ; 6020 ; 11968 ; 28772
12 ; 0 ; 20 ; 6 ; 60 ; 40 ; 218 ; 224 ; 876 ; 1176 ; 3750 ; 5984 ; 16758
12 ; 0 ; 22 ; 12 ; 74 ; 80 ; 304 ; 448 ; 1362 ; 2370 ; 6362 ; 12188 ; 30392
12 ; 0 ; 18 ; 6 ; 54 ; 40 ; 192 ; 210 ; 750 ; 1032 ; 3108 ; 4950 ; 13392
12 ; 0 ; 18 ; 6 ; 54 ; 40 ; 192 ; 210 ; 750 ; 1032 ; 3108 ; 4950 ; 13392
12 ; 0 ; 18 ; 6 ; 54 ; 40 ; 192 ; 210 ; 750 ; 1032 ; 3108 ; 4950 ; 13392
12 ; 0 ; 18 ; 6 ; 54 ; 40 ; 192 ; 210 ; 750 ; 1032 ; 3108 ; 4950 ; 13392
12 ; 0 ; 20 ; 12 ; 64 ; 80 ; 260 ; 434 ; 1160 ; 2208 ; 5380 ; 10934 ; 25408
12 ; 0 ; 20 ; 12 ; 64 ; 80 ; 260 ; 434 ; 1160 ; 2208 ; 5380 ; 10934 ; 25408
12 ; 0 ; 18 ; 6 ; 50 ; 40 ; 174 ; 210 ; 682 ; 1032 ; 2858 ; 4950 ; 12482
12 ; 0 ; 16 ; 12 ; 56 ; 80 ; 232 ; 420 ; 1032 ; 2064 ; 4736 ; 9900 ; 22040
12 ; 0 ; 16 ; 12 ; 56 ; 80 ; 232 ; 420 ; 1032 ; 2064 ; 4736 ; 9900 ; 22040
12 ; 0 ; 16 ; 6 ; 48 ; 40 ; 172 ; 210 ; 680 ; 1032 ; 2856 ; 4950 ; 12480
12 ; 0 ; 16 ; 6 ; 48 ; 40 ; 172 ; 210 ; 680 ; 1032 ; 2856 ; 4950 ; 12480
12 ; 0 ; 18 ; 12 ; 58 ; 80 ; 234 ; 420 ; 1034 ; 2064 ; 4738 ; 9900 ; 22042
12 ; 0 ; 16 ; 6 ; 44 ; 40 ; 154 ; 210 ; 612 ; 1032 ; 2616 ; 4950 ; 11666
12 ; 0 ; 18 ; 6 ; 50 ; 40 ; 174 ; 210 ; 682 ; 1032 ; 2858 ; 4950 ; 12482
12 ; 0 ; 18 ; 12 ; 50 ; 70 ; 186 ; 336 ; 778 ; 1542 ; 3398 ; 6996 ; 15122
12 ; 0 ; 16 ; 6 ; 44 ; 40 ; 154 ; 210 ; 612 ; 1032 ; 2616 ; 4950 ; 11666
12 ; 0 ; 20 ; 12 ; 64 ; 80 ; 248 ; 420 ; 1064 ; 2064 ; 4800 ; 9900 ; 22168
12 ; 0 ; 16 ; 6 ; 44 ; 40 ; 154 ; 210 ; 612 ; 1032 ; 2616 ; 4950 ; 11666
12 ; 0 ; 16 ; 6 ; 40 ; 40 ; 136 ; 210 ; 552 ; 1032 ; 2436 ; 4950 ; 11152
12 ; 0 ; 16 ; 6 ; 40 ; 40 ; 136 ; 210 ; 552 ; 1032 ; 2436 ; 4950 ; 11152
12 ; 0 ; 18 ; 6 ; 50 ; 40 ; 168 ; 210 ; 642 ; 1032 ; 2678 ; 4950 ; 11792
12 ; 0 ; 18 ; 12 ; 58 ; 80 ; 234 ; 420 ; 1034 ; 2064 ; 4738 ; 9900 ; 22042
12 ; 0 ; 16 ; 12 ; 48 ; 70 ; 184 ; 336 ; 776 ; 1542 ; 3396 ; 6996 ; 15120
12 ; 0 ; 14 ; 6 ; 38 ; 40 ; 134 ; 210 ; 550 ; 1032 ; 2434 ; 4950 ; 11150
12 ; 0 ; 16 ; 12 ; 48 ; 70 ; 184 ; 336 ; 776 ; 1542 ; 3396 ; 6996 ; 15120
12 ; 0 ; 16 ; 6 ; 44 ; 40 ; 148 ; 210 ; 580 ; 1032 ; 2496 ; 4950 ; 11276
12 ; 0 ; 18 ; 12 ; 54 ; 70 ; 198 ; 336 ; 806 ; 1542 ; 3458 ; 6996 ; 15246
12 ; 0 ; 16 ; 6 ; 44 ; 40 ; 154 ; 210 ; 612 ; 1032 ; 2616 ; 4950 ; 11666
12 ; 0 ; 18 ; 12 ; 62 ; 80 ; 258 ; 434 ; 1158 ; 2208 ; 5378 ; 10934 ; 25406
12 ; 0 ; 18 ; 12 ; 62 ; 80 ; 258 ; 434 ; 1158 ; 2208 ; 5378 ; 10934 ; 25406
12 ; 0 ; 16 ; 12 ; 56 ; 80 ; 232 ; 420 ; 1032 ; 2064 ; 4736 ; 9900 ; 22040
12 ; 0 ; 18 ; 12 ; 58 ; 80 ; 234 ; 420 ; 1034 ; 2064 ; 4738 ; 9900 ; 22042
12 ; 0 ; 16 ; 12 ; 56 ; 80 ; 232 ; 420 ; 1032 ; 2064 ; 4736 ; 9900 ; 22040
12 ; 0 ; 14 ; 6 ; 42 ; 40 ; 152 ; 210 ; 610 ; 1032 ; 2614 ; 4950 ; 11664
12 ; 0 ; 18 ; 6 ; 54 ; 40 ; 192 ; 210 ; 750 ; 1032 ; 3108 ; 4950 ; 13392
12 ; 0 ; 16 ; 12 ; 48 ; 70 ; 184 ; 336 ; 776 ; 1542 ; 3396 ; 6996 ; 15120
12 ; 0 ; 16 ; 6 ; 44 ; 40 ; 154 ; 210 ; 612 ; 1032 ; 2616 ; 4950 ; 11666
12 ; 0 ; 16 ; 12 ; 56 ; 80 ; 232 ; 420 ; 1032 ; 2064 ; 4736 ; 9900 ; 22040
12 ; 0 ; 18 ; 12 ; 58 ; 80 ; 234 ; 420 ; 1034 ; 2064 ; 4738 ; 9900 ; 22042
12 ; 0 ; 16 ; 6 ; 44 ; 40 ; 154 ; 210 ; 612 ; 1032 ; 2616 ; 4950 ; 11666
12 ; 0 ; 16 ; 12 ; 48 ; 70 ; 184 ; 336 ; 776 ; 1542 ; 3396 ; 6996 ; 15120
12 ; 0 ; 16 ; 6 ; 44 ; 40 ; 148 ; 210 ; 580 ; 1032 ; 2496 ; 4950 ; 11276
12 ; 0 ; 20 ; 18 ; 64 ; 100 ; 248 ; 462 ; 1032 ; 2052 ; 4420 ; 9042 ; 19216
12 ; 0 ; 20 ; 12 ; 64 ; 80 ; 260 ; 434 ; 1160 ; 2208 ; 5380 ; 10934 ; 25408
12 ; 0 ; 20 ; 12 ; 64 ; 80 ; 260 ; 434 ; 1160 ; 2208 ; 5380 ; 10934 ; 25408
12 ; 0 ; 16 ; 6 ; 48 ; 40 ; 172 ; 210 ; 680 ; 1032 ; 2856 ; 4950 ; 12480
12 ; 0 ; 18 ; 6 ; 54 ; 40 ; 192 ; 210 ; 750 ; 1032 ; 3108 ; 4950 ; 13392
12 ; 0 ; 16 ; 6 ; 44 ; 40 ; 154 ; 210 ; 612 ; 1032 ; 2616 ; 4950 ; 11666
12 ; 0 ; 16 ; 12 ; 56 ; 80 ; 232 ; 420 ; 1032 ; 2064 ; 4736 ; 9900 ; 22040
12 ; 0 ; 18 ; 12 ; 62 ; 80 ; 258 ; 434 ; 1158 ; 2208 ; 5378 ; 10934 ; 25406
12 ; 0 ; 16 ; 6 ; 48 ; 40 ; 172 ; 210 ; 680 ; 1032 ; 2856 ; 4950 ; 12480
12 ; 0 ; 18 ; 12 ; 54 ; 70 ; 198 ; 336 ; 806 ; 1542 ; 3458 ; 6996 ; 15246
12 ; 0 ; 18 ; 12 ; 58 ; 80 ; 234 ; 420 ; 1034 ; 2064 ; 4738 ; 9900 ; 22042
12 ; 0 ; 18 ; 12 ; 62 ; 80 ; 258 ; 434 ; 1158 ; 2208 ; 5378 ; 10934 ; 25406
12 ; 0 ; 20 ; 12 ; 64 ; 80 ; 260 ; 434 ; 1160 ; 2208 ; 5380 ; 10934 ; 25408
12 ; 0 ; 20 ; 12 ; 64 ; 80 ; 260 ; 434 ; 1160 ; 2208 ; 5380 ; 10934 ; 25408
12 ; 0 ; 20 ; 12 ; 64 ; 80 ; 260 ; 434 ; 1160 ; 2208 ; 5380 ; 10934 ; 25408
12 ; 0 ; 18 ; 6 ; 50 ; 40 ; 174 ; 210 ; 682 ; 1032 ; 2858 ; 4950 ; 12482
12 ; 0 ; 22 ; 18 ; 66 ; 100 ; 250 ; 462 ; 1034 ; 2052 ; 4422 ; 9042 ; 19218
12 ; 0 ; 18 ; 6 ; 50 ; 40 ; 174 ; 210 ; 682 ; 1032 ; 2858 ; 4950 ; 12482
12 ; 0 ; 18 ; 6 ; 50 ; 40 ; 174 ; 210 ; 682 ; 1032 ; 2858 ; 4950 ; 12482
12 ; 0 ; 20 ; 12 ; 64 ; 80 ; 260 ; 434 ; 1160 ; 2208 ; 5380 ; 10934 ; 25408
12 ; 0 ; 20 ; 12 ; 64 ; 80 ; 260 ; 434 ; 1160 ; 2208 ; 5380 ; 10934 ; 25408
12 ; 0 ; 18 ; 6 ; 50 ; 40 ; 174 ; 210 ; 682 ; 1032 ; 2858 ; 4950 ; 12482
12 ; 0 ; 22 ; 18 ; 66 ; 100 ; 250 ; 462 ; 1034 ; 2052 ; 4422 ; 9042 ; 19218
12 ; 0 ; 20 ; 12 ; 64 ; 80 ; 260 ; 434 ; 1160 ; 2208 ; 5380 ; 10934 ; 25408
12 ; 0 ; 20 ; 12 ; 56 ; 70 ; 200 ; 336 ; 808 ; 1542 ; 3460 ; 6996 ; 15248
12 ; 0 ; 18 ; 6 ; 50 ; 40 ; 174 ; 210 ; 682 ; 1032 ; 2858 ; 4950 ; 12482
12 ; 0 ; 20 ; 12 ; 64 ; 80 ; 260 ; 434 ; 1160 ; 2208 ; 5380 ; 10934 ; 25408
12 ; 0 ; 18 ; 6 ; 46 ; 40 ; 156 ; 210 ; 614 ; 1032 ; 2618 ; 4950 ; 11668
12 ; 0 ; 20 ; 6 ; 56 ; 40 ; 194 ; 210 ; 752 ; 1032 ; 3110 ; 4950 ; 13394
12 ; 0 ; 20 ; 12 ; 64 ; 80 ; 260 ; 434 ; 1160 ; 2208 ; 5380 ; 10934 ; 25408
12 ; 0 ; 20 ; 12 ; 60 ; 80 ; 236 ; 420 ; 1036 ; 2064 ; 4740 ; 9900 ; 22044
12 ; 0 ; 16 ; 6 ; 44 ; 40 ; 154 ; 210 ; 612 ; 1032 ; 2616 ; 4950 ; 11666
12 ; 0 ; 18 ; 6 ; 54 ; 40 ; 192 ; 210 ; 750 ; 1032 ; 3108 ; 4950 ; 13392
12 ; 0 ; 16 ; 12 ; 48 ; 70 ; 184 ; 336 ; 776 ; 1542 ; 3396 ; 6996 ; 15120
12 ; 0 ; 14 ; 6 ; 42 ; 40 ; 152 ; 210 ; 610 ; 1032 ; 2614 ; 4950 ; 11664
12 ; 0 ; 18 ; 12 ; 58 ; 80 ; 234 ; 420 ; 1034 ; 2064 ; 4738 ; 9900 ; 22042
12 ; 0 ; 16 ; 6 ; 44 ; 40 ; 148 ; 210 ; 580 ; 1032 ; 2496 ; 4950 ; 11276
12 ; 0 ; 16 ; 6 ; 44 ; 40 ; 154 ; 210 ; 612 ; 1032 ; 2616 ; 4950 ; 11666
12 ; 0 ; 16 ; 12 ; 48 ; 70 ; 184 ; 336 ; 776 ; 1542 ; 3396 ; 6996 ; 15120
12 ; 0 ; 16 ; 12 ; 56 ; 80 ; 232 ; 420 ; 1032 ; 2064 ; 4736 ; 9900 ; 22040
12 ; 0 ; 20 ; 12 ; 64 ; 80 ; 260 ; 434 ; 1160 ; 2208 ; 5380 ; 10934 ; 25408
12 ; 0 ; 18 ; 12 ; 58 ; 80 ; 234 ; 420 ; 1034 ; 2064 ; 4738 ; 9900 ; 22042
12 ; 0 ; 20 ; 12 ; 64 ; 80 ; 260 ; 434 ; 1160 ; 2208 ; 5380 ; 10934 ; 25408
12 ; 0 ; 20 ; 12 ; 64 ; 80 ; 248 ; 420 ; 1064 ; 2064 ; 4800 ; 9900 ; 22168
12 ; 0 ; 16 ; 6 ; 44 ; 40 ; 154 ; 210 ; 612 ; 1032 ; 2616 ; 4950 ; 11666
12 ; 0 ; 18 ; 6 ; 50 ; 40 ; 174 ; 210 ; 682 ; 1032 ; 2858 ; 4950 ; 12482
12 ; 0 ; 18 ; 12 ; 50 ; 70 ; 186 ; 336 ; 778 ; 1542 ; 3398 ; 6996 ; 15122
12 ; 0 ; 16 ; 6 ; 44 ; 40 ; 154 ; 210 ; 612 ; 1032 ; 2616 ; 4950 ; 11666
12 ; 0 ; 18 ; 12 ; 58 ; 80 ; 234 ; 420 ; 1034 ; 2064 ; 4738 ; 9900 ; 22042
12 ; 0 ; 16 ; 6 ; 44 ; 40 ; 148 ; 210 ; 580 ; 1032 ; 2496 ; 4950 ; 11276
12 ; 0 ; 16 ; 6 ; 44 ; 40 ; 154 ; 210 ; 612 ; 1032 ; 2616 ; 4950 ; 11666
12 ; 0 ; 14 ; 6 ; 38 ; 40 ; 134 ; 210 ; 550 ; 1032 ; 2434 ; 4950 ; 11150
12 ; 0 ; 16 ; 12 ; 48 ; 70 ; 184 ; 336 ; 776 ; 1542 ; 3396 ; 6996 ; 15120
12 ; 0 ; 16 ; 6 ; 40 ; 40 ; 136 ; 210 ; 552 ; 1032 ; 2436 ; 4950 ; 11152
12 ; 0 ; 18 ; 12 ; 58 ; 80 ; 234 ; 420 ; 1034 ; 2064 ; 4738 ; 9900 ; 22042
12 ; 0 ; 16 ; 12 ; 48 ; 70 ; 184 ; 336 ; 776 ; 1542 ; 3396 ; 6996 ; 15120
12 ; 0 ; 16 ; 6 ; 40 ; 40 ; 136 ; 210 ; 552 ; 1032 ; 2436 ; 4950 ; 11152
12 ; 0 ; 16 ; 6 ; 44 ; 40 ; 154 ; 210 ; 612 ; 1032 ; 2616 ; 4950 ; 11666
12 ; 0 ; 18 ; 6 ; 50 ; 40 ; 168 ; 210 ; 642 ; 1032 ; 2678 ; 4950 ; 11792
12 ; 0 ; 16 ; 6 ; 40 ; 40 ; 136 ; 210 ; 552 ; 1032 ; 2436 ; 4950 ; 11152
12 ; 0 ; 16 ; 6 ; 40 ; 40 ; 136 ; 210 ; 552 ; 1032 ; 2436 ; 4950 ; 11152
12 ; 0 ; 22 ; 18 ; 74 ; 110 ; 298 ; 546 ; 1290 ; 2574 ; 5762 ; 11946 ; 26138
12 ; 0 ; 16 ; 6 ; 40 ; 40 ; 136 ; 210 ; 552 ; 1032 ; 2436 ; 4950 ; 11152
12 ; 0 ; 18 ; 12 ; 50 ; 70 ; 186 ; 336 ; 778 ; 1542 ; 3398 ; 6996 ; 15122
12 ; 0 ; 18 ; 12 ; 50 ; 70 ; 186 ; 336 ; 778 ; 1542 ; 3398 ; 6996 ; 15122
12 ; 0 ; 16 ; 6 ; 40 ; 40 ; 136 ; 210 ; 552 ; 1032 ; 2436 ; 4950 ; 11152
12 ; 0 ; 16 ; 6 ; 40 ; 40 ; 136 ; 210 ; 552 ; 1032 ; 2436 ; 4950 ; 11152
12 ; 0 ; 16 ; 6 ; 40 ; 40 ; 136 ; 210 ; 552 ; 1032 ; 2436 ; 4950 ; 11152
12 ; 0 ; 22 ; 18 ; 74 ; 110 ; 298 ; 546 ; 1290 ; 2574 ; 5762 ; 11946 ; 26138
12 ; 0 ; 20 ; 12 ; 68 ; 80 ; 284 ; 448 ; 1284 ; 2352 ; 6020 ; 11968 ; 28772
12 ; 0 ; 20 ; 12 ; 68 ; 80 ; 284 ; 448 ; 1284 ; 2352 ; 6020 ; 11968 ; 28772
12 ; 0 ; 22 ; 12 ; 70 ; 80 ; 286 ; 448 ; 1286 ; 2352 ; 6022 ; 11968 ; 28774
12 ; 0 ; 22 ; 12 ; 70 ; 80 ; 286 ; 448 ; 1286 ; 2352 ; 6022 ; 11968 ; 28774
12 ; 0 ; 20 ; 12 ; 64 ; 80 ; 260 ; 434 ; 1160 ; 2208 ; 5380 ; 10934 ; 25408
12 ; 0 ; 18 ; 12 ; 54 ; 70 ; 210 ; 350 ; 902 ; 1686 ; 4038 ; 8030 ; 18486
12 ; 0 ; 18 ; 6 ; 50 ; 40 ; 180 ; 224 ; 738 ; 1176 ; 3258 ; 5984 ; 15032
12 ; 0 ; 16 ; 6 ; 48 ; 40 ; 178 ; 224 ; 736 ; 1176 ; 3256 ; 5984 ; 15030
12 ; 0 ; 20 ; 6 ; 60 ; 40 ; 218 ; 224 ; 876 ; 1176 ; 3750 ; 5984 ; 16758
12 ; 0 ; 18 ; 6 ; 50 ; 40 ; 174 ; 224 ; 706 ; 1176 ; 3138 ; 5984 ; 14642
12 ; 0 ; 18 ; 12 ; 54 ; 70 ; 210 ; 350 ; 902 ; 1686 ; 4038 ; 8030 ; 18486
12 ; 0 ; 18 ; 6 ; 50 ; 40 ; 180 ; 224 ; 738 ; 1176 ; 3258 ; 5984 ; 15032
12 ; 0 ; 20 ; 12 ; 64 ; 80 ; 260 ; 434 ; 1160 ; 2208 ; 5380 ; 10934 ; 25408
12 ; 0 ; 20 ; 12 ; 68 ; 80 ; 284 ; 448 ; 1284 ; 2352 ; 6020 ; 11968 ; 28772
12 ; 0 ; 18 ; 6 ; 54 ; 40 ; 198 ; 224 ; 806 ; 1176 ; 3498 ; 5984 ; 15846
12 ; 0 ; 20 ; 12 ; 60 ; 70 ; 224 ; 350 ; 932 ; 1686 ; 4100 ; 8030 ; 18612
12 ; 0 ; 18 ; 6 ; 50 ; 40 ; 180 ; 224 ; 738 ; 1176 ; 3258 ; 5984 ; 15032
12 ; 0 ; 18 ; 6 ; 54 ; 40 ; 198 ; 224 ; 806 ; 1176 ; 3498 ; 5984 ; 15846
12 ; 0 ; 20 ; 6 ; 60 ; 40 ; 218 ; 224 ; 876 ; 1176 ; 3750 ; 5984 ; 16758
12 ; 0 ; 20 ; 6 ; 60 ; 40 ; 218 ; 224 ; 876 ; 1176 ; 3750 ; 5984 ; 16758
12 ; 0 ; 18 ; 6 ; 54 ; 40 ; 198 ; 224 ; 806 ; 1176 ; 3498 ; 5984 ; 15846
12 ; 0 ; 18 ; 6 ; 50 ; 40 ; 180 ; 224 ; 738 ; 1176 ; 3258 ; 5984 ; 15032
12 ; 0 ; 20 ; 12 ; 60 ; 70 ; 224 ; 350 ; 932 ; 1686 ; 4100 ; 8030 ; 18612
12 ; 0 ; 18 ; 6 ; 54 ; 40 ; 198 ; 224 ; 806 ; 1176 ; 3498 ; 5984 ; 15846
12 ; 0 ; 18 ; 6 ; 50 ; 40 ; 180 ; 224 ; 738 ; 1176 ; 3258 ; 5984 ; 15032
12 ; 0 ; 20 ; 6 ; 60 ; 40 ; 218 ; 224 ; 876 ; 1176 ; 3750 ; 5984 ; 16758
12 ; 0 ; 18 ; 12 ; 54 ; 70 ; 210 ; 350 ; 902 ; 1686 ; 4038 ; 8030 ; 18486
12 ; 0 ; 16 ; 6 ; 48 ; 40 ; 178 ; 224 ; 736 ; 1176 ; 3256 ; 5984 ; 15030
12 ; 0 ; 20 ; 12 ; 64 ; 80 ; 260 ; 434 ; 1160 ; 2208 ; 5380 ; 10934 ; 25408
12 ; 0 ; 18 ; 6 ; 50 ; 40 ; 174 ; 224 ; 706 ; 1176 ; 3138 ; 5984 ; 14642
12 ; 0 ; 18 ; 6 ; 50 ; 40 ; 180 ; 224 ; 738 ; 1176 ; 3258 ; 5984 ; 15032
12 ; 0 ; 18 ; 12 ; 54 ; 70 ; 210 ; 350 ; 902 ; 1686 ; 4038 ; 8030 ; 18486
12 ; 0 ; 22 ; 12 ; 70 ; 80 ; 286 ; 448 ; 1286 ; 2352 ; 6022 ; 11968 ; 28774
12 ; 0 ; 20 ; 12 ; 64 ; 80 ; 260 ; 434 ; 1160 ; 2208 ; 5380 ; 10934 ; 25408
12 ; 0 ; 22 ; 6 ; 66 ; 40 ; 238 ; 224 ; 954 ; 1194 ; 4092 ; 6204 ; 18378
12 ; 0 ; 24 ; 12 ; 80 ; 80 ; 324 ; 448 ; 1440 ; 2388 ; 6704 ; 12408 ; 32012
12 ; 0 ; 18 ; 6 ; 50 ; 40 ; 180 ; 224 ; 738 ; 1176 ; 3258 ; 5984 ; 15032
12 ; 0 ; 18 ; 6 ; 50 ; 40 ; 180 ; 224 ; 738 ; 1176 ; 3258 ; 5984 ; 15032
12 ; 0 ; 18 ; 6 ; 50 ; 40 ; 180 ; 224 ; 738 ; 1176 ; 3258 ; 5984 ; 15032
12 ; 0 ; 18 ; 6 ; 50 ; 40 ; 180 ; 224 ; 738 ; 1176 ; 3258 ; 5984 ; 15032
12 ; 0 ; 18 ; 6 ; 50 ; 40 ; 180 ; 224 ; 738 ; 1176 ; 3258 ; 5984 ; 15032
12 ; 0 ; 18 ; 6 ; 50 ; 40 ; 180 ; 224 ; 738 ; 1176 ; 3258 ; 5984 ; 15032
12 ; 0 ; 18 ; 6 ; 50 ; 40 ; 180 ; 224 ; 738 ; 1176 ; 3258 ; 5984 ; 15032
12 ; 0 ; 20 ; 6 ; 56 ; 40 ; 194 ; 224 ; 768 ; 1176 ; 3320 ; 5984 ; 15158
12 ; 0 ; 18 ; 6 ; 50 ; 40 ; 180 ; 224 ; 738 ; 1176 ; 3258 ; 5984 ; 15032
12 ; 0 ; 24 ; 18 ; 80 ; 110 ; 324 ; 560 ; 1416 ; 2718 ; 6404 ; 12980 ; 29504
12 ; 0 ; 20 ; 12 ; 56 ; 70 ; 212 ; 350 ; 904 ; 1686 ; 4040 ; 8030 ; 18488
12 ; 0 ; 16 ; 6 ; 44 ; 40 ; 160 ; 224 ; 676 ; 1176 ; 3076 ; 5984 ; 14516
12 ; 0 ; 18 ; 6 ; 46 ; 40 ; 162 ; 224 ; 678 ; 1176 ; 3078 ; 5984 ; 14518
12 ; 0 ; 16 ; 6 ; 44 ; 40 ; 160 ; 224 ; 676 ; 1176 ; 3076 ; 5984 ; 14516
12 ; 0 ; 20 ; 12 ; 60 ; 70 ; 224 ; 350 ; 932 ; 1686 ; 4100 ; 8030 ; 18612
12 ; 0 ; 18 ; 6 ; 50 ; 40 ; 180 ; 224 ; 738 ; 1176 ; 3258 ; 5984 ; 15032
12 ; 0 ; 20 ; 6 ; 56 ; 40 ; 194 ; 224 ; 768 ; 1176 ; 3320 ; 5984 ; 15158
12 ; 0 ; 22 ; 12 ; 66 ; 70 ; 244 ; 350 ; 994 ; 1686 ; 4282 ; 8030 ; 19128
12 ; 0 ; 20 ; 6 ; 56 ; 40 ; 194 ; 224 ; 768 ; 1176 ; 3320 ; 5984 ; 15158
12 ; 0 ; 18 ; 6 ; 46 ; 40 ; 162 ; 224 ; 678 ; 1176 ; 3078 ; 5984 ; 14518
12 ; 0 ; 20 ; 12 ; 56 ; 70 ; 212 ; 350 ; 904 ; 1686 ; 4040 ; 8030 ; 18488
12 ; 0 ; 22 ; 12 ; 66 ; 70 ; 244 ; 350 ; 994 ; 1686 ; 4282 ; 8030 ; 19128
12 ; 0 ; 20 ; 6 ; 56 ; 40 ; 194 ; 224 ; 768 ; 1176 ; 3320 ; 5984 ; 15158
12 ; 0 ; 20 ; 12 ; 60 ; 70 ; 224 ; 350 ; 932 ; 1686 ; 4100 ; 8030 ; 18612
12 ; 0 ; 24 ; 18 ; 80 ; 110 ; 324 ; 560 ; 1416 ; 2718 ; 6404 ; 12980 ; 29504
12 ; 0 ; 22 ; 18 ; 70 ; 100 ; 274 ; 476 ; 1158 ; 2196 ; 5062 ; 10076 ; 22582
12 ; 0 ; 22 ; 18 ; 70 ; 100 ; 274 ; 476 ; 1158 ; 2196 ; 5062 ; 10076 ; 22582
12 ; 0 ; 20 ; 18 ; 64 ; 100 ; 248 ; 462 ; 1032 ; 2052 ; 4420 ; 9042 ; 19216
12 ; 0 ; 18 ; 12 ; 54 ; 70 ; 198 ; 336 ; 806 ; 1542 ; 3458 ; 6996 ; 15246
12 ; 0 ; 20 ; 18 ; 64 ; 100 ; 248 ; 462 ; 1032 ; 2052 ; 4420 ; 9042 ; 19216
12 ; 0 ; 20 ; 12 ; 60 ; 80 ; 236 ; 420 ; 1036 ; 2064 ; 4740 ; 9900 ; 22044
12 ; 0 ; 22 ; 18 ; 66 ; 100 ; 250 ; 462 ; 1034 ; 2052 ; 4422 ; 9042 ; 19218
12 ; 0 ; 18 ; 6 ; 46 ; 40 ; 150 ; 210 ; 582 ; 1032 ; 2498 ; 4950 ; 11278
12 ; 0 ; 18 ; 12 ; 50 ; 70 ; 186 ; 336 ; 778 ; 1542 ; 3398 ; 6996 ; 15122
12 ; 0 ; 18 ; 6 ; 46 ; 40 ; 156 ; 210 ; 614 ; 1032 ; 2618 ; 4950 ; 11668
12 ; 0 ; 20 ; 12 ; 60 ; 80 ; 236 ; 420 ; 1036 ; 2064 ; 4740 ; 9900 ; 22044
12 ; 0 ; 18 ; 12 ; 50 ; 70 ; 186 ; 336 ; 778 ; 1542 ; 3398 ; 6996 ; 15122
12 ; 0 ; 16 ; 6 ; 44 ; 40 ; 154 ; 210 ; 612 ; 1032 ; 2616 ; 4950 ; 11666
12 ; 0 ; 18 ; 6 ; 46 ; 40 ; 156 ; 210 ; 614 ; 1032 ; 2618 ; 4950 ; 11668
12 ; 0 ; 20 ; 6 ; 56 ; 40 ; 194 ; 210 ; 752 ; 1032 ; 3110 ; 4950 ; 13394
12 ; 0 ; 18 ; 12 ; 58 ; 80 ; 234 ; 420 ; 1034 ; 2064 ; 4738 ; 9900 ; 22042
12 ; 0 ; 14 ; 6 ; 42 ; 40 ; 152 ; 210 ; 610 ; 1032 ; 2614 ; 4950 ; 11664
12 ; 0 ; 16 ; 6 ; 48 ; 40 ; 172 ; 210 ; 680 ; 1032 ; 2856 ; 4950 ; 12480
12 ; 0 ; 14 ; 6 ; 42 ; 40 ; 152 ; 210 ; 610 ; 1032 ; 2614 ; 4950 ; 11664
12 ; 0 ; 18 ; 6 ; 50 ; 40 ; 174 ; 210 ; 682 ; 1032 ; 2858 ; 4950 ; 12482
12 ; 0 ; 16 ; 6 ; 44 ; 40 ; 154 ; 210 ; 612 ; 1032 ; 2616 ; 4950 ; 11666
12 ; 0 ; 16 ; 12 ; 56 ; 80 ; 232 ; 420 ; 1032 ; 2064 ; 4736 ; 9900 ; 22040
12 ; 0 ; 14 ; 6 ; 38 ; 40 ; 134 ; 210 ; 550 ; 1032 ; 2434 ; 4950 ; 11150
12 ; 0 ; 16 ; 12 ; 48 ; 70 ; 184 ; 336 ; 776 ; 1542 ; 3396 ; 6996 ; 15120
12 ; 0 ; 16 ; 6 ; 44 ; 40 ; 148 ; 210 ; 580 ; 1032 ; 2496 ; 4950 ; 11276
12 ; 0 ; 18 ; 12 ; 54 ; 70 ; 198 ; 336 ; 806 ; 1542 ; 3458 ; 6996 ; 15246
12 ; 0 ; 14 ; 6 ; 38 ; 40 ; 134 ; 210 ; 550 ; 1032 ; 2434 ; 4950 ; 11150
12 ; 0 ; 16 ; 6 ; 44 ; 40 ; 154 ; 210 ; 612 ; 1032 ; 2616 ; 4950 ; 11666
12 ; 0 ; 14 ; 6 ; 42 ; 40 ; 152 ; 210 ; 610 ; 1032 ; 2614 ; 4950 ; 11664
12 ; 0 ; 18 ; 12 ; 58 ; 80 ; 234 ; 420 ; 1034 ; 2064 ; 4738 ; 9900 ; 22042
12 ; 0 ; 18 ; 6 ; 50 ; 40 ; 174 ; 210 ; 682 ; 1032 ; 2858 ; 4950 ; 12482
12 ; 0 ; 18 ; 6 ; 50 ; 40 ; 174 ; 210 ; 682 ; 1032 ; 2858 ; 4950 ; 12482
12 ; 0 ; 16 ; 6 ; 44 ; 40 ; 154 ; 210 ; 612 ; 1032 ; 2616 ; 4950 ; 11666
12 ; 0 ; 18 ; 12 ; 54 ; 70 ; 198 ; 336 ; 806 ; 1542 ; 3458 ; 6996 ; 15246
12 ; 0 ; 14 ; 6 ; 38 ; 40 ; 134 ; 210 ; 550 ; 1032 ; 2434 ; 4950 ; 11150
12 ; 0 ; 18 ; 12 ; 50 ; 70 ; 186 ; 336 ; 778 ; 1542 ; 3398 ; 6996 ; 15122
12 ; 0 ; 18 ; 6 ; 46 ; 40 ; 150 ; 210 ; 582 ; 1032 ; 2498 ; 4950 ; 11278
12 ; 0 ; 16 ; 6 ; 36 ; 40 ; 124 ; 210 ; 524 ; 1032 ; 2376 ; 4950 ; 11028
12 ; 0 ; 20 ; 12 ; 56 ; 70 ; 200 ; 336 ; 808 ; 1542 ; 3460 ; 6996 ; 15248
12 ; 0 ; 16 ; 6 ; 40 ; 40 ; 136 ; 210 ; 552 ; 1032 ; 2436 ; 4950 ; 11152
12 ; 0 ; 20 ; 12 ; 56 ; 70 ; 200 ; 336 ; 808 ; 1542 ; 3460 ; 6996 ; 15248
12 ; 0 ; 16 ; 6 ; 44 ; 40 ; 154 ; 210 ; 612 ; 1032 ; 2616 ; 4950 ; 11666
12 ; 0 ; 14 ; 6 ; 42 ; 40 ; 152 ; 210 ; 610 ; 1032 ; 2614 ; 4950 ; 11664
12 ; 0 ; 14 ; 6 ; 34 ; 40 ; 122 ; 210 ; 522 ; 1032 ; 2374 ; 4950 ; 11026
12 ; 0 ; 16 ; 6 ; 44 ; 40 ; 148 ; 210 ; 580 ; 1032 ; 2496 ; 4950 ; 11276
12 ; 0 ; 16 ; 6 ; 40 ; 40 ; 136 ; 210 ; 552 ; 1032 ; 2436 ; 4950 ; 11152
12 ; 0 ; 12 ; 6 ; 36 ; 40 ; 132 ; 210 ; 548 ; 1032 ; 2432 ; 4950 ; 11148
12 ; 0 ; 16 ; 12 ; 48 ; 70 ; 184 ; 336 ; 776 ; 1542 ; 3396 ; 6996 ; 15120
12 ; 0 ; 16 ; 6 ; 44 ; 40 ; 154 ; 210 ; 612 ; 1032 ; 2616 ; 4950 ; 11666
12 ; 0 ; 14 ; 6 ; 38 ; 40 ; 134 ; 210 ; 550 ; 1032 ; 2434 ; 4950 ; 11150
12 ; 0 ; 18 ; 12 ; 54 ; 70 ; 198 ; 336 ; 806 ; 1542 ; 3458 ; 6996 ; 15246
12 ; 0 ; 18 ; 12 ; 50 ; 70 ; 186 ; 336 ; 778 ; 1542 ; 3398 ; 6996 ; 15122
12 ; 0 ; 12 ; 6 ; 32 ; 40 ; 120 ; 210 ; 520 ; 1032 ; 2372 ; 4950 ; 11024
12 ; 0 ; 14 ; 6 ; 38 ; 40 ; 134 ; 210 ; 550 ; 1032 ; 2434 ; 4950 ; 11150
12 ; 0 ; 18 ; 6 ; 46 ; 40 ; 156 ; 210 ; 614 ; 1032 ; 2618 ; 4950 ; 11668
12 ; 0 ; 16 ; 6 ; 44 ; 40 ; 154 ; 210 ; 612 ; 1032 ; 2616 ; 4950 ; 11666
12 ; 0 ; 16 ; 6 ; 44 ; 40 ; 154 ; 210 ; 612 ; 1032 ; 2616 ; 4950 ; 11666
12 ; 0 ; 16 ; 6 ; 40 ; 40 ; 136 ; 210 ; 552 ; 1032 ; 2436 ; 4950 ; 11152
12 ; 0 ; 18 ; 6 ; 46 ; 40 ; 150 ; 210 ; 582 ; 1032 ; 2498 ; 4950 ; 11278
12 ; 0 ; 18 ; 6 ; 46 ; 40 ; 150 ; 210 ; 582 ; 1032 ; 2498 ; 4950 ; 11278
12 ; 0 ; 16 ; 6 ; 36 ; 40 ; 124 ; 210 ; 524 ; 1032 ; 2376 ; 4950 ; 11028
12 ; 0 ; 16 ; 6 ; 40 ; 40 ; 136 ; 210 ; 552 ; 1032 ; 2436 ; 4950 ; 11152
12 ; 0 ; 18 ; 6 ; 50 ; 40 ; 168 ; 210 ; 642 ; 1032 ; 2678 ; 4950 ; 11792
12 ; 0 ; 20 ; 6 ; 56 ; 40 ; 188 ; 210 ; 704 ; 1032 ; 2860 ; 4950 ; 12308
12 ; 0 ; 22 ; 12 ; 66 ; 70 ; 238 ; 336 ; 938 ; 1542 ; 3882 ; 6996 ; 16578
12 ; 0 ; 16 ; 6 ; 40 ; 40 ; 136 ; 210 ; 552 ; 1032 ; 2436 ; 4950 ; 11152
12 ; 0 ; 20 ; 12 ; 60 ; 70 ; 218 ; 336 ; 868 ; 1542 ; 3640 ; 6996 ; 15762
12 ; 0 ; 16 ; 6 ; 44 ; 40 ; 154 ; 210 ; 612 ; 1032 ; 2616 ; 4950 ; 11666
12 ; 0 ; 16 ; 6 ; 40 ; 40 ; 136 ; 210 ; 552 ; 1032 ; 2436 ; 4950 ; 11152
12 ; 0 ; 16 ; 6 ; 40 ; 40 ; 136 ; 210 ; 552 ; 1032 ; 2436 ; 4950 ; 11152
12 ; 0 ; 18 ; 6 ; 50 ; 40 ; 168 ; 210 ; 642 ; 1032 ; 2678 ; 4950 ; 11792
12 ; 0 ; 16 ; 6 ; 40 ; 40 ; 136 ; 210 ; 552 ; 1032 ; 2436 ; 4950 ; 11152
12 ; 0 ; 14 ; 6 ; 34 ; 40 ; 122 ; 210 ; 522 ; 1032 ; 2374 ; 4950 ; 11026
12 ; 0 ; 16 ; 6 ; 44 ; 40 ; 148 ; 210 ; 580 ; 1032 ; 2496 ; 4950 ; 11276
12 ; 0 ; 16 ; 6 ; 40 ; 40 ; 136 ; 210 ; 552 ; 1032 ; 2436 ; 4950 ; 11152
12 ; 0 ; 20 ; 12 ; 60 ; 70 ; 218 ; 336 ; 868 ; 1542 ; 3640 ; 6996 ; 15762
12 ; 0 ; 14 ; 6 ; 34 ; 40 ; 122 ; 210 ; 522 ; 1032 ; 2374 ; 4950 ; 11026
12 ; 0 ; 14 ; 6 ; 34 ; 40 ; 122 ; 210 ; 522 ; 1032 ; 2374 ; 4950 ; 11026
12 ; 0 ; 16 ; 6 ; 40 ; 40 ; 136 ; 210 ; 552 ; 1032 ; 2436 ; 4950 ; 11152
12 ; 0 ; 20 ; 6 ; 56 ; 40 ; 188 ; 210 ; 712 ; 1032 ; 2920 ; 4950 ; 12608
12 ; 0 ; 16 ; 6 ; 40 ; 40 ; 136 ; 210 ; 552 ; 1032 ; 2436 ; 4950 ; 11152
12 ; 0 ; 16 ; 6 ; 40 ; 40 ; 136 ; 210 ; 552 ; 1032 ; 2436 ; 4950 ; 11152
12 ; 0 ; 14 ; 6 ; 38 ; 40 ; 134 ; 210 ; 550 ; 1032 ; 2434 ; 4950 ; 11150
12 ; 0 ; 16 ; 6 ; 40 ; 40 ; 136 ; 210 ; 552 ; 1032 ; 2436 ; 4950 ; 11152
12 ; 0 ; 18 ; 12 ; 50 ; 70 ; 186 ; 336 ; 778 ; 1542 ; 3398 ; 6996 ; 15122
12 ; 0 ; 20 ; 12 ; 64 ; 80 ; 248 ; 420 ; 1064 ; 2064 ; 4800 ; 9900 ; 22168
12 ; 0 ; 18 ; 6 ; 46 ; 40 ; 156 ; 210 ; 614 ; 1032 ; 2618 ; 4950 ; 11668
12 ; 0 ; 22 ; 12 ; 70 ; 80 ; 268 ; 420 ; 1126 ; 2064 ; 4982 ; 9900 ; 22684
12 ; 0 ; 18 ; 6 ; 46 ; 40 ; 156 ; 210 ; 614 ; 1032 ; 2618 ; 4950 ; 11668
12 ; 0 ; 16 ; 6 ; 40 ; 40 ; 136 ; 210 ; 552 ; 1032 ; 2436 ; 4950 ; 11152
12 ; 0 ; 16 ; 6 ; 40 ; 40 ; 136 ; 210 ; 552 ; 1032 ; 2436 ; 4950 ; 11152
12 ; 0 ; 16 ; 6 ; 44 ; 40 ; 154 ; 210 ; 612 ; 1032 ; 2616 ; 4950 ; 11666
12 ; 0 ; 16 ; 6 ; 44 ; 40 ; 154 ; 210 ; 612 ; 1032 ; 2616 ; 4950 ; 11666
12 ; 0 ; 16 ; 6 ; 44 ; 40 ; 154 ; 210 ; 612 ; 1032 ; 2616 ; 4950 ; 11666
12 ; 0 ; 18 ; 12 ; 58 ; 80 ; 234 ; 420 ; 1034 ; 2064 ; 4738 ; 9900 ; 22042
12 ; 0 ; 18 ; 6 ; 46 ; 40 ; 156 ; 210 ; 614 ; 1032 ; 2618 ; 4950 ; 11668
12 ; 0 ; 18 ; 6 ; 46 ; 40 ; 156 ; 210 ; 614 ; 1032 ; 2618 ; 4950 ; 11668
12 ; 0 ; 20 ; 12 ; 56 ; 70 ; 200 ; 336 ; 808 ; 1542 ; 3460 ; 6996 ; 15248
12 ; 0 ; 18 ; 6 ; 50 ; 40 ; 168 ; 210 ; 642 ; 1032 ; 2678 ; 4950 ; 11792
12 ; 0 ; 18 ; 6 ; 46 ; 40 ; 150 ; 210 ; 582 ; 1032 ; 2498 ; 4950 ; 11278
12 ; 0 ; 18 ; 6 ; 46 ; 40 ; 150 ; 210 ; 582 ; 1032 ; 2498 ; 4950 ; 11278
12 ; 0 ; 20 ; 12 ; 60 ; 70 ; 218 ; 336 ; 868 ; 1542 ; 3640 ; 6996 ; 15762
12 ; 0 ; 20 ; 12 ; 56 ; 70 ; 200 ; 336 ; 808 ; 1542 ; 3460 ; 6996 ; 15248
12 ; 0 ; 18 ; 6 ; 50 ; 40 ; 168 ; 210 ; 642 ; 1032 ; 2678 ; 4950 ; 11792
12 ; 0 ; 16 ; 6 ; 44 ; 40 ; 148 ; 210 ; 580 ; 1032 ; 2496 ; 4950 ; 11276
12 ; 0 ; 20 ; 12 ; 60 ; 70 ; 218 ; 336 ; 868 ; 1542 ; 3640 ; 6996 ; 15762
12 ; 0 ; 18 ; 6 ; 50 ; 40 ; 174 ; 210 ; 682 ; 1032 ; 2858 ; 4950 ; 12482
12 ; 0 ; 18 ; 6 ; 50 ; 40 ; 174 ; 210 ; 682 ; 1032 ; 2858 ; 4950 ; 12482
12 ; 0 ; 18 ; 6 ; 50 ; 40 ; 174 ; 210 ; 682 ; 1032 ; 2858 ; 4950 ; 12482
12 ; 0 ; 18 ; 6 ; 50 ; 40 ; 174 ; 210 ; 682 ; 1032 ; 2858 ; 4950 ; 12482
12 ; 0 ; 16 ; 6 ; 44 ; 40 ; 154 ; 210 ; 612 ; 1032 ; 2616 ; 4950 ; 11666
12 ; 0 ; 16 ; 6 ; 44 ; 40 ; 154 ; 210 ; 612 ; 1032 ; 2616 ; 4950 ; 11666
12 ; 0 ; 18 ; 6 ; 50 ; 40 ; 168 ; 210 ; 642 ; 1032 ; 2678 ; 4950 ; 11792
12 ; 0 ; 16 ; 6 ; 44 ; 40 ; 154 ; 210 ; 612 ; 1032 ; 2616 ; 4950 ; 11666
12 ; 0 ; 22 ; 18 ; 74 ; 110 ; 298 ; 546 ; 1290 ; 2574 ; 5762 ; 11946 ; 26138
12 ; 0 ; 18 ; 6 ; 46 ; 40 ; 156 ; 210 ; 614 ; 1032 ; 2618 ; 4950 ; 11668
12 ; 0 ; 16 ; 6 ; 44 ; 40 ; 154 ; 210 ; 612 ; 1032 ; 2616 ; 4950 ; 11666
12 ; 0 ; 16 ; 6 ; 44 ; 40 ; 154 ; 210 ; 612 ; 1032 ; 2616 ; 4950 ; 11666
12 ; 0 ; 14 ; 6 ; 38 ; 40 ; 134 ; 210 ; 550 ; 1032 ; 2434 ; 4950 ; 11150
12 ; 0 ; 14 ; 6 ; 38 ; 40 ; 134 ; 210 ; 550 ; 1032 ; 2434 ; 4950 ; 11150
12 ; 0 ; 18 ; 12 ; 50 ; 70 ; 186 ; 336 ; 778 ; 1542 ; 3398 ; 6996 ; 15122
12 ; 0 ; 18 ; 12 ; 50 ; 70 ; 186 ; 336 ; 778 ; 1542 ; 3398 ; 6996 ; 15122
12 ; 0 ; 16 ; 6 ; 40 ; 40 ; 136 ; 210 ; 552 ; 1032 ; 2436 ; 4950 ; 11152
12 ; 0 ; 18 ; 12 ; 50 ; 70 ; 186 ; 336 ; 778 ; 1542 ; 3398 ; 6996 ; 15122
12 ; 0 ; 16 ; 6 ; 44 ; 40 ; 154 ; 210 ; 612 ; 1032 ; 2616 ; 4950 ; 11666
12 ; 0 ; 18 ; 12 ; 50 ; 70 ; 186 ; 336 ; 778 ; 1542 ; 3398 ; 6996 ; 15122
12 ; 0 ; 16 ; 6 ; 44 ; 40 ; 154 ; 210 ; 612 ; 1032 ; 2616 ; 4950 ; 11666
12 ; 0 ; 14 ; 6 ; 38 ; 40 ; 134 ; 210 ; 550 ; 1032 ; 2434 ; 4950 ; 11150
12 ; 0 ; 14 ; 6 ; 38 ; 40 ; 134 ; 210 ; 550 ; 1032 ; 2434 ; 4950 ; 11150
12 ; 0 ; 18 ; 12 ; 50 ; 70 ; 186 ; 336 ; 778 ; 1542 ; 3398 ; 6996 ; 15122
12 ; 0 ; 16 ; 6 ; 40 ; 40 ; 136 ; 210 ; 552 ; 1032 ; 2436 ; 4950 ; 11152
12 ; 0 ; 16 ; 6 ; 40 ; 40 ; 136 ; 210 ; 552 ; 1032 ; 2436 ; 4950 ; 11152
12 ; 0 ; 18 ; 6 ; 46 ; 40 ; 156 ; 210 ; 614 ; 1032 ; 2618 ; 4950 ; 11668
12 ; 0 ; 18 ; 6 ; 50 ; 40 ; 168 ; 210 ; 642 ; 1032 ; 2678 ; 4950 ; 11792
12 ; 0 ; 16 ; 6 ; 40 ; 40 ; 136 ; 210 ; 552 ; 1032 ; 2436 ; 4950 ; 11152
12 ; 0 ; 16 ; 6 ; 44 ; 40 ; 148 ; 210 ; 580 ; 1032 ; 2496 ; 4950 ; 11276
12 ; 0 ; 16 ; 6 ; 44 ; 40 ; 154 ; 210 ; 612 ; 1032 ; 2616 ; 4950 ; 11666
12 ; 0 ; 22 ; 18 ; 74 ; 110 ; 298 ; 546 ; 1290 ; 2574 ; 5762 ; 11946 ; 26138
12 ; 0 ; 18 ; 12 ; 50 ; 70 ; 186 ; 336 ; 778 ; 1542 ; 3398 ; 6996 ; 15122
12 ; 0 ; 16 ; 6 ; 44 ; 40 ; 154 ; 210 ; 612 ; 1032 ; 2616 ; 4950 ; 11666
12 ; 0 ; 20 ; 12 ; 60 ; 80 ; 236 ; 420 ; 1036 ; 2064 ; 4740 ; 9900 ; 22044
12 ; 0 ; 18 ; 6 ; 50 ; 40 ; 168 ; 210 ; 642 ; 1032 ; 2678 ; 4950 ; 11792
12 ; 0 ; 20 ; 6 ; 56 ; 40 ; 188 ; 210 ; 712 ; 1032 ; 2920 ; 4950 ; 12608
12 ; 0 ; 16 ; 6 ; 44 ; 40 ; 154 ; 210 ; 612 ; 1032 ; 2616 ; 4950 ; 11666
12 ; 0 ; 18 ; 12 ; 50 ; 70 ; 186 ; 336 ; 778 ; 1542 ; 3398 ; 6996 ; 15122
12 ; 0 ; 16 ; 6 ; 44 ; 40 ; 154 ; 210 ; 612 ; 1032 ; 2616 ; 4950 ; 11666
12 ; 0 ; 20 ; 12 ; 60 ; 80 ; 236 ; 420 ; 1036 ; 2064 ; 4740 ; 9900 ; 22044
12 ; 0 ; 18 ; 6 ; 50 ; 40 ; 174 ; 210 ; 682 ; 1032 ; 2858 ; 4950 ; 12482
12 ; 0 ; 18 ; 12 ; 58 ; 80 ; 234 ; 420 ; 1034 ; 2064 ; 4738 ; 9900 ; 22042
12 ; 0 ; 16 ; 6 ; 44 ; 40 ; 154 ; 210 ; 612 ; 1032 ; 2616 ; 4950 ; 11666
12 ; 0 ; 16 ; 6 ; 44 ; 40 ; 154 ; 210 ; 612 ; 1032 ; 2616 ; 4950 ; 11666
12 ; 0 ; 16 ; 6 ; 44 ; 40 ; 154 ; 210 ; 612 ; 1032 ; 2616 ; 4950 ; 11666
12 ; 0 ; 16 ; 6 ; 44 ; 40 ; 154 ; 210 ; 612 ; 1032 ; 2616 ; 4950 ; 11666
12 ; 0 ; 16 ; 6 ; 44 ; 40 ; 154 ; 210 ; 612 ; 1032 ; 2616 ; 4950 ; 11666
12 ; 0 ; 18 ; 6 ; 50 ; 40 ; 168 ; 210 ; 642 ; 1032 ; 2678 ; 4950 ; 11792
12 ; 0 ; 16 ; 6 ; 44 ; 40 ; 154 ; 210 ; 612 ; 1032 ; 2616 ; 4950 ; 11666
12 ; 0 ; 18 ; 6 ; 50 ; 40 ; 174 ; 210 ; 682 ; 1032 ; 2858 ; 4950 ; 12482
12 ; 0 ; 16 ; 6 ; 44 ; 40 ; 148 ; 210 ; 580 ; 1032 ; 2496 ; 4950 ; 11276
12 ; 0 ; 16 ; 6 ; 40 ; 40 ; 136 ; 210 ; 552 ; 1032 ; 2436 ; 4950 ; 11152
12 ; 0 ; 16 ; 6 ; 40 ; 40 ; 136 ; 210 ; 552 ; 1032 ; 2436 ; 4950 ; 11152
12 ; 0 ; 16 ; 6 ; 44 ; 40 ; 148 ; 210 ; 580 ; 1032 ; 2496 ; 4950 ; 11276
12 ; 0 ; 20 ; 6 ; 56 ; 40 ; 188 ; 210 ; 712 ; 1032 ; 2920 ; 4950 ; 12608
12 ; 0 ; 18 ; 6 ; 50 ; 40 ; 168 ; 210 ; 642 ; 1032 ; 2678 ; 4950 ; 11792
12 ; 0 ; 18 ; 6 ; 50 ; 40 ; 174 ; 210 ; 682 ; 1032 ; 2858 ; 4950 ; 12482
12 ; 0 ; 18 ; 6 ; 50 ; 40 ; 174 ; 210 ; 682 ; 1032 ; 2858 ; 4950 ; 12482
12 ; 0 ; 16 ; 6 ; 44 ; 40 ; 154 ; 210 ; 612 ; 1032 ; 2616 ; 4950 ; 11666
12 ; 0 ; 16 ; 6 ; 44 ; 40 ; 154 ; 210 ; 612 ; 1032 ; 2616 ; 4950 ; 11666
12 ; 0 ; 16 ; 6 ; 44 ; 40 ; 148 ; 210 ; 580 ; 1032 ; 2496 ; 4950 ; 11276
12 ; 0 ; 16 ; 6 ; 40 ; 40 ; 136 ; 210 ; 552 ; 1032 ; 2436 ; 4950 ; 11152
12 ; 0 ; 18 ; 6 ; 50 ; 40 ; 168 ; 210 ; 642 ; 1032 ; 2678 ; 4950 ; 11792
12 ; 0 ; 20 ; 12 ; 56 ; 70 ; 200 ; 336 ; 808 ; 1542 ; 3460 ; 6996 ; 15248
12 ; 0 ; 18 ; 6 ; 46 ; 40 ; 150 ; 210 ; 582 ; 1032 ; 2498 ; 4950 ; 11278
12 ; 0 ; 18 ; 6 ; 50 ; 40 ; 174 ; 210 ; 682 ; 1032 ; 2858 ; 4950 ; 12482
12 ; 0 ; 20 ; 12 ; 60 ; 70 ; 218 ; 336 ; 868 ; 1542 ; 3640 ; 6996 ; 15762
12 ; 0 ; 20 ; 12 ; 60 ; 70 ; 218 ; 336 ; 868 ; 1542 ; 3640 ; 6996 ; 15762
12 ; 0 ; 20 ; 6 ; 56 ; 40 ; 188 ; 210 ; 712 ; 1032 ; 2920 ; 4950 ; 12608
12 ; 0 ; 18 ; 6 ; 46 ; 40 ; 156 ; 210 ; 614 ; 1032 ; 2618 ; 4950 ; 11668
12 ; 0 ; 18 ; 6 ; 50 ; 40 ; 168 ; 210 ; 642 ; 1032 ; 2678 ; 4950 ; 11792
12 ; 0 ; 20 ; 12 ; 60 ; 80 ; 236 ; 420 ; 1036 ; 2064 ; 4740 ; 9900 ; 22044
12 ; 0 ; 18 ; 6 ; 50 ; 40 ; 168 ; 210 ; 642 ; 1032 ; 2678 ; 4950 ; 11792
12 ; 0 ; 20 ; 12 ; 60 ; 70 ; 218 ; 336 ; 868 ; 1542 ; 3640 ; 6996 ; 15762
12 ; 0 ; 22 ; 12 ; 70 ; 80 ; 268 ; 420 ; 1126 ; 2064 ; 4982 ; 9900 ; 22684
12 ; 0 ; 18 ; 6 ; 46 ; 40 ; 150 ; 210 ; 582 ; 1032 ; 2498 ; 4950 ; 11278
12 ; 0 ; 22 ; 18 ; 66 ; 100 ; 250 ; 462 ; 1034 ; 2052 ; 4422 ; 9042 ; 19218
12 ; 0 ; 18 ; 6 ; 46 ; 40 ; 150 ; 210 ; 582 ; 1032 ; 2498 ; 4950 ; 11278
12 ; 0 ; 20 ; 12 ; 56 ; 70 ; 200 ; 336 ; 808 ; 1542 ; 3460 ; 6996 ; 15248
12 ; 0 ; 18 ; 12 ; 50 ; 70 ; 186 ; 336 ; 778 ; 1542 ; 3398 ; 6996 ; 15122
12 ; 0 ; 16 ; 6 ; 40 ; 40 ; 136 ; 210 ; 552 ; 1032 ; 2436 ; 4950 ; 11152
12 ; 0 ; 18 ; 12 ; 50 ; 70 ; 186 ; 336 ; 778 ; 1542 ; 3398 ; 6996 ; 15122
12 ; 0 ; 20 ; 12 ; 60 ; 80 ; 236 ; 420 ; 1036 ; 2064 ; 4740 ; 9900 ; 22044
12 ; 0 ; 20 ; 12 ; 60 ; 70 ; 218 ; 336 ; 868 ; 1542 ; 3640 ; 6996 ; 15762
12 ; 0 ; 18 ; 12 ; 50 ; 70 ; 186 ; 336 ; 778 ; 1542 ; 3398 ; 6996 ; 15122
12 ; 0 ; 16 ; 6 ; 40 ; 40 ; 136 ; 210 ; 552 ; 1032 ; 2436 ; 4950 ; 11152
12 ; 0 ; 14 ; 6 ; 38 ; 40 ; 134 ; 210 ; 550 ; 1032 ; 2434 ; 4950 ; 11150
12 ; 0 ; 18 ; 6 ; 50 ; 40 ; 168 ; 210 ; 642 ; 1032 ; 2678 ; 4950 ; 11792
12 ; 0 ; 18 ; 6 ; 46 ; 40 ; 156 ; 210 ; 614 ; 1032 ; 2618 ; 4950 ; 11668
12 ; 0 ; 18 ; 6 ; 50 ; 40 ; 168 ; 210 ; 642 ; 1032 ; 2678 ; 4950 ; 11792
12 ; 0 ; 16 ; 12 ; 48 ; 70 ; 184 ; 336 ; 776 ; 1542 ; 3396 ; 6996 ; 15120
12 ; 0 ; 14 ; 6 ; 38 ; 40 ; 134 ; 210 ; 550 ; 1032 ; 2434 ; 4950 ; 11150
12 ; 0 ; 16 ; 12 ; 48 ; 70 ; 184 ; 336 ; 776 ; 1542 ; 3396 ; 6996 ; 15120
12 ; 0 ; 16 ; 12 ; 48 ; 70 ; 184 ; 336 ; 776 ; 1542 ; 3396 ; 6996 ; 15120
12 ; 0 ; 14 ; 6 ; 38 ; 40 ; 134 ; 210 ; 550 ; 1032 ; 2434 ; 4950 ; 11150
12 ; 0 ; 26 ; 24 ; 106 ; 180 ; 530 ; 1120 ; 2922 ; 6756 ; 16986 ; 40920 ; 102058
12 ; 0 ; 18 ; 6 ; 46 ; 30 ; 138 ; 126 ; 454 ; 510 ; 1578 ; 2046 ; 5686
12 ; 0 ; 20 ; 12 ; 52 ; 60 ; 164 ; 252 ; 580 ; 1020 ; 2180 ; 4092 ; 8452
12 ; 0 ; 18 ; 6 ; 42 ; 30 ; 120 ; 126 ; 386 ; 510 ; 1338 ; 2046 ; 4872
12 ; 0 ; 18 ; 6 ; 46 ; 30 ; 138 ; 126 ; 454 ; 510 ; 1578 ; 2046 ; 5686
12 ; 0 ; 20 ; 6 ; 52 ; 30 ; 158 ; 126 ; 524 ; 510 ; 1830 ; 2046 ; 6598
12 ; 0 ; 16 ; 6 ; 36 ; 30 ; 106 ; 126 ; 356 ; 510 ; 1276 ; 2046 ; 4746
12 ; 0 ; 18 ; 6 ; 46 ; 30 ; 144 ; 126 ; 494 ; 510 ; 1768 ; 2046 ; 6472
12 ; 0 ; 16 ; 12 ; 40 ; 60 ; 136 ; 252 ; 520 ; 1020 ; 2056 ; 4092 ; 8200
12 ; 0 ; 14 ; 6 ; 34 ; 30 ; 104 ; 126 ; 354 ; 510 ; 1274 ; 2046 ; 4744
12 ; 0 ; 16 ; 6 ; 36 ; 30 ; 100 ; 126 ; 324 ; 510 ; 1156 ; 2046 ; 4356
12 ; 0 ; 16 ; 12 ; 40 ; 60 ; 136 ; 252 ; 520 ; 1020 ; 2056 ; 4092 ; 8200
12 ; 0 ; 16 ; 6 ; 36 ; 30 ; 106 ; 126 ; 356 ; 510 ; 1276 ; 2046 ; 4746
12 ; 0 ; 20 ; 18 ; 56 ; 90 ; 200 ; 378 ; 776 ; 1530 ; 3080 ; 6138 ; 12296
12 ; 0 ; 16 ; 6 ; 40 ; 30 ; 124 ; 126 ; 424 ; 510 ; 1516 ; 2046 ; 5560
12 ; 0 ; 16 ; 6 ; 36 ; 30 ; 106 ; 126 ; 356 ; 510 ; 1276 ; 2046 ; 4746
12 ; 0 ; 14 ; 6 ; 30 ; 30 ; 86 ; 126 ; 294 ; 510 ; 1094 ; 2046 ; 4230
12 ; 0 ; 14 ; 6 ; 30 ; 30 ; 86 ; 126 ; 294 ; 510 ; 1094 ; 2046 ; 4230
12 ; 0 ; 14 ; 6 ; 34 ; 30 ; 104 ; 126 ; 354 ; 510 ; 1274 ; 2046 ; 4744
12 ; 0 ; 14 ; 6 ; 34 ; 30 ; 104 ; 126 ; 354 ; 510 ; 1274 ; 2046 ; 4744
12 ; 0 ; 16 ; 6 ; 40 ; 30 ; 124 ; 126 ; 424 ; 510 ; 1516 ; 2046 ; 5560
12 ; 0 ; 16 ; 12 ; 40 ; 60 ; 136 ; 252 ; 520 ; 1020 ; 2056 ; 4092 ; 8200
12 ; 0 ; 14 ; 6 ; 34 ; 30 ; 104 ; 126 ; 354 ; 510 ; 1274 ; 2046 ; 4744
12 ; 0 ; 18 ; 6 ; 42 ; 30 ; 126 ; 126 ; 426 ; 510 ; 1518 ; 2046 ; 5562
12 ; 0 ; 18 ; 6 ; 42 ; 30 ; 126 ; 126 ; 426 ; 510 ; 1518 ; 2046 ; 5562
12 ; 0 ; 18 ; 12 ; 46 ; 60 ; 150 ; 252 ; 550 ; 1020 ; 2118 ; 4092 ; 8326
12 ; 0 ; 16 ; 6 ; 36 ; 30 ; 100 ; 126 ; 324 ; 510 ; 1156 ; 2046 ; 4356
12 ; 0 ; 16 ; 6 ; 36 ; 30 ; 106 ; 126 ; 356 ; 510 ; 1276 ; 2046 ; 4746
12 ; 0 ; 16 ; 12 ; 40 ; 60 ; 136 ; 252 ; 520 ; 1020 ; 2056 ; 4092 ; 8200
12 ; 0 ; 14 ; 6 ; 30 ; 30 ; 86 ; 126 ; 294 ; 510 ; 1094 ; 2046 ; 4230
12 ; 0 ; 16 ; 12 ; 40 ; 60 ; 136 ; 252 ; 520 ; 1020 ; 2056 ; 4092 ; 8200
12 ; 0 ; 18 ; 6 ; 42 ; 30 ; 126 ; 126 ; 426 ; 510 ; 1518 ; 2046 ; 5562
12 ; 0 ; 16 ; 6 ; 36 ; 30 ; 106 ; 126 ; 356 ; 510 ; 1276 ; 2046 ; 4746
12 ; 0 ; 14 ; 6 ; 30 ; 30 ; 86 ; 126 ; 294 ; 510 ; 1094 ; 2046 ; 4230
12 ; 0 ; 14 ; 6 ; 30 ; 30 ; 86 ; 126 ; 294 ; 510 ; 1094 ; 2046 ; 4230
12 ; 0 ; 20 ; 12 ; 52 ; 60 ; 170 ; 252 ; 612 ; 1020 ; 2300 ; 4092 ; 8842
12 ; 0 ; 16 ; 6 ; 32 ; 30 ; 88 ; 126 ; 296 ; 510 ; 1096 ; 2046 ; 4232
12 ; 0 ; 16 ; 6 ; 36 ; 30 ; 100 ; 126 ; 324 ; 510 ; 1156 ; 2046 ; 4356
12 ; 0 ; 16 ; 6 ; 36 ; 30 ; 106 ; 126 ; 356 ; 510 ; 1276 ; 2046 ; 4746
12 ; 0 ; 16 ; 6 ; 36 ; 30 ; 106 ; 126 ; 356 ; 510 ; 1276 ; 2046 ; 4746
12 ; 0 ; 18 ; 6 ; 42 ; 30 ; 126 ; 126 ; 426 ; 510 ; 1518 ; 2046 ; 5562
12 ; 0 ; 18 ; 6 ; 42 ; 30 ; 120 ; 126 ; 386 ; 510 ; 1338 ; 2046 ; 4872
12 ; 0 ; 16 ; 6 ; 36 ; 30 ; 106 ; 126 ; 356 ; 510 ; 1276 ; 2046 ; 4746
12 ; 0 ; 16 ; 6 ; 36 ; 30 ; 106 ; 126 ; 356 ; 510 ; 1276 ; 2046 ; 4746
12 ; 0 ; 16 ; 6 ; 36 ; 30 ; 100 ; 126 ; 324 ; 510 ; 1156 ; 2046 ; 4356
12 ; 0 ; 16 ; 6 ; 32 ; 30 ; 88 ; 126 ; 296 ; 510 ; 1096 ; 2046 ; 4232
12 ; 0 ; 18 ; 6 ; 42 ; 30 ; 120 ; 126 ; 386 ; 510 ; 1338 ; 2046 ; 4872
12 ; 0 ; 16 ; 6 ; 36 ; 30 ; 106 ; 126 ; 356 ; 510 ; 1276 ; 2046 ; 4746
12 ; 0 ; 18 ; 12 ; 42 ; 60 ; 138 ; 252 ; 522 ; 1020 ; 2058 ; 4092 ; 8202
12 ; 0 ; 16 ; 6 ; 36 ; 30 ; 106 ; 126 ; 356 ; 510 ; 1276 ; 2046 ; 4746
12 ; 0 ; 16 ; 6 ; 36 ; 30 ; 106 ; 126 ; 356 ; 510 ; 1276 ; 2046 ; 4746
12 ; 0 ; 18 ; 12 ; 42 ; 60 ; 138 ; 252 ; 522 ; 1020 ; 2058 ; 4092 ; 8202
12 ; 0 ; 14 ; 6 ; 34 ; 30 ; 104 ; 126 ; 354 ; 510 ; 1274 ; 2046 ; 4744
12 ; 0 ; 16 ; 6 ; 40 ; 30 ; 124 ; 126 ; 424 ; 510 ; 1516 ; 2046 ; 5560
12 ; 0 ; 14 ; 6 ; 34 ; 30 ; 104 ; 126 ; 354 ; 510 ; 1274 ; 2046 ; 4744
12 ; 0 ; 16 ; 6 ; 40 ; 30 ; 124 ; 126 ; 424 ; 510 ; 1516 ; 2046 ; 5560
12 ; 0 ; 16 ; 6 ; 40 ; 30 ; 124 ; 126 ; 424 ; 510 ; 1516 ; 2046 ; 5560
12 ; 0 ; 18 ; 6 ; 42 ; 30 ; 126 ; 126 ; 426 ; 510 ; 1518 ; 2046 ; 5562
12 ; 0 ; 16 ; 6 ; 36 ; 30 ; 106 ; 126 ; 356 ; 510 ; 1276 ; 2046 ; 4746
12 ; 0 ; 14 ; 6 ; 30 ; 30 ; 86 ; 126 ; 294 ; 510 ; 1094 ; 2046 ; 4230
12 ; 0 ; 14 ; 6 ; 30 ; 30 ; 86 ; 126 ; 294 ; 510 ; 1094 ; 2046 ; 4230
12 ; 0 ; 14 ; 6 ; 34 ; 30 ; 104 ; 126 ; 354 ; 510 ; 1274 ; 2046 ; 4744
12 ; 0 ; 16 ; 6 ; 36 ; 30 ; 106 ; 126 ; 356 ; 510 ; 1276 ; 2046 ; 4746
12 ; 0 ; 14 ; 6 ; 30 ; 30 ; 86 ; 126 ; 294 ; 510 ; 1094 ; 2046 ; 4230
12 ; 0 ; 16 ; 12 ; 40 ; 60 ; 136 ; 252 ; 520 ; 1020 ; 2056 ; 4092 ; 8200
12 ; 0 ; 18 ; 12 ; 46 ; 60 ; 150 ; 252 ; 550 ; 1020 ; 2118 ; 4092 ; 8326
12 ; 0 ; 16 ; 6 ; 36 ; 30 ; 100 ; 126 ; 324 ; 510 ; 1156 ; 2046 ; 4356
12 ; 0 ; 16 ; 12 ; 40 ; 60 ; 136 ; 252 ; 520 ; 1020 ; 2056 ; 4092 ; 8200
12 ; 0 ; 14 ; 6 ; 34 ; 30 ; 104 ; 126 ; 354 ; 510 ; 1274 ; 2046 ; 4744
12 ; 0 ; 14 ; 6 ; 30 ; 30 ; 86 ; 126 ; 294 ; 510 ; 1094 ; 2046 ; 4230
12 ; 0 ; 14 ; 6 ; 30 ; 30 ; 86 ; 126 ; 294 ; 510 ; 1094 ; 2046 ; 4230
12 ; 0 ; 14 ; 6 ; 34 ; 30 ; 104 ; 126 ; 354 ; 510 ; 1274 ; 2046 ; 4744
12 ; 0 ; 12 ; 6 ; 32 ; 30 ; 102 ; 126 ; 352 ; 510 ; 1272 ; 2046 ; 4742
12 ; 0 ; 12 ; 6 ; 32 ; 30 ; 102 ; 126 ; 352 ; 510 ; 1272 ; 2046 ; 4742
12 ; 0 ; 12 ; 6 ; 28 ; 30 ; 84 ; 126 ; 292 ; 510 ; 1092 ; 2046 ; 4228
12 ; 0 ; 12 ; 6 ; 28 ; 30 ; 84 ; 126 ; 292 ; 510 ; 1092 ; 2046 ; 4228
12 ; 0 ; 14 ; 6 ; 34 ; 30 ; 104 ; 126 ; 354 ; 510 ; 1274 ; 2046 ; 4744
12 ; 0 ; 14 ; 6 ; 30 ; 30 ; 86 ; 126 ; 294 ; 510 ; 1094 ; 2046 ; 4230
12 ; 0 ; 14 ; 6 ; 30 ; 30 ; 86 ; 126 ; 294 ; 510 ; 1094 ; 2046 ; 4230
12 ; 0 ; 14 ; 6 ; 34 ; 30 ; 104 ; 126 ; 354 ; 510 ; 1274 ; 2046 ; 4744
12 ; 0 ; 14 ; 6 ; 30 ; 30 ; 86 ; 126 ; 294 ; 510 ; 1094 ; 2046 ; 4230
12 ; 0 ; 14 ; 6 ; 30 ; 30 ; 86 ; 126 ; 294 ; 510 ; 1094 ; 2046 ; 4230
12 ; 0 ; 14 ; 6 ; 34 ; 30 ; 104 ; 126 ; 354 ; 510 ; 1274 ; 2046 ; 4744
12 ; 0 ; 14 ; 6 ; 34 ; 30 ; 104 ; 126 ; 354 ; 510 ; 1274 ; 2046 ; 4744
12 ; 0 ; 14 ; 6 ; 34 ; 30 ; 98 ; 126 ; 322 ; 510 ; 1154 ; 2046 ; 4354
12 ; 0 ; 14 ; 6 ; 34 ; 30 ; 98 ; 126 ; 322 ; 510 ; 1154 ; 2046 ; 4354
12 ; 0 ; 14 ; 6 ; 34 ; 30 ; 98 ; 126 ; 322 ; 510 ; 1154 ; 2046 ; 4354
12 ; 0 ; 16 ; 6 ; 36 ; 30 ; 106 ; 126 ; 356 ; 510 ; 1276 ; 2046 ; 4746
12 ; 0 ; 16 ; 6 ; 36 ; 30 ; 106 ; 126 ; 356 ; 510 ; 1276 ; 2046 ; 4746
12 ; 0 ; 16 ; 6 ; 36 ; 30 ; 106 ; 126 ; 356 ; 510 ; 1276 ; 2046 ; 4746
12 ; 0 ; 14 ; 6 ; 34 ; 30 ; 104 ; 126 ; 354 ; 510 ; 1274 ; 2046 ; 4744
12 ; 0 ; 14 ; 6 ; 34 ; 30 ; 104 ; 126 ; 354 ; 510 ; 1274 ; 2046 ; 4744
12 ; 0 ; 14 ; 6 ; 34 ; 30 ; 104 ; 126 ; 354 ; 510 ; 1274 ; 2046 ; 4744
12 ; 0 ; 14 ; 12 ; 38 ; 60 ; 134 ; 252 ; 518 ; 1020 ; 2054 ; 4092 ; 8198
12 ; 0 ; 12 ; 6 ; 28 ; 30 ; 84 ; 126 ; 292 ; 510 ; 1092 ; 2046 ; 4228
12 ; 0 ; 16 ; 12 ; 44 ; 60 ; 148 ; 252 ; 548 ; 1020 ; 2116 ; 4092 ; 8324
12 ; 0 ; 10 ; 6 ; 26 ; 30 ; 82 ; 126 ; 290 ; 510 ; 1090 ; 2046 ; 4226
12 ; 0 ; 10 ; 6 ; 22 ; 30 ; 70 ; 126 ; 262 ; 510 ; 1030 ; 2046 ; 4102
12 ; 0 ; 12 ; 6 ; 28 ; 30 ; 84 ; 126 ; 292 ; 510 ; 1092 ; 2046 ; 4228
12 ; 0 ; 18 ; 12 ; 42 ; 60 ; 138 ; 252 ; 522 ; 1020 ; 2058 ; 4092 ; 8202
12 ; 0 ; 16 ; 6 ; 32 ; 30 ; 88 ; 126 ; 296 ; 510 ; 1096 ; 2046 ; 4232
12 ; 0 ; 16 ; 12 ; 40 ; 60 ; 136 ; 252 ; 520 ; 1020 ; 2056 ; 4092 ; 8200
12 ; 0 ; 14 ; 6 ; 30 ; 30 ; 86 ; 126 ; 294 ; 510 ; 1094 ; 2046 ; 4230
12 ; 0 ; 12 ; 6 ; 28 ; 30 ; 84 ; 126 ; 292 ; 510 ; 1092 ; 2046 ; 4228
12 ; 0 ; 16 ; 12 ; 40 ; 60 ; 136 ; 252 ; 520 ; 1020 ; 2056 ; 4092 ; 8200
12 ; 0 ; 16 ; 6 ; 36 ; 30 ; 106 ; 126 ; 356 ; 510 ; 1276 ; 2046 ; 4746
12 ; 0 ; 16 ; 6 ; 36 ; 30 ; 106 ; 126 ; 356 ; 510 ; 1276 ; 2046 ; 4746
12 ; 0 ; 18 ; 6 ; 42 ; 30 ; 126 ; 126 ; 426 ; 510 ; 1518 ; 2046 ; 5562
12 ; 0 ; 16 ; 6 ; 36 ; 30 ; 106 ; 126 ; 356 ; 510 ; 1276 ; 2046 ; 4746
12 ; 0 ; 12 ; 6 ; 28 ; 30 ; 84 ; 126 ; 292 ; 510 ; 1092 ; 2046 ; 4228
12 ; 0 ; 14 ; 6 ; 30 ; 30 ; 86 ; 126 ; 294 ; 510 ; 1094 ; 2046 ; 4230
12 ; 0 ; 18 ; 12 ; 46 ; 60 ; 150 ; 252 ; 550 ; 1020 ; 2118 ; 4092 ; 8326
12 ; 0 ; 14 ; 6 ; 26 ; 30 ; 74 ; 126 ; 266 ; 510 ; 1034 ; 2046 ; 4106
12 ; 0 ; 14 ; 6 ; 30 ; 30 ; 86 ; 126 ; 294 ; 510 ; 1094 ; 2046 ; 4230
12 ; 0 ; 14 ; 6 ; 34 ; 30 ; 104 ; 126 ; 354 ; 510 ; 1274 ; 2046 ; 4744
12 ; 0 ; 16 ; 6 ; 36 ; 30 ; 106 ; 126 ; 356 ; 510 ; 1276 ; 2046 ; 4746
12 ; 0 ; 18 ; 6 ; 46 ; 30 ; 138 ; 126 ; 454 ; 510 ; 1578 ; 2046 ; 5686
12 ; 0 ; 16 ; 6 ; 36 ; 30 ; 100 ; 126 ; 324 ; 510 ; 1156 ; 2046 ; 4356
12 ; 0 ; 18 ; 6 ; 46 ; 30 ; 138 ; 126 ; 454 ; 510 ; 1578 ; 2046 ; 5686
12 ; 0 ; 14 ; 6 ; 30 ; 30 ; 86 ; 126 ; 294 ; 510 ; 1094 ; 2046 ; 4230
12 ; 0 ; 12 ; 6 ; 24 ; 30 ; 72 ; 126 ; 264 ; 510 ; 1032 ; 2046 ; 4104
12 ; 0 ; 12 ; 6 ; 28 ; 30 ; 84 ; 126 ; 292 ; 510 ; 1092 ; 2046 ; 4228
12 ; 0 ; 18 ; 12 ; 46 ; 60 ; 150 ; 252 ; 550 ; 1020 ; 2118 ; 4092 ; 8326
12 ; 0 ; 14 ; 6 ; 26 ; 30 ; 74 ; 126 ; 266 ; 510 ; 1034 ; 2046 ; 4106
12 ; 0 ; 12 ; 6 ; 24 ; 30 ; 72 ; 126 ; 264 ; 510 ; 1032 ; 2046 ; 4104
12 ; 0 ; 14 ; 6 ; 30 ; 30 ; 86 ; 126 ; 294 ; 510 ; 1094 ; 2046 ; 4230
12 ; 0 ; 16 ; 6 ; 36 ; 30 ; 100 ; 126 ; 324 ; 510 ; 1156 ; 2046 ; 4356
12 ; 0 ; 16 ; 6 ; 36 ; 30 ; 106 ; 126 ; 356 ; 510 ; 1276 ; 2046 ; 4746
12 ; 0 ; 14 ; 6 ; 30 ; 30 ; 86 ; 126 ; 294 ; 510 ; 1094 ; 2046 ; 4230
12 ; 0 ; 16 ; 6 ; 36 ; 30 ; 100 ; 126 ; 324 ; 510 ; 1156 ; 2046 ; 4356
12 ; 0 ; 16 ; 6 ; 40 ; 30 ; 118 ; 126 ; 384 ; 510 ; 1336 ; 2046 ; 4870
12 ; 0 ; 16 ; 6 ; 40 ; 30 ; 118 ; 126 ; 384 ; 510 ; 1336 ; 2046 ; 4870
12 ; 0 ; 14 ; 6 ; 26 ; 30 ; 74 ; 126 ; 266 ; 510 ; 1034 ; 2046 ; 4106
12 ; 0 ; 14 ; 6 ; 26 ; 30 ; 74 ; 126 ; 266 ; 510 ; 1034 ; 2046 ; 4106
12 ; 0 ; 18 ; 12 ; 46 ; 60 ; 150 ; 252 ; 550 ; 1020 ; 2118 ; 4092 ; 8326
12 ; 0 ; 14 ; 6 ; 30 ; 30 ; 86 ; 126 ; 294 ; 510 ; 1094 ; 2046 ; 4230
12 ; 0 ; 16 ; 6 ; 36 ; 30 ; 100 ; 126 ; 324 ; 510 ; 1156 ; 2046 ; 4356
12 ; 0 ; 16 ; 6 ; 36 ; 30 ; 100 ; 126 ; 324 ; 510 ; 1156 ; 2046 ; 4356
12 ; 0 ; 18 ; 12 ; 50 ; 60 ; 168 ; 252 ; 610 ; 1020 ; 2298 ; 4092 ; 8840
12 ; 0 ; 16 ; 12 ; 44 ; 60 ; 148 ; 252 ; 548 ; 1020 ; 2116 ; 4092 ; 8324
12 ; 0 ; 14 ; 6 ; 34 ; 30 ; 98 ; 126 ; 322 ; 510 ; 1154 ; 2046 ; 4354
12 ; 0 ; 16 ; 12 ; 44 ; 60 ; 148 ; 252 ; 548 ; 1020 ; 2116 ; 4092 ; 8324
12 ; 0 ; 14 ; 6 ; 34 ; 30 ; 98 ; 126 ; 322 ; 510 ; 1154 ; 2046 ; 4354
12 ; 0 ; 14 ; 6 ; 30 ; 30 ; 86 ; 126 ; 294 ; 510 ; 1094 ; 2046 ; 4230
12 ; 0 ; 14 ; 6 ; 34 ; 30 ; 98 ; 126 ; 322 ; 510 ; 1154 ; 2046 ; 4354
12 ; 0 ; 14 ; 12 ; 38 ; 60 ; 134 ; 252 ; 518 ; 1020 ; 2054 ; 4092 ; 8198
12 ; 0 ; 14 ; 6 ; 30 ; 30 ; 86 ; 126 ; 294 ; 510 ; 1094 ; 2046 ; 4230
12 ; 0 ; 14 ; 6 ; 30 ; 30 ; 86 ; 126 ; 294 ; 510 ; 1094 ; 2046 ; 4230
12 ; 0 ; 16 ; 12 ; 40 ; 60 ; 136 ; 252 ; 520 ; 1020 ; 2056 ; 4092 ; 8200
12 ; 0 ; 12 ; 6 ; 28 ; 30 ; 84 ; 126 ; 292 ; 510 ; 1092 ; 2046 ; 4228
12 ; 0 ; 14 ; 12 ; 38 ; 60 ; 134 ; 252 ; 518 ; 1020 ; 2054 ; 4092 ; 8198
12 ; 0 ; 16 ; 12 ; 40 ; 60 ; 136 ; 252 ; 520 ; 1020 ; 2056 ; 4092 ; 8200
12 ; 0 ; 12 ; 6 ; 24 ; 30 ; 72 ; 126 ; 264 ; 510 ; 1032 ; 2046 ; 4104
12 ; 0 ; 12 ; 6 ; 28 ; 30 ; 84 ; 126 ; 292 ; 510 ; 1092 ; 2046 ; 4228
12 ; 0 ; 16 ; 12 ; 40 ; 60 ; 136 ; 252 ; 520 ; 1020 ; 2056 ; 4092 ; 8200
12 ; 0 ; 16 ; 6 ; 40 ; 30 ; 118 ; 126 ; 384 ; 510 ; 1336 ; 2046 ; 4870
12 ; 0 ; 14 ; 6 ; 30 ; 30 ; 86 ; 126 ; 294 ; 510 ; 1094 ; 2046 ; 4230
12 ; 0 ; 14 ; 6 ; 30 ; 30 ; 86 ; 126 ; 294 ; 510 ; 1094 ; 2046 ; 4230
12 ; 0 ; 18 ; 12 ; 46 ; 60 ; 150 ; 252 ; 550 ; 1020 ; 2118 ; 4092 ; 8326
12 ; 0 ; 16 ; 6 ; 40 ; 30 ; 118 ; 126 ; 384 ; 510 ; 1336 ; 2046 ; 4870
12 ; 0 ; 16 ; 6 ; 40 ; 30 ; 118 ; 126 ; 384 ; 510 ; 1336 ; 2046 ; 4870
12 ; 0 ; 12 ; 6 ; 24 ; 30 ; 72 ; 126 ; 264 ; 510 ; 1032 ; 2046 ; 4104
12 ; 0 ; 14 ; 6 ; 30 ; 30 ; 86 ; 126 ; 294 ; 510 ; 1094 ; 2046 ; 4230
12 ; 0 ; 14 ; 6 ; 30 ; 30 ; 86 ; 126 ; 294 ; 510 ; 1094 ; 2046 ; 4230
12 ; 0 ; 14 ; 6 ; 30 ; 30 ; 86 ; 126 ; 294 ; 510 ; 1094 ; 2046 ; 4230
12 ; 0 ; 12 ; 6 ; 24 ; 30 ; 72 ; 126 ; 264 ; 510 ; 1032 ; 2046 ; 4104
12 ; 0 ; 14 ; 6 ; 34 ; 30 ; 98 ; 126 ; 322 ; 510 ; 1154 ; 2046 ; 4354
12 ; 0 ; 16 ; 6 ; 36 ; 30 ; 100 ; 126 ; 324 ; 510 ; 1156 ; 2046 ; 4356
12 ; 0 ; 16 ; 6 ; 40 ; 30 ; 118 ; 126 ; 384 ; 510 ; 1336 ; 2046 ; 4870
12 ; 0 ; 12 ; 6 ; 24 ; 30 ; 72 ; 126 ; 264 ; 510 ; 1032 ; 2046 ; 4104
12 ; 0 ; 12 ; 6 ; 24 ; 30 ; 72 ; 126 ; 264 ; 510 ; 1032 ; 2046 ; 4104
12 ; 0 ; 12 ; 6 ; 28 ; 30 ; 84 ; 126 ; 292 ; 510 ; 1092 ; 2046 ; 4228
12 ; 0 ; 14 ; 6 ; 30 ; 30 ; 86 ; 126 ; 294 ; 510 ; 1094 ; 2046 ; 4230
12 ; 0 ; 14 ; 6 ; 30 ; 30 ; 86 ; 126 ; 294 ; 510 ; 1094 ; 2046 ; 4230
12 ; 0 ; 14 ; 6 ; 34 ; 30 ; 104 ; 126 ; 354 ; 510 ; 1274 ; 2046 ; 4744
12 ; 0 ; 14 ; 6 ; 30 ; 30 ; 86 ; 126 ; 294 ; 510 ; 1094 ; 2046 ; 4230
12 ; 0 ; 14 ; 6 ; 30 ; 30 ; 86 ; 126 ; 294 ; 510 ; 1094 ; 2046 ; 4230
12 ; 0 ; 16 ; 6 ; 40 ; 30 ; 118 ; 126 ; 384 ; 510 ; 1336 ; 2046 ; 4870
12 ; 0 ; 14 ; 6 ; 30 ; 30 ; 86 ; 126 ; 294 ; 510 ; 1094 ; 2046 ; 4230
12 ; 0 ; 16 ; 12 ; 40 ; 60 ; 136 ; 252 ; 520 ; 1020 ; 2056 ; 4092 ; 8200
12 ; 0 ; 12 ; 6 ; 28 ; 30 ; 84 ; 126 ; 292 ; 510 ; 1092 ; 2046 ; 4228
12 ; 0 ; 12 ; 6 ; 24 ; 30 ; 72 ; 126 ; 264 ; 510 ; 1032 ; 2046 ; 4104
12 ; 0 ; 14 ; 6 ; 34 ; 30 ; 98 ; 126 ; 322 ; 510 ; 1154 ; 2046 ; 4354
12 ; 0 ; 16 ; 6 ; 36 ; 30 ; 106 ; 126 ; 356 ; 510 ; 1276 ; 2046 ; 4746
12 ; 0 ; 18 ; 12 ; 50 ; 60 ; 168 ; 252 ; 610 ; 1020 ; 2298 ; 4092 ; 8840
12 ; 0 ; 14 ; 6 ; 34 ; 30 ; 104 ; 126 ; 354 ; 510 ; 1274 ; 2046 ; 4744
12 ; 0 ; 12 ; 6 ; 28 ; 30 ; 84 ; 126 ; 292 ; 510 ; 1092 ; 2046 ; 4228
12 ; 0 ; 10 ; 6 ; 22 ; 30 ; 70 ; 126 ; 262 ; 510 ; 1030 ; 2046 ; 4102
12 ; 0 ; 12 ; 6 ; 24 ; 30 ; 72 ; 126 ; 264 ; 510 ; 1032 ; 2046 ; 4104
12 ; 0 ; 14 ; 6 ; 30 ; 30 ; 86 ; 126 ; 294 ; 510 ; 1094 ; 2046 ; 4230
12 ; 0 ; 12 ; 6 ; 28 ; 30 ; 84 ; 126 ; 292 ; 510 ; 1092 ; 2046 ; 4228
12 ; 0 ; 14 ; 6 ; 34 ; 30 ; 104 ; 126 ; 354 ; 510 ; 1274 ; 2046 ; 4744
12 ; 0 ; 14 ; 6 ; 30 ; 30 ; 86 ; 126 ; 294 ; 510 ; 1094 ; 2046 ; 4230
12 ; 0 ; 18 ; 12 ; 42 ; 60 ; 138 ; 252 ; 522 ; 1020 ; 2058 ; 4092 ; 8202
12 ; 0 ; 16 ; 6 ; 32 ; 30 ; 88 ; 126 ; 296 ; 510 ; 1096 ; 2046 ; 4232
12 ; 0 ; 16 ; 6 ; 36 ; 30 ; 106 ; 126 ; 356 ; 510 ; 1276 ; 2046 ; 4746
12 ; 0 ; 14 ; 6 ; 34 ; 30 ; 104 ; 126 ; 354 ; 510 ; 1274 ; 2046 ; 4744
12 ; 0 ; 14 ; 6 ; 30 ; 30 ; 86 ; 126 ; 294 ; 510 ; 1094 ; 2046 ; 4230
12 ; 0 ; 18 ; 6 ; 46 ; 30 ; 138 ; 126 ; 454 ; 510 ; 1578 ; 2046 ; 5686
12 ; 0 ; 14 ; 6 ; 26 ; 30 ; 74 ; 126 ; 266 ; 510 ; 1034 ; 2046 ; 4106
12 ; 0 ; 16 ; 6 ; 36 ; 30 ; 100 ; 126 ; 324 ; 510 ; 1156 ; 2046 ; 4356
12 ; 0 ; 18 ; 6 ; 46 ; 30 ; 138 ; 126 ; 454 ; 510 ; 1578 ; 2046 ; 5686
12 ; 0 ; 16 ; 6 ; 36 ; 30 ; 106 ; 126 ; 356 ; 510 ; 1276 ; 2046 ; 4746
12 ; 0 ; 16 ; 6 ; 36 ; 30 ; 106 ; 126 ; 356 ; 510 ; 1276 ; 2046 ; 4746
12 ; 0 ; 16 ; 6 ; 36 ; 30 ; 106 ; 126 ; 356 ; 510 ; 1276 ; 2046 ; 4746
12 ; 0 ; 16 ; 12 ; 40 ; 60 ; 136 ; 252 ; 520 ; 1020 ; 2056 ; 4092 ; 8200
12 ; 0 ; 18 ; 12 ; 46 ; 60 ; 150 ; 252 ; 550 ; 1020 ; 2118 ; 4092 ; 8326
12 ; 0 ; 14 ; 6 ; 30 ; 30 ; 86 ; 126 ; 294 ; 510 ; 1094 ; 2046 ; 4230
12 ; 0 ; 16 ; 12 ; 40 ; 60 ; 136 ; 252 ; 520 ; 1020 ; 2056 ; 4092 ; 8200
12 ; 0 ; 16 ; 6 ; 36 ; 30 ; 106 ; 126 ; 356 ; 510 ; 1276 ; 2046 ; 4746
12 ; 0 ; 16 ; 6 ; 40 ; 30 ; 118 ; 126 ; 384 ; 510 ; 1336 ; 2046 ; 4870
12 ; 0 ; 16 ; 12 ; 40 ; 60 ; 136 ; 252 ; 520 ; 1020 ; 2056 ; 4092 ; 8200
12 ; 0 ; 14 ; 6 ; 30 ; 30 ; 86 ; 126 ; 294 ; 510 ; 1094 ; 2046 ; 4230
12 ; 0 ; 16 ; 12 ; 40 ; 60 ; 136 ; 252 ; 520 ; 1020 ; 2056 ; 4092 ; 8200
12 ; 0 ; 12 ; 6 ; 28 ; 30 ; 84 ; 126 ; 292 ; 510 ; 1092 ; 2046 ; 4228
12 ; 0 ; 12 ; 6 ; 28 ; 30 ; 84 ; 126 ; 292 ; 510 ; 1092 ; 2046 ; 4228
12 ; 0 ; 14 ; 6 ; 30 ; 30 ; 86 ; 126 ; 294 ; 510 ; 1094 ; 2046 ; 4230
12 ; 0 ; 16 ; 6 ; 40 ; 30 ; 124 ; 126 ; 424 ; 510 ; 1516 ; 2046 ; 5560
12 ; 0 ; 14 ; 6 ; 34 ; 30 ; 104 ; 126 ; 354 ; 510 ; 1274 ; 2046 ; 4744
12 ; 0 ; 12 ; 6 ; 32 ; 30 ; 102 ; 126 ; 352 ; 510 ; 1272 ; 2046 ; 4742
12 ; 0 ; 14 ; 6 ; 34 ; 30 ; 104 ; 126 ; 354 ; 510 ; 1274 ; 2046 ; 4744
12 ; 0 ; 14 ; 6 ; 34 ; 30 ; 104 ; 126 ; 354 ; 510 ; 1274 ; 2046 ; 4744
12 ; 0 ; 12 ; 6 ; 28 ; 30 ; 84 ; 126 ; 292 ; 510 ; 1092 ; 2046 ; 4228
12 ; 0 ; 12 ; 6 ; 24 ; 30 ; 72 ; 126 ; 264 ; 510 ; 1032 ; 2046 ; 4104
12 ; 0 ; 10 ; 6 ; 26 ; 30 ; 82 ; 126 ; 290 ; 510 ; 1090 ; 2046 ; 4226
12 ; 0 ; 12 ; 6 ; 28 ; 30 ; 84 ; 126 ; 292 ; 510 ; 1092 ; 2046 ; 4228
12 ; 0 ; 14 ; 6 ; 34 ; 30 ; 104 ; 126 ; 354 ; 510 ; 1274 ; 2046 ; 4744
12 ; 0 ; 14 ; 6 ; 34 ; 30 ; 104 ; 126 ; 354 ; 510 ; 1274 ; 2046 ; 4744
12 ; 0 ; 16 ; 12 ; 40 ; 60 ; 136 ; 252 ; 520 ; 1020 ; 2056 ; 4092 ; 8200
12 ; 0 ; 14 ; 6 ; 30 ; 30 ; 86 ; 126 ; 294 ; 510 ; 1094 ; 2046 ; 4230
12 ; 0 ; 14 ; 12 ; 38 ; 60 ; 134 ; 252 ; 518 ; 1020 ; 2054 ; 4092 ; 8198
12 ; 0 ; 14 ; 6 ; 30 ; 30 ; 86 ; 126 ; 294 ; 510 ; 1094 ; 2046 ; 4230
12 ; 0 ; 14 ; 6 ; 30 ; 30 ; 86 ; 126 ; 294 ; 510 ; 1094 ; 2046 ; 4230
12 ; 0 ; 14 ; 6 ; 34 ; 30 ; 104 ; 126 ; 354 ; 510 ; 1274 ; 2046 ; 4744
12 ; 0 ; 14 ; 6 ; 30 ; 30 ; 86 ; 126 ; 294 ; 510 ; 1094 ; 2046 ; 4230
12 ; 0 ; 12 ; 6 ; 28 ; 30 ; 84 ; 126 ; 292 ; 510 ; 1092 ; 2046 ; 4228
12 ; 0 ; 14 ; 6 ; 26 ; 30 ; 74 ; 126 ; 266 ; 510 ; 1034 ; 2046 ; 4106
12 ; 0 ; 16 ; 6 ; 40 ; 30 ; 118 ; 126 ; 384 ; 510 ; 1336 ; 2046 ; 4870
12 ; 0 ; 14 ; 6 ; 30 ; 30 ; 86 ; 126 ; 294 ; 510 ; 1094 ; 2046 ; 4230
12 ; 0 ; 18 ; 12 ; 46 ; 60 ; 150 ; 252 ; 550 ; 1020 ; 2118 ; 4092 ; 8326
12 ; 0 ; 18 ; 6 ; 46 ; 30 ; 138 ; 126 ; 454 ; 510 ; 1578 ; 2046 ; 5686
12 ; 0 ; 16 ; 6 ; 32 ; 30 ; 88 ; 126 ; 296 ; 510 ; 1096 ; 2046 ; 4232
12 ; 0 ; 16 ; 6 ; 32 ; 30 ; 88 ; 126 ; 296 ; 510 ; 1096 ; 2046 ; 4232
12 ; 0 ; 18 ; 12 ; 42 ; 60 ; 138 ; 252 ; 522 ; 1020 ; 2058 ; 4092 ; 8202
12 ; 0 ; 18 ; 6 ; 46 ; 30 ; 138 ; 126 ; 454 ; 510 ; 1578 ; 2046 ; 5686
12 ; 0 ; 18 ; 6 ; 46 ; 30 ; 138 ; 126 ; 454 ; 510 ; 1578 ; 2046 ; 5686
12 ; 0 ; 14 ; 6 ; 30 ; 30 ; 86 ; 126 ; 294 ; 510 ; 1094 ; 2046 ; 4230
12 ; 0 ; 14 ; 6 ; 30 ; 30 ; 86 ; 126 ; 294 ; 510 ; 1094 ; 2046 ; 4230
12 ; 0 ; 16 ; 6 ; 32 ; 30 ; 88 ; 126 ; 296 ; 510 ; 1096 ; 2046 ; 4232
12 ; 0 ; 16 ; 6 ; 32 ; 30 ; 88 ; 126 ; 296 ; 510 ; 1096 ; 2046 ; 4232
12 ; 0 ; 18 ; 12 ; 42 ; 60 ; 138 ; 252 ; 522 ; 1020 ; 2058 ; 4092 ; 8202
12 ; 0 ; 18 ; 12 ; 42 ; 60 ; 138 ; 252 ; 522 ; 1020 ; 2058 ; 4092 ; 8202
12 ; 0 ; 16 ; 12 ; 40 ; 60 ; 136 ; 252 ; 520 ; 1020 ; 2056 ; 4092 ; 8200
12 ; 0 ; 12 ; 6 ; 28 ; 30 ; 84 ; 126 ; 292 ; 510 ; 1092 ; 2046 ; 4228
12 ; 0 ; 14 ; 12 ; 38 ; 60 ; 134 ; 252 ; 518 ; 1020 ; 2054 ; 4092 ; 8198
12 ; 0 ; 16 ; 6 ; 40 ; 30 ; 118 ; 126 ; 384 ; 510 ; 1336 ; 2046 ; 4870
12 ; 0 ; 14 ; 6 ; 30 ; 30 ; 86 ; 126 ; 294 ; 510 ; 1094 ; 2046 ; 4230
12 ; 0 ; 16 ; 12 ; 40 ; 60 ; 136 ; 252 ; 520 ; 1020 ; 2056 ; 4092 ; 8200
12 ; 0 ; 16 ; 12 ; 40 ; 60 ; 136 ; 252 ; 520 ; 1020 ; 2056 ; 4092 ; 8200
12 ; 0 ; 14 ; 6 ; 30 ; 30 ; 86 ; 126 ; 294 ; 510 ; 1094 ; 2046 ; 4230
12 ; 0 ; 14 ; 12 ; 38 ; 60 ; 134 ; 252 ; 518 ; 1020 ; 2054 ; 4092 ; 8198
12 ; 0 ; 16 ; 6 ; 40 ; 30 ; 118 ; 126 ; 384 ; 510 ; 1336 ; 2046 ; 4870
12 ; 0 ; 18 ; 12 ; 46 ; 60 ; 150 ; 252 ; 550 ; 1020 ; 2118 ; 4092 ; 8326
12 ; 0 ; 16 ; 6 ; 36 ; 30 ; 100 ; 126 ; 324 ; 510 ; 1156 ; 2046 ; 4356
12 ; 0 ; 16 ; 12 ; 44 ; 60 ; 148 ; 252 ; 548 ; 1020 ; 2116 ; 4092 ; 8324
12 ; 0 ; 16 ; 6 ; 36 ; 30 ; 100 ; 126 ; 324 ; 510 ; 1156 ; 2046 ; 4356
12 ; 0 ; 18 ; 12 ; 46 ; 60 ; 150 ; 252 ; 550 ; 1020 ; 2118 ; 4092 ; 8326
12 ; 0 ; 16 ; 6 ; 36 ; 30 ; 100 ; 126 ; 324 ; 510 ; 1156 ; 2046 ; 4356
12 ; 0 ; 16 ; 12 ; 44 ; 60 ; 148 ; 252 ; 548 ; 1020 ; 2116 ; 4092 ; 8324
12 ; 0 ; 16 ; 6 ; 36 ; 30 ; 100 ; 126 ; 324 ; 510 ; 1156 ; 2046 ; 4356
12 ; 0 ; 18 ; 12 ; 46 ; 60 ; 150 ; 252 ; 550 ; 1020 ; 2118 ; 4092 ; 8326
12 ; 0 ; 16 ; 6 ; 36 ; 30 ; 106 ; 126 ; 356 ; 510 ; 1276 ; 2046 ; 4746
12 ; 0 ; 16 ; 6 ; 32 ; 30 ; 88 ; 126 ; 296 ; 510 ; 1096 ; 2046 ; 4232
12 ; 0 ; 18 ; 6 ; 42 ; 30 ; 120 ; 126 ; 386 ; 510 ; 1338 ; 2046 ; 4872
12 ; 0 ; 18 ; 6 ; 42 ; 30 ; 120 ; 126 ; 386 ; 510 ; 1338 ; 2046 ; 4872
12 ; 0 ; 14 ; 6 ; 30 ; 30 ; 86 ; 126 ; 294 ; 510 ; 1094 ; 2046 ; 4230
12 ; 0 ; 14 ; 6 ; 26 ; 30 ; 74 ; 126 ; 266 ; 510 ; 1034 ; 2046 ; 4106
12 ; 0 ; 16 ; 6 ; 32 ; 30 ; 88 ; 126 ; 296 ; 510 ; 1096 ; 2046 ; 4232
12 ; 0 ; 16 ; 6 ; 36 ; 30 ; 100 ; 126 ; 324 ; 510 ; 1156 ; 2046 ; 4356
12 ; 0 ; 14 ; 6 ; 30 ; 30 ; 86 ; 126 ; 294 ; 510 ; 1094 ; 2046 ; 4230
12 ; 0 ; 20 ; 12 ; 52 ; 60 ; 170 ; 252 ; 612 ; 1020 ; 2300 ; 4092 ; 8842
12 ; 0 ; 16 ; 6 ; 36 ; 30 ; 100 ; 126 ; 324 ; 510 ; 1156 ; 2046 ; 4356
12 ; 0 ; 16 ; 6 ; 36 ; 30 ; 106 ; 126 ; 356 ; 510 ; 1276 ; 2046 ; 4746
12 ; 0 ; 14 ; 6 ; 30 ; 30 ; 86 ; 126 ; 294 ; 510 ; 1094 ; 2046 ; 4230
12 ; 0 ; 12 ; 6 ; 24 ; 30 ; 72 ; 126 ; 264 ; 510 ; 1032 ; 2046 ; 4104
12 ; 0 ; 14 ; 6 ; 26 ; 30 ; 74 ; 126 ; 266 ; 510 ; 1034 ; 2046 ; 4106
12 ; 0 ; 12 ; 6 ; 28 ; 30 ; 84 ; 126 ; 292 ; 510 ; 1092 ; 2046 ; 4228
12 ; 0 ; 12 ; 6 ; 24 ; 30 ; 72 ; 126 ; 264 ; 510 ; 1032 ; 2046 ; 4104
12 ; 0 ; 14 ; 6 ; 30 ; 30 ; 86 ; 126 ; 294 ; 510 ; 1094 ; 2046 ; 4230
12 ; 0 ; 16 ; 6 ; 40 ; 30 ; 118 ; 126 ; 384 ; 510 ; 1336 ; 2046 ; 4870
12 ; 0 ; 16 ; 6 ; 36 ; 30 ; 100 ; 126 ; 324 ; 510 ; 1156 ; 2046 ; 4356
12 ; 0 ; 14 ; 6 ; 30 ; 30 ; 86 ; 126 ; 294 ; 510 ; 1094 ; 2046 ; 4230
12 ; 0 ; 14 ; 6 ; 30 ; 30 ; 86 ; 126 ; 294 ; 510 ; 1094 ; 2046 ; 4230
12 ; 0 ; 18 ; 12 ; 46 ; 60 ; 150 ; 252 ; 550 ; 1020 ; 2118 ; 4092 ; 8326
12 ; 0 ; 16 ; 6 ; 40 ; 30 ; 124 ; 126 ; 424 ; 510 ; 1516 ; 2046 ; 5560
12 ; 0 ; 14 ; 6 ; 34 ; 30 ; 98 ; 126 ; 322 ; 510 ; 1154 ; 2046 ; 4354
12 ; 0 ; 16 ; 6 ; 40 ; 30 ; 124 ; 126 ; 424 ; 510 ; 1516 ; 2046 ; 5560
12 ; 0 ; 16 ; 6 ; 36 ; 30 ; 106 ; 126 ; 356 ; 510 ; 1276 ; 2046 ; 4746
12 ; 0 ; 16 ; 6 ; 40 ; 30 ; 118 ; 126 ; 384 ; 510 ; 1336 ; 2046 ; 4870
12 ; 0 ; 18 ; 6 ; 42 ; 30 ; 120 ; 126 ; 386 ; 510 ; 1338 ; 2046 ; 4872
12 ; 0 ; 18 ; 6 ; 42 ; 30 ; 120 ; 126 ; 386 ; 510 ; 1338 ; 2046 ; 4872
12 ; 0 ; 16 ; 6 ; 40 ; 30 ; 118 ; 126 ; 384 ; 510 ; 1336 ; 2046 ; 4870
12 ; 0 ; 14 ; 6 ; 26 ; 30 ; 74 ; 126 ; 266 ; 510 ; 1034 ; 2046 ; 4106
12 ; 0 ; 14 ; 6 ; 26 ; 30 ; 74 ; 126 ; 266 ; 510 ; 1034 ; 2046 ; 4106
12 ; 0 ; 18 ; 12 ; 46 ; 60 ; 150 ; 252 ; 550 ; 1020 ; 2118 ; 4092 ; 8326
12 ; 0 ; 16 ; 6 ; 36 ; 30 ; 100 ; 126 ; 324 ; 510 ; 1156 ; 2046 ; 4356
12 ; 0 ; 16 ; 6 ; 32 ; 30 ; 88 ; 126 ; 296 ; 510 ; 1096 ; 2046 ; 4232
12 ; 0 ; 14 ; 6 ; 26 ; 30 ; 74 ; 126 ; 266 ; 510 ; 1034 ; 2046 ; 4106
12 ; 0 ; 18 ; 6 ; 42 ; 30 ; 120 ; 126 ; 386 ; 510 ; 1338 ; 2046 ; 4872
12 ; 0 ; 16 ; 12 ; 44 ; 60 ; 148 ; 252 ; 548 ; 1020 ; 2116 ; 4092 ; 8324
12 ; 0 ; 14 ; 6 ; 34 ; 30 ; 98 ; 126 ; 322 ; 510 ; 1154 ; 2046 ; 4354
12 ; 0 ; 14 ; 6 ; 34 ; 30 ; 98 ; 126 ; 322 ; 510 ; 1154 ; 2046 ; 4354
12 ; 0 ; 16 ; 6 ; 36 ; 30 ; 100 ; 126 ; 324 ; 510 ; 1156 ; 2046 ; 4356
12 ; 0 ; 16 ; 6 ; 36 ; 30 ; 100 ; 126 ; 324 ; 510 ; 1156 ; 2046 ; 4356
12 ; 0 ; 14 ; 6 ; 30 ; 30 ; 86 ; 126 ; 294 ; 510 ; 1094 ; 2046 ; 4230
12 ; 0 ; 16 ; 6 ; 40 ; 30 ; 118 ; 126 ; 384 ; 510 ; 1336 ; 2046 ; 4870
12 ; 0 ; 14 ; 6 ; 30 ; 30 ; 86 ; 126 ; 294 ; 510 ; 1094 ; 2046 ; 4230
12 ; 0 ; 16 ; 6 ; 36 ; 30 ; 100 ; 126 ; 324 ; 510 ; 1156 ; 2046 ; 4356
12 ; 0 ; 18 ; 12 ; 50 ; 60 ; 168 ; 252 ; 610 ; 1020 ; 2298 ; 4092 ; 8840
12 ; 0 ; 22 ; 12 ; 62 ; 60 ; 208 ; 252 ; 750 ; 1020 ; 2792 ; 4092 ; 10568
12 ; 0 ; 20 ; 12 ; 52 ; 60 ; 170 ; 252 ; 612 ; 1020 ; 2300 ; 4092 ; 8842
12 ; 0 ; 18 ; 6 ; 42 ; 30 ; 120 ; 126 ; 386 ; 510 ; 1338 ; 2046 ; 4872
12 ; 0 ; 16 ; 6 ; 32 ; 30 ; 88 ; 126 ; 296 ; 510 ; 1096 ; 2046 ; 4232
12 ; 0 ; 16 ; 6 ; 36 ; 30 ; 100 ; 126 ; 324 ; 510 ; 1156 ; 2046 ; 4356
12 ; 0 ; 14 ; 6 ; 26 ; 30 ; 74 ; 126 ; 266 ; 510 ; 1034 ; 2046 ; 4106
12 ; 0 ; 14 ; 6 ; 30 ; 30 ; 86 ; 126 ; 294 ; 510 ; 1094 ; 2046 ; 4230
12 ; 0 ; 20 ; 12 ; 52 ; 60 ; 170 ; 252 ; 612 ; 1020 ; 2300 ; 4092 ; 8842
12 ; 0 ; 14 ; 6 ; 26 ; 30 ; 74 ; 126 ; 266 ; 510 ; 1034 ; 2046 ; 4106
12 ; 0 ; 12 ; 6 ; 24 ; 30 ; 72 ; 126 ; 264 ; 510 ; 1032 ; 2046 ; 4104
12 ; 0 ; 14 ; 6 ; 30 ; 30 ; 86 ; 126 ; 294 ; 510 ; 1094 ; 2046 ; 4230
12 ; 0 ; 16 ; 6 ; 36 ; 30 ; 106 ; 126 ; 356 ; 510 ; 1276 ; 2046 ; 4746
12 ; 0 ; 16 ; 6 ; 32 ; 30 ; 88 ; 126 ; 296 ; 510 ; 1096 ; 2046 ; 4232
12 ; 0 ; 16 ; 6 ; 32 ; 30 ; 88 ; 126 ; 296 ; 510 ; 1096 ; 2046 ; 4232
12 ; 0 ; 16 ; 6 ; 32 ; 30 ; 88 ; 126 ; 296 ; 510 ; 1096 ; 2046 ; 4232
12 ; 0 ; 12 ; 6 ; 28 ; 30 ; 84 ; 126 ; 292 ; 510 ; 1092 ; 2046 ; 4228
12 ; 0 ; 16 ; 6 ; 36 ; 30 ; 106 ; 126 ; 356 ; 510 ; 1276 ; 2046 ; 4746
12 ; 0 ; 16 ; 6 ; 36 ; 30 ; 100 ; 126 ; 324 ; 510 ; 1156 ; 2046 ; 4356
12 ; 0 ; 20 ; 12 ; 52 ; 60 ; 170 ; 252 ; 612 ; 1020 ; 2300 ; 4092 ; 8842
12 ; 0 ; 18 ; 6 ; 42 ; 30 ; 114 ; 126 ; 354 ; 510 ; 1218 ; 2046 ; 4482
12 ; 0 ; 18 ; 12 ; 46 ; 60 ; 150 ; 252 ; 550 ; 1020 ; 2118 ; 4092 ; 8326
12 ; 0 ; 20 ; 12 ; 52 ; 60 ; 164 ; 252 ; 580 ; 1020 ; 2180 ; 4092 ; 8452
12 ; 0 ; 18 ; 6 ; 46 ; 30 ; 138 ; 126 ; 446 ; 510 ; 1518 ; 2046 ; 5386
12 ; 0 ; 18 ; 6 ; 46 ; 30 ; 138 ; 126 ; 446 ; 510 ; 1518 ; 2046 ; 5386
12 ; 0 ; 16 ; 6 ; 36 ; 30 ; 100 ; 126 ; 324 ; 510 ; 1156 ; 2046 ; 4356
12 ; 0 ; 14 ; 6 ; 34 ; 30 ; 98 ; 126 ; 322 ; 510 ; 1154 ; 2046 ; 4354
12 ; 0 ; 16 ; 6 ; 32 ; 30 ; 88 ; 126 ; 296 ; 510 ; 1096 ; 2046 ; 4232
12 ; 0 ; 16 ; 6 ; 40 ; 30 ; 118 ; 126 ; 384 ; 510 ; 1336 ; 2046 ; 4870
12 ; 0 ; 18 ; 6 ; 42 ; 30 ; 114 ; 126 ; 354 ; 510 ; 1218 ; 2046 ; 4482
12 ; 0 ; 16 ; 6 ; 36 ; 30 ; 100 ; 126 ; 324 ; 510 ; 1156 ; 2046 ; 4356
12 ; 0 ; 16 ; 6 ; 36 ; 30 ; 100 ; 126 ; 324 ; 510 ; 1156 ; 2046 ; 4356
12 ; 0 ; 16 ; 6 ; 36 ; 30 ; 100 ; 126 ; 324 ; 510 ; 1156 ; 2046 ; 4356
12 ; 0 ; 16 ; 6 ; 32 ; 30 ; 88 ; 126 ; 296 ; 510 ; 1096 ; 2046 ; 4232
12 ; 0 ; 14 ; 6 ; 30 ; 30 ; 86 ; 126 ; 294 ; 510 ; 1094 ; 2046 ; 4230
12 ; 0 ; 18 ; 12 ; 46 ; 60 ; 150 ; 252 ; 550 ; 1020 ; 2118 ; 4092 ; 8326
12 ; 0 ; 18 ; 12 ; 42 ; 60 ; 138 ; 252 ; 522 ; 1020 ; 2058 ; 4092 ; 8202
12 ; 0 ; 16 ; 6 ; 36 ; 30 ; 100 ; 126 ; 324 ; 510 ; 1156 ; 2046 ; 4356
12 ; 0 ; 16 ; 6 ; 36 ; 30 ; 100 ; 126 ; 324 ; 510 ; 1156 ; 2046 ; 4356
12 ; 0 ; 18 ; 6 ; 42 ; 30 ; 120 ; 126 ; 386 ; 510 ; 1338 ; 2046 ; 4872
12 ; 0 ; 20 ; 6 ; 52 ; 30 ; 158 ; 126 ; 516 ; 510 ; 1760 ; 2046 ; 6202
12 ; 0 ; 18 ; 12 ; 50 ; 60 ; 168 ; 252 ; 610 ; 1020 ; 2298 ; 4092 ; 8840
12 ; 0 ; 18 ; 12 ; 46 ; 60 ; 150 ; 252 ; 550 ; 1020 ; 2118 ; 4092 ; 8326
12 ; 0 ; 16 ; 6 ; 36 ; 30 ; 100 ; 126 ; 324 ; 510 ; 1156 ; 2046 ; 4356
12 ; 0 ; 16 ; 6 ; 36 ; 30 ; 100 ; 126 ; 324 ; 510 ; 1156 ; 2046 ; 4356
12 ; 0 ; 20 ; 12 ; 52 ; 60 ; 164 ; 252 ; 580 ; 1020 ; 2180 ; 4092 ; 8452
12 ; 0 ; 20 ; 12 ; 52 ; 60 ; 164 ; 252 ; 580 ; 1020 ; 2180 ; 4092 ; 8452
12 ; 0 ; 18 ; 6 ; 46 ; 30 ; 138 ; 126 ; 454 ; 510 ; 1578 ; 2046 ; 5686
12 ; 0 ; 16 ; 6 ; 36 ; 30 ; 100 ; 126 ; 324 ; 510 ; 1156 ; 2046 ; 4356
12 ; 0 ; 18 ; 12 ; 50 ; 60 ; 168 ; 252 ; 610 ; 1020 ; 2298 ; 4092 ; 8840
12 ; 0 ; 20 ; 6 ; 52 ; 30 ; 158 ; 126 ; 516 ; 510 ; 1760 ; 2046 ; 6202
12 ; 0 ; 20 ; 6 ; 52 ; 30 ; 158 ; 126 ; 516 ; 510 ; 1760 ; 2046 ; 6202
12 ; 0 ; 20 ; 6 ; 52 ; 30 ; 158 ; 126 ; 516 ; 510 ; 1760 ; 2046 ; 6202
12 ; 0 ; 20 ; 12 ; 52 ; 60 ; 164 ; 252 ; 580 ; 1020 ; 2180 ; 4092 ; 8452
12 ; 0 ; 20 ; 12 ; 52 ; 60 ; 164 ; 252 ; 580 ; 1020 ; 2180 ; 4092 ; 8452
12 ; 0 ; 20 ; 12 ; 52 ; 60 ; 170 ; 252 ; 612 ; 1020 ; 2300 ; 4092 ; 8842
12 ; 0 ; 14 ; 6 ; 30 ; 30 ; 86 ; 126 ; 294 ; 510 ; 1094 ; 2046 ; 4230
12 ; 0 ; 16 ; 6 ; 36 ; 30 ; 106 ; 126 ; 356 ; 510 ; 1276 ; 2046 ; 4746
12 ; 0 ; 24 ; 24 ; 72 ; 120 ; 264 ; 504 ; 1032 ; 2040 ; 4104 ; 8184 ; 16392
12 ; 0 ; 20 ; 12 ; 52 ; 60 ; 164 ; 252 ; 580 ; 1020 ; 2180 ; 4092 ; 8452
12 ; 0 ; 10 ; 6 ; 26 ; 30 ; 82 ; 126 ; 290 ; 510 ; 1090 ; 2046 ; 4226
12 ; 0 ; 14 ; 6 ; 34 ; 30 ; 104 ; 126 ; 354 ; 510 ; 1274 ; 2046 ; 4744
12 ; 0 ; 14 ; 6 ; 30 ; 30 ; 86 ; 126 ; 294 ; 510 ; 1094 ; 2046 ; 4230
12 ; 0 ; 16 ; 12 ; 40 ; 60 ; 136 ; 252 ; 520 ; 1020 ; 2056 ; 4092 ; 8200
12 ; 0 ; 16 ; 6 ; 36 ; 30 ; 106 ; 126 ; 356 ; 510 ; 1276 ; 2046 ; 4746
12 ; 0 ; 18 ; 6 ; 42 ; 30 ; 120 ; 126 ; 386 ; 510 ; 1338 ; 2046 ; 4872
12 ; 0 ; 16 ; 6 ; 36 ; 30 ; 106 ; 126 ; 356 ; 510 ; 1276 ; 2046 ; 4746
12 ; 0 ; 18 ; 6 ; 42 ; 30 ; 120 ; 126 ; 386 ; 510 ; 1338 ; 2046 ; 4872
12 ; 0 ; 18 ; 6 ; 42 ; 30 ; 120 ; 126 ; 386 ; 510 ; 1338 ; 2046 ; 4872
12 ; 0 ; 16 ; 6 ; 36 ; 30 ; 100 ; 126 ; 324 ; 510 ; 1156 ; 2046 ; 4356
12 ; 0 ; 14 ; 6 ; 34 ; 30 ; 98 ; 126 ; 322 ; 510 ; 1154 ; 2046 ; 4354
12 ; 0 ; 14 ; 6 ; 30 ; 30 ; 86 ; 126 ; 294 ; 510 ; 1094 ; 2046 ; 4230
12 ; 0 ; 14 ; 6 ; 34 ; 30 ; 98 ; 126 ; 322 ; 510 ; 1154 ; 2046 ; 4354
12 ; 0 ; 20 ; 12 ; 52 ; 60 ; 170 ; 252 ; 612 ; 1020 ; 2300 ; 4092 ; 8842
12 ; 0 ; 16 ; 6 ; 36 ; 30 ; 100 ; 126 ; 324 ; 510 ; 1156 ; 2046 ; 4356
12 ; 0 ; 14 ; 6 ; 26 ; 30 ; 74 ; 126 ; 266 ; 510 ; 1034 ; 2046 ; 4106
12 ; 0 ; 18 ; 6 ; 42 ; 30 ; 120 ; 126 ; 386 ; 510 ; 1338 ; 2046 ; 4872
12 ; 0 ; 18 ; 6 ; 42 ; 30 ; 120 ; 126 ; 386 ; 510 ; 1338 ; 2046 ; 4872
12 ; 0 ; 18 ; 6 ; 42 ; 30 ; 120 ; 126 ; 386 ; 510 ; 1338 ; 2046 ; 4872
12 ; 0 ; 20 ; 12 ; 52 ; 60 ; 164 ; 252 ; 580 ; 1020 ; 2180 ; 4092 ; 8452
12 ; 0 ; 20 ; 0 ; 52 ; 0 ; 152 ; 0 ; 468 ; 0 ; 1480 ; 0 ; 4744
12 ; 0 ; 16 ; 0 ; 40 ; 0 ; 112 ; 0 ; 328 ; 0 ; 976 ; 0 ; 2920
12 ; 0 ; 16 ; 0 ; 40 ; 0 ; 112 ; 0 ; 328 ; 0 ; 976 ; 0 ; 2920
12 ; 0 ; 16 ; 0 ; 40 ; 0 ; 112 ; 0 ; 328 ; 0 ; 976 ; 0 ; 2920
12 ; 0 ; 16 ; 0 ; 40 ; 0 ; 112 ; 0 ; 328 ; 0 ; 976 ; 0 ; 2920
12 ; 0 ; 14 ; 0 ; 34 ; 0 ; 92 ; 0 ; 258 ; 0 ; 734 ; 0 ; 2104
12 ; 0 ; 16 ; 0 ; 36 ; 0 ; 94 ; 0 ; 260 ; 0 ; 736 ; 0 ; 2106
12 ; 0 ; 16 ; 0 ; 36 ; 0 ; 94 ; 0 ; 260 ; 0 ; 736 ; 0 ; 2106
12 ; 0 ; 12 ; 0 ; 28 ; 0 ; 72 ; 0 ; 188 ; 0 ; 492 ; 0 ; 1288
12 ; 0 ; 14 ; 0 ; 34 ; 0 ; 92 ; 0 ; 258 ; 0 ; 734 ; 0 ; 2104
12 ; 0 ; 12 ; 0 ; 28 ; 0 ; 72 ; 0 ; 188 ; 0 ; 492 ; 0 ; 1288
12 ; 0 ; 12 ; 0 ; 28 ; 0 ; 72 ; 0 ; 188 ; 0 ; 492 ; 0 ; 1288
12 ; 0 ; 12 ; 0 ; 24 ; 0 ; 54 ; 0 ; 128 ; 0 ; 312 ; 0 ; 774
12 ; 0 ; 12 ; 0 ; 24 ; 0 ; 54 ; 0 ; 128 ; 0 ; 312 ; 0 ; 774
12 ; 0 ; 14 ; 0 ; 30 ; 0 ; 74 ; 0 ; 190 ; 0 ; 494 ; 0 ; 1290
12 ; 0 ; 12 ; 0 ; 24 ; 0 ; 54 ; 0 ; 128 ; 0 ; 312 ; 0 ; 774
12 ; 0 ; 14 ; 0 ; 30 ; 0 ; 68 ; 0 ; 158 ; 0 ; 374 ; 0 ; 900
12 ; 0 ; 14 ; 0 ; 30 ; 0 ; 74 ; 0 ; 190 ; 0 ; 494 ; 0 ; 1290
12 ; 0 ; 12 ; 0 ; 28 ; 0 ; 72 ; 0 ; 188 ; 0 ; 492 ; 0 ; 1288
12 ; 0 ; 16 ; 0 ; 40 ; 0 ; 112 ; 0 ; 328 ; 0 ; 986 ; 0 ; 3016
12 ; 0 ; 14 ; 0 ; 30 ; 0 ; 74 ; 0 ; 190 ; 0 ; 494 ; 0 ; 1290
12 ; 0 ; 14 ; 0 ; 30 ; 0 ; 68 ; 0 ; 158 ; 0 ; 374 ; 0 ; 900
12 ; 0 ; 16 ; 0 ; 40 ; 0 ; 112 ; 0 ; 328 ; 0 ; 976 ; 0 ; 2920
12 ; 0 ; 16 ; 0 ; 36 ; 0 ; 94 ; 0 ; 260 ; 0 ; 736 ; 0 ; 2106
12 ; 0 ; 16 ; 0 ; 40 ; 0 ; 112 ; 0 ; 328 ; 0 ; 976 ; 0 ; 2920
12 ; 0 ; 18 ; 0 ; 46 ; 0 ; 132 ; 0 ; 398 ; 0 ; 1228 ; 0 ; 3832
12 ; 0 ; 16 ; 0 ; 32 ; 0 ; 76 ; 0 ; 192 ; 0 ; 496 ; 0 ; 1292
12 ; 0 ; 18 ; 0 ; 42 ; 0 ; 114 ; 0 ; 330 ; 0 ; 988 ; 0 ; 3018
12 ; 0 ; 16 ; 0 ; 36 ; 0 ; 94 ; 0 ; 260 ; 0 ; 736 ; 0 ; 2106
12 ; 0 ; 16 ; 0 ; 32 ; 0 ; 70 ; 0 ; 160 ; 0 ; 376 ; 0 ; 902
12 ; 0 ; 16 ; 0 ; 32 ; 0 ; 76 ; 0 ; 192 ; 0 ; 496 ; 0 ; 1292
12 ; 0 ; 16 ; 0 ; 32 ; 0 ; 76 ; 0 ; 192 ; 0 ; 496 ; 0 ; 1292
12 ; 0 ; 18 ; 0 ; 42 ; 0 ; 114 ; 0 ; 330 ; 0 ; 988 ; 0 ; 3018
12 ; 0 ; 12 ; 0 ; 24 ; 0 ; 54 ; 0 ; 128 ; 0 ; 312 ; 0 ; 774
12 ; 0 ; 12 ; 0 ; 28 ; 0 ; 72 ; 0 ; 188 ; 0 ; 492 ; 0 ; 1288
12 ; 0 ; 14 ; 0 ; 30 ; 0 ; 68 ; 0 ; 158 ; 0 ; 374 ; 0 ; 900
12 ; 0 ; 14 ; 0 ; 30 ; 0 ; 74 ; 0 ; 190 ; 0 ; 494 ; 0 ; 1290
12 ; 0 ; 12 ; 0 ; 24 ; 0 ; 54 ; 0 ; 128 ; 0 ; 312 ; 0 ; 774
12 ; 0 ; 14 ; 0 ; 30 ; 0 ; 74 ; 0 ; 190 ; 0 ; 494 ; 0 ; 1290
12 ; 0 ; 12 ; 0 ; 24 ; 0 ; 54 ; 0 ; 128 ; 0 ; 312 ; 0 ; 774
12 ; 0 ; 12 ; 0 ; 28 ; 0 ; 72 ; 0 ; 188 ; 0 ; 492 ; 0 ; 1288
12 ; 0 ; 16 ; 0 ; 36 ; 0 ; 94 ; 0 ; 260 ; 0 ; 736 ; 0 ; 2106
12 ; 0 ; 14 ; 0 ; 34 ; 0 ; 92 ; 0 ; 258 ; 0 ; 734 ; 0 ; 2104
12 ; 0 ; 16 ; 0 ; 36 ; 0 ; 94 ; 0 ; 260 ; 0 ; 736 ; 0 ; 2106
12 ; 0 ; 16 ; 0 ; 36 ; 0 ; 88 ; 0 ; 220 ; 0 ; 556 ; 0 ; 1416
12 ; 0 ; 16 ; 0 ; 36 ; 0 ; 88 ; 0 ; 220 ; 0 ; 556 ; 0 ; 1416
12 ; 0 ; 14 ; 0 ; 30 ; 0 ; 68 ; 0 ; 158 ; 0 ; 374 ; 0 ; 900
12 ; 0 ; 14 ; 0 ; 26 ; 0 ; 56 ; 0 ; 130 ; 0 ; 314 ; 0 ; 776
12 ; 0 ; 16 ; 0 ; 36 ; 0 ; 94 ; 0 ; 260 ; 0 ; 736 ; 0 ; 2106
12 ; 0 ; 14 ; 0 ; 30 ; 0 ; 74 ; 0 ; 190 ; 0 ; 494 ; 0 ; 1290
12 ; 0 ; 14 ; 0 ; 30 ; 0 ; 74 ; 0 ; 190 ; 0 ; 494 ; 0 ; 1290
12 ; 0 ; 14 ; 0 ; 30 ; 0 ; 68 ; 0 ; 158 ; 0 ; 374 ; 0 ; 900
12 ; 0 ; 14 ; 0 ; 26 ; 0 ; 56 ; 0 ; 130 ; 0 ; 314 ; 0 ; 776
12 ; 0 ; 16 ; 0 ; 36 ; 0 ; 94 ; 0 ; 260 ; 0 ; 736 ; 0 ; 2106
12 ; 0 ; 14 ; 0 ; 30 ; 0 ; 74 ; 0 ; 190 ; 0 ; 494 ; 0 ; 1290
12 ; 0 ; 14 ; 0 ; 30 ; 0 ; 74 ; 0 ; 190 ; 0 ; 494 ; 0 ; 1290
12 ; 0 ; 12 ; 0 ; 24 ; 0 ; 54 ; 0 ; 128 ; 0 ; 312 ; 0 ; 774
12 ; 0 ; 12 ; 0 ; 24 ; 0 ; 54 ; 0 ; 128 ; 0 ; 312 ; 0 ; 774
12 ; 0 ; 14 ; 0 ; 30 ; 0 ; 74 ; 0 ; 190 ; 0 ; 494 ; 0 ; 1290
12 ; 0 ; 12 ; 0 ; 24 ; 0 ; 54 ; 0 ; 128 ; 0 ; 312 ; 0 ; 774
12 ; 0 ; 12 ; 0 ; 24 ; 0 ; 54 ; 0 ; 128 ; 0 ; 312 ; 0 ; 774
12 ; 0 ; 14 ; 0 ; 30 ; 0 ; 68 ; 0 ; 158 ; 0 ; 374 ; 0 ; 900
12 ; 0 ; 14 ; 0 ; 26 ; 0 ; 56 ; 0 ; 130 ; 0 ; 314 ; 0 ; 776
12 ; 0 ; 14 ; 0 ; 30 ; 0 ; 74 ; 0 ; 190 ; 0 ; 494 ; 0 ; 1290
12 ; 0 ; 14 ; 0 ; 30 ; 0 ; 74 ; 0 ; 190 ; 0 ; 494 ; 0 ; 1290
12 ; 0 ; 16 ; 0 ; 36 ; 0 ; 94 ; 0 ; 260 ; 0 ; 736 ; 0 ; 2106
12 ; 0 ; 14 ; 0 ; 30 ; 0 ; 74 ; 0 ; 190 ; 0 ; 494 ; 0 ; 1290
12 ; 0 ; 14 ; 0 ; 30 ; 0 ; 74 ; 0 ; 190 ; 0 ; 494 ; 0 ; 1290
12 ; 0 ; 14 ; 0 ; 30 ; 0 ; 74 ; 0 ; 190 ; 0 ; 494 ; 0 ; 1290
12 ; 0 ; 14 ; 0 ; 30 ; 0 ; 68 ; 0 ; 158 ; 0 ; 374 ; 0 ; 900
12 ; 0 ; 14 ; 0 ; 26 ; 0 ; 56 ; 0 ; 130 ; 0 ; 314 ; 0 ; 776
12 ; 0 ; 16 ; 0 ; 36 ; 0 ; 88 ; 0 ; 220 ; 0 ; 556 ; 0 ; 1416
12 ; 0 ; 16 ; 0 ; 36 ; 0 ; 94 ; 0 ; 260 ; 0 ; 736 ; 0 ; 2106
12 ; 0 ; 16 ; 0 ; 36 ; 0 ; 88 ; 0 ; 220 ; 0 ; 556 ; 0 ; 1416
12 ; 0 ; 16 ; 0 ; 36 ; 0 ; 88 ; 0 ; 220 ; 0 ; 556 ; 0 ; 1416
12 ; 0 ; 14 ; 0 ; 30 ; 0 ; 74 ; 0 ; 190 ; 0 ; 494 ; 0 ; 1290
12 ; 0 ; 14 ; 0 ; 30 ; 0 ; 74 ; 0 ; 190 ; 0 ; 494 ; 0 ; 1290
12 ; 0 ; 14 ; 0 ; 30 ; 0 ; 74 ; 0 ; 190 ; 0 ; 494 ; 0 ; 1290
12 ; 0 ; 14 ; 0 ; 30 ; 0 ; 74 ; 0 ; 190 ; 0 ; 494 ; 0 ; 1290
12 ; 0 ; 16 ; 0 ; 36 ; 0 ; 88 ; 0 ; 220 ; 0 ; 556 ; 0 ; 1416
12 ; 0 ; 14 ; 0 ; 30 ; 0 ; 74 ; 0 ; 190 ; 0 ; 494 ; 0 ; 1290
12 ; 0 ; 16 ; 0 ; 40 ; 0 ; 112 ; 0 ; 328 ; 0 ; 976 ; 0 ; 2920
12 ; 0 ; 16 ; 0 ; 40 ; 0 ; 112 ; 0 ; 328 ; 0 ; 976 ; 0 ; 2920
12 ; 0 ; 16 ; 0 ; 40 ; 0 ; 112 ; 0 ; 328 ; 0 ; 976 ; 0 ; 2920
12 ; 0 ; 16 ; 0 ; 40 ; 0 ; 112 ; 0 ; 328 ; 0 ; 976 ; 0 ; 2920
12 ; 0 ; 16 ; 0 ; 36 ; 0 ; 94 ; 0 ; 260 ; 0 ; 736 ; 0 ; 2106
12 ; 0 ; 16 ; 0 ; 36 ; 0 ; 94 ; 0 ; 260 ; 0 ; 736 ; 0 ; 2106
12 ; 0 ; 16 ; 0 ; 36 ; 0 ; 88 ; 0 ; 228 ; 0 ; 616 ; 0 ; 1716
12 ; 0 ; 16 ; 0 ; 40 ; 0 ; 112 ; 0 ; 328 ; 0 ; 976 ; 0 ; 2920
12 ; 0 ; 16 ; 0 ; 40 ; 0 ; 112 ; 0 ; 328 ; 0 ; 976 ; 0 ; 2920
12 ; 0 ; 20 ; 0 ; 52 ; 0 ; 152 ; 0 ; 468 ; 0 ; 1480 ; 0 ; 4744
12 ; 0 ; 20 ; 0 ; 52 ; 0 ; 152 ; 0 ; 468 ; 0 ; 1480 ; 0 ; 4744
12 ; 0 ; 20 ; 0 ; 52 ; 0 ; 152 ; 0 ; 468 ; 0 ; 1480 ; 0 ; 4744
12 ; 0 ; 20 ; 0 ; 52 ; 0 ; 152 ; 0 ; 468 ; 0 ; 1480 ; 0 ; 4744
12 ; 0 ; 18 ; 0 ; 46 ; 0 ; 132 ; 0 ; 398 ; 0 ; 1228 ; 0 ; 3832
12 ; 0 ; 20 ; 0 ; 52 ; 0 ; 152 ; 0 ; 468 ; 0 ; 1480 ; 0 ; 4744
12 ; 0 ; 16 ; 0 ; 40 ; 0 ; 112 ; 0 ; 328 ; 0 ; 976 ; 0 ; 2920
12 ; 0 ; 16 ; 0 ; 36 ; 0 ; 94 ; 0 ; 260 ; 0 ; 736 ; 0 ; 2106
12 ; 0 ; 16 ; 0 ; 40 ; 0 ; 112 ; 0 ; 328 ; 0 ; 976 ; 0 ; 2920
12 ; 0 ; 16 ; 0 ; 40 ; 0 ; 112 ; 0 ; 328 ; 0 ; 976 ; 0 ; 2920
12 ; 0 ; 16 ; 0 ; 40 ; 0 ; 112 ; 0 ; 328 ; 0 ; 976 ; 0 ; 2920
12 ; 0 ; 16 ; 0 ; 36 ; 0 ; 94 ; 0 ; 260 ; 0 ; 736 ; 0 ; 2106
12 ; 0 ; 16 ; 0 ; 36 ; 0 ; 88 ; 0 ; 228 ; 0 ; 616 ; 0 ; 1716
12 ; 0 ; 14 ; 0 ; 30 ; 0 ; 74 ; 0 ; 198 ; 0 ; 554 ; 0 ; 1590
12 ; 0 ; 14 ; 0 ; 34 ; 0 ; 92 ; 0 ; 258 ; 0 ; 734 ; 0 ; 2104
12 ; 0 ; 16 ; 0 ; 36 ; 0 ; 88 ; 0 ; 228 ; 0 ; 616 ; 0 ; 1716
12 ; 0 ; 16 ; 0 ; 36 ; 0 ; 94 ; 0 ; 260 ; 0 ; 736 ; 0 ; 2106
12 ; 0 ; 14 ; 0 ; 30 ; 0 ; 74 ; 0 ; 198 ; 0 ; 554 ; 0 ; 1590
12 ; 0 ; 16 ; 0 ; 36 ; 0 ; 94 ; 0 ; 260 ; 0 ; 736 ; 0 ; 2106
12 ; 0 ; 14 ; 0 ; 30 ; 0 ; 74 ; 0 ; 198 ; 0 ; 554 ; 0 ; 1590
12 ; 0 ; 18 ; 0 ; 42 ; 0 ; 114 ; 0 ; 330 ; 0 ; 978 ; 0 ; 2922
12 ; 0 ; 18 ; 0 ; 42 ; 0 ; 114 ; 0 ; 330 ; 0 ; 978 ; 0 ; 2922
12 ; 0 ; 18 ; 0 ; 42 ; 0 ; 114 ; 0 ; 330 ; 0 ; 978 ; 0 ; 2922
12 ; 0 ; 18 ; 0 ; 42 ; 0 ; 114 ; 0 ; 330 ; 0 ; 978 ; 0 ; 2922
12 ; 0 ; 14 ; 0 ; 34 ; 0 ; 92 ; 0 ; 258 ; 0 ; 734 ; 0 ; 2104
12 ; 0 ; 14 ; 0 ; 30 ; 0 ; 74 ; 0 ; 198 ; 0 ; 554 ; 0 ; 1590
12 ; 0 ; 14 ; 0 ; 30 ; 0 ; 74 ; 0 ; 198 ; 0 ; 554 ; 0 ; 1590
12 ; 0 ; 16 ; 0 ; 36 ; 0 ; 94 ; 0 ; 260 ; 0 ; 736 ; 0 ; 2106
12 ; 0 ; 14 ; 0 ; 30 ; 0 ; 74 ; 0 ; 198 ; 0 ; 554 ; 0 ; 1590
12 ; 0 ; 16 ; 0 ; 36 ; 0 ; 88 ; 0 ; 228 ; 0 ; 616 ; 0 ; 1716
12 ; 0 ; 16 ; 0 ; 36 ; 0 ; 94 ; 0 ; 260 ; 0 ; 736 ; 0 ; 2106
12 ; 0 ; 14 ; 0 ; 30 ; 0 ; 74 ; 0 ; 198 ; 0 ; 554 ; 0 ; 1590
12 ; 0 ; 16 ; 0 ; 36 ; 0 ; 88 ; 0 ; 228 ; 0 ; 616 ; 0 ; 1716
12 ; 0 ; 14 ; 0 ; 26 ; 0 ; 62 ; 0 ; 170 ; 0 ; 494 ; 0 ; 1466
12 ; 0 ; 16 ; 0 ; 32 ; 0 ; 76 ; 0 ; 200 ; 0 ; 556 ; 0 ; 1592
12 ; 0 ; 18 ; 0 ; 42 ; 0 ; 114 ; 0 ; 330 ; 0 ; 978 ; 0 ; 2922
12 ; 0 ; 14 ; 0 ; 30 ; 0 ; 74 ; 0 ; 198 ; 0 ; 554 ; 0 ; 1590
12 ; 0 ; 14 ; 0 ; 26 ; 0 ; 62 ; 0 ; 170 ; 0 ; 494 ; 0 ; 1466
12 ; 0 ; 14 ; 0 ; 30 ; 0 ; 74 ; 0 ; 198 ; 0 ; 554 ; 0 ; 1590
12 ; 0 ; 16 ; 0 ; 36 ; 0 ; 88 ; 0 ; 228 ; 0 ; 616 ; 0 ; 1716
12 ; 0 ; 16 ; 0 ; 36 ; 0 ; 88 ; 0 ; 228 ; 0 ; 616 ; 0 ; 1716
12 ; 0 ; 16 ; 0 ; 32 ; 0 ; 76 ; 0 ; 200 ; 0 ; 556 ; 0 ; 1592
12 ; 0 ; 16 ; 0 ; 32 ; 0 ; 76 ; 0 ; 200 ; 0 ; 556 ; 0 ; 1592
12 ; 0 ; 16 ; 0 ; 36 ; 0 ; 88 ; 0 ; 228 ; 0 ; 616 ; 0 ; 1716
12 ; 0 ; 16 ; 0 ; 36 ; 0 ; 94 ; 0 ; 260 ; 0 ; 736 ; 0 ; 2106
12 ; 0 ; 16 ; 0 ; 32 ; 0 ; 76 ; 0 ; 200 ; 0 ; 556 ; 0 ; 1592
12 ; 0 ; 16 ; 0 ; 32 ; 0 ; 76 ; 0 ; 200 ; 0 ; 556 ; 0 ; 1592
12 ; 0 ; 16 ; 0 ; 36 ; 0 ; 94 ; 0 ; 260 ; 0 ; 736 ; 0 ; 2106
12 ; 0 ; 16 ; 0 ; 36 ; 0 ; 88 ; 0 ; 228 ; 0 ; 616 ; 0 ; 1716
12 ; 0 ; 14 ; 0 ; 30 ; 0 ; 74 ; 0 ; 198 ; 0 ; 554 ; 0 ; 1590
12 ; 0 ; 14 ; 0 ; 26 ; 0 ; 62 ; 0 ; 170 ; 0 ; 494 ; 0 ; 1466
12 ; 0 ; 16 ; 0 ; 32 ; 0 ; 76 ; 0 ; 200 ; 0 ; 556 ; 0 ; 1592
12 ; 0 ; 20 ; 0 ; 52 ; 0 ; 152 ; 0 ; 468 ; 0 ; 1480 ; 0 ; 4744
12 ; 0 ; 18 ; 0 ; 42 ; 0 ; 108 ; 0 ; 298 ; 0 ; 868 ; 0 ; 2628
12 ; 0 ; 16 ; 0 ; 40 ; 0 ; 112 ; 0 ; 328 ; 0 ; 976 ; 0 ; 2920
12 ; 0 ; 14 ; 0 ; 34 ; 0 ; 92 ; 0 ; 258 ; 0 ; 734 ; 0 ; 2104
12 ; 0 ; 16 ; 0 ; 40 ; 0 ; 112 ; 0 ; 328 ; 0 ; 976 ; 0 ; 2920
12 ; 0 ; 16 ; 0 ; 36 ; 0 ; 94 ; 0 ; 260 ; 0 ; 736 ; 0 ; 2106
12 ; 0 ; 16 ; 0 ; 36 ; 0 ; 88 ; 0 ; 228 ; 0 ; 616 ; 0 ; 1716
12 ; 0 ; 14 ; 0 ; 30 ; 0 ; 74 ; 0 ; 198 ; 0 ; 554 ; 0 ; 1590
12 ; 0 ; 14 ; 0 ; 30 ; 0 ; 74 ; 0 ; 198 ; 0 ; 554 ; 0 ; 1590
12 ; 0 ; 16 ; 0 ; 36 ; 0 ; 94 ; 0 ; 260 ; 0 ; 736 ; 0 ; 2106
12 ; 0 ; 14 ; 0 ; 30 ; 0 ; 74 ; 0 ; 198 ; 0 ; 554 ; 0 ; 1590
12 ; 0 ; 18 ; 0 ; 42 ; 0 ; 114 ; 0 ; 330 ; 0 ; 978 ; 0 ; 2922
12 ; 0 ; 16 ; 0 ; 36 ; 0 ; 94 ; 0 ; 260 ; 0 ; 736 ; 0 ; 2106
12 ; 0 ; 16 ; 0 ; 36 ; 0 ; 94 ; 0 ; 260 ; 0 ; 736 ; 0 ; 2106
12 ; 0 ; 16 ; 0 ; 36 ; 0 ; 94 ; 0 ; 260 ; 0 ; 736 ; 0 ; 2106
12 ; 0 ; 16 ; 0 ; 36 ; 0 ; 88 ; 0 ; 228 ; 0 ; 616 ; 0 ; 1716
12 ; 0 ; 16 ; 0 ; 32 ; 0 ; 76 ; 0 ; 200 ; 0 ; 556 ; 0 ; 1592
12 ; 0 ; 18 ; 0 ; 42 ; 0 ; 108 ; 0 ; 290 ; 0 ; 798 ; 0 ; 2232
12 ; 0 ; 16 ; 0 ; 36 ; 0 ; 94 ; 0 ; 260 ; 0 ; 736 ; 0 ; 2106
12 ; 0 ; 18 ; 0 ; 42 ; 0 ; 108 ; 0 ; 290 ; 0 ; 798 ; 0 ; 2232
12 ; 0 ; 16 ; 0 ; 32 ; 0 ; 76 ; 0 ; 200 ; 0 ; 556 ; 0 ; 1592
12 ; 0 ; 16 ; 0 ; 36 ; 0 ; 88 ; 0 ; 228 ; 0 ; 616 ; 0 ; 1716
12 ; 0 ; 14 ; 0 ; 30 ; 0 ; 74 ; 0 ; 198 ; 0 ; 554 ; 0 ; 1590
12 ; 0 ; 14 ; 0 ; 30 ; 0 ; 74 ; 0 ; 198 ; 0 ; 554 ; 0 ; 1590
12 ; 0 ; 16 ; 0 ; 36 ; 0 ; 94 ; 0 ; 260 ; 0 ; 736 ; 0 ; 2106
12 ; 0 ; 16 ; 0 ; 36 ; 0 ; 94 ; 0 ; 260 ; 0 ; 736 ; 0 ; 2106
12 ; 0 ; 18 ; 0 ; 42 ; 0 ; 108 ; 0 ; 290 ; 0 ; 798 ; 0 ; 2232
12 ; 0 ; 16 ; 0 ; 32 ; 0 ; 76 ; 0 ; 192 ; 0 ; 496 ; 0 ; 1292
12 ; 0 ; 16 ; 0 ; 32 ; 0 ; 76 ; 0 ; 192 ; 0 ; 496 ; 0 ; 1292
12 ; 0 ; 16 ; 0 ; 32 ; 0 ; 76 ; 0 ; 192 ; 0 ; 496 ; 0 ; 1292
12 ; 0 ; 14 ; 0 ; 30 ; 0 ; 74 ; 0 ; 190 ; 0 ; 494 ; 0 ; 1290
12 ; 0 ; 16 ; 0 ; 36 ; 0 ; 88 ; 0 ; 220 ; 0 ; 556 ; 0 ; 1416
12 ; 0 ; 12 ; 0 ; 28 ; 0 ; 72 ; 0 ; 188 ; 0 ; 492 ; 0 ; 1288
12 ; 0 ; 12 ; 0 ; 28 ; 0 ; 72 ; 0 ; 188 ; 0 ; 492 ; 0 ; 1288
12 ; 0 ; 12 ; 0 ; 28 ; 0 ; 72 ; 0 ; 188 ; 0 ; 492 ; 0 ; 1288
12 ; 0 ; 14 ; 0 ; 30 ; 0 ; 74 ; 0 ; 190 ; 0 ; 494 ; 0 ; 1290
12 ; 0 ; 12 ; 0 ; 28 ; 0 ; 72 ; 0 ; 188 ; 0 ; 492 ; 0 ; 1288
12 ; 0 ; 14 ; 0 ; 30 ; 0 ; 74 ; 0 ; 190 ; 0 ; 494 ; 0 ; 1290
12 ; 0 ; 14 ; 0 ; 30 ; 0 ; 74 ; 0 ; 190 ; 0 ; 494 ; 0 ; 1290
12 ; 0 ; 16 ; 0 ; 32 ; 0 ; 76 ; 0 ; 192 ; 0 ; 496 ; 0 ; 1292
12 ; 0 ; 16 ; 0 ; 36 ; 0 ; 88 ; 0 ; 220 ; 0 ; 556 ; 0 ; 1416
12 ; 0 ; 14 ; 0 ; 26 ; 0 ; 56 ; 0 ; 130 ; 0 ; 314 ; 0 ; 776
12 ; 0 ; 12 ; 0 ; 24 ; 0 ; 54 ; 0 ; 128 ; 0 ; 312 ; 0 ; 774
12 ; 0 ; 14 ; 0 ; 30 ; 0 ; 68 ; 0 ; 158 ; 0 ; 374 ; 0 ; 900
12 ; 0 ; 14 ; 0 ; 26 ; 0 ; 56 ; 0 ; 130 ; 0 ; 314 ; 0 ; 776
12 ; 0 ; 14 ; 0 ; 26 ; 0 ; 56 ; 0 ; 130 ; 0 ; 314 ; 0 ; 776
12 ; 0 ; 12 ; 0 ; 28 ; 0 ; 72 ; 0 ; 188 ; 0 ; 492 ; 0 ; 1288
12 ; 0 ; 14 ; 0 ; 30 ; 0 ; 74 ; 0 ; 190 ; 0 ; 494 ; 0 ; 1290
12 ; 0 ; 12 ; 0 ; 24 ; 0 ; 54 ; 0 ; 128 ; 0 ; 312 ; 0 ; 774
12 ; 0 ; 12 ; 0 ; 24 ; 0 ; 54 ; 0 ; 128 ; 0 ; 312 ; 0 ; 774
12 ; 0 ; 12 ; 0 ; 20 ; 0 ; 42 ; 0 ; 100 ; 0 ; 252 ; 0 ; 650
12 ; 0 ; 12 ; 0 ; 24 ; 0 ; 54 ; 0 ; 128 ; 0 ; 312 ; 0 ; 774
12 ; 0 ; 14 ; 0 ; 30 ; 0 ; 68 ; 0 ; 158 ; 0 ; 374 ; 0 ; 900
12 ; 0 ; 14 ; 0 ; 30 ; 0 ; 74 ; 0 ; 190 ; 0 ; 494 ; 0 ; 1290
12 ; 0 ; 14 ; 0 ; 30 ; 0 ; 68 ; 0 ; 158 ; 0 ; 374 ; 0 ; 900
12 ; 0 ; 14 ; 0 ; 30 ; 0 ; 74 ; 0 ; 190 ; 0 ; 494 ; 0 ; 1290
12 ; 0 ; 14 ; 0 ; 26 ; 0 ; 56 ; 0 ; 130 ; 0 ; 314 ; 0 ; 776
12 ; 0 ; 12 ; 0 ; 24 ; 0 ; 54 ; 0 ; 128 ; 0 ; 312 ; 0 ; 774
12 ; 0 ; 14 ; 0 ; 22 ; 0 ; 44 ; 0 ; 102 ; 0 ; 254 ; 0 ; 652
12 ; 0 ; 16 ; 0 ; 36 ; 0 ; 88 ; 0 ; 220 ; 0 ; 556 ; 0 ; 1416
12 ; 0 ; 16 ; 0 ; 32 ; 0 ; 70 ; 0 ; 160 ; 0 ; 376 ; 0 ; 902
12 ; 0 ; 14 ; 0 ; 26 ; 0 ; 56 ; 0 ; 130 ; 0 ; 314 ; 0 ; 776
12 ; 0 ; 16 ; 0 ; 32 ; 0 ; 70 ; 0 ; 160 ; 0 ; 376 ; 0 ; 902
12 ; 0 ; 16 ; 0 ; 32 ; 0 ; 70 ; 0 ; 160 ; 0 ; 376 ; 0 ; 902
12 ; 0 ; 18 ; 0 ; 42 ; 0 ; 108 ; 0 ; 290 ; 0 ; 798 ; 0 ; 2232
12 ; 0 ; 14 ; 0 ; 26 ; 0 ; 56 ; 0 ; 130 ; 0 ; 314 ; 0 ; 776
12 ; 0 ; 14 ; 0 ; 26 ; 0 ; 56 ; 0 ; 130 ; 0 ; 314 ; 0 ; 776
12 ; 0 ; 16 ; 0 ; 32 ; 0 ; 70 ; 0 ; 160 ; 0 ; 376 ; 0 ; 902
12 ; 0 ; 16 ; 0 ; 32 ; 0 ; 70 ; 0 ; 160 ; 0 ; 376 ; 0 ; 902
12 ; 0 ; 14 ; 0 ; 30 ; 0 ; 68 ; 0 ; 158 ; 0 ; 374 ; 0 ; 900
12 ; 0 ; 14 ; 0 ; 30 ; 0 ; 74 ; 0 ; 190 ; 0 ; 494 ; 0 ; 1290
12 ; 0 ; 14 ; 0 ; 26 ; 0 ; 56 ; 0 ; 130 ; 0 ; 314 ; 0 ; 776
12 ; 0 ; 14 ; 0 ; 26 ; 0 ; 56 ; 0 ; 130 ; 0 ; 314 ; 0 ; 776
12 ; 0 ; 14 ; 0 ; 26 ; 0 ; 56 ; 0 ; 130 ; 0 ; 314 ; 0 ; 776
12 ; 0 ; 12 ; 0 ; 24 ; 0 ; 54 ; 0 ; 128 ; 0 ; 312 ; 0 ; 774
12 ; 0 ; 16 ; 0 ; 36 ; 0 ; 88 ; 0 ; 220 ; 0 ; 556 ; 0 ; 1416
12 ; 0 ; 14 ; 0 ; 22 ; 0 ; 44 ; 0 ; 102 ; 0 ; 254 ; 0 ; 652
12 ; 0 ; 16 ; 0 ; 32 ; 0 ; 70 ; 0 ; 160 ; 0 ; 376 ; 0 ; 902
12 ; 0 ; 12 ; 0 ; 24 ; 0 ; 54 ; 0 ; 128 ; 0 ; 312 ; 0 ; 774
12 ; 0 ; 12 ; 0 ; 20 ; 0 ; 42 ; 0 ; 100 ; 0 ; 252 ; 0 ; 650
12 ; 0 ; 12 ; 0 ; 24 ; 0 ; 54 ; 0 ; 128 ; 0 ; 312 ; 0 ; 774
12 ; 0 ; 14 ; 0 ; 30 ; 0 ; 68 ; 0 ; 158 ; 0 ; 374 ; 0 ; 900
12 ; 0 ; 16 ; 0 ; 36 ; 0 ; 88 ; 0 ; 220 ; 0 ; 556 ; 0 ; 1416
12 ; 0 ; 14 ; 0 ; 26 ; 0 ; 56 ; 0 ; 130 ; 0 ; 314 ; 0 ; 776
12 ; 0 ; 14 ; 0 ; 26 ; 0 ; 56 ; 0 ; 130 ; 0 ; 314 ; 0 ; 776
12 ; 0 ; 14 ; 0 ; 30 ; 0 ; 68 ; 0 ; 158 ; 0 ; 374 ; 0 ; 900
12 ; 0 ; 18 ; 0 ; 42 ; 0 ; 108 ; 0 ; 290 ; 0 ; 798 ; 0 ; 2232
12 ; 0 ; 12 ; 0 ; 28 ; 0 ; 72 ; 0 ; 188 ; 0 ; 492 ; 0 ; 1288
12 ; 0 ; 14 ; 0 ; 30 ; 0 ; 74 ; 0 ; 190 ; 0 ; 494 ; 0 ; 1290
12 ; 0 ; 16 ; 0 ; 36 ; 0 ; 88 ; 0 ; 220 ; 0 ; 556 ; 0 ; 1416
12 ; 0 ; 18 ; 0 ; 42 ; 0 ; 114 ; 0 ; 330 ; 0 ; 978 ; 0 ; 2922
12 ; 0 ; 14 ; 0 ; 30 ; 0 ; 68 ; 0 ; 158 ; 0 ; 374 ; 0 ; 900
12 ; 0 ; 16 ; 0 ; 32 ; 0 ; 70 ; 0 ; 160 ; 0 ; 376 ; 0 ; 902
12 ; 0 ; 14 ; 0 ; 22 ; 0 ; 44 ; 0 ; 102 ; 0 ; 254 ; 0 ; 652
12 ; 0 ; 14 ; 0 ; 26 ; 0 ; 56 ; 0 ; 130 ; 0 ; 314 ; 0 ; 776
12 ; 0 ; 12 ; 0 ; 20 ; 0 ; 42 ; 0 ; 100 ; 0 ; 252 ; 0 ; 650
12 ; 0 ; 16 ; 0 ; 32 ; 0 ; 70 ; 0 ; 160 ; 0 ; 376 ; 0 ; 902
12 ; 0 ; 16 ; 0 ; 32 ; 0 ; 76 ; 0 ; 192 ; 0 ; 496 ; 0 ; 1292
12 ; 0 ; 12 ; 0 ; 20 ; 0 ; 42 ; 0 ; 100 ; 0 ; 252 ; 0 ; 650
12 ; 0 ; 14 ; 0 ; 26 ; 0 ; 56 ; 0 ; 130 ; 0 ; 314 ; 0 ; 776
12 ; 0 ; 14 ; 0 ; 30 ; 0 ; 68 ; 0 ; 158 ; 0 ; 374 ; 0 ; 900
12 ; 0 ; 14 ; 0 ; 26 ; 0 ; 56 ; 0 ; 130 ; 0 ; 314 ; 0 ; 776
12 ; 0 ; 14 ; 0 ; 22 ; 0 ; 44 ; 0 ; 102 ; 0 ; 254 ; 0 ; 652
12 ; 0 ; 14 ; 0 ; 26 ; 0 ; 56 ; 0 ; 130 ; 0 ; 314 ; 0 ; 776
12 ; 0 ; 14 ; 0 ; 30 ; 0 ; 68 ; 0 ; 158 ; 0 ; 374 ; 0 ; 900
12 ; 0 ; 18 ; 0 ; 42 ; 0 ; 108 ; 0 ; 282 ; 0 ; 738 ; 0 ; 1932
12 ; 0 ; 16 ; 0 ; 32 ; 0 ; 76 ; 0 ; 192 ; 0 ; 496 ; 0 ; 1292
12 ; 0 ; 14 ; 0 ; 30 ; 0 ; 68 ; 0 ; 158 ; 0 ; 374 ; 0 ; 900
12 ; 0 ; 14 ; 0 ; 26 ; 0 ; 56 ; 0 ; 130 ; 0 ; 314 ; 0 ; 776
12 ; 0 ; 16 ; 0 ; 32 ; 0 ; 70 ; 0 ; 160 ; 0 ; 376 ; 0 ; 902
12 ; 0 ; 12 ; 0 ; 20 ; 0 ; 42 ; 0 ; 100 ; 0 ; 252 ; 0 ; 650
12 ; 0 ; 12 ; 0 ; 20 ; 0 ; 42 ; 0 ; 100 ; 0 ; 252 ; 0 ; 650
12 ; 0 ; 14 ; 0 ; 26 ; 0 ; 56 ; 0 ; 130 ; 0 ; 314 ; 0 ; 776
12 ; 0 ; 14 ; 0 ; 26 ; 0 ; 56 ; 0 ; 130 ; 0 ; 314 ; 0 ; 776
12 ; 0 ; 16 ; 0 ; 32 ; 0 ; 70 ; 0 ; 160 ; 0 ; 376 ; 0 ; 902
12 ; 0 ; 14 ; 0 ; 22 ; 0 ; 44 ; 0 ; 102 ; 0 ; 254 ; 0 ; 652
12 ; 0 ; 14 ; 0 ; 22 ; 0 ; 44 ; 0 ; 102 ; 0 ; 254 ; 0 ; 652
12 ; 0 ; 14 ; 0 ; 26 ; 0 ; 56 ; 0 ; 130 ; 0 ; 314 ; 0 ; 776
12 ; 0 ; 14 ; 0 ; 22 ; 0 ; 44 ; 0 ; 102 ; 0 ; 254 ; 0 ; 652
12 ; 0 ; 14 ; 0 ; 22 ; 0 ; 44 ; 0 ; 102 ; 0 ; 254 ; 0 ; 652
12 ; 0 ; 18 ; 0 ; 42 ; 0 ; 108 ; 0 ; 282 ; 0 ; 738 ; 0 ; 1932
12 ; 0 ; 14 ; 0 ; 22 ; 0 ; 44 ; 0 ; 102 ; 0 ; 254 ; 0 ; 652
12 ; 0 ; 14 ; 0 ; 22 ; 0 ; 44 ; 0 ; 102 ; 0 ; 254 ; 0 ; 652
12 ; 0 ; 14 ; 0 ; 22 ; 0 ; 44 ; 0 ; 102 ; 0 ; 254 ; 0 ; 652
12 ; 0 ; 14 ; 0 ; 22 ; 0 ; 44 ; 0 ; 102 ; 0 ; 254 ; 0 ; 652
12 ; 0 ; 18 ; 0 ; 42 ; 0 ; 108 ; 0 ; 282 ; 0 ; 738 ; 0 ; 1932
12 ; 0 ; 14 ; 0 ; 30 ; 0 ; 68 ; 0 ; 158 ; 0 ; 374 ; 0 ; 900
12 ; 0 ; 24 ; 0 ; 72 ; 0 ; 264 ; 0 ; 1032 ; 0 ; 4104 ; 0 ; 16392
12 ; 0 ; 18 ; 0 ; 42 ; 0 ; 114 ; 0 ; 330 ; 0 ; 978 ; 0 ; 2922
12 ; 0 ; 16 ; 0 ; 36 ; 0 ; 94 ; 0 ; 260 ; 0 ; 736 ; 0 ; 2106
12 ; 0 ; 16 ; 0 ; 36 ; 0 ; 94 ; 0 ; 260 ; 0 ; 736 ; 0 ; 2106
12 ; 0 ; 16 ; 0 ; 36 ; 0 ; 88 ; 0 ; 228 ; 0 ; 616 ; 0 ; 1716
12 ; 0 ; 16 ; 0 ; 40 ; 0 ; 112 ; 0 ; 328 ; 0 ; 976 ; 0 ; 2920
12 ; 0 ; 16 ; 0 ; 40 ; 0 ; 112 ; 0 ; 328 ; 0 ; 976 ; 0 ; 2920
12 ; 0 ; 16 ; 0 ; 40 ; 0 ; 112 ; 0 ; 328 ; 0 ; 976 ; 0 ; 2920
12 ; 0 ; 16 ; 0 ; 40 ; 0 ; 112 ; 0 ; 328 ; 0 ; 976 ; 0 ; 2920
12 ; 0 ; 16 ; 0 ; 36 ; 0 ; 88 ; 0 ; 228 ; 0 ; 616 ; 0 ; 1716
12 ; 0 ; 16 ; 0 ; 32 ; 0 ; 76 ; 0 ; 200 ; 0 ; 556 ; 0 ; 1592
12 ; 0 ; 16 ; 0 ; 36 ; 0 ; 94 ; 0 ; 260 ; 0 ; 736 ; 0 ; 2106
12 ; 0 ; 16 ; 0 ; 36 ; 0 ; 94 ; 0 ; 260 ; 0 ; 736 ; 0 ; 2106
12 ; 0 ; 16 ; 0 ; 32 ; 0 ; 76 ; 0 ; 200 ; 0 ; 556 ; 0 ; 1592
12 ; 0 ; 18 ; 0 ; 42 ; 0 ; 108 ; 0 ; 290 ; 0 ; 798 ; 0 ; 2232
12 ; 0 ; 16 ; 0 ; 32 ; 0 ; 76 ; 0 ; 200 ; 0 ; 556 ; 0 ; 1592
12 ; 0 ; 16 ; 0 ; 32 ; 0 ; 76 ; 0 ; 192 ; 0 ; 496 ; 0 ; 1292
12 ; 0 ; 16 ; 0 ; 32 ; 0 ; 70 ; 0 ; 160 ; 0 ; 376 ; 0 ; 902
12 ; 0 ; 16 ; 0 ; 32 ; 0 ; 76 ; 0 ; 192 ; 0 ; 496 ; 0 ; 1292
12 ; 0 ; 12 ; 0 ; 28 ; 0 ; 72 ; 0 ; 188 ; 0 ; 492 ; 0 ; 1288
12 ; 0 ; 14 ; 0 ; 30 ; 0 ; 74 ; 0 ; 190 ; 0 ; 494 ; 0 ; 1290
12 ; 0 ; 12 ; 0 ; 24 ; 0 ; 54 ; 0 ; 128 ; 0 ; 312 ; 0 ; 774
12 ; 0 ; 12 ; 0 ; 24 ; 0 ; 54 ; 0 ; 128 ; 0 ; 312 ; 0 ; 774
12 ; 0 ; 14 ; 0 ; 30 ; 0 ; 74 ; 0 ; 190 ; 0 ; 494 ; 0 ; 1290
12 ; 0 ; 14 ; 0 ; 30 ; 0 ; 68 ; 0 ; 158 ; 0 ; 374 ; 0 ; 900
12 ; 0 ; 12 ; 0 ; 24 ; 0 ; 54 ; 0 ; 128 ; 0 ; 312 ; 0 ; 774
12 ; 0 ; 14 ; 0 ; 30 ; 0 ; 74 ; 0 ; 190 ; 0 ; 494 ; 0 ; 1290
12 ; 0 ; 12 ; 0 ; 28 ; 0 ; 72 ; 0 ; 188 ; 0 ; 492 ; 0 ; 1288
12 ; 0 ; 14 ; 0 ; 30 ; 0 ; 74 ; 0 ; 190 ; 0 ; 494 ; 0 ; 1290
12 ; 0 ; 14 ; 0 ; 30 ; 0 ; 74 ; 0 ; 190 ; 0 ; 494 ; 0 ; 1290
12 ; 0 ; 14 ; 0 ; 30 ; 0 ; 74 ; 0 ; 190 ; 0 ; 494 ; 0 ; 1290
12 ; 0 ; 16 ; 0 ; 32 ; 0 ; 76 ; 0 ; 192 ; 0 ; 496 ; 0 ; 1292
12 ; 0 ; 16 ; 0 ; 36 ; 0 ; 88 ; 0 ; 220 ; 0 ; 556 ; 0 ; 1416
12 ; 0 ; 16 ; 0 ; 36 ; 0 ; 88 ; 0 ; 220 ; 0 ; 556 ; 0 ; 1416
12 ; 0 ; 14 ; 0 ; 30 ; 0 ; 74 ; 0 ; 190 ; 0 ; 494 ; 0 ; 1290
12 ; 0 ; 12 ; 0 ; 24 ; 0 ; 54 ; 0 ; 128 ; 0 ; 312 ; 0 ; 774
12 ; 0 ; 12 ; 0 ; 24 ; 0 ; 54 ; 0 ; 128 ; 0 ; 312 ; 0 ; 774
12 ; 0 ; 14 ; 0 ; 26 ; 0 ; 56 ; 0 ; 130 ; 0 ; 314 ; 0 ; 776
12 ; 0 ; 14 ; 0 ; 22 ; 0 ; 44 ; 0 ; 102 ; 0 ; 254 ; 0 ; 652
12 ; 0 ; 12 ; 0 ; 24 ; 0 ; 54 ; 0 ; 128 ; 0 ; 312 ; 0 ; 774
12 ; 0 ; 16 ; 0 ; 36 ; 0 ; 88 ; 0 ; 220 ; 0 ; 556 ; 0 ; 1416
12 ; 0 ; 14 ; 0 ; 26 ; 0 ; 56 ; 0 ; 130 ; 0 ; 314 ; 0 ; 776
12 ; 0 ; 16 ; 0 ; 32 ; 0 ; 70 ; 0 ; 160 ; 0 ; 376 ; 0 ; 902
12 ; 0 ; 14 ; 0 ; 22 ; 0 ; 44 ; 0 ; 102 ; 0 ; 254 ; 0 ; 652
12 ; 0 ; 14 ; 0 ; 26 ; 0 ; 56 ; 0 ; 130 ; 0 ; 314 ; 0 ; 776
12 ; 0 ; 14 ; 0 ; 26 ; 0 ; 56 ; 0 ; 130 ; 0 ; 314 ; 0 ; 776
12 ; 0 ; 16 ; 0 ; 32 ; 0 ; 70 ; 0 ; 160 ; 0 ; 376 ; 0 ; 902
12 ; 0 ; 14 ; 0 ; 26 ; 0 ; 56 ; 0 ; 130 ; 0 ; 314 ; 0 ; 776
12 ; 0 ; 16 ; 0 ; 32 ; 0 ; 70 ; 0 ; 160 ; 0 ; 376 ; 0 ; 902
12 ; 0 ; 14 ; 0 ; 26 ; 0 ; 56 ; 0 ; 130 ; 0 ; 314 ; 0 ; 776
12 ; 0 ; 14 ; 0 ; 26 ; 0 ; 56 ; 0 ; 130 ; 0 ; 314 ; 0 ; 776
12 ; 0 ; 14 ; 0 ; 30 ; 0 ; 68 ; 0 ; 158 ; 0 ; 374 ; 0 ; 900
12 ; 0 ; 14 ; 0 ; 26 ; 0 ; 56 ; 0 ; 130 ; 0 ; 314 ; 0 ; 776
12 ; 0 ; 14 ; 0 ; 26 ; 0 ; 56 ; 0 ; 130 ; 0 ; 314 ; 0 ; 776
12 ; 0 ; 16 ; 0 ; 32 ; 0 ; 76 ; 0 ; 192 ; 0 ; 496 ; 0 ; 1292
12 ; 0 ; 16 ; 0 ; 36 ; 0 ; 88 ; 0 ; 220 ; 0 ; 556 ; 0 ; 1416
12 ; 0 ; 14 ; 0 ; 30 ; 0 ; 68 ; 0 ; 158 ; 0 ; 374 ; 0 ; 900
12 ; 0 ; 12 ; 0 ; 24 ; 0 ; 54 ; 0 ; 128 ; 0 ; 312 ; 0 ; 774
12 ; 0 ; 12 ; 0 ; 24 ; 0 ; 54 ; 0 ; 128 ; 0 ; 312 ; 0 ; 774
12 ; 0 ; 12 ; 0 ; 20 ; 0 ; 42 ; 0 ; 100 ; 0 ; 252 ; 0 ; 650
12 ; 0 ; 12 ; 0 ; 24 ; 0 ; 54 ; 0 ; 128 ; 0 ; 312 ; 0 ; 774
12 ; 0 ; 14 ; 0 ; 30 ; 0 ; 68 ; 0 ; 158 ; 0 ; 374 ; 0 ; 900
12 ; 0 ; 14 ; 0 ; 30 ; 0 ; 68 ; 0 ; 158 ; 0 ; 374 ; 0 ; 900
12 ; 0 ; 12 ; 0 ; 24 ; 0 ; 54 ; 0 ; 128 ; 0 ; 312 ; 0 ; 774
12 ; 0 ; 10 ; 0 ; 22 ; 0 ; 52 ; 0 ; 126 ; 0 ; 310 ; 0 ; 772
12 ; 0 ; 12 ; 0 ; 20 ; 0 ; 42 ; 0 ; 100 ; 0 ; 252 ; 0 ; 650
12 ; 0 ; 14 ; 0 ; 30 ; 0 ; 74 ; 0 ; 190 ; 0 ; 494 ; 0 ; 1290
12 ; 0 ; 14 ; 0 ; 30 ; 0 ; 68 ; 0 ; 158 ; 0 ; 374 ; 0 ; 900
12 ; 0 ; 12 ; 0 ; 24 ; 0 ; 54 ; 0 ; 128 ; 0 ; 312 ; 0 ; 774
12 ; 0 ; 14 ; 0 ; 26 ; 0 ; 56 ; 0 ; 130 ; 0 ; 314 ; 0 ; 776
12 ; 0 ; 14 ; 0 ; 26 ; 0 ; 56 ; 0 ; 130 ; 0 ; 314 ; 0 ; 776
12 ; 0 ; 14 ; 0 ; 26 ; 0 ; 56 ; 0 ; 130 ; 0 ; 314 ; 0 ; 776
12 ; 0 ; 14 ; 0 ; 26 ; 0 ; 56 ; 0 ; 130 ; 0 ; 314 ; 0 ; 776
12 ; 0 ; 16 ; 0 ; 32 ; 0 ; 70 ; 0 ; 160 ; 0 ; 376 ; 0 ; 902
12 ; 0 ; 16 ; 0 ; 32 ; 0 ; 70 ; 0 ; 160 ; 0 ; 376 ; 0 ; 902
12 ; 0 ; 16 ; 0 ; 32 ; 0 ; 70 ; 0 ; 160 ; 0 ; 376 ; 0 ; 902
12 ; 0 ; 12 ; 0 ; 24 ; 0 ; 54 ; 0 ; 128 ; 0 ; 312 ; 0 ; 774
12 ; 0 ; 14 ; 0 ; 26 ; 0 ; 56 ; 0 ; 130 ; 0 ; 314 ; 0 ; 776
12 ; 0 ; 12 ; 0 ; 24 ; 0 ; 54 ; 0 ; 128 ; 0 ; 312 ; 0 ; 774
12 ; 0 ; 14 ; 0 ; 26 ; 0 ; 56 ; 0 ; 130 ; 0 ; 314 ; 0 ; 776
12 ; 0 ; 14 ; 0 ; 26 ; 0 ; 56 ; 0 ; 130 ; 0 ; 314 ; 0 ; 776
12 ; 0 ; 14 ; 0 ; 30 ; 0 ; 68 ; 0 ; 158 ; 0 ; 374 ; 0 ; 900
12 ; 0 ; 14 ; 0 ; 30 ; 0 ; 68 ; 0 ; 158 ; 0 ; 374 ; 0 ; 900
12 ; 0 ; 14 ; 0 ; 26 ; 0 ; 56 ; 0 ; 130 ; 0 ; 314 ; 0 ; 776
12 ; 0 ; 14 ; 0 ; 26 ; 0 ; 56 ; 0 ; 130 ; 0 ; 314 ; 0 ; 776
12 ; 0 ; 16 ; 0 ; 32 ; 0 ; 70 ; 0 ; 160 ; 0 ; 376 ; 0 ; 902
12 ; 0 ; 12 ; 0 ; 24 ; 0 ; 54 ; 0 ; 128 ; 0 ; 312 ; 0 ; 774
12 ; 0 ; 12 ; 0 ; 24 ; 0 ; 54 ; 0 ; 128 ; 0 ; 312 ; 0 ; 774
12 ; 0 ; 12 ; 0 ; 24 ; 0 ; 54 ; 0 ; 128 ; 0 ; 312 ; 0 ; 774
12 ; 0 ; 10 ; 0 ; 22 ; 0 ; 52 ; 0 ; 126 ; 0 ; 310 ; 0 ; 772
12 ; 0 ; 14 ; 0 ; 30 ; 0 ; 68 ; 0 ; 158 ; 0 ; 374 ; 0 ; 900
12 ; 0 ; 12 ; 0 ; 20 ; 0 ; 42 ; 0 ; 100 ; 0 ; 252 ; 0 ; 650
12 ; 0 ; 12 ; 0 ; 24 ; 0 ; 54 ; 0 ; 128 ; 0 ; 312 ; 0 ; 774
12 ; 0 ; 14 ; 0 ; 26 ; 0 ; 56 ; 0 ; 130 ; 0 ; 314 ; 0 ; 776
12 ; 0 ; 14 ; 0 ; 26 ; 0 ; 56 ; 0 ; 130 ; 0 ; 314 ; 0 ; 776
12 ; 0 ; 16 ; 0 ; 32 ; 0 ; 76 ; 0 ; 192 ; 0 ; 496 ; 0 ; 1292
12 ; 0 ; 10 ; 0 ; 22 ; 0 ; 52 ; 0 ; 126 ; 0 ; 310 ; 0 ; 772
12 ; 0 ; 12 ; 0 ; 24 ; 0 ; 54 ; 0 ; 128 ; 0 ; 312 ; 0 ; 774
12 ; 0 ; 12 ; 0 ; 20 ; 0 ; 42 ; 0 ; 100 ; 0 ; 252 ; 0 ; 650
12 ; 0 ; 14 ; 0 ; 30 ; 0 ; 68 ; 0 ; 158 ; 0 ; 374 ; 0 ; 900
12 ; 0 ; 14 ; 0 ; 26 ; 0 ; 56 ; 0 ; 130 ; 0 ; 314 ; 0 ; 776
12 ; 0 ; 14 ; 0 ; 30 ; 0 ; 68 ; 0 ; 158 ; 0 ; 374 ; 0 ; 900
12 ; 0 ; 14 ; 0 ; 30 ; 0 ; 68 ; 0 ; 158 ; 0 ; 374 ; 0 ; 900
12 ; 0 ; 16 ; 0 ; 32 ; 0 ; 76 ; 0 ; 192 ; 0 ; 496 ; 0 ; 1292
12 ; 0 ; 14 ; 0 ; 26 ; 0 ; 56 ; 0 ; 130 ; 0 ; 314 ; 0 ; 776
12 ; 0 ; 14 ; 0 ; 26 ; 0 ; 56 ; 0 ; 130 ; 0 ; 314 ; 0 ; 776
12 ; 0 ; 14 ; 0 ; 26 ; 0 ; 56 ; 0 ; 130 ; 0 ; 314 ; 0 ; 776
12 ; 0 ; 16 ; 0 ; 32 ; 0 ; 76 ; 0 ; 192 ; 0 ; 496 ; 0 ; 1292
12 ; 0 ; 14 ; 0 ; 26 ; 0 ; 56 ; 0 ; 130 ; 0 ; 314 ; 0 ; 776
12 ; 0 ; 14 ; 0 ; 26 ; 0 ; 56 ; 0 ; 130 ; 0 ; 314 ; 0 ; 776
12 ; 0 ; 14 ; 0 ; 26 ; 0 ; 56 ; 0 ; 130 ; 0 ; 314 ; 0 ; 776
12 ; 0 ; 14 ; 0 ; 26 ; 0 ; 56 ; 0 ; 130 ; 0 ; 314 ; 0 ; 776
12 ; 0 ; 14 ; 0 ; 26 ; 0 ; 56 ; 0 ; 130 ; 0 ; 314 ; 0 ; 776
12 ; 0 ; 16 ; 0 ; 32 ; 0 ; 70 ; 0 ; 160 ; 0 ; 376 ; 0 ; 902
12 ; 0 ; 14 ; 0 ; 30 ; 0 ; 68 ; 0 ; 158 ; 0 ; 374 ; 0 ; 900
12 ; 0 ; 14 ; 0 ; 26 ; 0 ; 56 ; 0 ; 130 ; 0 ; 314 ; 0 ; 776
12 ; 0 ; 16 ; 0 ; 32 ; 0 ; 76 ; 0 ; 192 ; 0 ; 496 ; 0 ; 1292
12 ; 0 ; 14 ; 0 ; 26 ; 0 ; 56 ; 0 ; 130 ; 0 ; 314 ; 0 ; 776
12 ; 0 ; 18 ; 0 ; 42 ; 0 ; 108 ; 0 ; 282 ; 0 ; 738 ; 0 ; 1932
12 ; 0 ; 16 ; 0 ; 32 ; 0 ; 70 ; 0 ; 160 ; 0 ; 376 ; 0 ; 902
12 ; 0 ; 14 ; 0 ; 30 ; 0 ; 68 ; 0 ; 158 ; 0 ; 374 ; 0 ; 900
12 ; 0 ; 12 ; 0 ; 20 ; 0 ; 36 ; 0 ; 68 ; 0 ; 132 ; 0 ; 260
12 ; 0 ; 12 ; 0 ; 20 ; 0 ; 36 ; 0 ; 68 ; 0 ; 132 ; 0 ; 260
12 ; 0 ; 12 ; 0 ; 20 ; 0 ; 36 ; 0 ; 68 ; 0 ; 132 ; 0 ; 260
12 ; 0 ; 14 ; 0 ; 26 ; 0 ; 50 ; 0 ; 98 ; 0 ; 194 ; 0 ; 386
12 ; 0 ; 12 ; 0 ; 20 ; 0 ; 36 ; 0 ; 68 ; 0 ; 132 ; 0 ; 260
12 ; 0 ; 12 ; 0 ; 20 ; 0 ; 36 ; 0 ; 68 ; 0 ; 132 ; 0 ; 260
12 ; 0 ; 12 ; 0 ; 24 ; 0 ; 54 ; 0 ; 128 ; 0 ; 312 ; 0 ; 774
12 ; 0 ; 10 ; 0 ; 18 ; 0 ; 34 ; 0 ; 66 ; 0 ; 130 ; 0 ; 258
12 ; 0 ; 10 ; 0 ; 18 ; 0 ; 34 ; 0 ; 66 ; 0 ; 130 ; 0 ; 258
12 ; 0 ; 12 ; 0 ; 24 ; 0 ; 54 ; 0 ; 128 ; 0 ; 312 ; 0 ; 774
12 ; 0 ; 12 ; 0 ; 20 ; 0 ; 36 ; 0 ; 68 ; 0 ; 132 ; 0 ; 260
12 ; 0 ; 12 ; 0 ; 20 ; 0 ; 36 ; 0 ; 68 ; 0 ; 132 ; 0 ; 260
12 ; 0 ; 12 ; 0 ; 20 ; 0 ; 36 ; 0 ; 68 ; 0 ; 132 ; 0 ; 260
12 ; 0 ; 12 ; 0 ; 20 ; 0 ; 36 ; 0 ; 68 ; 0 ; 132 ; 0 ; 260
12 ; 0 ; 12 ; 0 ; 24 ; 0 ; 54 ; 0 ; 128 ; 0 ; 312 ; 0 ; 774
12 ; 0 ; 12 ; 0 ; 24 ; 0 ; 48 ; 0 ; 96 ; 0 ; 192 ; 0 ; 384
12 ; 0 ; 12 ; 0 ; 24 ; 0 ; 48 ; 0 ; 96 ; 0 ; 192 ; 0 ; 384
12 ; 0 ; 12 ; 0 ; 24 ; 0 ; 48 ; 0 ; 96 ; 0 ; 192 ; 0 ; 384
12 ; 0 ; 12 ; 0 ; 20 ; 0 ; 36 ; 0 ; 68 ; 0 ; 132 ; 0 ; 260
12 ; 0 ; 10 ; 0 ; 18 ; 0 ; 34 ; 0 ; 66 ; 0 ; 130 ; 0 ; 258
12 ; 0 ; 10 ; 0 ; 14 ; 0 ; 22 ; 0 ; 38 ; 0 ; 70 ; 0 ; 134
12 ; 0 ; 12 ; 0 ; 20 ; 0 ; 36 ; 0 ; 68 ; 0 ; 132 ; 0 ; 260
12 ; 0 ; 12 ; 0 ; 20 ; 0 ; 36 ; 0 ; 68 ; 0 ; 132 ; 0 ; 260
12 ; 0 ; 14 ; 0 ; 22 ; 0 ; 38 ; 0 ; 70 ; 0 ; 134 ; 0 ; 262
12 ; 0 ; 12 ; 0 ; 20 ; 0 ; 36 ; 0 ; 68 ; 0 ; 132 ; 0 ; 260
12 ; 0 ; 10 ; 0 ; 18 ; 0 ; 34 ; 0 ; 66 ; 0 ; 130 ; 0 ; 258
12 ; 0 ; 8 ; 0 ; 16 ; 0 ; 32 ; 0 ; 64 ; 0 ; 128 ; 0 ; 256
12 ; 0 ; 10 ; 0 ; 18 ; 0 ; 34 ; 0 ; 66 ; 0 ; 130 ; 0 ; 258
12 ; 0 ; 10 ; 0 ; 14 ; 0 ; 22 ; 0 ; 38 ; 0 ; 70 ; 0 ; 134
12 ; 0 ; 10 ; 0 ; 18 ; 0 ; 34 ; 0 ; 66 ; 0 ; 130 ; 0 ; 258
12 ; 0 ; 12 ; 0 ; 24 ; 0 ; 48 ; 0 ; 96 ; 0 ; 192 ; 0 ; 384
12 ; 0 ; 12 ; 0 ; 20 ; 0 ; 36 ; 0 ; 68 ; 0 ; 132 ; 0 ; 260
12 ; 0 ; 10 ; 0 ; 14 ; 0 ; 22 ; 0 ; 38 ; 0 ; 70 ; 0 ; 134
12 ; 0 ; 10 ; 0 ; 18 ; 0 ; 34 ; 0 ; 66 ; 0 ; 130 ; 0 ; 258
12 ; 0 ; 12 ; 0 ; 16 ; 0 ; 24 ; 0 ; 40 ; 0 ; 72 ; 0 ; 136
12 ; 0 ; 10 ; 0 ; 14 ; 0 ; 22 ; 0 ; 38 ; 0 ; 70 ; 0 ; 134
12 ; 0 ; 12 ; 0 ; 20 ; 0 ; 36 ; 0 ; 68 ; 0 ; 132 ; 0 ; 260
12 ; 0 ; 14 ; 0 ; 26 ; 0 ; 50 ; 0 ; 98 ; 0 ; 194 ; 0 ; 386
12 ; 0 ; 12 ; 0 ; 20 ; 0 ; 36 ; 0 ; 68 ; 0 ; 132 ; 0 ; 260
12 ; 0 ; 14 ; 0 ; 26 ; 0 ; 50 ; 0 ; 98 ; 0 ; 194 ; 0 ; 386
12 ; 0 ; 12 ; 0 ; 16 ; 0 ; 24 ; 0 ; 40 ; 0 ; 72 ; 0 ; 136
12 ; 0 ; 12 ; 0 ; 16 ; 0 ; 24 ; 0 ; 40 ; 0 ; 72 ; 0 ; 136
12 ; 0 ; 12 ; 0 ; 20 ; 0 ; 36 ; 0 ; 68 ; 0 ; 132 ; 0 ; 260
12 ; 0 ; 14 ; 0 ; 26 ; 0 ; 50 ; 0 ; 98 ; 0 ; 194 ; 0 ; 386
12 ; 0 ; 14 ; 0 ; 26 ; 0 ; 50 ; 0 ; 98 ; 0 ; 194 ; 0 ; 386
12 ; 0 ; 12 ; 0 ; 24 ; 0 ; 48 ; 0 ; 96 ; 0 ; 192 ; 0 ; 384
12 ; 0 ; 12 ; 0 ; 24 ; 0 ; 48 ; 0 ; 96 ; 0 ; 192 ; 0 ; 384
12 ; 0 ; 12 ; 0 ; 20 ; 0 ; 36 ; 0 ; 68 ; 0 ; 132 ; 0 ; 260
12 ; 0 ; 10 ; 0 ; 18 ; 0 ; 34 ; 0 ; 66 ; 0 ; 130 ; 0 ; 258
12 ; 0 ; 10 ; 0 ; 18 ; 0 ; 34 ; 0 ; 66 ; 0 ; 130 ; 0 ; 258
12 ; 0 ; 10 ; 0 ; 14 ; 0 ; 22 ; 0 ; 38 ; 0 ; 70 ; 0 ; 134
12 ; 0 ; 10 ; 0 ; 18 ; 0 ; 34 ; 0 ; 66 ; 0 ; 130 ; 0 ; 258
12 ; 0 ; 12 ; 0 ; 20 ; 0 ; 36 ; 0 ; 68 ; 0 ; 132 ; 0 ; 260
12 ; 0 ; 12 ; 0 ; 20 ; 0 ; 36 ; 0 ; 68 ; 0 ; 132 ; 0 ; 260
12 ; 0 ; 10 ; 0 ; 14 ; 0 ; 22 ; 0 ; 38 ; 0 ; 70 ; 0 ; 134
12 ; 0 ; 12 ; 0 ; 20 ; 0 ; 36 ; 0 ; 68 ; 0 ; 132 ; 0 ; 260
12 ; 0 ; 12 ; 0 ; 20 ; 0 ; 36 ; 0 ; 68 ; 0 ; 132 ; 0 ; 260
12 ; 0 ; 12 ; 0 ; 20 ; 0 ; 36 ; 0 ; 68 ; 0 ; 132 ; 0 ; 260
12 ; 0 ; 10 ; 0 ; 14 ; 0 ; 22 ; 0 ; 38 ; 0 ; 70 ; 0 ; 134
12 ; 0 ; 12 ; 0 ; 24 ; 0 ; 48 ; 0 ; 96 ; 0 ; 192 ; 0 ; 384
12 ; 0 ; 14 ; 0 ; 26 ; 0 ; 50 ; 0 ; 98 ; 0 ; 194 ; 0 ; 386
12 ; 0 ; 10 ; 0 ; 14 ; 0 ; 22 ; 0 ; 38 ; 0 ; 70 ; 0 ; 134
12 ; 0 ; 10 ; 0 ; 14 ; 0 ; 22 ; 0 ; 38 ; 0 ; 70 ; 0 ; 134
12 ; 0 ; 10 ; 0 ; 18 ; 0 ; 34 ; 0 ; 66 ; 0 ; 130 ; 0 ; 258
12 ; 0 ; 12 ; 0 ; 20 ; 0 ; 36 ; 0 ; 68 ; 0 ; 132 ; 0 ; 260
12 ; 0 ; 12 ; 0 ; 20 ; 0 ; 36 ; 0 ; 68 ; 0 ; 132 ; 0 ; 260
12 ; 0 ; 14 ; 0 ; 22 ; 0 ; 38 ; 0 ; 70 ; 0 ; 134 ; 0 ; 262
12 ; 0 ; 14 ; 0 ; 22 ; 0 ; 38 ; 0 ; 70 ; 0 ; 134 ; 0 ; 262
12 ; 0 ; 14 ; 0 ; 22 ; 0 ; 38 ; 0 ; 70 ; 0 ; 134 ; 0 ; 262
12 ; 0 ; 12 ; 0 ; 20 ; 0 ; 36 ; 0 ; 68 ; 0 ; 132 ; 0 ; 260
12 ; 0 ; 12 ; 0 ; 16 ; 0 ; 24 ; 0 ; 40 ; 0 ; 72 ; 0 ; 136
12 ; 0 ; 12 ; 0 ; 20 ; 0 ; 36 ; 0 ; 68 ; 0 ; 132 ; 0 ; 260
12 ; 0 ; 10 ; 0 ; 14 ; 0 ; 22 ; 0 ; 38 ; 0 ; 70 ; 0 ; 134
12 ; 0 ; 12 ; 0 ; 16 ; 0 ; 24 ; 0 ; 40 ; 0 ; 72 ; 0 ; 136
12 ; 0 ; 14 ; 0 ; 26 ; 0 ; 50 ; 0 ; 98 ; 0 ; 194 ; 0 ; 386
12 ; 0 ; 12 ; 0 ; 20 ; 0 ; 36 ; 0 ; 68 ; 0 ; 132 ; 0 ; 260
12 ; 0 ; 14 ; 0 ; 22 ; 0 ; 38 ; 0 ; 70 ; 0 ; 134 ; 0 ; 262
12 ; 0 ; 12 ; 0 ; 20 ; 0 ; 36 ; 0 ; 68 ; 0 ; 132 ; 0 ; 260
12 ; 0 ; 12 ; 0 ; 16 ; 0 ; 24 ; 0 ; 40 ; 0 ; 72 ; 0 ; 136
12 ; 0 ; 14 ; 0 ; 26 ; 0 ; 50 ; 0 ; 98 ; 0 ; 194 ; 0 ; 386
12 ; 0 ; 12 ; 0 ; 20 ; 0 ; 36 ; 0 ; 68 ; 0 ; 132 ; 0 ; 260
12 ; 0 ; 12 ; 0 ; 20 ; 0 ; 36 ; 0 ; 68 ; 0 ; 132 ; 0 ; 260
12 ; 0 ; 10 ; 0 ; 18 ; 0 ; 34 ; 0 ; 66 ; 0 ; 130 ; 0 ; 258
12 ; 0 ; 10 ; 0 ; 18 ; 0 ; 34 ; 0 ; 66 ; 0 ; 130 ; 0 ; 258
12 ; 0 ; 12 ; 0 ; 20 ; 0 ; 36 ; 0 ; 68 ; 0 ; 132 ; 0 ; 260
12 ; 0 ; 10 ; 0 ; 14 ; 0 ; 22 ; 0 ; 38 ; 0 ; 70 ; 0 ; 134
12 ; 0 ; 10 ; 0 ; 18 ; 0 ; 34 ; 0 ; 66 ; 0 ; 130 ; 0 ; 258
12 ; 0 ; 10 ; 0 ; 14 ; 0 ; 22 ; 0 ; 38 ; 0 ; 70 ; 0 ; 134
12 ; 0 ; 12 ; 0 ; 24 ; 0 ; 48 ; 0 ; 96 ; 0 ; 192 ; 0 ; 384
12 ; 0 ; 10 ; 0 ; 14 ; 0 ; 22 ; 0 ; 38 ; 0 ; 70 ; 0 ; 134
12 ; 0 ; 12 ; 0 ; 20 ; 0 ; 36 ; 0 ; 68 ; 0 ; 132 ; 0 ; 260
12 ; 0 ; 12 ; 0 ; 20 ; 0 ; 36 ; 0 ; 68 ; 0 ; 132 ; 0 ; 260
12 ; 0 ; 10 ; 0 ; 18 ; 0 ; 34 ; 0 ; 66 ; 0 ; 130 ; 0 ; 258
12 ; 0 ; 12 ; 0 ; 20 ; 0 ; 36 ; 0 ; 68 ; 0 ; 132 ; 0 ; 260
12 ; 0 ; 12 ; 0 ; 20 ; 0 ; 36 ; 0 ; 68 ; 0 ; 132 ; 0 ; 260
12 ; 0 ; 12 ; 0 ; 16 ; 0 ; 24 ; 0 ; 40 ; 0 ; 72 ; 0 ; 136
12 ; 0 ; 12 ; 0 ; 20 ; 0 ; 36 ; 0 ; 68 ; 0 ; 132 ; 0 ; 260
12 ; 0 ; 14 ; 0 ; 22 ; 0 ; 38 ; 0 ; 70 ; 0 ; 134 ; 0 ; 262
12 ; 0 ; 14 ; 0 ; 26 ; 0 ; 50 ; 0 ; 98 ; 0 ; 194 ; 0 ; 386
12 ; 0 ; 12 ; 0 ; 20 ; 0 ; 36 ; 0 ; 68 ; 0 ; 132 ; 0 ; 260
12 ; 0 ; 12 ; 0 ; 20 ; 0 ; 36 ; 0 ; 68 ; 0 ; 132 ; 0 ; 260
12 ; 0 ; 12 ; 0 ; 16 ; 0 ; 24 ; 0 ; 40 ; 0 ; 72 ; 0 ; 136
12 ; 0 ; 12 ; 0 ; 20 ; 0 ; 36 ; 0 ; 68 ; 0 ; 132 ; 0 ; 260
12 ; 0 ; 12 ; 0 ; 20 ; 0 ; 36 ; 0 ; 68 ; 0 ; 132 ; 0 ; 260
12 ; 0 ; 14 ; 0 ; 26 ; 0 ; 50 ; 0 ; 98 ; 0 ; 194 ; 0 ; 386
12 ; 0 ; 12 ; 0 ; 20 ; 0 ; 36 ; 0 ; 68 ; 0 ; 132 ; 0 ; 260
12 ; 0 ; 14 ; 0 ; 22 ; 0 ; 38 ; 0 ; 70 ; 0 ; 134 ; 0 ; 262
12 ; 0 ; 14 ; 0 ; 22 ; 0 ; 38 ; 0 ; 70 ; 0 ; 134 ; 0 ; 262
12 ; 0 ; 10 ; 0 ; 14 ; 0 ; 22 ; 0 ; 38 ; 0 ; 70 ; 0 ; 134
12 ; 0 ; 12 ; 0 ; 16 ; 0 ; 24 ; 0 ; 40 ; 0 ; 72 ; 0 ; 136
12 ; 0 ; 14 ; 0 ; 26 ; 0 ; 50 ; 0 ; 98 ; 0 ; 194 ; 0 ; 386
12 ; 0 ; 12 ; 0 ; 16 ; 0 ; 24 ; 0 ; 40 ; 0 ; 72 ; 0 ; 136
12 ; 0 ; 14 ; 0 ; 22 ; 0 ; 38 ; 0 ; 70 ; 0 ; 134 ; 0 ; 262
12 ; 0 ; 12 ; 0 ; 20 ; 0 ; 36 ; 0 ; 68 ; 0 ; 132 ; 0 ; 260
12 ; 0 ; 14 ; 0 ; 22 ; 0 ; 38 ; 0 ; 70 ; 0 ; 134 ; 0 ; 262
12 ; 0 ; 10 ; 0 ; 18 ; 0 ; 34 ; 0 ; 66 ; 0 ; 130 ; 0 ; 258
12 ; 0 ; 14 ; 0 ; 26 ; 0 ; 50 ; 0 ; 98 ; 0 ; 194 ; 0 ; 386
12 ; 0 ; 16 ; 0 ; 32 ; 0 ; 64 ; 0 ; 128 ; 0 ; 256 ; 0 ; 512
12 ; 0 ; 12 ; 0 ; 20 ; 0 ; 36 ; 0 ; 68 ; 0 ; 132 ; 0 ; 260
12 ; 0 ; 10 ; 0 ; 18 ; 0 ; 34 ; 0 ; 66 ; 0 ; 130 ; 0 ; 258
12 ; 0 ; 12 ; 0 ; 20 ; 0 ; 36 ; 0 ; 68 ; 0 ; 132 ; 0 ; 260
12 ; 0 ; 14 ; 0 ; 26 ; 0 ; 50 ; 0 ; 98 ; 0 ; 194 ; 0 ; 386
12 ; 0 ; 16 ; 0 ; 32 ; 0 ; 64 ; 0 ; 128 ; 0 ; 256 ; 0 ; 512
12 ; 0 ; 12 ; 0 ; 20 ; 0 ; 36 ; 0 ; 68 ; 0 ; 132 ; 0 ; 260
12 ; 0 ; 16 ; 0 ; 32 ; 0 ; 70 ; 0 ; 160 ; 0 ; 376 ; 0 ; 902
12 ; 0 ; 14 ; 0 ; 26 ; 0 ; 56 ; 0 ; 130 ; 0 ; 314 ; 0 ; 776
12 ; 0 ; 16 ; 0 ; 32 ; 0 ; 64 ; 0 ; 128 ; 0 ; 256 ; 0 ; 512
12 ; 0 ; 14 ; 0 ; 26 ; 0 ; 50 ; 0 ; 98 ; 0 ; 194 ; 0 ; 386
12 ; 0 ; 12 ; 0 ; 16 ; 0 ; 24 ; 0 ; 40 ; 0 ; 72 ; 0 ; 136
12 ; 0 ; 12 ; 0 ; 20 ; 0 ; 36 ; 0 ; 68 ; 0 ; 132 ; 0 ; 260
12 ; 0 ; 14 ; 0 ; 22 ; 0 ; 38 ; 0 ; 70 ; 0 ; 134 ; 0 ; 262
12 ; 0 ; 14 ; 0 ; 26 ; 0 ; 50 ; 0 ; 98 ; 0 ; 194 ; 0 ; 386
12 ; 0 ; 12 ; 0 ; 16 ; 0 ; 24 ; 0 ; 40 ; 0 ; 72 ; 0 ; 136
12 ; 0 ; 14 ; 0 ; 26 ; 0 ; 50 ; 0 ; 98 ; 0 ; 194 ; 0 ; 386
12 ; 0 ; 16 ; 0 ; 32 ; 0 ; 64 ; 0 ; 128 ; 0 ; 256 ; 0 ; 512
12 ; 0 ; 14 ; 0 ; 26 ; 0 ; 50 ; 0 ; 98 ; 0 ; 194 ; 0 ; 386
12 ; 0 ; 10 ; 0 ; 14 ; 0 ; 22 ; 0 ; 38 ; 0 ; 70 ; 0 ; 134
12 ; 0 ; 12 ; 0 ; 20 ; 0 ; 36 ; 0 ; 68 ; 0 ; 132 ; 0 ; 260
12 ; 0 ; 12 ; 0 ; 16 ; 0 ; 24 ; 0 ; 40 ; 0 ; 72 ; 0 ; 136
12 ; 0 ; 10 ; 0 ; 14 ; 0 ; 22 ; 0 ; 38 ; 0 ; 70 ; 0 ; 134
12 ; 0 ; 12 ; 0 ; 20 ; 0 ; 36 ; 0 ; 68 ; 0 ; 132 ; 0 ; 260
12 ; 0 ; 10 ; 0 ; 14 ; 0 ; 22 ; 0 ; 38 ; 0 ; 70 ; 0 ; 134
12 ; 0 ; 12 ; 0 ; 20 ; 0 ; 36 ; 0 ; 68 ; 0 ; 132 ; 0 ; 260
12 ; 0 ; 10 ; 0 ; 14 ; 0 ; 22 ; 0 ; 38 ; 0 ; 70 ; 0 ; 134
12 ; 0 ; 10 ; 0 ; 14 ; 0 ; 22 ; 0 ; 38 ; 0 ; 70 ; 0 ; 134
12 ; 0 ; 8 ; 0 ; 12 ; 0 ; 20 ; 0 ; 36 ; 0 ; 68 ; 0 ; 132
12 ; 0 ; 10 ; 0 ; 18 ; 0 ; 34 ; 0 ; 66 ; 0 ; 130 ; 0 ; 258
12 ; 0 ; 10 ; 0 ; 18 ; 0 ; 34 ; 0 ; 66 ; 0 ; 130 ; 0 ; 258
12 ; 0 ; 10 ; 0 ; 18 ; 0 ; 34 ; 0 ; 66 ; 0 ; 130 ; 0 ; 258
12 ; 0 ; 12 ; 0 ; 20 ; 0 ; 36 ; 0 ; 68 ; 0 ; 132 ; 0 ; 260
12 ; 0 ; 12 ; 0 ; 20 ; 0 ; 36 ; 0 ; 68 ; 0 ; 132 ; 0 ; 260
12 ; 0 ; 12 ; 0 ; 16 ; 0 ; 24 ; 0 ; 40 ; 0 ; 72 ; 0 ; 136
12 ; 0 ; 12 ; 0 ; 20 ; 0 ; 36 ; 0 ; 68 ; 0 ; 132 ; 0 ; 260
12 ; 0 ; 12 ; 0 ; 24 ; 0 ; 48 ; 0 ; 96 ; 0 ; 192 ; 0 ; 384
12 ; 0 ; 12 ; 0 ; 20 ; 0 ; 36 ; 0 ; 68 ; 0 ; 132 ; 0 ; 260
12 ; 0 ; 14 ; 0 ; 26 ; 0 ; 50 ; 0 ; 98 ; 0 ; 194 ; 0 ; 386
12 ; 0 ; 14 ; 0 ; 22 ; 0 ; 38 ; 0 ; 70 ; 0 ; 134 ; 0 ; 262
12 ; 0 ; 16 ; 0 ; 32 ; 0 ; 64 ; 0 ; 128 ; 0 ; 256 ; 0 ; 512
12 ; 0 ; 14 ; 0 ; 22 ; 0 ; 38 ; 0 ; 70 ; 0 ; 134 ; 0 ; 262
12 ; 0 ; 12 ; 0 ; 16 ; 0 ; 24 ; 0 ; 40 ; 0 ; 72 ; 0 ; 136
12 ; 0 ; 14 ; 0 ; 22 ; 0 ; 38 ; 0 ; 70 ; 0 ; 134 ; 0 ; 262
12 ; 0 ; 10 ; 0 ; 14 ; 0 ; 22 ; 0 ; 38 ; 0 ; 70 ; 0 ; 134
12 ; 0 ; 12 ; 0 ; 16 ; 0 ; 24 ; 0 ; 40 ; 0 ; 72 ; 0 ; 136
12 ; 0 ; 14 ; 0 ; 26 ; 0 ; 50 ; 0 ; 98 ; 0 ; 194 ; 0 ; 386
12 ; 0 ; 12 ; 0 ; 16 ; 0 ; 24 ; 0 ; 40 ; 0 ; 72 ; 0 ; 136
12 ; 0 ; 12 ; 0 ; 16 ; 0 ; 24 ; 0 ; 40 ; 0 ; 72 ; 0 ; 136
12 ; 0 ; 10 ; 0 ; 14 ; 0 ; 22 ; 0 ; 38 ; 0 ; 70 ; 0 ; 134
12 ; 0 ; 8 ; 0 ; 12 ; 0 ; 20 ; 0 ; 36 ; 0 ; 68 ; 0 ; 132
12 ; 0 ; 12 ; 0 ; 20 ; 0 ; 36 ; 0 ; 68 ; 0 ; 132 ; 0 ; 260
12 ; 0 ; 10 ; 0 ; 14 ; 0 ; 22 ; 0 ; 38 ; 0 ; 70 ; 0 ; 134
12 ; 0 ; 12 ; 0 ; 20 ; 0 ; 36 ; 0 ; 68 ; 0 ; 132 ; 0 ; 260
12 ; 0 ; 12 ; 0 ; 20 ; 0 ; 36 ; 0 ; 68 ; 0 ; 132 ; 0 ; 260
12 ; 0 ; 12 ; 0 ; 16 ; 0 ; 24 ; 0 ; 40 ; 0 ; 72 ; 0 ; 136
12 ; 0 ; 12 ; 0 ; 20 ; 0 ; 36 ; 0 ; 68 ; 0 ; 132 ; 0 ; 260
12 ; 0 ; 14 ; 0 ; 26 ; 0 ; 50 ; 0 ; 98 ; 0 ; 194 ; 0 ; 386
12 ; 0 ; 16 ; 0 ; 32 ; 0 ; 64 ; 0 ; 128 ; 0 ; 256 ; 0 ; 512
12 ; 0 ; 12 ; 0 ; 20 ; 0 ; 36 ; 0 ; 68 ; 0 ; 132 ; 0 ; 260
12 ; 0 ; 14 ; 0 ; 26 ; 0 ; 50 ; 0 ; 98 ; 0 ; 194 ; 0 ; 386
12 ; 0 ; 12 ; 0 ; 20 ; 0 ; 36 ; 0 ; 68 ; 0 ; 132 ; 0 ; 260
12 ; 0 ; 14 ; 0 ; 22 ; 0 ; 38 ; 0 ; 70 ; 0 ; 134 ; 0 ; 262
12 ; 0 ; 12 ; 0 ; 20 ; 0 ; 36 ; 0 ; 68 ; 0 ; 132 ; 0 ; 260
12 ; 0 ; 12 ; 0 ; 20 ; 0 ; 36 ; 0 ; 68 ; 0 ; 132 ; 0 ; 260
12 ; 0 ; 12 ; 0 ; 16 ; 0 ; 24 ; 0 ; 40 ; 0 ; 72 ; 0 ; 136
12 ; 0 ; 12 ; 0 ; 16 ; 0 ; 24 ; 0 ; 40 ; 0 ; 72 ; 0 ; 136
12 ; 0 ; 10 ; 0 ; 14 ; 0 ; 22 ; 0 ; 38 ; 0 ; 70 ; 0 ; 134
12 ; 0 ; 12 ; 0 ; 16 ; 0 ; 24 ; 0 ; 40 ; 0 ; 72 ; 0 ; 136
12 ; 0 ; 16 ; 0 ; 32 ; 0 ; 64 ; 0 ; 128 ; 0 ; 256 ; 0 ; 512
12 ; 0 ; 10 ; 0 ; 14 ; 0 ; 22 ; 0 ; 38 ; 0 ; 70 ; 0 ; 134
12 ; 0 ; 10 ; 0 ; 14 ; 0 ; 22 ; 0 ; 38 ; 0 ; 70 ; 0 ; 134
12 ; 0 ; 12 ; 0 ; 16 ; 0 ; 24 ; 0 ; 40 ; 0 ; 72 ; 0 ; 136
12 ; 0 ; 12 ; 0 ; 16 ; 0 ; 24 ; 0 ; 40 ; 0 ; 72 ; 0 ; 136
12 ; 0 ; 14 ; 0 ; 26 ; 0 ; 50 ; 0 ; 98 ; 0 ; 194 ; 0 ; 386
12 ; 0 ; 12 ; 0 ; 20 ; 0 ; 36 ; 0 ; 68 ; 0 ; 132 ; 0 ; 260
12 ; 0 ; 12 ; 0 ; 16 ; 0 ; 24 ; 0 ; 40 ; 0 ; 72 ; 0 ; 136
12 ; 0 ; 12 ; 0 ; 20 ; 0 ; 36 ; 0 ; 68 ; 0 ; 132 ; 0 ; 260
12 ; 0 ; 14 ; 0 ; 26 ; 0 ; 50 ; 0 ; 98 ; 0 ; 194 ; 0 ; 386
12 ; 0 ; 16 ; 0 ; 32 ; 0 ; 64 ; 0 ; 128 ; 0 ; 256 ; 0 ; 512
12 ; 0 ; 16 ; 0 ; 32 ; 0 ; 64 ; 0 ; 128 ; 0 ; 256 ; 0 ; 512
12 ; 0 ; 14 ; 0 ; 22 ; 0 ; 38 ; 0 ; 70 ; 0 ; 134 ; 0 ; 262
12 ; 0 ; 14 ; 0 ; 26 ; 0 ; 50 ; 0 ; 98 ; 0 ; 194 ; 0 ; 386
12 ; 0 ; 12 ; 0 ; 20 ; 0 ; 36 ; 0 ; 68 ; 0 ; 132 ; 0 ; 260
12 ; 0 ; 12 ; 0 ; 16 ; 0 ; 24 ; 0 ; 40 ; 0 ; 72 ; 0 ; 136
12 ; 0 ; 12 ; 0 ; 20 ; 0 ; 36 ; 0 ; 68 ; 0 ; 132 ; 0 ; 260
12 ; 0 ; 12 ; 0 ; 16 ; 0 ; 24 ; 0 ; 40 ; 0 ; 72 ; 0 ; 136
12 ; 0 ; 10 ; 0 ; 14 ; 0 ; 22 ; 0 ; 38 ; 0 ; 70 ; 0 ; 134
12 ; 0 ; 14 ; 0 ; 22 ; 0 ; 38 ; 0 ; 70 ; 0 ; 134 ; 0 ; 262
12 ; 0 ; 10 ; 0 ; 14 ; 0 ; 22 ; 0 ; 38 ; 0 ; 70 ; 0 ; 134
12 ; 0 ; 12 ; 0 ; 16 ; 0 ; 24 ; 0 ; 40 ; 0 ; 72 ; 0 ; 136
12 ; 0 ; 12 ; 0 ; 16 ; 0 ; 24 ; 0 ; 40 ; 0 ; 72 ; 0 ; 136
12 ; 0 ; 12 ; 0 ; 16 ; 0 ; 24 ; 0 ; 40 ; 0 ; 72 ; 0 ; 136
12 ; 0 ; 10 ; 0 ; 14 ; 0 ; 22 ; 0 ; 38 ; 0 ; 70 ; 0 ; 134
12 ; 0 ; 12 ; 0 ; 16 ; 0 ; 24 ; 0 ; 40 ; 0 ; 72 ; 0 ; 136
12 ; 0 ; 12 ; 0 ; 16 ; 0 ; 24 ; 0 ; 40 ; 0 ; 72 ; 0 ; 136
12 ; 0 ; 14 ; 0 ; 22 ; 0 ; 38 ; 0 ; 70 ; 0 ; 134 ; 0 ; 262
12 ; 0 ; 12 ; 0 ; 16 ; 0 ; 24 ; 0 ; 40 ; 0 ; 72 ; 0 ; 136
12 ; 0 ; 12 ; 0 ; 16 ; 0 ; 24 ; 0 ; 40 ; 0 ; 72 ; 0 ; 136
12 ; 0 ; 12 ; 0 ; 16 ; 0 ; 24 ; 0 ; 40 ; 0 ; 72 ; 0 ; 136
12 ; 0 ; 12 ; 0 ; 20 ; 0 ; 36 ; 0 ; 68 ; 0 ; 132 ; 0 ; 260
12 ; 0 ; 10 ; 0 ; 14 ; 0 ; 22 ; 0 ; 38 ; 0 ; 70 ; 0 ; 134
12 ; 0 ; 10 ; 0 ; 14 ; 0 ; 22 ; 0 ; 38 ; 0 ; 70 ; 0 ; 134
12 ; 0 ; 12 ; 0 ; 20 ; 0 ; 36 ; 0 ; 68 ; 0 ; 132 ; 0 ; 260
12 ; 0 ; 14 ; 0 ; 22 ; 0 ; 38 ; 0 ; 70 ; 0 ; 134 ; 0 ; 262
12 ; 0 ; 12 ; 0 ; 20 ; 0 ; 36 ; 0 ; 68 ; 0 ; 132 ; 0 ; 260
12 ; 0 ; 12 ; 0 ; 16 ; 0 ; 24 ; 0 ; 40 ; 0 ; 72 ; 0 ; 136
12 ; 0 ; 12 ; 0 ; 20 ; 0 ; 36 ; 0 ; 68 ; 0 ; 132 ; 0 ; 260
12 ; 0 ; 16 ; 0 ; 32 ; 0 ; 64 ; 0 ; 128 ; 0 ; 256 ; 0 ; 512
12 ; 0 ; 14 ; 0 ; 26 ; 0 ; 50 ; 0 ; 98 ; 0 ; 194 ; 0 ; 386
12 ; 0 ; 12 ; 0 ; 20 ; 0 ; 36 ; 0 ; 68 ; 0 ; 132 ; 0 ; 260
12 ; 0 ; 12 ; 0 ; 20 ; 0 ; 36 ; 0 ; 68 ; 0 ; 132 ; 0 ; 260
12 ; 0 ; 12 ; 0 ; 16 ; 0 ; 24 ; 0 ; 40 ; 0 ; 72 ; 0 ; 136
12 ; 0 ; 12 ; 0 ; 20 ; 0 ; 36 ; 0 ; 68 ; 0 ; 132 ; 0 ; 260
12 ; 0 ; 12 ; 0 ; 20 ; 0 ; 36 ; 0 ; 68 ; 0 ; 132 ; 0 ; 260
12 ; 0 ; 10 ; 0 ; 14 ; 0 ; 22 ; 0 ; 38 ; 0 ; 70 ; 0 ; 134
12 ; 0 ; 10 ; 0 ; 14 ; 0 ; 22 ; 0 ; 38 ; 0 ; 70 ; 0 ; 134
12 ; 0 ; 12 ; 0 ; 20 ; 0 ; 36 ; 0 ; 68 ; 0 ; 132 ; 0 ; 260
12 ; 0 ; 12 ; 0 ; 16 ; 0 ; 24 ; 0 ; 40 ; 0 ; 72 ; 0 ; 136
12 ; 0 ; 12 ; 0 ; 20 ; 0 ; 36 ; 0 ; 68 ; 0 ; 132 ; 0 ; 260
12 ; 0 ; 12 ; 0 ; 20 ; 0 ; 36 ; 0 ; 68 ; 0 ; 132 ; 0 ; 260
12 ; 0 ; 12 ; 0 ; 20 ; 0 ; 36 ; 0 ; 68 ; 0 ; 132 ; 0 ; 260
12 ; 0 ; 12 ; 0 ; 20 ; 0 ; 36 ; 0 ; 68 ; 0 ; 132 ; 0 ; 260
12 ; 0 ; 12 ; 0 ; 16 ; 0 ; 24 ; 0 ; 40 ; 0 ; 72 ; 0 ; 136
12 ; 0 ; 10 ; 0 ; 14 ; 0 ; 22 ; 0 ; 38 ; 0 ; 70 ; 0 ; 134
12 ; 0 ; 10 ; 0 ; 14 ; 0 ; 22 ; 0 ; 38 ; 0 ; 70 ; 0 ; 134
12 ; 0 ; 12 ; 0 ; 20 ; 0 ; 36 ; 0 ; 68 ; 0 ; 132 ; 0 ; 260
12 ; 0 ; 12 ; 0 ; 20 ; 0 ; 36 ; 0 ; 68 ; 0 ; 132 ; 0 ; 260
12 ; 0 ; 12 ; 0 ; 20 ; 0 ; 36 ; 0 ; 68 ; 0 ; 132 ; 0 ; 260
12 ; 0 ; 12 ; 0 ; 16 ; 0 ; 24 ; 0 ; 40 ; 0 ; 72 ; 0 ; 136
12 ; 0 ; 12 ; 0 ; 20 ; 0 ; 36 ; 0 ; 68 ; 0 ; 132 ; 0 ; 260
12 ; 0 ; 12 ; 0 ; 20 ; 0 ; 36 ; 0 ; 68 ; 0 ; 132 ; 0 ; 260
12 ; 0 ; 12 ; 0 ; 16 ; 0 ; 24 ; 0 ; 40 ; 0 ; 72 ; 0 ; 136
12 ; 0 ; 12 ; 0 ; 20 ; 0 ; 36 ; 0 ; 68 ; 0 ; 132 ; 0 ; 260
12 ; 0 ; 10 ; 0 ; 14 ; 0 ; 22 ; 0 ; 38 ; 0 ; 70 ; 0 ; 134
12 ; 0 ; 10 ; 0 ; 14 ; 0 ; 22 ; 0 ; 38 ; 0 ; 70 ; 0 ; 134
12 ; 0 ; 8 ; 0 ; 12 ; 0 ; 20 ; 0 ; 36 ; 0 ; 68 ; 0 ; 132
12 ; 0 ; 10 ; 0 ; 14 ; 0 ; 22 ; 0 ; 38 ; 0 ; 70 ; 0 ; 134
12 ; 0 ; 12 ; 0 ; 24 ; 0 ; 48 ; 0 ; 96 ; 0 ; 192 ; 0 ; 384
12 ; 0 ; 10 ; 0 ; 14 ; 0 ; 22 ; 0 ; 38 ; 0 ; 70 ; 0 ; 134
12 ; 0 ; 10 ; 0 ; 14 ; 0 ; 22 ; 0 ; 38 ; 0 ; 70 ; 0 ; 134
12 ; 0 ; 12 ; 0 ; 16 ; 0 ; 24 ; 0 ; 40 ; 0 ; 72 ; 0 ; 136
12 ; 0 ; 12 ; 0 ; 16 ; 0 ; 24 ; 0 ; 40 ; 0 ; 72 ; 0 ; 136
12 ; 0 ; 14 ; 0 ; 22 ; 0 ; 38 ; 0 ; 70 ; 0 ; 134 ; 0 ; 262
12 ; 0 ; 10 ; 0 ; 14 ; 0 ; 22 ; 0 ; 38 ; 0 ; 70 ; 0 ; 134
12 ; 0 ; 8 ; 0 ; 12 ; 0 ; 20 ; 0 ; 36 ; 0 ; 68 ; 0 ; 132
12 ; 0 ; 12 ; 0 ; 20 ; 0 ; 36 ; 0 ; 68 ; 0 ; 132 ; 0 ; 260
12 ; 0 ; 12 ; 0 ; 16 ; 0 ; 24 ; 0 ; 40 ; 0 ; 72 ; 0 ; 136
12 ; 0 ; 12 ; 0 ; 16 ; 0 ; 24 ; 0 ; 40 ; 0 ; 72 ; 0 ; 136
12 ; 0 ; 12 ; 0 ; 24 ; 0 ; 48 ; 0 ; 96 ; 0 ; 192 ; 0 ; 384
12 ; 0 ; 12 ; 0 ; 16 ; 0 ; 24 ; 0 ; 40 ; 0 ; 72 ; 0 ; 136
12 ; 0 ; 12 ; 0 ; 16 ; 0 ; 24 ; 0 ; 40 ; 0 ; 72 ; 0 ; 136
12 ; 0 ; 14 ; 0 ; 22 ; 0 ; 38 ; 0 ; 70 ; 0 ; 134 ; 0 ; 262
12 ; 0 ; 14 ; 0 ; 22 ; 0 ; 38 ; 0 ; 70 ; 0 ; 134 ; 0 ; 262
12 ; 0 ; 12 ; 0 ; 20 ; 0 ; 36 ; 0 ; 68 ; 0 ; 132 ; 0 ; 260
12 ; 0 ; 14 ; 6 ; 30 ; 30 ; 86 ; 126 ; 294 ; 510 ; 1094 ; 2046 ; 4230
12 ; 0 ; 14 ; 6 ; 30 ; 30 ; 86 ; 126 ; 294 ; 510 ; 1094 ; 2046 ; 4230
12 ; 0 ; 14 ; 6 ; 30 ; 30 ; 86 ; 126 ; 294 ; 510 ; 1094 ; 2046 ; 4230
12 ; 0 ; 22 ; 24 ; 86 ; 160 ; 430 ; 952 ; 2406 ; 5712 ; 14302 ; 35112 ; 88214
12 ; 0 ; 12 ; 0 ; 12 ; 0 ; 12 ; 0 ; 12 ; 0 ; 12 ; 0 ; 12
12 ; 0 ; 10 ; 0 ; 10 ; 0 ; 10 ; 0 ; 10 ; 0 ; 10 ; 0 ; 10
12 ; 0 ; 10 ; 0 ; 10 ; 0 ; 10 ; 0 ; 10 ; 0 ; 10 ; 0 ; 10
12 ; 0 ; 10 ; 0 ; 10 ; 0 ; 10 ; 0 ; 10 ; 0 ; 10 ; 0 ; 10
12 ; 0 ; 10 ; 0 ; 10 ; 0 ; 10 ; 0 ; 10 ; 0 ; 10 ; 0 ; 10
12 ; 0 ; 10 ; 0 ; 10 ; 0 ; 10 ; 0 ; 10 ; 0 ; 10 ; 0 ; 10
12 ; 0 ; 10 ; 0 ; 10 ; 0 ; 10 ; 0 ; 10 ; 0 ; 10 ; 0 ; 10
12 ; 0 ; 10 ; 0 ; 10 ; 0 ; 10 ; 0 ; 10 ; 0 ; 10 ; 0 ; 10
12 ; 0 ; 10 ; 0 ; 10 ; 0 ; 10 ; 0 ; 10 ; 0 ; 10 ; 0 ; 10
12 ; 0 ; 8 ; 0 ; 8 ; 0 ; 8 ; 0 ; 8 ; 0 ; 8 ; 0 ; 8
12 ; 0 ; 12 ; 0 ; 12 ; 0 ; 12 ; 0 ; 12 ; 0 ; 12 ; 0 ; 12
12 ; 0 ; 12 ; 0 ; 12 ; 0 ; 12 ; 0 ; 12 ; 0 ; 12 ; 0 ; 12
12 ; 0 ; 12 ; 0 ; 12 ; 0 ; 12 ; 0 ; 12 ; 0 ; 12 ; 0 ; 12
12 ; 0 ; 12 ; 0 ; 12 ; 0 ; 12 ; 0 ; 12 ; 0 ; 12 ; 0 ; 12
12 ; 0 ; 10 ; 0 ; 10 ; 0 ; 10 ; 0 ; 10 ; 0 ; 10 ; 0 ; 10
12 ; 0 ; 8 ; 0 ; 8 ; 0 ; 8 ; 0 ; 8 ; 0 ; 8 ; 0 ; 8
12 ; 0 ; 10 ; 0 ; 10 ; 0 ; 10 ; 0 ; 10 ; 0 ; 10 ; 0 ; 10
12 ; 0 ; 10 ; 0 ; 10 ; 0 ; 10 ; 0 ; 10 ; 0 ; 10 ; 0 ; 10
12 ; 0 ; 6 ; 0 ; 6 ; 0 ; 6 ; 0 ; 6 ; 0 ; 6 ; 0 ; 6
12 ; 0 ; 8 ; 0 ; 8 ; 0 ; 8 ; 0 ; 8 ; 0 ; 8 ; 0 ; 8
12 ; 0 ; 10 ; 0 ; 10 ; 0 ; 10 ; 0 ; 10 ; 0 ; 10 ; 0 ; 10
12 ; 0 ; 10 ; 0 ; 10 ; 0 ; 10 ; 0 ; 10 ; 0 ; 10 ; 0 ; 10
12 ; 0 ; 12 ; 0 ; 12 ; 0 ; 12 ; 0 ; 12 ; 0 ; 12 ; 0 ; 12
12 ; 0 ; 10 ; 0 ; 10 ; 0 ; 10 ; 0 ; 10 ; 0 ; 10 ; 0 ; 10
12 ; 0 ; 10 ; 0 ; 10 ; 0 ; 10 ; 0 ; 10 ; 0 ; 10 ; 0 ; 10
12 ; 0 ; 8 ; 0 ; 8 ; 0 ; 8 ; 0 ; 8 ; 0 ; 8 ; 0 ; 8
12 ; 0 ; 8 ; 0 ; 8 ; 0 ; 8 ; 0 ; 8 ; 0 ; 8 ; 0 ; 8
12 ; 0 ; 10 ; 0 ; 10 ; 0 ; 10 ; 0 ; 10 ; 0 ; 10 ; 0 ; 10
12 ; 0 ; 8 ; 0 ; 8 ; 0 ; 8 ; 0 ; 8 ; 0 ; 8 ; 0 ; 8
12 ; 0 ; 8 ; 0 ; 8 ; 0 ; 8 ; 0 ; 8 ; 0 ; 8 ; 0 ; 8
12 ; 0 ; 10 ; 0 ; 10 ; 0 ; 10 ; 0 ; 10 ; 0 ; 10 ; 0 ; 10
12 ; 0 ; 10 ; 0 ; 10 ; 0 ; 10 ; 0 ; 10 ; 0 ; 10 ; 0 ; 10
12 ; 0 ; 6 ; 0 ; 6 ; 0 ; 6 ; 0 ; 6 ; 0 ; 6 ; 0 ; 6
12 ; 0 ; 6 ; 0 ; 6 ; 0 ; 6 ; 0 ; 6 ; 0 ; 6 ; 0 ; 6
12 ; 0 ; 8 ; 0 ; 8 ; 0 ; 8 ; 0 ; 8 ; 0 ; 8 ; 0 ; 8
12 ; 0 ; 8 ; 0 ; 8 ; 0 ; 8 ; 0 ; 8 ; 0 ; 8 ; 0 ; 8
12 ; 0 ; 8 ; 0 ; 8 ; 0 ; 8 ; 0 ; 8 ; 0 ; 8 ; 0 ; 8
12 ; 0 ; 8 ; 0 ; 8 ; 0 ; 8 ; 0 ; 8 ; 0 ; 8 ; 0 ; 8
12 ; 0 ; 4 ; 0 ; 4 ; 0 ; 4 ; 0 ; 4 ; 0 ; 4 ; 0 ; 4
12 ; 0 ; 8 ; 0 ; 8 ; 0 ; 8 ; 0 ; 8 ; 0 ; 8 ; 0 ; 8
12 ; 0 ; 12 ; 0 ; 12 ; 0 ; 12 ; 0 ; 12 ; 0 ; 12 ; 0 ; 12
12 ; 0 ; 0 ; 0 ; 0 ; 0 ; 0 ; 0 ; 0 ; 0 ; 0 ; 0 ; 0
