366.736169
366.736887
366.773745
366.669808
366.668717
366.773135
366.667631
366.703575
366.705168
366.809180
366.770531
366.771872
366.880698
366.844699
366.878960
366.736833
366.879745
366.736837
366.770568
366.845483
366.671619
366.704033
366.771512
366.841413
366.738386
366.807125
366.772890
366.769223
366.735186
366.809704
366.701933
366.737529
366.771076
366.737348
366.770388
366.703808
366.844367
366.737055
366.770879
366.807924
366.668700
366.667630
366.701758
366.739737
366.738348
366.847929
366.884503
366.812568
366.775108
366.774321
366.775806
366.886383
366.851280
366.889001
366.736258
366.737131
366.735451
366.702702
366.851477
366.775673
366.812649
366.808775
366.808765
366.847948
366.812610
366.777494
366.847716
366.852005
366.843709
366.915970
366.810221
366.843235
366.810222
366.995294
366.845585
366.881344
366.845886
366.810172
366.810471
366.882272
366.882271
366.808061
366.810483
366.883729
366.850353
366.811902
366.810574
366.881858
366.735159
366.807691
366.737090
366.702712
366.881947
366.886552
366.844482
366.809735
366.886594
366.809722
366.844094
366.844869
366.737863
366.772118
366.808596
366.809404
366.844454
366.810130
366.810092
366.805884
366.772657
366.773999
366.880727
366.880741
366.957179
366.810170
366.880822
366.772919
366.807858
366.917621
366.807352
366.774343
366.773545
366.770313
366.771058
366.738347
366.846939
366.739459
366.738974
366.774147
366.739466
366.775408
366.808899
366.808651
366.806444
366.775123
366.808377
366.848797
366.738552
366.845870
366.812849
366.889040
366.889343
366.847816
366.847737
366.888276
366.887320
366.923761
366.926411
366.923279
366.926723
366.963736
367.012253
366.850769
366.810485
366.774600
366.809102
366.847194
366.770332
366.808771
366.847035
366.771634
366.840589
366.843031
366.877650
366.808551
366.805331
366.876795
366.805178
366.771699
366.805981
366.738439
366.772442
366.805842
366.843825
366.878167
366.805637
366.807799
366.807785
366.805141
366.804150
366.804393
366.770613
366.804422
366.737365
366.771368
366.877909
366.809591
366.916508
366.806440
366.807768
366.805114
366.809097
366.805438
366.804930
366.771679
366.771174
366.808229
366.877910
366.739808
366.702730
366.774616
366.809369
366.741066
366.808838
366.736274
366.702999
366.775874
366.809833
366.737382
366.737562
366.880316
366.880624
366.736856
366.737349
366.916498
366.773564
366.770640
366.738153
366.774057
366.772392
366.888667
366.844107
366.846052
366.888681
366.846632
366.737152
366.735390
366.735189
366.701452
366.808072
366.738894
366.702205
366.809020
366.879487
366.881377
366.736837
366.737329
366.851762
366.848941
366.879376
366.917086
366.882312
366.808525
366.774268
366.773778
366.848195
366.738958
366.846008
366.813154
366.812641
366.809297
366.916485
366.843134
366.843601
366.738363
366.808581
366.739640
366.808590
366.951801
366.950634
366.916391
366.875791
366.842816
366.841760
366.805586
366.771598
366.841325
366.772391
366.804363
366.805144
366.771146
366.841337
366.844336
366.842677
366.845933
366.806173
366.772398
366.881747
366.805899
366.808856
366.770815
366.805352
366.771592
366.737915
366.807337
366.736653
366.841818
366.770025
366.773440
366.841845
366.772167
366.841833
366.843690
366.807249
366.772096
366.739665
366.808576
366.738100
366.808582
366.842285
366.809590
366.738356
366.842398
366.771649
366.769721
366.882407
366.881614
366.882491
366.771880
366.774239
366.772950
366.772959
366.845681
366.847041
366.955339
366.956475
366.989889
366.844383
366.843887
366.993225
366.846732
366.773908
366.773128
366.807420
366.841717
366.841678
366.919626
366.920469
366.775066
366.843485
366.811554
366.878406
366.879632
366.844037
366.843731
366.844554
366.877627
366.843735
366.843441
366.881133
366.809863
366.880198
366.809639
366.701951
366.772683
366.806991
366.702245
366.844939
366.880582
366.737124
366.770889
366.844470
366.770064
366.771383
366.879849
366.878452
366.769346
366.770307
366.771655
366.852938
366.772872
366.775350
366.844885
366.850623
366.777813
366.812764
366.774748
366.773761
366.848880
366.849665
366.845438
366.810631
366.879232
366.916788
366.880502
366.915786
366.884634
366.770393
366.770397
366.845593
366.703609
366.705191
366.736849
366.771099
366.771090
366.809003
366.807430
366.844988
366.770591
366.844988
366.879797
366.843629
366.811424
366.811332
366.844468
366.741666
366.843045
366.844379
366.950876
366.954165
366.808845
366.808218
366.880129
366.845541
366.879494
366.880650
366.809588
366.809105
366.737500
366.955162
366.845886
366.809966
366.809364
366.703759
366.741089
366.885239
366.808875
366.808894
366.846811
366.847604
366.919701
366.923187
366.842871
366.920226
366.841865
366.699863
366.700160
367.013338
366.776509
366.813198
366.844773
366.733565
366.884368
366.702245
366.736983
366.807831
366.773493
366.703831
366.736015
366.736777
366.702565
366.773793
366.808607
366.883266
366.880939
366.774294
366.845496
366.880257
366.844515
366.886603
366.846179
366.811513
366.916824
366.811508
366.776679
366.771472
366.737630
366.770577
366.774144
366.804241
366.810237
367.137895
366.775579
366.808980
366.811193
366.850201
366.810386
366.814690
366.742291
366.811021
366.773961
366.811055
366.736771
367.137982
367.138363
367.032033
367.084977
367.032040
367.085473
367.174445
366.880273
366.846491
366.890028
366.810877
366.882466
366.850265
366.845207
366.924019
366.844453
366.884252
366.808055
366.878329
366.808566
366.878345
366.843548
366.808538
366.843014
366.843060
366.849932
367.139035
367.174339
366.882835
366.775992
366.846019
366.956878
366.887979
366.776894
366.808154
366.842956
366.809382
366.776057
366.773449
366.772412
366.777131
366.844634
366.882155
366.915825
366.846328
366.958304
366.848195
366.882150
366.883639
366.923417
366.845540
366.957508
366.847403
366.805981
366.811288
366.845425
366.806099
366.844610
366.810084
366.844524
366.921566
366.847191
366.848037
366.881355
366.846161
366.923675
366.967166
366.925282
366.844511
366.880976
366.846194
366.736761
366.737249
366.770011
366.770801
366.770124
366.960273
366.925026
366.887706
367.013261
366.808518
366.808952
366.880078
366.772197
366.772176
366.808613
366.876978
366.914468
366.843373
366.843544
366.808994
366.808010
366.805886
366.804082
366.842905
366.772708
366.772215
366.808247
366.772387
366.771910
366.737377
366.808656
366.808131
366.808134
366.850836
366.846735
366.844714
366.883848
366.773752
366.884479
366.852114
366.883342
366.775673
366.845732
366.808290
366.808325
366.771897
366.808309
366.808789
366.772380
366.774142
366.809041
366.808049
366.880100
366.807985
366.845223
366.847036
366.810752
366.773482
366.772989
366.809470
366.736313
366.735678
366.736203
366.701959
366.849765
366.849406
366.919544
366.921412
366.920860
366.772662
366.806846
366.881798
366.812949
366.810678
366.809673
366.810151
366.852754
366.808481
366.807638
366.811051
366.775276
366.885848
366.844282
366.887171
366.808846
366.885831
366.850896
366.849054
366.849796
366.845734
366.847443
366.846400
366.738913
366.810790
366.810220
366.809410
366.772208
366.878765
366.880945
366.772002
366.846669
366.845734
366.847442
366.772514
366.955132
366.807988
366.772387
366.771924
366.700959
366.808249
366.922859
366.884820
366.774272
366.739145
366.738669
366.891442
366.968595
366.884781
366.884145
366.889525
366.775438
366.846039
366.846815
366.739217
366.808766
366.771522
366.774015
366.736496
366.847641
366.808614
366.775064
366.881367
366.809116
366.735194
366.777542
366.776426
366.847956
366.847935
366.916358
366.919593
366.845607
366.737611
366.846672
366.809885
366.845225
366.885983
366.775377
366.807928
366.808469
366.772107
366.772974
366.845527
366.843822
366.772379
366.772364
366.812421
366.741242
366.846871
366.846576
366.739503
366.812206
366.928805
366.887106
366.927555
366.848807
366.921320
366.883923
366.887299
366.884430
366.884712
366.887440
366.925872
366.922538
366.777582
366.776628
366.704287
366.671373
366.703518
366.669818
366.741301
366.774983
366.847274
366.811681
366.849797
366.701960
366.846652
366.775849
366.881390
366.922674
366.965262
366.775368
366.809287
366.741115
366.844670
366.883808
366.845578
366.772162
366.845862
366.810426
366.811302
366.880275
366.806234
366.885731
366.888983
366.888487
366.811959
366.813436
366.924334
366.923859
366.884397
366.849596
366.924013
366.924769
366.810958
366.918243
366.883299
366.921946
366.964098
366.964382
366.882814
366.921453
366.847191
366.964695
366.845681
366.922647
366.923416
366.881196
366.847291
366.922964
366.844118
366.922493
366.927206
366.960161
366.959894
366.927504
366.959665
366.959405
367.000366
366.735032
366.768512
366.769320
366.806461
366.736329
366.735340
366.805964
366.846188
366.810823
366.811344
366.811657
366.845089
366.844267
366.958444
366.807259
366.808060
366.807578
366.879652
366.812984
366.879770
366.811862
366.880434
366.884960
366.847601
366.735230
366.850062
366.810254
366.922741
366.811105
367.011870
366.848327
366.849009
366.884526
366.810023
366.703384
366.703402
366.808503
366.806559
366.770731
366.773243
366.772409
367.002224
367.085512
366.809880
366.811170
366.807749
366.921153
366.810060
366.810306
366.809218
366.922005
366.810911
366.807777
366.878795
366.923029
366.811160
366.811682
367.034436
366.808602
366.809079
366.737354
366.770265
366.769979
366.770569
366.736518
366.769070
366.736040
366.807963
366.700346
366.772137
366.700362
366.771352
366.771061
366.772901
366.733588
367.160098
366.810720
366.774507
366.705706
366.776561
366.804603
366.803794
366.736028
366.845526
366.770083
366.769078
366.807089
366.807628
366.842329
366.843140
366.773448
366.773588
366.847099
366.772675
366.771601
366.844440
366.878972
366.804116
366.769060
366.768757
366.736037
366.736026
366.805929
366.737948
366.807264
366.773505
366.736865
366.703561
366.703549
366.738747
366.737649
366.774498
366.774005
366.772493
366.772810
366.806500
366.841261
366.734999
366.807733
366.773189
366.807815
366.702561
366.808957
366.767944
366.768736
366.846000
366.807941
366.735874
366.807089
366.772118
366.807793
366.885248
366.808884
366.774285
366.849992
366.849943
366.880278
366.849133
366.884737
366.773178
366.772361
366.809812
366.883134
366.809967
366.922725
366.810459
366.920321
366.961246
366.961952
366.885565
366.810196
366.961353
366.885183
366.919274
366.808463
366.772915
366.810708
366.845077
366.805258
366.805246
366.807608
366.841613
366.810517
366.843531
366.840399
366.807422
366.848154
366.844174
366.843372
366.882806
366.806646
366.846188
366.810938
366.886278
366.810559
366.886278
366.880179
366.775328
366.844500
366.771070
366.844795
366.963848
366.807780
366.879513
366.810099
366.844931
366.809064
366.842269
366.844024
366.810904
366.843927
366.848843
366.808781
366.773441
366.811487
366.846609
366.882153
366.845481
366.808730
366.880163
366.880818
366.963726
366.807483
366.808850
366.807177
366.772120
366.808227
366.848050
366.845795
366.811977
366.958840
366.772186
366.769835
366.840017
366.926117
366.926303
366.957851
366.961148
366.773708
366.809068
366.771150
366.844522
366.771180
366.878414
366.848096
366.806914
366.882334
366.922694
366.807609
366.846144
366.736225
366.846066
366.736319
366.769548
366.881507
366.806507
366.806983
366.808584
366.917328
366.841739
366.916532
366.841262
366.769025
366.840462
366.808380
366.736283
366.842343
366.808702
366.806781
366.737892
366.843141
366.736615
366.806826
366.807287
366.809362
366.806282
366.881448
366.807103
366.771694
366.877262
366.919241
366.807265
366.805908
366.808927
366.806425
366.805914
366.809208
366.843583
366.771759
366.956312
366.844603
366.851057
366.809987
366.882864
366.809100
366.809405
366.807723
366.843738
366.841573
366.845354
366.845331
366.879525
366.843049
366.842785
366.844858
366.919640
366.843816
366.808133
366.845921
366.845896
366.772236
366.808625
366.737594
366.886548
366.808975
366.843227
366.808416
366.885233
366.842950
366.886028
366.843267
366.807902
366.807601
366.808082
366.842537
366.770586
366.803854
366.808885
366.877634
366.806182
366.805904
366.808621
366.842949
366.843391
366.845380
366.803830
366.805434
366.919953
366.843539
366.841882
366.843582
366.845653
366.844121
366.879052
366.806352
366.806367
366.808436
366.773849
366.807748
366.807042
366.844183
366.846045
366.922103
366.773138
366.846223
366.808572
366.810163
366.807556
366.773730
366.807483
366.807544
366.773236
366.807774
366.805943
366.807233
366.807715
366.843308
366.736620
366.807999
366.735208
366.807307
366.806935
366.882634
366.924790
366.917932
366.810327
366.881879
366.917027
366.849060
366.927514
366.961423
366.921940
366.958221
366.843677
366.956995
366.990434
366.921178
366.884426
366.884391
366.920568
366.843584
366.843573
366.844079
366.926881
366.967293
366.885166
366.925584
366.884802
366.847643
366.878975
366.879779
366.810504
366.844970
366.916454
366.953056
366.885360
366.885169
366.774848
366.888085
366.881332
366.966031
366.966061
366.849323
366.925791
366.925600
366.851572
366.847489
366.846749
366.845478
366.773309
366.843680
366.772526
366.885203
366.842867
366.842208
366.806394
366.957314
366.806412
366.841436
366.808663
366.850953
366.843896
366.881010
366.879337
366.771654
366.771663
366.844657
366.773160
366.876659
366.877160
366.807291
366.773578
366.843483
366.770632
366.844170
366.804880
366.806724
366.772973
366.810422
366.881329
366.879664
366.772989
366.845532
366.772994
366.737162
366.843289
366.737488
366.770062
366.839900
366.840702
366.916982
366.806833
366.841327
366.917732
366.808364
366.842212
366.884986
366.736344
366.703102
366.842874
366.736627
366.770582
366.737350
366.806438
366.806292
366.770895
366.877919
366.807420
366.770874
366.803915
366.806940
366.808013
366.843141
366.805097
366.770862
366.808257
366.880700
366.879034
366.807785
366.843542
366.772382
366.841192
366.739673
366.737921
366.736169
366.806185
366.843512
366.772122
366.809557
366.806211
366.808553
366.842569
366.845489
366.878978
366.882650
366.808269
366.810903
366.846792
366.846151
366.964808
366.845649
366.879764
366.844748
366.915514
366.877733
366.949366
366.844440
366.917812
366.843496
366.846068
366.878760
366.775624
366.844961
366.877990
366.844032
366.810205
366.809390
366.845479
366.845009
366.919201
366.917095
366.914584
366.809987
366.878878
366.840870
366.841738
366.913108
366.841687
366.806185
366.844037
366.843855
366.805361
366.841724
366.804683
366.806153
366.841213
366.838397
366.838576
366.840205
366.840748
366.879527
366.920822
366.844488
366.806580
366.877168
366.774068
366.840782
366.772071
366.921348
366.808612
366.807816
366.773580
366.807167
366.738562
366.772589
366.806280
366.806798
366.842066
366.841459
366.772761
366.875465
366.807784
366.842256
366.886293
366.845059
366.811222
366.811592
366.812130
366.842197
366.843220
366.847154
366.882926
366.884282
366.884270
366.884004
366.921432
366.880141
366.882158
366.847277
366.773299
366.884076
366.881294
366.848782
366.848663
366.926356
366.967754
366.924759
366.963608
366.969290
366.965268
366.962510
366.808060
366.810672
366.888234
366.887777
366.919560
366.884963
366.850672
366.808907
366.887269
366.887740
366.849063
366.959009
366.888559
366.888088
367.000548
366.998307
366.844930
366.923939
366.889951
366.958855
366.954942
366.845008
366.845291
366.880044
366.916649
366.882432
366.841273
366.843635
366.808663
366.810242
366.771096
366.886503
366.844494
366.844177
366.773771
366.739554
366.842858
366.809988
366.843413
366.877709
366.844259
366.808132
366.845383
366.773244
366.806477
366.844843
366.881448
366.807079
366.774388
366.810840
366.887892
366.810780
366.889947
366.890431
366.845217
366.844424
366.922721
366.922734
366.776080
366.889220
366.809729
366.924244
366.808282
366.842723
366.841937
366.954965
366.845021
366.845305
366.808610
366.846044
366.844235
366.808760
366.843356
366.845311
366.809395
366.843567
366.884052
366.923167
366.922710
366.880846
366.846114
366.879370
366.959018
366.957823
366.957817
366.843194
366.920005
366.773089
366.807282
366.844739
366.809414
366.774931
366.772785
366.806492
366.843989
366.772790
366.884405
366.841614
366.775032
366.884155
366.771681
366.845403
366.880838
366.808738
366.922991
366.921452
366.808733
366.803398
366.804664
366.805411
366.771899
366.808125
366.805439
366.771132
366.803817
366.843235
366.875847
366.842375
366.804620
366.846197
366.809264
366.809281
366.807899
366.885220
366.808119
366.843067
366.846764
366.771168
366.846655
366.880047
366.914839
366.771359
366.805105
366.888355
366.882905
366.882747
366.881477
367.000123
366.880808
366.882259
366.881973
366.882135
366.842405
366.772504
366.738287
366.845979
366.887403
366.811172
366.738879
366.846741
366.843307
366.806529
366.772813
366.805220
366.771997
366.771455
366.805513
366.806016
366.842115
366.807902
366.918754
366.840002
366.844406
366.843924
366.843364
367.031083
366.955796
366.920125
366.878559
366.878250
366.808178
366.772783
366.774444
366.843715
366.886380
366.844018
366.739067
366.740711
366.806260
366.774638
366.920693
366.844935
366.885511
366.737407
366.807101
366.881100
366.880514
366.918747
366.772543
366.807276
366.807416
366.841624
366.878029
366.878003
366.807528
366.843972
366.810518
366.808953
366.922029
366.810341
366.846226
366.774713
366.810596
366.879873
366.843194
366.843429
366.918760
366.806230
366.880832
366.809244
366.774089
366.845304
366.774183
366.807907
366.921423
366.843884
366.957111
366.845198
366.844407
366.775587
366.844957
366.914663
366.917434
366.841880
366.843649
366.843152
366.925160
366.925151
366.889080
366.890351
366.809382
366.704621
366.881537
366.882369
366.845764
366.812412
366.812405
366.739951
366.811775
366.743075
366.810138
366.887905
366.887908
366.811616
366.883098
366.916104
366.810514
366.807536
366.842024
366.808025
366.809034
366.808596
366.843594
366.809096
366.810126
366.738903
366.810067
366.772661
366.848137
366.809507
366.847144
366.951533
366.955294
366.807858
366.807353
366.841829
366.879228
366.843389
366.877752
366.955859
366.877878
366.876019
366.841581
366.915788
366.963033
366.993682
366.845595
366.845252
366.772172
366.880886
366.773462
366.846880
366.878444
366.880564
366.737102
366.770865
366.883667
366.917139
366.883959
366.845100
366.844211
366.843407
366.883951
366.917635
366.848599
366.808843
366.919311
366.918643
366.844385
366.882015
366.843340
366.846369
366.922173
366.812476
366.922183
366.844481
366.812121
366.844828
366.850046
366.883939
366.918614
366.811007
366.848646
366.887968
366.887487
366.958228
366.994483
366.922887
366.773767
366.844927
366.773787
366.879952
366.887991
366.886738
366.997218
366.997232
366.846746
366.882846
366.778299
366.843693
366.808875
366.843108
366.845167
366.774877
366.879809
366.774847
366.811530
366.852620
366.811452
366.843760
366.887360
366.773006
366.739512
366.846931
366.810482
366.881413
366.809767
366.808184
366.810053
366.847541
366.847128
366.772952
366.846332
366.742578
366.888217
366.813215
366.847550
366.846358
366.964137
366.960227
366.846458
366.886764
366.880171
366.806707
366.881455
366.808018
366.809280
366.842252
366.810064
366.843330
366.775110
366.810206
366.738086
366.771338
366.810151
366.774043
366.883098
366.881375
366.775922
366.924332
367.047703
366.922633
366.879825
366.844609
366.915080
366.957242
366.957737
366.879323
366.920099
366.958012
366.844199
366.959772
366.959362
366.882145
366.890678
366.884865
366.964038
366.929517
366.882189
366.881202
366.809062
366.958224
366.924143
366.962798
366.960047
366.968365
366.957570
366.960858
367.037381
367.002886
367.041104
366.999715
366.964140
366.966083
366.998119
367.006579
366.965207
366.963325
366.810460
366.808597
366.807794
366.809333
366.806418
366.737844
366.885636
366.922939
366.807074
366.811614
366.847012
366.848385
366.772386
366.771620
366.738132
366.737649
366.773196
366.772915
366.738137
366.737659
366.771944
366.850259
366.811189
366.809078
366.809594
366.807787
366.810711
366.738125
366.849526
366.737337
366.738910
366.702007
367.011377
367.033838
366.809920
366.773438
366.810396
366.917423
366.775360
366.740350
366.773852
366.879380
366.881100
366.775544
366.774387
366.775912
366.883049
366.885144
366.885144
366.849805
366.923423
366.889604
366.962954
366.928453
366.881860
366.845214
366.923321
366.925935
366.927881
366.925116
366.702772
366.667930
366.962050
367.052245
367.003436
366.960447
367.001845
367.053394
367.051438
367.046111
366.845592
366.812614
366.737132
366.808631
366.808629
366.809141
366.806973
366.735768
366.737074
366.735010
366.737545
366.702559
366.737261
366.773769
366.736305
366.772458
366.808361
366.735471
366.876508
366.734912
366.807562
366.841907
366.803579
366.804560
366.879858
366.802782
366.772668
366.773720
366.772658
366.774495
366.774292
366.776665
366.704141
366.773421
366.773406
366.776145
366.735175
366.811563
366.840475
366.806182
366.806180
366.807740
366.914250
366.915795
366.772225
366.771733
366.772185
366.881957
366.771898
366.770639
366.770386
366.736012
366.737597
366.845713
366.847720
366.851330
366.734969
366.806676
366.701464
366.806663
366.734678
366.734696
366.700970
366.735404
366.735405
366.846406
366.736562
366.806987
366.735474
366.735405
366.701747
366.806993
366.736875
366.736695
366.809974
366.811309
366.850896
366.847598
366.841673
366.807672
366.879688
366.806395
366.842469
366.806699
366.842069
366.807217
366.879708
366.807716
366.879089
366.843031
366.840952
366.806395
366.842487
366.845583
366.880654
366.850096
366.846796
366.841983
366.842003
366.843518
366.806724
366.807509
366.809381
366.735995
366.773720
366.771618
366.770890
366.668196
366.668499
366.669771
366.667913
366.668225
366.667897
366.847468
366.741151
366.774365
366.703550
366.808791
366.807258
366.772679
366.808045
366.842282
366.771251
366.805563
366.805899
366.841828
366.772072
366.771540
366.805626
366.805078
366.805905
366.805572
366.849028
366.807524
366.772159
366.736176
366.771308
366.770017
366.846045
366.768730
366.850433
366.808117
366.810445
366.809669
366.851207
366.809384
366.773960
366.807412
366.736522
366.775148
366.739744
366.803291
366.845841
366.734939
366.701094
366.769970
366.845806
366.773991
366.807754
366.805112
366.772514
366.771727
366.805768
366.812927
366.771082
366.769248
366.701746
366.735480
366.840385
366.734982
366.767702
366.768993
366.845982
366.809018
366.736787
366.808840
366.772194
366.735289
366.769008
366.842841
366.771918
366.771305
366.844938
366.841484
366.878048
366.775668
366.878027
366.841461
366.844026
366.809547
366.772647
366.770260
366.771071
366.737544
366.774328
366.773220
366.806946
366.807226
366.804955
366.881407
366.772726
366.772709
366.806236
366.804603
366.805430
366.771943
366.806451
366.736289
366.916791
366.920856
366.770424
366.808859
366.769953
366.809646
366.846617
366.772243
366.806807
366.839529
366.879018
366.992068
366.809320
366.810132
366.845229
366.806923
366.880177
366.879861
366.843765
366.843370
366.809727
366.772695
366.773005
366.918214
366.807317
366.841337
366.919492
366.807197
366.805406
366.842704
366.773274
366.843892
366.875881
366.807001
366.807359
366.807538
366.805674
366.847313
366.807185
366.846843
366.919799
366.737166
366.701158
366.734885
366.808576
366.769772
366.769471
366.770568
366.769585
366.879023
366.738121
366.770819
366.771788
366.809030
366.736495
366.770359
366.878984
366.847636
366.811075
366.775260
366.848095
366.919785
366.955140
366.875391
366.804257
366.806339
366.809077
366.877393
366.771647
366.805403
366.805403
366.806670
366.701153
366.734890
366.847524
366.737364
366.775716
366.738171
366.847222
366.736350
366.736330
366.842477
366.842207
366.770046
366.842512
366.879164
366.843414
366.845714
366.879430
366.844188
366.843931
366.879954
366.844686
366.809412
366.774599
366.844454
366.842874
366.810179
366.956169
366.916513
366.846439
366.737196
366.846908
366.736853
366.811305
366.735545
366.736319
366.845102
366.736841
366.735523
366.921280
366.915588
366.886120
366.917387
366.923043
366.886111
366.774001
366.848276
366.886337
366.849023
366.886486
366.844479
366.738483
366.773984
366.737118
366.772358
366.813819
366.773088
366.773224
366.771962
366.805408
366.734967
366.807738
366.771632
366.768202
366.841195
366.770643
366.771077
366.771545
366.771555
366.737337
366.770531
366.771056
366.812292
366.851193
366.848439
366.921591
366.774628
366.772478
366.808333
366.841859
366.992578
366.876854
366.846396
366.848156
366.846280
366.881687
366.883792
366.814326
366.917425
366.842527
366.883461
366.847009
366.813244
366.810635
366.915897
366.916797
366.920490
366.880189
366.879396
366.808389
366.807116
366.841320
366.878767
366.842372
366.772190
366.773840
366.845540
366.845023
366.844921
366.887382
366.740953
366.740856
366.881825
366.915919
366.880869
366.842715
366.957063
366.843741
366.957993
366.808173
366.774598
366.845274
366.843317
366.878661
366.844682
366.844137
366.844432
366.844263
366.774067
366.881669
366.845737
366.922384
366.807857
366.877364
366.808060
366.774691
366.844338
366.844904
366.879257
366.916772
366.918360
366.806394
366.806405
366.917210
366.883775
366.885507
366.845501
366.843623
366.842819
366.737121
366.775443
366.772772
366.771973
366.773437
366.772143
366.810867
366.810444
366.807287
366.806502
366.883913
366.850406
366.774239
366.775006
366.772244
366.772728
366.772702
366.770788
366.770572
366.771066
366.807623
366.771342
366.804042
366.770491
366.924292
366.886240
366.738063
366.806170
366.916905
366.879328
366.846258
366.848057
366.808200
366.808200
366.807400
366.806602
366.807969
366.841675
366.840646
366.953938
366.841253
366.841432
366.805894
366.844164
366.844269
366.737897
366.738675
366.769749
366.772248
366.771397
366.848303
366.885186
366.846648
366.847648
366.846619
366.773176
366.809620
366.739200
366.739200
366.738104
366.772100
366.808029
366.737616
366.737292
366.919630
366.919425
366.884916
366.881687
366.737321
366.808035
366.841988
366.806671
366.805439
366.771375
366.771396
366.808771
366.842465
366.770914
366.807790
366.883405
366.918919
366.881937
366.843255
366.737645
366.737952
366.842688
366.992591
366.878237
366.807405
366.841614
366.840360
366.842553
366.878350
366.955836
366.806847
366.879022
366.808293
366.842368
366.913845
366.843760
366.993062
366.879208
366.840856
366.841345
366.953244
366.775043
366.772985
366.702274
366.702271
366.736492
366.735696
366.803799
366.916602
366.956185
366.808759
366.808492
366.735003
366.808398
366.772492
366.880392
366.843365
366.806792
366.772499
366.739260
366.771426
366.805965
366.842202
366.734698
366.772292
366.807880
366.735805
366.735809
366.768051
366.770021
366.770368
366.845639
366.769544
366.807682
366.773402
366.845441
366.772954
366.740002
366.811568
366.806765
366.740066
366.844241
366.885488
366.738478
366.772671
366.773506
366.843184
366.775456
366.775136
366.841395
366.808800
366.772099
366.811255
366.810744
366.771655
366.845970
366.771668
366.807244
366.805883
366.806800
366.806320
366.806790
366.773557
366.806000
366.920965
366.772167
366.805951
366.880832
366.916109
366.880844
366.775111
366.703560
366.703545
366.809061
366.775120
366.703828
366.881724
366.880525
366.772405
366.738155
366.738136
366.843884
366.771893
366.851425
366.808653
366.843777
366.881738
366.839118
366.839912
366.772757
366.772254
366.805774
366.774538
366.809952
366.771861
366.809648
366.771930
366.804596
366.807217
366.806706
366.843058
366.771705
366.804911
366.847598
366.882368
366.883949
366.806795
366.848812
366.807893
366.849417
366.843909
366.841062
366.734985
366.735772
366.841882
366.735764
366.771201
366.771391
366.735306
366.768833
366.882300
366.807261
366.807748
366.769846
366.768846
366.840331
366.841295
366.769308
366.807380
366.958225
366.841863
366.876408
366.921068
366.920258
366.741764
366.705145
366.887473
366.851410
366.667883
366.670229
366.809218
366.810061
366.880430
366.770079
366.769346
366.879905
366.773239
366.806986
366.734896
366.807472
366.735511
366.879112
366.769270
366.841989
366.806477
366.806430
366.806944
366.881831
366.806436
366.806422
366.770360
366.770861
366.769873
366.846677
366.771915
366.883000
366.844734
366.845018
366.771841
366.771064
366.881646
366.771899
366.737823
366.844699
366.844202
366.846650
366.846143
366.806401
366.806127
366.842510
366.805634
366.842502
366.806107
366.806108
366.917583
366.771380
366.772395
366.846161
366.809346
366.845356
366.738982
366.884502
366.807828
366.809147
366.955293
366.848092
366.672939
366.779157
367.013526
366.922114
366.884509
366.924431
366.924444
366.917514
366.848131
366.880833
366.883464
366.919528
366.881905
366.918034
366.960584
366.957798
366.960563
366.957794
366.917684
366.954294
366.953129
366.843331
366.844365
366.812780
366.848909
366.887655
366.811417
366.777140
366.887655
366.883508
366.847062
366.807796
366.882827
366.775038
366.808832
366.883672
366.888795
366.811745
366.847871
366.887420
366.776104
366.887406
366.809665
366.846582
366.880008
366.809881
366.847055
366.846111
366.776445
366.883696
366.919190
366.846043
366.878237
366.879501
366.881535
366.882343
366.881071
366.995479
366.996637
366.846274
366.810620
366.999814
366.881044
366.884753
366.918644
366.917185
366.882543
366.845642
366.846810
366.845646
366.775979
366.812888
366.812922
366.813676
366.882261
366.881334
366.849729
366.920628
366.923445
366.923929
366.884977
366.923145
366.922671
366.887629
366.920595
366.958758
367.036219
367.035703
367.001538
366.846850
366.880846
366.958826
366.958808
366.879854
366.916517
366.879152
366.959532
366.967338
366.923889
366.926533
366.891880
366.963766
366.960279
366.963278
366.959795
366.929096
366.961063
366.960565
367.036324
367.028056
366.926056
366.960702
366.847593
367.000450
366.964977
366.999161
366.998373
366.999658
366.881766
366.923624
366.922831
366.916276
367.000815
366.919805
366.959261
366.958464
366.918423
366.916495
366.917397
366.953527
366.997367
366.994185
367.030300
366.996084
366.994167
366.917463
366.882147
366.881355
366.993933
366.914887
366.879246
366.845032
366.955084
366.991786
366.882138
366.965768
366.807138
366.845170
366.881293
366.920840
366.809530
366.920829
366.916755
366.847423
366.882773
366.921795
366.811301
366.921791
366.811965
366.888412
366.888425
366.890469
366.851534
366.889695
366.921240
366.922294
366.922293
366.811797
366.883265
366.847919
366.958888
366.921550
366.922420
366.920787
366.929832
366.927220
366.927991
366.993305
367.073781
367.002847
366.963997
366.927213
366.964513
366.926433
367.001559
367.084747
367.085961
367.050773
367.086753
367.043682
367.080132
366.852182
366.849461
366.888275
366.888299
366.773207
366.917157
366.920192
366.806650
366.844015
366.806270
366.807071
366.881061
366.878292
366.843277
366.844479
366.841456
366.805654
366.807254
366.847178
366.808921
366.773209
366.776957
366.809426
366.851750
366.770615
366.846659
366.771916
366.878070
366.883327
366.770558
366.771340
366.772053
366.700637
366.773845
366.883255
366.774581
366.847780
366.847866
366.808719
366.805911
366.810341
366.809246
366.844395
366.774243
366.843208
366.773938
366.736324
366.805885
366.773205
366.885635
366.885625
366.854842
366.880677
366.845564
366.845865
366.706271
366.845744
366.770832
366.770836
366.806674
366.772140
366.880901
366.805584
366.806391
366.807598
366.843550
366.845959
366.845520
366.776043
366.810409
366.810256
366.772399
366.809458
366.810745
366.805934
366.810241
366.810619
366.885933
366.845574
366.844155
366.847100
366.846722
366.845611
366.847769
366.881868
366.845396
366.844628
366.774836
366.772853
366.809643
366.965340
367.047659
366.739155
366.844099
366.843517
366.887392
366.887881
366.844989
366.920649
366.920656
366.844412
366.879494
366.807933
366.844659
366.775471
366.845658
366.922096
366.922106
366.776131
366.965129
366.956865
367.002801
367.087231
367.003586
367.088508
366.884052
366.845227
366.844784
366.842709
366.880987
366.809975
366.923816
366.810354
366.845057
366.845059
366.917249
366.881123
366.846653
366.881053
366.881979
366.917891
366.846015
366.960365
366.808337
366.806720
366.916183
366.844289
366.813132
366.889028
366.880879
366.842298
366.808266
366.809920
366.841842
366.843640
366.845270
366.810258
366.956416
366.807642
366.917427
366.956225
366.843652
366.846121
366.845118
366.849722
366.996698
366.844199
366.849799
366.884319
366.845193
366.842763
366.957873
366.844724
366.844267
366.880491
366.807879
366.845375
366.880466
366.916395
366.810159
366.921010
366.809907
366.813924
366.880676
366.845986
366.845802
366.776713
366.845470
366.844981
366.882479
366.844978
366.881401
366.846562
366.812349
366.881041
366.879587
366.919034
367.035992
366.994837
366.992648
366.918231
366.959835
366.845026
366.889101
366.881532
366.880135
366.916256
366.844664
366.879827
366.923612
366.881254
366.917405
366.881784
366.916405
366.845078
366.886617
366.844769
366.885829
366.845050
366.921066
366.810254
366.884872
366.845063
366.918164
366.918561
366.917737
366.809138
366.844126
366.844139
366.809651
366.882065
366.843602
366.842805
366.809174
366.810528
366.809739
366.843695
366.848484
366.958340
366.879894
366.878965
366.808532
366.808568
366.773486
366.771888
366.811284
366.919724
366.878517
366.843992
366.880232
366.881037
366.880293
366.879197
366.959505
366.880003
366.844025
366.844019
366.881025
366.810388
366.737121
366.737131
366.843846
366.843379
366.843356
366.804764
366.843073
366.808555
366.808552
366.809067
366.772939
366.810732
366.810746
366.809949
366.809950
366.807826
366.737164
366.845401
366.886555
366.776520
366.847867
366.929707
366.776434
366.879783
366.775775
366.844711
366.920318
366.806459
366.880019
366.920921
366.880473
366.888948
366.887992
366.998542
366.881074
366.881869
366.879607
366.997559
366.808894
366.843754
366.808626
366.843932
366.843614
366.957790
366.917865
366.957309
366.920925
366.844011
366.959975
366.959989
366.925326
366.994549
366.997119
366.997109
366.995580
366.960913
366.923153
366.886419
366.995333
366.962456
367.003103
367.004363
367.053333
366.922916
366.923388
366.931589
366.885910
366.879244
366.808125
366.878688
366.843762
366.845629
366.843777
366.919369
366.917989
366.922122
366.885876
366.885972
366.886043
367.084339
366.846736
366.811675
366.921799
366.917397
366.957905
366.919273
366.916834
366.959183
366.843679
366.951351
366.808679
366.809208
366.809179
366.847288
366.883924
366.922285
366.889744
366.888975
366.775897
366.882778
366.964779
366.965266
366.962729
366.880804
366.965364
366.843366
366.881576
366.885401
366.923635
366.883166
366.845798
366.917768
366.924122
366.917805
366.925455
366.924620
366.883669
366.918259
366.925107
366.882038
366.888014
366.881233
366.888004
366.923643
366.960783
366.963215
366.846086
366.850543
366.812894
366.844821
367.048843
366.925065
367.001983
366.925537
366.811718
366.851070
366.811222
366.812554
366.812058
366.846120
366.740174
366.809517
366.923653
366.774857
366.882657
366.847492
366.845850
366.880330
366.887093
366.886311
366.847444
366.846227
366.881193
366.888739
366.887954
366.811197
366.889629
366.889344
366.880875
366.845177
366.923676
366.847297
366.921559
366.922031
366.847984
366.841791
366.841893
366.807330
366.849546
366.956144
366.809389
366.810393
366.917385
367.012403
366.810378
366.850213
366.809883
366.809391
366.808575
366.810420
366.774000
366.845869
366.845855
366.774020
366.810406
366.846709
366.805923
366.883978
366.810029
366.842830
366.808182
366.809700
366.810562
366.811381
366.773255
366.773465
366.843127
366.843092
366.854109
366.817365
366.883082
366.807692
366.809530
366.882436
366.807600
366.806765
366.842231
366.884223
366.842826
366.808390
366.808880
366.841894
366.883108
366.842504
366.807282
366.842640
366.884667
366.808357
366.804689
366.805211
366.804198
366.949355
366.916569
366.916678
366.881543
366.916244
366.774556
366.918033
366.881316
366.879850
366.915102
366.844727
366.882478
366.845520
366.879235
366.847474
366.881508
366.845637
366.810227
366.810334
366.704097
366.879879
366.737381
366.772738
366.773074
366.771153
366.844493
366.808596
366.841001
366.807252
366.807264
366.841799
366.843530
366.876996
366.877814
366.843590
366.879267
366.877968
366.770925
366.949889
366.843547
366.881799
366.843919
366.807331
366.773021
366.771859
366.842784
366.842285
366.807520
366.841770
366.841999
366.841977
366.880479
366.808359
366.808851
366.808359
366.849631
366.883132
366.771689
366.770673
366.737926
366.806748
366.807556
366.847971
366.774989
366.808738
366.810798
366.775372
366.703835
366.776755
366.703845
366.704150
366.810290
366.773999
366.735458
366.736490
366.773998
366.775901
366.845030
366.883579
366.848458
366.880036
366.806114
366.808387
366.809420
366.809736
366.806129
366.847409
366.811458
366.742628
366.845504
366.774398
366.848716
366.845724
366.882314
366.884349
366.879989
366.922477
366.806773
366.805104
366.807298
366.920525
366.770624
366.770804
366.808653
366.920533
366.958711
366.806458
366.771406
366.806121
366.805119
366.807402
366.808795
366.806874
366.770865
366.806240
366.806402
366.770315
366.804343
366.806344
366.840649
366.876543
366.770314
366.772235
366.807593
366.807755
366.770792
366.804832
366.771094
366.958526
366.844958
366.807051
366.805442
366.738221
366.704198
366.809129
366.887552
366.887566
366.702263
366.701970
366.847259
366.846768
366.770928
366.738850
366.771901
366.771609
366.771116
366.769412
366.735084
366.772104
366.771431
366.771027
366.736699
366.773167
366.770091
366.769423
366.770522
366.737531
366.771078
366.770262
366.772488
366.773560
366.809871
366.811730
366.888108
367.013661
366.815503
366.777862
366.810794
366.844817
366.805531
366.997563
366.960017
366.960685
366.923572
366.842183
366.922217
366.842166
366.923281
366.812060
366.808295
366.811222
366.923537
366.845531
366.812602
366.877541
366.842407
366.920323
366.846996
366.846996
366.920806
366.808575
366.844504
366.771579
366.843232
366.843423
366.878995
366.915399
366.882733
366.880530
366.807044
366.844657
366.879892
366.844521
366.843768
366.810679
366.839909
366.879253
366.844092
366.842734
366.808531
366.808115
366.879804
366.848082
366.844932
366.772918
366.920049
366.845949
366.960358
366.955994
366.960363
366.956015
366.845242
366.882947
366.846866
366.919393
366.846108
366.963664
366.845455
366.737077
366.738372
366.703836
366.774558
366.774592
366.809402
366.808572
366.740242
366.737792
366.929505
366.844365
366.845033
366.774792
366.772157
366.817692
366.775399
366.739739
366.843590
366.772638
366.772660
366.775361
366.737328
366.810121
366.809706
366.772208
366.770599
366.812915
366.853927
366.776664
366.853904
366.812129
366.704863
366.742783
366.811627
366.842484
366.771080
366.737335
366.841547
366.880785
366.965380
366.845709
366.846359
366.737664
366.771367
366.805708
366.774051
366.771625
366.843280
366.807152
366.771291
366.807423
366.845442
366.845326
366.809332
366.741195
366.804850
366.807630
366.774859
366.879785
366.808988
366.921810
366.808061
366.878677
366.773834
366.773490
366.774035
366.844167
366.778298
366.810766
366.808501
366.842954
366.844752
366.775421
366.773486
366.881679
366.846769
366.811655
366.880970
366.846455
366.809079
366.808354
366.773625
366.878307
366.919837
366.878320
366.811935
366.879593
366.846235
366.846870
366.810763
366.811320
366.845625
366.879026
366.918780
366.880546
366.847497
366.882833
366.922644
366.811378
366.922643
366.848469
366.843686
366.810534
366.844015
366.964114
366.845573
366.881649
366.844648
366.877406
366.921069
366.808785
366.773289
366.740042
366.773291
366.917898
366.879615
366.772401
366.809116
366.771108
366.842891
366.881444
366.842898
366.960553
366.922731
366.924947
366.922731
366.846050
366.844388
366.841983
366.841961
366.843694
366.776643
366.804084
366.770864
366.843465
366.843401
366.808410
366.769539
366.841574
366.918198
366.840606
366.806072
366.842577
366.842249
366.841316
366.807117
366.736305
366.884940
366.805440
366.806546
366.953990
366.807061
366.993642
366.805672
366.918500
366.842385
366.877427
366.883051
366.772218
366.922146
366.808710
366.772601
366.845531
366.737563
366.807691
366.839896
366.805859
366.839398
366.737252
366.736763
366.770489
366.773492
366.877028
366.771050
366.805357
366.878746
366.803054
366.803032
366.805175
366.805502
366.841732
366.807500
366.805589
366.771843
366.887805
366.812266
366.887333
366.924591
366.925364
367.040650
366.996362
367.046587
366.844661
366.955794
366.846191
366.924011
366.964696
366.965950
366.882033
366.844386
366.881145
366.843857
366.922597
366.923379
366.842934
366.808391
366.884144
366.924635
366.925889
366.881297
366.917929
366.958385
366.958852
366.924208
366.810161
366.917336
366.882582
366.846452
366.922959
366.847900
366.922483
366.919612
366.878533
366.844509
366.809003
366.845237
366.810305
366.953833
366.920781
366.883337
366.959596
366.960365
366.883080
366.883565
366.845664
366.922667
366.848399
366.922194
366.997338
367.039885
366.996850
366.843859
366.845421
367.045696
367.137639
366.846816
366.700060
366.734909
366.735877
366.737612
366.807487
366.701159
366.805567
366.771674
366.847622
366.846836
366.770106
366.805571
366.736068
366.884923
366.887365
366.806953
366.841776
366.736950
366.841866
366.703389
366.808807
366.806701
366.737411
366.808787
366.669831
366.807441
366.806472
366.806466
366.843610
366.770313
366.877371
366.772675
366.877840
366.808534
366.877712
366.841282
366.877702
366.771727
366.805483
366.806388
366.876856
366.805736
366.804496
366.804794
366.770800
366.804783
366.842621
366.805476
366.770801
366.876020
366.841759
366.804359
366.876033
366.803543
366.875011
366.805906
366.802851
366.804948
366.769670
366.802692
366.805429
366.805716
366.736125
366.805418
366.803547
366.841564
366.805915
366.770131
366.807526
366.807337
366.805993
366.847012
366.775745
366.809262
366.736388
366.772354
366.738171
366.703350
366.669807
366.808784
366.739121
366.703348
366.774525
366.772704
366.775797
366.738947
366.842985
366.738942
366.883127
366.771814
366.772887
366.842563
366.912600
366.844344
366.844365
366.844806
366.773571
366.773240
366.807772
366.879137
366.881555
366.810005
366.736283
366.811849
366.734712
366.736004
366.844591
366.918146
366.773839
366.808362
366.773771
366.808832
366.883773
366.845844
366.883168
366.879369
366.769690
366.769853
366.769340
366.770656
366.768569
366.738713
366.807026
366.811264
366.776162
366.807740
366.844799
366.881059
366.810540
366.881054
366.957045
366.845221
366.845204
366.844849
366.885233
366.770770
366.771559
366.810077
366.774160
366.809652
366.843832
366.844385
366.993788
366.808720
366.808681
366.843195
366.950838
366.808191
366.809478
366.775143
366.916894
366.882672
366.811133
366.848674
366.849544
366.773206
366.810025
366.848656
366.848738
366.805925
366.953432
366.806461
366.805153
366.843478
366.774395
366.843000
366.841629
366.883251
366.775281
366.845817
366.847747
366.848849
366.813823
366.807180
366.807197
366.807534
366.771177
366.806697
366.913413
366.879666
366.882433
366.919297
366.882964
366.812802
366.849179
366.739023
366.740672
366.886333
366.844781
366.809279
366.844099
366.735979
366.879906
366.772515
366.805751
366.882041
366.807077
366.809595
366.807433
366.846742
366.846828
366.847507
366.846932
366.737641
366.956773
366.882905
366.921262
366.886125
366.887010
366.771895
366.771915
366.739515
366.738718
366.705457
366.739473
366.807027
366.771883
366.773822
366.772983
366.774128
366.735814
366.734693
366.737709
366.771865
366.884633
366.842629
366.808121
366.843455
366.770279
366.771915
366.805139
366.881402
366.806454
366.739984
366.773526
366.737598
366.843295
366.772348
366.773977
366.841708
366.807974
366.846513
366.841087
366.846629
366.811248
366.846818
366.737051
366.843395
366.813087
366.846800
366.880105
366.807921
366.882767
366.845760
366.844926
366.843900
366.805885
366.772164
366.805407
366.806716
366.736884
366.773045
366.773248
366.773751
366.843973
366.814119
366.886873
366.811659
366.845535
366.772116
366.771645
366.736033
366.768769
366.769783
366.880508
366.880494
366.738382
366.772605
366.703281
366.810260
366.772938
366.810241
366.807826
366.809472
366.810756
366.776057
366.885558
366.810634
366.735463
366.842559
366.809604
366.769816
366.880176
366.842934
366.770312
366.842056
366.804829
366.883833
366.809930
366.772172
366.877019
366.847214
366.883259
366.846090
366.842308
366.844026
366.846718
366.847805
366.846177
366.880991
366.846184
366.918741
366.881126
366.917737
366.878181
366.918559
366.882201
366.850804
366.883698
366.849291
366.885692
366.806973
366.914381
366.845060
366.888028
366.922326
366.808339
366.808876
366.920423
366.844964
366.842431
366.880152
366.844823
366.919916
366.809780
366.878837
366.886256
366.919320
366.884670
366.923881
366.883030
366.890687
366.810465
366.890273
366.812459
366.773227
366.886067
366.775399
366.845001
366.845531
366.810613
366.916320
366.847559
366.884195
366.882937
366.889821
366.735486
366.773504
366.702234
366.808295
366.735207
366.734688
366.771930
366.701472
366.807525
366.883009
366.881996
367.023176
366.952589
366.844773
366.844727
366.805880
366.808092
366.844290
366.843407
366.845284
366.845244
366.922108
366.919330
366.885972
366.885543
366.922115
366.886277
366.883433
366.888733
366.954715
366.920060
366.844067
366.808758
366.844910
366.807247
366.806769
366.914396
366.845081
366.769865
366.771651
366.845647
366.770348
366.770360
366.806922
366.806894
366.769567
366.770390
366.845635
366.845361
366.769561
366.806613
366.738368
366.702427
366.736187
366.807941
366.736494
366.736810
366.737321
366.736172
366.807530
366.735521
366.701771
366.773585
366.738476
366.808797
366.702250
366.774386
366.808511
366.701973
366.773297
366.735728
366.883877
366.807486
366.807284
366.700965
366.700682
366.913230
366.878908
366.878914
366.770317
366.921618
366.884539
366.920831
366.736764
366.734709
366.806459
366.737303
366.806664
366.877378
366.768851
366.912725
366.770173
366.769870
366.877956
366.878438
366.770407
366.769839
366.847298
366.849922
366.809673
366.917215
366.809191
366.884729
366.809325
366.808050
366.849696
366.849168
366.806738
366.807221
366.844281
366.806903
366.807948
366.919016
366.843159
366.773146
366.886541
366.736341
366.737101
366.736034
366.845583
366.736300
366.771634
366.806403
366.773253
366.805439
366.842368
366.737376
366.877338
366.804299
366.770328
366.771454
366.809460
366.845879
366.846347
366.806394
366.805059
366.809093
366.807253
366.876998
366.770904
366.805638
366.807741
366.806884
366.774223
366.775067
367.070694
366.850618
366.884620
366.736844
366.703594
366.737647
366.738138
366.847935
366.846702
366.739194
366.737256
366.807926
366.738382
366.702742
366.701673
366.845809
366.845029
366.849546
366.811899
366.808170
366.880648
366.808225
366.923231
366.886421
366.846197
366.812445
366.700355
366.701148
366.737645
366.736041
366.964156
366.926171
366.963312
366.962898
366.891452
366.891456
366.891452
366.965167
366.961636
366.961646
366.965171
366.965170
366.961650
366.961636
366.889512
366.889515
366.968114
366.844209
366.879400
366.772154
366.922268
366.842986
366.916823
366.880222
366.843309
366.842928
366.842923
366.919266
366.957894
366.957903
366.842655
366.884965
366.844585
366.921566
366.845161
366.845442
366.844369
366.809621
366.776740
366.921562
366.845139
366.845157
366.737930
366.811667
366.737935
366.879482
366.845613
366.810219
366.880765
366.772672
366.775469
366.922357
366.772677
366.880296
366.846103
366.879515
366.879509
366.920593
366.775779
366.808023
366.961637
366.961650
366.965153
366.961636
366.849158
366.883618
366.885853
366.968110
366.969382
366.889512
366.928360
366.845555
366.735991
366.736978
366.846337
366.736295
366.737312
366.736016
366.809910
366.773781
366.810685
366.774252
366.773938
366.771017
366.770209
366.771847
366.808574
366.774599
366.842542
366.810928
366.739792
366.773457
366.809416
366.808288
366.843292
366.844313
366.811026
366.776693
366.880135
366.879261
366.879656
366.773004
366.770866
366.772662
366.771099
366.805404
366.774633
366.771832
366.809086
366.775801
366.774958
366.928349
366.928336
366.846606
366.736606
366.737607
366.737583
366.736323
366.770020
366.769534
366.769526
366.808442
366.810293
366.919499
366.701120
366.812069
366.887484
366.851896
366.738426
366.701997
366.957456
366.771935
366.809091
366.809076
366.885163
366.773024
366.844466
366.809735
366.809706
366.810159
366.772363
366.805916
366.880334
366.807371
366.917116
366.773073
366.773860
366.807342
366.805881
366.774239
366.774250
366.842851
366.808606
366.773782
366.840728
366.808234
366.843115
366.885096
366.772936
366.811553
366.810441
366.773245
366.773751
366.918869
366.809124
366.775127
366.808854
366.881879
366.880096
366.808829
366.738385
366.771550
366.842886
366.772444
366.772476
366.811189
366.811449
366.848642
366.806095
366.844973
366.917704
366.883426
366.811791
366.812833
366.881952
366.917694
366.843212
366.922721
366.842236
366.808968
366.811322
366.812351
366.881473
366.925472
366.774809
366.775854
366.845717
366.811746
366.846200
366.813665
366.773199
366.778071
366.743740
366.849051
366.813950
366.926015
366.887902
366.887410
366.812665
366.811640
366.846879
366.888808
366.889581
366.882723
366.846119
366.806752
366.810491
366.886676
366.886666
366.810509
366.888258
366.808873
366.889014
366.811389
366.810600
367.013060
366.966394
366.925532
366.846348
366.916451
366.843978
366.922565
366.922555
366.955473
366.957023
367.031889
366.997239
366.917037
366.845423
366.923228
366.923222
367.047116
366.919876
366.963098
366.962623
366.846531
366.845148
366.845798
366.924218
366.922847
366.924208
366.922871
366.808386
366.808496
366.773034
366.772818
366.807046
366.807784
366.841736
366.920768
366.877938
366.842380
366.807497
366.773227
366.843156
366.843130
366.843846
366.807507
366.773230
366.877068
366.807531
366.808155
366.738366
366.808937
366.878013
366.807804
366.806613
366.806617
366.955817
366.839382
366.880365
366.806695
366.841716
366.877998
366.841065
366.841969
366.840808
366.843944
366.843537
366.841613
366.881000
366.841890
366.840264
366.806996
366.773309
366.919790
366.842693
366.842581
366.813682
366.738927
366.810423
366.812072
366.999704
366.879938
366.880597
366.882393
366.880537
366.917475
366.808631
366.774342
366.809765
366.810194
366.845310
366.811068
366.739459
366.846213
366.922006
366.775953
366.845963
366.771378
366.808665
366.841805
366.774428
366.846471
366.808640
366.771383
366.736508
366.773834
366.811649
366.740017
366.886929
366.883258
366.921862
366.922350
366.844369
366.738155
366.777220
366.738168
366.845443
366.845160
366.772387
366.844386
366.738136
366.845163
366.879024
366.810540
366.774121
366.879051
366.920112
366.842059
366.880285
366.773322
366.845624
366.807066
366.808027
366.879522
366.773292
366.810220
366.843136
366.879524
366.844842
366.882634
366.846021
366.842892
366.811215
366.886885
366.810403
366.886895
366.884008
366.916341
366.923891
366.922635
366.846891
366.811741
366.923269
366.883990
366.916940
366.923695
366.922909
366.915746
366.916476
366.924003
366.923217
366.882172
366.845822
366.958182
366.922058
366.997728
366.997734
366.915753
366.880450
366.922774
366.921510
366.843655
366.842008
366.855004
366.855489
366.809840
366.887067
366.887090
366.811109
366.811478
366.841139
366.810833
366.844326
366.848456
366.919464
366.807597
366.811616
366.742311
366.704635
366.811643
366.738405
366.852472
366.810196
366.887934
366.887940
366.922065
366.845584
366.878519
366.886444
366.807311
366.964153
366.879661
366.879021
366.770860
366.770786
366.919952
366.804041
366.877950
366.804899
366.844037
366.808874
366.841807
366.806296
366.992498
366.879218
366.809822
366.882165
366.812840
366.805883
366.876342
366.843725
366.771645
366.804899
366.806426
366.843371
366.808075
366.809151
366.843785
366.958241
366.923692
366.842376
366.771305
366.919730
366.804862
366.807141
366.808114
366.844609
366.809443
366.806461
366.774582
366.773000
366.811830
366.844715
366.845374
366.964390
366.922013
366.921989
366.961037
366.734098
366.888799
366.887532
366.880747
366.888049
366.887564
366.880207
366.999351
366.999249
366.997496
366.997485
366.846681
366.847480
366.806442
366.846261
366.739677
366.848035
366.888207
366.811937
366.923002
366.809296
366.808748
366.810064
366.881395
366.883118
366.880615
366.807306
366.806030
366.877553
366.842695
366.807175
366.879840
366.879034
366.808602
366.956177
366.840934
366.956144
366.806696
366.876904
366.914642
366.842652
366.809367
366.920689
366.773274
366.844932
366.842128
366.770870
366.804095
366.807016
366.844378
366.844376
366.956270
366.808385
366.772491
366.843256
366.807847
366.805810
366.805715
366.769544
366.880038
366.917418
366.881088
366.736310
366.923929
366.922663
366.884004
366.957793
366.996857
366.957790
366.996856
366.952589
366.916225
366.878170
366.916370
366.952988
366.882303
366.845213
366.844435
366.957122
367.031138
366.882109
366.915970
366.887248
366.811454
366.880718
366.881864
366.882096
366.999263
366.956221
366.844777
366.845840
366.843176
366.845602
366.921272
366.921258
366.879414
366.810448
366.921214
366.921238
366.961522
366.961031
367.005464
366.962310
367.040127
366.961826
367.039656
366.882474
366.889439
366.888972
366.775314
366.923372
366.885675
366.924156
366.808786
366.809804
366.881688
366.880723
366.880089
366.844815
366.882134
366.846316
366.957525
366.959288
366.917812
366.845460
366.928270
366.925522
366.926337
366.923273
366.966282
366.924883
366.965218
366.956167
366.964422
366.843628
366.878081
366.884474
366.883111
366.846830
366.880934
367.072035
367.071542
366.881632
366.845253
366.844366
366.807765
366.840497
366.921332
366.920861
366.878447
366.877458
366.880505
366.877388
366.993261
366.879029
366.845344
366.878860
366.879544
366.957005
366.957491
366.842852
366.845454
366.810443
366.921420
366.921424
366.992807
366.992811
366.993098
366.877355
366.842833
366.843752
366.877951
366.886838
366.886838
366.887708
366.887712
366.889451
366.772164
366.737431
366.772942
366.771588
366.809731
366.808740
366.736008
366.771702
366.916531
366.880476
366.848274
366.776379
366.810919
366.844663
366.848771
366.882302
366.994980
366.846743
366.886435
366.811177
366.741341
366.740807
366.740029
366.810057
366.809265
366.882336
367.036110
366.994970
366.843919
366.842840
366.843521
366.842399
366.880985
366.805134
366.806749
366.806829
366.885570
366.808473
366.772607
366.804029
366.877930
366.844156
366.806425
366.844519
366.771276
366.805064
366.807492
366.810218
366.740834
366.845684
366.844410
366.843248
366.955811
366.882378
366.880530
366.806552
366.806762
367.070432
366.922808
366.922817
366.956875
366.961187
366.956868
366.960688
366.958534
366.920840
366.881982
366.886975
366.886961
366.809216
366.843817
367.033278
366.955678
366.844228
366.769668
366.842680
366.769520
366.884487
366.841709
366.737024
366.804803
366.843958
366.843965
366.771566
366.806635
366.807173
366.920722
366.878713
366.844820
366.844470
366.771572
366.808016
366.919981
366.876724
366.772515
366.808270
366.806729
366.804954
366.880823
366.878107
366.806565
366.845665
366.844391
367.033364
366.957069
366.772068
366.885949
366.810193
366.739909
366.881901
366.916934
366.880799
366.841321
366.955049
366.912841
366.878410
366.844724
366.807093
366.844018
366.843197
366.808636
366.924010
366.923511
366.916917
366.880414
366.962809
366.962812
367.049111
366.957865
366.889520
366.845594
366.882214
367.047828
366.962808
366.847518
366.886023
366.846217
366.881697
366.917008
366.881075
367.042698
366.966639
366.965367
367.041393
366.925603
366.924341
366.961743
366.965361
366.965367
366.847953
366.774047
366.774036
366.928256
366.928259
366.928263
366.919168
366.883043
366.884345
366.739112
366.842910
366.880372
366.811476
366.742383
366.845347
366.882001
366.881892
366.808126
366.880865
366.808340
366.880441
366.887114
366.848730
366.812862
366.876756
366.808588
366.876934
366.845531
366.842822
366.808618
366.878408
366.846689
366.882414
367.012972
366.810609
366.807500
366.850328
366.772174
366.808241
366.738936
366.811753
366.775429
366.776287
366.805661
366.806470
366.919014
366.811357
366.847950
366.740234
366.888282
366.810402
366.843876
366.770235
366.771874
366.809616
366.843089
367.127210
367.048833
367.091362
367.051229
366.882641
366.851001
366.810116
366.809316
366.847099
366.882179
366.846733
366.881491
366.808770
366.807415
366.846168
366.846354
366.881432
366.846431
366.808467
366.807115
366.845873
366.846052
366.880655
366.880520
366.846830
366.879565
366.956916
366.879567
366.880538
366.881140
366.881031
366.880076
366.957427
366.805923
366.807522
366.846175
366.845005
366.770595
366.807916
366.807382
366.878433
366.845662
366.775109
366.810253
366.886560
366.844218
366.880928
366.917606
366.993595
366.993117
367.023239
366.953962
366.922118
366.884577
366.921306
366.886687
366.924305
366.806179
366.735163
366.806978
366.735464
366.770354
366.769844
366.734184
366.735531
366.734970
366.806478
366.806462
366.806965
366.807427
366.806974
366.806699
366.736582
366.805831
366.733080
366.734671
366.736797
366.737583
366.808236
366.914366
366.844568
366.777336
366.844706
366.886873
366.809034
366.886887
366.844661
366.881277
366.882318
366.771339
366.809392
366.738100
366.774296
366.810038
366.809264
366.882836
366.811664
366.848050
366.806823
366.806544
366.917431
366.880043
366.810341
366.844961
366.806981
366.844032
366.773742
366.808634
366.919206
366.807414
366.843029
366.876402
367.031527
366.844381
366.843909
366.955297
366.880537
366.845488
366.964821
366.848126
366.846976
366.849182
366.918559
366.844139
366.844129
366.882210
366.843822
366.917100
366.914354
366.956416
366.843847
367.034837
366.955713
366.844251
366.809051
366.879285
366.879183
366.879599
366.842329
366.879283
366.881183
366.877719
366.842713
366.841856
366.843482
366.882098
366.879869
366.914268
366.879418
366.879079
366.880556
366.882521
366.852908
366.775606
366.852921
366.811232
366.847851
366.878707
366.777349
366.811733
366.844693
366.887175
366.776351
366.887189
366.811978
366.848126
366.806526
366.917834
366.774573
366.774566
366.888767
366.888300
366.880506
366.922307
366.922311
367.033514
367.033532
366.807324
366.774574
366.808097
366.840824
366.956495
366.809265
366.809264
366.841405
366.846746
366.771153
366.805673
366.880632
366.809768
366.810071
366.808213
366.741573
366.846746
366.811969
366.845061
366.883122
366.847559
366.847147
366.881443
366.846956
366.843654
366.844208
366.879272
366.952523
366.957949
366.957464
366.844687
366.919155
366.923813
366.924298
366.807816
366.920555
366.805395
366.880035
366.886055
366.808281
366.886069
366.806174
366.843922
366.880518
366.811935
366.777158
366.846605
366.880529
366.846249
366.845699
366.845694
367.034733
366.957099
366.844603
366.918275
366.883175
366.881711
366.882110
366.883339
366.882924
366.881465
366.841902
366.846080
366.880912
366.880843
366.880038
366.959299
366.958510
366.956289
366.960591
366.959767
366.956292
366.918247
366.880624
366.916759
366.877428
366.841902
366.876817
366.999148
366.844998
366.995737
366.879489
366.882375
366.844737
366.878214
366.880582
366.847387
366.810087
366.887897
366.888669
366.880339
366.848192
366.846513
366.888750
366.889527
366.881187
366.844016
366.879544
366.847597
366.883397
366.884783
366.954551
366.844236
366.920562
366.878499
366.844524
366.774885
366.915266
366.931747
366.922725
366.961336
366.927938
366.968491
366.961363
366.926680
366.967693
367.049448
367.049934
366.926700
366.928727
366.927468
367.000701
366.959469
366.958546
366.958563
366.773721
366.772926
366.916608
366.806433
366.918253
366.807251
366.805854
366.841513
366.771373
366.808755
366.737645
366.806426
366.805064
366.808045
366.842314
366.772939
366.703939
366.808796
366.808022
366.738154
366.738958
366.809578
366.811507
366.846573
366.808795
366.773699
366.739451
366.736787
366.843333
366.808807
366.739462
366.735505
366.737023
366.773203
366.703055
366.737050
366.737033
366.771357
366.770879
366.770553
366.769550
366.770622
366.770041
366.771105
366.736613
366.845676
366.737113
366.775760
366.669783
366.703057
366.736808
366.737896
366.772714
366.737582
366.738159
366.813453
366.812653
366.704422
366.704080
366.736885
366.737368
366.736543
366.843566
366.736334
366.736335
366.810862
366.843590
366.808784
366.808798
366.773218
366.773719
366.773211
366.849846
366.921919
366.886123
366.922599
366.918669
366.956835
366.847832
366.882129
366.810839
366.811107
366.845943
366.769884
366.845929
366.769903
366.846421
366.741812
366.740254
366.846500
366.738380
366.737307
366.808868
366.811688
366.851002
366.850855
366.922029
366.844542
366.805551
366.847616
366.847113
366.805561
366.847608
366.886215
366.888630
366.884900
366.919700
366.922652
366.771060
366.772228
366.770567
366.770078
366.848684
366.772970
366.807679
366.843492
366.772113
366.844054
366.843714
366.774156
366.738073
366.771317
366.775360
366.843240
366.808256
366.809193
366.808740
366.808051
366.879522
366.805585
366.773241
366.806287
366.883641
366.772140
366.771866
366.773534
366.918506
366.885050
366.883169
366.808700
366.809182
366.849757
366.920642
366.919410
366.918253
366.918276
366.922336
366.919596
366.955193
366.882918
366.885669
366.881790
366.881279
366.846322
366.877408
366.883501
366.884036
366.890905
366.772316
366.813050
366.773141
366.844198
366.809797
366.882755
366.846469
366.805602
366.880094
366.805094
366.806840
366.806542
366.807786
366.776437
366.775571
366.847589
366.773762
366.914521
366.879787
366.809546
366.882369
366.880705
366.995380
366.919311
366.916738
366.842872
366.844186
366.737405
366.844294
366.737433
366.914040
366.808355
366.807486
366.807205
366.916694
366.913894
366.878882
366.881636
366.841309
366.807810
366.807838
366.770535
366.840008
366.737930
366.843827
366.738441
366.738407
366.844807
366.739238
366.739209
366.847937
366.774782
366.774857
366.807474
366.847138
366.956440
366.809450
366.810565
366.883420
366.847385
366.847488
366.883285
366.846562
366.881996
366.847708
366.850167
366.921331
366.923510
366.923476
366.885870
366.845241
366.879076
366.879575
366.737335
366.771620
366.772717
366.878080
366.774001
366.773587
366.844012
366.918821
366.807790
366.807631
366.773547
366.735416
366.773305
366.807523
366.774019
366.773683
366.772795
366.841301
366.843698
366.806854
366.844258
366.805894
366.735874
366.737647
366.810263
366.738111
366.738416
366.964654
366.928341
366.925115
366.925118
366.964647
366.928337
366.808213
366.918564
366.917324
366.809246
366.772412
366.879879
366.808770
366.809873
366.775256
366.807954
366.776133
366.845793
366.808250
366.810614
366.776267
366.925431
366.846809
366.878709
366.881780
366.886650
366.882291
366.883431
366.880585
366.811401
366.809090
366.920941
366.886313
366.883986
367.033840
366.996872
366.962079
366.961057
366.962915
366.884833
366.925197
366.885150
366.881483
366.809157
366.808874
366.846041
366.843699
366.808730
366.848798
366.886157
366.846207
366.812598
366.850552
366.926485
366.925222
366.920128
366.919650
366.846027
366.807956
366.844515
366.807454
366.809058
366.809459
366.807046
366.808068
366.919044
366.919864
366.885646
366.882836
366.806016
366.807043
366.882934
366.916197
366.807471
366.914886
366.809778
366.808684
366.813046
366.777144
366.811831
366.777157
366.808341
366.809157
366.883170
366.881361
366.849447
366.811192
366.812241
366.773269
366.774294
366.885209
366.809734
366.808936
366.812420
366.848271
366.739483
366.740510
366.706726
366.816336
366.848029
367.001695
366.958200
366.965912
366.968663
366.880466
366.951877
366.954668
366.879995
366.811723
366.880478
366.845570
366.957887
366.995084
366.957904
366.880500
366.881193
366.917323
366.929340
366.927073
366.927892
366.959814
366.997486
366.924119
366.962971
366.966741
367.003203
366.999939
367.000772
366.962270
366.965534
366.961506
367.005752
367.089394
366.963099
366.771061
366.772615
366.842773
366.771849
366.771430
366.772420
366.808543
366.805414
366.735760
366.776395
366.777126
366.772294
366.845773
366.847620
366.843760
366.809024
366.879839
366.843114
366.843889
366.843753
366.773623
366.806606
366.772842
366.843565
366.840611
366.841706
366.773935
366.808019
366.806700
366.882054
366.775117
366.883941
366.811664
366.883877
366.775287
366.847102
366.882271
366.964097
366.845966
366.849154
366.883041
366.845594
366.811208
366.844396
366.844736
366.884239
366.848289
366.844763
366.848821
366.885399
366.926457
366.922660
366.961746
366.926168
366.923133
366.771565
366.772081
366.810936
366.809129
366.843630
366.808826
366.809925
366.808561
366.847864
366.879181
366.881243
366.882046
366.880345
366.883454
366.923206
366.878681
366.881251
366.881581
366.809367
366.808027
366.807232
366.811217
366.846113
367.014740
366.889192
366.923045
366.928044
366.962556
367.054361
367.006426
367.004950
366.963434
366.960687
366.844021
366.845605
366.845088
366.881017
366.917905
366.881774
366.846653
366.881054
366.961020
366.846674
366.881008
366.955346
366.843519
366.845681
366.807251
366.845709
366.845355
366.808547
366.808781
366.775038
366.878699
366.775437
366.920577
366.879438
366.885535
366.845717
366.919551
366.809652
366.919142
366.919123
366.920776
366.844943
366.840096
366.806457
366.806931
366.771306
366.808818
366.807479
366.771355
366.805453
366.842511
366.877507
366.805444
366.770351
366.736824
366.849248
366.849340
366.810872
366.923595
366.775973
366.850031
366.852077
366.846747
366.774128
366.844171
366.888520
366.851295
366.920180
366.954310
366.846017
366.811315
366.844705
366.849626
366.809659
366.807831
366.810874
366.771205
366.808153
366.809789
366.848054
366.842356
366.842882
366.842349
366.813570
366.879932
366.803950
366.806366
366.805843
366.808338
366.806802
366.804927
366.771660
366.842972
366.804900
366.741376
366.775066
366.844586
366.843361
366.771850
366.807460
366.772166
366.809140
366.738158
366.738084
366.809398
366.770839
366.772422
366.771383
366.883505
366.881642
366.882292
366.884164
366.846441
366.772910
366.880022
366.886064
366.881954
366.851198
366.773418
366.771356
366.773442
366.772152
366.878303
366.850594
366.886915
366.956409
366.809174
366.737597
366.736609
366.845978
366.879467
366.845834
366.806449
366.807262
366.806780
366.811860
366.882122
366.849271
366.737120
366.773010
366.806473
366.775069
366.808541
366.845867
366.773493
366.811264
366.847479
366.774512
366.739979
366.881908
366.845244
366.738893
366.772969
366.771665
366.845742
366.737860
366.845177
366.843366
366.772675
366.702762
366.773167
366.844306
366.772656
366.917829
366.771166
366.771685
366.770389
366.807215
366.807231
366.955655
366.843004
366.842714
366.842979
366.844175
366.845014
366.773021
366.807244
366.808568
366.771659
366.807190
366.882671
366.881381
366.915755
366.812239
366.811982
366.773530
366.807745
366.809069
366.916639
366.919583
366.846309
366.845398
366.876872
366.843887
366.846081
366.847181
366.846865
366.846568
366.844171
366.845034
366.966561
367.013367
366.892061
366.891587
366.922772
366.922772
366.845613
366.811574
366.845573
366.813979
366.848479
366.885682
366.890134
366.966056
366.964392
366.964890
366.961082
367.014512
366.736178
366.885258
366.810560
366.775269
366.738974
366.704088
366.737035
366.882643
366.921938
366.809686
366.883345
366.809415
366.809107
366.806255
366.845084
366.811917
366.888525
366.810182
366.883468
366.850653
366.880510
366.887825
366.887430
366.882550
366.810430
366.809920
366.917799
366.809909
366.815842
366.882898
366.883730
366.776648
366.809944
366.843824
366.771418
366.846695
366.771910
366.809195
366.841752
366.845522
366.769463
366.884305
366.923697
366.923222
366.887475
366.886516
366.959151
366.999173
366.959152
367.012001
366.884264
366.921412
366.921408
366.880496
366.881908
366.881164
366.882503
366.773502
366.806763
366.847428
366.884271
367.012307
366.890131
366.961085
367.014514
366.890131
367.014027
367.008651
366.964887
366.964402
366.966066
366.966070
366.964406
367.008153
366.964406
366.964416
366.966084
366.809690
366.851205
366.885007
366.887102
366.920493
366.885426
366.920121
366.959179
366.956477
366.989869
366.846352
366.735551
366.736855
366.846385
366.994410
366.953370
366.736727
366.806939
366.807510
366.808314
366.924279
366.923023
366.919176
366.811310
366.886969
366.886978
366.810014
366.807262
366.808264
366.916257
366.845646
366.882237
366.811587
366.887422
366.887907
366.809070
366.879837
366.846505
366.887090
366.888357
366.845826
366.880676
366.887436
366.888703
366.846138
366.960283
367.001150
367.046969
366.960294
366.735851
366.702216
366.771097
366.845611
366.736524
366.846141
366.845282
366.734922
366.953911
366.921010
366.885799
366.849863
366.850358
366.884633
366.848757
366.770124
366.700365
366.734076
366.807236
366.700349
366.734075
366.806728
366.736307
366.809105
366.773156
366.809087
366.772664
366.809577
366.809073
366.882751
366.771687
366.700651
366.734378
366.807501
366.734601
366.806710
366.808297
366.809095
366.773239
366.772437
366.847304
366.848571
366.883925
366.771310
366.736523
366.842325
366.738389
366.704087
366.737098
366.809077
366.703295
366.737607
366.843007
366.770337
366.771935
366.809000
366.738135
366.772348
366.770564
366.771863
366.808353
366.809682
366.921460
366.772138
366.770547
366.738175
366.809753
366.774154
366.737287
366.737118
366.775148
366.736502
366.883275
366.739163
366.810222
366.774320
366.808618
366.810169
366.739953
366.879941
366.805428
366.772215
366.845667
366.809637
366.775875
366.809108
366.702762
366.703256
366.811168
366.809493
366.810009
366.809250
366.738093
366.776073
366.811281
366.770519
366.772383
366.774257
366.700654
366.846362
366.738142
366.737657
366.738432
366.703859
366.735671
366.703300
366.851108
366.774827
366.847704
366.771655
366.847065
366.773593
366.882297
366.841982
366.812860
366.813651
366.845991
366.880276
366.774865
366.811820
366.774050
366.809899
366.809886
366.928038
366.929086
366.965707
366.920127
366.849143
366.813480
366.931507
366.845724
366.848846
366.851471
366.881292
366.883485
366.848029
366.883263
366.774146
366.809652
366.775458
366.775103
366.919834
366.848145
366.881369
366.844742
366.807983
366.809001
366.884030
366.957730
366.740006
366.735169
366.736774
367.054170
367.060853
366.771938
366.772415
366.808856
366.808959
366.808105
366.883818
366.806866
366.772590
366.736247
366.772069
366.737602
366.737582
366.809606
366.777314
366.808977
366.808120
366.740620
366.845649
366.850247
366.774829
366.809639
366.774291
366.773433
366.809610
366.810013
366.812490
366.809174
366.812569
366.814061
366.810338
366.774319
366.807792
366.883336
366.772085
366.771456
366.772387
366.774621
366.739467
366.809941
366.739773
366.704026
366.844828
366.844331
366.880127
366.843105
366.843580
366.810077
366.810093
366.847674
366.738311
366.809107
366.840483
366.840512
366.665430
366.769460
366.771044
366.772122
366.772932
366.771843
366.771773
366.768941
366.735227
366.881978
366.772461
366.737071
366.771670
366.843121
366.771909
366.773748
366.771856
366.883040
366.921495
366.885328
366.808986
366.809861
366.810017
366.807730
367.011288
366.772087
366.772891
366.737863
366.890625
366.891110
366.854632
366.742774
366.812345
366.811677
366.930341
366.843960
366.776396
366.812163
366.880672
366.880667
366.844438
366.880506
366.916575
366.772696
366.807261
366.809407
366.851716
366.884694
366.957419
366.772995
366.806740
366.772945
366.844439
366.842018
366.807249
366.807159
366.810117
366.809568
366.879170
366.772640
366.771629
366.772457
366.772427
366.844361
366.843581
366.806026
366.917073
366.773769
366.916432
366.773277
366.736749
366.736614
366.852459
366.737519
366.736054
366.885447
366.809892
366.737626
366.771862
366.846136
366.773034
366.844031
366.773321
366.738406
366.846385
366.776478
366.737788
366.876510
366.770993
366.806971
366.770300
366.772437
366.846176
366.738902
366.738174
366.810778
366.771860
366.775653
366.880160
366.842340
366.771658
366.807334
366.842833
366.844744
366.842844
366.839634
366.839623
366.770383
366.772138
366.738127
366.737810
366.808102
366.772157
366.771090
366.841868
366.884043
366.846282
366.881392
366.806733
366.952058
366.919396
366.954244
366.808046
366.807016
366.813861
366.739708
366.773498
366.884592
366.881733
366.772183
366.882428
366.810399
366.808879
366.814891
366.849193
366.812805
366.882187
366.847282
366.770545
366.770935
366.771423
366.771065
366.737393
366.842856
366.772130
366.773198
366.738372
366.809623
366.772598
366.774021
366.738065
366.737032
366.668482
366.702508
366.738582
366.700926
366.736071
366.736550
366.850558
366.772092
366.806131
366.806135
366.809577
366.808305
366.771313
366.771304
366.809578
366.808775
366.847478
366.846980
366.846792
366.736503
366.736997
366.737590
366.735698
366.809050
366.771298
366.806453
366.736749
366.737663
366.851121
366.813286
366.848693
366.813031
366.843598
366.843624
366.771304
366.808830
366.769969
366.770795
366.809603
366.808208
366.807394
366.769725
366.769065
366.770121
366.771108
366.844039
366.736793
366.734909
366.735706
366.844731
366.808297
366.809581
366.882763
366.881966
366.807531
366.700659
366.734682
366.772583
366.814586
366.849602
366.953003
366.921395
366.810426
366.810431
366.954324
366.954841
366.886347
366.882338
366.810209
366.776689
366.809894
366.882429
366.808868
366.845838
366.885254
366.915606
366.883962
366.846859
366.845552
366.846454
366.843676
366.883639
366.883256
366.846150
366.925850
366.883875
366.847263
366.812160
366.890738
366.918491
366.919330
366.887031
366.807318
366.773744
366.844925
366.775056
366.805622
366.844077
366.772922
366.741020
366.809572
366.881520
366.845750
366.847290
366.810128
366.811414
366.774972
366.810741
366.773189
366.771091
366.881530
366.811109
366.811690
366.739153
366.812704
366.818575
366.813712
366.703849
366.776904
366.741257
366.706789
366.741899
366.775049
366.702531
366.669266
366.772368
366.774522
366.772448
366.810236
366.776198
366.773553
366.772754
366.774443
366.668466
366.737891
366.813162
366.739197
366.811483
366.810569
366.810706
366.809229
366.774579
366.811500
366.846833
366.813080
366.772218
366.807219
366.773471
366.878314
366.844260
366.770884
366.806373
366.805591
366.771360
366.877494
366.806633
366.807258
366.850251
366.739234
366.883512
366.880732
366.847646
366.925788
366.812310
366.703067
366.704351
366.812049
366.703282
366.703593
366.702762
366.703549
366.775553
366.774695
366.774262
366.962391
366.962391
366.962391
367.051629
367.004990
366.737817
366.738089
366.736254
366.739168
366.738091
366.843258
366.843297
366.845606
366.925500
366.967499
366.920294
366.887400
366.927450
366.960371
366.920232
366.953524
366.811777
366.844031
366.964117
367.007427
366.885772
366.966574
366.774198
366.811821
366.810304
366.738829
366.806391
366.808277
366.773757
366.803479
366.774645
366.921027
366.846637
366.881025
366.807185
366.846740
366.808204
367.013303
366.810517
366.844375
366.922439
366.812065
366.889590
366.884593
366.845302
366.809645
366.810954
366.925518
366.920727
366.889000
366.844875
366.849723
366.809274
366.809274
366.807425
366.770836
366.808208
366.841686
366.805885
366.772371
366.880219
366.843018
366.807504
366.954828
366.878908
366.772882
366.842776
366.773971
366.879639
366.805846
366.879146
366.809081
366.806124
366.771136
366.806640
366.805882
366.808305
366.773964
366.877305
366.703106
366.736631
366.805890
366.842851
366.736348
366.878864
366.774460
366.879921
366.774750
366.770645
366.809074
366.877769
366.808739
366.843263
366.918389
366.915261
366.738887
366.808226
366.881753
366.884968
366.774535
366.847241
366.738428
366.810313
366.847762
366.846899
366.846932
366.704877
366.850079
366.847300
366.882482
366.843901
366.844143
366.843630
366.808644
366.847251
366.884907
366.850656
366.809322
366.809532
366.847159
366.776410
366.810434
366.844866
366.810493
366.809225
366.809914
366.924043
366.886054
366.919371
366.888007
366.737837
366.809290
366.771299
366.772595
366.773996
366.771559
366.806635
366.738389
366.843266
366.772094
366.805099
366.771111
366.772937
366.811505
366.848114
366.809605
366.775730
366.809440
366.776135
366.811164
366.774377
366.918411
366.846657
366.847488
366.844446
366.771367
366.845882
366.704830
366.777502
366.776894
366.813394
366.847180
366.918737
366.918229
366.842644
366.843156
366.842859
366.842165
366.668177
366.668677
366.668961
366.668177
366.769254
366.770340
366.805643
366.804090
366.839174
366.767738
366.806212
366.734514
366.770018
366.770026
366.769566
366.735683
366.737256
366.807456
366.807776
366.881443
366.771110
366.770934
366.845137
366.992261
366.991784
366.921351
366.921948
366.917864
366.884715
366.806751
366.807229
366.884615
366.918337
366.735691
366.738023
366.808599
366.807790
366.702521
366.701744
366.737557
366.735710
366.807802
366.806517
366.702547
366.735515
366.917832
366.774275
366.848840
366.883275
366.890918
366.848745
366.878234
366.877743
366.920544
366.878253
366.921058
366.877741
366.771733
366.807220
366.805885
366.807940
366.919752
366.928281
366.924617
366.926637
366.740600
366.770839
366.770827
366.811601
366.737566
366.775312
366.738071
366.847446
366.851128
366.850569
366.891259
366.886215
366.889932
366.739953
366.669784
366.742587
366.779006
366.741281
366.776143
366.773907
366.811045
366.775702
366.844762
366.738858
366.774017
366.813744
366.812947
366.701640
366.807431
366.807465
366.809863
366.812948
366.851275
366.703859
366.812597
366.705144
366.778602
366.884609
366.918992
366.735540
366.811067
366.705137
366.775015
366.844954
366.844442
366.740234
366.705938
366.810892
366.774543
366.775036
366.773213
366.845368
366.773476
366.736650
366.845356
366.736095
366.737070
366.737924
366.813766
366.808993
366.811152
366.811245
366.850560
366.770577
366.735179
366.735591
366.702549
366.701473
366.808616
366.808589
366.737331
366.703826
366.810846
366.737090
366.770836
366.741638
366.845215
366.811422
366.886019
366.846914
366.849298
366.699746
366.736484
366.846052
366.736178
366.735871
366.774267
366.812179
366.846903
366.915230
366.959503
366.770209
366.770819
366.771298
366.885510
366.843999
366.844271
366.770534
366.770995
366.844348
366.844925
366.741634
366.846914
366.847395
366.741582
366.848198
366.846515
366.777517
366.810794
366.705181
366.737341
366.737873
366.805149
366.771392
366.844709
366.878294
366.772198
366.843068
366.809885
366.809097
366.883141
366.845722
366.811664
366.883472
366.808363
366.846794
366.809368
366.922740
366.844473
366.846329
366.774161
366.809814
366.887705
366.775044
366.738866
366.810881
366.883838
366.847064
366.884909
366.884589
366.850620
366.849757
366.841270
366.842817
366.772596
366.772654
366.774554
366.845110
366.739536
366.773100
366.806447
366.841606
366.771171
366.805448
366.805387
366.807569
366.805868
366.875544
366.801943
366.804565
366.803587
366.842297
366.804899
366.806217
366.806702
366.771380
366.772206
366.806901
366.770893
366.809406
366.770903
366.843748
366.842099
366.842084
366.805379
366.843235
366.839407
366.806954
366.806726
366.771703
366.810192
366.845019
366.771878
366.885735
366.816528
366.809820
366.878004
366.949228
366.879267
366.877282
366.876980
366.913525
366.990618
366.841281
366.841306
366.807806
366.877917
366.877407
366.842880
366.807512
366.875516
366.771663
366.842044
366.805392
366.842762
366.842910
366.808347
366.842168
366.808612
366.915896
366.806526
366.772795
366.914287
366.842792
366.808067
366.808354
366.809670
366.844949
366.808655
366.843473
366.921580
366.879664
366.878153
366.840149
366.806902
366.840975
366.808262
366.774228
366.878148
366.878154
366.840725
366.842997
366.806502
366.844067
366.770684
366.809662
366.877958
366.880752
366.844382
366.878271
366.842228
366.876902
366.918265
366.809710
366.878221
366.808832
366.843358
366.842572
366.841844
366.843333
366.808098
366.807637
366.878148
366.843445
366.839985
366.954848
366.912535
366.913149
366.839930
366.840418
366.808075
366.807314
366.881068
366.878643
366.807816
366.808099
366.808582
366.773962
366.772112
366.773216
366.771909
366.772390
366.735281
366.841544
366.769328
366.808227
366.807742
366.770887
366.771381
366.771357
366.880055
366.771406
366.915404
366.879640
366.770849
366.843249
366.880987
366.772372
366.842312
366.807853
366.770798
366.841535
366.841307
366.808241
366.736081
366.808337
366.841315
366.808745
366.770111
366.808293
366.775164
366.842845
366.772180
366.772957
366.810196
366.916694
366.805929
366.773132
366.736064
366.841515
366.772951
366.804926
366.805591
366.840941
366.769329
366.803359
366.845932
366.882044
366.844198
366.773833
366.843757
366.738727
366.885761
366.808321
366.808649
366.850649
366.809404
366.881666
366.912234
366.804670
366.805665
366.805696
366.879281
366.880442
366.806997
366.805702
366.807674
366.922980
366.841712
366.811943
366.770388
366.878713
366.845933
366.772468
366.771162
366.773695
366.807197
366.916129
366.843648
366.958935
366.843621
366.915200
366.879682
366.881293
366.958459
366.920771
366.917330
366.811961
366.770900
366.845207
366.773695
366.845420
366.845739
366.842238
366.806691
366.876667
366.771668
366.738143
366.877406
366.771370
366.806395
366.803545
366.843894
366.770800
366.877442
366.805185
366.769686
366.876464
366.804657
366.841917
366.803850
366.806534
366.804327
366.919254
366.807095
366.805281
366.885743
366.771098
366.851709
366.844947
366.806449
366.805870
366.806952
366.807560
366.772183
366.805767
366.772022
366.808046
366.884957
366.804831
366.770789
366.807839
366.805958
366.770560
366.840923
366.808400
366.808537
366.807855
366.807080
366.772869
366.877552
366.772375
366.770793
366.843608
366.805618
366.877634
366.772214
366.806455
366.877923
366.771938
366.806953
366.956659
366.842176
366.877338
366.771155
366.737613
366.806944
366.771138
366.803880
366.805908
366.803543
366.842565
366.805879
366.770313
366.807246
366.843420
366.769527
366.738016
366.843714
366.737739
366.806264
366.840712
366.770875
366.810195
366.805397
366.771628
366.772120
366.772406
366.809893
366.842098
366.838940
366.805916
366.843265
366.772390
366.842114
366.843294
366.772751
366.737407
366.771619
366.852208
366.848334
366.851670
366.954291
366.842665
366.806630
366.807653
366.879161
366.843157
366.878671
366.843164
366.843657
366.919423
366.923789
366.885186
366.924576
366.922704
366.809113
366.881558
366.842548
366.842272
366.922222
366.846670
366.882208
366.885430
366.960502
366.957632
366.923585
366.923870
366.882141
366.960786
366.957159
366.881833
366.881376
366.918530
366.924920
366.884859
366.919554
366.924082
366.811950
366.736834
366.880566
366.922578
366.883978
366.923076
366.805665
366.878541
366.878670
366.842999
366.843541
366.809930
366.809311
366.843838
366.839903
366.913702
366.918781
366.951273
366.843727
366.957401
366.843246
366.914885
366.957388
366.772654
366.880770
366.879491
366.845314
366.810523
366.806886
366.922335
366.879430
366.843815
366.844692
366.844857
366.844375
366.810582
366.922325
366.844370
366.845182
366.810413
366.775965
366.805916
366.879508
366.880794
366.846096
366.775467
366.877960
366.808868
366.771067
366.999609
366.882890
366.890248
366.920644
366.885624
366.771812
366.879090
366.808292
366.806052
366.845222
366.879919
366.807659
366.773140
366.774323
366.808286
366.842937
366.809291
366.805273
366.773615
366.807263
366.771417
366.925265
366.772884
366.809034
367.002647
366.971610
366.969920
367.054279
367.004424
366.769404
366.809078
366.772952
366.770511
366.772691
366.885001
366.881079
366.917285
366.882737
366.925444
366.883898
366.885376
366.962080
366.842170
366.846354
366.843949
366.848617
366.810344
366.704079
366.737628
366.701646
366.735706
366.772919
366.772170
366.773017
366.772127
366.772098
366.772443
366.813261
366.812145
366.881778
366.846941
366.846136
366.775315
366.774275
366.737885
366.737404
366.738397
366.774772
366.775269
366.773208
366.774590
366.885413
366.808960
366.809715
366.810563
366.885434
366.703770
366.703870
366.735733
366.851284
366.807614
366.808598
366.842854
366.809438
366.806656
366.882664
366.813034
366.808224
366.807931
366.774007
366.738697
366.809982
366.810811
366.846807
366.920224
366.921100
366.886528
366.886107
366.922860
366.810163
366.846435
366.885443
366.882610
366.887945
366.885507
366.809271
366.809544
366.883892
366.811854
366.891000
366.846958
366.884062
366.845397
366.845422
366.849804
366.884207
366.811034
366.846937
366.881227
366.882348
366.848049
366.845886
366.919744
366.920296
366.921123
366.920714
366.958386
366.775933
366.776231
366.776655
366.741802
366.740203
366.777137
366.742632
366.775904
366.808895
366.809603
366.849713
366.884663
366.881601
366.843562
366.808545
366.880690
366.880484
366.810028
366.880971
366.846087
366.881142
366.846385
366.844618
366.880992
366.846584
366.809071
366.848382
366.883950
366.804772
366.805591
366.842183
366.845661
366.808521
366.806414
366.773997
366.805976
366.807453
366.845971
366.844629
366.840859
366.841379
366.850501
366.847987
366.774922
366.775452
366.847688
366.813198
366.845969
366.812535
366.772683
366.813711
366.774287
366.846860
366.882721
366.924525
366.921547
366.847134
366.883286
366.921547
366.776642
366.853157
366.812269
366.848890
366.882717
366.811507
366.964034
366.876866
366.848131
366.810493
366.808617
366.809107
366.843594
366.810132
366.809134
366.809606
366.919021
366.918336
366.918043
366.881410
366.951281
366.952406
366.918104
366.952828
366.878210
366.845514
366.808359
366.842153
366.806364
366.842554
366.842647
366.877632
366.843692
366.772429
366.843610
366.806187
366.916063
366.882676
366.845214
366.843598
366.845714
366.881570
366.738907
366.772682
366.706407
366.812394
366.811757
366.744321
366.846671
366.995209
366.774550
366.845779
366.880129
366.880875
366.878764
366.772436
366.776394
366.853379
366.812035
366.848634
366.774756
366.882010
366.773740
366.918646
366.923797
366.925054
366.812337
366.810789
366.887390
366.916232
366.846402
366.883508
366.887876
366.809799
366.886014
366.845437
366.882049
366.916187
366.806164
366.848252
366.888025
366.930035
366.881370
366.849256
366.812079
366.844004
366.806156
366.809632
366.809643
366.812419
366.810866
366.887166
366.846489
366.883592
366.887649
366.844786
367.002195
367.049672
367.049134
366.965431
366.924261
366.958790
366.772182
366.773165
366.843283
366.773736
366.772630
366.769565
366.769048
366.770064
366.880520
366.846670
366.847816
366.809375
366.849963
366.965289
366.889555
366.888782
366.929494
366.927268
366.927282
366.969759
366.927278
367.052420
367.004492
366.998223
366.962405
366.962408
367.047845
367.004487
367.052419
367.051143
367.004501
367.046566
366.998219
366.962401
366.785949
366.706422
366.927268
366.969732
366.670085
366.978165
366.847054
366.883690
366.843567
366.809532
366.809559
366.809049
366.847269
366.846304
366.924380
366.923587
366.924342
366.923584
366.923449
366.960622
366.923431
366.811124
366.918919
366.882536
366.882881
366.846755
367.000592
367.000088
367.001857
366.999587
366.926214
366.919099
366.886149
366.882322
366.919043
366.918299
366.880769
366.957707
366.994842
366.884000
366.776268
367.000126
366.884633
366.846801
366.884452
366.885784
367.050470
367.040897
366.883345
366.845061
366.809295
366.850475
366.814520
366.771557
366.771579
366.737325
366.737335
366.666001
366.667408
366.810802
366.810685
366.810499
366.810382
366.809522
366.808736
366.923959
366.959259
366.962518
366.923614
367.002053
366.961571
367.048025
367.121033
367.006393
367.046050
367.048278
367.056241
367.057929
367.008094
366.971888
366.973589
366.975276
367.012855
366.670839
366.770860
366.770875
366.850348
366.810939
366.810938
366.851146
366.847824
366.777178
366.810925
366.810935
366.810428
366.810438
366.955898
366.849435
366.853532
366.885150
366.811046
366.889659
366.884476
366.923647
366.844813
366.807737
366.809313
366.772438
366.775273
366.810507
366.879955
366.808905
366.842394
366.809666
366.808078
366.807562
366.842597
366.844835
366.885228
366.811745
366.890050
366.810309
366.737864
366.775994
366.705282
366.853006
366.810720
366.890999
366.772689
366.704928
366.805455
366.772977
366.876538
366.771577
366.771669
366.772437
366.771138
366.914267
366.807243
366.806765
366.804890
366.772211
366.805260
366.804375
366.772217
366.880029
366.804944
366.806439
366.847537
366.738195
366.739872
366.886327
366.772480
366.774639
366.921122
366.845918
366.847678
366.850900
366.922598
366.809642
366.739168
366.809941
366.740270
366.740185
366.739496
366.739481
366.773412
366.772144
366.738320
366.739426
366.808177
366.806337
366.806015
366.841342
366.770525
366.841331
366.772691
366.848253
366.846983
366.703289
366.739977
366.735992
366.735209
366.805468
366.842816
366.842124
366.843292
366.771279
366.808584
366.738725
366.842627
366.774476
366.772636
366.851106
366.883478
366.890360
366.920159
366.924808
366.804047
366.804483
366.804559
366.805841
366.846286
366.845109
366.842813
366.770880
366.770387
366.841881
366.773247
366.773242
366.738113
366.738093
366.808109
366.841992
366.770062
366.770864
366.770578
366.772396
366.737018
366.737298
366.805102
366.737661
366.738764
366.878576
366.740228
366.774477
366.740539
366.809602
366.739706
366.739721
366.738669
366.844870
366.810274
366.735012
366.807273
366.806498
366.770402
366.917824
366.771703
366.771174
366.807522
366.807848
366.806463
366.808547
366.808049
366.769005
366.807569
366.807604
366.845860
366.811775
366.805424
366.952336
366.806725
366.806196
366.917277
366.809096
366.809114
366.918864
366.919440
366.843095
366.809299
366.810928
366.805194
366.806187
366.805675
366.915943
366.736475
366.842826
366.769050
366.736802
366.736299
366.842338
366.771122
366.808613
366.808620
366.918092
366.842578
366.842061
366.807523
366.773823
366.773822
366.879215
366.806735
366.772940
366.773479
366.844460
366.844458
366.810665
366.958071
366.774025
366.739459
366.774827
366.773197
366.807076
366.849863
366.850905
366.847523
366.771978
366.771970
366.812765
366.775584
366.843647
366.845571
366.843645
366.881921
366.807590
366.771081
366.805456
366.774545
366.810858
366.809129
366.773728
366.809912
366.844914
366.774518
366.741925
366.735764
366.809875
366.807844
366.702828
366.805080
366.805538
366.772805
366.917040
366.915484
366.773286
366.805860
366.842309
366.807322
366.733089
366.771584
366.738637
366.878107
366.773760
366.842323
366.735461
366.770299
366.808584
366.880138
366.878950
366.844446
366.773214
366.809448
366.774180
366.810232
366.880889
366.844985
366.773197
366.807738
366.806708
366.878475
366.880161
366.881344
366.807688
366.807713
366.773998
366.812054
366.773475
366.775626
366.772680
366.810780
366.812059
366.880976
366.881434
366.776948
366.811290
366.847167
366.882279
366.958145
366.992902
366.845213
366.807725
366.806374
366.888912
366.884004
366.846901
366.888426
366.812882
366.811288
366.890324
366.884609
366.923008
366.843675
366.843691
366.920641
366.843180
366.806868
366.843196
366.959194
366.989902
366.956508
366.953886
366.920509
366.887127
366.885482
366.961586
366.924110
366.924505
366.924027
367.011931
366.929753
366.978541
366.850818
366.882021
366.774380
366.881426
366.887965
367.014796
367.016051
366.960187
366.924686
366.924709
366.968440
366.925289
366.924801
366.968422
366.700361
366.772370
366.805846
366.734929
366.737046
366.735442
366.809473
366.738095
366.847409
366.736813
366.736823
366.773563
366.738680
366.737356
366.738134
366.737928
366.774355
366.739221
366.844953
366.739246
366.844951
366.769859
366.774346
366.701447
366.774372
366.804592
366.879574
366.700057
366.734905
366.846596
366.701632
366.702252
366.739844
366.737541
366.848017
366.807474
366.844684
366.845328
366.929057
366.844688
366.773010
366.808073
366.805388
366.881273
366.848359
366.805609
366.805884
366.805591
366.771059
366.770585
366.806997
366.811196
366.843907
366.809624
366.843970
366.807200
366.773150
366.771913
366.771435
366.701479
366.737391
366.807278
366.737874
366.955812
367.012566
366.808495
366.808277
366.773588
366.921675
366.808544
366.922336
366.843355
366.882120
366.840464
366.809936
366.850241
366.810421
366.849713
366.811484
366.737910
366.737116
366.738408
366.735749
366.736774
366.772712
366.771653
366.737910
366.844420
366.775056
366.737598
366.738407
366.704341
366.810413
366.956460
366.844833
366.843984
367.012335
366.960350
366.772088
366.736274
366.843159
366.773155
366.805607
366.883516
366.846641
366.849892
366.809592
366.848246
366.846903
366.850989
366.844866
366.777631
366.705633
366.814787
367.011195
367.012868
367.043472
367.093327
367.008967
367.010658
366.925432
366.890864
366.925408
366.891314
366.957528
366.965780
367.014163
367.015538
367.017580
366.892808
366.892296
366.888940
366.888916
366.850784
366.811776
366.883103
366.699744
366.735087
366.701355
366.737302
366.773247
366.736168
366.846738
366.770830
366.810242
366.810579
366.844845
366.809952
366.844542
366.809753
366.772855
366.775546
366.737041
366.810297
366.843510
366.808706
366.919627
366.921782
366.842836
366.842359
366.923122
366.810035
366.885469
366.843944
366.809272
366.772061
366.770436
366.884686
366.843158
366.808296
366.808548
366.920872
366.842322
367.017185
367.152847
367.152847
367.148135
367.148136
367.095543
367.063553
367.109132
367.100596
367.154710
367.146178
366.955165
366.921664
366.809922
366.845568
366.924065
366.846572
366.770140
366.771426
366.770330
366.846188
366.808233
366.807002
366.773361
366.772561
366.810330
366.849558
366.704579
366.742864
366.708309
366.780135
366.846636
366.848134
366.846479
366.848460
366.774725
366.776382
366.811484
366.771919
366.844302
366.738956
366.738166
366.810051
366.922021
366.810378
366.846598
366.809801
366.849552
366.888820
366.846595
366.808988
366.922451
366.772851
366.774513
366.887208
366.773803
366.742679
366.705171
366.815740
366.814050
366.885108
366.885815
366.852947
366.703567
366.928373
366.773763
366.737155
366.807272
366.920062
366.806787
366.809937
366.773502
366.812784
366.810889
366.886072
366.883773
366.917553
366.735534
366.735010
366.735546
366.886795
366.773271
366.807206
366.701638
366.808010
366.702437
366.736192
366.808281
366.807505
366.701454
366.735177
366.882204
366.770857
366.916986
366.770361
366.773820
366.809472
366.770794
366.808590
366.771641
366.808858
366.849447
366.917215
366.884752
366.809682
366.805577
366.921771
366.771325
366.774086
366.879110
366.807672
366.736618
366.808985
366.843662
366.850723
366.809684
366.848562
366.843715
366.774866
366.810031
366.772373
366.885210
366.772900
366.847317
366.845191
366.842346
366.879584
366.844676
366.880196
366.845269
366.846803
366.920631
366.844741
366.806560
366.805195
366.806070
366.806386
366.847321
366.879536
366.845195
366.809177
366.842346
366.880366
366.845185
366.846797
366.846822
366.807345
366.805990
366.772178
366.880789
366.879035
366.806421
366.808800
366.842552
366.921870
366.844833
366.771602
366.737378
366.844366
366.809159
366.844381
366.805127
366.776447
366.736829
366.844858
366.844375
366.807532
366.810226
366.773791
366.879492
366.773036
366.879493
366.845328
366.923883
366.885250
366.843724
366.924363
366.810654
366.887580
366.774090
366.843543
366.808532
366.842578
366.879816
366.775664
366.805655
366.844401
366.887576
366.914459
366.809500
366.810544
366.809521
366.635438
366.637302
366.735404
366.736335
366.770067
366.770058
366.808572
366.771730
366.770958
366.774067
366.738953
366.807717
366.735785
366.845094
366.735834
366.737103
366.736309
366.737096
366.993066
366.919211
366.807974
366.772446
366.772755
366.808245
366.774827
366.774809
366.884655
366.887141
366.846114
366.846838
366.770730
366.771081
366.843363
366.772467
366.844154
366.843369
366.806767
366.843375
366.878146
366.804916
366.771832
366.842092
366.805865
366.773132
366.805071
366.771855
366.842083
366.880758
366.919868
366.807508
366.808467
366.806863
366.774129
366.771555
366.807388
366.924423
366.845028
366.844082
366.809763
366.772181
366.847332
366.922181
366.847052
366.888557
366.808614
366.846580
366.847331
366.848805
366.808990
366.889356
366.849604
366.847378
366.809416
366.848136
366.921694
366.809786
366.846896
366.848131
366.845677
366.885168
366.773757
366.846430
366.849230
366.849741
366.809147
366.738685
366.738997
366.772129
366.806425
366.772614
366.804760
366.771605
366.809470
366.845564
366.772311
366.771507
366.737275
366.774509
366.774509
366.770802
366.735739
366.735748
366.773228
366.739422
366.773110
366.806987
366.843526
366.773451
366.807505
366.845863
366.845872
366.702517
366.736544
366.807811
366.736336
366.810467
366.845575
366.845099
366.771082
366.770610
366.737875
366.773440
366.808562
366.737389
366.844353
366.919000
366.917722
366.843339
366.843578
366.881520
366.843788
366.885118
366.810180
366.808547
366.771573
366.921232
366.925078
366.923976
366.844082
366.810510
367.009226
367.007002
366.967954
366.960019
366.959517
366.850171
366.811344
366.844863
366.810322
366.883246
366.842699
366.923664
366.808162
366.844907
366.808969
366.771378
366.809798
366.805118
366.738415
366.775433
366.769569
366.769570
366.842994
366.738379
366.704076
366.736527
366.809614
366.807447
366.770600
366.843183
366.772772
366.804607
366.879991
366.809364
366.848242
366.917989
366.737374
366.736889
366.806764
366.771130
366.768192
366.805065
366.841585
366.737878
366.737379
366.877323
366.805341
366.804546
366.843922
366.736085
366.738745
366.739021
366.844687
366.807793
366.807237
366.807996
366.805889
366.844475
366.771806
366.809330
366.770530
366.805380
366.804919
366.804621
366.914291
366.805063
366.806383
366.770876
366.810656
366.738089
366.735715
366.848733
366.806744
366.807699
366.807742
366.738069
366.737901
366.738071
366.771098
366.771047
366.738568
366.737496
366.734369
366.742881
366.733079
366.806037
366.774085
366.774068
366.808070
366.773099
366.808615
366.916839
366.958783
366.819015
366.878134
366.740253
366.775344
366.809715
366.880866
366.847568
366.772180
366.771680
366.773136
366.772420
366.770656
366.738196
366.773234
366.770269
366.807250
366.773415
366.805615
366.918241
366.807695
366.774198
366.807407
366.808704
366.807388
366.806870
366.737885
366.770269
366.771060
366.737813
366.770058
366.771610
366.770939
366.734692
366.769506
366.772961
366.842527
366.735164
366.807773
366.772440
366.883660
366.886903
366.774957
366.775801
366.773713
366.771613
366.808719
366.773401
366.737604
366.807978
366.808279
366.805882
366.772381
366.808982
366.775906
366.810734
366.811993
366.845372
366.811846
366.807465
366.806403
366.877818
366.771664
366.845489
366.809399
366.805862
366.806405
366.913923
366.809881
366.914608
366.808055
366.808096
366.808839
366.808325
366.810584
366.775567
366.807235
366.844386
366.809538
366.771284
366.808690
366.804858
366.808567
366.845249
366.810097
366.771322
366.809536
366.804896
366.841695
366.843734
366.843270
366.841692
366.773059
366.775531
366.808271
366.774713
366.845375
366.772634
366.773133
366.738095
366.811973
366.775582
366.702813
366.738423
366.737735
366.702480
366.844059
366.773979
366.737332
366.773123
366.770069
366.773791
366.739413
366.777458
366.776392
366.735712
366.771378
366.734675
366.701343
366.772951
366.738090
366.701344
366.739402
366.846280
366.846279
366.772314
366.884597
366.814587
366.851172
366.815070
366.847338
366.883004
366.736206
366.807042
366.735396
366.808300
366.774073
366.843302
366.737596
366.809052
366.918343
366.771684
366.770706
366.846088
366.807994
366.773488
366.773187
366.771371
366.881414
366.879718
366.845612
366.812097
366.810757
366.771566
366.772216
366.806930
366.807756
366.807272
366.808463
366.844563
366.810108
366.845411
366.809635
366.806969
366.844140
366.848268
366.807249
366.806415
366.772338
366.811027
366.773150
366.810133
366.884036
366.847354
366.919114
366.919571
366.846061
366.846039
366.845526
366.879690
366.776395
366.812306
366.812278
366.775887
366.812869
366.811607
366.885565
366.885374
366.808915
366.808273
366.770520
366.771616
366.808109
366.771138
366.810089
366.886310
366.810888
366.772102
366.887141
366.884772
366.770523
366.771009
366.736237
366.770767
366.773208
366.807516
366.808238
366.806716
366.808244
366.806107
366.806946
366.807445
366.809005
366.805920
366.809006
366.806897
366.806914
366.736713
366.843316
366.843827
366.842785
366.844587
366.806520
366.774266
366.774800
366.772611
366.773387
366.812122
366.736294
366.770781
366.769977
366.920196
366.771440
366.805986
366.772980
366.773269
366.809388
366.811534
366.809388
366.808058
366.701934
366.735971
366.701465
366.735492
366.737613
366.774362
366.807462
366.806617
366.844891
366.770354
366.701170
366.805867
366.845364
366.735770
366.738974
366.737886
366.773006
366.773817
366.879279
366.882562
366.732103
366.734897
366.774402
366.773309
366.915737
366.736613
366.772519
366.734201
366.773031
366.882039
366.735179
366.805694
366.805112
366.734980
366.735474
366.807276
366.806696
366.882287
366.701951
366.773479
366.843685
366.735556
366.771162
366.769574
366.770828
366.771869
366.844460
366.844936
366.847997
366.814859
366.774302
366.772386
366.773837
366.881957
366.849305
366.882553
366.884549
366.776950
366.774293
366.773479
366.775802
366.775789
366.771920
366.811843
366.920741
366.772516
366.806704
366.702841
366.739818
366.807499
366.772571
366.774407
366.925535
366.961378
366.844291
366.772153
366.809590
366.810722
366.810621
366.812236
366.812005
366.926289
366.808352
366.845983
366.843871
366.811571
366.846781
366.845251
366.844158
366.844193
366.921562
366.847072
366.773432
366.773441
366.805377
366.804568
366.807946
366.806666
366.880162
366.920770
366.844658
366.843607
366.845193
366.844928
366.881808
366.774492
366.806916
366.807220
366.772160
366.773460
366.807321
366.735907
366.700360
366.807500
366.771365
366.735718
366.842032
366.768440
366.735701
366.771185
366.770068
366.807194
366.804057
366.806887
366.807184
366.771048
366.805602
366.808045
366.844404
366.807343
366.736202
366.807827
366.770818
366.848375
366.810795
366.809950
366.925573
366.885074
366.881621
366.889065
366.848947
366.885113
366.887547
366.926026
366.888238
366.775061
366.810690
366.808570
366.885317
366.808908
366.808200
366.807285
366.882248
366.807822
366.845643
366.845133
366.738928
366.805108
366.847139
366.773777
366.812665
366.772462
366.886375
366.774289
366.885542
366.809801
366.772171
366.808398
366.774799
366.810264
366.735995
366.849542
366.850098
366.811856
366.774297
366.772123
366.809150
366.884676
366.849627
366.844224
366.813749
366.844259
366.849713
366.814306
366.850882
366.704329
366.808298
366.738145
366.810701
366.809405
366.810171
366.811821
366.699441
366.736187
366.735105
366.701338
366.737291
366.773700
366.888738
367.090745
367.141879
366.813219
366.815050
366.993630
366.846033
366.739493
366.703842
367.148325
367.056823
367.101242
367.052796
367.289509
366.884355
366.885486
366.885531
366.850296
366.808014
366.774495
366.808531
366.915143
366.809041
366.844607
366.842054
366.844933
366.808550
366.883835
366.741216
366.810896
366.882490
366.883138
366.777924
366.848898
366.847058
366.845843
366.738607
366.739532
366.776879
366.734403
366.735977
366.846341
366.817797
366.777226
366.809291
366.882982
366.844527
366.843674
366.923679
366.920217
366.702172
366.809150
366.736179
366.704635
366.704643
366.810788
366.736796
366.887100
366.884955
366.810266
366.811100
366.703847
366.882770
366.770904
366.772166
366.736576
366.770295
366.771362
366.845809
366.810798
366.993588
366.736808
366.703573
366.773176
366.737099
366.805621
366.735807
366.702282
366.771322
366.774537
366.807328
366.808573
366.881414
366.805415
366.847727
366.740007
366.806131
366.772366
366.701166
366.701168
366.736358
366.737457
366.770971
366.771303
366.770320
366.769030
366.736202
366.807034
366.734984
366.735406
366.807933
366.772003
366.842742
366.737099
366.806642
366.805599
366.842568
366.841182
366.805306
366.805608
366.805599
366.770522
366.733876
366.734150
366.772799
366.842408
366.808553
366.736959
366.771238
366.771158
366.846704
366.844780
366.770270
366.769748
366.880645
366.846124
366.770823
366.841777
366.840467
366.802745
366.769506
366.770572
366.771670
366.733910
366.882711
366.886017
366.881950
366.845256
366.844431
366.808912
366.808878
366.878761
366.808888
366.877030
366.842599
366.810534
366.846686
366.703048
366.773464
366.701499
366.735367
366.736479
366.806444
366.736001
366.735787
366.842733
366.772406
366.808184
366.807882
366.735699
366.881831
366.772403
366.774616
366.810019
366.771041
366.774102
366.770221
366.809943
366.772087
366.809939
366.807385
366.736746
366.700050
366.734390
366.772443
366.768714
366.770286
366.807436
366.879670
366.736709
366.700644
366.700854
366.772389
366.734978
366.735189
366.734193
366.735105
366.771711
366.876253
366.736453
366.736039
366.772148
366.808309
366.771357
366.812145
366.808474
366.809278
366.810086
366.808228
366.918785
366.773904
366.774704
366.807712
366.918294
366.879255
366.959819
366.844101
366.847632
366.881664
366.771865
366.920551
366.844462
366.843453
366.847149
366.808335
366.809308
366.880243
366.845956
366.844625
366.844620
366.916480
366.772659
366.772109
366.772713
366.809970
366.773004
366.842350
366.772966
366.771630
366.809333
366.775284
366.887522
366.956728
366.876353
366.772805
366.771010
366.958297
366.806852
366.772108
366.807623
366.806527
366.738802
366.844010
366.808324
366.808846
366.843071
366.808006
366.842546
366.844990
366.811647
366.921775
366.920506
366.807154
366.806701
366.809070
366.737883
366.810599
366.843333
366.809495
366.843609
366.774333
366.915743
366.918550
366.917454
366.810031
366.773594
366.774112
366.881036
366.775102
366.740069
366.883348
366.811488
366.773969
366.811474
366.811002
366.774759
366.775977
366.805117
366.882810
366.806720
366.881671
366.777193
366.705458
366.842398
366.774591
366.771350
366.737609
366.775386
366.777441
366.848409
366.846568
366.774629
366.741353
366.775894
366.740589
366.772261
366.807781
366.773996
366.923400
366.842869
366.886627
366.850244
366.919623
366.767390
366.768184
366.841463
366.735295
366.807217
366.771054
366.770747
366.839898
366.771049
366.735298
366.844715
366.804580
366.770039
366.770898
366.807507
366.879680
366.840437
366.844313
366.805947
366.807202
366.771894
366.806116
366.769786
366.805666
366.803854
366.803798
366.804650
366.769344
366.806246
366.881434
366.770005
366.770836
366.885728
366.770671
366.843580
366.878705
366.805672
366.770640
366.842730
366.842866
366.772938
366.807274
366.843700
366.773431
366.806704
366.772158
366.807800
366.876356
366.955784
366.845295
366.809879
366.772117
366.844108
366.958669
366.844172
366.807694
366.843526
366.772137
366.920474
366.808122
366.804904
366.808213
366.842890
366.843534
366.772443
366.844896
366.844762
366.806533
366.771008
366.840735
366.844072
366.877425
366.875769
366.990669
366.877721
366.841660
366.841942
366.885994
366.845555
366.810607
366.888805
366.812235
366.846525
367.069914
367.028377
366.844546
366.807425
366.919738
366.878212
366.884977
366.842685
366.953199
366.840842
366.841322
366.843971
366.806405
366.772141
366.877671
366.740311
366.773252
366.741687
366.774025
366.886853
366.740346
366.843734
366.740539
366.879234
366.845492
366.842859
366.879835
366.811055
366.775846
366.776805
366.775584
366.807554
366.806244
366.954478
366.848334
366.738439
366.740010
366.808943
366.810830
366.808154
366.847456
366.814288
366.880145
366.844983
366.772951
366.925020
366.846532
366.845755
366.846570
366.842899
366.843731
366.844743
366.953960
366.919169
366.917342
366.880751
366.775778
366.736598
366.774432
366.804399
366.880687
366.803585
366.878618
366.770744
366.772759
366.806998
366.808178
366.769406
366.735336
366.842740
366.808719
366.920935
366.772228
366.842903
366.770151
366.736574
366.809502
366.772271
366.876425
366.840406
366.808416
366.877491
366.918734
366.806733
366.806196
366.809176
366.771719
366.806487
366.844784
366.844431
366.882003
366.889523
366.882738
366.886321
366.883499
366.811052
366.848708
366.848911
366.812292
366.810117
366.775652
366.844983
366.775886
366.810767
366.880104
366.845591
366.845716
366.847688
366.841020
366.807842
366.775914
366.705140
366.703574
366.809689
366.737632
366.770574
366.809490
366.811859
366.736782
366.843983
366.849029
366.737326
366.847120
366.771927
366.918861
366.917013
366.880389
366.878832
366.807404
366.844441
366.844925
366.841757
366.812100
366.877988
366.806078
366.850043
366.845295
366.881207
366.883204
366.881459
366.845726
366.880984
366.841452
366.958904
366.961263
366.925892
366.925127
366.808972
366.807878
366.956957
366.806230
366.807043
366.808353
366.773299
366.959034
366.810912
366.808537
366.808552
366.806474
366.806465
366.806983
366.771986
366.772991
366.884366
366.771977
366.917422
366.846371
366.811271
366.847183
366.848255
366.812950
366.847251
366.880826
366.770607
366.738143
366.882976
366.771912
366.917988
366.772691
366.773993
366.918856
366.920166
366.772982
366.806411
366.880852
366.737943
366.738937
366.883824
366.848349
366.849123
366.772407
366.845825
366.960424
366.882159
366.882151
366.843309
366.809152
366.843139
366.843334
366.883049
366.805932
366.770890
366.737860
366.880594
366.736318
366.770340
366.771313
366.805657
366.771933
366.804103
366.772399
366.735829
366.702285
366.842064
366.735827
366.773793
366.774252
366.844703
366.767702
366.734994
366.806166
366.839958
366.735745
366.806455
366.768554
366.769560
366.876655
366.877136
366.881280
366.737427
366.737138
366.737926
366.737637
366.807794
366.807777
366.879978
366.735743
366.736022
366.735014
366.736056
366.700667
366.703796
366.702225
366.700974
366.811674
366.843223
366.809692
366.807046
366.807835
366.842298
366.842282
366.771115
366.771894
366.772413
366.919362
366.771355
366.805618
366.773252
366.807792
366.843717
366.813720
366.774199
366.775069
366.841329
366.841324
366.879638
366.809108
366.955695
366.995514
366.879642
366.842558
366.850744
366.809182
366.881296
366.913335
366.921680
366.845299
366.775164
366.776523
366.809747
366.771593
366.770787
366.884500
366.810126
366.809707
366.774721
366.842943
366.806485
366.884874
366.844558
366.845335
366.844272
366.807737
366.807129
366.773070
366.734978
366.879352
366.806217
366.772999
366.807542
366.882487
366.878571
366.920103
366.843762
366.842565
366.844724
366.880571
366.842249
366.839875
366.806850
366.840951
366.843623
366.808097
366.774099
366.702234
366.846805
366.812025
366.847396
366.848374
366.735767
366.843345
366.809445
366.769022
366.807291
366.737069
366.843169
366.809741
366.737076
366.915082
366.737881
366.739559
366.772730
366.738215
366.772694
366.842063
366.772222
366.842351
366.808053
366.735297
366.703335
366.807811
366.775132
366.703033
366.736480
366.736275
366.807681
366.807035
366.738420
366.843805
366.844624
366.704880
366.771173
366.772435
366.738139
366.844099
366.770362
366.769571
366.771669
366.845655
366.807721
366.774189
366.737906
366.738913
366.813779
366.736330
366.811337
366.735715
366.844273
366.842118
366.842908
366.770629
366.847493
366.879064
366.807972
366.808221
366.921105
366.883070
366.769022
366.736293
366.810455
366.770073
366.881537
366.737057
366.809617
366.773190
366.735457
366.808515
366.703008
366.772601
366.884135
366.809226
366.808668
366.918000
366.775227
366.770024
366.702549
366.842082
366.768210
366.769840
366.736116
366.806794
366.842840
366.806494
366.771136
366.917996
366.809132
366.809693
366.884620
366.736312
366.776272
366.737836
366.704873
366.736360
366.735735
366.736557
366.808574
366.806509
366.735727
366.736530
366.842361
366.841548
366.842844
366.841746
366.877348
366.810671
366.808535
366.805514
366.805826
366.916482
366.804882
366.914839
366.804070
366.807289
366.736534
366.735725
366.847279
366.840502
366.736302
366.735518
366.847395
366.812796
366.839936
366.839931
366.840994
366.842520
366.878997
366.771702
366.738472
366.878165
366.807582
366.843298
366.879756
366.919695
366.773268
366.740028
366.916519
366.804617
366.805399
366.805909
366.737360
366.737859
366.842828
366.841578
366.771705
366.736882
366.737366
366.771897
366.769356
366.770356
366.845751
366.770397
366.735530
366.736314
366.770588
366.771607
366.915407
366.878474
366.878488
366.949515
366.844369
366.843065
366.807103
366.772886
366.809594
366.808086
366.738354
366.810207
366.809440
366.845828
366.738641
366.809293
366.807745
366.842818
366.807813
366.772153
366.878906
366.771714
366.771220
366.806791
366.772566
366.769867
366.877682
366.878188
366.808116
366.843657
366.774616
366.773732
366.773790
366.808286
366.737852
366.845191
366.843659
366.739786
366.739493
366.843777
366.845472
366.808026
366.808014
366.772105
366.771325
366.842889
366.806752
366.877322
366.806752
366.842872
366.773977
366.773975
366.805161
366.771101
366.771407
366.808494
366.807810
366.808784
366.809115
366.810191
366.774538
366.772925
366.878744
366.915076
366.806226
366.806496
366.879238
366.772451
366.807988
366.807705
366.806665
366.843630
366.773482
366.842316
366.808569
366.807713
366.813858
366.770863
366.772159
366.882289
366.880647
366.770850
366.774568
366.773775
366.770115
366.768219
366.843396
366.772728
366.771972
366.841444
366.844206
366.737680
366.807558
366.771917
366.805123
366.806711
366.771136
366.842278
366.772685
366.771945
366.807715
366.804266
366.770318
366.734973
366.769561
366.841474
366.735727
366.736796
366.771070
366.842512
366.803041
366.807538
366.804317
366.769773
366.876282
366.770309
366.807222
366.842079
366.842694
366.768632
366.771136
366.769715
366.804608
366.877282
366.841245
366.771315
366.917659
366.808341
366.841806
366.845504
366.806753
366.880877
366.773809
366.737426
366.807272
366.771972
366.882782
366.883017
366.881374
366.814117
366.807296
366.703872
366.703072
366.807976
366.737319
366.737877
366.738092
366.773456
366.808581
366.774506
366.771380
366.809064
366.737006
366.807423
366.736492
366.844492
366.844467
366.846148
366.844234
366.843855
366.881989
366.772404
366.735987
366.845625
366.736821
366.736056
366.734731
366.885822
366.969409
366.737839
366.737821
366.737669
366.772743
366.772260
366.844130
366.845025
366.772410
366.878659
366.738162
366.738130
366.773545
366.773052
366.773522
366.737011
366.736517
366.774162
366.737279
366.770544
366.771344
366.770568
366.772682
366.809107
366.848819
366.772887
366.809371
366.888442
366.848704
366.845192
366.845479
366.850195
366.809560
366.889960
366.931195
366.928257
366.810737
366.809455
366.776397
366.885152
366.811253
366.739914
366.776449
366.810796
366.773210
366.772154
366.889673
366.889635
366.772404
366.845939
366.772430
366.880696
366.771926
366.772922
366.846410
366.844605
366.920328
366.886985
366.886999
366.742674
366.735739
366.737038
366.769476
366.772975
366.842871
366.772971
366.771938
366.845490
366.843116
366.842605
366.772589
366.807437
366.808723
366.806972
366.737531
366.770296
366.772112
366.805940
366.737851
366.772150
366.771099
366.845967
366.771480
366.771062
366.807267
366.807262
366.845613
366.922213
366.889529
366.811070
366.848737
366.846275
366.846361
366.881510
366.772718
366.812949
366.848601
366.847620
366.845967
366.846816
366.881982
366.772378
366.773162
366.844480
366.772684
366.844775
366.772419
366.844044
366.969319
366.918715
366.883370
366.952154
366.845590
366.811004
366.924098
366.881995
366.809941
366.813366
366.813635
366.882035
366.846379
366.845544
366.847430
366.846399
366.847771
366.960782
366.959751
367.000225
366.882893
366.846772
366.811654
366.925460
366.810957
366.810777
366.847129
366.923923
366.882643
366.957865
366.957851
367.048319
366.776084
366.921793
366.921779
366.810501
367.048314
366.957841
366.847907
366.882648
366.916331
366.846507
366.924559
366.916980
366.962822
367.041892
367.041409
366.965856
366.965371
366.965842
366.928249
366.848420
366.886811
366.846380
366.882414
366.922921
366.888447
366.846689
366.846730
366.885719
366.929312
366.929797
366.916916
366.848849
366.808617
366.846244
366.915734
366.922806
366.880524
366.888086
366.809715
366.843202
366.881509
366.812880
366.813149
366.846969
366.848455
366.884817
366.847612
366.881576
366.920458
366.843762
366.810055
366.843803
366.808379
366.842413
366.956534
366.879940
366.774901
366.773617
366.807806
366.921364
366.773232
366.845832
366.844309
366.887209
366.847222
366.807265
366.887714
366.917919
366.882575
366.846975
366.959485
366.883517
366.848794
366.847126
366.881100
366.921676
366.960957
366.847928
366.848433
366.846174
366.847660
366.843816
366.812750
366.809048
366.843134
366.808896
366.843657
366.913815
366.807320
366.879573
366.808091
366.843324
366.841836
366.843925
366.878651
366.844433
366.808056
366.842185
366.844588
366.841444
366.877548
366.880324
366.807390
366.807744
366.807270
366.809802
366.878683
366.844001
366.839707
366.808983
366.805906
366.771678
366.843534
366.811845
366.810841
366.929315
366.924131
366.924131
366.968837
366.739259
366.772200
366.844742
366.843647
366.885967
366.772550
366.774063
366.807834
366.881680
366.810114
366.878704
366.808663
366.774424
366.775963
366.810607
366.878675
366.811183
366.805811
366.808694
366.805841
366.878277
366.877211
366.919993
366.806417
366.771680
366.809102
366.806715
366.771840
366.843948
366.882323
366.880474
366.810829
366.808266
366.809384
366.773969
366.917588
366.916473
366.916781
366.880926
366.843107
366.809949
366.808262
366.843491
366.775708
366.809269
366.737636
366.704121
366.737362
366.737664
366.771421
366.844400
366.807937
366.772438
366.770663
366.808280
366.774065
366.775736
366.881718
366.842211
366.772956
366.842714
366.770215
366.773294
366.771567
366.856196
366.777178
366.773418
366.807998
366.772657
366.808780
366.774516
366.773296
366.810431
366.772996
366.916487
366.844128
366.771871
366.737918
366.808446
366.771970
366.957181
366.809203
366.775075
366.778288
366.773418
366.842812
366.772185
366.772185
366.842668
366.772660
366.846012
366.961556
366.925056
366.925498
366.810369
366.890229
366.776165
366.810514
366.844138
366.855820
366.847501
366.845472
366.882092
366.773269
366.773263
366.843665
366.842566
366.772892
366.885959
366.844722
366.843660
366.809581
366.775662
366.807974
366.809980
366.775759
366.845385
366.883860
366.881949
366.846396
366.850495
366.812542
366.846817
366.843254
366.843260
366.846199
366.880996
366.846181
366.847017
366.845930
366.849361
366.844538
366.775616
366.812110
366.890324
366.842959
366.772349
366.808018
366.846073
366.773512
366.843135
366.844609
366.773350
366.807589
366.843630
366.807488
366.877551
366.881898
366.845784
366.844670
366.849523
366.811408
366.812483
366.845993
366.957183
366.769548
366.736819
366.770813
366.771622
366.882343
366.847112
366.844697
366.741423
366.887315
367.057509
366.809907
366.772454
366.811268
366.774262
366.808482
366.807943
366.772153
366.810479
366.809810
366.737840
366.738940
366.808304
366.738624
366.737310
366.807780
366.736489
366.843449
366.701349
366.700855
366.736457
366.772640
366.736803
366.734076
366.772672
366.775442
366.889227
366.810539
366.925784
366.967321
366.885370
366.966996
366.926098
366.966005
366.926065
366.885163
366.776002
366.704078
366.705719
366.892333
366.880184
366.843847
366.844269
366.811963
366.773922
366.772875
366.844313
366.844033
366.775553
366.774696
366.850865
366.885338
366.888216
366.634134
366.666517
366.808842
366.880862
366.880826
366.844388
366.806085
366.771743
366.843577
366.807501
366.807112
366.807821
366.808946
366.771353
366.772468
366.774049
366.736195
366.772836
366.737950
366.736212
366.880347
366.768979
366.843905
366.920448
366.772045
366.805563
366.842599
366.807014
366.807338
366.771116
366.771612
366.769419
366.770518
366.843004
366.769758
366.808001
366.737312
366.702995
366.702209
366.736058
366.841539
366.770523
366.735721
366.807445
366.768905
366.807569
366.771900
366.737336
366.771581
366.769780
366.772367
366.808043
366.842763
366.772444
366.807757
366.806935
366.844420
366.805890
366.772358
366.806437
366.806941
366.807995
366.805600
366.805454
366.771278
366.806931
366.773985
366.844231
366.809401
366.807682
366.839419
366.771423
366.804883
366.805427
366.771348
366.738141
366.770537
366.769702
366.736023
366.769447
366.773175
366.774488
366.807697
366.773181
366.670613
366.890860
366.739445
366.845628
366.811275
366.842537
366.810633
366.738505
366.806237
366.772233
366.843377
366.770488
366.881992
366.809859
366.809909
366.884122
366.703545
366.737557
366.738611
366.882843
366.808988
366.808679
366.702548
366.809894
366.810093
366.809380
366.810848
366.774377
366.776143
366.707053
366.770789
366.808223
366.770795
366.808222
366.805625
366.805615
366.844746
366.771597
366.771587
366.809975
366.809987
366.774875
366.668683
366.666825
366.812135
366.842377
366.842394
366.846917
366.701154
366.737066
366.702241
366.738169
366.737402
366.737910
366.848230
366.810283
366.956219
367.445415
366.606385
367.104596
367.053483
367.100556
366.928032
366.887576
366.927530
366.882112
366.811231
366.843794
366.810558
366.887112
366.887296
366.957590
366.774574
366.772960
366.774533
366.850248
366.810845
366.923737
366.849559
366.845474
366.885290
366.850409
366.846231
366.843805
366.843844
366.737010
366.737622
366.737007
366.882696
366.770824
366.885081
366.926837
366.811571
366.890317
366.885123
366.846269
366.925545
366.880939
366.879776
366.878982
366.846851
366.807016
366.772818
366.842931
366.960608
366.960884
366.923211
366.884011
366.772166
366.809893
366.846672
366.844831
366.842593
366.885884
366.773645
366.807937
366.851632
366.810538
366.847178
366.846591
366.881799
366.880408
366.847058
366.774849
366.922179
366.809817
366.809392
366.921504
366.809112
366.843067
366.887066
366.880921
366.846258
366.885116
366.885304
366.771095
366.770565
366.770531
366.771977
366.769746
366.807067
366.809301
366.846534
366.772854
366.774346
366.769772
366.771053
366.772613
366.737026
366.769703
366.769599
366.769203
366.770552
366.770040
366.770570
366.771434
366.770550
366.737322
366.736221
366.844543
366.844533
366.843235
366.807404
366.737092
366.772438
366.773494
366.808288
366.736999
366.769752
366.843679
366.808108
366.736802
366.845596
366.739327
366.808307
366.845134
366.844530
366.845143
366.773267
366.773934
366.808401
366.808708
366.809838
366.847072
366.880386
366.882312
366.847183
366.847877
366.811900
366.739326
366.739214
366.773046
366.773258
366.886529
366.846566
366.737109
366.842141
366.771640
366.884936
366.772282
366.806125
366.773933
366.810248
366.772969
366.773769
366.926424
366.814467
366.848073
366.737646
366.813658
366.737626
366.894025
366.813994
366.847220
366.701658
366.774049
366.738623
366.773749
366.772804
366.844181
366.920870
366.952978
366.916128
366.886322
366.847895
366.883072
366.703883
366.880963
366.918997
366.809797
366.851424
366.809758
366.882703
366.807433
366.736731
366.735760
366.701750
366.736052
366.737051
366.807448
366.772840
366.842302
366.842329
366.844561
366.886318
366.812209
366.883528
366.882209
366.810986
366.811323
366.809389
366.808612
366.737618
366.773541
366.920031
366.737133
366.808502
366.773507
366.770286
366.772955
366.773416
366.772901
366.805950
366.771934
366.773861
366.773696
366.879946
366.773166
366.806232
366.774650
366.771914
366.770882
366.735522
366.735519
366.736055
366.736357
366.958001
366.733903
366.843415
366.807734
366.843588
366.843929
366.810177
366.739777
366.774005
366.703277
366.812077
366.701984
366.735763
366.846097
366.845313
366.846425
366.886652
366.887030
366.884598
366.812418
366.886126
367.070314
