441.745746
441.741464
441.745770
441.743156
441.744457
441.741963
441.742563
441.747317
441.743359
441.741766
441.742854
441.742854
441.743349
441.740376
441.744707
441.744477
441.743641
441.743619
441.741028
442.033014
441.964684
441.886104
441.921704
441.962236
441.849428
441.850230
441.888527
441.994148
441.923416
441.922621
441.956561
441.957333
442.034017
442.035301
441.993644
441.994438
441.920129
441.920412
441.918211
441.919800
441.881037
441.882124
441.850509
441.848928
442.034570
441.954477
441.883410
441.881664
441.883385
441.953998
441.882139
441.882922
441.882133
441.919651
441.919151
441.953124
441.881869
441.881088
441.918637
441.953886
441.919132
441.952345
441.881597
441.848448
441.848448
441.847107
441.847117
441.882436
441.882174
441.880340
441.880350
441.916457
441.882164
441.882459
441.916119
441.882447
441.883400
441.954430
441.954436
441.848405
441.882609
441.883764
441.884056
441.884564
441.884061
441.919329
441.957328
441.957336
441.850805
441.883483
441.881607
441.880303
441.881825
441.881498
441.881838
441.881525
441.847095
441.916471
441.882079
441.882329
441.919404
441.883780
441.882416
441.916982
441.882319
441.884271
441.882913
441.883209
441.881895
441.882635
441.882624
441.916425
441.916426
441.953911
441.848680
441.882901
441.848389
441.952060
441.952859
442.029684
441.914829
441.953692
441.952869
441.952074
441.881323
441.882620
441.881666
441.953207
441.920462
441.920932
441.883785
441.919956
441.919952
441.847404
441.881393
442.029208
442.029702
442.029678
441.882677
441.918051
441.955778
441.918848
441.955500
441.957692
441.881683
441.846707
441.846209
441.917036
441.845294
441.879328
441.957407
441.881388
441.880913
441.881690
441.956923
441.918041
441.845799
441.847364
441.811212
441.951292
441.847293
441.847281
441.809636
441.883804
441.811775
441.884571
441.813329
441.923662
441.847661
441.847186
441.847963
441.923177
441.777178
442.034574
441.953950
441.991527
441.954726
441.919715
441.918460
441.915619
441.917523
441.917517
441.953851
441.919005
441.994003
441.989691
441.953843
441.918838
441.918823
441.953827
441.952541
441.990814
441.955599
441.919975
441.919087
441.920748
441.954673
441.952355
441.885727
441.958038
441.919926
441.954865
441.990982
441.955680
441.919137
441.953385
441.952526
441.918313
441.919195
441.954344
441.919962
441.996929
441.996942
441.879006
441.916656
441.916153
441.953685
441.848436
441.848137
441.882923
441.882934
441.916167
441.954470
441.953664
441.881651
441.882900
441.882429
441.955238
441.954460
441.919970
441.919168
441.920456
441.919179
442.028392
441.917149
441.881542
441.882350
441.881858
441.990289
441.882981
441.882195
441.881878
441.813029
441.888072
441.885587
441.918829
441.883984
441.883430
441.883126
441.883178
441.919256
441.918564
441.920860
441.852169
441.887277
441.956040
441.954769
441.956987
441.920344
441.920648
441.918520
441.919052
441.919356
441.951946
441.951648
441.917456
441.916928
441.915145
441.917215
441.920605
441.813548
441.813246
441.811937
441.812264
441.845474
441.847853
441.919312
441.812045
441.811762
441.846032
441.846561
441.813052
441.845259
441.846270
441.847842
441.811773
441.954338
441.847300
441.846827
441.848086
441.846264
441.953527
441.845996
441.846569
441.846300
441.847078
441.845497
441.881524
441.882611
441.850213
441.848632
441.994574
441.922387
442.029179
442.032029
441.995532
441.954837
441.921501
441.886947
441.887459
441.886963
441.956120
441.922936
441.991791
441.952518
442.030096
442.027468
441.990999
441.958699
441.921951
441.922279
441.956459
441.956483
441.955986
441.990171
442.026795
441.989994
441.954974
441.919715
441.955169
441.953849
441.955219
441.989980
441.992602
441.954089
441.957287
441.993106
441.922216
441.958634
442.031257
441.993323
441.954941
441.921823
441.922149
441.957658
441.954960
442.028754
441.923130
441.923158
441.922644
441.991153
441.953046
441.920873
441.991944
441.920888
442.033050
442.028933
441.996066
442.031709
441.956434
442.030610
441.993161
441.959210
441.922457
441.922789
441.990975
441.954126
441.955174
441.955180
441.957352
441.991476
441.922276
441.958685
441.995080
441.956422
442.031243
441.957593
441.992716
441.954750
441.920197
441.920705
441.920209
441.993319
441.954458
441.958083
441.921337
441.921663
441.957177
442.032769
441.954470
441.998226
441.998739
441.998225
442.028754
441.922648
441.922673
441.922159
442.104833
442.029068
442.029089
442.031689
441.921604
441.921168
441.991441
441.953351
442.028432
441.922443
441.991427
442.028431
441.921604
441.994229
441.991625
441.884797
441.885571
441.990270
441.916912
441.956318
441.920669
441.917935
441.919091
441.919118
441.917710
441.955934
441.922520
441.955937
441.922520
441.919311
441.957490
441.882625
441.884250
441.884079
441.954200
441.881932
441.883380
441.916910
441.884217
441.883564
441.954163
441.918567
441.919853
442.028088
441.919334
441.956551
441.954423
441.954424
441.961325
441.996379
441.960346
441.814094
441.813799
441.813010
441.811235
441.919561
441.919561
441.924016
441.920706
441.920203
441.886170
441.919579
441.852907
441.884250
441.885830
441.997461
442.032570
441.959869
441.990900
441.916958
441.917764
441.992199
442.030933
441.886891
441.956790
441.885643
441.954704
441.885053
441.955969
441.920935
441.955990
441.990772
441.885816
441.921715
441.885314
441.955494
441.990459
442.066565
442.066095
441.883406
441.989999
441.989999
441.917465
441.991786
442.067893
442.067907
441.959063
441.885306
441.885807
441.955314
441.957084
442.067687
441.884012
441.814343
441.850760
441.920966
441.848913
441.922262
441.850474
441.851060
441.888444
441.885605
441.886876
441.952256
441.914290
441.952271
441.914824
441.916418
441.881915
441.882223
441.882168
441.883213
441.883521
441.883480
441.957538
441.991333
441.990827
441.883480
441.883799
441.882248
441.882757
441.883736
441.958305
441.851579
441.919380
441.884855
441.848997
441.919646
441.849976
441.883227
441.989264
441.881984
441.915908
441.881081
441.916942
441.882665
441.883421
441.882164
441.988370
441.882645
441.919603
441.952263
441.952318
441.953319
441.952809
441.951978
441.951503
441.921173
441.920390
441.880730
441.882315
441.883393
441.882116
441.919555
441.884541
441.917970
441.919858
441.916682
441.918850
441.885335
441.882884
441.884990
441.884205
441.881839
441.882320
441.881624
441.883699
441.883177
441.883761
441.884862
441.847579
441.917221
441.883761
441.920183
441.954710
441.954190
441.993683
441.957076
441.923351
441.992125
441.956268
441.993364
441.993974
441.847895
441.957334
441.848664
441.849160
441.953854
441.915907
441.953095
441.916430
441.915905
441.879593
441.882742
441.883061
441.883009
441.882725
441.991623
441.882218
441.882428
441.990607
441.884322
441.883018
441.882497
441.953210
441.953738
441.953224
441.883438
441.916479
441.991774
441.917746
441.917728
441.990055
441.991329
441.883491
441.883809
441.884581
441.884899
441.991829
441.953424
441.953952
441.953428
441.919272
441.918773
441.988746
441.920661
441.883275
441.917800
441.917504
441.917472
441.917271
441.953056
441.918280
441.953046
441.918256
441.849682
441.881129
441.882125
442.120890
442.159938
442.162144
441.811425
441.810149
441.778702
441.777921
441.811437
441.883700
441.777739
441.812238
441.777990
441.813795
441.812225
441.779264
441.778977
441.811139
441.811168
441.812258
441.811755
441.811803
441.845952
441.845776
441.846734
441.813705
441.813316
441.813510
441.812222
441.811935
441.921131
441.923118
441.922622
441.919403
441.918907
441.957077
441.918905
441.953455
441.958571
441.960395
441.959898
441.919014
441.885278
441.955663
441.918288
441.918261
441.987598
441.883339
441.883521
441.881274
441.881937
442.028303
441.952983
441.917693
441.917180
441.918751
441.920415
441.882398
441.883349
441.883520
441.955682
441.918227
441.919044
441.918303
441.920074
441.917804
441.915437
441.881907
441.915647
441.881588
441.882242
441.954844
441.953315
441.954830
441.920079
441.955226
441.954374
441.988696
441.955707
441.954364
441.882675
441.955212
441.953902
441.915928
441.880823
441.849145
441.921191
441.919880
442.027546
442.026232
441.884209
441.883719
441.850575
441.850588
441.956595
441.955323
441.882938
441.882138
441.881207
441.848442
441.848452
441.954449
441.953963
441.915651
441.881217
441.916146
441.882455
441.882911
441.850756
441.850759
441.956278
441.955491
441.954209
441.882902
441.915411
441.882154
441.954700
441.953409
441.954393
441.883717
441.881610
441.881630
441.918581
441.881882
441.954430
441.881337
441.848352
441.920409
442.027539
441.882153
441.881672
441.848526
441.848525
441.954543
441.915676
441.882121
441.915351
441.882121
441.953345
441.917725
441.916393
441.916447
441.849190
441.849179
441.954708
441.914630
441.881390
441.953932
441.953635
441.881675
441.880855
441.881342
441.881634
441.882136
441.885719
441.884653
441.956018
441.954098
441.957062
441.922333
441.953873
441.919389
441.955019
442.028396
441.959077
441.886121
441.957394
441.922660
441.919605
441.919385
441.918889
441.954121
441.954629
441.951261
441.989210
441.954643
441.920591
441.919348
441.953884
441.923094
441.958313
441.919157
441.918331
441.920838
441.882108
441.953388
441.916125
441.917214
441.953845
441.922873
441.917467
441.919042
441.993352
441.880547
441.952829
441.887248
441.885347
441.921873
441.993009
441.958777
441.957145
441.915993
441.917272
441.957584
441.920114
441.883164
441.848346
441.882938
441.917180
441.917688
441.915860
441.882631
441.882119
441.953376
441.846983
441.920399
441.848606
441.847536
441.919612
441.882672
441.849414
441.918891
441.919862
441.917194
441.990323
441.956395
441.886759
441.920684
441.998386
441.958644
441.918666
441.921176
441.955847
441.958810
441.920708
441.916403
441.917998
442.026606
441.882614
441.916420
441.882433
441.881644
441.882163
441.962407
441.961250
441.996122
441.962087
441.959435
441.959148
442.032525
441.845903
441.847003
441.918316
441.919615
441.881440
441.882722
441.884004
441.880573
441.879804
441.847330
441.919087
441.846571
441.846527
441.846036
441.919117
441.882197
441.883489
441.882961
441.919117
441.919590
441.883755
441.850017
441.917622
441.917151
441.918530
441.919316
441.954756
441.884040
441.881981
441.992039
441.882491
441.847772
441.846196
441.919605
441.883011
441.882174
441.882966
441.848448
441.849225
441.882105
441.881633
441.953979
441.955759
441.919410
441.881870
441.953325
441.953618
441.881579
441.880285
441.881850
441.954107
441.954403
441.881077
441.918053
441.919119
441.882464
441.955725
441.882459
441.918518
441.919810
441.956817
441.920655
441.958883
441.956846
441.921185
441.917704
441.919006
441.919860
441.958869
441.921248
441.920309
441.919006
441.921252
441.959544
441.847789
441.848302
441.848121
441.882131
441.846810
441.919568
441.848590
441.848287
441.848061
441.920365
441.848367
441.847570
441.848358
441.882157
441.882228
441.886479
441.850290
441.922173
441.917044
441.882158
441.882228
441.884799
441.851042
441.922155
441.847565
441.846282
441.847337
441.848151
441.845977
441.846765
441.993523
441.848607
441.919867
441.886409
441.922920
441.993641
441.956057
441.886105
441.957344
441.922135
441.992656
441.953632
441.956191
441.848868
441.882129
441.883972
441.917976
441.882926
441.920237
441.921505
441.929392
441.968683
442.004434
441.959809
441.921235
441.921235
441.923832
441.919341
441.958784
442.072683
442.071720
441.990481
441.958857
442.066667
442.027401
441.959624
441.958429
442.037064
442.067055
442.033388
441.997769
441.999052
442.038333
441.994646
441.993814
441.995180
441.997941
442.037208
442.037836
441.959481
442.066657
442.067959
441.958432
441.958673
442.030800
441.956711
441.954030
441.954853
441.921774
441.992104
441.925099
441.920144
441.958286
441.920382
441.990515
441.921425
441.922533
441.991502
442.067058
441.919548
441.921158
441.991307
441.921432
441.991519
441.917266
441.918245
441.989469
441.989480
441.918245
441.952800
441.956171
442.027927
441.917977
441.993889
441.954799
441.956369
442.064752
442.030590
442.033476
441.921743
441.957307
441.920143
441.921278
441.920974
441.922660
441.923156
441.887039
441.887535
441.886739
442.034813
441.993592
441.994436
441.997669
441.998657
441.992236
441.881874
441.991135
441.956027
441.920400
441.883647
441.953611
441.882100
441.955154
441.955181
441.883396
441.953641
441.987623
441.955940
441.956755
441.955971
441.990777
441.919331
441.882982
441.918216
441.916208
441.919802
441.954127
441.919883
441.992718
441.961295
441.996863
441.995798
441.961303
441.956541
441.920928
441.919371
441.882640
441.881539
441.919245
441.919089
441.994013
441.886090
441.955993
441.921914
441.957175
441.959949
441.996842
441.996795
441.997941
441.956118
441.920979
441.918796
441.955306
441.920970
441.958070
441.886744
441.992883
441.995273
441.959441
441.952842
441.920431
441.956076
441.990798
441.956083
441.919574
441.955778
441.921050
441.952634
441.917984
441.991886
441.991899
441.919391
441.953363
442.032627
441.991916
441.991927
441.884595
441.918351
441.885411
441.916654
441.917944
441.917977
441.990204
441.988917
441.883393
441.915867
441.951966
441.951967
441.951962
441.917971
441.989429
441.882624
442.027950
442.029218
442.032797
441.996497
441.922304
441.922621
441.953072
441.922519
441.991470
441.920928
441.954081
441.954890
441.991461
442.032011
442.034143
441.995776
441.921984
441.884542
441.917730
441.921187
441.954811
441.957666
441.956239
441.958322
441.922240
441.956987
441.994448
441.918797
441.918112
441.916866
441.920119
441.919845
441.956681
441.884553
441.995241
442.033507
441.991884
441.991001
441.957771
441.991015
441.957799
441.991888
441.919093
441.920072
441.920396
441.918252
441.920893
441.924142
441.958992
441.958244
441.954407
441.962178
441.961071
441.997712
441.996696
441.961092
442.038315
442.037003
441.961074
441.996710
441.996196
442.032821
442.071349
441.997400
441.921833
441.998995
441.922149
441.992459
441.992827
441.958728
442.031728
441.992812
442.071019
442.064820
441.958707
441.992463
441.992317
441.958718
442.064806
441.958710
442.109406
442.032026
442.034158
441.999650
441.961146
441.884662
441.953356
442.028435
441.918610
441.921228
441.990986
441.920750
441.951961
441.956223
441.953689
441.954600
442.027079
441.953889
442.064733
441.989479
441.917756
441.952814
441.953604
441.988619
442.027932
441.952013
441.956176
441.917991
441.993893
441.955676
442.030585
441.920137
441.991492
441.956116
441.955306
441.920055
441.920482
442.030275
441.885034
442.028492
442.030916
441.921058
442.108854
442.030833
441.954251
442.104880
442.069656
441.952145
442.032618
441.918302
441.991893
441.991424
441.918901
441.992395
441.991923
441.884592
441.918347
442.034008
441.915358
441.951467
441.951954
441.951978
442.024730
441.917202
441.917986
441.989432
441.882114
442.029233
441.997565
441.917664
441.882642
441.995068
442.032813
441.922997
441.995439
441.959106
441.923967
441.920163
441.957680
441.921778
441.922404
441.921912
441.988662
441.990005
441.988672
441.955506
441.955010
441.955483
442.032055
441.923155
441.958709
441.993946
441.921977
441.922302
441.954702
441.956573
441.919714
441.920210
441.920162
441.992204
442.025817
442.031408
441.990249
441.989665
442.027275
441.918782
441.919256
441.956063
441.919958
441.955869
441.917210
441.918016
441.952816
441.953326
441.953834
441.955245
441.990884
441.955763
441.990889
441.918778
441.884238
442.031248
441.917716
441.921055
442.029640
441.882641
441.916172
441.954400
441.883161
441.917256
441.881031
441.881018
441.917270
441.881914
441.880528
441.880513
441.881127
441.954656
441.882401
441.915945
441.954152
441.989768
441.918045
441.847691
441.881237
441.955025
441.848369
441.955721
442.028058
441.883214
441.847583
441.954923
441.916894
441.915817
441.918509
441.957443
441.958684
441.885554
441.880972
441.881961
441.918290
441.882656
441.916713
441.918605
441.883046
441.882151
441.849004
441.955522
441.848221
441.849983
441.956520
441.849211
442.029374
441.921738
441.888582
441.919799
441.992518
441.959957
441.886850
441.992841
441.883243
441.956019
441.953172
441.953172
441.993344
441.922609
441.850819
441.994979
441.919057
441.881871
441.916696
441.917806
441.881366
442.029358
441.880836
441.915090
441.917254
441.915654
441.989776
441.918052
441.882410
441.954932
441.847592
441.915387
441.917259
441.954388
441.882672
441.882156
442.028055
441.883222
441.881014
441.918865
441.885359
441.918392
441.885363
441.885613
441.882201
441.848679
441.881746
441.882999
441.955989
441.849454
441.885367
441.880587
441.955180
441.847358
441.923486
441.925532
441.994922
441.885319
441.957581
441.852110
441.889257
441.995392
441.997490
442.076616
442.030745
442.035401
441.995311
441.777883
441.776323
441.848538
441.811347
441.919338
441.959953
442.003926
442.038697
442.074383
442.068040
441.998663
442.110999
442.077087
442.070748
442.107025
442.114986
442.034320
442.037024
441.994793
442.072766
442.029643
442.035997
441.997891
442.035237
442.033295
441.998132
442.032432
442.076061
442.073518
442.069721
442.069530
442.034532
442.031821
442.033498
442.069049
442.032045
442.032971
442.067663
442.033616
441.998136
441.999160
441.996765
441.997608
442.035725
441.998737
441.957788
441.958631
441.956783
441.957627
442.036618
442.036133
441.962382
442.073391
442.074178
442.154648
442.110371
442.160560
442.110854
442.153875
441.998033
442.071766
442.033154
442.033656
442.072252
442.111336
441.997534
442.071281
442.109201
442.032193
442.108414
442.069609
442.115554
442.114749
442.073594
442.032651
442.071767
442.072985
442.072198
442.032114
442.031250
442.075490
442.074686
442.033759
442.070677
442.064528
442.070646
442.027958
441.992152
442.067469
442.073822
442.032442
442.112446
442.197977
442.116196
442.037761
442.037275
441.963528
442.113018
442.036374
442.036370
442.289189
441.960205
442.202739
441.999161
441.953816
441.921980
441.922446
441.992387
441.920268
442.031901
441.998390
442.035750
441.959430
441.959311
441.960388
441.958250
441.957413
441.959284
441.958144
441.955774
442.034234
441.921995
441.992735
441.956227
442.030736
441.921691
441.921156
441.921833
442.027176
441.996105
441.996400
441.885883
441.957546
441.995042
441.920179
441.956258
441.957353
441.957849
441.958131
441.886946
441.886455
442.033050
441.957077
441.955916
441.995301
441.955648
441.995111
441.955594
441.956764
441.956401
441.957016
441.994494
442.033226
441.888454
441.956801
441.922795
441.958105
441.956779
441.922308
441.958391
442.029337
441.921874
441.955109
441.955901
441.955423
441.993949
441.959943
441.884766
441.921194
441.956016
441.955470
441.989699
441.921651
441.920667
441.958289
441.992134
441.992095
441.918024
442.022904
441.920054
441.990493
442.028029
441.922757
441.990474
442.028806
442.069835
441.956216
441.921970
441.992923
441.955519
441.956506
441.957027
441.955466
441.921988
442.069814
442.112321
442.036032
442.036876
441.920211
441.956924
441.956657
442.000785
442.033524
441.956654
441.994234
441.957453
442.028062
441.887252
441.956047
441.919614
441.956026
441.918950
441.918656
441.921681
441.990773
441.957472
441.888060
441.960198
441.918837
441.919312
441.919642
441.994385
441.993896
441.918600
441.918611
441.918267
441.916451
441.918773
441.916474
441.917454
441.883475
441.884199
441.883188
441.884224
441.883206
441.923219
441.921171
441.884128
441.882048
441.885374
441.993768
441.920188
441.919013
441.953826
441.884142
441.882848
441.884519
441.885334
441.920408
441.955147
441.954333
441.955760
441.848877
441.990807
441.882919
441.956543
441.920419
441.919465
441.917860
441.994184
441.954674
441.988712
441.955150
441.990183
442.028652
441.954652
441.956457
442.066537
441.955161
441.956588
441.850489
441.992117
441.885013
441.958139
441.921714
441.918993
441.990302
441.883218
441.917257
441.955520
441.989454
441.918945
441.995536
441.996022
442.111888
441.959010
441.995407
441.960754
441.886339
441.995222
441.958214
441.994736
442.036313
441.960428
441.994594
442.197923
442.114250
441.960495
441.848366
441.992027
441.888766
441.992499
442.108280
442.110606
441.992499
441.956832
442.026666
441.989771
441.953853
442.067201
441.918220
441.990804
442.026080
441.953324
441.918302
441.952002
442.026071
441.991247
441.991323
441.955651
441.991311
441.990446
441.988906
441.919287
441.883755
441.920837
441.919772
441.992199
441.919590
441.955709
441.918776
441.956080
441.990821
441.886146
441.885668
441.989471
441.916840
441.920360
441.956019
441.919044
441.922279
441.990239
441.990214
441.955212
441.955188
441.987676
441.917041
441.917222
441.986058
441.913805
441.914095
441.986068
441.914420
441.915392
441.914606
441.987912
441.915196
441.916157
441.915651
441.881960
441.953197
441.917515
441.918782
441.989271
441.883805
441.955027
441.920151
441.989468
441.989502
441.883986
441.955223
441.988934
441.951487
441.916159
441.917458
441.990248
441.918255
441.954690
441.952980
441.953280
441.919345
441.919526
441.917699
441.916840
441.920332
441.989468
441.950502
441.917155
441.917159
441.918273
441.919656
441.914813
441.919377
441.917241
441.988965
441.954622
441.991116
441.990311
441.953329
441.952804
441.917772
441.951505
441.952260
441.953580
441.991833
441.988963
441.919231
441.915943
441.915946
441.953089
441.990252
441.953931
441.955216
441.988940
441.881920
441.917499
441.919342
441.919645
441.918265
441.954700
441.988145
441.881914
441.918548
441.918369
441.951537
441.919024
441.954678
442.025053
441.918057
441.919542
442.030688
441.953334
441.918297
441.953528
441.953787
441.920071
441.953919
441.918882
441.957802
441.992800
442.064674
442.026481
441.990838
441.990787
441.990485
441.952056
442.023730
441.990775
442.025044
441.918006
441.956749
441.955067
441.990259
441.954293
441.991002
441.883966
442.023686
441.989871
441.989455
442.026494
442.064684
441.990842
442.026508
442.029841
441.918845
441.886780
441.885231
441.989001
442.026669
441.991065
441.954662
441.918885
441.955019
441.954911
441.919870
441.993315
441.991186
441.953294
441.956171
441.990807
441.956938
442.031160
441.919338
441.920326
441.916957
441.881092
441.847071
441.917659
441.918481
441.884192
441.883999
441.917477
441.883704
441.953363
442.031147
442.069003
441.850207
441.848637
441.921323
441.850344
441.992545
441.883493
441.883481
441.885032
441.918353
441.918856
441.884805
441.851543
441.924734
441.919308
441.921877
441.919837
441.888519
441.922349
442.030699
442.030200
441.953361
441.953351
441.880629
441.881119
441.881615
441.955456
441.847376
441.880783
441.849454
441.850248
441.849003
441.845744
441.846045
441.812523
441.813008
441.811720
441.812018
441.880074
441.881590
441.847346
441.881374
441.847357
441.846588
441.957689
441.848594
441.920415
441.885283
441.918839
441.885300
441.954911
441.924138
441.778151
441.778155
441.924437
441.777661
441.957197
441.917244
441.921210
441.885778
441.886391
441.918322
441.845809
441.812250
441.882129
441.881356
441.881596
441.882094
441.919101
441.846600
441.813041
441.882639
442.032263
442.030980
442.031729
442.030458
441.881888
441.881930
441.882412
441.956730
441.848648
441.849462
441.850224
441.847847
441.849393
441.957162
441.958463
441.923919
441.778415
441.925209
441.884256
441.813792
441.811989
441.886604
441.815349
441.813532
441.953076
441.922599
441.922678
441.992192
441.918552
441.919357
441.993311
441.993340
441.882415
441.883220
441.922174
441.993250
441.954337
441.955142
441.990794
441.920416
441.962500
441.962578
441.962656
441.920942
441.957178
441.995436
441.992339
441.960001
441.996894
441.921404
441.887117
441.956163
441.995257
441.957399
441.992101
441.991293
441.957448
442.036820
441.922294
441.957688
441.957224
441.956897
441.775313
441.774993
441.960749
441.993891
441.960438
441.961273
442.071905
441.961034
442.127447
442.038818
442.070296
441.997278
441.997753
442.036230
441.920113
441.997586
441.884293
441.919128
441.920109
441.884279
441.921382
441.998865
441.885562
441.956179
441.954631
442.033183
441.956179
441.956551
441.954148
441.915865
441.915886
441.882438
441.881426
441.882418
441.848381
441.881621
441.918264
441.880799
441.917989
441.846637
441.880801
441.843666
441.883222
441.847615
441.846492
441.847280
441.813578
441.848118
441.847527
441.883450
441.881659
441.884736
441.848127
441.920150
441.880881
441.881383
441.917955
441.847360
441.917226
441.848861
441.850146
441.848071
441.849206
441.881826
441.920961
441.990730
441.956415
441.920632
441.954880
441.955444
441.994760
441.992158
441.922538
441.990952
441.923022
441.997378
441.919964
441.919142
441.918661
441.918277
441.989572
441.951507
441.993762
441.881331
441.881324
441.847583
441.954463
441.881668
441.882144
441.847105
441.954462
441.880349
441.881644
441.881109
441.881099
441.848379
441.955256
441.881608
441.918380
441.918082
441.917554
441.917256
441.918018
441.919595
441.919114
441.917194
441.990035
441.952568
441.922374
441.957535
441.917555
441.920080
441.958022
441.920560
441.957724
441.920259
442.034045
441.881306
441.848027
441.918873
441.848337
441.845971
441.846281
441.957983
441.882455
441.957688
441.882462
441.882458
441.921436
441.853483
441.889103
441.885628
441.887239
441.886411
441.851871
441.851908
441.851412
441.886324
441.953382
441.885940
441.884772
441.955146
441.954319
441.918823
441.884769
441.921244
441.956878
441.919323
441.919817
441.964519
441.999155
441.998244
442.033673
441.957795
441.921798
441.957405
441.920327
441.920020
441.993887
441.920913
441.920917
442.033471
442.035135
442.032664
442.031735
442.070844
442.070356
442.027898
441.959260
442.028920
442.028513
442.063577
442.069604
442.069615
441.991729
441.993073
442.106527
442.106028
441.993250
441.999901
442.035078
442.035885
442.037851
442.000253
442.035787
442.035144
441.998011
442.033191
442.038744
442.034770
442.000491
441.997784
442.034848
442.000708
442.070811
442.033820
442.028882
441.959937
441.961490
441.961830
441.961553
441.961055
441.959518
441.995545
441.955666
442.030925
441.956144
441.955842
441.956689
441.956262
441.994749
441.882681
441.955488
441.880834
441.915138
441.915651
441.882094
441.880629
441.882393
441.878785
441.918055
441.847079
441.847540
441.992711
441.954863
441.845230
441.991623
441.883161
441.882361
441.991213
441.919019
441.916487
441.882918
441.955436
441.917978
441.917957
441.917170
441.883716
441.921784
441.886673
441.960617
441.848085
441.959653
441.881615
441.881624
441.954057
441.847057
441.919863
441.848338
441.921134
441.883139
441.847567
441.919071
441.884204
441.883419
441.847840
441.919863
441.848371
441.919092
441.991075
441.917439
441.917456
442.025850
441.920341
441.919557
441.882654
441.882048
441.846798
441.880536
441.953549
441.881089
441.881956
441.881787
441.882874
441.953558
441.846275
441.881353
441.882640
441.883402
441.884495
441.954402
441.954416
442.031590
442.031557
442.065824
441.993000
441.920388
441.883937
441.848644
441.919870
441.919630
441.882683
441.882861
441.847890
441.881342
441.993621
441.957764
441.920450
441.922657
441.992007
441.919067
441.884219
441.847333
441.919076
441.920908
441.849930
441.920375
441.881291
441.919069
441.847350
441.919865
441.990555
441.991071
442.026640
441.919011
441.918231
441.918259
441.918265
442.026640
441.918743
441.920616
441.919852
441.991991
441.992524
441.917512
441.879036
441.881314
441.882099
441.953580
441.845783
441.920632
441.849659
441.954718
441.884205
441.884780
441.956317
441.922358
441.887251
441.956028
441.956523
441.955224
441.956309
441.921580
442.032414
442.032376
441.956007
441.921274
441.952819
441.952798
441.916943
441.916952
442.026894
442.028162
441.989674
441.917997
441.883188
441.880834
441.920099
441.989649
441.955643
441.848379
441.918244
441.918746
441.883416
441.956202
441.918446
441.992388
442.031031
442.031818
442.065766
441.920182
441.921793
441.920201
441.921776
442.068497
442.070278
442.034650
442.034661
442.064879
442.071116
441.999018
441.999556
441.997271
441.997349
441.999478
442.035012
442.036821
442.072389
442.034886
442.070420
441.994908
441.963677
441.776604
441.776774
441.776282
441.777102
441.777414
442.204918
442.158066
442.158084
442.152026
442.116002
442.116002
442.116001
442.116005
442.077702
442.077702
442.115484
442.115484
442.081071
441.880333
441.880344
441.810729
441.812264
441.812762
441.846565
441.917714
441.846550
441.813053
441.811478
441.811972
441.844980
441.844976
441.812267
441.881135
441.811927
441.846249
441.811740
441.812038
441.844483
441.812238
441.845771
441.845475
441.847590
441.846271
441.844982
441.810645
441.810943
441.811226
441.847091
441.846015
441.845743
441.847091
441.880617
441.880297
441.845431
441.776567
441.847325
441.847039
441.848875
441.848607
441.848339
441.847821
441.846542
441.847319
441.846570
441.811509
441.919306
441.846533
441.812014
441.812198
441.918981
441.811419
441.846820
441.846533
441.989186
441.846265
441.846269
441.846824
441.844963
441.919301
441.918805
441.916444
441.952269
441.916444
441.918291
441.952273
442.026140
441.988964
442.026108
441.988978
441.988959
442.026136
441.951496
441.951492
441.917495
441.915648
441.917999
441.915656
441.918495
441.956920
441.889732
441.922144
441.959671
441.958831
441.884553
441.885064
441.883740
441.883768
441.963481
441.960455
441.959612
441.919698
441.920168
442.033806
441.882130
441.920669
441.883448
441.849412
441.884458
441.954146
441.882889
441.883699
441.988398
441.919110
441.881898
441.847852
441.883694
441.952576
441.883419
441.880054
441.882937
441.954198
441.954209
441.918943
441.955557
441.953140
441.918331
441.989045
441.955004
441.952889
442.031886
441.920362
441.920862
441.882168
441.882366
441.991553
441.991081
441.885098
441.955485
441.848918
441.920739
441.956332
441.881341
441.881337
441.991598
441.956934
441.922573
441.958174
441.952522
441.952817
441.952517
441.952809
442.028875
441.990973
441.989700
441.990745
441.919812
441.956486
441.955160
441.990703
441.989408
441.917949
441.990767
441.917979
441.990804
441.956507
442.027384
442.026628
442.026602
441.885027
441.919815
441.918281
441.919842
441.954162
441.920674
441.956276
441.992756
441.992765
441.917767
442.030675
441.917756
441.920840
442.035113
441.958224
441.920235
441.920235
441.921677
441.991154
441.920918
441.991968
442.028769
442.031268
441.921977
441.957486
441.956433
441.957787
441.995961
441.997591
441.955218
441.955218
441.995288
442.028931
442.030203
441.958867
441.955989
441.919092
441.882395
441.881121
442.029676
442.034604
441.882963
441.882963
441.955118
441.956155
441.989967
441.955124
441.954554
441.952528
441.919288
441.956183
441.955710
441.954835
441.953336
441.885139
441.885139
441.883766
441.883766
441.918840
441.920288
441.991306
441.956428
441.958303
441.957342
441.956441
441.990979
441.956461
441.921477
441.958030
441.991503
442.030625
441.959439
441.922314
441.990806
441.922378
441.956094
441.991305
442.068806
441.956041
441.921507
441.884554
441.884553
441.953000
441.953824
441.957551
441.993189
441.917822
441.917821
441.951469
441.952283
441.955415
441.919645
441.955169
441.953800
441.954625
441.958339
442.027433
441.953277
441.954634
441.920873
441.954914
441.918325
442.026072
441.918326
441.952828
441.991316
442.026905
441.955778
441.921049
441.918232
441.882637
441.988627
441.916164
441.917751
441.917097
441.952007
441.953887
441.919028
441.883440
441.989432
441.916966
441.919340
441.919169
441.917033
441.954689
441.988980
441.885411
441.991526
442.028611
441.996654
441.991457
441.958214
442.070243
441.989102
441.993358
442.104828
442.028755
442.031240
441.991645
441.995107
441.992439
442.031762
442.032579
442.066169
441.992833
441.922754
442.032593
441.991769
442.031540
441.993141
442.032908
442.027912
441.993502
441.993494
442.030036
442.027735
442.030850
441.993206
442.028342
442.064441
441.991530
442.071042
442.031765
442.028760
442.030039
442.027735
442.030867
441.991530
442.064441
442.028760
442.072336
441.958273
441.957230
441.958584
441.996747
441.998382
441.958496
442.062186
441.919303
441.918792
441.916442
441.916460
441.918001
441.960345
442.030996
441.952276
441.919549
441.919257
441.991536
441.880527
441.880523
441.916668
441.917155
441.916669
441.918244
441.953592
441.953318
441.953845
441.921120
441.920833
441.955683
441.922209
441.956513
441.993112
441.991840
441.883710
441.918487
441.916960
441.919273
441.882430
441.954895
441.848889
441.918563
441.918559
441.920152
441.954958
441.882111
441.882107
441.991571
441.957708
441.959647
441.956758
441.919089
441.888980
441.886406
441.887192
441.810341
441.777211
441.847008
441.846781
441.848820
441.813028
441.849139
441.846783
441.846587
441.813852
441.848668
441.847375
441.778731
441.813021
441.813239
441.812218
441.811417
441.922191
441.919643
441.919672
441.924141
441.815445
441.811426
441.813813
441.990351
441.954557
441.953255
441.990351
442.067752
441.881389
441.881557
441.989502
441.954880
441.882740
441.992059
441.992073
441.988949
441.921377
441.919339
441.882945
441.883729
441.919640
442.029080
441.918293
441.884267
441.919841
441.919036
441.814864
441.958757
441.958401
441.883196
441.850168
441.849075
441.885619
441.958008
441.917553
441.917567
441.884807
441.884820
441.884036
441.884050
442.026618
441.951498
441.990810
441.954547
442.026618
441.951486
441.952808
441.990823
441.954402
441.954560
441.883992
441.849177
441.884277
441.885092
441.850754
441.850762
441.953871
441.953871
441.957602
441.957602
441.960407
441.885142
441.884337
441.960880
441.886106
441.885301
441.959727
441.960859
441.959032
441.920670
441.921857
441.957654
441.884313
441.883499
441.849990
441.918797
441.849993
441.883500
441.848696
442.033241
441.920361
441.919863
441.921857
441.957667
441.847641
441.918573
441.848421
441.881937
441.955438
441.813351
441.814121
441.814891
441.951151
441.882706
441.917532
442.025264
441.883462
441.916981
441.952543
441.848433
441.885639
441.848399
441.848368
441.814893
441.814113
441.848092
441.813274
441.880219
441.882310
441.921731
442.067795
441.953117
441.919619
441.919817
441.885593
441.919605
441.953114
441.953040
441.954022
441.921296
441.887270
442.028317
441.921314
441.954822
441.992169
442.065721
441.954047
441.921321
441.887295
442.028328
441.921342
441.954840
441.992180
442.068244
441.920158
441.886133
441.920148
442.065734
441.885256
441.953817
441.884755
441.990747
441.918321
441.883940
441.952508
441.881831
441.953013
441.883439
441.989436
441.916991
441.916664
441.953431
441.920705
441.886675
442.028207
441.920709
441.954217
441.988645
441.988396
441.995052
441.994212
441.848788
441.848573
441.846960
441.846694
441.847017
441.846512
441.995240
441.963776
441.957354
441.956560
441.957358
441.958644
441.958648
441.957595
441.920877
442.027360
442.027364
441.953611
441.920064
441.919781
441.953300
441.919547
441.920030
441.955103
441.918461
441.953569
441.991269
441.997042
441.996251
441.961707
441.927246
441.995365
442.029633
441.957031
441.921457
441.992317
441.957064
441.956726
441.957498
441.990695
441.957010
441.991836
441.957064
441.956722
441.920389
441.920571
441.920047
441.920268
441.955778
441.992672
442.027623
441.993825
441.993931
441.956762
441.957047
441.956480
441.957361
442.029499
441.955932
441.958074
441.956205
441.954908
441.989943
441.990952
441.919780
441.920557
441.995977
441.994613
441.955210
442.031223
441.919481
441.994770
441.955485
442.032337
441.960105
441.881841
441.881348
441.846538
441.847334
441.917260
441.880610
441.880113
441.880111
441.882187
441.918044
441.951303
441.879291
441.880101
441.915888
441.917046
441.952590
441.915132
441.915663
441.881868
441.989809
441.882142
441.918079
441.846854
441.848146
441.846100
441.919351
441.992534
441.880893
441.881689
441.883808
441.955027
441.848892
441.991571
441.881922
441.954438
441.882452
441.954452
441.917240
441.884019
441.955217
441.919327
441.994106
441.920127
441.880846
441.919637
441.919935
441.920718
441.920528
441.882158
441.919967
441.992771
441.916708
441.920385
441.994829
441.884006
441.884000
441.885302
441.849970
441.922538
441.993529
441.991909
441.845652
441.915816
441.881817
441.953537
441.952986
441.918992
441.882422
441.919073
441.810794
441.920193
441.882416
441.883206
441.883158
441.883959
441.920395
441.850468
441.956932
441.954715
441.953906
441.953709
441.952354
441.884236
441.954991
441.919022
441.920564
441.882402
441.883206
441.882870
441.882369
441.955994
441.956737
441.919872
441.916117
441.916613
442.030242
442.028973
442.028954
441.991790
441.990191
442.030229
442.030255
441.990208
441.993070
442.029341
442.028232
441.990781
441.883178
441.917207
441.956193
442.025224
442.029880
442.029506
442.031176
441.920641
441.885483
441.921179
441.953898
441.919349
441.917967
441.883950
441.954417
441.957546
441.849924
442.030063
441.994076
441.991682
441.884822
441.995358
441.995866
441.991661
441.995356
442.067330
442.065408
442.067065
442.067880
441.882110
441.882136
441.955185
441.884279
441.850191
441.849139
441.954645
441.953652
441.884822
441.885836
441.883842
441.883954
441.917505
441.917984
441.917191
441.918548
441.850471
441.955211
441.849987
441.919794
441.956189
441.916931
441.848400
441.881941
441.883674
441.955433
441.919022
441.955416
441.848423
441.882446
441.881645
441.954641
441.915662
441.882391
441.919311
441.953565
441.915907
441.881862
441.918506
441.846244
441.847041
441.918516
441.881374
441.880092
441.879763
441.846548
441.847827
441.846869
441.882082
441.881782
441.954111
441.918015
441.987050
441.917916
441.920119
441.954373
441.916404
441.883172
441.953920
441.918245
441.883673
441.882422
441.882891
441.954417
441.953328
441.992184
441.991386
441.950982
441.952264
441.916710
441.914605
441.992290
441.883028
441.988433
441.916921
441.849664
441.848128
441.953064
441.881909
441.882717
441.917523
441.848668
441.884337
441.884863
441.883746
441.884264
441.882748
441.919912
441.921198
441.952531
441.916633
441.953299
441.916657
441.881921
441.881423
441.881725
441.916663
441.993904
441.884637
441.921681
441.922452
441.920416
441.920396
441.995143
442.067633
441.952513
441.882903
441.952537
441.954705
441.954404
441.954204
441.952870
441.918494
441.884749
441.958112
441.918772
441.918539
441.918531
441.883726
441.884255
441.880697
441.953065
441.952266
441.916709
441.918007
441.917497
441.917480
441.917501
441.917033
441.953859
441.883652
441.882660
441.915205
441.915669
441.915165
441.915649
441.916166
441.915656
441.918512
441.917753
441.954423
441.918221
441.952070
441.847021
441.845461
441.953888
441.953906
441.954092
441.954370
441.884251
441.883260
441.883746
441.884738
441.916451
441.917753
441.917244
441.917749
441.917759
441.917295
441.919314
441.918542
441.849202
441.850279
441.849190
441.847889
441.921125
441.851018
441.849444
441.849430
441.883536
441.883534
441.884029
441.811712
441.884015
441.885298
441.850761
441.921364
441.813288
441.813302
441.919539
441.849372
441.847806
441.847848
441.919851
441.925180
441.813798
441.885052
441.847832
441.812961
441.813268
441.847582
441.848386
442.068267
441.990345
441.953248
441.954546
441.919766
441.919013
441.990349
441.920562
441.918497
441.920291
441.957400
441.917784
441.998053
441.991838
441.919721
441.954461
441.918317
441.916745
442.027426
441.956358
442.026650
441.920262
441.883930
441.918145
441.917037
441.918340
441.883951
441.918495
441.882904
441.917197
441.917706
441.881592
441.881310
441.989909
441.884456
441.882163
441.882867
441.847341
441.848581
441.882879
441.883399
441.882219
441.849402
441.851478
441.849398
441.849691
441.952546
441.916952
441.880557
441.880573
441.917739
441.844985
441.845760
441.845580
441.880861
441.880580
441.953321
441.917441
441.880255
441.880257
441.918224
441.844773
441.880254
441.953343
441.845161
441.845195
441.989719
441.990493
441.880615
441.880633
441.993660
441.919350
441.920152
441.849160
441.849962
441.885116
441.884619
441.879273
441.956894
441.952811
441.916945
441.919358
441.918467
441.879625
441.919343
441.953685
441.883709
441.918479
441.952527
441.916158
441.919057
441.917671
441.916177
441.882936
441.917697
441.917233
441.881840
441.952066
441.847324
441.845750
441.953129
441.916095
441.881063
441.919308
441.880260
441.958196
441.952586
441.847059
441.849115
441.847830
441.953617
441.881696
441.883780
441.883270
441.916789
441.881830
441.881633
441.883227
441.883042
441.883409
441.882155
441.884216
441.882427
441.882931
441.882421
441.882938
441.882473
441.880563
441.812293
441.849464
441.846502
441.916947
441.916948
441.883729
441.884725
441.881904
441.881904
441.884229
441.953271
441.848635
441.881652
441.849109
441.953061
441.847121
441.953384
441.881860
441.847591
441.883762
441.848385
441.952800
441.881615
441.954863
441.846585
441.883463
441.880601
441.883254
441.845749
441.846042
441.881594
441.954062
441.847833
441.884241
441.884046
441.846003
441.812763
441.850704
441.813553
442.069040
441.956275
441.886372
441.886681
441.990758
441.957434
441.958999
441.958726
441.996592
442.029090
441.962624
441.851014
441.850167
441.996395
442.029698
442.032317
442.068009
442.066732
442.028933
442.030210
441.991888
441.991896
441.957214
441.991276
442.029511
441.991253
441.956762
441.990214
441.919574
441.991745
441.884724
441.991567
441.955396
441.991576
442.027792
442.027775
442.064697
441.993294
441.993311
441.993464
442.029645
441.957556
441.958346
441.958862
441.957511
441.958575
441.991550
441.992893
441.993408
442.064103
442.065762
442.028916
442.030210
442.027775
442.027761
441.993276
441.993297
442.070326
441.993446
442.029627
441.956746
441.957536
441.958051
441.957021
441.957283
441.990258
441.919543
441.917949
441.991601
441.992115
442.064089
442.065743
441.880811
441.992886
441.994175
442.068293
441.958272
441.959554
442.068292
441.957454
441.958240
441.956903
441.880903
441.882172
441.958200
441.811445
441.917027
441.845479
441.844130
441.881770
441.847504
441.847789
441.847334
441.921209
441.922495
441.883162
441.956271
441.957058
441.919333
441.881663
441.882447
441.917453
442.031508
442.030216
442.030987
442.029707
441.847887
441.919952
441.919942
441.882658
441.920150
441.919641
441.952053
441.953678
441.916656
441.953178
441.882578
441.916636
441.882092
441.952857
441.880365
441.913833
441.880857
441.880333
441.846582
441.846568
441.776878
441.923176
441.847176
441.848435
441.924463
441.812537
441.883793
441.811202
441.812533
441.884581
441.811197
441.848827
442.031012
441.885306
441.918529
441.922278
441.956904
442.031026
442.029430
441.958188
441.923464
441.919592
441.957408
441.886928
441.995447
441.919684
441.952334
441.918036
441.918040
441.957929
441.921118
441.992504
441.882601
441.881025
441.847856
441.953101
441.882396
441.881097
441.953882
442.026327
441.881921
441.882420
441.882430
441.881133
441.881647
441.882934
441.958923
441.919002
441.959723
441.919815
441.847614
441.847330
441.813079
441.917850
441.847610
441.846296
441.847577
441.846808
441.813852
441.918632
441.848382
441.847078
441.958473
441.881143
441.918560
442.103057
441.992987
441.883764
441.992526
441.992194
441.883279
441.883254
441.954068
441.846821
441.847303
441.846481
441.847516
441.846694
441.922584
441.814803
441.813208
441.814025
441.813223
441.776578
441.809947
441.844954
441.846802
441.847304
441.881637
441.847096
441.846814
441.846322
441.846304
441.880325
441.846352
441.846834
441.881612
441.847112
441.881626
441.812280
441.811968
441.812434
441.810843
441.811656
441.810854
441.991751
441.956909
442.068869
441.956491
441.957304
441.957511
442.027807
442.032443
442.029760
442.031762
442.033016
441.993475
441.996065
441.998664
442.028573
441.923171
441.924518
441.958757
441.962128
441.995053
441.998475
442.029566
442.029569
442.104840
441.991528
442.029261
441.959203
441.992015
442.031260
441.990756
442.069821
441.991304
441.922093
441.956295
441.956775
442.026642
442.028174
442.064559
441.993208
442.027928
442.067210
441.956776
441.991810
442.065427
442.107458
442.063740
441.990966
442.027094
441.990164
442.103144
441.990947
442.065931
441.993331
442.064260
442.068030
442.032500
441.961514
442.027365
441.994250
441.992388
441.954063
441.919011
441.919007
442.027691
441.955713
441.921505
441.956244
441.922806
441.956758
441.955463
442.064493
441.956792
442.028487
441.957340
441.993676
441.957357
441.953889
442.066044
441.954945
441.954441
441.884510
441.994023
441.953853
441.989489
441.953299
441.956545
441.917785
441.918018
441.917983
441.954931
441.953583
441.919331
441.954927
441.952798
441.919320
441.956747
441.993713
441.884748
441.993283
441.953389
441.885396
441.996197
441.886687
441.885390
441.956569
441.956573
441.995232
441.991264
441.959353
441.919417
441.918601
442.034037
441.921905
441.958876
441.918124
441.921425
441.952609
441.957615
441.989842
441.989026
441.953069
441.992849
442.107411
441.956839
441.957342
441.923414
441.956861
441.922929
441.887809
441.882084
441.956711
441.956196
441.956251
441.882118
441.882098
441.955461
441.955001
441.956232
441.956209
441.956232
442.027601
442.027799
441.994895
441.918888
441.918592
441.918894
441.992563
441.957443
441.955854
441.997359
441.956363
441.956858
441.955549
441.954774
441.996262
441.955079
441.996567
442.065909
442.030314
441.959312
441.958353
441.956294
441.956308
442.065850
442.030269
441.919106
441.883928
441.918298
441.882099
441.919611
441.955384
441.918616
441.844937
441.882075
441.990293
441.919142
441.955368
441.915965
441.915161
441.991090
441.916946
441.916663
441.916674
441.916668
441.916190
442.025877
441.919072
441.884684
441.919849
441.884427
441.919093
441.955641
441.920649
441.847282
441.991060
441.992758
441.991838
441.883202
441.883193
441.919406
441.847314
441.847320
441.954368
441.994557
441.955429
442.027130
441.958322
441.922582
441.991025
442.029496
441.995070
441.993762
442.067643
442.068520
441.993593
441.994120
441.921928
441.955209
441.991479
442.031075
442.110448
441.962128
441.956560
441.957002
441.957042
442.031713
442.065191
441.997149
441.997738
441.961008
441.922737
441.955591
441.958233
441.956389
441.920202
441.954705
441.885374
441.953215
441.952698
441.919164
441.991687
441.997325
441.885290
441.998698
441.919208
441.955369
441.955094
441.885004
441.998398
441.990914
441.956713
441.918088
441.919380
442.030214
441.919164
441.987301
441.916700
441.953786
441.917489
441.916917
441.954568
441.954593
441.917503
441.954597
441.916700
441.988094
441.954303
441.918760
441.955080
441.954563
441.918288
441.879755
441.954573
441.915858
441.915858
441.988158
441.989439
441.988957
441.988172
441.951754
442.060850
441.950968
441.949456
441.951792
441.949456
442.060354
441.952288
441.950968
441.916460
441.916417
441.916435
441.916412
441.988396
441.953610
441.989186
441.917819
441.880103
441.880095
441.953620
441.882642
441.883444
441.882640
441.883934
441.953414
441.954089
441.954113
441.957159
442.031009
441.954978
442.027689
441.953582
441.918854
441.993485
441.954748
441.954748
441.953347
441.952963
441.951450
441.951445
441.989941
442.026595
441.955212
441.988117
441.954670
442.023905
441.953333
442.024733
441.993829
442.027454
441.993543
441.919034
441.918232
441.992699
441.993640
441.994929
441.953587
441.920112
441.955202
441.953876
441.919257
441.918785
441.920401
441.955707
441.954877
441.921399
441.992109
441.954713
441.955191
441.955173
441.957419
441.993454
441.918323
442.033994
441.919184
441.919111
441.957620
441.956262
441.887961
442.034381
441.887076
441.957322
442.033564
441.886265
441.991471
441.992616
441.955392
441.921673
442.068084
441.920784
441.955304
441.989599
441.955398
442.067517
441.956031
441.955831
441.954486
441.954193
441.953458
442.067159
441.952328
441.987344
441.950901
441.955533
441.955333
441.952477
441.953974
441.954478
441.952974
442.067138
442.026610
441.955463
441.921744
442.068168
441.920859
441.888025
442.034449
441.887140
441.991910
442.180839
442.034186
441.919365
441.919623
441.919126
441.920079
441.955229
441.918607
441.993431
441.884010
441.883208
441.994398
441.992319
441.990961
441.992008
441.996493
441.990160
442.030507
442.065781
441.962770
441.996298
442.110498
441.962686
441.958353
441.956981
441.921605
441.958045
442.066162
441.957173
441.955815
441.956879
441.995371
441.993748
441.958079
441.997805
441.997219
441.992245
441.952620
441.956586
441.918623
441.921938
441.883114
441.887356
442.001567
441.918634
441.884420
441.998625
441.957156
442.001262
441.956662
441.953331
441.919369
441.885821
441.885527
441.919371
441.954914
441.990149
441.955899
441.954541
441.991162
442.027634
442.068638
441.991962
441.993548
441.994079
441.958056
441.956712
441.993502
441.957837
441.996732
441.956697
441.955339
441.991180
442.028425
441.954901
442.028887
441.992753
441.994345
441.991049
442.027982
441.954904
441.992303
441.994878
442.034828
441.995856
441.922452
441.920846
441.992861
442.031399
442.106225
441.918564
441.956891
441.918912
441.918616
441.918915
441.953085
441.953094
441.883664
441.917217
441.882902
441.953386
441.916144
441.881315
441.881038
441.990411
441.993447
442.068338
441.957994
441.958296
441.953858
441.848880
441.847284
441.922219
441.812759
441.881907
441.920095
441.846002
441.882668
441.882883
441.847832
441.883216
441.848882
441.919843
441.882139
441.959798
441.990771
441.990771
441.850293
441.991888
441.991888
441.994980
441.919897
441.920685
441.882098
441.882397
441.880549
441.913838
441.880312
441.880750
441.879933
441.922239
441.881165
441.881199
441.952308
441.953103
441.882131
441.881915
441.918290
441.994544
441.994183
441.918637
441.918641
441.994183
441.956070
441.956344
441.992513
441.916489
441.918368
441.918595
441.953866
441.883446
441.882158
441.813253
441.884791
441.812149
441.884473
441.846368
441.882148
441.814041
441.885569
441.812450
441.883202
441.917784
441.953857
441.992488
441.915673
441.919388
441.994928
441.883143
441.883338
441.881828
441.881036
441.881797
441.952472
441.916666
441.917181
441.917687
441.916374
441.915900
441.916686
441.956062
441.956558
441.955245
441.921854
441.885452
441.921521
441.883919
441.883613
441.882108
441.989441
441.919918
441.883703
441.917458
441.917954
441.916957
441.995244
442.029458
441.992794
442.108148
441.955520
441.955534
441.920239
441.922204
441.921894
441.955898
441.920221
441.994792
442.027631
441.886113
441.884265
441.847883
441.885809
441.919731
441.918433
441.883438
441.918260
441.917225
441.881405
441.920926
441.957447
441.996042
441.921073
441.886226
441.886208
441.993626
441.885068
441.885069
441.950435
441.918295
441.920872
442.025589
441.954891
441.954609
441.918296
441.952746
442.028459
441.959063
442.029930
441.921054
442.030879
441.955719
441.920455
441.955224
441.955152
441.954402
441.954405
441.921457
441.955667
441.990970
441.993959
442.032695
441.961821
441.996720
441.993353
441.955895
441.952749
441.991363
442.027959
441.956306
441.954539
441.954450
441.955897
441.992845
441.882608
441.920445
441.955876
441.917963
441.955597
441.992381
441.954910
441.994113
442.027320
441.956623
442.069341
441.921700
441.918884
441.920176
442.031010
441.919959
441.917968
441.953118
441.917648
441.916125
441.953762
441.953095
441.917701
441.954049
441.953615
441.955721
441.989415
442.026357
442.026807
441.915978
441.883426
441.884232
441.883424
441.884732
441.989687
441.954198
441.885050
441.954887
441.954901
441.920636
441.920361
441.920677
442.026093
441.989839
441.883699
441.917949
442.024586
441.916952
441.955238
441.990197
441.994106
442.027780
441.956627
442.070612
441.921679
442.031805
442.063743
441.991900
441.988434
441.988160
441.989437
441.953685
442.064074
442.028987
442.026254
441.991528
442.106893
441.882418
441.849438
441.849922
441.850702
441.882966
441.955530
441.955530
442.031503
441.957062
441.919920
441.919904
441.957076
441.918819
441.919608
441.994005
442.030045
441.920429
441.919928
441.918776
441.990711
442.033542
441.918757
441.955728
441.956025
441.990875
442.033720
442.028131
441.990652
441.921224
441.885593
441.885375
441.922968
441.923979
441.924287
441.922916
442.030275
441.963729
441.998570
441.956825
441.918432
441.956328
441.952828
441.954144
441.955039
441.917141
441.919229
441.917456
442.065009
441.917451
441.989253
441.957042
441.919901
441.919886
441.957056
442.030542
441.886790
441.885002
441.955256
441.883375
441.886800
441.957977
441.884410
441.955040
441.884709
441.921730
441.957937
441.957658
441.994128
441.919606
442.030371
442.029013
441.957739
441.960484
441.996884
442.032568
441.991810
441.956770
441.991999
441.991834
441.920298
441.920583
441.956460
441.955151
441.920322
441.992521
442.027780
442.030278
441.997077
441.991309
441.989947
441.991001
442.025572
442.140025
441.992712
441.957047
441.956166
442.027241
441.956158
441.958201
441.994095
441.991590
441.993600
441.958407
442.027319
442.028047
441.992125
441.993879
442.104842
442.029974
441.992781
441.991409
441.992470
441.991499
442.099179
442.063514
442.027044
442.065566
441.991521
442.101311
442.065558
442.030123
442.032238
442.029103
442.069704
441.954595
441.990222
441.988632
442.025869
441.990022
442.065087
442.028449
442.065103
442.099326
442.029259
441.991346
441.991315
442.025576
442.025577
441.956012
441.992150
441.991311
441.956274
441.990536
442.064677
441.957174
442.036780
441.992610
441.991249
441.992313
442.064279
442.028621
441.993743
441.960033
441.992953
442.030562
442.031283
442.029082
441.957471
441.956110
442.028670
441.996147
441.993472
442.108908
442.110034
442.107969
442.069700
441.997814
441.997502
442.063855
442.029152
442.028676
442.070757
441.915638
441.880810
441.950398
441.949617
442.025202
441.950985
441.916964
441.915026
441.916623
442.025983
441.916650
441.916929
441.952487
441.881822
441.918241
441.775483
441.810519
441.775185
441.810528
441.919857
441.920675
441.922139
441.885503
441.850997
441.883674
441.922142
441.883385
441.883917
441.881585
441.887488
441.922524
441.959313
441.810943
441.810962
441.812537
441.919885
441.883923
441.846571
441.882374
441.883730
441.882356
441.882139
441.881716
441.846552
441.846538
441.884202
441.884491
441.883444
441.884204
441.810732
441.882098
441.850018
441.922085
441.850290
441.849705
441.809844
441.810932
441.847329
441.847064
441.849439
441.812261
441.848353
441.846268
441.848148
441.810623
441.810917
441.845677
441.813047
441.848477
441.810416
441.848096
441.883640
441.846718
441.846734
441.847333
441.847818
441.809346
441.811722
441.811699
441.920146
441.881671
441.885016
441.919369
441.848122
441.847820
441.919122
441.813853
441.848873
441.990342
441.915882
441.847908
441.917861
441.882467
441.880836
441.843682
441.846929
441.917358
441.917505
441.881590
441.952308
441.918004
441.881596
441.991438
441.883820
441.847295
441.848073
441.881151
441.880158
441.952339
441.847096
441.880829
441.915317
441.813008
441.813513
441.812232
441.993941
441.957409
441.885012
441.952834
441.952308
441.987270
441.918298
441.916656
441.916652
441.848318
441.954102
441.847243
441.882177
441.883179
441.882700
441.917476
441.916667
441.917467
441.882367
441.882371
442.030284
442.031547
442.029746
442.039646
442.035547
442.031482
441.885280
441.918499
441.956021
441.848536
441.883369
441.955171
441.918317
441.957288
441.921173
441.919892
441.919571
441.960821
442.039322
441.995922
442.032530
441.959707
442.038211
441.994814
442.031419
442.035202
442.034799
442.032016
441.998022
442.030458
442.036335
442.034036
442.040438
441.992831
441.993368
442.030090
442.030094
441.958667
441.960528
441.962007
441.991002
441.999849
441.997038
441.956235
441.921696
441.990659
441.921244
441.920762
441.923306
441.959713
441.957873
441.848860
441.956287
441.920081
441.956766
441.882912
441.884496
441.848874
441.850618
442.112572
442.112572
442.112572
442.116089
442.116089
442.112572
442.112572
442.119010
442.040451
442.040451
442.119014
441.961974
441.999130
441.997516
441.995505
441.957384
441.957382
441.997614
441.960339
441.959041
441.921581
441.920318
441.922863
442.030804
442.064106
441.918622
441.918632
441.919142
441.957657
442.065445
441.957259
441.992052
441.885360
441.961497
442.030092
441.996799
442.030658
441.956867
441.993259
441.956852
441.993241
441.996330
442.031130
442.030319
441.958951
441.954667
441.954663
441.955173
441.993731
442.067358
441.991564
441.992078
441.991787
442.106929
442.106139
441.992885
441.921405
441.921786
441.850157
441.922328
441.957376
441.957373
441.959314
441.960601
441.958109
441.958893
441.957972
442.030522
442.031353
442.032612
441.998475
441.995241
441.994126
441.996301
442.032036
441.995979
442.031468
441.995459
441.958083
441.886128
441.989684
441.955706
441.955917
442.029735
441.956993
442.036278
441.884264
441.919867
441.887458
441.885591
441.920168
441.955384
441.920851
441.919450
441.919949
441.920139
441.920749
441.955785
441.992098
441.920350
441.885028
441.956003
441.953317
441.918753
441.919574
441.917480
441.990241
441.917749
441.989514
441.919038
441.953872
441.951813
442.023748
441.953651
441.951774
441.950156
441.953567
441.989776
441.955814
441.990850
441.848890
441.851049
441.885075
441.990754
441.885079
441.852150
441.886179
441.883725
441.955684
441.920329
441.885810
441.921943
441.956453
441.921496
441.955158
441.956575
441.956885
441.956138
441.991173
441.989754
441.919071
441.919056
441.955932
441.956227
441.989239
441.918102
441.989534
441.950998
441.953589
441.953843
441.953898
441.956197
441.954990
441.954267
441.954761
441.954971
441.918856
441.918627
441.988550
441.918367
441.918109
441.917336
441.989329
441.916484
441.919113
441.989025
441.918842
441.989305
441.917811
441.989239
441.919203
441.918099
441.989547
441.989434
441.951444
441.989437
441.951991
441.951729
441.917338
441.988923
441.918034
441.953600
441.916839
441.916623
441.916661
441.915721
441.916417
441.990460
441.990756
441.919809
441.883817
441.918321
441.850297
441.884326
441.884312
441.848985
441.883000
441.919668
441.991401
441.885129
441.919633
442.198718
442.113748
442.116275
442.116271
442.192307
442.192311
442.116274
442.116288
442.079181
442.079181
442.113748
442.108791
442.198714
442.108791
442.108791
442.198728
442.113748
442.113748
442.116271
442.192325
442.192307
442.116288
442.116271
442.079181
442.079181
442.198728
442.108791
441.960023
441.958908
441.998104
441.996990
442.035163
441.997560
441.997392
442.074586
441.955724
441.955033
441.956343
441.989702
441.955938
441.998157
442.000470
441.996139
442.033294
442.032496
442.069122
442.037393
442.031643
442.030535
442.035313
442.038111
441.996570
441.923053
441.917525
441.918035
442.027872
441.956778
441.989755
441.990174
441.956212
441.991402
441.991421
441.955756
441.994353
441.956195
441.991388
441.991403
441.990178
441.954677
441.954692
442.027868
441.994365
441.994357
441.920584
441.990729
441.956477
441.918745
442.105677
441.992208
441.991011
441.953822
442.024742
441.990499
441.954170
441.954866
442.026992
441.953823
441.987833
441.990263
441.955198
441.990587
441.920156
441.993522
441.920852
442.027737
441.989960
441.920745
442.069350
442.028793
442.025957
442.028002
441.921612
441.955828
441.991716
442.069674
442.029098
441.991687
442.027831
441.921935
441.956151
442.034266
441.886529
441.959876
442.029800
441.921634
441.957200
442.029243
441.995966
442.065449
442.066077
441.988943
441.955189
442.026681
441.952716
442.068552
441.991427
442.026150
441.954083
441.952803
442.067506
441.990415
442.029497
441.958186
442.031320
441.988957
441.951976
441.955199
441.886354
441.992554
441.992506
441.956970
441.919616
441.920126
441.919615
442.064590
441.958180
441.995212
441.957293
441.990265
441.959304
441.920720
441.921230
441.955962
441.957906
441.918852
441.919362
441.918852
441.923911
441.995121
442.027670
441.921768
441.992099
442.028333
442.068706
442.106169
441.956495
441.992078
442.069050
441.956078
442.028003
441.955525
442.028484
441.921309
442.030039
442.103875
441.921000
441.921000
442.062808
441.954030
441.954519
442.106183
442.064635
442.026170
441.956713
441.990929
441.987805
442.026538
442.027780
442.062274
442.103646
442.065311
441.993591
442.029544
441.922261
441.957844
441.995805
442.068960
442.031383
441.994422
441.959709
441.953901
441.953906
441.954033
441.921003
441.954519
442.062808
441.921004
441.992978
441.994032
441.993944
441.954598
442.027211
442.028247
441.956882
442.028798
441.991938
442.026882
442.028501
441.954603
441.921379
441.957286
441.954601
441.920060
441.957273
441.990744
441.990747
441.992516
441.992237
442.028794
442.026757
442.028807
442.027181
442.064143
442.029203
441.957168
442.027243
441.992130
442.026992
441.988362
442.140432
441.954915
441.992575
442.028636
441.992500
442.029125
442.027519
441.953098
441.954127
441.990810
441.920359
441.990809
442.024264
441.954905
441.951452
441.991830
442.024267
442.025370
441.988361
442.065635
441.993583
441.955917
441.990133
441.987009
442.072520
442.001264
442.073398
442.072483
442.068071
442.031684
441.995457
441.996761
441.996152
441.999435
442.030561
442.068190
442.067179
441.962279
441.847579
441.883490
441.847097
441.920613
441.845743
441.847320
441.846602
441.919610
441.846601
441.919132
441.883258
441.883556
441.993084
441.881311
441.882137
441.880819
441.883206
441.883496
441.881892
441.915234
441.916013
441.881549
441.882519
441.846614
441.919653
441.920927
441.919968
441.920725
441.883265
441.883553
441.883571
441.993096
441.882959
441.992800
441.808418
441.811066
441.809517
441.809531
441.811629
441.811354
441.808711
441.879833
441.880330
441.879046
441.879820
441.879835
441.775789
441.810615
441.775804
441.810653
441.810629
442.030280
442.030278
441.920260
441.921444
441.920948
441.919944
441.991653
441.916199
441.993220
441.915403
441.953750
441.918314
441.918178
441.918659
441.844632
441.919129
441.884613
441.846791
441.847583
441.917177
441.843836
441.879495
441.845451
441.882036
441.881713
441.957390
442.030427
442.029954
442.028475
442.030893
441.993637
442.028473
442.029934
441.994816
442.027642
441.921416
441.955922
441.917455
441.956410
441.920761
441.991150
441.918750
441.951983
441.955391
441.990796
441.954373
441.953795
441.956585
441.991325
441.918798
441.957257
442.028329
442.029611
441.953804
441.920950
441.919787
441.952813
441.920839
441.992945
441.921641
441.918239
441.956217
441.916944
441.916935
441.990268
441.991078
441.954684
441.956747
441.958050
442.032705
441.955743
441.918046
441.918997
441.919389
441.918996
441.920437
441.990820
441.919886
441.919317
441.993987
441.954889
441.954892
441.955711
441.990984
441.921447
441.920952
441.996056
441.957457
441.921427
441.996734
441.996123
441.918540
441.919026
441.923364
441.958174
441.991503
441.955651
441.953070
441.955651
441.918754
441.953845
441.994824
441.993538
441.922538
441.957912
441.921483
441.955709
441.957300
441.960265
441.918569
441.961834
441.961501
442.033816
442.070294
441.959452
441.991555
442.032663
441.918470
441.922351
441.921505
441.991942
441.954786
441.955234
441.989889
441.919263
441.995094
442.027165
441.955264
441.920730
441.921595
441.954168
441.954439
441.989579
441.954177
441.993863
441.957336
441.991581
441.991732
442.026334
441.956476
441.955660
441.955204
441.991719
442.026321
441.988654
441.955934
442.068184
441.957201
441.957345
441.995162
441.919286
441.921559
441.920713
441.991136
441.953995
441.917966
442.027148
441.995090
442.031423
441.919756
441.990875
441.919949
441.921605
441.954953
441.954964
441.956458
441.956141
442.026307
441.956964
442.026293
441.994400
441.954689
441.954675
442.028401
442.030176
442.030986
441.919808
441.883726
441.953653
441.954953
441.954942
441.959798
441.885010
442.031031
442.032512
442.068481
442.068453
442.032512
441.992526
441.990600
441.918828
441.884747
441.884767
441.993066
441.916984
441.918285
441.957375
441.990845
441.886875
441.886080
441.958529
441.882943
441.992389
441.882925
441.919340
441.994172
441.995958
441.956829
441.851521
442.024593
441.953850
441.919546
441.954886
441.954100
441.920356
441.920046
441.918780
441.919552
441.990839
441.951493
441.915664
441.882127
441.953294
441.882970
441.917502
441.882970
441.953568
441.920345
441.954892
441.954110
441.920379
441.920074
441.919574
441.991320
441.990471
441.993087
442.067541
442.102808
441.991787
441.991347
441.957243
441.919336
442.027751
441.920636
442.028872
441.919617
441.953286
441.989950
441.957663
441.884311
441.885611
441.993851
442.034018
441.883458
441.885087
441.885103
441.886399
441.920419
441.953562
441.990517
441.921510
442.029739
441.992130
441.992129
441.954940
441.920422
441.953860
441.989197
441.953587
441.994934
441.920372
441.918793
441.956265
441.921988
441.955896
441.955095
442.034570
441.922443
441.993351
441.954791
441.917199
441.988687
441.953336
441.917789
441.952574
441.953941
441.950513
441.955368
442.033218
441.954143
441.919400
442.031841
441.918792
441.916384
441.989371
441.915378
441.881850
441.882594
441.953055
441.916912
441.954591
441.920640
442.031852
441.918694
441.919252
441.918033
441.919730
441.919437
441.995397
441.958180
441.919542
441.918740
441.957114
441.921084
441.958043
441.884189
441.956795
441.955196
441.957094
441.919560
441.918780
441.881564
441.920337
441.917215
441.918029
441.954962
441.916460
441.990497
441.882905
441.883743
441.918285
441.883735
441.990017
441.916952
441.882904
441.954720
441.917747
441.954537
441.919041
441.918802
441.987901
441.919831
441.916409
441.917210
441.954831
441.883431
441.917974
441.883414
441.990185
441.954064
441.918164
441.952500
441.952539
441.882126
441.915653
441.918362
441.916999
441.916428
441.917446
441.882920
441.987695
441.953307
441.952015
441.918534
441.917822
441.917251
441.917276
441.917272
441.917301
441.994365
441.993090
441.959804
441.919303
441.919001
441.992075
441.916955
441.951685
441.952480
441.985781
441.918827
441.953306
441.953279
441.950949
442.024649
441.953675
442.025898
441.885153
441.920366
441.847825
441.848602
441.991153
442.028858
441.917833
441.918829
441.951503
441.952289
441.918866
441.954093
441.951979
441.918339
441.915883
441.916381
441.880612
441.953116
441.916669
441.916685
441.880830
441.882410
442.029382
441.916217
441.917017
441.952326
441.913830
441.915107
441.914355
441.881892
441.953626
442.030727
441.917572
441.918363
441.882333
441.881555
441.953016
441.916152
441.916134
441.916637
441.950425
441.917137
441.915839
441.881034
441.881012
441.880714
441.883401
441.917427
441.991318
441.991797
442.030928
441.917768
441.918559
442.028515
441.991459
441.953314
441.880611
441.953637
441.913830
441.953797
441.954582
441.917165
441.954445
441.955070
441.885150
441.882112
441.919891
441.882893
441.991185
441.917844
441.918829
441.917237
441.918019
441.918862
441.953618
441.919636
441.955422
441.953871
441.954392
442.026411
441.990495
442.025736
442.025435
441.954118
441.954128
441.990509
441.950134
442.025746
441.954139
441.960385
441.849744
441.883097
441.849724
441.920966
441.850511
441.920081
441.919575
441.920392
441.847780
441.848571
441.848094
441.851013
441.920833
441.848355
441.920872
441.846014
441.957460
441.880815
441.881602
441.881912
441.919877
441.848647
441.921169
441.847604
441.847599
441.958954
441.850522
441.885880
441.884061
441.883551
441.918406
441.918897
441.921128
441.885880
441.921467
441.921457
442.069341
442.066736
442.068517
442.000701
441.997812
442.034776
441.999243
442.104330
441.958727
441.955358
441.923126
441.991526
441.992340
442.028738
442.069246
441.954670
441.957638
441.919623
442.026712
441.993287
442.030753
441.959248
441.957091
441.993359
441.992526
442.033939
441.885114
442.068485
441.955193
441.953861
441.956897
441.919664
441.992536
441.998542
441.963365
442.000480
441.963134
442.034698
441.999165
442.032992
442.071353
442.106900
442.033950
442.035874
442.037844
441.997470
442.070242
442.034694
441.999317
441.964140
442.001241
441.963909
441.992918
441.920675
441.959939
442.029725
442.029756
442.031019
441.956512
442.029756
442.031560
441.954710
441.956513
441.957835
441.920954
441.887730
441.993562
441.889679
441.994091
442.029165
441.956640
441.887213
441.922059
441.847022
441.846238
441.811137
441.812225
441.810336
441.811424
441.881370
441.847922
441.881856
441.885266
441.886915
441.922538
442.030864
441.993760
442.066346
442.063645
442.031817
442.105944
441.994341
441.957557
441.958829
441.888644
442.071699
442.071665
441.960321
441.997177
441.924123
441.924123
441.960162
441.960663
441.993013
441.993010
441.995563
442.072274
441.957423
441.958207
441.994880
441.996834
442.066684
441.923904
441.923906
442.035463
441.994169
441.993822
442.027838
442.069902
441.994165
441.993819
442.027835
442.141518
441.993100
441.922817
441.992570
442.105907
441.961121
441.994880
442.030570
441.998559
442.001252
441.810541
441.811844
441.846483
441.846498
441.811358
441.810858
441.959482
441.959485
441.958997
441.959001
441.955220
441.884857
441.955706
441.919013
441.917183
441.918724
441.918521
441.919303
441.917459
441.919013
441.951156
441.952445
441.915125
441.997415
441.994655
442.036439
441.998327
441.996731
441.995088
441.993962
442.034385
442.034012
441.995504
441.848090
441.848091
441.811974
441.812475
441.811345
441.812951
441.994402
441.994384
442.065492
441.956337
441.994646
441.956686
441.955406
441.956325
441.955540
441.995906
441.923074
441.922302
441.963331
441.994620
441.957162
441.955897
441.994381
441.851064
441.884286
441.954235
441.996558
441.993348
441.921011
441.963320
441.955880
441.957649
441.919954
441.920780
441.959907
441.921971
441.957668
441.999673
441.921978
441.922445
441.919645
441.957102
441.919614
441.955844
441.996873
441.922381
441.991648
441.954263
441.920694
441.957988
441.990377
441.956332
442.031406
441.923345
441.993681
441.957967
441.955721
441.995198
441.919642
441.920697
441.953885
441.917491
441.921096
441.989090
441.955065
441.956732
442.031396
441.994393
441.956464
441.955657
441.923183
441.993024
441.956879
441.957808
441.955074
441.995017
441.995515
441.993365
441.993341
442.033566
441.956291
441.956764
441.922683
441.992538
442.032459
441.956394
441.957308
441.954588
441.955414
441.994545
442.068946
441.993592
442.069919
441.993595
441.995515
441.955213
441.990932
441.957754
442.032916
441.992880
441.993337
442.033081
441.955819
442.109647
441.956761
441.882684
441.915669
441.882128
441.848948
441.880351
441.849484
441.882741
441.921173
441.956036
441.849172
441.884479
441.920130
441.992540
441.847093
441.881283
441.881056
441.882400
441.881899
441.918036
441.992981
441.959510
441.847071
441.880331
441.917465
441.953119
441.916156
441.916398
441.917748
441.954411
441.847889
441.881146
441.954431
441.992504
441.850271
441.883547
441.957593
441.956811
441.883177
441.916452
441.917530
441.954133
441.882151
441.883431
441.848904
441.954142
441.958963
441.959495
441.954418
441.954930
441.954434
441.993031
441.923521
441.920159
441.920170
441.923001
441.923513
441.881936
441.881131
441.880325
441.919242
441.880316
441.846284
441.880314
441.880721
441.882301
441.988071
441.880588
441.810565
441.881123
441.880418
441.881246
441.812155
441.913830
441.879807
441.880811
441.880509
441.879705
441.880229
441.881507
441.953600
441.953604
441.882140
441.991002
441.881585
441.882407
441.881921
441.880562
441.881642
441.990515
441.881128
441.881623
441.881886
441.881946
441.918226
441.881332
441.881828
441.882398
441.882908
441.882214
441.881602
441.881573
441.885784
441.920003
441.955518
441.953924
441.919458
441.954943
441.954665
441.954464
441.847628
441.847135
441.881635
441.881313
441.846806
441.881781
441.915628
441.915128
441.880985
441.881312
441.882590
441.880820
441.880551
441.881033
441.881314
441.916179
441.882133
441.845489
441.845735
441.846220
441.847000
441.846750
441.845432
441.846696
441.846827
441.847320
441.881629
441.847121
441.917581
441.918066
441.918031
441.919877
441.919381
441.919353
441.881288
441.882552
441.881286
441.987088
441.878174
441.880191
441.880973
441.915875
441.915325
441.917627
441.916835
441.989724
441.913772
441.954630
441.989406
441.989417
441.916442
441.916123
441.916631
441.955395
441.955405
441.920090
441.919814
441.956031
441.989401
441.953619
441.922326
441.882330
441.845447
441.955388
441.919599
441.991958
441.847542
441.846254
441.845419
441.846225
441.882145
441.882849
441.882825
441.809519
441.883123
441.882628
441.917728
441.879786
441.881078
441.880267
441.988627
441.881843
441.881033
441.881060
441.879796
441.879789
441.881558
441.879800
441.880292
441.880596
441.913839
441.845519
441.845523
441.880343
441.845783
441.845400
441.879407
441.846678
441.847057
441.845783
441.845698
441.846203
441.881908
441.880539
441.879821
441.881618
441.880040
441.881014
441.880206
441.879933
441.880261
441.994810
441.999169
441.996358
441.927302
441.964458
442.066769
441.883465
441.884253
441.956020
441.956826
441.885059
441.884539
441.885364
441.886390
441.959502
441.919930
441.920552
441.919717
441.996559
441.955545
441.884317
441.918563
441.958034
441.921566
441.886940
441.922777
441.884759
441.954963
441.882577
441.960881
442.031068
442.030748
441.961477
441.958820
441.957333
441.955219
441.955231
441.994240
441.883964
441.882632
441.883197
441.918037
441.888090
441.885275
441.956989
441.956813
441.956997
441.851691
441.851033
441.921675
441.922873
441.919587
441.993620
441.918863
441.919562
441.884757
441.882703
441.883444
441.921154
441.921460
441.922234
441.994158
441.994167
441.923466
441.957981
441.955979
441.921150
441.955692
441.921142
441.992043
441.957023
442.034248
441.991398
441.958183
441.992789
441.994824
441.991870
441.958668
441.995304
441.921216
441.920452
441.955221
441.920973
441.992303
441.923762
441.957548
441.994794
441.886971
441.887114
441.920351
441.992755
441.953375
441.886963
441.920684
441.992269
442.031660
442.070103
441.956768
441.846895
441.845782
441.846403
441.847697
441.920615
441.959861
441.922002
441.958877
441.919778
441.954989
441.918227
441.919810
441.991969
441.919731
441.955428
441.918176
441.955113
441.881580
441.882380
441.992104
441.954345
441.963181
441.993174
441.958400
441.956988
441.993178
441.958404
442.030621
442.035528
441.999071
441.849351
441.848879
441.849636
441.846002
441.918587
441.847841
441.813797
441.848080
441.848849
441.847286
441.918596
441.846517
441.847841
441.813806
441.958463
441.958978
441.957654
441.919814
441.957676
441.918233
441.920196
441.994028
441.993689
442.028479
441.992601
441.994024
441.993686
442.028475
441.958706
441.882644
441.889358
441.994733
441.889365
441.964924
441.885544
441.884221
441.957132
441.959015
441.955468
442.067060
442.027825
441.992011
441.992798
441.995506
442.032211
441.957921
441.998527
441.922406
441.923200
441.925846
441.960267
441.889347
441.994722
441.889350
441.965416
442.070798
441.962997
441.997689
442.028780
442.028663
441.959120
441.993022
442.002278
441.924663
441.958388
442.031738
441.994597
442.071949
441.923971
441.993057
441.958392
442.036969
441.959440
441.994615
442.071019
441.996011
441.999438
441.993871
441.954406
441.955219
441.921031
441.990065
441.954669
441.922079
441.954663
441.957224
442.031913
441.954934
441.923603
441.958700
441.922177
441.992651
441.991008
442.027187
441.995115
442.068192
441.955952
441.957205
442.028878
441.990473
441.988673
441.957053
441.957043
441.990986
441.989206
441.990672
442.029790
441.991783
441.956729
441.954300
441.991583
441.992075
442.067912
442.066241
442.102118
441.919282
441.992411
441.917172
442.025112
441.917984
441.883928
441.992370
441.953338
441.992154
441.994641
442.032278
442.030621
441.916675
441.989203
441.916671
441.953832
441.954329
441.989203
441.954734
441.954730
441.954730
441.954726
442.030259
442.030607
442.068997
442.032537
442.033333
441.955471
441.922075
441.955454
441.957224
441.990864
441.954464
441.995602
442.027660
441.995651
441.999034
442.068997
442.034668
441.923573
441.992025
441.992552
441.957106
441.957286
441.992041
441.956609
441.957008
442.028390
441.882929
441.882929
442.034059
441.885371
441.885045
441.956380
441.956064
441.956065
441.993070
441.989704
442.029773
442.031050
442.029738
442.029716
442.029769
442.029760
442.030270
442.031533
442.028848
441.992941
441.920106
441.920406
441.993735
441.956980
441.887190
441.921158
441.920389
441.920949
441.954917
442.025885
442.027205
441.918747
441.918786
441.954461
441.995584
441.993193
441.886639
441.886626
441.919914
441.993188
441.994304
442.067366
442.066565
442.064927
442.067369
441.957562
441.957065
442.067688
441.884198
441.884202
441.882928
441.955249
441.955731
441.955706
441.954914
441.992011
441.920154
441.955303
441.920438
441.993994
442.026659
441.920381
441.953861
441.919612
441.990953
441.920167
441.958045
441.958012
441.997203
441.958538
441.957193
441.995585
441.995876
441.995863
441.956141
442.031871
441.922764
441.991979
442.031907
442.038155
441.998880
441.998102
441.996888
441.960191
441.918497
441.815900
441.814307
441.812724
441.884520
441.851297
441.854259
441.887953
441.887799
441.922845
441.887317
441.998426
441.921212
441.922364
441.810874
441.810547
441.809049
441.809837
441.810067
441.811181
441.809850
441.810567
441.811681
441.956190
441.919933
441.989769
441.884434
441.850589
441.851344
441.884514
441.956132
441.992663
441.919912
441.884879
441.812761
441.811661
441.812450
441.918204
441.919507
441.990879
441.954681
441.992914
441.952544
441.953836
441.990850
442.067009
441.992244
441.845198
441.846796
441.993036
442.070977
442.032296
442.032316
441.955410
441.997666
441.998956
441.998106
441.957830
441.998090
441.959224
441.959224
441.955052
441.921036
441.921050
441.923399
441.993805
441.958559
441.998088
441.957826
441.999382
442.042373
442.042374
442.042373
442.116089
442.112572
442.112572
442.116089
442.042374
442.040451
442.119028
442.040451
442.119010
441.886752
442.000966
441.961917
441.921900
441.923956
441.960143
441.920130
441.922183
441.924426
441.886131
441.955793
441.955785
441.919064
441.957179
441.957168
441.956893
441.998710
441.993329
442.105888
441.955401
441.955379
441.955469
442.030775
441.957596
441.958899
441.887873
441.922110
441.957707
441.999525
441.993352
441.959829
441.922652
441.921886
441.958416
441.916461
441.881883
441.921344
441.993782
441.921555
441.921772
441.919605
441.921255
441.954409
441.920420
441.918091
441.919951
441.960656
441.919489
441.922044
441.956306
441.886938
441.887251
441.851867
442.066278
441.958180
441.848574
441.847053
441.848858
441.813826
441.848366
441.917804
441.993761
441.992337
441.917990
441.881619
441.881601
441.918540
441.955705
441.918758
441.882901
441.955706
441.849644
441.955654
441.920914
441.883707
441.919568
441.953551
441.916666
441.955438
441.918476
441.918515
441.883931
441.918272
441.953330
441.919839
441.883407
441.991063
441.992353
441.991085
441.918005
441.881623
441.881642
441.916497
441.954940
441.882134
441.954953
441.848894
441.954895
441.920152
441.883224
441.957703
441.919866
441.953843
441.956791
442.029745
442.031029
442.032312
441.959048
441.883443
441.955135
441.882145
441.920752
441.920696
441.918838
441.920226
441.814324
441.885060
441.814295
441.884255
441.920406
441.922262
441.883702
441.882414
442.031475
441.888094
441.963709
441.921546
441.921505
441.956041
441.955933
441.922188
441.953896
441.921049
441.954697
441.916745
441.882938
441.882448
441.916576
441.915837
441.915863
441.915967
441.918821
441.884227
441.883737
441.919135
441.916984
441.917256
441.954199
441.883913
441.881816
441.881605
441.881841
441.883149
441.917217
441.882121
441.881635
441.917531
441.915170
441.915683
441.915054
441.916363
441.915151
441.882625
441.881845
441.882647
442.034324
441.884005
441.884009
441.919895
441.962179
441.995662
441.921197
441.924412
441.885101
441.885045
441.917783
441.923620
441.921363
441.885645
441.921165
441.957649
441.956367
441.886262
441.956879
441.997898
441.920488
441.993329
441.918317
441.919107
441.919954
441.953937
442.032649
441.954583
441.955368
441.958059
442.030761
441.952830
441.919325
441.919322
441.952823
441.957592
441.917811
441.996793
441.921440
441.956557
441.955607
441.920076
441.993299
441.815423
441.850243
441.813327
441.847302
441.815122
441.849460
441.849707
441.882176
441.848617
441.884723
441.954850
441.780603
441.815126
441.814606
441.882357
441.882081
441.883942
441.954049
441.848946
441.848659
441.846543
441.848369
441.850037
441.848793
441.850017
441.847330
441.847330
441.954720
441.849382
441.848589
441.850217
441.847328
441.882891
441.847809
441.882089
441.848864
441.848847
441.849439
441.849233
441.883210
441.881360
441.847343
441.919031
441.920212
441.920909
441.920114
441.954959
441.954981
441.886136
441.885523
441.923361
441.917507
441.884878
441.957199
441.881632
441.959603
441.886411
441.960601
441.887415
441.922189
441.954927
442.064509
441.954991
441.955492
441.883710
441.882408
441.883701
441.885490
441.957945
441.995416
442.029321
441.921180
441.920687
441.919854
441.883788
441.916132
441.915831
441.991054
441.917723
441.918536
441.918820
441.954643
441.954646
441.883820
441.884045
441.884353
442.025307
441.918073
441.952505
441.918511
441.919428
441.953303
441.918320
441.919019
441.921457
441.846595
441.916953
441.916961
441.916156
441.915642
441.918547
441.880625
441.847384
441.917439
441.915365
441.919320
441.880606
441.881896
441.850768
441.847586
441.847080
441.883217
441.813318
441.884517
441.883758
441.920293
441.955147
441.954630
441.920394
441.882941
441.954122
442.025329
441.918077
441.952528
441.919446
441.953356
441.919886
441.883578
441.846285
441.845817
441.879022
441.846569
441.844746
441.882996
441.845018
441.879800
441.844484
441.845786
441.846035
441.845757
441.882991
441.847313
441.812758
441.955955
441.919807
441.810644
441.812218
441.810418
441.848402
441.813032
441.847275
441.811477
441.955633
441.810644
441.812208
441.811692
441.810932
441.848850
441.848850
441.812235
441.844481
441.844478
441.811496
441.811489
441.811302
441.919056
441.811661
441.846834
441.847313
441.881609
441.844692
441.810972
441.811444
441.812238
441.847112
441.847601
441.847864
441.848388
441.847906
441.847577
441.775002
441.844952
441.809627
441.845432
441.844173
441.919387
441.920398
441.851918
441.883947
441.884250
441.884280
441.960098
441.884986
441.884788
441.884800
441.921165
441.885270
441.884771
441.883511
441.884477
441.884517
441.884747
441.920420
441.920434
441.958202
441.954990
441.954933
441.954115
441.920345
441.884830
441.919326
442.033151
441.919643
441.920477
441.917520
441.916716
441.918819
441.884282
441.955602
441.917812
441.882680
441.882490
441.882473
441.997282
441.881676
441.996476
441.884753
441.886147
441.922042
441.883765
441.920204
441.920372
441.919593
441.954139
441.955128
441.884531
441.882931
441.847282
441.812756
441.919294
441.848866
441.814340
441.920387
441.881619
441.881598
441.847588
441.813079
441.847369
441.884610
441.917482
441.881929
441.919732
441.882623
441.882106
441.883707
441.882906
441.881907
441.847381
441.953412
441.882892
441.989689
441.881337
441.914834
441.881111
441.846602
441.882110
441.923093
441.920149
441.885602
441.958219
441.920391
441.915981
441.918844
441.917544
441.885882
441.883196
441.920994
441.882150
441.881354
441.953368
441.884508
441.883924
441.850179
441.883222
441.882614
441.848608
441.882354
441.847063
441.848648
441.918583
441.882915
441.917493
441.882651
441.810371
441.811474
441.955347
441.956177
441.958003
441.992596
441.923404
441.995242
441.958780
441.993381
441.958351
442.033359
442.035014
441.996779
442.038227
441.958548
442.034087
441.958492
441.994143
441.991631
441.958495
442.029286
441.994146
441.958551
441.994155
442.033982
442.034073
442.073259
442.074394
441.999603
441.998807
441.923373
441.958781
441.958334
441.957990
441.993848
441.884821
441.918552
441.997490
441.885589
441.920683
441.885342
441.924174
441.959724
441.959713
441.956516
442.030273
441.955202
441.956011
442.030273
441.956516
441.885841
441.918396
441.885366
441.885366
441.918882
441.884260
441.883974
441.993132
441.920037
441.955180
441.954946
441.883712
441.882718
441.916680
441.917720
441.883650
441.882657
441.954388
441.989971
441.883978
441.955245
441.953357
441.918251
441.917508
441.922025
442.028894
441.958163
441.958206
441.917694
441.916949
441.884763
441.990316
442.026028
441.918832
441.917275
441.918563
442.029387
441.958178
441.922175
441.956535
441.921367
441.918038
441.919022
441.920179
441.883285
441.955019
441.920875
441.883981
441.955716
441.916932
441.989474
441.917764
441.950179
441.919560
441.884499
441.882603
441.882871
441.916546
441.917242
441.916657
441.917148
441.953845
441.916931
441.954927
441.990175
441.919343
441.918360
441.989772
442.024221
441.955447
441.883953
441.882969
441.883432
441.954394
441.916689
441.918514
441.921750
441.993152
441.919123
441.883985
441.953832
441.918535
441.920663
441.920359
441.953039
441.916654
441.917230
441.919362
441.919048
441.916925
441.950469
441.917452
441.952296
441.916932
441.882357
441.882660
441.885407
441.883162
441.886766
441.953508
441.886469
441.917510
441.883157
441.881378
441.919541
441.953815
441.953299
442.025198
441.920066
441.917214
441.917987
441.919129
441.919870
441.920854
441.919896
441.847170
441.845876
441.847489
441.849264
441.994704
442.034318
441.997852
442.000151
441.995833
441.996238
441.999052
441.885799
441.885297
441.955199
441.847051
441.845958
441.920410
441.882145
441.919821
441.886350
441.883695
441.852858
441.816695
441.922432
441.921116
441.849948
441.849695
441.925691
441.885062
441.850222
441.922227
441.886611
441.885030
441.920052
441.920856
441.886037
441.883691
441.921092
441.883987
441.853685
441.889285
441.930346
441.819452
442.111823
442.111823
442.153891
442.111823
442.153887
442.111822
442.118191
442.118194
442.119667
442.119663
442.040583
441.926996
441.925867
442.164416
442.111538
441.993707
441.993195
441.996467
441.995986
441.956054
441.955237
441.991694
441.922396
442.033193
441.954721
441.957256
441.957713
441.993205
441.957486
441.922851
441.918695
441.957726
441.922106
441.919498
441.957258
441.995727
441.956848
441.956855
441.993479
441.954411
441.954415
441.884254
441.884528
441.922504
441.959356
441.814346
441.847901
441.849205
441.919871
441.883242
441.918568
441.919869
441.881944
441.919350
441.920241
441.884512
441.885903
441.921523
441.885799
441.848632
441.883478
441.848882
441.884106
441.916202
441.880834
441.882135
441.882165
441.846788
441.846816
441.882151
441.951741
441.920077
441.882959
441.918492
441.919286
441.990510
441.918461
441.952514
441.954874
441.990290
441.952017
441.882736
441.917286
441.882754
441.915156
441.955477
441.848409
441.848427
441.882114
441.881030
441.991003
441.883469
441.918019
441.883487
441.954348
441.992683
441.952601
441.883452
441.848617
441.882675
441.847319
441.959651
441.992472
441.955763
441.957318
441.957803
441.997081
441.995492
441.960673
441.959236
441.921462
441.921469
441.887641
441.886597
441.848393
441.921186
441.887974
441.883934
441.883142
441.885009
441.923089
441.920588
441.920877
441.882117
441.882108
441.847112
441.814356
441.921400
442.000173
441.885562
441.811966
441.845522
441.882124
441.883403
441.882152
441.882645
441.991967
441.958260
441.847102
441.918807
441.848388
441.847883
441.846304
441.918803
441.847878
441.917556
441.881198
441.880629
441.881613
441.881103
441.881638
441.882412
441.879817
441.879317
441.879335
441.879018
441.879022
441.880864
441.846760
441.847566
441.846002
441.958252
441.884035
441.850361
441.962968
441.921055
441.920161
441.845987
441.846304
441.846276
442.106899
441.956247
441.923053
441.957906
441.995899
441.846574
441.813062
441.848969
441.849162
441.848957
441.815927
441.884217
441.885514
441.850557
441.850736
441.815149
441.848674
441.887772
441.959648
441.960213
441.959391
441.852922
441.924812
441.954429
441.954413
441.955239
441.955222
441.919035
441.848128
441.882130
441.881684
441.848636
441.919043
441.849423
441.882943
441.882106
441.881036
441.919080
441.886939
442.034682
441.999570
442.034660
442.032243
441.920129
441.920116
441.993570
441.994788
441.994344
441.919458
441.920534
441.956921
441.957269
441.921719
441.960738
441.960762
441.960266
441.999039
441.927482
441.997548
442.000259
442.031922
441.991471
441.992233
442.028077
441.955197
441.920175
441.953557
441.990003
441.954984
441.991455
442.028597
441.956498
441.921959
441.920716
441.921208
442.030278
441.993153
441.993174
441.991990
441.922294
441.958403
442.000167
441.957580
441.958761
441.921282
441.992530
441.956096
441.956367
441.957653
441.990333
441.920727
441.919098
441.919888
441.920695
441.923321
441.922809
441.959295
441.921792
441.882343
441.960345
441.956292
441.998106
441.886447
441.956275
441.921231
441.921236
441.998109
441.921114
441.922398
441.958899
441.887049
441.956894
441.957168
441.957169
441.957689
441.999509
441.993334
441.921278
441.993314
441.920093
441.958419
441.959819
441.958049
441.990829
441.887690
441.923136
441.958871
441.920117
441.920897
441.960626
441.925082
441.888091
441.886117
441.885377
441.918882
441.918868
441.885377
441.993346
441.887075
441.956908
441.957197
441.957183
441.998725
441.955402
441.955399
441.921311
441.958114
441.959046
441.921250
441.886459
441.956295
441.921235
441.920097
442.031172
441.923327
441.957586
441.923326
442.031242
441.919091
441.919080
441.958535
441.994084
441.994116
441.812542
441.812226
441.846246
441.885650
441.887255
441.924348
441.960091
441.919693
441.956301
441.884811
441.997858
441.919061
441.922606
441.920797
441.959312
441.887145
441.813840
441.847302
441.886622
441.887913
441.814604
441.848892
441.849763
441.884835
441.883494
441.883441
441.847083
441.847865
441.883167
441.884822
441.921174
441.849436
441.886093
441.920428
441.884818
441.958157
441.919856
441.848421
441.847517
441.847532
441.847813
441.849985
441.954129
441.955419
441.955478
441.957132
441.847314
441.847234
441.846893
441.957931
441.959051
441.886461
441.955476
441.918178
441.922061
441.920447
441.884552
441.850562
442.000185
442.069556
441.884335
441.919860
441.954474
442.032624
441.919312
441.922843
441.920706
441.810120
441.847034
441.845456
441.847797
441.957899
441.918523
441.918523
441.953646
441.880840
441.882101
441.953636
442.064441
441.882716
441.953129
441.954426
441.882896
441.881594
441.953944
441.814321
441.812737
441.919814
441.813228
441.881935
441.882441
441.882449
441.882927
441.811765
441.813036
441.811451
441.846750
441.846449
441.811990
441.811767
441.810665
441.811192
441.845445
441.812234
441.811132
441.847367
441.847338
441.811742
441.810639
441.846727
441.845963
441.845900
441.810372
441.845186
441.845765
441.845767
441.918491
441.845268
441.845275
441.919331
441.811947
441.846524
441.918526
441.811644
441.846223
441.843649
441.920667
441.922005
441.847550
441.953635
442.030388
442.029277
441.881109
441.918874
441.988412
441.916407
441.881391
442.029891
441.847832
441.920388
441.883915
441.849355
441.885187
441.920079
441.883931
441.884721
441.884199
441.953379
441.954943
441.953879
441.956017
441.916639
441.955646
441.955659
441.956002
441.956997
441.957294
441.990247
441.955981
441.991554
441.991577
442.029035
441.917486
442.029083
441.991008
441.956751
441.957575
441.883113
441.884197
441.920577
441.991779
441.992587
441.955646
441.885510
441.994492
441.994545
441.919064
441.918487
441.918755
441.993725
441.884229
441.952277
441.959589
441.886009
441.921708
441.886014
441.850966
441.994977
441.996238
441.996208
441.959521
441.883947
441.960130
441.920904
441.958074
441.920919
441.958060
441.957955
441.922500
441.958062
441.956466
441.883966
441.883923
441.994064
441.994403
441.852137
441.845962
441.922902
441.958762
441.886872
441.848881
441.888951
441.994339
441.886504
441.920715
441.956351
441.994617
441.886423
441.920393
441.954129
441.954660
441.919857
441.919289
441.955449
441.916986
441.883710
441.956622
441.998945
441.886204
441.992546
441.955078
442.034557
441.920464
441.954402
441.953805
441.955609
441.920983
441.955761
441.956559
441.957927
442.036452
441.997161
441.992472
441.957333
441.921066
441.918777
441.918203
441.918528
441.990803
441.918781
441.953809
441.886440
441.849645
441.847782
441.847754
441.850742
441.813010
441.849659
441.849631
441.886418
441.924213
441.922492
441.884693
441.883920
441.885791
441.885014
441.916192
441.918200
441.882966
441.919796
441.919881
441.954139
441.918291
441.916198
441.882623
441.882079
441.880515
441.955199
441.882683
441.883784
441.883485
441.883199
441.916214
441.883000
441.954203
441.882801
441.882319
441.845388
441.846256
441.883893
441.883409
441.958679
441.844868
441.845957
441.882004
441.879128
441.880239
441.881805
441.845361
441.846454
441.848049
441.919052
441.882375
441.846734
441.916918
441.916141
441.845173
441.845168
441.881367
441.881863
441.880581
441.846466
441.920134
441.847559
441.916967
441.954460
441.884697
441.846467
441.844888
441.884982
441.882019
441.918819
441.883921
441.881511
441.918583
441.883517
441.917844
441.956230
441.847556
441.845987
441.882383
441.883698
441.993735
441.882406
441.884797
441.921208
441.954963
441.916154
441.915145
441.916643
441.881923
441.918055
441.952313
441.915675
441.918037
441.920040
441.847535
441.845975
441.952111
441.845305
441.880588
441.846282
441.879004
441.845487
441.878998
441.879495
441.879298
441.880600
441.916936
441.916451
441.956028
441.995697
441.917677
441.921549
441.995120
441.920175
441.918765
441.920361
441.918270
441.883424
441.919253
441.920616
441.954945
441.918779
441.954101
441.997287
441.919321
441.920439
441.956087
441.956092
441.919260
441.917694
441.918974
442.035324
441.916658
441.881831
441.917659
441.917166
441.882862
441.917181
441.989912
441.955373
441.956927
441.919796
441.918560
441.919607
441.991814
441.956476
441.955694
441.920712
441.918444
441.917360
441.882335
441.883339
441.918460
441.917145
441.989618
442.288635
442.289154
441.919981
441.919984
441.922048
441.885958
441.920169
441.959307
441.882385
441.882687
441.919101
441.882217
441.883195
441.916719
441.915937
441.882114
441.918655
441.882140
441.884519
441.885610
441.918655
441.883739
441.880556
441.885609
441.953941
441.884280
441.882684
441.920151
441.881659
441.848127
441.883451
441.881307
441.883999
441.846197
441.915849
441.919078
441.957379
441.918799
441.958110
441.959043
441.921100
441.921094
441.920083
441.920871
441.954940
441.882430
441.918102
441.952837
441.992810
441.884587
441.920256
441.954995
441.919275
441.917517
441.917758
441.989033
441.918873
441.918028
441.919356
441.919264
441.950979
441.954236
441.884297
441.920736
441.955478
441.917701
441.916743
441.916966
441.917823
441.918110
441.918590
441.918122
441.917208
441.917537
441.950488
441.955794
441.955800
441.956296
441.921755
441.993797
442.028901
441.922982
441.885650
441.958190
441.887861
441.921170
441.920384
441.921144
441.921188
442.029913
441.919910
441.921224
441.920435
441.920922
441.956626
441.990880
441.918268
441.920423
441.919289
441.919953
441.919802
441.919956
441.918522
441.917204
441.919361
441.882652
441.919053
441.885944
441.956087
441.916656
441.920962
441.918796
441.919964
441.917434
441.955869
441.950482
441.917210
441.918016
441.951264
441.921065
441.917712
441.989461
441.918859
441.883420
441.919034
442.027534
441.992772
441.954535
441.884067
441.919740
441.954486
441.955511
441.884260
441.920702
441.955452
441.915667
441.917823
441.917530
441.920372
441.953872
441.918850
441.954107
441.954079
441.918914
441.917986
441.951809
441.918984
441.916877
442.022380
441.917321
441.917511
441.920867
441.954602
441.953862
441.953873
441.956172
441.918850
441.955700
441.953844
441.956774
441.953961
441.921849
442.070520
441.954408
442.028518
442.029339
441.995052
441.918306
441.920077
441.955909
441.918783
441.958940
441.917974
441.955086
441.917162
441.922747
441.920275
441.960219
441.919462
441.956202
441.956224
441.989696
441.918014
441.989525
441.920175
441.883977
441.917010
441.884746
441.919858
441.955457
441.887293
441.886800
441.888043
441.957689
441.918267
441.991645
441.922579
441.919656
441.921271
441.919030
441.922399
441.957146
441.921907
441.956650
441.923149
441.957109
441.990254
441.990271
441.919660
441.884730
441.917763
441.885499
441.919824
441.991291
441.953577
441.989993
441.991828
441.992937
441.989229
441.954075
441.953301
441.953784
441.955412
441.953682
441.992850
441.952869
441.997334
441.955832
441.998940
441.956160
441.921006
441.920886
441.919175
441.958348
441.918377
441.920389
441.918680
441.957851
441.917881
441.920872
441.919156
441.958323
441.918343
441.999202
441.996482
441.953299
441.992594
441.992827
441.989897
442.028711
441.954405
441.954072
442.025570
441.917791
441.954666
441.919640
441.919824
441.952257
441.989468
441.917442
441.953809
441.988917
441.956009
442.066200
442.064545
441.954999
441.954986
441.920354
441.957592
441.992072
441.994662
441.918740
442.027933
441.959180
441.992675
441.992349
441.998806
441.920917
441.920931
441.957757
441.955716
441.994191
441.959058
441.959061
441.994174
442.035980
441.990879
442.035980
441.990868
441.998303
441.998790
441.999592
441.919907
441.918638
441.919620
441.954122
441.885994
441.955607
441.885486
441.919700
441.993332
441.961447
441.960158
442.000772
441.999984
441.965453
441.923370
441.999481
441.889373
441.923399
441.922626
441.998706
441.991171
441.920994
442.032217
441.956127
441.920482
442.031671
441.954457
441.955608
441.921670
442.035157
442.035103
441.959508
441.922009
441.958961
441.918796
441.956421
441.919288
441.920567
441.995549
442.030634
441.955594
441.917663
441.918461
441.961225
441.921295
441.920479
441.923292
441.922487
441.957620
441.954442
441.920943
441.957300
441.960075
441.955147
441.955130
441.955642
441.955987
441.997667
441.997182
441.921608
441.998086
441.883272
441.919785
441.920571
441.920273
442.069415
441.920457
441.919977
441.919304
441.918309
441.990905
441.955620
441.918552
441.920498
441.919817
441.951536
441.922093
441.993833
442.028978
442.105640
442.108264
441.992776
441.917803
441.918089
441.916942
441.917207
441.917685
441.917504
441.920197
441.918055
441.883727
441.919374
441.954472
441.885068
441.880833
441.954939
441.918808
441.917284
441.989009
441.917704
441.918013
441.919249
441.919245
442.028922
441.993828
441.921785
441.995437
441.959090
441.992754
442.027519
441.920180
441.883723
441.954971
441.885041
441.918835
441.954930
441.916978
442.032699
441.991839
441.989162
441.919105
441.954636
441.953315
442.026578
441.989939
441.992587
442.026870
441.919060
441.954109
442.027334
441.955878
441.920503
442.029259
441.920547
441.919266
441.920502
441.919720
441.993286
441.994572
442.102246
441.952666
441.952641
442.031317
441.916499
441.954166
442.032101
441.882979
441.987608
441.916140
441.917744
441.917426
441.952645
441.914901
441.915415
441.915357
441.986896
441.881380
441.988886
441.916915
441.916936
441.987612
441.950956
441.950425
441.989379
441.951735
441.950918
441.917998
441.954538
441.988092
441.989860
442.025642
441.989756
441.990663
441.989790
442.067478
441.953361
441.987570
441.918331
442.026911
441.990515
442.024108
441.989774
441.991120
442.104044
442.032099
441.918003
441.882984
441.919402
441.955510
441.953942
441.953115
442.067998
441.953350
441.953916
441.953822
441.918897
441.955494
442.032156
441.956561
441.920218
441.919623
441.998917
441.885109
441.919940
441.953487
442.068501
441.921218
441.954733
441.998135
441.955568
442.031654
441.917847
441.918852
441.998149
442.031664
441.917846
441.955572
441.959757
442.125175
442.042248
441.926474
441.926474
442.161231
441.888378
442.141462
442.070347
442.033486
441.920086
441.919679
441.992635
441.921407
441.915752
441.954220
441.920779
441.883024
441.958109
441.920570
441.958052
441.997096
441.884084
441.956081
441.918327
441.920814
441.886178
442.066656
441.995548
441.960162
441.960175
441.960660
441.960157
441.991188
441.920717
441.953685
441.955267
441.956896
441.953960
441.997651
441.920782
441.921212
441.957207
441.919789
441.919924
441.955553
441.989515
441.919726
441.884272
442.032976
441.957392
441.919735
441.919393
441.918291
441.918273
441.914511
442.029985
441.915325
441.949145
441.917984
441.917988
441.997088
441.921501
442.107467
441.916672
441.950925
441.915895
441.993803
441.916110
441.917688
441.954092
441.953803
441.917517
441.917516
441.951990
441.952483
442.025610
441.920077
441.921850
442.031392
441.997912
442.029492
441.956391
441.920328
441.996922
441.921345
441.997266
441.998043
441.958507
442.029998
441.954164
441.883219
441.954979
441.883702
441.882155
441.883525
441.884008
441.996327
441.959547
441.883478
441.850736
441.851334
441.882681
441.882852
441.849430
441.886376
441.850836
441.994033
441.851527
441.922991
441.851050
441.885884
441.885354
441.851330
441.994489
441.919089
441.849651
441.813794
441.921575
441.885827
441.848099
441.849650
441.847556
441.813852
441.920387
441.995582
441.887156
441.847284
441.996097
441.847077
441.921153
441.995151
441.926570
441.996096
441.886317
441.957009
441.885385
441.992821
441.920423
441.994521
441.884884
441.955746
441.886154
441.958109
441.955693
441.920121
441.993967
441.919765
441.920085
441.921191
441.956816
441.990786
441.919750
441.956615
441.922937
441.959720
441.960992
441.993809
442.031161
441.887466
441.921433
441.917142
441.955632
441.883907
441.955645
442.028860
441.922230
441.851357
441.918482
441.956876
441.852141
441.919255
441.883383
441.955920
441.955938
441.963883
441.994052
441.957646
441.994555
441.998448
441.996153
441.924140
441.853439
441.963652
442.030693
442.033831
442.033006
441.992813
441.993657
441.994299
442.035982
441.996205
442.032087
442.004335
441.993222
441.993736
442.141182
441.992427
442.035431
442.106940
442.105301
441.992840
442.029561
441.960424
441.960180
441.957980
441.995733
442.031601
441.993232
441.993747
442.141178
441.992437
442.144578
442.146217
442.109657
442.004091
441.995688
442.074694
442.073490
441.997062
441.918727
441.884470
441.849929
441.954439
441.920674
441.883182
441.849123
441.954430
441.956213
441.956221
441.990244
442.066784
441.918830
441.918844
441.919354
441.960113
442.036004
441.888707
441.958252
441.961305
441.954888
441.956525
441.956532
441.955745
441.955730
441.961504
442.030893
442.029126
441.996938
441.997163
441.886632
441.956169
441.959158
441.954139
441.919319
441.919276
441.917475
441.884221
441.919863
441.954687
441.918994
441.918847
441.990269
441.956458
441.955967
441.956458
441.956514
441.919550
441.885774
441.920600
441.953343
441.987801
441.953584
441.920103
441.992429
441.955347
441.883881
441.955355
441.960208
441.996842
441.957633
441.994542
441.991018
441.991014
441.958544
441.997654
441.958989
441.922567
441.959279
441.990875
441.953545
441.990875
441.991225
441.957047
441.990980
441.991514
441.955741
442.034199
441.991818
441.992205
442.030869
441.959083
441.995322
441.996402
442.033657
441.998520
441.918594
441.918594
441.958817
441.959674
441.998528
441.921714
441.881655
441.882450
441.850260
441.959813
441.851560
441.920882
441.850556
441.919956
441.882626
441.919677
441.919385
441.920959
441.956903
442.030495
442.029216
441.885633
441.887764
441.960855
441.960086
441.958451
442.033299
441.989523
441.956845
441.956859
441.956991
441.993329
441.921258
441.956889
441.922554
442.030715
441.959306
441.996871
441.995104
441.923342
441.923352
441.921281
441.921266
441.955779
441.955793
441.886427
441.955219
441.992910
441.952808
441.989367
441.953821
441.990638
441.918293
441.919808
441.989662
441.920088
441.953635
441.957153
441.991692
441.956140
442.029801
441.918265
441.952797
441.918253
441.954090
441.953893
441.953012
441.918193
441.988878
441.987536
441.919581
441.954113
441.919580
441.956203
441.956489
441.954339
441.957167
441.991706
441.956154
441.988873
442.105392
442.029811
441.957009
441.991561
441.956013
441.989170
441.883387
441.884460
441.846498
441.844700
441.845491
441.916411
441.880637
441.915121
441.915090
441.880338
441.880805
441.881928
441.915949
441.915933
441.879532
441.916745
441.951516
441.880008
441.880297
441.880799
441.880799
441.952285
441.879815
441.916975
441.916985
441.848189
441.848995
441.955190
441.955978
441.845780
441.845814
441.847123
441.847591
441.847376
441.847073
441.917785
441.918278
441.917768
441.847285
441.953022
441.953018
441.846512
441.846300
441.957439
441.813512
441.813546
441.811137
441.811166
441.846787
441.846805
441.882408
441.847585
441.846794
441.848081
441.882395
441.848693
441.849193
441.847905
441.883982
441.813818
441.813806
441.958183
441.960321
442.028971
442.031117
441.920772
441.921085
441.917966
441.921557
441.883727
441.883399
441.956515
441.953561
441.952750
441.991413
441.922598
441.995482
441.885148
441.885464
441.885933
441.882656
441.916625
441.883472
441.883658
441.883402
441.957316
441.883744
441.914891
441.882605
441.956043
441.883713
441.955672
441.955669
441.881558
441.883170
441.881340
441.881002
441.880305
441.919035
441.882453
441.882115
441.883441
441.959841
441.958563
441.880868
441.881675
441.811641
441.917995
441.844870
441.885605
441.918018
441.883677
441.885786
441.844965
441.847079
441.849762
441.919341
441.881597
441.882190
441.882427
441.919044
441.918216
441.882622
441.918014
441.919057
441.882407
441.916935
441.920122
441.919802
441.952545
441.918495
441.991041
441.955376
441.918778
441.954670
441.918278
441.919303
441.920137
441.918185
441.954086
441.952236
441.954085
441.916402
441.883477
441.918010
441.883467
441.919089
441.917951
441.883126
441.918060
441.918545
441.918000
441.919573
441.883206
441.917734
441.883192
441.953818
441.882418
441.953033
441.916961
441.952484
441.953253
441.919565
441.953595
441.885566
441.920079
441.918474
441.991476
441.920059
441.920605
441.990399
441.880194
441.881283
441.915318
441.951991
441.915034
441.915847
441.950988
441.916971
441.917714
441.954376
441.883211
441.914838
441.881674
441.914802
441.883030
441.918015
441.916488
441.917834
441.882122
441.881531
441.881664
441.916704
441.880025
441.880029
441.916467
441.882652
441.884241
441.954169
441.882689
441.917456
441.884059
441.916945
441.918247
441.917181
441.950963
441.918550
441.952001
441.847600
441.847885
441.847133
441.846247
441.846262
441.848078
441.846774
441.881354
441.953322
441.882634
441.954112
441.882132
441.882616
441.990198
441.881836
441.990238
441.881845
441.914814
441.883108
441.882641
441.917951
441.916469
441.916497
441.917570
441.948322
441.917772
441.882489
441.881297
441.882084
441.958317
441.954240
441.919700
441.920208
441.919712
441.957835
441.954093
441.954870
441.882889
441.954650
441.951763
441.988932
441.916948
441.988905
441.918520
441.993365
441.994655
441.883686
441.954650
441.951997
441.953056
441.916922
441.918227
441.988908
441.918253
441.920239
441.955746
441.917465
441.882643
441.921038
441.956078
441.919305
441.920717
441.921937
441.953320
441.921041
441.885666
442.026599
441.955411
441.882080
441.955703
441.881089
441.882634
441.920345
441.993675
441.848404
441.846794
441.883696
441.881304
441.883987
441.882138
441.847878
441.884769
441.881313
441.882387
441.885059
441.883210
441.880811
441.880047
441.846287
441.847569
441.883910
441.883437
441.847067
441.847583
441.882345
441.846789
441.918784
441.919554
441.952245
441.881818
441.882891
441.845804
441.881344
441.882653
441.881801
441.846323
441.882034
441.880290
441.951813
441.953076
441.954199
441.882882
441.954972
441.881884
441.953128
441.881098
441.953892
441.881118
441.881113
441.954655
441.953658
441.987603
441.915318
441.915601
441.915900
441.912987
441.915927
441.950697
441.988094
441.881444
441.914564
441.915183
441.915670
441.952509
441.988144
441.881320
441.881648
441.917806
441.919055
441.845486
441.846277
441.951819
441.879807
441.952596
441.879801
441.882404
441.881417
441.952103
441.880538
441.880813
441.881111
441.846598
441.916658
441.950171
441.916968
441.881091
441.846578
441.883683
441.849161
441.953611
441.954375
441.919098
441.919848
441.879000
441.914863
441.915634
441.879828
441.845330
441.883700
441.849192
441.881404
441.880620
441.849485
441.882405
441.883223
441.848715
441.881058
441.881073
441.915121
441.915126
441.882394
441.847886
441.914324
441.882400
441.847906
441.847628
441.847335
441.881615
441.847121
441.879466
441.879477
441.916660
441.989362
441.882397
441.847885
441.916124
441.881931
441.847433
441.919191
442.026768
441.953690
441.849196
441.847105
441.950196
441.913292
441.950970
441.913272
441.915912
441.843873
441.844664
441.880863
441.914886
441.914368
441.911700
441.846783
441.847575
441.881104
441.953606
441.882390
441.954390
441.881888
441.882414
441.881610
441.918846
441.881130
441.882417
441.881950
441.917242
441.846774
441.847565
441.881374
441.848476
441.848669
441.847859
441.921646
441.955169
441.886019
441.919271
441.849774
441.849485
441.847888
441.919309
441.884965
441.919535
441.991248
441.988320
441.954081
441.949149
441.952527
441.953900
441.916960
441.951488
441.916956
441.988340
441.883299
441.917842
441.883324
441.883502
441.883516
441.955369
441.953311
441.918035
441.954888
441.953898
441.948830
441.954115
441.986802
441.952767
442.065728
441.954596
441.956634
441.989503
441.918247
441.954205
441.990339
441.989123
441.951483
441.955078
442.024233
441.954095
441.954477
441.883225
441.989206
442.026072
441.918512
441.952543
441.918503
441.991271
442.061034
441.951195
441.951746
442.024752
441.987793
442.023951
441.950434
441.948420
441.953644
441.951786
441.953354
441.950971
441.950140
441.952263
441.987003
442.024437
441.917750
441.955141
441.953801
442.027568
441.918779
442.026299
441.989093
441.916461
441.990484
441.989418
441.987824
442.027435
441.993312
441.920057
442.027137
442.027928
441.993393
441.920358
441.919073
441.953616
441.953305
441.952001
441.919268
441.955437
441.991085
441.990055
441.917482
441.951490
441.920589
441.918207
441.992539
441.955139
441.989146
441.884390
441.918889
441.883151
441.954994
441.915302
441.918847
441.954492
441.988915
441.914823
441.915148
441.987594
441.916404
441.988089
441.915619
441.915617
441.914841
441.881394
441.915903
441.914911
441.949966
441.987602
441.915129
441.988078
441.914826
441.916890
441.915620
441.915632
441.880933
441.915427
441.912500
441.914896
441.953273
441.953274
441.952793
441.955535
441.954190
441.955263
441.917778
441.952282
441.951766
441.952464
441.951982
441.955446
441.916969
441.950991
441.955722
441.884121
441.884593
441.954367
441.881979
441.916507
441.882450
441.883842
441.989753
441.884303
441.915647
441.916428
441.954920
441.918649
441.918360
441.914022
441.914854
441.915842
441.952378
441.881806
441.951422
441.955381
441.953343
441.955401
441.920904
441.954581
441.987008
441.985488
441.949148
441.951531
441.951752
441.986987
441.950946
441.916448
441.950430
441.921392
441.955388
441.951169
441.954966
441.952337
441.917819
441.918280
441.990215
441.955900
441.917301
441.952003
441.991528
441.882783
441.918768
441.917984
441.883244
441.992027
441.989979
442.028180
441.955174
441.954127
441.920102
441.949954
441.987607
441.952266
441.952785
441.954885
441.952774
441.953590
441.920386
442.027070
442.025812
441.848129
441.883444
441.921067
441.848422
441.952960
441.953213
441.919776
441.918701
441.916659
441.881637
442.025526
441.954326
441.953873
441.953893
441.953611
441.954121
441.989698
441.990306
441.919935
441.955266
442.023937
441.952262
441.914340
441.880305
441.917443
441.917236
441.950489
441.916934
441.990418
442.027419
441.989150
441.953329
441.918293
441.952838
441.920087
441.954419
441.920881
441.993398
441.953294
441.918259
441.920059
441.886039
441.919344
441.845492
441.845810
441.921781
441.882655
441.921987
442.068055
441.918695
441.918477
441.921074
441.989063
441.992417
441.988279
441.952288
441.918286
441.919798
441.956773
441.953810
441.990245
441.991247
441.955377
441.952706
441.989495
441.919332
441.917473
441.919039
441.951979
441.953501
441.916154
441.882137
441.917498
441.956612
441.954458
441.956336
441.954719
441.957930
441.959213
441.991239
441.885592
441.919056
441.886103
441.992425
441.958228
441.846765
441.994258
441.885892
441.886392
441.882120
441.917740
441.952560
441.915345
441.915662
441.882134
441.882403
441.846017
441.846505
441.846013
441.847065
441.845195
441.847071
441.880537
441.880517
441.881831
441.917424
441.916171
441.914890
441.881358
441.916925
441.882899
441.844453
441.847062
441.845986
441.846300
441.846233
441.847558
441.846491
441.845459
441.846802
441.844902
441.846753
441.882421
441.915627
441.915304
441.846798
441.881317
441.881084
441.846769
441.845185
441.990192
441.916489
441.916508
441.880610
441.880602
441.913319
441.917038
441.880135
441.880578
441.880312
441.880314
441.914602
441.880286
441.917540
441.879017
441.880149
441.987370
441.878998
441.879801
441.878008
441.914171
441.915446
441.880100
441.846604
441.844985
441.844981
441.846604
441.884250
441.845747
441.845743
441.845776
441.845777
441.845462
441.845775
441.845462
441.845776
441.918024
441.952280
441.918052
442.026417
441.917173
441.916483
441.917191
441.882484
441.917009
441.845179
441.844384
441.844212
441.878710
441.879497
441.878686
441.918323
441.918342
441.919948
441.881685
441.883208
441.882997
441.881112
441.883225
441.881054
441.883053
441.882359
441.848394
441.956076
441.850775
441.847364
441.848134
441.882334
441.882120
441.884038
441.885299
441.884340
441.850590
441.881219
441.882755
441.884016
441.882506
441.848756
441.881652
441.884525
441.883500
441.881640
441.884798
441.919956
441.883824
441.882477
441.848663
441.849433
441.883639
441.883423
441.880224
441.954650
441.883975
441.918196
441.883748
441.955146
441.955173
441.914032
441.950361
441.987820
441.988630
441.953068
441.991010
441.919811
441.987285
441.916190
441.916186
441.988390
441.881091
441.916120
441.917707
441.880544
441.880253
441.882655
441.990520
441.919039
441.951258
441.951261
441.916680
442.027391
441.916681
441.920318
441.992415
441.885066
441.919653
441.885318
441.885614
441.991789
441.955962
441.991469
441.882924
441.884603
441.918672
441.881626
441.881626
441.884238
441.881835
441.881315
441.988881
441.880335
441.847111
441.953628
441.881603
441.989669
441.920111
441.881922
441.848698
441.955214
441.953050
441.919811
441.846248
441.846549
441.845962
441.846262
441.953516
441.992974
441.993761
441.849222
441.886220
441.851095
441.881947
441.883257
441.995470
441.880285
441.845473
441.846770
441.883212
441.845499
441.881118
441.882420
441.848670
441.880299
441.846744
441.847045
441.990237
441.847862
441.846759
441.847060
441.992742
441.885401
441.884601
441.883230
441.917478
441.883737
441.954687
441.883047
441.883544
441.883020
442.036024
441.922547
441.850740
441.849766
441.959052
441.957900
441.993174
441.956485
441.957897
441.993171
441.996006
442.027415
441.920672
441.921171
441.919582
441.957054
441.923633
441.922773
441.954205
441.921480
442.029000
441.955006
441.921507
441.887464
442.031833
441.923350
441.851278
441.883128
441.850791
441.848946
441.884436
441.917699
441.917684
441.883419
441.884235
441.924714
441.957241
441.926275
441.958562
441.921176
441.883702
441.881090
441.881875
441.882371
441.915406
441.880588
441.884515
442.027134
441.952777
441.992211
441.990645
441.954620
441.953143
441.952938
441.952925
441.953143
442.034445
441.919601
442.032441
441.920258
441.918893
441.921348
441.991413
442.032250
441.918688
441.919980
441.991195
442.067968
441.988143
441.952631
441.992700
441.953120
442.030941
441.919197
441.918370
441.918678
441.989911
442.031928
441.920258
441.918893
441.990898
442.029693
441.990001
441.990779
441.988615
441.917230
441.987335
441.917209
442.024217
441.951197
441.950736
441.953233
441.952448
441.989492
441.916700
441.986288
441.916548
441.991634
441.883282
441.992124
441.988967
441.950990
441.953291
441.954696
441.917724
441.953284
441.918556
441.990771
441.954350
441.954583
441.992317
441.883965
441.992821
442.027789
441.988874
441.990200
441.916868
441.955946
441.883170
441.988957
441.916704
441.917576
441.954682
441.883441
441.918566
441.990767
442.064368
441.885003
441.919324
442.026317
441.953565
441.917165
441.918821
441.885777
442.031062
442.027967
441.918580
441.954327
441.988189
441.952810
441.954319
441.954704
441.919572
441.918553
441.917601
441.990729
442.025245
441.957261
441.955352
442.026315
441.950708
441.989223
441.990015
441.990506
442.024746
441.954717
441.952834
441.919577
441.954325
441.989700
441.954316
441.988180
441.954331
441.990482
441.952814
441.954603
441.918580
441.920271
441.918692
441.919953
441.921043
441.955292
441.919675
441.955507
441.954995
441.953117
441.993204
441.919797
441.918892
441.918064
441.954008
441.920784
441.919953
441.919802
441.919511
441.953701
442.032874
441.954385
441.919841
441.990589
441.918345
442.069480
441.919838
441.954881
441.953973
442.070269
441.921430
441.956955
441.955652
442.033658
441.955658
441.991362
441.921415
441.921259
441.955474
441.959084
441.883473
441.958082
441.957257
441.886889
441.957322
441.956632
441.886136
442.029104
441.885834
441.884522
441.957132
441.886899
441.887989
441.957350
442.034987
441.992672
441.994748
442.036869
442.038175
441.993434
442.035895
442.036394
441.998227
441.958279
441.920898
441.994374
441.920903
441.956773
442.104497
441.956283
441.920082
442.027439
441.922660
441.955576
441.919934
441.921566
441.921232
441.920258
441.954477
441.918624
441.919636
441.919425
441.953640
441.993989
441.882922
441.919704
441.920213
441.882122
441.882117
441.884249
441.954940
441.954757
441.884804
441.922084
441.884321
441.921601
442.029301
441.883937
441.882964
441.884371
441.919472
441.883952
441.918758
441.917492
441.917547
441.917064
441.917482
441.915703
441.917507
441.917208
441.917510
441.994204
441.994115
441.991632
441.955254
441.955270
441.991621
441.989510
442.029193
442.028721
441.885957
441.920176
441.988934
441.988938
441.991855
441.882264
441.882102
441.884576
441.882215
441.847051
441.995370
441.848670
441.956004
441.992827
441.883240
441.920437
441.883975
441.916448
441.882066
441.918634
441.916719
441.883046
442.029403
441.918304
441.881951
441.917787
441.884743
441.883940
441.953626
441.917478
441.917506
441.884462
441.883961
441.917510
441.952533
441.953003
441.849983
441.956502
441.849200
441.917771
441.993690
441.919284
441.952527
441.884251
441.917464
441.916682
441.915381
441.881890
441.953096
441.883171
441.953604
441.920553
441.954382
441.921148
441.991872
441.918751
442.028333
441.883730
441.921003
441.994638
442.067908
441.954853
441.920341
441.955929
441.915133
441.916411
441.954393
441.916473
441.916922
441.915938
441.917528
441.916151
441.916893
441.917390
441.916433
442.022392
442.022383
441.916143
441.917122
441.916910
441.917424
441.952792
441.953897
441.916935
441.916637
441.916153
441.951469
441.952251
441.917734
441.917427
441.953744
441.918023
441.918209
441.917816
442.028796
441.847834
441.848822
441.881035
441.881524
441.881214
441.882669
441.919150
441.881902
441.881098
441.957916
441.884804
441.920649
441.918726
441.845436
441.918238
441.918713
441.918925
441.882876
441.918436
441.917926
441.957865
441.847335
441.846838
441.992903
441.954267
441.884417
441.918614
441.883782
441.997334
441.997067
441.994336
441.882235
441.883526
442.107411
441.991562
442.028201
441.919148
441.953721
441.882732
441.847590
441.883227
441.883523
441.882934
441.881622
441.847297
441.882446
441.881316
441.881301
441.953680
441.882156
441.920953
441.921235
441.917674
441.919293
441.921690
441.921976
441.954161
441.955942
441.990774
441.954186
441.990489
441.915896
441.848108
441.882145
441.917949
441.881333
441.916151
441.881638
441.916382
441.918013
441.882112
441.881578
441.917167
441.988977
441.952892
441.954945
441.949420
441.988390
442.066390
441.953371
441.988491
441.951948
441.954473
442.068161
441.953675
441.953361
441.955456
441.990284
441.953703
441.988404
441.990486
441.953642
441.882887
441.917943
441.916670
441.954120
441.917167
441.882096
441.915336
441.882605
441.917171
441.954879
441.848594
441.848082
441.847101
441.953288
441.846483
441.846511
441.847071
441.954113
441.988592
441.989436
441.916161
441.990445
441.990458
441.916977
441.916926
441.918259
441.883746
441.952818
441.882152
441.955405
441.882122
441.951933
441.990429
441.989160
441.951956
441.951929
441.952754
441.915323
442.023916
441.915314
441.916949
441.916417
441.951971
441.882451
441.917180
441.881177
441.915200
441.914811
441.914037
441.951495
441.950169
441.914856
441.881636
441.916145
441.915154
441.952016
441.915327
441.882118
441.916626
441.914797
441.881284
441.880813
441.881793
441.879712
441.880285
441.881377
441.881093
441.914546
441.915362
441.950955
441.914301
441.913277
441.916121
441.915847
441.915234
441.912485
441.915334
441.915632
441.916617
441.949659
441.915437
441.912816
441.881813
441.879822
441.881126
441.987122
441.881824
441.881311
441.882083
441.846603
441.915682
441.919284
441.919568
441.914878
441.952035
441.988954
441.881635
441.916750
441.916199
441.915675
441.882462
441.916975
441.952596
441.919885
441.954398
441.988089
441.951190
441.988580
441.915927
441.882406
441.916915
441.991500
441.954935
441.988474
441.954756
441.919716
441.955090
441.955843
441.990883
442.026404
441.958300
441.881898
441.881932
441.952807
441.954390
441.918815
441.918054
441.881690
441.881896
441.882474
441.882677
441.917537
441.916663
441.917399
441.955935
441.917408
441.917946
441.884324
441.950407
441.950154
441.916179
441.917951
441.880643
441.914646
441.951504
441.916567
441.916756
441.847104
441.991574
441.884020
441.915868
441.881107
441.918026
441.918340
441.953364
441.883205
441.882937
441.882128
441.953854
441.916110
441.954628
441.916115
441.916962
441.916648
441.882490
441.916492
441.919669
441.917621
441.883016
441.956290
441.920644
441.918596
441.918596
441.920648
441.883987
441.956473
441.848409
441.951757
441.882156
441.846603
441.881658
441.882121
441.881108
441.882103
441.847854
441.882363
441.847062
441.881570
441.953084
441.952777
441.881365
441.881073
441.880284
441.918011
441.846255
441.915337
441.880282
441.845945
441.918007
441.879971
441.914806
441.879808
441.846281
441.914643
441.881599
441.880807
441.914327
441.950411
441.881833
441.916706
441.881322
441.812609
441.882110
441.880507
441.882872
441.846150
441.916216
441.916415
441.914847
441.880036
441.880017
441.880648
441.883996
441.918748
441.883809
441.881327
441.881313
441.954082
441.953790
441.846591
441.880592
441.919045
441.847108
441.918014
441.881718
441.915725
441.915698
441.916992
441.916803
441.950686
441.951198
441.813094
441.880803
441.881608
441.847117
441.914338
441.880558
441.880049
441.881630
441.846316
441.951724
441.881026
441.880528
441.880251
441.880538
441.881045
441.880299
441.880829
441.952515
441.916409
441.881331
441.914872
441.917121
441.883686
441.918453
441.883503
441.881368
441.881835
441.952829
441.846629
441.881113
441.918267
441.847607
441.917718
441.883504
441.883226
441.917245
441.918751
441.880783
441.879645
441.880785
441.880018
441.848077
441.847752
441.993331
441.917423
441.991954
441.917879
441.918972
441.955145
441.919523
441.920666
441.917180
441.917987
441.917509
441.848294
441.847901
441.848894
441.847301
441.920405
441.919433
441.989981
441.997605
441.996761
441.993722
441.924497
442.036902
442.036888
441.961281
441.996376
442.027109
441.991818
441.990475
441.957247
442.104489
441.992626
441.991791
441.991648
441.996168
441.958974
441.996675
442.029418
442.102799
442.067545
442.034018
442.031252
441.920373
441.921681
442.027163
441.996092
441.996390
442.033050
441.994936
441.954084
441.920613
441.918742
441.919558
441.917936
441.919254
441.884727
441.990807
441.920891
441.992791
441.923798
442.030739
441.957927
441.995764
441.956813
441.990314
441.958091
441.920910
441.922477
441.997937
442.030415
442.031722
441.919639
441.955943
441.957514
441.923089
441.956859
441.954686
441.955960
441.922315
441.921348
441.992919
441.994232
441.886952
441.920721
441.886192
441.994027
441.962573
441.956755
442.029357
442.065724
441.952552
441.953353
441.955909
441.989979
441.955153
441.919780
441.993718
441.953811
441.957292
442.029611
441.953501
441.954611
441.954374
441.921652
441.920850
441.920956
441.920155
441.954461
441.956611
441.953674
441.884776
441.883980
441.990842
441.917508
441.956210
441.917521
441.918076
441.919069
441.849446
441.956804
441.882660
441.885604
441.886705
441.885323
441.884540
441.883698
441.885614
441.918793
441.956973
442.076237
441.956601
441.881333
441.922027
441.921244
441.919537
441.918546
441.919437
441.885641
441.918499
441.994665
441.993351
441.883671
441.991959
441.884478
441.922313
441.882914
441.848384
441.953686
441.954649
441.989473
441.954651
442.066018
441.847569
441.953667
441.917159
441.993291
441.917761
441.923157
441.953343
441.918077
441.918081
441.918601
441.988657
441.989437
441.989460
441.883958
441.882646
442.029843
441.882343
441.882868
441.882161
441.880790
441.990232
441.881556
441.916182
441.879487
441.845518
441.880336
441.956893
442.036052
441.960595
441.993694
442.029703
442.030186
441.960490
442.030091
441.992862
441.958580
441.957536
441.958918
442.001030
441.995986
441.925408
441.925160
441.994545
441.958944
441.957240
441.954351
441.955154
441.993010
441.924360
441.924112
441.993493
442.200995
442.075738
442.076922
441.999708
441.996080
442.033854
441.996706
442.073346
442.109989
442.109757
442.146433
442.034393
442.034393
441.958712
442.030958
441.994339
441.998455
442.072367
442.034082
442.070726
442.107156
442.072068
441.992962
442.070801
442.065838
442.028292
442.111617
442.114691
442.112136
442.037719
441.996220
442.033372
442.125143
441.999882
441.960046
442.113024
442.073047
442.076010
441.994996
441.994139
442.073050
442.074712
441.996869
441.995326
442.069111
442.069293
442.032477
442.032510
441.960361
442.000180
441.959799
441.921400
441.956942
441.960182
441.959134
442.034517
441.996795
442.001275
441.957240
442.068565
441.993006
442.070408
441.992911
442.028952
442.029438
441.958951
441.994867
441.925730
442.029322
441.925486
441.958150
442.035916
441.959700
441.959058
441.958086
441.956824
441.958862
441.920139
441.921390
441.960148
441.957300
441.957574
441.958070
441.995908
441.957113
441.957884
441.990756
441.887152
441.886084
441.919748
441.921438
441.923328
441.882639
441.882120
441.852053
441.884328
441.884341
441.953621
441.953654
441.851005
441.887048
441.884244
441.920768
441.885065
441.919882
441.919860
441.993642
441.924963
441.920453
441.918062
441.920485
441.846822
441.845707
441.846317
441.844897
441.847318
441.847303
441.814355
441.811978
441.880147
441.881317
441.846627
441.880608
441.847103
441.880514
441.879778
441.879006
441.880800
441.880354
441.881609
441.847288
441.848561
441.880873
441.846867
441.879995
441.847900
441.845523
441.881024
441.882600
441.880894
441.846319
441.847895
441.881390
441.882595
441.881336
441.846274
441.847854
441.848687
441.847896
441.884788
441.885298
441.883244
441.884532
441.847404
441.880808
441.880809
441.879792
441.814360
441.813086
441.916970
441.882964
441.917486
441.879187
441.845175
441.846487
441.847403
441.848705
441.849197
441.848687
441.848659
441.849165
441.849173
441.848667
441.951936
441.847485
441.881907
441.916170
441.846176
441.845153
441.880260
441.879195
441.812961
441.812473
441.846996
441.845989
441.880718
441.882236
441.844360
441.847880
441.844991
441.878999
441.880515
441.880512
441.812250
441.846282
441.846543
441.989810
441.843664
441.880616
441.846582
441.917823
441.845170
441.844672
441.918248
441.917739
441.953340
441.918294
441.917785
441.880592
441.953856
441.989316
441.881053
441.882650
441.846571
441.917818
441.847089
441.919655
441.915688
441.915674
441.916966
441.917472
441.916977
442.025391
441.950494
441.883778
441.843992
441.883283
441.914689
441.915472
441.919135
441.882354
441.847078
441.919622
441.882074
441.847088
441.880555
441.994117
441.884300
441.884589
441.991718
441.921781
441.993302
441.993654
441.883823
441.884111
441.921287
441.881707
441.880545
441.881316
441.879345
441.917508
441.881082
441.952311
441.845786
441.920624
441.847582
441.919347
441.953930
441.953901
441.954426
441.884600
441.884133
441.882445
441.955025
441.954729
441.955031
442.064546
441.846096
441.846599
441.845236
441.812577
441.958484
441.845315
441.845818
441.843662
441.881299
441.881890
441.881313
441.811795
441.845799
441.882899
441.846233
441.846228
441.846289
441.883390
441.956178
441.879766
441.845254
441.845434
441.844942
441.881139
441.879811
441.879813
441.879331
441.880619
441.880647
441.880639
441.880647
441.881143
441.879843
441.879853
441.880658
441.846738
441.846725
441.845484
441.809062
441.845456
441.847785
441.919054
441.844659
441.844660
441.845964
441.846758
441.846489
441.847782
441.845685
441.846988
441.879457
441.880560
441.880261
441.845457
441.846251
441.846266
441.916436
441.916471
441.915993
441.845487
441.844991
441.846254
441.845773
441.846295
441.846110
441.953328
441.847075
441.920363
441.849380
441.919864
441.955673
441.882109
441.882408
441.955187
441.883692
441.883675
441.883490
441.847299
441.846751
441.846311
441.847604
441.845802
441.845783
441.845783
441.845799
441.879300
441.845281
441.847068
441.881396
441.848893
441.953571
441.880043
441.880342
441.953096
441.881621
441.880085
441.879789
441.881599
441.881890
441.917753
441.879815
441.844977
441.879319
441.917267
441.847088
441.955964
441.882432
441.882727
441.955489
441.884014
441.883983
441.884274
441.917730
441.879793
441.844962
441.879301
441.917245
441.845266
441.881374
441.847055
441.843965
441.880091
441.953377
441.880095
441.845526
441.880586
441.880865
441.847106
441.845814
441.881092
441.882697
441.846082
441.882933
441.845482
441.844175
441.844696
441.844971
441.882919
441.844479
441.847062
441.845296
441.846291
441.844505
441.845286
441.846981
441.848585
441.881647
441.954939
441.848405
441.882146
441.881365
441.879858
441.846335
441.880628
441.847122
441.880307
441.879514
441.881357
441.881645
441.845794
441.847049
441.845461
441.847351
441.845757
441.845758
441.881410
441.847900
441.882183
441.848678
441.881867
441.881084
441.881623
441.882396
441.845759
441.845759
441.847029
441.954122
441.847332
441.880034
441.844164
441.844461
441.881594
441.879294
441.845302
441.845456
441.845775
441.843962
441.846081
441.845775
441.846067
442.070529
442.031238
441.990373
442.026085
441.884345
441.884331
441.953658
441.919663
441.920144
441.955845
441.955342
442.072142
441.920698
441.920701
441.954769
441.955247
441.954433
441.997747
441.954444
441.847583
441.848394
441.915356
441.882801
441.950479
441.922000
441.885915
441.887556
441.964306
441.850797
441.885352
441.885816
441.848878
441.884072
441.849646
441.963224
441.849227
441.884275
441.884257
441.847273
441.885661
441.990195
441.883519
441.955932
441.951338
441.950805
441.916813
441.952305
441.952819
441.951817
441.884898
441.989435
441.918761
441.919660
441.918502
441.918320
441.849678
441.848882
441.887290
441.884260
441.958372
441.960203
441.955093
441.989002
441.916957
441.916160
441.954576
441.920567
441.917838
441.952328
441.954052
441.953274
441.952014
441.953099
441.990917
441.916977
441.882947
441.952759
441.989497
441.918751
441.884239
441.989505
441.952317
441.953075
441.917824
441.990903
441.917472
441.882960
441.918291
442.065555
441.993014
441.953949
441.953959
441.850794
441.923180
441.918614
441.918080
441.884088
441.919080
441.919594
441.917900
441.882774
441.954354
441.883438
441.883432
441.916594
441.952741
441.950384
441.950392
441.950173
441.917125
441.916928
441.916647
441.952063
441.954993
441.953973
441.920211
441.919741
441.918380
441.988448
441.952619
441.989210
441.919133
442.034422
441.953986
441.918186
441.954401
441.919755
441.918861
441.918074
441.917433
441.918211
441.883755
441.885340
441.884070
441.917147
441.882627
441.883660
441.998328
441.957299
441.919348
441.957309
441.917768
441.917772
441.919362
441.920028
441.883394
441.886009
441.997476
441.882650
441.921544
442.033968
441.955849
441.955332
441.955273
441.957405
441.952302
441.994110
441.954817
442.031100
441.995589
441.959843
441.995810
441.993654
441.955535
442.031115
441.956348
441.954566
442.030569
441.955334
442.070185
442.034555
441.994605
441.954820
441.958490
441.994443
441.883506
441.882704
441.958953
441.956152
441.924481
441.956961
441.996903
441.849619
441.884548
441.885334
441.925516
441.847742
441.884744
441.884748
441.922670
441.920146
441.960118
441.920945
441.999917
441.958388
441.958926
441.889072
441.924182
442.026861
441.954787
441.956919
442.068733
441.951833
442.030642
441.993608
441.954344
442.031441
442.106187
442.105737
441.958250
442.064233
442.025614
441.993767
442.031539
441.990681
442.070830
441.993708
442.105726
441.958240
442.064237
441.993757
441.991467
441.993695
442.030617
442.070699
442.035438
441.995107
441.959358
441.993154
441.955064
442.030629
441.955877
442.026088
441.917472
441.952504
441.955117
441.954609
442.067702
442.026217
441.954554
441.920513
441.920015
441.990046
441.920017
441.954309
441.954570
442.030558
441.955338
441.994594
441.958477
441.955928
442.034589
441.953419
441.993391
441.954218
441.992600
441.992207
441.956947
441.921822
441.920592
441.922350
441.957446
441.920321
441.919046
441.955348
441.992834
441.917511
441.954549
441.992039
441.916713
441.881279
441.879977
441.880774
441.880270
441.987895
441.881855
441.882641
441.882126
441.956802
441.916425
441.917211
441.954184
441.883453
441.918493
441.955442
441.847036
441.847823
441.990180
441.920601
441.956167
441.917464
441.917468
442.028175
441.992708
441.886722
441.924132
441.888532
441.885605
441.918980
441.847550
441.847205
441.996721
441.995449
441.920356
441.885866
441.916188
441.918895
441.885290
441.884501
441.850515
441.921758
441.851303
441.887633
441.885565
441.815096
441.848361
441.850526
441.886854
441.847468
441.885261
441.958169
441.920061
441.917173
441.917984
441.917502
441.851011
441.961078
441.958971
441.917464
441.917974
441.917492
441.847584
441.959767
441.887642
441.886347
441.816680
441.849955
441.885257
441.883980
441.814309
441.958464
441.922734
441.923521
441.922239
441.885909
441.956955
441.919334
441.885603
441.919091
441.920920
441.846768
441.811963
441.812231
441.845740
441.810336
441.847625
441.956248
441.956264
441.881569
441.879795
441.879513
441.880778
441.879482
441.881248
441.880285
441.879981
441.880784
441.879970
441.881560
441.880285
441.880747
441.881543
441.880281
441.881097
441.953352
441.847041
441.848611
441.847308
441.848106
441.848359
441.849172
441.845257
441.918698
441.844044
441.917104
441.953892
441.846509
441.879778
441.880591
441.880542
441.880322
441.879774
441.987365
441.914621
441.880297
441.846564
441.847859
441.880310
441.845799
441.846318
441.848411
441.848107
441.919380
441.879780
441.880582
441.881331
441.879779
441.881045
441.915904
441.846553
441.847837
441.845781
441.920131
441.809825
441.918706
441.880801
441.953659
441.846771
441.919029
441.880599
441.881385
441.880297
441.953128
441.915101
441.914824
441.880054
441.916947
441.916634
441.846267
441.914659
441.916160
441.953161
441.880624
441.917419
441.953129
441.883248
441.884048
441.844184
441.845692
441.811659
441.845151
441.844834
441.882389
441.845487
441.882573
441.809816
441.809518
441.844354
441.844665
441.844903
441.845063
441.845685
441.811650
441.846775
441.845452
441.845149
441.882686
441.882883
441.955518
441.884259
441.849723
441.883743
441.816447
441.917229
441.918027
441.917739
441.916139
441.920753
441.922905
442.034694
441.920130
441.918566
441.918709
441.880678
441.880995
441.921970
441.919283
441.919297
441.886514
441.922114
441.886997
441.922596
441.955242
441.919039
441.955134
441.955630
442.029329
441.954338
441.916631
441.918316
441.915839
441.953417
441.916330
441.919957
441.920212
442.068823
441.954883
441.918339
441.988693
441.953610
441.953847
442.024561
441.917465
441.952307
441.990288
441.917476
442.026389
441.955089
441.881906
441.953815
441.954464
441.918543
441.953358
441.880042
441.883696
441.881650
441.883670
441.847860
441.919117
441.918486
441.990260
441.987398
441.914576
441.915353
441.915926
441.953338
441.916454
441.916910
441.881891
441.953147
442.022703
441.919616
441.917979
441.917193
441.917008
441.991646
442.027688
441.954089
441.919334
441.920353
441.885611
441.919296
441.918514
441.919606
441.918319
441.992462
441.953271
441.952789
441.954864
441.987865
441.954377
441.990829
441.918536
441.919335
441.885576
441.886065
441.956074
442.030267
441.955507
441.955507
441.882662
441.880521
441.846470
441.846566
441.880544
441.878980
441.881345
441.879762
441.846082
441.846566
441.881896
441.845007
441.881285
441.811481
441.845213
442.027590
441.884772
441.884218
441.955996
441.919634
441.884780
441.957287
441.886577
441.956282
441.922032
441.991608
441.953334
441.954639
441.955609
441.953657
441.920762
441.919612
441.887263
441.955571
441.954779
441.920396
441.921199
441.990773
441.918789
441.886984
441.993286
441.887728
441.956522
441.883913
441.883970
441.955685
441.884470
441.885335
441.922303
441.886681
441.994050
441.812766
441.812755
441.813253
441.812740
441.883395
441.918731
441.918727
441.883448
441.886462
441.919561
441.919557
441.923443
441.850279
441.887742
441.881354
441.919561
441.919557
441.924196
441.883915
441.918277
441.918250
441.918250
441.916448
441.883448
441.882890
441.882924
441.847801
441.812772
441.848286
441.812455
441.846313
441.880774
441.845439
441.846221
441.845986
441.879499
441.881580
441.883488
441.845780
441.844967
441.811451
441.813511
441.812216
441.851566
441.883708
441.850172
441.921372
441.885107
441.887746
441.883952
441.881626
441.848089
441.919252
441.919252
441.918490
441.883913
441.777914
441.813524
441.779202
441.811400
441.811711
441.812257
441.919405
441.883248
441.884024
441.955280
441.918578
441.918022
441.918833
441.917568
441.884031
441.885319
441.919041
441.851636
441.883482
441.919849
441.920693
441.920209
441.921594
441.887256
441.887859
441.853521
441.993209
441.955978
441.921053
441.886726
441.955496
441.881910
441.884288
441.952831
441.919326
441.952831
441.919329
441.850567
441.991032
441.919302
441.918573
441.884843
442.025311
441.880300
441.847606
441.845226
441.881139
441.881110
441.881159
441.847597
441.846333
441.881827
441.847624
441.881038
441.848110
441.882397
441.880666
441.847132
441.880637
441.881333
441.881832
441.847607
441.881916
441.881734
441.920223
441.919922
441.955266
441.918578
441.918060
441.992863
441.952845
441.919344
441.952838
441.919347
441.918545
441.918316
441.883834
441.885831
441.852111
441.992590
441.992790
441.956766
441.918811
441.884787
441.884592
441.958062
441.920117
441.886071
441.887222
441.922025
441.921239
441.955978
441.957291
441.886581
441.921279
441.887547
441.954180
441.920665
441.953698
441.920668
442.028050
441.846433
441.880495
441.880179
441.846765
441.814073
441.814851
441.883177
441.847490
441.812799
441.846687
441.813275
441.881101
441.880216
441.954747
441.919102
441.956891
441.920993
441.920420
442.070846
441.953851
441.954886
442.067683
441.919357
441.989435
441.990203
441.954241
441.955148
441.956484
442.069781
441.920955
441.957676
441.952538
441.953086
442.065865
441.917571
441.952615
441.988531
441.954063
441.953152
441.918637
441.951197
442.033712
441.884905
441.991685
441.922551
441.918205
441.886955
441.880251
441.810025
441.809845
441.810316
441.917742
441.917278
441.884255
441.920939
441.920175
441.920667
441.919127
441.953916
441.883248
441.884233
441.884486
441.885716
441.848974
441.882667
441.882710
441.850229
441.883964
441.882651
441.882691
441.918282
441.848410
441.848108
441.918013
441.953314
441.881412
441.847893
441.847591
441.953796
441.882615
441.881820
441.953725
441.883804
441.881642
441.881110
441.918225
441.916350
441.953129
441.847116
441.881468
441.882118
441.916159
441.918552
441.880814
441.915925
441.915933
441.880827
441.952181
441.846952
441.881600
441.919138
441.919608
441.953904
441.883978
441.918733
442.026720
441.813894
441.813592
441.882907
441.882130
441.992034
441.956177
441.921541
441.919673
441.886698
441.921333
441.847047
441.847062
442.070807
441.956756
441.957805
441.994232
441.955057
441.922856
441.954248
441.955864
441.955085
441.955056
441.921578
441.959053
441.998403
441.886147
441.956076
441.920408
441.847568
441.917494
441.917484
441.848891
441.881626
441.882640
441.882931
441.883719
441.884204
441.883468
441.847868
441.920098
441.848852
441.918020
441.881045
441.881048
441.882645
441.916179
441.954884
441.916470
441.952816
441.917988
441.883426
441.882420
441.917705
441.883791
441.884270
441.917193
441.952518
441.918482
441.883186
441.919867
441.956224
441.920078
441.918765
441.918774
441.881635
441.918418
441.916854
441.883938
441.848108
441.918302
441.919806
441.918225
441.917993
441.883451
441.954838
441.954558
441.883460
441.917187
441.883161
441.919331
441.882637
441.881853
441.846308
441.880820
441.881414
441.879512
441.917172
441.915558
441.916354
441.881620
441.811948
441.845979
441.883645
441.848064
441.915549
441.919249
441.883895
441.885233
441.883659
441.882308
441.884747
441.951999
441.883188
441.954981
441.916651
441.914576
441.914159
441.917834
441.916471
441.880619
441.917534
441.918614
441.989535
441.919095
441.918338
441.883685
441.990571
441.920145
441.917230
441.915335
441.879749
441.882379
441.880628
441.881377
441.884071
441.919678
441.882355
441.884322
441.918556
441.918257
441.918559
441.847088
441.882605
441.881026
441.884538
441.884019
441.955249
441.881092
441.847054
441.918315
441.951224
441.951729
441.918013
441.879784
441.951243
441.879488
441.951749
441.951743
441.844939
441.844939
441.991684
441.914864
441.950952
441.846183
441.951444
441.880259
441.847792
441.952261
441.915146
441.915652
441.915143
441.915649
441.914666
441.915171
441.953837
441.845987
441.847294
441.881617
441.880316
441.919822
441.915640
441.916436
441.845713
441.813036
441.919585
441.847320
441.846518
441.846127
441.812555
441.919105
441.883477
441.953356
441.846609
441.879784
441.880082
441.919802
441.845815
441.812242
441.919579
442.031366
441.921999
441.957433
441.956922
441.883662
441.882664
441.887285
441.883652
442.027630
441.918114
441.917804
441.918106
441.887769
441.956065
441.847301
441.880569
441.915001
441.915473
442.023242
442.024033
441.914677
441.915438
441.914664
441.951253
441.847280
441.951251
441.951259
441.879782
441.952560
441.847592
441.953369
441.847585
441.914661
441.914685
441.915959
441.916465
441.915983
441.952538
441.845246
441.917742
441.952527
441.952898
441.952553
441.846307
441.880091
441.880081
441.917286
441.952542
441.845822
441.916734
441.917240
441.917244
441.917740
441.915952
441.917262
441.954228
441.954723
441.848622
441.919097
441.881103
441.844151
441.847055
441.917524
441.953852
441.919340
441.919354
441.845224
441.915156
441.915952
441.882694
441.882703
441.954191
441.884544
441.884843
441.990262
441.882209
441.885815
441.991047
441.883488
441.885921
441.920713
441.920403
441.920705
441.849467
441.884192
441.882609
441.884024
441.884813
441.885614
441.957409
441.916994
441.917489
441.916489
441.950977
441.915701
441.916985
441.916998
442.025873
441.950977
441.813553
441.919305
441.848686
441.814631
441.920385
441.884771
441.953401
441.953853
441.847607
441.919817
441.847113
441.813058
441.919598
441.919424
441.918639
441.847014
441.886091
441.847814
441.919381
441.846825
441.884043
441.813577
441.883760
441.884252
441.846806
441.919826
441.847142
441.847614
441.882116
441.919980
441.919967
441.951535
441.918302
441.990878
441.920448
441.954783
441.991399
441.954297
441.955413
441.990904
441.883019
441.918531
441.883260
441.883759
441.850017
441.956561
441.920908
441.883273
441.882999
441.920949
441.920454
441.880390
441.880862
441.916151
441.880054
442.102627
441.921207
441.919901
441.848655
441.920921
441.848373
441.959796
441.953580
441.992562
441.883293
441.920912
441.920081
441.884252
441.956038
441.919318
441.919023
441.956516
441.850493
441.991717
441.920391
441.919575
441.960097
441.919624
441.848292
441.846701
441.993073
441.920627
441.883722
441.849442
441.846547
441.846256
441.812215
441.882949
441.810409
441.846773
441.812728
441.846768
441.812737
441.922300
441.953628
441.919622
441.954144
442.097978
441.960890
441.956834
441.998996
441.922418
441.921820
441.955552
441.997386
441.852759
441.993335
441.996583
441.994869
441.850893
441.885112
441.884127
441.918346
441.992496
441.992499
442.033213
441.956634
441.919201
441.922338
441.957450
441.918413
441.956688
442.067252
442.071949
442.037684
441.955375
441.885814
441.884705
441.916773
441.921510
441.958047
441.923251
441.993038
441.921719
442.065554
441.956775
441.887870
441.991650
441.958891
441.993108
441.965384
441.920759
441.998399
441.921867
441.920597
441.920094
441.955298
441.955283
441.991668
441.994501
441.920174
441.885973
441.959713
441.993929
441.959040
441.920610
442.112287
441.919868
441.990914
441.922198
441.955673
441.922013
442.028731
442.031345
442.033605
442.032300
441.995043
442.032799
441.918259
441.989479
441.952007
441.956175
442.026078
441.952778
441.955102
441.955192
441.992842
441.991998
442.029571
441.989126
441.955374
441.951190
441.955587
441.955286
441.954306
441.954692
441.955719
441.990165
442.027119
441.921254
442.032311
442.031247
441.990964
441.993509
441.924276
441.993496
441.993496
441.959090
441.993492
441.990964
442.031233
441.992745
441.956722
441.919271
442.026268
441.990423
441.989620
441.957041
441.952023
441.992865
441.952537
441.957333
441.954684
441.994662
441.993496
441.993482
441.993496
441.959111
441.993500
441.924269
441.998169
441.998089
441.957840
441.957830
441.998594
442.032664
441.998154
442.073408
442.030116
441.997499
442.030608
441.992012
441.994078
442.030608
442.030102
442.037265
441.998608
441.957830
441.957840
441.998089
442.034547
442.079281
442.079281
442.079281
442.079281
441.920911
441.882160
441.956903
441.881366
441.959013
441.850743
441.920093
441.952574
441.881383
441.882336
441.882642
441.881365
441.956102
441.880557
441.885963
441.956141
441.921791
441.992467
441.992474
442.069368
441.923721
441.993290
441.999787
442.029290
441.959699
441.925752
441.998462
441.960346
441.887216
441.956006
441.994794
441.996210
442.030805
442.003545
442.003303
442.073409
442.072192
441.995720
442.030333
441.995685
441.994707
441.925574
442.034132
442.029543
441.960410
441.960162
441.919795
441.919519
441.919761
441.850570
441.886094
441.886390
441.922247
441.919267
441.881926
441.916968
441.918963
441.922453
441.922950
441.917843
441.883793
441.917337
441.917847
441.883797
441.917342
441.923436
441.886692
441.887020
441.883755
441.882172
441.884256
441.994120
441.958183
441.887798
441.993166
441.992136
441.924341
441.993823
442.028889
442.062235
441.957458
441.887614
442.029592
442.063554
441.920905
441.955462
441.954932
441.954098
441.954121
441.919413
441.919128
441.921205
441.918845
441.923067
441.989051
441.921182
441.922105
441.956056
441.886313
442.027468
442.061420
441.919604
441.954144
441.953614
441.952800
441.952822
441.921979
441.955215
441.955742
441.852086
441.922416
441.994342
442.027685
441.924059
441.852189
441.955795
441.885455
441.919981
441.919475
441.958871
441.884260
441.885844
441.848857
441.887775
441.921576
441.955978
441.955493
441.921050
441.887845
441.994447
441.919628
441.918046
441.920147
441.919663
441.954830
442.033451
441.954858
441.954844
442.032949
441.917843
441.952642
441.955065
441.918367
441.998144
441.951703
441.919931
441.918640
441.951208
441.952491
442.067183
441.953450
441.917846
441.955055
442.031663
441.850438
441.849227
441.883787
441.884578
441.963546
441.850797
441.965611
441.849153
441.883166
441.881583
441.848893
441.991348
441.918055
441.989317
441.916921
441.916142
442.031579
441.990582
441.883320
441.884605
441.884895
441.997083
441.917294
441.918598
441.917824
442.031591
441.882924
441.917432
441.916079
441.882458
441.916956
441.917651
441.916731
441.882522
441.883808
441.997601
441.917291
441.917022
441.918594
442.032104
441.950935
441.950459
441.916606
441.915012
441.951806
441.916773
441.918109
441.917320
441.990115
441.918591
441.917020
441.918612
441.949456
442.031105
441.990576
441.918052
441.991107
442.032880
441.991860
441.952373
441.953174
442.103563
441.917166
441.952007
441.916912
441.918456
441.917650
441.916451
441.917664
441.916375
441.951224
441.950679
441.916936
441.951445
441.950442
441.951997
441.951053
441.951746
441.916610
441.915320
441.987596
441.988982
441.919142
441.954212
441.919912
441.952942
441.951956
441.952548
442.066641
442.061741
441.953478
441.953544
441.917532
442.025208
441.919255
442.028284
441.920572
442.027759
441.954611
442.070259
441.952464
442.027246
442.026476
442.139872
442.025332
442.025342
442.066368
442.024433
442.025719
441.989671
441.954076
442.105628
441.956372
441.955407
442.027747
442.028287
442.070266
441.990427
441.920761
442.071418
442.107034
441.991396
441.888057
441.955255
441.886004
441.920426
441.885072
441.922590
442.031360
442.066537
441.922608
441.922609
441.921324
441.955341
441.956885
442.103805
441.999470
441.999471
442.142114
441.956131
441.920201
441.956402
441.957612
441.958673
442.030146
441.996386
442.035667
441.957616
442.030150
441.924666
442.065165
442.106923
442.028251
442.028777
441.921062
441.955111
441.990209
441.847755
441.954840
441.846174
441.994619
441.953302
441.881332
441.880812
441.952322
441.847293
441.955180
441.918752
441.846774
441.954660
441.993272
441.916953
441.955201
441.957016
441.921483
441.956428
441.954324
441.920656
441.992409
442.108411
441.994075
441.993588
441.954885
441.953892
441.954164
441.881083
441.847058
441.954937
441.886365
441.922860
441.957734
441.994853
441.917765
441.919361
441.994307
441.958786
441.994626
441.886104
441.923450
441.884021
442.032096
441.920474
441.921759
441.922553
441.952745
441.881903
441.881914
441.916446
441.882391
441.882406
441.916934
441.918355
441.919626
441.919626
441.921193
442.030982
442.032778
441.920969
441.920659
441.921934
441.921739
441.958010
441.922738
441.884796
441.850970
441.919073
441.885250
441.917526
441.884238
441.955508
441.991283
441.882991
441.990285
441.953694
441.954321
441.954167
441.954960
441.953545
442.068462
441.989966
441.989182
441.952898
441.953980
441.989034
441.953708
441.955153
441.920186
441.954171
441.955687
442.068464
441.989187
441.953665
441.918401
441.882438
441.919069
441.881936
441.883532
441.958791
441.883734
442.030095
441.955702
441.993517
441.922659
441.886379
441.887323
441.850543
441.885744
441.846491
441.845387
441.880828
441.880831
441.882908
441.882405
441.921783
441.920695
441.998423
441.885105
441.954467
441.919113
441.918867
441.994838
441.989594
441.918641
441.953728
441.916414
441.919172
442.031095
441.954785
441.956888
441.957629
441.995232
442.030325
441.959551
441.956359
441.956345
441.993355
441.992303
441.953961
441.954439
441.954429
441.955004
441.920652
441.989300
441.920934
441.920733
441.917722
441.955760
441.917440
442.031622
441.920434
441.990050
441.956834
441.955490
441.990319
441.955809
441.955475
441.992701
441.921193
441.919620
441.919646
441.955776
442.031616
441.953929
441.989625
441.922084
442.035091
441.994104
441.881539
441.881528
441.953656
441.919075
442.033239
441.919849
441.920237
441.991750
441.954897
441.954931
441.952389
441.953215
441.992372
442.032782
441.954088
441.951563
441.991550
441.958444
441.956392
441.991120
441.995551
441.955579
441.990304
441.916133
441.918670
441.919629
441.919928
441.920125
441.952880
441.920697
441.918376
441.918346
442.033248
441.955799
441.918896
441.996819
441.882979
441.996815
441.882974
441.954353
441.921601
441.992868
441.956337
441.956351
442.028436
441.993854
442.029087
441.953458
441.916769
441.954067
441.918956
441.917527
441.917270
441.918243
441.916965
441.917522
442.023756
441.949504
441.884034
441.921314
441.994431
441.958600
441.886203
441.923504
441.888393
441.958730
441.956247
441.883715
441.883712
441.954941
441.956246
441.957510
441.884990
441.955713
441.957615
441.994146
441.953907
442.071626
441.920935
441.956797
442.031597
441.988673
441.920158
441.953673
441.988650
442.027536
441.920172
441.953676
441.994216
441.884729
441.918228
441.883940
441.883937
441.848141
441.882972
441.881558
441.848116
441.848903
441.848626
441.884260
441.881671
441.917303
441.881948
441.881335
441.888954
441.886123
441.886104
441.888971
441.888957
441.883450
441.882167
441.882431
441.918301
441.884635
441.918845
441.884350
441.919572
441.918561
441.919574
441.884370
441.992179
442.106936
441.997275
441.919195
442.032122
441.955026
442.069471
441.954964
441.990758
441.918577
441.954758
441.994142
441.886788
441.956172
441.955243
441.955742
441.886479
441.816390
441.814842
441.850244
441.813857
441.847100
441.849655
441.848571
441.887670
441.815139
441.848382
441.887392
441.922492
441.848870
441.882109
441.883512
441.921423
441.961576
441.884500
441.848116
441.882937
441.919601
441.848331
441.921106
441.883852
441.882871
441.848859
441.847785
441.848101
441.882351
441.882405
441.847522
441.883686
441.813280
441.884769
441.849922
441.884761
441.922698
441.919518
441.919518
441.847779
441.885273
441.919540
441.885766
441.847083
441.813538
441.849126
441.883948
441.882898
441.885475
441.994850
441.958290
441.880837
441.881318
441.880823
441.847584
441.848873
441.921214
442.033039
441.958181
441.959486
441.955450
442.066293
441.958376
441.848627
441.959192
441.849615
441.919615
441.917185
441.918003
441.920720
441.920734
441.920134
441.916724
441.918013
441.847298
441.954910
441.954935
441.954440
441.881607
441.882093
441.882607
441.882112
441.881606
441.881814
441.994319
441.849173
441.954654
441.849139
441.883224
441.882975
441.883478
441.994026
441.883147
441.848356
441.849970
441.958112
441.886398
441.849680
441.957352
441.919828
441.883178
441.882400
441.920615
441.954141
441.994889
441.848646
441.849179
441.881611
441.881895
441.882103
441.954961
442.027358
442.026588
441.993525
442.060878
441.952266
441.952259
442.027420
441.952278
441.952281
442.097963
441.991285
441.956516
441.956542
441.989995
441.954665
441.953078
441.882934
441.953868
441.953306
441.954092
441.917702
441.990245
441.883938
441.919854
441.990242
441.883425
441.994800
441.849379
441.956182
441.849350
441.993143
441.994486
441.885504
442.029323
441.918791
441.919778
441.988869
442.062146
441.988121
441.882442
441.917794
441.956252
441.956251
441.884515
441.957250
441.956769
441.920606
442.027548
441.955173
441.880869
441.920458
441.849206
441.955452
441.955514
441.920705
441.885031
441.919813
441.955990
441.884761
441.919819
441.954963
441.991262
441.884506
441.955639
442.027411
442.028079
441.955157
441.882673
441.920913
441.882119
441.883407
441.953880
441.881877
441.919636
441.916939
441.916447
441.987427
441.881886
441.952259
441.953847
441.915932
441.953173
441.915307
441.916595
441.988074
441.948912
441.988077
441.914897
441.951944
441.954316
441.916904
441.952464
441.950934
442.025266
441.918452
441.952427
441.988840
441.987874
441.953644
442.028060
441.953873
441.881391
441.919633
441.883398
441.881022
441.989347
441.988675
441.954442
442.027348
441.954440
442.027372
441.955148
441.954650
441.990152
441.990894
441.990890
441.955690
441.954196
441.993843
441.993857
441.958660
442.029664
441.991172
441.955155
441.991154
441.991286
441.990985
442.068977
441.882433
441.882641
441.954121
441.991515
441.991191
441.956744
441.955680
441.991162
441.991313
442.029696
441.953294
441.991511
441.955677
441.991186
441.991172
441.990832
442.029151
441.881352
441.881352
442.102135
441.957349
441.993430
441.992900
442.067533
441.883912
441.956027
441.955244
441.887266
441.956954
441.846793
441.952580
441.846772
441.958136
441.958618
442.033513
441.957352
441.993430
441.992903
442.031736
442.067017
441.812533
441.886078
441.779309
441.778527
441.847907
441.847120
441.925201
441.850472
441.886058
441.850966
441.813813
441.814576
441.814318
441.813025
441.814599
441.817527
441.815925
441.815110
441.884983
441.847621
441.846821
441.924910
441.850476
441.885265
441.850957
441.847812
441.811725
441.812517
441.779288
441.780562
441.778516
441.846829
441.924928
441.812533
441.849676
441.812531
441.813027
441.814593
441.850450
441.961303
441.995812
441.960009
441.996898
441.960143
441.998668
441.958074
441.921755
441.956903
441.956106
441.995280
441.992887
441.959444
441.921083
441.885934
441.999224
441.918904
441.918900
442.032801
441.922038
441.952605
441.991484
441.920937
441.955370
441.954094
441.991485
442.032036
441.957151
441.922624
441.999490
441.921050
441.921036
441.958003
441.921047
441.919461
442.034157
441.847892
441.881912
441.881894
441.847873
441.847606
441.881928
441.847114
441.920068
441.955599
441.955606
441.993746
441.919374
441.955026
441.917429
441.916612
441.918007
441.918788
441.989269
441.920178
441.955831
441.918246
441.958288
441.884224
441.884734
441.886153
441.955749
442.106085
441.955693
441.956512
441.958535
441.887444
441.924201
441.888312
441.958535
441.923107
441.886795
441.956549
441.994909
441.923173
441.959214
441.994330
441.883439
441.884197
441.921819
441.885496
441.994077
441.992818
441.989000
441.920375
441.917122
441.920372
441.886157
441.922073
441.992793
441.995292
442.033694
441.991718
441.991333
441.956505
441.955763
441.991028
441.954989
442.030385
441.994848
441.996413
441.992117
441.957377
441.918249
441.917437
441.920700
441.921175
442.026402
441.992442
441.919604
441.884771
441.919890
441.990814
441.918829
441.920923
441.919285
441.917966
441.991660
442.027048
441.917497
441.991627
441.886331
441.991577
441.922487
441.920861
441.919543
441.922553
441.956797
441.992784
441.954896
441.919345
441.956179
441.954756
441.954739
441.954088
441.954107
441.953601
441.954894
441.953460
441.916914
441.916919
441.917258
441.998517
442.033154
441.956165
441.919039
441.959164
441.919766
441.955166
441.885287
441.960204
441.996853
441.889492
441.957763
441.921399
441.960827
441.961015
441.997173
441.956825
441.887722
441.992527
441.997654
441.996769
441.885634
441.885939
441.994913
441.955250
441.955745
441.954450
441.882061
441.886713
441.883633
441.883952
441.882864
441.881865
441.922123
441.993350
441.996248
441.994397
441.917230
441.882186
441.953899
441.883176
441.954426
441.917760
441.915156
441.988978
441.882243
441.883218
441.953933
441.953947
441.921353
441.923457
441.886442
442.027381
441.957047
441.961841
441.961549
441.955235
441.953954
441.992798
441.955994
441.991514
441.954688
441.920162
441.990493
442.062897
441.954185
441.919241
441.918504
441.916360
441.920698
441.955628
441.953389
441.955653
441.991755
441.920171
441.886899
441.957538
441.957519
441.952543
441.919962
441.919185
441.918327
441.953859
441.994776
442.026082
441.953336
441.920277
441.919111
441.952383
441.953868
441.991613
441.920764
441.917769
442.031646
441.885736
441.919649
441.917510
441.921254
441.955166
441.919182
441.919601
441.952545
441.921191
441.954629
441.954718
441.919086
441.988684
441.956169
441.953874
441.953043
441.953830
441.918990
441.918434
441.955365
441.955548
441.919130
441.953666
441.953133
441.953854
441.952539
441.954766
441.951752
441.961051
441.845472
441.846287
441.882688
441.958401
441.884588
441.813372
441.844460
441.883737
441.882094
441.917846
441.879850
441.953577
441.846611
441.957114
441.957420
441.881409
441.955819
441.958705
441.882678
441.957110
441.958401
441.957498
441.881980
441.880843
441.880342
441.919155
441.880836
441.880034
441.810903
441.885049
441.812241
441.885844
441.813035
441.846038
441.846811
441.883799
441.811795
441.881957
441.881151
441.845470
441.846264
441.845013
441.844668
441.845460
441.812241
441.919525
441.811454
441.813515
441.954955
441.954163
441.844146
441.880286
441.952793
441.918289
441.846242
441.882390
441.845725
441.918235
441.953004
441.918727
441.880580
441.847011
441.846503
441.953567
441.918602
441.846550
441.915987
441.915177
441.952053
441.952539
441.953197
441.919179
441.920442
441.919154
441.919645
441.847585
441.953188
441.881634
441.881332
441.952395
441.880846
441.882130
441.881345
441.923364
441.847648
441.923364
441.847638
441.777053
441.916153
441.916650
441.954973
441.880043
441.879518
441.879550
441.917418
441.809514
441.917619
441.957090
441.881374
441.957102
441.881375
441.921386
441.922238
442.030933
441.958169
441.993408
441.881977
441.957512
441.881973
441.846263
441.847079
441.847596
441.848085
441.883770
441.916124
441.882402
441.915332
441.882069
441.916453
441.884247
441.919895
441.882881
441.916932
441.953583
441.847540
441.881585
441.992782
441.992792
441.915320
441.916104
441.846781
441.880696
441.882296
441.880808
441.846553
441.846574
441.846262
441.844682
441.845795
441.846283
441.846791
441.847072
441.951277
441.846296
441.847547
441.883465
441.882692
441.957119
441.955829
441.956619
441.956318
441.881898
441.885857
441.846803
441.848344
441.885074
441.846768
441.814147
441.953104
441.919118
441.918307
441.847409
441.881300
441.880670
441.880318
441.882431
441.844964
441.844975
441.809635
441.844153
441.916941
441.844454
441.847854
441.848364
441.847882
441.848632
441.848378
441.882709
441.847876
442.070587
441.956754
441.923019
441.920657
441.920937
441.918563
441.918582
442.025897
441.954447
441.921168
441.886416
441.954905
441.920154
441.955166
441.955710
441.920425
441.918319
441.918804
441.991138
441.919009
441.919766
441.956230
442.026378
441.953671
441.988122
441.918266
441.883736
441.917734
442.023931
441.988959
441.918475
441.954650
441.920367
441.956206
441.886399
441.954108
441.920136
441.954416
441.955742
441.920435
441.918290
442.028333
441.918797
441.991137
441.988914
441.953277
441.954055
441.955457
441.992239
441.919284
441.918480
441.953326
441.952508
441.915903
441.881882
441.919280
441.919494
441.919784
441.918835
441.919028
441.955474
441.956458
441.955961
441.917223
441.916423
441.953739
441.918221
441.954718
441.955121
441.990005
441.953818
442.027412
442.028820
441.954615
441.916170
441.883137
441.916983
441.918560
441.883435
441.989476
441.918742
441.916943
441.919328
441.882913
441.989446
441.919521
441.917231
441.916431
441.954714
441.848408
441.919331
441.883703
441.848134
441.882955
441.918851
441.882377
441.881652
441.846786
441.918786
441.848308
441.919022
441.882879
441.883343
441.882863
441.956887
441.918837
441.848888
441.882141
441.848898
441.882135
441.918841
441.920116
441.883164
441.960329
442.029739
441.921703
441.921710
441.846542
441.917758
441.845454
441.952561
441.916166
441.956049
441.881336
441.952507
441.882114
441.882441
441.881311
441.883365
441.882377
441.884161
441.882890
441.881143
441.882576
441.811195
441.847358
441.884570
441.813314
441.847351
441.812764
441.885272
441.920075
441.885767
441.884581
441.813321
441.959242
441.882711
441.881915
441.811201
441.848064
441.848850
441.848618
441.846089
441.884256
441.812520
441.920679
441.920183
441.846760
441.847052
441.918230
441.958172
441.883666
441.845998
441.845797
441.811965
441.883661
441.846780
441.846580
441.812748
442.069619
441.851655
441.852122
441.922824
441.881856
441.883947
441.882950
441.915132
441.882755
441.884237
441.922562
441.849210
441.884869
441.994386
441.884862
441.884560
441.845736
441.921496
441.921004
441.921758
441.993450
441.849444
441.849467
441.847879
441.847897
441.848342
441.884032
441.884514
441.848060
441.813556
441.847248
441.883724
441.885017
441.851297
441.850999
441.883933
441.958290
441.814320
441.884269
441.815130
441.885074
441.959254
441.849155
441.849965
441.884448
441.884444
441.919295
441.919295
441.991280
441.992512
441.958239
441.848579
441.848088
441.919905
441.919875
441.919111
441.993027
441.958269
441.848099
441.846999
441.847847
441.919084
441.919085
441.881822
441.882913
441.883775
441.882620
441.881350
441.991749
441.849144
441.920383
441.919892
441.848872
441.847305
441.848629
441.920374
441.919869
441.992540
441.883765
441.992505
441.847854
441.919594
441.847887
441.919121
441.882009
441.882492
441.881804
441.881825
441.881639
441.847622
441.881363
441.881647
441.953647
441.881890
441.881098
441.881107
441.882405
441.881131
441.918865
441.993324
441.918096
441.884564
441.884068
441.847586
441.886901
441.886397
441.814335
441.886911
441.886882
441.993291
441.918095
442.102562
441.917275
441.993834
441.916489
441.883293
441.953181
441.881358
441.881633
441.881346
441.882124
441.882113
441.847631
441.994325
441.990250
441.919794
441.989973
441.916991
441.883771
441.919388
441.919079
441.919407
441.919099
441.993507
441.954919
441.954915
441.881826
441.917023
441.917515
441.916190
441.917461
441.916186
441.884218
441.884212
441.954611
441.848592
441.849388
441.992161
442.028501
441.992157
442.028496
441.994365
441.954518
441.920997
441.956161
441.957711
442.068206
441.923138
441.922642
441.957936
441.959214
442.026137
442.034802
441.956531
441.884240
441.884515
441.990802
441.919367
441.882899
441.884224
441.919057
441.953289
441.917450
441.916149
441.918498
441.882111
441.992057
441.885248
441.882120
441.848068
441.885110
441.847281
441.919839
441.880813
441.919341
441.919132
441.881914
441.953876
441.918332
441.952829
441.916127
441.881897
441.952605
441.954101
441.883726
441.918234
441.917434
441.952767
441.847892
441.953637
441.882734
441.916756
441.988110
441.916743
441.915611
441.989387
441.953337
441.883953
441.917002
441.955195
441.955428
441.884748
441.954884
441.918784
441.988182
441.917793
441.955751
441.955756
441.920829
441.955186
441.954654
441.849400
441.884716
441.882927
441.954373
441.955397
441.954594
441.953835
441.956175
441.990995
441.919771
441.918806
441.884263
441.955635
441.955637
441.919773
441.991005
441.884256
442.064318
441.956174
441.993405
441.992986
441.885526
441.918785
441.991067
441.954611
441.954616
441.920077
441.920084
441.920565
441.916679
441.916890
441.919367
441.884820
441.883433
441.884835
441.920377
441.992795
441.919337
441.992967
441.919636
441.956216
441.886426
441.920394
441.918014
441.917976
442.026436
441.953703
441.920168
441.920385
441.954136
442.030270
441.993526
441.992424
441.885875
441.919133
441.886622
441.921321
441.921335
442.035593
442.034008
441.999990
441.999494
441.956920
441.954514
441.920996
441.956158
441.957707
442.033027
441.960016
441.957163
441.923124
441.922628
441.957950
441.959225
442.036095
441.993240
441.959486
442.065724
442.032730
441.959471
441.993240
442.065724
442.072011
441.959471
442.145015
441.883638
441.917681
441.916873
441.952839
441.954381
441.953438
441.919767
442.031093
441.954683
441.987880
441.991286
441.955937
441.991278
441.956985
441.955918
441.989957
441.990464
441.955985
441.990960
441.989433
441.955276
441.991043
441.955280
441.921135
441.955899
441.989424
441.990828
441.952767
441.957026
441.990815
441.955383
441.990021
441.954879
441.953258
441.990017
441.952981
441.955112
441.954094
441.955215
441.955393
441.918221
442.025287
441.920582
441.952170
441.989211
441.955722
441.989686
441.989639
441.989225
441.955978
441.994426
442.029075
441.955806
441.954918
441.920648
441.954950
441.955188
441.920447
441.919592
441.992419
441.919596
442.027175
441.954460
442.025869
442.028018
441.992125
441.921159
441.886888
441.994506
441.956132
441.920080
441.920661
441.955633
441.954621
442.028869
441.919625
441.992447
441.919618
441.916449
441.953603
441.955720
441.917998
441.955410
441.955113
441.920123
441.883183
441.953279
441.954931
441.955085
441.954783
441.919809
441.992758
441.992921
441.916165
441.916156
442.026429
441.954189
441.993250
441.955896
441.886902
441.920880
441.994074
441.888201
441.956449
441.921438
441.917680
441.919344
441.884511
441.955115
441.848318
441.882351
441.882646
441.955414
441.917450
441.882637
441.884632
441.917544
441.883959
441.882718
441.882632
441.916906
441.957473
441.886343
441.851408
441.954985
441.885905
441.921748
441.956753
441.958057
441.886089
441.956767
441.884773
441.884772
441.884218
441.852667
441.955429
441.917465
441.882652
441.955432
441.882948
441.848630
441.882663
441.919641
441.884570
441.884808
441.883135
441.884195
441.882328
441.883388
441.993277
441.918027
441.919599
441.920738
441.882924
441.995487
442.029623
441.994077
442.030538
441.992044
441.918232
441.992587
441.884998
441.992583
442.027961
442.064634
442.062205
441.991589
442.062196
441.990783
441.989728
441.916892
441.953773
442.025481
441.917184
441.989201
441.989398
441.951948
441.989405
441.954631
442.027967
442.065156
441.955194
441.956160
441.956170
442.029843
442.182161
442.028127
441.990870
441.954216
442.032389
442.028262
441.990637
442.024327
441.954835
441.955021
441.951962
442.065358
441.951999
441.953691
441.953389
441.953654
441.953476
441.986919
441.988463
441.990678
442.032211
442.028076
441.919598
441.919885
442.028015
442.069545
441.994124
441.957654
441.956629
441.919487
441.999943
441.956648
441.955008
441.997324
441.957945
442.000247
442.027618
441.990153
441.918748
441.989724
441.916916
441.917197
441.916909
441.916914
441.989255
441.954439
442.030800
442.025352
442.062773
442.103817
441.988487
442.030800
442.062264
441.991672
442.034020
441.955733
442.028269
441.955758
441.991965
441.991963
442.034297
441.989825
442.032145
442.027197
441.991289
441.917463
441.992616
441.884239
441.991829
441.956807
441.993222
441.920649
441.919318
441.992926
441.953873
441.951178
441.953311
441.953338
441.952538
441.918312
441.917511
442.030682
441.881826
441.885315
441.921266
441.953432
441.920257
441.919298
441.954468
441.954290
441.918824
441.919111
441.988343
442.027346
441.955855
441.887052
441.921571
441.884620
441.992031
441.885261
441.884186
441.884492
441.992507
441.885724
441.884163
441.956396
441.954606
441.883239
441.848045
441.846472
441.849119
441.847545
441.882572
441.847364
441.848438
441.883255
442.068065
441.920590
441.918221
441.918476
441.917256
441.990755
441.884214
441.883440
441.918371
441.918560
441.951252
441.884548
442.067880
441.916977
441.918066
441.955719
441.917769
441.953313
441.990777
441.883463
441.884235
441.917493
441.919654
441.919361
441.916960
441.916213
441.956202
441.884566
441.921663
441.921077
441.918993
441.920584
441.885051
441.885741
441.920377
441.954145
441.954928
441.883491
441.956805
441.956496
441.883775
441.919332
441.919550
441.919868
441.919369
442.028935
441.922441
441.952000
441.989460
441.883953
441.883453
441.917015
441.915352
441.916640
441.916699
441.954671
441.955195
441.849971
441.849970
441.847608
441.847593
441.914830
441.916111
441.913270
441.953316
441.882422
441.882408
441.915951
441.915955
441.847275
441.883531
441.881137
441.917796
441.882128
441.882616
441.881973
441.883346
441.916724
441.881621
441.953535
441.917652
441.952465
441.989664
441.918750
441.951992
441.954842
441.915672
441.915156
441.953176
441.847965
441.848425
441.880726
441.955010
441.849786
441.849784
441.915365
441.882731
441.881137
441.882546
441.918283
441.915656
441.879799
441.914612
441.881613
441.915856
441.881131
441.880848
441.915863
441.878982
441.879275
441.916744
441.951793
441.920585
441.920289
441.920592
441.954606
441.918504
441.919769
441.919772
441.954306
441.953656
441.954432
441.883490
441.954716
441.955035
441.990317
441.919858
441.919557
441.919824
442.064011
441.919382
441.921671
441.994594
441.991656
441.994081
441.885796
441.884805
441.881811
441.881641
441.988894
441.881804
441.920106
441.919119
441.883492
441.919597
441.885611
441.884620
441.960794
441.995877
441.961298
441.882411
441.883224
441.921727
441.848376
441.919276
441.920541
441.919243
441.919261
441.920044
441.920979
441.989999
441.883473
441.920706
441.917195
441.917989
441.993275
441.920718
441.922286
441.917994
441.994086
441.919673
441.921803
441.922757
441.957360
441.956217
441.957007
441.992613
441.887918
441.886347
441.921437
441.990000
441.920655
441.954657
441.993411
441.920368
441.922704
441.887108
441.922194
441.955490
441.954685
442.064570
441.955483
441.955969
441.955973
442.064567
441.954681
441.958149
441.957836
441.921162
441.921681
441.921985
441.992951
441.921436
441.923011
441.990852
441.956071
441.956863
441.955988
441.921986
441.921695
441.992145
441.921951
442.065350
441.923775
441.994587
441.919669
441.883663
441.885391
441.921816
441.884383
441.916961
441.915659
441.918854
441.918052
441.918875
441.955736
441.989488
441.919042
441.954746
441.918271
441.884826
441.884810
441.918359
441.917566
441.993289
442.067331
441.988419
442.024227
441.954953
441.883178
441.991301
441.991280
441.990769
441.991812
441.991313
441.917238
441.988446
441.952500
442.024241
441.954976
441.883999
441.916733
441.918540
441.950954
441.814298
441.812234
441.849358
441.849948
441.883421
441.953620
441.881587
441.954401
441.847594
441.882910
441.848387
441.883213
441.848897
441.952818
441.953610
441.922883
441.849688
441.918799
441.884277
441.957725
441.851001
441.918774
441.919002
442.029697
441.994447
441.995712
441.956754
441.961135
441.993581
441.918585
441.884550
442.027714
441.919105
442.072341
441.961734
441.961481
442.029149
442.003195
441.959813
442.037550
442.030041
441.960648
442.037884
442.032636
442.071301
441.963917
441.963411
442.032022
442.182949
441.996703
442.032246
442.031716
442.071259
441.997446
441.994917
442.031536
442.149775
442.074260
442.067242
442.073464
442.034985
442.034190
442.066451
442.106366
442.142971
442.002692
441.995752
442.032374
441.960395
442.038903
442.033424
441.995502
442.032107
442.065551
442.144775
442.222226
442.035984
442.071523
442.031242
442.070994
442.029890
442.032275
441.995109
441.958361
441.958383
442.030813
441.925423
442.037041
441.997760
441.990459
441.958839
442.070900
441.958369
441.925409
441.996890
441.921313
441.998157
441.884518
441.920160
441.993253
441.921723
441.994048
441.922590
442.031378
441.992592
441.919001
441.883965
442.066541
441.922608
441.922612
441.993390
441.920895
441.919317
441.920614
441.885096
441.919466
441.955603
441.920042
441.882950
441.954360
441.953002
441.991774
441.952786
441.917767
441.919090
441.917968
441.952139
441.954702
441.920394
441.963659
441.998382
441.959846
441.993662
441.920303
441.885965
441.920563
441.886235
441.920363
441.921187
441.852720
441.993722
441.955356
441.992107
441.996767
441.882471
441.919128
441.917560
441.996756
441.883228
441.990824
441.990828
441.883729
441.848040
441.848921
441.848634
441.847585
441.884273
441.885064
441.882118
441.882110
441.883369
441.882858
441.850143
441.965583
441.989789
441.991051
441.883778
441.885063
441.885368
441.919081
441.955489
441.918292
441.882991
441.884276
441.917491
441.919066
441.918595
441.917796
441.990577
441.919077
441.917489
441.919070
441.991058
441.991579
441.992353
442.032866
441.991368
441.952870
441.953672
441.998055
442.032573
442.109820
441.960702
441.999220
441.958694
441.993441
441.993295
441.993719
442.064835
442.032223
441.992830
442.109420
442.071504
441.958698
441.993444
442.064821
441.992334
441.922627
442.034086
441.921061
441.919475
441.958007
442.034172
442.033231
442.032036
441.957148
441.919875
441.922021
441.922504
442.028435
441.990973
441.921409
441.991482
442.067045
442.064737
442.030575
441.991206
441.919820
441.990280
441.921072
441.955320
441.920482
441.920983
442.025609
441.918268
441.953304
441.956418
441.951966
441.956144
441.956431
441.951249
442.028492
442.030919
441.886734
441.994176
442.108844
441.995072
441.920286
441.884652
442.032817
441.921553
441.919951
442.071285
441.960431
441.998953
442.031761
442.027727
442.028266
442.026454
442.027231
441.987791
441.952429
441.952719
442.061009
442.025258
441.951203
441.954291
441.954061
442.025190
442.024405
442.298774
441.847375
441.845762
441.849134
441.917445
441.918769
441.951495
441.918558
441.881125
441.847613
441.919147
441.884646
441.849192
441.813021
441.812992
441.885949
441.918333
441.956020
441.887212
441.957580
441.958703
441.958507
442.124753
441.999991
442.000005
442.076472
442.078491
441.961898
442.159570
442.034935
442.072245
442.072718
441.993052
441.991884
442.034935
442.072739
441.993529
441.993038
442.034493
442.034493
442.000119
442.000119
441.890615
442.076031
441.995325
441.995329
441.960746
441.888006
441.921244
441.953047
441.884307
441.918048
441.989830
441.955177
441.990888
441.952833
441.990880
441.953325
441.953834
441.955250
441.918782
441.955027
441.955063
442.028443
442.027953
442.032605
441.952926
441.990150
441.918909
441.954141
441.916354
441.918302
442.032615
441.990650
441.884605
441.918338
441.952858
441.955021
441.918108
441.884576
441.918610
441.954725
442.033093
441.953387
441.919388
441.916354
442.032317
441.953105
441.953201
441.919091
441.916876
441.916866
442.159563
442.031582
441.998522
442.067057
442.032392
441.958397
441.957207
441.924757
442.031557
442.066385
441.990858
441.990853
442.106759
442.112438
442.106759
442.069414
442.028654
441.993476
441.992490
442.028020
442.069401
441.991146
442.069395
442.028635
442.069378
442.035714
442.030738
441.992938
442.030562
442.036984
442.124273
441.918578
441.917786
442.069222
442.035136
441.958568
441.994108
441.992468
441.991197
442.032209
441.992469
441.956108
441.920209
441.991675
442.032204
441.956135
442.106687
442.105726
441.993452
441.993709
442.064227
441.991639
442.070816
441.958708
442.105722
441.993452
442.064209
442.025610
442.031536
441.958707
441.993143
442.030625
441.956628
441.918582
441.917790
441.957945
441.958792
441.995009
441.999727
441.958568
441.923159
441.994123
441.992471
441.991198
441.992486
441.956125
441.920223
441.991689
441.956139
441.956347
441.955294
441.993829
441.997081
441.918298
441.955552
441.884048
441.993014
441.997541
441.955537
441.956318
441.993143
442.030622
441.956628
441.994386
441.920910
441.919323
441.956081
441.920187
441.918778
441.956588
441.954718
441.917182
441.920418
441.917968
442.023911
441.952756
441.882902
441.916956
441.916439
441.988136
442.030548
441.952582
441.915908
441.917833
441.883346
441.917074
441.989858
442.033241
441.920963
441.997583
442.031645
441.952347
441.953760
441.951641
441.988777
441.953412
441.953433
441.993479
441.992323
441.991537
441.991863
441.956002
441.920085
441.991555
441.958807
441.954826
441.918781
441.919666
441.955305
441.993849
441.993047
441.956638
441.993324
441.991715
441.919362
441.917802
442.031847
441.990329
441.919403
441.920512
441.920209
441.917152
441.919930
442.025679
441.955830
441.954556
442.031838
441.990333
441.919408
441.990158
441.918440
441.917676
441.993355
441.993359
441.920235
441.919719
441.953896
441.956017
441.956031
442.028865
441.953892
441.885699
441.884246
441.957754
441.885806
441.852422
441.923516
442.025580
441.954731
441.916448
441.990279
441.951806
442.025050
441.917722
441.951976
441.883199
441.952313
441.953074
441.917810
441.953085
441.952310
441.917821
441.882407
441.991044
441.780542
441.781071
441.852888
441.816731
441.815131
441.917986
441.885275
441.779002
441.779486
441.885751
441.815421
441.848214
441.848685
441.848651
441.847875
441.847861
441.778271
441.778999
441.779782
441.813790
441.847569
441.778689
441.813839
441.814055
441.817562
441.817338
441.851823
441.819106
441.995096
441.994613
441.958119
441.994506
441.996024
441.993597
441.958868
441.883218
441.918798
441.994040
441.918012
441.919962
441.848084
441.848868
441.882365
441.880818
441.847343
441.848111
441.993234
441.917193
441.883777
441.955986
441.917024
441.881383
441.881859
441.882143
441.956959
441.881398
441.917543
441.915897
441.952268
441.917179
441.914620
441.916136
441.847575
441.957501
441.993070
441.916172
441.882960
441.917473
441.918788
441.918491
441.988457
441.882947
441.916977
441.918475
441.958500
441.993781
441.995996
442.031846
442.031094
441.925051
441.919630
441.848936
441.991225
442.107089
441.996887
442.124768
441.999003
441.960443
442.124790
442.163775
441.918804
442.032820
441.953838
441.885189
442.034010
441.920704
441.918385
442.066674
441.953684
441.989812
441.953775
441.988991
441.954192
441.987709
441.953900
441.953356
441.918515
442.032525
441.916560
441.953563
441.956069
441.920170
441.953918
441.919387
441.994500
441.994514
441.957676
441.958156
441.995139
441.918630
441.918626
441.955243
442.091402
441.964369
441.925836
442.077096
441.999747
441.999743
441.998950
441.998946
441.958120
442.035381
442.035364
441.999192
441.999178
442.033274
442.033271
441.957336
442.035405
442.035391
441.992101
441.957862
442.033257
442.033257
441.959025
442.036167
442.036181
442.028644
442.029301
442.070708
442.070708
442.064108
442.028143
442.070192
442.070192
442.065412
442.144312
442.144308
442.148212
442.159834
442.035115
442.035115
442.077548
442.090373
441.964138
441.925577
441.922561
441.955769
441.958483
441.998336
441.956821
441.993898
441.992486
441.958029
441.956805
441.923844
441.954433
441.953638
441.956909
441.918864
441.994174
442.033958
441.992439
441.994677
441.883687
442.028232
441.992952
441.957051
441.916204
441.915398
441.921290
441.958780
441.920988
441.919158
441.920519
442.031865
441.990361
442.032706
441.991177
441.919911
442.032886
441.991385
441.992189
442.029661
441.952605
442.067960
441.992666
441.988434
441.989210
441.953958
441.954391
441.956133
441.918283
441.993619
441.991303
441.995291
441.883741
441.997553
441.991839
441.884070
441.885326
442.032370
442.026661
441.918084
441.918857
441.956556
441.882880
441.919225
441.886004
441.990663
441.919518
441.960512
442.036988
442.036988
441.996135
442.032743
442.070787
442.070783
442.115181
442.160538
441.995105
442.067350
442.030745
442.033852
442.033491
441.994478
442.029223
441.994972
441.919969
441.996690
441.924370
441.924122
441.993507
441.891195
441.960328
441.890698
441.890947
441.960083
442.030700
442.029461
441.923611
441.923363
441.992747
441.956037
441.883469
441.882664
442.042498
441.994592
441.993478
442.069659
442.035217
442.035217
442.037165
442.035608
442.035608
441.993412
442.071726
442.071722
441.992933
441.958929
442.036203
442.036217
441.992109
442.069125
442.069122
442.033492
442.186263
442.196797
442.076242
441.956815
441.992159
442.034389
442.034361
442.069876
442.069880
441.992961
442.069621
442.035179
442.035148
442.028648
441.998424
441.998425
442.070387
442.076516
441.881122
441.881604
441.880320
441.919781
441.915919
441.915895
441.881078
441.881102
441.918224
441.880022
441.880022
441.918414
441.915137
441.915126
441.914660
441.880315
441.880329
441.917436
441.809522
441.923352
441.844668
441.844179
441.776890
441.810935
441.812510
441.917557
441.917547
441.922873
441.776397
441.811447
441.922585
441.776404
441.811438
441.923673
441.847116
441.845846
441.881121
441.846630
441.846297
441.848693
441.810743
441.845797
441.916458
441.845486
441.844987
441.775595
441.813012
441.813013
441.777164
441.844357
441.844358
441.843655
441.917463
441.918731
441.811158
441.811143
441.810356
441.810341
441.845506
441.844654
441.845022
441.844664
441.918717
441.811931
441.811927
441.917444
441.810667
441.810649
441.775482
441.811151
441.845516
441.844402
441.916968
441.881444
441.880646
441.917785
441.846302
441.844711
441.847395
441.846615
441.846130
441.917297
441.952043
441.847077
441.845799
441.846295
441.845031
441.917776
441.881685
441.846789
441.845501
441.953560
441.845997
441.844421
441.881894
441.954422
441.953655
441.953608
441.952845
441.882422
441.882136
441.916480
441.917254
441.881645
441.882431
441.883199
441.879336
441.880601
441.953615
441.953140
441.912835
441.952815
441.952344
441.880082
441.956573
441.879286
441.917754
441.846997
441.881018
441.843054
441.918847
441.847600
441.880861
441.919810
441.919017
441.881316
441.847305
441.917137
441.810125
441.843849
441.844161
441.844171
441.845745
441.881674
441.958165
441.880878
441.880381
441.956870
441.879585
441.918863
441.918541
441.881337
441.848095
441.881652
441.957370
441.880852
441.917429
441.881618
441.881347
441.916475
441.880845
441.845473
441.845720
441.845986
441.845289
441.845290
441.810427
441.811472
441.811974
441.844975
441.844999
441.812249
441.812748
441.844961
441.844975
441.916463
441.993006
441.915673
441.881199
441.847888
441.882726
441.992248
441.918365
441.846030
441.846537
441.846530
441.845801
441.918828
441.846986
441.846496
441.847052
441.881927
441.991432
441.993510
441.986907
441.987367
441.882639
441.987416
441.882355
441.986123
441.881086
441.879825
441.881348
441.880581
441.881864
441.986917
441.880586
441.879792
441.880585
441.881070
441.879786
441.880592
441.880288
441.881360
441.881074
441.958993
441.960279
441.960279
441.959007
441.959481
441.958994
441.959008
441.959011
441.957361
441.957361
441.882943
441.848110
441.954653
441.956465
441.918326
441.917444
441.917456
441.955453
441.955165
441.881333
441.882906
441.955154
441.918300
441.916637
441.916649
441.954628
441.921145
442.038020
441.812451
441.883698
441.847768
441.810862
441.882584
441.847422
441.919539
442.029991
441.959130
442.031483
441.925955
441.925706
441.995087
441.994496
441.920788
441.921356
441.954310
441.955428
442.030153
441.991797
441.956281
441.956772
441.957268
441.921170
441.920398
441.921642
441.921687
442.030394
441.920405
442.031755
441.921712
441.920932
441.921424
441.957613
441.958548
441.923609
442.027964
441.960492
441.993965
441.993659
441.958850
441.958088
441.995278
441.960732
441.998292
441.999578
441.992147
442.037252
441.994177
441.959058
441.994191
442.037270
441.959058
441.959194
441.992028
441.851641
441.848361
441.848375
441.813529
441.813266
441.814830
441.814841
441.954951
441.956248
441.957063
441.919557
442.036950
442.148230
441.957704
442.033387
441.993331
442.029949
442.033387
442.036417
442.037688
441.958709
442.034392
442.030970
441.994335
442.030954
442.034392
442.032586
441.994950
441.997673
442.108947
442.036830
441.996320
442.031368
442.038114
442.071286
442.065824
442.072570
442.033300
442.069420
442.108947
441.919638
441.992703
441.956493
441.989797
441.955151
441.988082
441.990166
442.104286
442.062229
442.027503
441.990338
441.990136
442.026919
441.990695
441.991149
441.956098
441.991473
441.991163
442.062145
442.025924
441.920419
441.992512
441.956929
441.953157
441.954653
442.025678
441.992330
442.104214
442.140451
442.028522
442.148211
442.149986
442.072577
442.108965
442.108698
442.148211
442.151298
442.145288
442.033075
441.995439
442.148731
442.099085
442.063346
442.029808
442.027608
442.106416
441.993491
442.070746
441.993776
441.992418
442.070746
441.992697
442.070918
441.991893
441.992496
442.070918
442.029820
441.991183
442.106416
442.062264
442.025197
441.990312
442.028007
441.990655
441.990844
441.989137
441.955100
441.996081
442.076625
442.074437
442.236813
441.925018
441.924650
441.919988
441.919389
441.996220
441.918635
441.920388
441.884308
441.954733
441.957474
441.956598
441.960121
441.997548
441.959001
442.123797
442.036422
441.958929
442.028952
442.029438
441.992925
442.070425
442.033708
441.957835
442.001058
442.001303
441.925170
441.925418
441.994541
441.996000
442.030220
442.030706
441.993694
441.960182
442.036048
441.959792
442.160441
441.998583
441.960534
442.039348
441.994564
441.815335
441.995923
441.919316
441.957592
441.955216
441.954236
441.921151
441.955453
441.920621
441.884245
441.884262
441.994318
441.885562
441.953888
441.888086
441.884268
441.959516
441.885087
441.883729
441.884547
441.917003
442.026872
441.921309
441.918804
441.882764
441.993623
441.883582
441.920127
441.919310
441.918491
441.882025
441.881992
441.953340
441.955430
441.920310
441.960724
441.995275
442.027946
442.027672
441.994588
441.994100
441.990268
441.989676
442.030009
441.957557
441.957067
441.954386
441.954916
441.992862
441.955705
441.958411
441.958384
441.995101
441.925965
441.925720
441.994506
442.031479
441.958394
441.959144
442.125395
441.885129
442.027865
441.960599
441.999146
441.960510
441.997662
441.922451
441.921666
441.925424
442.078205
441.995222
441.955507
441.955731
441.954942
441.958708
441.954604
441.954886
441.954315
441.988837
441.953560
441.952882
441.953052
441.955212
441.919863
441.989455
441.919376
441.917516
441.953329
442.028497
441.952790
442.062740
441.990512
441.991792
441.992322
441.955632
441.993111
441.956699
441.955742
441.918768
442.027077
441.989999
441.955064
441.989792
441.954220
442.061605
441.954912
442.025306
441.953852
441.951652
441.953635
441.957608
441.993143
441.955848
441.956040
442.068505
441.921169
441.955646
441.991768
441.954386
441.955205
441.957909
441.995891
441.959704
441.995289
441.960742
441.957312
441.992864
441.958311
441.921662
441.921296
441.921247
441.922337
442.033754
441.992243
441.958093
441.993150
441.991797
441.957233
441.994784
441.958707
441.957325
441.923109
442.070368
441.990499
441.990499
441.991013
442.031062
442.030974
441.992508
441.991223
441.921772
441.920157
441.992214
441.992726
441.922837
441.923928
442.030142
441.994540
442.029511
442.031483
441.995105
441.925969
441.925710
441.994514
442.126215
441.960998
441.960603
441.999649
441.998160
442.078498
442.032201
441.995978
441.956591
441.954952
441.953966
441.887499
441.994133
442.030415
441.992683
441.992708
442.031441
442.029772
442.030626
441.994611
442.029322
442.030081
442.030371
442.030425
441.923623
441.957078
441.955034
441.956053
442.065113
442.029519
441.958943
441.959228
441.918082
441.918888
442.027466
442.027757
442.027460
441.954692
441.994361
441.992902
441.959124
441.962608
441.997441
442.029995
442.199388
442.031572
442.125558
441.999794
442.032396
442.067203
442.103803
442.108570
442.113743
442.108570
442.036976
442.030552
442.030745
442.038264
441.960467
442.000289
441.920662
442.068419
441.994152
442.028771
441.957685
442.027465
442.027001
441.959607
442.030396
442.105196
441.919063
441.919869
442.028440
442.027958
442.028439
441.952620
441.953150
442.062185
441.952838
441.952805
441.918274
441.919090
441.995604
442.090625
441.925826
441.964871
441.994962
442.030718
442.029478
441.960342
441.891205
441.960083
441.890947
441.890688
441.997203
441.958562
441.920385
441.919600
441.919591
441.920114
441.918027
441.920101
442.034009
442.034351
442.031231
442.067871
441.990529
441.883634
441.991348
441.917980
441.919775
441.885248
441.955530
441.989483
441.917680
441.920990
442.091181
441.925581
441.964626
442.124110
442.108506
442.112900
442.036117
442.036633
441.993238
441.959001
441.998050
442.090291
442.158697
442.112664
441.924608
442.107745
441.993495
441.924856
441.921208
441.921196
441.953514
441.990012
441.958622
441.888962
442.030556
441.958886
441.958809
442.065821
442.106715
441.994268
442.066557
442.068196
441.923817
441.958208
441.958545
441.955852
441.956346
441.956858
442.072063
441.961148
442.067021
442.028099
441.992960
442.032785
441.961134
442.067007
442.142632
442.144294
442.076277
442.028415
442.000090
442.000079
442.035984
442.073787
442.035973
442.074275
442.029480
442.041734
442.042603
442.075827
442.069948
442.108285
442.026945
441.993458
442.069962
442.107783
442.187744
442.025349
442.026001
441.990296
441.991325
442.106285
442.149812
442.108602
442.149296
442.106302
442.071303
442.106251
442.071289
441.991146
442.028657
442.072336
442.071852
441.994096
442.030523
442.036705
442.036221
441.994927
442.106280
442.071194
442.028959
442.070692
442.028242
442.064156
442.110521
442.110006
442.106298
442.070501
442.070473
441.990340
442.027165
441.992235
441.958033
442.071037
441.992722
442.106803
442.070539
442.026787
441.958189
441.993566
441.959847
442.034478
442.034478
441.955990
441.884764
441.919855
442.037540
442.038552
442.163554
442.074517
442.117480
442.076113
442.078681
442.075934
442.076749
442.079253
442.040419
442.113782
442.203684
442.200954
442.111282
442.152649
442.157399
442.113316
442.116081
442.114422
442.118811
442.118564
442.075588
442.077184
442.073479
442.198495
442.116018
442.116896
442.148951
442.114131
442.111676
442.153687
442.108406
442.188216
442.113612
442.119161
442.110861
442.114852
442.080327
442.041492
442.191910
442.150547
442.114947
442.112878
442.201765
442.195622
442.154242
442.109686
442.070303
441.960509
442.036204
441.996149
442.032754
442.036201
442.070317
442.113900
442.159770
441.925485
442.029325
441.925744
441.994867
441.996813
442.030091
441.960508
441.960605
442.028199
441.918273
441.918292
441.990815
441.954625
442.027927
441.992319
442.025782
442.025787
441.992330
441.991515
441.954643
441.923888
441.992181
441.958671
441.959551
442.029528
441.952306
441.952296
441.995868
441.962977
441.923546
441.922174
442.033563
442.031005
442.032638
441.923234
441.957937
441.954914
441.954736
442.065418
442.101462
441.955720
441.956024
441.953374
442.069356
441.995592
441.993179
441.993184
441.991055
441.997364
442.160753
442.074745
442.072054
442.112531
441.994153
441.994997
442.032991
442.032962
442.069797
442.069631
442.075531
442.072068
442.148747
442.034056
442.034070
442.001358
442.000873
442.035168
442.035182
442.033805
442.033819
441.991360
441.999380
441.960850
441.995810
441.994517
442.070991
442.036341
441.995832
442.031379
442.037611
441.959969
442.028802
442.028275
442.143917
441.993256
442.143920
442.030147
442.066752
442.070991
442.238357
442.188191
442.236558
442.188204
442.077744
441.997389
442.161221
442.044378
442.036822
442.196881
442.002066
441.996605
442.003337
442.032525
442.071203
442.072474
441.993742
442.069437
442.001808
441.996346
442.003092
442.065741
442.029368
442.065987
442.069437
441.960227
442.035411
441.995853
442.032490
442.035425
442.070355
442.070369
441.960863
442.071245
442.071730
442.027996
442.066745
442.067812
442.107467
442.031175
442.102005
442.108752
442.113686
442.112900
441.995549
442.070734
442.070748
442.114471
442.075220
442.073346
442.113866
442.037471
442.031240
442.038758
442.076006
442.073360
442.069642
442.033019
442.070286
442.149197
442.288567
442.028449
441.956382
442.031944
441.956359
441.991178
441.955935
441.955597
441.956382
441.991178
441.955935
441.955593
441.956341
441.916951
442.031308
442.031326
441.952561
442.031866
441.918013
441.953151
441.919706
441.991634
442.064010
442.063543
441.952859
441.919399
441.952053
441.918594
442.029215
441.953588
441.990204
441.920112
442.025043
441.991572
442.025019
441.991577
441.951996
441.918530
441.953053
441.879768
441.919606
441.989669
441.952271
441.916917
441.918810
441.918515
441.990449
441.953367
441.916964
441.881354
441.881358
441.919910
441.988661
441.881309
441.989471
441.880026
441.879219
441.952328
441.952310
441.953666
441.920443
442.028671
442.027357
441.990622
441.992780
442.028684
442.027230
441.989012
441.991644
441.918994
441.918994
441.990810
441.916876
441.919128
441.884309
441.990839
441.918662
441.885615
441.919952
441.885618
442.027371
441.990148
441.992798
441.955480
441.955990
442.068855
441.957949
442.029511
442.028182
441.953700
441.990706
441.990758
441.989460
441.917952
441.883138
442.028182
441.953686
441.990345
441.918649
441.885113
442.031860
441.919460
441.885130
441.990720
441.990806
442.033118
441.919907
441.885093
441.991612
442.033938
441.919841
441.919037
442.029689
441.953885
441.953885
441.997581
441.952955
441.954257
441.951459
441.952765
441.883128
441.917946
441.917933
441.916328
442.104615
442.102950
441.992139
441.992140
441.990956
442.028465
441.991342
441.991364
441.992659
442.028479
441.992054
441.991372
441.955116
441.953795
441.991393
441.992687
441.955749
441.958026
441.881643
441.882451
442.031025
442.030522
441.920205
441.921501
441.958460
441.919366
441.994950
441.918663
441.918667
441.918080
441.918080
441.994609
441.921272
441.920781
441.920208
441.956966
441.885925
441.990005
441.955522
441.958262
442.067788
441.990352
441.919028
441.919766
441.990370
441.920319
441.918515
441.920577
441.994212
442.078224
441.995554
441.994903
442.073226
442.069359
442.033408
441.994902
442.073704
442.069372
441.996686
441.994394
441.993808
442.105265
441.994647
442.160045
441.926096
442.001755
442.001765
442.076869
441.994969
441.994314
442.074786
442.032172
442.075257
441.996957
441.995903
442.072321
442.029963
442.107030
442.066571
442.107518
442.071447
441.997510
442.065701
442.072330
442.030483
442.073367
441.994863
442.114061
442.114531
441.995111
442.071543
442.070642
441.995959
442.071130
441.994077
441.996718
442.029295
442.071553
442.036232
442.189609
442.077710
441.995810
441.995156
442.106421
442.105771
441.994109
441.994611
442.077935
441.995262
442.160536
442.160695
441.993884
441.886808
441.922144
441.920649
441.886619
441.951212
441.953846
441.991219
441.953658
441.954147
441.920635
441.922784
441.888737
441.955488
441.956282
441.922766
442.028996
442.277342
441.924836
441.924676
441.923556
441.845075
441.960461
442.036551
441.959015
441.997551
442.125395
441.998506
441.959966
442.103817
442.032392
442.067057
442.160361
442.031565
442.106754
442.030741
442.036971
442.035698
442.030562
442.106751
442.112443
442.148536
442.032969
442.032965
442.033791
442.033787
441.919313
441.918815
441.995959
441.996816
442.037042
441.960455
441.959598
441.995023
441.995509
441.959010
441.995421
442.035814
441.960252
441.994224
441.994710
441.958197
442.111341
442.034450
441.958906
441.994621
442.035488
441.959940
442.031004
441.955519
441.963191
441.846732
441.882359
441.846520
441.880806
441.882105
441.883874
441.881913
441.883682
441.882085
441.882374
441.885991
441.882450
441.884221
441.995969
441.996812
442.036590
442.036738
442.036738
441.927848
441.959358
441.996635
441.998439
441.918181
441.955330
441.922098
441.995253
441.998451
441.956239
441.955199
441.956560
441.995185
442.028875
441.993183
441.996148
441.996579
441.955533
441.956579
441.991178
441.956891
441.921488
441.990678
441.995058
441.955990
441.957026
442.103982
441.957351
442.064215
442.029116
442.029102
441.993074
442.068771
441.995986
442.029671
441.993980
442.031345
442.029035
441.996961
441.921071
441.922432
441.961107
441.998312
441.997561
441.959675
441.958831
441.960355
441.999305
442.032368
442.067142
441.999800
442.001124
442.001135
442.037605
442.037117
442.002891
442.002905
442.077625
442.035504
442.032085
441.995463
442.035501
441.959837
442.037845
442.031132
442.031130
442.036571
441.996840
442.078169
442.035395
442.031163
441.994555
442.035391
441.958925
442.034219
442.031286
441.994660
442.034215
441.959034
442.036013
442.029780
442.034743
442.112902
442.106702
442.111646
441.994251
442.030258
442.030747
442.037048
442.030814
442.035774
442.034875
441.959539
441.994652
441.959198
442.034885
442.030661
441.995993
442.076830
442.037065
442.198885
441.918317
441.843877
441.883520
441.924211
441.955978
441.849151
441.993713
441.847031
441.953301
441.956761
441.849961
441.850748
441.994037
441.882711
441.883494
441.921196
441.815688
441.848875
441.954888
441.882418
441.884292
441.848453
441.992213
441.955228
441.920634
441.881639
441.953943
441.882407
441.954926
441.919851
441.880817
441.880612
441.987879
441.918789
441.919095
441.919570
441.847102
441.883736
441.919601
441.919304
441.848396
441.847306
441.881617
441.813868
441.848060
441.883154
441.885078
441.884781
441.880353
441.881657
441.881854
441.847129
441.882124
441.883662
441.882675
441.920420
441.847017
441.848598
441.919621
441.848884
441.955435
441.882287
441.990917
441.884946
441.882674
441.919348
441.848337
441.920103
441.847278
441.882362
441.881792
441.881317
441.953290
441.847056
441.957380
441.921786
441.956261
441.917979
441.918003
441.955475
441.883753
441.917033
441.957244
441.955978
441.956445
441.884190
441.955469
441.884269
441.919313
441.954148
441.918988
441.919873
441.884214
441.919801
441.917468
441.953052
441.881196
441.918228
441.954635
441.881363
441.847826
441.954666
441.882934
441.916181
441.848138
441.883026
441.847342
441.848892
441.987648
441.955438
441.884497
441.882972
441.916206
441.920176
441.848338
441.849404
441.883477
441.883464
441.883973
441.882405
441.881583
441.848343
441.884707
441.992817
441.993661
442.033523
442.034330
442.031191
441.996096
441.964386
441.964137
441.885025
441.884219
441.993122
441.922056
441.991820
441.921172
441.957274
441.952861
441.919070
441.882630
441.955160
441.915896
441.918024
441.882639
441.955155
441.915887
441.993350
442.028296
441.955850
442.069316
441.920183
441.954819
441.918807
441.920253
441.883563
441.955566
441.996579
441.917813
441.883770
441.998074
441.955040
441.917807
442.031321
441.957114
442.064596
442.030272
441.992311
442.106390
441.994141
441.922341
441.921340
441.954472
441.848116
441.882097
441.883379
441.955542
441.955543
441.958563
441.992226
441.920610
442.032752
441.993954
441.994632
442.029584
441.921477
441.956113
441.920458
441.920106
441.958199
441.993142
441.919419
441.919134
442.032110
441.953316
441.917929
441.885379
441.991881
441.990120
441.955553
442.032144
441.957948
441.883458
441.921117
441.915807
441.953102
441.919740
441.920720
441.883216
441.882425
441.992771
441.921723
441.994280
441.955991
441.919911
441.991296
441.954148
441.954133
441.921999
441.960600
441.954664
441.887176
441.921801
441.958504
441.882931
441.883736
442.030998
442.029117
441.920758
441.991282
441.883475
441.884758
441.883682
441.882492
441.884761
441.917453
442.025911
441.956768
441.956742
441.956463
441.885898
442.143683
441.884753
441.920642
441.885234
441.851500
441.953311
441.955624
441.954134
441.920568
441.921074
441.987995
441.953816
442.025786
442.025795
441.953312
441.920188
441.921168
441.923685
441.885785
441.923893
441.958855
441.960118
441.954329
441.954335
441.923870
441.993376
441.955988
441.955487
441.993236
441.957703
441.958132
441.883780
441.918800
441.848374
441.918222
441.881089
441.917931
441.917965
441.917195
441.917677
441.955992
441.880813
441.882372
441.956586
441.953027
441.917189
441.916916
441.989424
441.950163
441.884274
441.884831
441.956803
441.883501
441.884882
441.885365
441.884303
441.956262
441.919843
441.885558
441.919343
441.919564
441.919590
441.882390
442.028760
441.916665
441.918221
441.916963
441.882143
441.884199
441.884483
442.028830
441.917917
441.916659
441.955181
441.916150
441.916916
442.027399
441.954108
441.954090
441.919066
441.882895
441.882141
442.028804
441.917718
441.951456
441.991257
441.917764
441.916948
441.919060
441.884529
441.989773
441.918561
441.991257
442.026639
441.883134
441.847577
441.918288
441.882641
441.883142
441.849133
441.919075
441.882664
441.882144
441.882140
441.956017
441.849725
441.850506
441.884077
441.917693
441.918477
441.883252
441.849408
441.850192
441.919034
441.917689
441.917677
441.880854
441.918203
441.954623
441.882114
441.847299
441.915353
441.882907
441.881645
441.918991
441.955410
441.882107
441.916938
441.848870
441.884022
441.884518
441.883553
441.882144
441.849430
441.918256
441.881815
441.881841
441.883717
441.885217
441.883926
441.850188
441.885521
441.848894
441.849368
441.848965
441.849958
441.882107
441.955636
441.882891
441.883378
441.882111
441.883729
441.883732
441.990250
441.918522
441.885005
441.921703
441.958892
441.919284
441.885543
441.919562
441.883227
441.884841
441.849976
441.921195
441.885048
441.954163
441.917512
441.918051
441.848091
441.881649
441.918462
441.954104
441.917677
441.919364
441.882927
441.916160
441.952555
441.881797
441.953612
441.883058
441.882879
441.881312
441.882119
441.953124
441.883370
441.882890
441.918831
441.882501
441.920096
441.993015
441.882501
441.882936
441.881643
441.954361
441.847299
441.847295
441.953577
441.919067
441.847841
441.848102
441.848591
441.954377
441.919086
441.847871
441.990799
441.992964
441.991587
441.959776
441.849751
441.849658
441.921599
441.885841
441.850950
441.849382
441.884317
441.884510
441.885335
442.066615
441.991295
441.993845
441.955790
441.920718
441.993413
441.955150
442.063603
441.955155
441.954246
441.956403
441.993343
441.918807
441.882901
441.956885
441.957164
441.996009
441.923035
441.921741
441.921991
441.956138
441.920895
441.919333
441.918240
441.992915
441.990084
441.990050
442.030776
441.995311
441.919733
441.919254
441.957990
441.958487
441.920879
441.993582
442.107904
441.958408
441.955461
441.955448
441.990745
441.955250
441.958101
442.065866
442.031054
441.925544
441.925255
441.921422
441.993345
442.109230
441.992601
441.956823
441.958946
441.956805
441.992086
441.955811
442.066410
442.030808
441.959430
441.993700
441.919945
441.959579
442.027689
441.958805
441.957959
441.956318
441.956292
441.991108
441.957962
441.958755
442.026852
441.918810
441.919827
441.918560
441.917740
441.956602
441.954948
441.954148
441.885580
441.920678
441.920410
441.955236
441.957962
441.957956
441.922825
441.924443
441.917831
441.918630
441.919328
441.919096
441.918057
441.919123
441.918000
441.916919
441.917739
441.919001
441.957710
441.921201
441.919404
441.920690
441.952808
441.952822
441.960349
442.032528
441.924690
441.927076
441.918265
441.918268
441.848058
441.918770
441.846468
441.883759
441.884561
441.885582
441.883718
441.885318
441.886090
441.923599
441.850710
441.964090
441.885846
441.850236
441.812506
441.812498
441.847540
441.811695
441.847284
441.846483
441.848871
441.816424
441.816103
441.813494
441.848069
441.846456
441.848283
441.846189
441.885702
441.956320
441.997371
441.955831
441.955793
441.996858
441.922589
441.886201
441.994117
441.960387
441.993648
441.885876
441.887460
441.922534
441.957617
441.957052
441.990477
441.953815
441.955126
441.954640
441.956794
441.920081
441.922679
441.885382
441.987355
441.952064
441.952584
441.952070
442.024279
441.917444
441.917469
441.918241
441.922966
441.993110
442.027760
441.918352
441.919157
442.034818
441.997063
442.069686
441.958476
441.959484
442.031256
441.959699
441.958339
441.920855
441.922451
441.993238
441.958125
441.921959
441.954693
441.954591
441.955531
441.993418
441.993295
441.992886
441.921961
441.959325
441.958176
441.923431
441.955672
441.955684
442.106138
441.959094
442.033528
442.030404
442.064810
441.957703
441.958028
441.992281
441.956656
441.995332
441.997436
442.111341
442.109288
442.069683
441.994751
441.997415
442.072064
442.029972
441.993905
441.992338
442.029106
441.995202
442.032550
442.030360
441.994231
441.925263
441.959454
441.996259
442.106225
441.995870
442.031416
442.029804
441.992879
441.921619
441.923028
441.993912
441.920383
442.066511
441.921782
441.957070
441.956820
441.992121
441.922014
441.921081
441.992097
441.919476
442.028445
442.030879
441.993596
441.994443
441.997515
441.959129
441.996146
441.994036
441.960850
441.994117
441.993582
441.995347
441.993245
442.035135
441.960050
442.110444
442.031578
441.991982
441.921129
441.921084
441.954418
441.956752
441.993611
441.922164
441.994624
441.923165
441.957671
441.998414
441.957392
441.957388
441.955913
441.955929
441.994659
441.994643
441.999524
441.958497
442.102195
442.066620
442.143936
442.029159
441.955916
441.993431
441.990817
441.962128
442.067647
442.069010
441.994250
442.030001
441.991515
441.923068
441.958808
441.994561
441.955110
441.954622
441.955409
441.991207
441.958328
441.921083
441.919825
441.995558
441.997145
441.998250
441.962652
442.032194
442.065672
441.956231
441.956742
441.956260
442.110485
441.997584
441.962760
441.962676
441.996483
442.067063
442.031778
441.959685
441.991849
441.997205
441.999091
442.033065
441.963193
441.921386
441.958862
441.848024
441.882361
441.919825
441.883396
441.916896
441.954368
441.882675
441.915905
441.918721
441.915349
441.881132
441.915149
441.847809
441.846795
441.847024
441.848090
441.880808
441.915327
441.915336
441.996655
441.882646
441.917676
441.957303
441.921170
441.886534
441.920234
441.917994
441.919339
441.917715
441.919039
441.917469
441.987692
441.917648
441.917648
441.885109
441.882626
441.917699
441.916966
441.954163
441.920907
441.958843
441.921094
441.996815
441.919949
441.956277
441.885165
441.954999
441.959040
441.998079
441.885132
441.919343
441.921128
442.035813
441.922347
441.919126
441.919090
441.996793
441.883874
441.918081
441.958086
442.028568
441.994391
441.955754
441.922882
441.992804
441.959783
441.917681
441.955148
441.955148
441.954970
441.993302
441.954674
441.959050
441.888692
441.998160
441.957443
441.957931
441.994637
441.993856
441.993836
441.994935
441.993476
441.958570
441.958404
441.993339
441.991733
441.920526
441.919972
441.990836
441.920712
441.990812
441.990631
441.999452
441.996638
441.995104
442.107941
441.998899
441.885081
441.956787
442.070808
441.920911
441.957286
441.922473
441.960430
441.996816
441.884681
441.918881
441.918589
442.034241
441.918826
441.919341
441.921599
441.954342
441.996015
441.883907
441.918105
441.916515
441.919937
441.883443
441.919128
441.918841
441.919130
441.919122
441.919135
441.917851
441.918688
441.995243
441.958131
441.960000
441.922296
441.993977
442.147198
442.029237
442.104526
441.991828
441.989787
441.958105
441.957233
441.991824
441.990310
441.990813
441.991749
442.071550
441.991873
442.069390
441.922966
441.922095
442.106655
442.067194
442.002060
442.001190
442.035798
441.956685
442.029953
441.990056
442.069003
441.954042
442.027974
441.955459
441.989702
442.069019
442.028466
441.956836
442.034936
441.956614
441.994694
441.994033
441.959289
441.993977
442.029224
442.107921
442.067378
441.962783
441.961913
441.996520
441.995659
442.067180
442.029953
441.994680
441.994034
441.959275
441.958709
442.000257
442.033504
441.956627
441.923380
441.994880
442.032428
441.919424
441.916885
442.031566
441.990042
441.919324
441.953571
441.955864
441.993360
441.956382
441.997101
441.955606
441.884090
441.919446
441.954829
441.920189
441.918332
441.954587
441.955886
441.998208
441.957673
441.886571
441.920797
441.993843
442.072278
441.992120
442.107520
441.958210
441.995838
441.993442
441.955571
441.989537
441.917468
441.918795
441.885542
441.884534
441.885042
441.918792
441.919352
441.886850
441.920600
441.886678
441.957960
441.881563
441.922284
441.991859
441.848076
441.885062
441.810900
441.885363
441.848053
441.882407
441.883198
441.991047
441.847276
441.848066
441.848852
441.885065
441.811694
441.885849
441.958435
441.812195
441.812189
441.885068
441.813544
441.813742
441.814848
441.995995
441.920980
441.882029
441.880736
441.952829
441.955431
441.917392
441.883060
441.882280
441.953065
441.952933
441.992886
441.953746
441.917392
441.957438
441.991679
441.922629
442.032405
441.991965
441.957739
441.990400
441.954696
441.955736
442.110079
442.067581
441.954050
441.953238
442.025620
441.993190
441.953360
441.883372
441.958663
441.882699
441.917230
441.917453
441.953640
441.988603
441.987102
441.988906
441.915912
441.917155
441.992323
441.916715
441.916705
442.026946
441.954751
441.954241
441.954241
441.957699
441.993236
441.993122
441.917515
441.917505
441.918558
442.026961
441.881618
441.953590
441.953120
441.953100
441.881611
441.954859
441.954381
441.954377
441.920390
441.993873
441.919378
441.922864
441.884578
441.923870
441.886963
441.964899
441.923393
441.922166
441.918880
441.959624
441.919683
441.886424
441.922910
441.957625
441.924160
441.923682
441.959434
442.032747
442.032761
441.955598
442.101651
442.101174
441.955088
441.882226
441.881414
441.916970
441.916951
441.918800
441.989125
441.881616
441.915617
441.918017
441.987856
441.881300
441.959314
441.923046
441.964084
441.921782
441.958026
441.922800
441.922006
441.959138
441.956185
441.954905
441.918482
441.917187
441.918989
441.882912
441.882096
441.916172
441.916191
441.917178
441.917203
441.881896
441.881081
441.916169
441.916137
441.916679
441.954938
441.953653
441.918582
441.919352
441.919877
441.882674
441.881869
441.880907
441.881709
441.917756
441.917467
441.918572
441.918270
441.847074
441.845498
441.847085
441.845487
441.847603
441.918257
441.917738
441.881640
441.919082
441.880346
441.916653
441.916416
441.919843
441.953880
441.917741
441.848130
441.916977
441.882167
441.848628
441.881691
441.881650
441.881390
441.848643
441.954148
441.880818
441.917447
441.917950
441.882117
441.887346
441.957493
441.886352
441.951480
441.950970
441.951799
441.952795
441.952282
441.951751
441.886122
441.884874
441.917996
441.921807
441.921325
441.920487
441.921766
441.953816
441.954345
441.993608
441.994099
441.956925
441.921325
441.919824
441.918239
441.960789
441.961918
441.884936
441.882855
441.883733
441.884551
441.885336
441.884960
441.883651
441.884849
441.992464
441.885343
441.886643
441.995395
441.995366
441.884856
441.886156
441.994913
441.882709
441.883004
441.884008
441.992266
441.920628
441.919796
441.995084
441.994420
441.955202
441.957538
441.958893
441.957049
441.851837
441.885288
442.037531
442.164072
441.996836
441.994559
442.031163
442.035394
442.035394
441.958929
442.028030
441.956275
441.956801
442.077655
441.995185
441.921464
441.992177
441.922256
441.995464
442.032068
442.036289
442.031144
442.038649
442.037375
441.992940
442.030648
442.036289
441.959833
442.106685
442.114207
442.032032
442.031546
442.112915
441.994237
441.995979
442.076824
441.994650
442.031255
442.035503
442.030818
442.038351
442.037063
442.035503
441.959020
442.034757
442.034757
441.999203
441.999200
441.965164
442.035287
442.035287
442.161271
442.032538
442.031880
442.160528
442.115207
442.034332
441.959168
442.034338
442.036739
441.960297
442.036749
441.954752
442.068312
441.954226
441.919682
442.026020
441.919686
441.954230
442.068318
441.990410
442.026039
442.064265
441.991127
441.990634
442.032817
441.952657
442.063987
441.953187
441.953955
441.954469
442.030806
441.989748
442.195541
442.149179
442.037465
442.036195
442.031232
442.072550
442.076499
442.112558
442.072554
442.075198
441.991322
442.027332
442.070725
442.114979
442.113677
442.070728
441.995060
442.112393
442.108244
442.030701
442.067305
442.106974
442.102015
442.035402
442.035406
441.959738
441.995378
442.031983
442.035281
442.033997
442.029021
442.068932
442.002603
442.001333
441.996357
442.002834
442.001564
441.996601
442.071957
442.032009
442.070687
442.036143
442.036140
442.068932
441.993734
441.991907
442.068853
441.958388
442.029825
441.957102
441.991451
442.068853
441.988974
441.991346
442.026428
442.065738
442.029361
442.065983
442.067807
442.034105
442.034090
442.027767
441.992230
442.034865
442.034851
441.958212
441.958401
442.034535
442.034531
441.956536
441.957576
441.988656
442.068038
441.992489
441.991652
442.068038
441.988683
442.035350
442.035346
442.067811
442.030522
442.036209
442.036212
441.991689
441.954263
441.990304
441.989496
441.988198
441.954166
441.954661
442.110767
442.033810
442.033810
442.035631
442.035634
442.111569
442.069779
442.103831
442.032526
442.067209
442.069131
442.201750
442.152106
442.029129
442.036156
442.036627
441.959596
442.069100
441.993941
442.147024
442.030819
442.030032
442.147494
442.035575
442.036060
441.994233
441.959015
441.961041
442.070495
442.106230
442.070477
442.025419
441.992426
442.028273
442.027954
442.069110
441.994814
442.105682
441.995548
441.995067
442.070464
441.959849
442.036410
442.036898
442.029394
442.071837
442.106791
442.071819
442.028511
442.069696
442.069696
441.994499
441.995832
442.037611
442.036323
442.031361
442.071150
442.071150
441.991301
442.072491
442.072474
441.993422
442.030126
442.066748
442.077774
442.200951
442.152116
442.070247
441.995105
442.070257
442.071189
442.071171
441.992167
441.991834
441.992606
442.069606
441.994447
442.035872
442.036346
441.959312
442.069616
442.070479
441.992652
442.070465
442.024935
441.956816
442.071822
442.029396
442.071808
442.076944
442.033490
441.998991
441.993194
441.998981
442.034590
441.957381
442.034562
442.034541
441.958690
441.993965
441.993528
442.034541
442.034524
441.957334
441.993672
442.034524
441.954671
442.033493
441.996886
442.150056
442.079382
442.159962
441.996715
441.996058
441.994530
441.958256
441.996816
441.957761
441.956787
442.123853
441.957870
441.957362
442.123517
441.997712
441.919354
441.881305
441.918554
441.882490
441.881686
441.848131
441.847327
441.963471
441.918204
441.990809
441.918529
441.996644
441.999799
441.922935
441.995305
441.921036
441.921032
441.922592
441.921116
441.958199
441.921101
441.920810
441.958200
442.034931
441.958081
441.956888
441.960319
441.957683
441.994802
441.992968
441.991030
442.030056
441.992965
441.993575
441.958440
442.036273
441.991031
441.996982
442.030056
442.073625
441.998029
442.033059
442.033865
441.998368
442.069757
442.034608
442.033809
441.923417
441.921026
441.921021
441.958552
441.997229
441.997577
441.958331
441.996075
442.035884
442.035867
441.990792
441.998178
441.954337
441.889319
441.924929
441.958231
441.924998
441.994197
441.954425
441.954422
441.956969
441.953444
441.953441
441.918012
441.954175
441.882144
441.915370
441.881617
441.882427
441.958558
441.959010
441.889279
441.851103
441.881775
441.880698
441.851828
441.850248
441.998358
441.957667
441.997869
441.919106
441.920935
441.993813
441.920935
441.960647
442.031167
441.959946
441.920867
441.956173
441.997645
441.998192
441.812734
441.882955
441.882218
441.885289
441.922952
441.851809
441.886984
441.919611
441.953981
441.886001
441.919967
441.919605
441.954817
441.920774
441.952538
441.918782
441.919941
441.956970
441.885072
441.882703
441.882632
441.845273
441.845751
441.846542
441.813816
441.813320
441.814313
441.845264
441.812538
441.812554
441.846065
441.846559
441.813557
441.813532
441.959042
441.814623
441.849153
441.849380
441.849067
441.847838
441.919092
441.882582
441.882908
441.958264
441.994629
441.776401
441.998915
441.961749
441.995488
441.995880
442.036890
442.002181
441.995879
442.000910
441.962890
441.961619
442.073433
441.957180
441.997869
441.884282
441.921240
441.884317
441.883170
441.882409
441.916691
441.915851
441.848890
441.917964
441.883402
441.959493
441.959016
441.924144
441.993562
441.960086
441.960866
441.958114
441.958317
441.954182
441.920072
441.956211
441.921483
441.920657
441.919323
441.955020
441.959557
441.885372
441.884804
441.885097
441.956234
441.956226
441.993559
441.994677
441.779278
441.811732
441.779293
441.813302
441.779294
441.812228
441.780074
441.779290
441.915694
441.915226
441.953350
441.848888
441.849165
441.847865
441.847388
441.847834
441.848375
441.952541
441.848092
441.845786
441.845767
441.847317
441.845819
441.846283
441.846800
441.845770
441.812534
441.812239
441.815379
441.814134
441.814602
441.885919
441.918844
441.885132
441.918862
442.026100
441.919077
441.954693
441.886165
441.883241
441.883240
441.848403
441.883258
441.848428
441.918825
441.918811
441.952234
441.955160
441.847848
441.847083
441.847328
441.919819
441.845759
441.918551
441.846862
441.847309
441.848373
441.847882
441.881928
441.956264
441.923521
441.954209
441.886385
441.813829
441.884004
441.812250
441.881676
441.882462
441.847960
441.812004
441.847304
441.846537
441.847840
441.846270
441.953649
441.918349
441.918845
441.950974
441.950978
441.918045
441.917537
441.918045
441.884284
441.847843
441.955942
441.955976
441.847396
441.954690
441.955178
441.847593
441.848103
441.915334
441.916150
441.915646
441.884039
441.881944
441.814612
441.814648
441.812603
441.882974
441.883756
441.850536
441.959787
441.881697
441.882479
441.849758
441.845712
441.885591
441.845785
441.812567
441.886390
441.916150
441.915678
441.917448
441.915655
441.916943
441.883231
441.849252
441.848777
441.884034
441.847786
441.848063
441.846268
441.847543
441.813836
441.813055
441.846298
441.844704
441.812769
441.846806
441.811655
441.845692
441.915672
441.915667
441.958261
441.852976
441.886706
441.886165
441.958728
441.853429
441.921738
441.886676
441.954971
442.063489
442.028847
441.993351
441.924039
441.924033
441.989230
441.989230
442.064014
442.029376
441.989229
441.919046
441.918257
441.994208
441.852092
441.957989
441.885075
441.995052
441.851605
441.958799
441.851366
441.884895
441.919421
441.853727
441.960124
441.994934
441.956688
441.994211
441.994211
441.922858
441.922853
441.925257
441.998466
441.998479
441.995260
441.922108
441.955327
441.998312
441.962375
441.996961
441.997282
441.995286
442.030331
441.996557
441.996336
441.990692
441.922460
441.958100
441.996148
441.996477
441.994486
442.070078
441.994819
441.994833
441.958290
441.959112
441.957743
441.956944
441.922236
441.960503
441.993904
441.994614
441.959845
442.034938
441.994152
441.994156
442.069007
441.957138
441.954779
441.994700
441.960645
441.995405
442.029261
441.956376
441.955577
441.959153
442.034355
441.887930
441.887055
441.992071
442.068441
441.955760
441.922045
441.921163
441.955683
441.956504
442.033674
441.920236
441.954199
441.884004
442.032351
441.919405
441.918347
442.033165
441.918351
441.953366
441.954986
441.954970
441.992854
442.069215
441.956537
441.922822
441.921950
441.956470
442.067157
442.027407
441.957288
441.921751
442.033167
441.919730
441.917534
441.919107
441.921239
442.033141
441.918341
441.953357
441.956251
441.954675
441.993631
441.920807
441.885964
441.888582
441.922916
441.956057
441.887798
441.922131
441.957329
441.993922
442.034785
441.920226
441.921509
441.993923
441.991369
441.990875
441.993375
441.921649
441.991200
441.991998
441.960670
441.921575
441.957227
441.958021
441.995008
441.956906
441.956902
442.070601
441.958222
441.956057
441.956855
441.960731
441.954180
441.953382
441.955439
441.954158
441.919892
441.917428
441.917428
442.025850
441.881133
441.991981
441.918634
441.845750
441.845745
441.919115
441.844944
441.884716
441.953902
441.882895
441.884223
441.882098
441.883920
441.953133
441.882135
441.882653
441.881823
441.882340
441.919589
441.915648
441.881635
441.916438
441.918328
441.843848
441.881006
441.916142
441.881644
441.916932
441.954143
441.918798
442.026337
441.954084
441.881883
441.881524
441.915356
441.880841
441.916146
441.917713
441.954910
441.953630
441.957399
441.993916
441.956617
442.031362
441.957925
441.957800
441.998445
441.956483
441.886676
441.955428
441.952124
441.992887
441.952927
441.921260
441.990870
441.921019
441.956140
441.919952
442.103804
442.062286
441.988990
441.953487
441.954003
441.917505
442.027101
441.918319
442.027927
441.956511
441.955701
441.882623
441.882616
441.955732
441.954430
441.882144
441.882658
441.882168
441.954486
441.994550
441.960589
441.918850
441.991323
441.956094
441.917980
442.029604
442.067048
441.990907
442.032912
441.922100
441.990948
442.033722
441.956713
441.990466
442.033240
441.956240
441.957381
441.956276
441.955733
441.924994
441.962816
442.030644
442.126508
442.126600
441.954742
441.952548
441.955287
442.032457
441.990976
441.920719
441.954952
441.955057
441.884082
441.882930
441.880593
441.917024
441.917313
441.914648
441.916115
441.916930
441.916940
441.915941
441.915338
441.914611
441.915686
441.883241
441.919489
441.918585
441.917261
441.916765
441.916721
441.916464
441.952125
441.915638
441.915638
441.880599
441.917023
441.917313
441.915941
441.916117
441.916963
441.916674
441.915954
441.915641
441.914616
441.916980
441.916189
441.845489
441.881833
441.881563
441.916135
441.879520
441.881378
441.915333
441.954539
441.953749
441.883594
441.953803
441.846789
441.880802
441.881645
441.915071
441.914789
441.953000
441.952515
441.845501
441.915323
441.914551
441.879529
441.885144
441.918262
441.914350
441.914363
441.881657
441.917301
441.952504
441.953610
441.915674
441.951501
441.949925
441.949139
441.951289
441.949889
441.914945
441.948663
441.951493
441.952750
441.951299
441.917783
441.953247
441.948956
441.917769
441.952848
441.954920
441.953837
441.953322
441.919806
441.955196
441.919314
441.915115
441.881419
441.916409
441.914850
441.884243
441.883767
441.882708
441.990234
441.919015
441.881649
441.952445
441.915657
441.916936
441.954367
441.949159
441.913547
441.915618
441.951716
441.954106
441.917758
441.953023
441.882134
441.882998
441.918809
441.955725
441.915430
441.916720
441.914017
441.916164
441.917019
441.916140
441.880014
441.882123
441.952798
441.955453
441.986795
441.988993
441.953934
441.988213
441.917119
441.917481
441.918038
441.916203
441.919613
441.884095
441.990284
441.884096
441.850080
441.951030
441.917534
441.953942
441.951030
441.917535
441.988401
441.883519
441.953154
441.920130
441.956271
441.991121
441.953636
441.920141
441.990228
441.886115
441.918012
441.883503
441.918309
441.954435
441.918524
441.988976
441.917594
441.988688
441.919114
441.952318
441.918833
441.953622
441.952325
441.918830
441.884819
441.954604
441.952536
441.918543
441.880659
441.847602
441.881131
441.916685
441.847587
441.880315
441.846796
441.880311
441.846781
441.810630
441.916639
441.918855
441.916664
441.884324
441.847285
441.918741
441.881299
441.880791
441.846777
441.883865
441.919057
441.919951
441.916714
441.916931
441.917240
441.884051
441.955010
441.954719
441.917772
441.883212
441.885144
441.845461
441.845455
441.954581
441.952818
441.915848
441.953013
441.881807
441.881032
441.883123
441.881322
441.848599
441.915363
441.953887
441.881455
441.918371
441.915473
441.918679
441.917449
441.950980
441.916157
441.848422
441.849191
441.885324
441.991416
441.917475
441.917485
441.885324
441.915740
441.882711
441.988153
441.988935
441.916149
441.918766
441.916137
441.917356
441.915461
441.917777
441.917535
441.881937
441.882439
441.919258
441.918037
441.883212
441.885631
441.918770
441.885631
441.917956
441.883825
441.956127
441.917858
441.955968
441.917463
441.953872
441.882712
441.918847
441.916733
441.919164
441.917306
441.917295
441.883787
441.917462
441.918259
441.883787
441.884004
441.956300
441.916581
441.883538
441.917249
441.918120
441.917532
441.918313
441.883998
441.915682
441.917241
441.879490
441.880774
441.880286
441.958653
441.993917
441.955238
442.069027
441.956244
441.991599
441.921203
441.953095
442.027500
441.955432
441.921186
441.953404
442.069024
441.887970
441.920717
441.958319
441.958318
441.955448
441.884625
441.885120
441.885097
441.886239
441.886735
441.955986
441.885928
442.031246
441.919623
441.920458
441.956888
441.922359
441.991792
441.917980
441.921864
441.918200
441.918998
441.886230
441.887029
441.994110
441.992847
441.883983
441.917966
441.885274
441.955433
441.885063
441.955443
441.955443
441.959571
441.958294
441.882982
441.882982
441.991740
441.955119
441.990459
441.953821
441.882176
441.882176
441.918787
441.920335
441.884924
441.884938
441.883752
441.883751
442.030414
442.027647
441.954365
441.956411
441.954353
441.951215
441.990438
441.883758
441.955859
441.883758
441.955855
441.920225
441.920221
442.066238
442.066245
441.917799
441.917799
441.990511
441.916924
441.950445
441.954053
441.916931
441.988329
441.950952
441.949607
441.953861
441.952767
441.986793
441.987024
441.919577
441.993404
441.953597
441.918810
441.918810
441.992831
441.953811
441.920074
442.027442
441.921188
441.956078
441.956074
441.956833
441.956561
441.991809
441.919662
441.990485
441.957848
441.955194
441.953873
441.953667
441.956404
441.954545
441.920732
441.951990
441.988763
441.955283
441.953976
441.884604
441.957116
441.955901
441.954912
441.992200
441.919148
441.987654
441.955615
441.954680
441.954355
441.953384
441.919132
441.997164
441.916952
441.950508
441.951067
441.881678
441.916968
441.916751
441.951752
441.916430
441.916191
441.915362
441.918476
441.991184
441.921227
441.920136
441.920313
441.953994
442.032683
441.919939
441.918826
441.988547
441.955066
441.953926
442.031861
441.882906
441.954627
441.920382
441.883676
441.883404
441.953085
441.883129
441.919312
441.883413
441.883626
441.955149
441.853148
441.887890
441.886798
441.922213
441.853922
441.887900
441.922938
441.888654
441.853912
441.961530
441.781599
441.852261
441.816432
441.816395
441.814818
441.990298
442.063601
441.991998
441.990823
442.063605
441.991987
441.953168
441.955073
441.918377
441.917864
441.998638
442.031668
441.955070
441.953648
441.918346
441.952818
441.952824
441.988676
441.993969
441.847490
441.811753
441.848099
441.848877
441.848875
441.848061
441.847298
441.778212
441.920282
441.956031
442.031625
441.955794
441.917234
441.847571
441.917422
441.847866
441.881385
441.881891
441.920285
441.956034
441.916616
441.955798
441.845468
441.847037
441.882692
441.881882
441.845803
441.917806
441.918464
441.881826
441.879021
441.881341
441.917978
441.880254
441.880239
441.956509
441.884006
441.955231
441.953828
442.065982
441.851518
441.853078
441.921772
441.923337
441.921769
441.923337
441.920503
441.920497
441.955085
441.917509
441.917490
442.026415
441.882619
441.988853
441.881515
441.953582
441.919948
441.990027
442.024474
441.917496
441.919284
441.918784
442.026425
441.916679
441.917985
441.917485
441.992900
441.953886
441.953032
441.954335
441.778996
441.812568
441.886334
441.849929
441.781363
441.815418
441.887904
441.851514
441.814137
441.886710
441.992667
441.918852
441.954181
441.886170
441.954665
441.952382
441.918877
441.918891
441.988709
441.952392
441.886693
441.954194
441.954693
441.886166
441.957747
441.992667
441.988647
441.952378
441.918863
441.918873
441.988667
441.952388
441.959343
441.959614
441.889153
441.920714
441.919909
441.994154
441.953552
441.917498
441.955117
441.954344
442.027499
441.955482
441.956291
441.920659
441.954627
441.990460
441.991076
441.954331
441.991061
441.955492
441.956280
441.920659
441.955411
441.953528
441.884866
441.917614
441.954957
441.991473
441.992004
441.991455
442.068094
441.991997
441.996276
441.957846
441.955734
441.955753
441.958236
441.926667
441.965189
441.998174
441.997631
441.956145
441.920882
441.959936
441.848887
441.887512
441.850209
441.884253
441.882653
441.848613
441.954358
441.886313
441.920058
441.955696
441.954910
441.955795
441.989742
441.917467
441.917185
441.994143
441.957278
441.954403
441.954422
441.919964
441.918339
441.953556
441.954396
441.997118
441.997114
441.996321
441.993751
441.993747
441.953823
441.953820
441.920078
441.917513
441.954108
441.954340
442.026092
441.917513
441.951499
441.884273
441.884273
441.921043
441.885409
441.885423
441.921057
441.923911
441.923914
441.990887
441.991510
442.068502
441.989806
442.069335
441.990339
441.991527
442.068517
442.069318
441.887203
441.994958
441.994762
442.033783
442.034986
441.995822
442.031904
441.996161
442.034170
441.927707
441.926621
442.004356
442.029449
442.071912
442.033811
442.030983
441.961062
442.066462
442.029844
442.068306
441.998218
442.072449
442.074540
441.996952
442.034958
442.031861
441.994740
441.955275
441.957868
442.035252
441.994091
442.032419
441.996345
441.925054
441.888833
442.000157
441.958709
441.957348
441.993477
442.108495
442.071937
441.960480
441.997637
441.998343
441.961725
442.072363
442.109064
441.992933
441.995172
442.030827
441.993063
442.072167
442.028202
442.066061
441.957924
442.037027
442.031979
441.995195
442.068153
442.031517
442.102107
441.996413
442.073626
442.113578
442.067361
442.030726
442.107856
442.068581
441.997750
442.074303
442.035029
442.031965
441.995182
441.995622
442.072835
442.066044
442.032890
441.995168
442.030813
441.961315
441.998471
441.920473
441.816525
441.849422
441.851007
441.849734
441.923962
441.922104
441.921306
441.956222
441.958868
441.957020
442.031704
441.999541
442.034164
441.920343
441.957448
441.920052
441.995339
441.923464
441.958101
442.033170
441.993433
441.992974
442.069208
442.029461
441.994931
442.071451
441.957776
441.992912
441.992984
442.035610
442.069218
442.029475
441.994928
441.990337
441.996319
441.996642
441.958379
441.958104
441.919730
441.957205
441.886497
441.923983
441.920151
441.923946
441.958572
441.994616
441.956989
442.035305
441.992124
441.996014
441.994613
441.958063
441.956229
441.955431
441.957582
441.995842
442.076958
442.076972
442.038966
442.037722
442.038324
442.032795
442.031836
441.995228
441.960120
442.038612
442.033453
441.996543
442.031788
442.001383
441.998101
442.030704
442.029461
441.960328
441.891195
441.960069
441.890936
441.890688
441.997192
441.994962
442.067339
442.033993
442.034354
442.030732
441.964857
441.925840
442.092200
441.964124
441.925591
441.925096
442.091949
441.995109
442.071598
442.114697
442.160560
442.030461
441.994619
442.036033
442.070211
442.036535
442.034351
441.990019
442.034322
441.992355
442.034807
442.072286
442.072272
442.034338
441.993822
442.035245
442.035744
442.033554
442.071491
442.071474
442.033540
442.033274
441.996634
442.001163
442.001648
442.035725
441.961008
442.035711
442.071598
441.999776
441.996481
442.076215
442.125539
442.238024
441.920890
441.883495
441.918004
441.917488
441.918588
441.915315
441.846757
441.882352
441.918533
441.952055
441.884444
441.882666
441.956028
441.957235
441.884823
441.884251
441.885310
441.956046
441.954754
441.954783
441.991530
441.990162
442.026266
441.955713
441.956410
441.955147
441.955165
441.954802
441.954616
441.989356
441.955893
441.955411
441.953571
441.953420
441.954098
441.989381
441.953550
441.953924
441.953231
441.955862
442.026267
441.991512
441.955128
442.065710
442.065696
442.025959
442.106991
442.070075
441.993991
441.993037
441.992522
441.919816
441.918814
441.920623
441.992965
442.112303
442.001387
442.001872
442.034849
442.072034
442.072002
442.034835
441.919818
441.921128
441.918509
441.992675
441.990200
441.956083
441.990515
441.990193
441.992899
441.992402
441.993995
441.993051
441.992539
442.124377
442.124076
442.041735
442.028283
442.028302
441.993914
442.029460
442.028283
442.028298
441.993131
441.993132
442.029456
442.066766
442.066177
441.958149
441.923704
442.066191
442.067830
441.955696
441.885824
441.922523
441.918572
441.992103
441.955424
441.923057
441.992637
442.028662
441.959575
442.106477
442.033972
442.031363
442.033130
442.026604
441.956852
442.027116
441.956837
441.993802
441.962633
441.927079
441.924684
441.960530
441.924274
441.853055
441.997755
441.958028
441.921046
441.957547
441.920555
441.957726
441.920745
441.916865
441.916093
441.916851
441.916908
441.957124
441.954653
441.954468
441.989963
441.954676
442.029770
441.959351
441.993032
441.995230
441.992234
441.959850
441.957597
441.993773
441.957958
441.918919
441.918906
441.919430
441.922380
441.885644
441.954508
441.954505
441.954206
441.992493
441.886770
441.920986
442.103633
441.955858
441.955923
441.990139
441.953608
441.886286
441.920501
441.994129
441.994610
441.994640
441.992789
441.959590
441.956370
441.999168
441.884461
441.883398
441.955379
441.998682
441.919511
441.996539
441.883164
441.917368
441.991299
441.952464
442.103852
442.068970
441.952972
442.068174
441.952176
441.882450
441.919278
441.918496
441.922227
441.920116
441.991879
441.955457
441.915689
441.953289
441.952503
441.954692
441.917736
441.998070
441.919597
441.919924
441.990871
441.990876
441.955247
441.918902
441.993634
441.960724
441.920399
441.917229
441.882887
441.921226
441.889680
441.954864
441.955670
441.956550
441.955751
441.958711
441.990749
441.988966
441.955000
442.030788
441.954756
442.026980
442.027789
441.955277
441.989802
441.921996
442.030234
441.992082
441.957152
442.032133
441.920727
441.995208
441.956825
441.955996
441.957575
441.920698
441.918330
441.882859
441.992499
441.954987
441.920720
441.954536
441.921524
441.920691
441.921456
441.959583
441.958453
441.958455
441.959720
441.995760
441.955312
442.069302
442.069098
441.993522
442.025293
442.026963
441.986967
442.065707
442.065707
441.993726
441.917478
441.883734
441.884014
442.025810
441.883531
441.883811
442.025589
441.915329
441.884745
441.884254
441.917119
441.951511
441.916902
441.953593
441.953376
441.954859
441.953052
441.955346
441.881311
441.918054
441.917861
441.918250
441.955403
441.917548
441.917355
441.916135
441.916135
441.917788
441.954910
441.918073
441.916698
441.918556
441.883201
441.883496
441.917517
441.917028
442.025288
441.949657
441.949662
441.950919
441.918256
441.917769
441.951771
441.951431
441.951302
441.949145
441.990153
441.954636
441.919291
441.918995
441.953803
441.990479
441.952821
441.954616
441.989138
441.988625
441.917724
441.953008
441.952075
441.919269
441.953797
441.919790
441.953306
441.952584
441.988883
441.919024
441.952367
441.952493
441.985983
441.955537
442.026669
441.956330
441.954931
441.988943
441.992122
442.068451
441.920421
441.953940
441.920702
441.954236
441.883171
441.955315
441.993536
441.955787
441.992697
442.024796
442.026490
441.988442
442.026948
441.954474
441.986463
441.989493
442.103581
441.920964
441.952784
441.952581
441.951189
441.917153
441.954092
441.952257
441.953757
441.993729
442.027465
441.993413
441.955171
441.954654
441.956254
441.953095
441.952902
441.954594
442.024484
441.989359
441.990242
441.990705
441.952561
441.988104
441.954072
441.989632
441.989619
441.989635
441.990896
441.988491
441.918520
441.953513
441.992140
442.038723
442.005800
441.959623
441.924831
442.073401
442.036196
441.999446
442.034124
441.996919
441.994755
441.994822
441.924772
442.028645
441.989282
442.066118
442.027204
441.955522
441.954532
442.106293
441.995352
442.109840
441.959483
441.957864
442.066874
442.030974
441.994659
441.890780
441.960440
441.961302
442.030948
441.994619
441.992986
441.992900
441.994520
442.074731
442.036491
442.036491
442.032857
441.996966
442.029003
442.031836
441.963247
441.961585
442.110207
441.924063
441.995611
441.996122
441.995539
441.957556
441.920063
441.921656
441.996521
442.032791
441.995348
441.991215
441.920651
441.961146
441.958481
441.921016
441.921793
441.887592
441.999233
442.071124
441.956382
441.956679
441.920544
441.920854
442.109368
441.921913
441.993479
442.033014
442.032377
442.032387
442.028787
442.031406
442.029003
441.992038
442.030255
442.036410
441.993461
442.035908
441.998257
442.067557
442.028002
442.069891
441.923499
441.922617
441.957150
441.957214
441.993415
441.993712
441.992354
441.959261
441.921992
441.956896
441.918814
441.954122
441.883995
441.953360
441.954910
442.032470
441.955247
441.956425
441.885649
441.955428
441.918882
441.955749
441.955449
441.954789
441.953896
441.954384
441.953663
441.920439
441.954636
441.955431
441.953831
441.954640
441.883974
441.918802
441.953911
441.954414
441.953513
441.882824
441.917652
441.954312
441.813799
441.854431
441.814603
441.815095
441.851583
441.887227
441.847636
441.849659
441.816216
441.816013
441.817017
441.817297
441.815154
442.071583
441.921911
441.956954
442.105618
441.956753
441.990954
441.992279
442.029788
441.991859
441.920763
442.034959
441.956454
441.921909
441.954964
441.918661
441.956560
441.990779
442.027894
441.990192
441.956655
441.957970
441.993897
441.956981
441.955626
441.955348
441.990212
441.991947
442.061860
441.951666
441.990666
441.990505
441.990019
442.027125
441.990501
441.954301
442.027895
442.028725
442.028741
442.030354
442.029854
441.992551
441.991303
441.918200
441.884165
441.883129
441.919085
441.883893
441.994322
441.918299
441.883898
441.916357
441.881830
441.952300
441.881818
441.916825
441.881511
441.881823
441.954114
441.953002
441.954659
441.954402
441.920420
441.956213
441.883685
441.919905
441.955744
441.885937
441.882911
441.916127
441.953632
441.919660
442.026392
441.918797
441.917830
442.028833
441.991152
441.953017
441.953003
441.951473
441.951458
441.881585
441.880611
441.880808
441.951450
441.951738
441.992241
441.954645
441.955166
441.920410
441.956209
441.849376
441.921140
441.885927
441.848599
441.920363
441.954876
441.919650
441.918805
441.917819
442.028853
441.991138
442.025883
441.954430
442.145016
441.996779
441.885598
442.031626
442.031614
442.031618
441.992612
441.996244
441.996229
441.920458
442.106904
441.919616
441.919419
441.956959
441.958337
441.957965
442.027428
441.956154
441.953002
441.955854
441.923037
441.992631
441.956713
441.884379
441.884855
441.990710
441.991324
441.990699
441.990799
441.989759
441.989764
442.067955
441.990805
441.955668
441.922939
441.888317
441.988187
441.919848
441.917453
441.916635
441.917988
441.882954
441.919554
441.921834
441.955754
441.887208
441.920788
441.954904
442.029863
441.955396
441.994662
441.994766
441.921834
441.887212
441.954952
441.993976
441.921089
441.886467
441.919479
441.994079
441.955038
441.955314
442.032844
442.028056
441.955716
441.992350
441.994810
441.957349
441.958757
441.991911
441.920800
442.034235
441.956580
441.919609
441.958156
441.959372
441.921415
441.958272
441.991439
441.920315
442.031965
441.957966
441.957533
441.920047
441.957493
441.919997
441.992272
441.954987
441.954671
441.996202
441.923557
441.885015
441.883415
441.993675
441.918060
441.919346
441.952308
441.952332
441.919856
441.959570
441.851843
441.885569
441.919625
441.885414
441.919416
441.886183
441.997866
442.036372
442.039197
442.039384
442.039384
441.954151
441.956393
441.955468
441.954226
441.954742
441.956394
441.954237
441.955123
441.952876
441.954190
441.955123
441.954193
441.956265
441.954195
441.847764
441.847015
441.879723
441.958173
441.918594
441.959839
441.920177
441.959771
441.917245
441.918027
441.884004
441.882285
441.920130
441.884189
441.921395
441.883669
441.882055
441.883923
441.921115
441.884805
441.920558
441.851179
441.884561
441.922614
441.922024
441.884518
441.956400
441.994208
441.956891
441.956892
441.954510
441.919368
441.991139
441.919698
441.989561
441.951965
441.955284
441.919923
441.919909
441.989308
442.030824
441.918639
441.991828
441.919615
441.919902
441.989276
442.030806
441.919904
441.954182
441.954954
441.990795
441.989550
441.956039
441.954975
441.919636
441.992220
441.920151
441.957639
442.029816
441.994740
441.959091
441.921591
441.921668
441.920117
441.955069
441.993332
441.955069
441.922295
441.921488
441.922073
441.956405
441.887844
441.992530
441.956077
441.919140
441.885488
441.919105
441.958665
441.959301
441.890115
441.959944
441.966204
441.881986
441.881669
441.919638
441.919922
441.954490
441.920126
441.919899
441.955749
441.993086
441.955610
441.992982
441.920677
441.919391
441.957581
441.920076
441.958775
441.921286
441.919788
441.921467
441.923540
441.991351
441.921164
441.997425
441.994025
441.887579
442.161723
442.126806
441.919626
441.957709
441.953647
441.953644
441.959582
442.034732
442.034738
442.071424
442.032135
442.072148
442.065688
442.030833
442.072650
441.995618
442.071360
442.071862
441.994827
442.145871
442.145877
442.111519
442.030113
442.029459
442.112172
442.030767
442.113584
442.125663
442.033584
442.198912
442.193578
442.199388
442.160310
442.074967
442.038686
442.034698
442.030860
442.032366
442.067418
442.030596
442.031198
442.033725
442.069833
442.109980
442.103637
442.074323
442.116832
442.076769
442.069917
442.036705
442.034569
442.031872
442.154950
442.112430
442.112903
442.077049
442.001308
442.001312
442.035208
442.035198
442.148601
442.108442
442.076297
442.071016
442.114737
441.997282
442.071502
442.113949
442.032919
442.113166
442.032421
442.073022
442.031305
442.072239
442.108928
442.075511
441.998439
442.073604
442.072817
442.029237
442.031254
442.112395
442.032391
441.997214
442.033567
442.069101
442.070978
442.075281
442.110850
442.071464
442.074511
442.110063
442.035010
441.997664
442.033071
441.997894
442.114887
442.111397
442.104334
442.062833
441.993684
442.068580
441.991841
442.029285
442.026608
441.989316
441.953993
441.990115
441.954580
442.068014
441.953818
442.026660
441.990924
441.993357
442.028100
441.958247
442.145779
442.145769
442.035070
442.035558
441.992132
442.034389
442.034375
442.002201
442.002700
441.995737
442.027210
441.958136
442.069112
441.957385
442.069116
442.072353
442.072357
442.068485
442.036697
442.036728
442.037245
442.037248
442.033234
441.956901
442.033241
442.028293
441.992131
442.160809
442.030864
442.073788
442.032865
442.030600
442.070332
442.074819
442.124210
442.028956
442.111499
442.029611
442.035511
442.071461
442.070976
442.032375
442.035505
441.959860
441.993931
442.028454
442.070720
442.034468
441.960896
441.961040
442.034459
441.959285
441.925822
442.035327
442.035309
441.957304
442.002867
442.002383
442.035884
442.035853
441.956519
441.957315
441.959224
441.959224
441.998089
441.998102
441.991530
442.036777
441.997011
442.030106
442.030115
441.992931
441.991543
442.030106
442.030119
441.992934
441.994078
442.031391
442.030101
442.038066
442.074196
442.072904
441.994078
441.998300
442.031391
442.030105
441.999382
441.998092
441.998956
441.997665
441.954321
441.993797
441.958555
442.069381
442.035425
441.955048
441.923395
442.000275
442.070977
442.112287
441.954470
442.029711
442.069789
441.883373
441.882145
441.953538
441.916531
441.916158
441.923538
441.961064
441.959705
442.028218
442.107486
441.959447
441.993630
441.955159
441.989500
441.956063
441.920938
441.954027
441.917951
441.923787
441.887896
441.958515
441.957335
441.994238
441.959678
441.882899
441.882637
441.883684
441.883441
441.954893
441.916660
441.917454
441.956082
441.920960
441.952473
441.953245
441.917179
441.991690
441.995845
442.142255
441.992910
442.029560
442.027620
441.959518
441.993609
442.039285
442.035311
442.033145
442.035080
442.039420
442.033067
442.105269
442.070487
442.072397
442.036832
442.072412
441.998360
442.034124
441.996925
441.997585
441.996847
442.034948
442.035823
442.035151
442.032443
442.039843
442.068611
442.035855
442.037858
441.993432
441.953615
441.957418
441.957419
441.992273
441.918479
441.954671
441.992276
441.954987
441.957107
441.958715
441.960014
441.919946
441.956643
441.956342
441.956152
441.954912
441.919843
441.917668
441.921239
441.990163
441.956763
441.956699
441.994756
442.031406
441.995559
442.065385
442.071620
442.034665
441.885275
441.917975
441.849182
441.957554
441.989513
441.990309
442.068236
441.882406
441.956750
441.990317
441.915822
441.916114
442.031274
441.916629
442.025879
441.953657
441.916327
441.955008
441.919419
441.918130
441.885364
441.918448
441.991404
441.917670
442.068706
441.954727
441.953737
441.990795
441.954052
441.952529
441.952540
441.990219
441.989296
441.990666
441.989974
441.989592
441.987814
441.954593
442.024462
441.954437
441.994663
441.923093
441.957038
441.990209
442.028818
442.067928
442.067941
441.989745
441.989740
441.924201
441.923096
441.956253
441.990340
441.990355
442.069820
441.920906
442.033171
441.920347
441.955569
442.028018
441.990056
441.957416
441.953852
441.954113
441.954214
441.954511
441.957708
442.027991
442.024891
442.026101
441.991086
442.104608
441.954938
441.988461
441.988959
442.027952
442.105144
442.067547
441.990665
441.884618
441.918345
441.919079
441.990155
442.032610
441.884100
441.917343
441.988713
441.952817
441.987620
441.915350
441.915628
441.916145
441.917449
441.988922
441.915340
441.880243
441.879898
441.880194
441.993676
441.886152
441.922047
441.954902
441.915650
441.915658
441.916940
441.881438
441.989805
441.914662
441.956776
441.956747
441.953288
441.955663
441.952261
441.882699
441.990283
441.915933
441.918283
441.883995
441.989539
441.917447
441.917709
441.883803
441.989349
441.917027
441.848405
441.849164
441.953832
441.953055
441.954347
442.063892
441.881629
441.882399
441.917219
441.953858
441.884741
441.993718
441.919562
441.956531
441.884280
441.956012
441.848631
441.955420
441.848602
441.882681
441.883172
441.989462
441.882659
441.917542
441.919865
441.989706
441.951475
441.952819
441.917443
441.953047
441.952840
441.953885
441.954178
441.917450
441.883427
441.952553
441.952347
441.916441
441.949981
441.917458
441.950697
441.952576
441.881112
441.952409
441.918797
441.918066
441.917862
441.916623
441.916923
441.917356
441.917506
441.883213
441.918142
441.883011
441.918452
441.919856
441.989765
441.918555
441.918341
441.950684
441.847095
441.920159
441.918374
441.918641
441.916660
441.914648
441.880631
441.916738
441.916536
441.914882
441.953366
441.916650
441.913751
441.954400
441.883991
441.919662
441.918750
441.917808
441.921178
441.955537
441.918761
441.954857
441.919893
441.919125
441.918150
441.919902
442.027383
441.885865
441.882641
441.920893
441.918641
441.883452
441.992213
441.919515
441.991196
441.918733
441.954953
441.883407
441.992268
441.882635
441.955487
441.990231
441.990227
442.067221
441.989222
441.954431
441.955190
441.884559
441.917817
441.991097
441.952551
441.884605
441.918347
441.953164
441.917858
441.991134
442.068531
441.917796
441.917819
441.918085
441.953639
442.030788
442.025862
441.922351
441.884843
441.920738
442.026634
441.992394
441.919020
441.951456
441.987068
441.952824
441.950934
441.987850
441.953620
441.882876
441.955399
441.917952
441.882569
441.917997
441.920945
441.955708
441.918908
441.917308
441.920197
441.918898
441.990798
441.990275
441.953254
441.954036
441.957257
441.956733
441.954057
441.919787
441.919770
441.884256
441.954220
441.884263
441.883273
441.954206
441.953527
441.990390
441.922049
441.919597
441.920959
441.955708
441.920210
441.919078
441.917502
441.882322
441.990714
441.882162
441.953657
441.917013
441.881384
441.881852
441.882171
441.990212
441.882665
441.883480
441.918288
441.951963
441.951482
441.952551
442.024732
441.917952
441.883124
441.882643
441.917624
441.953032
441.951469
441.953019
441.951464
441.991331
441.958883
441.999036
441.921251
441.955682
441.920941
441.990170
441.953090
441.956883
441.994736
441.956480
441.918818
441.920136
441.955295
441.918604
441.956960
441.959978
441.919822
441.919838
441.919884
441.886466
441.921615
441.887319
441.922208
441.920856
441.958204
441.960494
441.997727
441.959181
441.964533
441.997869
441.920543
441.922223
441.991359
441.954092
441.921752
441.991455
441.956901
441.995245
441.996604
441.997392
442.032799
441.995205
441.957011
441.990391
441.993857
441.955653
441.954295
441.919988
441.990394
441.920304
442.068360
441.995382
441.956423
441.956717
441.955356
441.920905
441.957451
442.031214
441.956486
442.028387
441.995525
441.957359
441.957492
441.957012
441.994774
442.028432
441.920883
441.921188
441.921952
442.032036
441.992146
441.992884
442.071464
441.992937
442.071454
442.064023
442.101987
442.033772
442.066654
442.032678
442.034352
442.034904
441.999357
441.999438
442.071562
442.111626
442.074475
442.077699
442.033794
441.998631
442.039064
442.039502
442.064512
441.919303
442.029100
442.031067
441.918877
441.919969
441.883478
441.849728
441.953849
441.954369
441.954657
441.918515
441.884765
441.920495
441.956604
441.954613
441.955624
441.921095
441.989710
441.989476
441.882474
441.917510
441.850025
441.883775
441.919570
441.885074
441.918824
441.920811
441.919845
441.918253
441.917933
441.951501
441.919904
441.955528
441.917160
441.917703
441.884469
441.918507
441.882723
441.917999
441.954372
441.918241
441.954684
441.989436
441.951268
441.954190
441.917711
441.990512
441.920561
441.916401
441.954920
441.918752
441.919793
442.028102
441.953328
441.953637
441.920608
441.918334
441.954729
441.954416
441.954143
441.954125
441.950720
441.920603
441.953852
441.990802
441.990014
441.954107
441.953824
441.953322
441.989463
441.954427
441.991248
441.953582
441.953841
441.951493
441.953026
441.918260
441.955212
441.989964
441.919127
441.955545
441.915395
441.882648
441.988151
441.915710
441.917569
441.915752
441.952010
441.917750
441.882647
441.954102
441.954129
441.987828
441.921401
441.919112
442.025628
441.954920
441.952781
441.952049
441.921381
441.954639
441.990036
441.917986
441.919300
441.956065
441.954845
441.955188
441.957492
441.883478
441.919010
441.920327
441.989701
441.955206
441.953789
441.954288
441.954787
441.955417
441.954508
441.921488
441.957909
441.921010
441.884588
441.920877
441.882889
441.885613
441.921209
441.994377
441.996113
442.030198
441.960222
442.029513
441.955181
441.989508
441.883928
441.917487
441.921206
441.889721
441.924449
441.995593
441.925615
441.958351
441.954905
441.883937
441.917479
441.921214
441.958547
441.960206
441.957866
442.030914
441.992987
442.066510
442.029608
441.956640
441.959030
441.996198
441.884227
441.886441
441.922028
441.956150
442.030869
441.959553
441.923808
441.925167
441.925384
442.071602
441.881312
441.998315
442.064519
441.993720
441.994223
441.960997
441.921403
441.958186
442.034003
441.998155
441.998591
441.957826
441.998576
442.032650
441.998141
441.998079
441.957830
441.998079
442.073380
442.030590
441.998002
442.030590
442.037767
441.991525
442.030092
442.030106
441.996999
442.036764
441.994078
441.918552
441.917700
441.988961
441.918525
441.990256
441.882917
441.916461
441.917582
442.024714
441.951247
441.992832
441.885419
441.885437
441.991991
441.883758
441.883758
442.029929
442.029439
442.028465
442.029564
441.955232
441.919295
441.990155
442.027123
441.920757
441.953304
441.919903
441.990509
441.990006
441.953283
441.917327
441.882654
441.995029
441.882678
441.882678
442.032297
442.031247
441.990964
441.993496
441.993496
441.993496
441.959107
441.924279
441.993492
441.955324
441.956910
441.992741
441.918486
441.956718
442.031233
441.994675
441.994648
441.994661
441.993510
441.993482
441.993496
441.959093
441.993499
441.924265
442.026271
441.954688
441.957323
441.957018
442.076983
441.997575
441.882150
441.882914
441.883297
441.997771
441.883479
441.882317
441.882619
441.914624
441.997275
441.881818
441.882124
441.883752
441.997282
441.882319
441.883098
441.884380
441.918588
441.996994
441.884064
441.918276
441.918499
441.954797
441.954791
441.918456
441.918237
441.918237
442.029382
442.030188
441.989467
442.029397
442.063524
442.064464
441.999085
442.034242
442.029325
441.995081
441.956053
441.883423
441.917492
441.989504
441.955177
441.994784
441.884557
441.961203
442.125334
442.043527
442.126604
442.196010
442.186785
441.959222
442.035137
442.035618
442.070366
442.070353
441.955753
441.955117
441.989930
441.989406
441.989400
441.989723
441.989665
441.959481
441.960334
442.126241
442.124755
441.998444
441.994159
441.995187
441.993586
442.033601
441.995052
441.994187
441.953728
441.988944
442.025187
441.919233
441.918444
441.952444
442.029596
442.141191
442.106169
442.103192
442.026152
441.955512
441.955333
441.988454
442.067183
442.026171
441.956309
441.956613
441.953967
442.067205
441.992810
441.916387
441.956560
442.026665
441.917911
441.918203
442.032857
441.882385
441.991856
441.917784
441.954533
441.917825
441.919127
441.996835
441.956665
441.998966
441.956849
441.957131
441.999151
441.990352
441.954485
441.917533
441.919119
441.918187
441.918490
442.031855
441.955122
441.883098
441.883642
441.955407
441.883404
441.884711
441.881277
441.955321
442.160155
441.960513
441.997675
441.999146
441.960599
442.078500
442.126195
442.000371
442.000361
442.111300
441.993456
441.994586
441.990871
442.071723
442.069541
442.033541
442.033531
442.033554
442.033544
442.072211
442.069531
441.890008
442.029767
442.071377
442.029246
442.071865
442.030599
441.994506
442.070709
442.071197
442.110201
442.110205
442.154220
442.153229
442.110209
442.034592
441.959418
442.034578
442.034570
441.957078
442.034563
442.028875
442.070705
441.994804
442.070213
441.993657
441.994219
442.105654
441.995054
442.159624
442.158062
442.111420
442.070755
442.071102
442.030829
442.071586
441.961611
442.036249
442.036733
442.070741
442.033092
442.070247
442.066417
442.070731
442.033081
442.070731
442.070717
442.069923
442.069920
442.029356
441.992297
442.029352
441.999883
442.028346
441.994512
441.924794
441.996868
442.125398
442.030613
442.029958
442.071997
442.112024
442.036567
442.037041
442.035472
442.035943
442.034087
441.959507
441.992673
442.034073
442.072011
442.158869
441.955992
441.956257
441.991937
441.955029
441.955233
441.954471
442.025932
442.107365
442.029154
441.994019
442.107934
442.068657
442.107882
442.145818
442.034755
442.035243
442.107365
442.027856
442.107885
442.145808
442.112218
442.072524
442.069993
441.994115
441.991961
441.992759
442.072995
442.069982
442.148163
441.994166
442.148665
441.995687
442.034887
442.035385
442.069469
442.000452
442.000936
442.034175
442.028392
442.034660
442.000368
442.000853
442.104426
441.991649
441.957822
442.027482
441.958001
441.991720
441.957130
442.069455
442.106229
442.106233
442.071541
442.071527
442.148123
442.028444
442.148154
441.995134
442.034827
442.029081
442.034854
442.070210
442.105339
441.991929
441.992456
442.065889
441.991148
442.105335
441.999820
441.999834
441.953005
442.068849
441.991145
442.026842
441.991731
442.026985
442.068856
442.070206
441.959634
442.030563
442.070089
442.028360
441.994523
441.925590
442.113923
442.033744
442.033744
442.000519
442.000523
442.116841
442.113544
442.162539
441.961973
441.924990
441.922557
441.885822
441.919097
441.919607
441.919083
441.958143
441.926942
441.994112
441.884499
441.920676
441.883176
441.994338
441.993346
441.958077
441.954942
441.956418
441.882047
441.884996
441.882550
441.988463
441.917216
441.916410
441.922561
441.919303
441.920099
441.958982
441.882094
441.922272
441.848556
441.956258
441.957328
441.921445
441.923844
441.920097
441.920883
441.883139
441.957372
441.954398
441.992021
441.920967
441.962985
441.920202
441.962192
441.989571
441.919681
442.031061
441.954046
441.996036
441.920729
441.954501
441.920736
441.954642
441.919543
441.883139
441.917713
441.917466
441.953808
441.954539
441.881616
441.954131
441.881505
441.882025
441.882418
441.994692
441.918891
441.991669
441.920967
442.033160
441.920978
441.957210
441.992480
441.881653
441.882928
441.918611
441.847594
441.848072
441.847281
441.955615
441.919564
441.846489
441.955332
441.918771
441.959043
441.992523
441.992483
442.027296
442.141490
441.956805
441.958043
441.992500
441.993913
441.960321
441.924123
442.028642
441.990129
441.919112
441.919904
442.032958
441.954864
441.990378
441.921986
441.921560
441.957985
442.033169
441.990325
441.920708
441.956342
441.990307
442.032347
442.025137
441.921481
441.954452
441.956028
441.957663
441.954731
442.067981
442.125899
442.125131
441.998582
441.960035
442.036264
441.960649
441.960162
441.924123
441.960321
441.923901
441.923902
441.955888
441.955394
441.994121
441.997924
441.956898
441.957173
441.956897
441.999431
441.956601
442.031090
441.990844
441.920405
441.920214
441.991326
441.990849
441.921351
441.955017
441.955475
441.955162
441.990050
441.994622
441.955897
441.955403
441.957691
441.993847
441.994880
441.957408
441.958207
442.036066
441.959806
442.030192
441.993694
442.029706
441.960178
441.992029
441.958584
441.957536
441.925418
441.925160
441.994555
441.924370
441.924112
441.993507
441.996017
441.957730
441.991663
441.991354
441.921632
441.954852
441.991340
441.956189
442.030259
442.028642
441.992333
441.918544
441.918548
441.884761
441.992985
441.883461
441.922303
442.033163
441.851551
442.105929
441.923853
441.884813
441.885323
441.884813
441.817445
441.887660
441.851775
441.888179
441.921201
441.884717
441.960072
441.999661
441.918736
441.956059
441.957363
441.922306
441.889849
442.067816
442.030241
442.106249
441.885560
441.921717
441.920720
441.919302
441.885820
441.884228
441.992196
441.881626
441.885864
442.125341
442.071369
442.071917
442.077637
441.956375
441.956889
441.955884
441.962074
442.068200
442.066574
441.992175
441.991377
441.994038
442.030922
442.031734
442.159994
442.113963
442.071935
442.113262
442.036130
441.992635
442.036646
442.035124
441.992940
442.034644
441.993882
442.034311
442.033830
441.993077
442.036479
441.958979
442.036479
442.108492
442.071935
441.960701
442.032451
442.106288
441.959793
442.035449
442.035930
442.034974
442.035455
442.033615
442.034099
442.106274
442.070575
442.074397
442.029055
442.071497
442.070575
442.074397
442.033330
442.029096
441.992209
441.992507
441.991146
441.994620
441.959422
442.031184
442.112878
441.954193
441.956827
441.956344
441.956459
441.921987
441.921022
442.037108
442.163807
442.037112
442.164309
442.074246
442.074242
442.038404
442.001670
442.038400
442.035190
442.161888
442.072324
442.162090
442.035378
442.113359
442.029067
441.993385
441.991813
441.959437
442.029018
441.956437
441.990795
441.955759
441.999766
441.999780
442.072512
442.072512
442.035378
442.162076
441.960229
442.075612
442.202281
442.155211
442.114765
442.114747
442.107037
442.202783
442.155731
442.073742
442.036094
442.073742
442.074529
442.074529
442.073554
442.035906
442.074342
442.076313
442.114800
442.076299
442.114804
442.113943
442.151305
442.113964
442.151323
442.110841
442.110845
442.072713
442.076161
442.114731
442.114752
442.116638
442.070792
442.070979
442.073547
442.035885
442.073533
442.110881
442.110884
442.111188
442.070771
442.076200
442.151312
442.151294
442.070731
442.116627
442.111213
442.074335
442.074321
442.107076
442.075469
442.037824
442.075486
442.076257
442.076274
442.113961
442.113971
442.073508
442.035846
442.073490
442.112837
442.112820
442.078153
442.074296
442.074278
442.155217
442.155214
442.114745
442.114759
442.110902
442.076217
442.111089
442.111089
442.076405
442.035169
442.161867
442.072303
442.072303
442.147490
442.035170
442.161881
442.116729
442.109015
442.116739
442.075587
442.038443
442.001709
442.038439
442.112720
442.112717
442.147504
442.075583
442.203595
442.111772
442.035130
442.161842
442.035130
442.161832
442.072264
442.072264
442.202292
442.114821
442.107097
442.115009
442.115012
442.107285
442.075598
442.039180
442.042126
442.039176
442.078856
442.112731
442.078870
442.112749
442.074083
442.072456
442.067772
442.037693
442.038189
441.960381
441.958461
441.958466
441.922545
441.920906
441.919920
442.112825
441.994085
442.033359
442.068153
442.104228
441.959550
441.958430
441.962068
441.995839
441.994112
441.891553
441.959710
441.994126
442.032299
441.956337
442.025683
441.955059
441.919869
442.026968
441.919063
441.992836
442.098549
442.064410
441.921574
441.991155
441.919864
441.922566
441.991374
441.920929
441.923078
441.991355
441.922019
441.920915
441.922859
441.990651
441.918537
441.920152
441.924430
442.066623
441.956050
441.921512
442.029347
441.920410
441.919076
441.954454
441.918541
441.918004
441.989419
441.916636
441.918261
441.919066
441.955962
441.919279
441.953319
441.992373
441.955742
441.957618
442.034578
441.886858
441.956047
441.990928
441.951556
441.918817
441.955816
441.953920
441.956428
441.921517
441.921060
442.032730
441.918393
441.920589
442.033731
441.919379
441.921588
441.991228
441.956448
441.990860
441.957239
441.992033
442.068418
441.955383
441.921166
442.068114
441.958047
441.992796
441.920745
442.033224
441.921534
441.886160
441.918907
441.991248
441.956959
442.032767
441.921077
441.920186
441.918574
441.921279
442.034250
441.922559
441.957257
441.992518
441.955883
441.921667
441.959638
441.958031
441.992778
442.067580
441.998530
441.961211
441.958738
441.956333
441.961155
441.958733
442.030872
442.033639
442.068397
441.920194
441.918905
441.920691
441.920710
442.029470
441.955772
441.956268
441.991694
441.881639
441.882425
441.991681
441.882432
441.882927
441.992182
441.956082
441.956578
441.919924
441.955463
441.955958
442.030802
441.882811
441.881517
441.882880
441.882184
441.883883
441.883393
441.883712
441.883019
441.882009
441.880909
441.883080
441.919623
441.993643
441.920624
442.033246
441.921103
441.992311
441.919609
441.920175
441.955015
441.956777
441.924598
441.885784
441.919019
441.992425
441.920113
441.958066
441.993329
441.955373
441.955370
441.921805
441.962839
441.955050
441.996084
441.919931
441.955307
441.996368
441.920191
441.885959
441.989513
442.062800
441.954016
442.103362
441.920510
441.953540
441.920496
441.996000
442.029242
441.958039
441.922462
441.923832
441.995233
441.958752
441.924722
441.957415
441.958214
441.956980
441.999014
441.923936
441.956364
441.952864
441.919363
441.919363
441.952878
441.993180
441.993653
441.995009
441.959419
441.959911
441.993330
442.027203
441.851972
441.955536
441.958971
441.847569
441.879988
441.881581
441.989429
441.881305
441.884296
441.919053
441.954644
441.954950
441.919889
441.880613
441.953035
441.989651
441.915349
441.951679
441.915658
441.916183
441.917489
441.882976
441.951182
441.951968
441.989169
441.914158
441.884505
441.919357
441.989993
441.954476
441.884808
441.919681
441.955719
441.882950
441.881905
441.915608
441.916951
441.918740
441.919739
441.917678
441.915918
441.953067
441.950116
441.950903
441.952875
441.951964
441.952481
441.949448
441.915086
441.918030
441.918334
441.916475
441.915435
441.954949
441.955429
441.953914
441.954234
441.918846
441.953284
442.025851
441.987309
441.879711
441.881618
441.880822
441.882113
441.883478
441.992602
441.918275
441.918281
441.920929
441.886416
441.991828
441.883203
441.920643
441.886119
441.886090
441.919609
441.918840
441.992140
441.956622
441.886408
441.920156
441.957879
441.884548
441.849185
441.885324
441.993783
441.954329
441.953056
441.992899
441.954335
441.953058
441.955673
441.955668
441.882705
441.992122
441.916732
441.916468
442.025852
442.025085
441.993021
441.918833
441.882604
441.882331
441.882929
441.848387
441.952303
441.953856
441.918834
441.882922
441.848381
441.953078
441.916485
441.954085
441.884800
441.848373
441.918285
441.886090
441.848886
441.919575
441.882478
441.916446
441.919325
441.919642
441.882429
441.989550
441.955284
441.922597
441.922907
441.994495
441.887500
441.991297
441.991593
442.025541
442.025809
441.955719
441.989463
441.919320
441.990190
441.953569
441.919018
441.882314
441.989910
441.882527
441.952796
441.952548
441.885607
441.848396
441.919865
441.885788
441.848592
441.919575
441.884499
441.848079
441.918286
441.955751
441.917487
441.882406
441.957162
441.882406
441.886135
441.919127
441.919127
441.921783
442.031885
442.032062
441.918811
441.954887
441.954873
441.954409
441.883219
441.883737
441.954400
441.918865
441.917998
441.884770
441.957089
441.918032
441.918546
441.918036
441.922311
441.995995
441.992172
441.887746
441.920494
441.992964
442.032053
441.993712
441.958431
441.957973
441.992699
441.991699
441.993905
442.064624
442.029984
442.063285
442.028356
442.028675
441.993624
441.991677
441.992598
442.069705
441.994694
442.064629
442.030000
442.063304
442.068918
442.028842
442.028693
441.994109
441.993098
441.992706
441.993990
442.029489
442.028056
441.921779
441.956325
441.993264
441.995205
441.918242
441.886127
441.918838
441.960654
441.993839
441.922850
441.919639
441.924115
442.032267
441.958991
441.922000
441.887801
441.819655
441.855777
441.850643
441.955714
441.955698
441.991314
441.957359
441.960170
442.029066
441.993217
441.959555
441.959070
441.992244
441.958163
441.886366
441.853426
441.991250
441.887198
442.042151
442.036530
442.036530
442.079589
442.078881
442.079607
442.078881
442.111617
442.112518
442.034971
442.032157
441.998529
441.998317
441.956735
441.957041
441.995698
442.033597
442.031759
442.030454
441.994712
441.955189
441.955703
441.955179
441.958958
442.029103
441.995126
441.993570
441.995420
441.958234
441.959005
441.959288
441.959595
442.034159
441.996054
441.997482
441.956513
441.957031
441.923267
441.961477
441.889990
441.960652
441.995187
441.959680
441.960800
442.035166
442.072902
441.959265
442.035966
442.111131
442.034303
442.031503
441.956345
441.959002
441.957143
441.996128
441.955280
441.960763
441.997930
442.031851
441.991494
441.994137
441.992292
441.994109
441.995605
441.955370
441.955887
441.922124
441.960407
441.888847
441.959500
442.030967
441.925850
441.959003
441.959350
441.993517
441.956055
441.957117
442.028305
441.995105
441.994612
441.956861
441.956861
441.921536
442.032419
441.997149
441.959697
441.923132
441.885599
441.922636
441.885595
441.919294
441.992412
442.031638
442.065923
442.066409
441.953373
442.064939
441.953880
441.953370
441.958305
441.921324
441.993305
441.916429
441.957098
441.921214
441.919441
441.989305
442.031639
441.920414
441.954983
441.919314
442.062259
442.104590
441.957200
441.920422
441.957213
441.991676
441.955800
441.957620
441.921538
441.990868
441.956022
442.061397
441.993300
441.993652
441.956342
441.957118
441.997376
441.955504
441.995769
441.994458
441.954926
441.955714
441.995134
441.995940
441.956408
441.957196
441.996015
442.029300
441.922851
441.956888
441.992613
442.033998
441.959918
442.030630
441.957249
441.921676
441.957155
442.066278
441.920112
441.958084
441.957881
441.918830
441.919337
441.918827
441.923105
441.885569
441.956800
441.956815
442.102844
441.923706
441.991692
442.027929
442.068791
441.991702
442.027925
442.068801
441.955021
441.955291
441.955435
441.990124
442.031150
441.955421
441.990109
441.992415
441.991348
441.991368
441.958932
442.031307
441.959318
442.158273
441.993302
441.993316
441.920361
441.954377
441.951313
441.952295
441.915842
441.915847
442.030014
441.917094
441.921898
441.991691
441.921579
441.990678
442.027478
442.027973
441.955536
442.033683
441.920760
441.955488
441.921270
442.031463
441.994319
441.953664
441.917663
441.917972
442.032669
441.919249
441.989843
442.032659
441.958392
441.958395
442.027633
441.988498
441.917410
442.030800
441.989266
441.954453
441.917412
442.030799
441.991995
441.920050
442.062297
441.955221
441.956215
441.991690
441.955768
441.955742
441.992478
441.988747
441.917415
441.917417
441.920050
441.990232
441.918276
441.990157
441.994579
441.994309
441.959485
441.889646
441.958381
442.070049
441.958395
441.994593
441.959491
441.924402
442.035253
441.958395
442.070084
441.958395
441.957614
441.922506
441.918436
442.030445
442.030462
441.957923
441.922816
441.918745
441.990065
441.958232
441.919760
441.923135
441.955587
441.917976
441.917180
441.920486
441.952854
441.954176
441.915353
442.076517
442.035436
442.073242
441.993529
442.035436
441.995315
441.995318
441.960746
441.960746
442.033522
442.000082
442.000095
441.999762
441.958642
441.993504
441.999776
442.070235
441.956828
441.956530
442.070214
442.033519
442.033215
442.033212
442.070357
442.034589
441.993467
441.992635
441.957383
442.034585
442.070354
441.992174
441.954551
441.952633
441.953642
441.919127
441.989023
441.989453
441.954730
441.990210
442.111779
441.919592
441.919542
441.848379
441.881924
441.884201
441.884748
441.916412
441.846753
441.916411
441.880294
441.850162
441.922260
441.848087
441.881632
441.886107
441.958740
441.919046
441.919350
441.881119
441.916936
441.917489
442.022388
442.022899
441.917499
441.917803
441.915667
441.881077
441.915080
441.918492
441.920370
441.920674
441.918706
441.882421
441.916428
441.989543
441.922569
441.922874
441.917204
441.918515
441.952816
441.953661
441.920226
441.915127
441.953650
441.919647
441.992267
441.995905
442.160337
441.888296
441.956904
441.953338
442.028100
441.954157
442.027947
441.955745
441.956270
441.955264
441.956381
441.992120
442.033484
441.955888
441.991624
442.032992
442.029978
442.063021
441.956060
441.991670
441.957697
442.026636
441.957145
441.992110
441.991463
442.026442
441.990958
442.025656
441.993000
441.956978
441.993191
442.034055
441.993381
441.993086
442.029275
442.028829
441.956393
442.070179
441.994274
441.957394
441.991610
441.990339
441.955551
441.952642
441.921335
441.952275
441.918258
441.989995
441.990226
441.955187
441.955508
441.952568
441.953648
442.022968
441.919339
441.916630
441.953584
441.953359
441.987607
441.955578
441.955582
441.921443
441.990051
441.955438
441.991487
441.988876
441.955389
441.990175
441.990066
441.953835
441.883142
441.917174
441.990203
441.919786
441.917740
441.951743
441.989469
441.917231
442.028826
441.991153
442.068568
441.954222
442.028991
441.992762
441.990125
442.027990
441.919108
441.919919
442.032459
441.954960
441.955754
441.957150
442.025140
441.954735
441.992811
441.920694
442.067481
442.029928
441.920684
441.990337
441.923136
441.955329
441.992480
441.885267
441.885759
441.886519
441.919975
441.919483
441.920735
441.990250
441.957710
442.107985
441.955271
441.921055
441.955271
441.956907
442.068795
442.034256
441.990462
441.956943
441.955216
441.954720
441.955502
441.990891
441.989729
441.955193
441.986078
441.990554
441.956949
441.989978
441.886342
441.920554
441.956659
441.956435
441.920690
441.991277
441.956260
441.920154
441.955538
441.991894
441.955228
441.992659
441.957121
442.028003
441.918331
441.919141
441.954161
441.954966
441.956366
441.954527
441.988745
441.953957
441.992024
441.919906
441.953740
441.918937
441.919916
441.953955
441.922365
442.033949
441.998927
441.884648
442.030333
442.030327
441.995159
441.920088
441.919299
441.956196
441.916455
441.916126
441.916119
441.916608
441.953363
441.953163
441.987879
441.916424
441.917512
441.992155
441.884197
441.882137
441.919621
441.953867
441.883684
441.956490
441.884495
441.955512
441.883502
442.026423
441.916969
441.955195
441.883438
441.883935
441.882955
441.918526
441.955737
441.989382
441.987346
441.880250
441.880265
441.880765
441.952569
441.953526
442.026501
441.953820
441.919010
441.919496
441.917199
442.025058
442.025567
441.920110
441.918841
441.992971
441.885629
441.920370
441.918210
441.957299
441.956307
441.919566
441.919366
441.954108
442.027722
441.958814
441.885533
441.885062
441.955552
441.990782
441.916168
441.954400
441.916644
441.954400
441.885062
441.885072
441.955076
441.990306
441.991266
441.992085
441.992099
441.954459
441.954444
441.955787
441.886708
442.027918
441.956505
442.030240
442.029784
442.065027
442.065041
441.957704
441.922241
441.993122
441.994590
442.031501
441.957130
441.957121
441.953105
441.918559
442.160651
441.996008
441.922026
441.921014
441.996497
441.992405
441.955527
441.993743
442.032147
442.066914
441.958164
441.991606
441.990776
441.991086
441.991579
441.995069
442.033602
441.991644
442.061900
441.991669
442.030875
442.028442
441.920393
442.041115
442.041132
442.072327
441.995886
442.033625
441.996686
442.033112
441.996262
441.997105
441.960039
442.107096
441.956773
442.029353
442.033106
441.991544
441.991277
442.031661
442.029157
441.956252
441.956252
441.997345
441.955990
441.921437
441.883369
441.883087
441.920916
441.884781
441.919366
441.957579
441.956680
442.033209
441.992453
441.956694
441.955153
441.955780
441.992467
441.956287
441.918331
441.918064
441.919144
441.917909
441.917919
441.917643
441.922453
441.954709
441.954417
442.104825
441.953929
441.998857
441.958057
441.994606
441.958543
441.995102
441.958184
441.993835
441.923445
441.994493
441.955900
442.030591
441.995733
441.994799
441.993705
441.995791
441.995782
441.922315
441.922324
441.922018
441.919094
441.884290
441.918737
441.953660
441.887236
441.922935
441.958534
441.996722
441.886463
441.887749
441.956843
441.922774
441.924358
441.959292
441.920579
441.922620
441.961368
441.956836
441.920995
441.957609
441.961622
441.965977
441.963180
441.955219
442.035529
442.075726
442.029727
441.998636
441.997303
442.071258
442.034571
442.031271
442.034617
442.035803
441.957788
441.958631
441.999514
442.076229
442.032219
441.995614
441.960507
442.039016
442.160676
442.032291
442.033913
442.033553
442.069364
442.104485
442.104510
441.964253
441.957820
441.958335
441.957329
442.034105
441.995059
442.003652
442.040382
442.040396
442.033192
442.125773
441.999222
442.039141
442.039137
442.067285
441.958739
442.036727
442.071734
441.953781
442.067205
441.919059
441.918257
442.068988
441.954864
441.957868
441.957714
441.923513
441.957495
441.919995
441.919303
441.994843
441.996133
441.990139
441.921240
441.920319
441.954918
441.954644
441.992249
441.957658
441.956622
441.957980
441.956530
441.957037
441.956032
442.104473
441.959493
441.959645
441.959647
441.885049
442.000314
442.000314
442.000811
442.000825
441.958889
441.954976
441.993724
442.073731
442.073749
442.036719
442.077027
442.042478
442.184790
442.034085
442.034089
442.069097
441.999490
441.999480
441.992627
442.035418
441.957642
442.035404
442.069101
442.034596
442.034599
442.034572
442.034576
442.160130
441.988049
441.881836
441.955483
441.919915
441.882615
441.882301
441.881481
441.847498
442.025894
441.953092
441.952594
441.955742
441.956247
441.955758
441.954712
441.957362
441.992208
441.991375
441.991928
441.955976
441.957270
442.042028
442.038648
442.038648
442.038460
441.815847
441.847774
441.850180
441.849067
441.923589
441.957556
442.030624
442.029352
441.993599
441.993877
441.993612
442.066259
442.027607
442.108480
442.027315
442.064760
442.066241
442.026793
442.069188
442.064742
442.106684
441.992532
442.066625
442.029315
441.956830
441.955854
442.027708
442.028659
442.141826
441.955236
441.992530
441.987971
442.026184
441.954573
441.955548
442.069535
441.956598
441.989698
442.028811
441.955150
442.066118
441.954182
441.991150
441.956570
441.991598
442.063802
442.031124
441.921229
441.991907
442.030167
441.994113
441.959268
441.886337
441.995281
441.994345
441.958011
441.993346
441.990222
442.026831
441.956839
442.026185
441.956661
442.103212
441.920097
442.029027
441.921829
441.990833
441.956045
441.956620
442.069062
441.920192
441.954739
441.994784
441.991888
441.991869
442.065722
441.954129
442.064060
441.957410
441.994535
441.957432
441.993542
441.992593
441.957501
441.993903
441.993124
441.992595
441.993143
442.028220
441.958910
441.960636
441.925531
441.996417
441.924495
441.997451
441.883978
441.961336
441.957040
441.922249
441.991324
441.921316
441.922678
441.922366
441.996296
441.992015
441.920379
441.921392
441.885872
441.922624
441.993128
441.920636
441.955733
441.954887
442.027754
441.919819
441.954918
441.954084
441.994588
441.957809
441.921728
442.028715
441.994994
441.992249
441.919312
441.918461
441.954408
441.917664
441.953574
442.027744
441.993543
442.030867
442.029577
441.958234
441.851654
441.885603
441.920666
441.920195
441.885374
441.918382
441.884877
441.884891
441.918382
441.954693
441.919428
441.918070
441.884353
442.025307
441.920208
441.884063
441.990822
442.029462
441.922023
441.886615
441.957921
441.922233
441.959026
441.919358
441.919659
441.920141
441.849195
441.959121
441.885051
441.848927
441.920048
441.920833
441.817776
441.818550
441.817772
441.816995
441.818550
441.815960
441.885355
441.885370
441.888994
441.961105
441.960635
441.884305
441.850279
441.884294
441.920915
441.921902
441.917800
441.990489
441.920319
441.990780
441.953283
441.956234
441.953279
441.953309
441.917317
441.919835
441.990507
441.920119
441.955721
441.991297
441.921428
441.957845
441.923260
441.956697
441.992617
441.957003
441.888417
441.886842
441.921181
441.921935
441.989609
441.920669
441.990007
441.993407
441.954671
441.920372
441.921467
441.921406
441.887603
441.956075
441.955284
441.991340
441.920419
441.920713
441.920675
441.955996
441.990863
441.922987
441.991224
441.952478
441.953517
441.954053
441.954102
441.952499
441.991229
441.956869
441.956563
441.921738
441.921443
441.920409
441.919893
441.920713
441.991689
442.032568
441.924820
441.992631
441.922436
441.994120
441.995727
441.992696
442.026825
441.992714
441.956736
441.992073
442.026845
441.956202
441.994135
441.998736
442.031704
441.965015
441.997168
441.998570
441.994263
441.920392
441.991844
441.956287
441.992648
441.920665
441.991827
441.993108
441.995961
441.922489
442.033423
442.034247
442.069817
442.001918
442.001730
442.076943
442.079618
442.076947
442.079604
442.033989
441.922589
441.918924
441.920028
441.956423
441.920513
442.026761
441.955313
441.953408
441.922196
441.957949
441.994582
441.953109
441.955505
441.989819
441.919870
441.920202
441.916705
441.923226
441.959106
441.922575
441.954424
441.955233
441.919868
441.920214
441.993585
441.958397
441.993161
441.886511
441.886804
441.995263
441.920394
442.035927
441.994508
441.920061
441.920835
441.920021
441.919998
441.917344
441.917574
441.918636
441.882018
441.996785
441.918596
441.918846
441.918144
441.883773
441.998553
441.919654
442.034987
441.883746
441.997758
441.917048
441.918803
441.919434
441.954560
441.918779
441.951255
441.881388
441.919373
441.919881
441.920006
441.885434
441.919645
441.919645
441.997887
441.919953
441.957669
441.955882
442.071137
441.956371
441.883548
441.919145
441.884948
441.997853
441.955840
441.918103
441.954975
441.916900
441.883093
441.881846
441.917603
441.954028
441.915388
442.070309
441.955553
441.950212
441.919673
441.954788
441.917477
441.990014
441.917213
441.952765
441.951969
441.959359
441.958474
441.993079
442.105289
442.026887
441.991751
442.070078
441.992518
442.030801
442.069241
441.959345
441.958470
441.993065
442.105271
441.992515
441.922805
441.961072
441.921446
441.959712
442.068678
441.956524
441.994791
442.028407
441.994238
442.107529
442.069234
441.922617
441.992839
441.990991
441.990193
442.034205
441.955989
442.030914
441.918934
441.956427
441.920527
441.955320
441.953415
441.998325
441.958575
442.033070
441.922983
441.993302
441.958746
441.995370
441.998176
441.994259
441.994469
442.031852
441.953123
441.956297
441.990610
441.919888
441.990822
441.924019
441.959899
441.922586
441.917998
442.031860
441.956017
441.919878
441.990827
441.994382
441.959197
441.993172
441.992900
441.995801
441.920736
441.918543
441.883723
441.920921
441.918484
441.884735
441.921255
441.921742
441.919815
441.919317
441.917713
441.886065
441.960276
441.922475
441.960280
441.881523
441.776878
442.028741
441.880580
441.882348
441.847024
441.882625
441.811401
441.811119
441.919248
441.882637
441.920345
441.881867
441.848321
441.917717
441.881536
441.916944
441.917407
441.847519
441.880716
441.882965
441.918955
441.881560
441.881355
441.916930
441.847527
441.952369
441.952369
441.881839
441.883736
441.882399
441.918314
441.880241
441.884768
441.810943
441.847615
441.812286
441.848584
441.847305
441.811981
441.882200
441.845512
441.844186
441.845796
441.844998
441.878221
441.847285
441.847264
441.849649
441.848385
441.812255
441.811445
441.810668
441.812739
441.877924
441.920671
441.881898
441.879787
441.879775
441.917748
441.952037
441.919629
441.919629
441.919637
441.919626
441.880637
441.881438
441.957635
441.955519
441.883422
441.917540
441.884296
441.811394
441.884005
441.812292
441.845997
441.849162
441.883993
441.812288
441.958213
441.882707
441.845521
441.845517
441.844678
441.845801
441.845489
441.848369
441.848359
441.850227
441.885072
441.812562
441.812239
441.920328
441.811473
441.813533
441.953081
441.953081
441.847866
441.884257
441.811776
441.883489
441.845009
441.845474
441.845778
441.846276
441.848073
441.849623
441.849415
441.885821
441.812535
441.813032
441.920322
441.812255
441.814316
441.881353
441.880257
441.881033
441.882721
441.881374
441.881354
441.918570
441.919061
441.881624
441.882872
441.882164
441.879619
441.847330
441.848119
441.846832
441.953580
441.918579
441.846050
441.994532
441.845983
441.812291
441.846313
441.846282
441.881805
441.957323
441.882474
441.847373
441.847359
441.881701
441.848202
441.882097
441.882112
441.882070
441.882081
441.957524
441.847411
441.847103
441.811775
441.845773
441.812563
441.846564
441.848684
441.885039
441.883780
441.847894
441.847080
441.847887
441.845965
441.920196
441.881028
441.845769
441.918599
441.880773
441.847579
441.847268
441.880805
441.846481
441.846472
441.846793
442.025801
441.880634
441.881904
441.882414
441.880606
441.881128
441.919795
441.847031
441.847541
441.847241
441.847547
441.846744
441.919284
441.809641
441.845255
441.845242
441.918467
441.844950
441.844950
441.811156
441.845461
441.845981
441.845983
441.846299
441.845159
441.811157
441.810960
441.811754
441.810975
441.844674
441.811951
441.881614
441.882714
441.845760
441.845959
441.844675
441.880013
441.879299
441.880790
441.881066
441.879036
441.879003
441.845466
441.845466
441.958267
441.921261
441.957166
441.812453
441.812258
441.811951
441.846779
441.880816
441.879827
441.992217
441.883215
441.882436
441.849984
441.885897
441.920172
441.847364
441.847061
441.848351
441.813843
441.881589
441.847055
441.848117
441.882957
441.917812
441.846055
441.879624
441.954367
441.848145
441.881902
441.992217
441.881918
441.917763
441.881338
442.029133
441.920128
441.918832
441.847063
441.884030
441.918569
441.918276
441.917786
441.918267
441.953166
441.953176
441.954439
441.954431
441.885578
441.994098
441.813036
441.996049
442.034427
441.958651
441.958654
441.886246
441.921368
441.918529
441.917756
442.004333
441.960428
441.960166
442.029564
442.035422
441.994680
441.925315
441.995688
442.030317
441.997008
442.074699
442.073470
441.994296
442.003302
442.030806
441.997494
441.959703
442.032377
441.954415
441.955917
441.954557
441.951863
441.956121
441.991219
441.919125
441.988757
441.989222
441.988438
441.993529
441.953139
441.953139
441.921996
441.957107
441.953258
441.952480
441.994649
442.025828
441.993262
441.993663
441.953608
441.883682
442.064508
441.990444
441.918551
441.952808
441.988147
441.882127
441.915694
441.882146
441.882161
441.951731
441.914828
441.952251
441.915219
441.916182
441.915189
441.916772
441.882432
441.917179
441.953922
441.917482
441.914843
441.916472
441.917058
441.916946
441.915939
441.952299
441.953581
442.030264
442.027270
441.993017
442.028879
441.921796
441.956911
441.885589
441.918272
441.917514
441.917746
441.916954
441.921189
441.957905
441.920419
441.814649
441.954966
441.920140
441.849190
441.918562
441.955217
441.918832
441.848670
441.953611
441.882725
441.954752
441.848704
441.883245
441.990954
441.953381
441.919901
441.919093
441.884213
441.954172
441.954190
441.917760
441.918051
441.917773
441.955153
441.918752
441.883420
441.918224
441.916992
441.917481
441.917425
441.951718
441.916056
441.917192
441.917763
441.988187
441.917701
441.917129
442.026632
442.060886
441.951481
441.951489
441.987616
441.950955
441.951448
441.953367
441.988901
441.916156
441.951457
441.951750
442.024989
441.917243
441.916930
441.953502
441.886212
441.921313
441.884036
441.917972
441.917171
441.920417
441.882121
441.994105
441.849197
441.920255
441.883733
441.921613
441.884322
441.954425
441.883710
441.916793
441.992548
441.918085
441.918340
442.028880
441.921200
441.987489
441.882719
441.917481
441.954681
441.918245
441.916414
441.915674
441.917250
441.916242
441.957446
441.994888
441.954768
441.849498
441.882166
441.884480
441.884222
441.917449
441.916165
442.024561
441.915346
441.988888
441.953112
441.883185
441.882912
441.916752
441.990317
441.883509
441.919370
441.919842
441.919850
442.025852
441.919059
441.920342
441.955225
441.884029
441.953596
441.954081
441.915129
441.953103
441.881885
441.882142
441.915847
441.916926
441.915387
441.988110
441.882382
441.882397
441.915373
441.951802
441.951315
441.952607
441.914127
441.915444
441.915424
441.918261
441.917774
441.919067
441.987488
441.916016
441.988758
441.914911
441.917596
441.916818
441.918079
441.988901
441.954130
441.953646
441.847424
441.881947
441.881427
441.916420
441.916425
441.953303
441.916150
441.916139
441.987597
441.954089
441.918287
441.916113
441.916405
441.954118
441.882402
441.988901
441.954123
441.882720
441.953795
441.987613
441.954582
441.881885
441.954088
441.954101
441.881879
441.990489
441.954189
441.883732
441.883928
441.882848
441.921177
441.955888
441.919458
441.883779
441.884698
441.997588
441.883743
442.029143
441.883981
441.918773
441.883972
441.883023
441.996070
441.884397
441.885306
441.998214
441.919993
442.027201
441.918088
441.992983
441.883229
441.883459
441.919053
441.918368
441.955379
441.918335
441.884592
441.998906
441.955900
441.884867
441.885789
441.998682
442.105923
441.917509
441.917567
441.918938
441.951044
441.955606
441.918302
441.916997
441.919408
441.955235
441.956413
441.918611
441.956616
441.918814
441.918320
441.951454
441.951353
441.951556
441.988052
441.953025
441.953344
441.990187
441.917423
441.953799
441.988367
442.030457
441.952237
441.918206
441.847579
441.848362
441.884796
441.886608
441.916936
441.917687
441.882654
441.883436
441.917215
441.917471
441.917674
441.882754
441.848982
441.886129
441.882596
441.918484
441.882613
441.849663
441.886810
441.885493
441.917429
441.920600
441.884485
441.917427
441.883803
441.921619
441.993163
441.992354
441.956644
441.992682
442.033573
441.956662
442.070117
441.955553
441.990134
441.919148
441.919419
441.918442
441.885392
441.991412
441.953349
441.917966
441.998875
441.998726
441.955820
441.991880
441.955512
441.881916
441.919122
441.882232
441.953160
441.920418
441.887504
441.992309
441.957689
441.918750
441.916378
441.917665
441.883107
441.887410
441.918988
441.953016
441.918796
441.919308
441.919116
441.954595
441.919025
441.919550
441.918507
441.847312
441.918452
441.880867
441.883426
441.916874
441.882132
441.953057
441.916169
441.917461
441.949909
441.952365
441.914885
441.915865
441.916103
441.881326
441.881826
441.881158
441.881037
441.915576
441.915603
441.916904
441.916575
441.914866
441.882097
441.881415
441.916878
441.847038
441.918779
441.882676
441.951937
441.918583
441.882471
441.918387
441.916011
441.881323
441.882595
441.919323
441.847052
441.881068
441.881300
441.914839
441.883714
441.882927
441.953582
441.916981
441.951017
441.918812
441.881380
441.916956
441.952842
441.918633
441.917437
441.914133
441.915397
441.914325
441.915112
441.915894
441.951300
441.916478
441.951111
441.949160
441.949657
441.916967
441.952078
441.916967
441.952381
441.950488
441.948355
441.951008
441.949997
441.951194
441.950717
441.985539
441.950701
441.950499
441.949997
441.882632
441.880294
441.952411
441.951727
441.951672
441.951540
441.916669
441.883491
441.951758
441.952469
441.951973
441.955470
441.955264
441.918317
441.952339
441.917731
441.953826
441.953344
441.882917
441.881095
441.916954
441.918615
441.883284
441.918422
441.917306
441.951517
441.881868
441.951344
441.915904
441.881402
441.949636
441.950440
441.915899
441.916164
441.953348
441.881876
441.917512
441.915651
441.915363
441.986832
441.916154
441.987615
441.880603
441.914620
441.915666
441.916227
441.915649
441.916020
441.914611
441.915641
441.914592
441.916135
441.915647
441.920636
441.919126
441.918912
441.919130
441.954146
441.918916
441.916855
441.918429
441.885350
441.886441
441.885062
441.885336
441.884588
441.883751
441.846584
441.813043
441.845014
441.811473
441.881399
441.881328
441.915842
441.880034
441.880841
441.882107
441.880575
441.916196
441.813540
441.882674
441.915862
441.952804
441.953304
441.916359
441.916163
441.916653
441.954102
441.917172
441.954096
441.918739
441.914937
441.881429
441.882710
441.916937
441.882517
441.880602
441.916358
441.953315
441.916862
441.953781
441.846312
441.882409
441.916642
441.880821
441.882203
441.879506
441.845965
441.915883
441.915235
441.879994
441.846468
441.882086
441.881419
441.917759
441.918716
441.845451
441.884218
441.884703
441.882382
441.987084
441.880272
441.846269
441.846253
441.846267
441.919571
441.884025
441.955761
441.882596
441.918596
441.883531
441.883705
441.881355
441.916161
441.917433
441.883420
441.915874
441.848344
441.846780
441.881077
441.881366
441.881371
441.885126
441.955238
441.884633
441.884139
441.883266
441.882769
441.881409
441.916411
441.916909
441.917988
441.955558
441.880316
441.880293
441.919365
441.917433
441.881369
441.882137
441.917498
441.953318
441.954109
441.918794
441.919063
441.882112
441.880520
441.918797
441.882175
441.919593
441.916441
441.954703
441.950462
441.916158
441.954690
441.951720
441.917430
441.915674
441.881885
441.880317
441.953033
441.916921
441.951929
441.951713
441.951190
441.917471
441.919386
441.881054
441.883707
441.881856
441.883923
441.848424
441.883786
441.883775
441.916427
441.916216
441.915159
441.955194
441.916416
441.916160
441.881946
441.916451
441.990504
441.955448
441.953946
441.953271
441.955262
441.953968
441.988972
441.953764
441.918085
441.918275
441.918075
441.989174
441.989681
441.918298
441.919614
441.919417
441.920622
441.919918
441.919717
441.992596
441.919308
441.919908
441.954142
441.953327
441.919707
441.919115
441.919667
441.920757
441.918023
441.952333
441.919390
441.919911
441.918007
441.918553
441.951471
441.883411
441.951943
441.919657
441.953311
441.920118
441.916740
441.916951
441.917438
441.953022
441.952826
441.989652
441.985490
441.950963
441.919380
441.954608
441.882708
441.883993
441.954894
441.881045
441.881847
441.953830
441.882411
441.883214
441.882546
441.954130
441.918277
441.919054
441.917200
441.989429
441.883786
441.881087
441.989232
442.060829
442.060823
441.951485
441.951818
441.880286
441.881073
441.953067
441.915628
441.880336
441.990295
441.880658
441.915639
441.918604
441.918303
441.954444
441.955217
441.954195
441.884876
441.955534
441.956321
441.949626
441.915908
441.915610
441.881097
441.949646
441.914607
441.916138
441.987615
441.915383
441.916720
441.915102
441.916136
441.949403
441.916513
441.915702
441.990015
441.990015
441.883292
441.953679
441.917805
441.917423
441.882899
441.952029
441.882915
441.917421
442.023967
441.951188
441.949679
442.023980
441.950490
441.951985
441.952883
441.914943
441.948464
441.951786
441.950462
441.952268
441.953186
441.917273
441.951982
441.949139
441.953257
441.951800
441.990226
441.951193
441.990226
441.951189
441.951983
441.951992
441.883512
441.953898
441.952566
441.953352
441.918026
441.947280
441.881879
441.916702
441.916406
441.916482
441.915649
441.916406
441.917915
442.062533
441.917857
441.917614
441.881575
441.916007
441.883017
441.883333
441.880582
441.883296
441.880582
441.883498
441.953681
441.954454
441.884001
441.847892
441.884000
441.881896
441.882416
441.883780
441.954887
441.813899
441.884074
441.885174
441.848422
441.884515
441.882946
441.883783
441.884295
441.882932
441.881341
441.880584
441.916685
441.881335
441.914143
441.881820
441.915625
441.916909
441.917464
441.916776
441.881311
441.881311
441.918308
441.918609
441.916941
441.916176
441.917499
441.917799
441.915951
441.916958
441.914611
441.880580
441.954430
441.955220
441.953712
441.916679
441.917474
442.022442
441.917513
441.917803
441.915954
441.916996
441.914604
441.915904
441.881391
441.917226
441.917008
441.879795
441.880774
441.881561
441.882943
441.884208
441.919545
441.920351
441.883988
441.919849
441.918001
441.917857
441.918089
441.918394
441.883498
441.954153
441.954939
441.882661
441.952840
441.953613
441.918974
441.954554
441.883148
441.882086
441.880521
441.881597
441.883462
441.915150
441.881624
441.914830
441.916899
441.917479
441.882116
441.916634
441.880207
441.881300
441.846785
441.954035
441.918482
441.952499
441.953515
441.954352
441.915862
441.881831
441.955114
441.951202
441.917643
441.954873
441.918275
441.952291
441.914828
441.915144
441.881598
441.954912
441.916693
441.880331
441.914048
441.917267
441.880748
441.954451
441.918357
441.914861
441.914856
441.848103
441.848880
441.847011
441.845766
441.812225
441.847837
441.916121
441.954452
441.916031
441.882485
441.954445
441.916125
441.954250
441.880579
441.914852
441.880598
441.847058
441.883919
441.882341
441.847038
441.951522
441.917963
441.954636
441.882677
441.881059
441.847043
441.957233
441.956762
441.846803
441.846803
441.917157
441.847585
441.847124
441.916696
441.915587
441.914870
441.881520
441.918459
441.880743
441.880190
441.915547
441.990091
441.882008
441.880128
441.880129
441.881442
441.956571
441.956560
441.918923
441.881113
441.990081
441.881918
441.847132
441.847593
441.917476
441.879771
441.878996
441.951340
441.951341
441.916821
441.917303
441.917285
441.880595
441.880589
441.987341
441.880564
441.880596
441.880603
441.987337
441.879786
441.882116
441.881635
441.880946
441.847901
441.881623
441.847914
441.881435
441.917016
441.879308
441.880077
441.848397
441.848397
441.917497
441.920200
441.886660
441.920685
441.880591
441.918023
441.879784
441.881079
441.914178
441.880644
441.914026
441.881120
441.914635
441.915144
441.946312
441.914372
441.915136
441.986560
441.917483
441.918055
441.953315
441.920133
441.919915
441.882101
441.881302
441.882578
441.917480
441.917961
441.916976
441.916511
441.885008
441.885008
441.953044
441.950179
441.917486
441.915823
441.915361
441.847048
441.880602
441.847080
441.880830
441.880039
441.881631
441.844980
441.844653
441.878983
441.844960
441.917486
441.988690
441.917309
441.917414
441.917435
441.913536
441.916449
441.914344
441.883425
441.882968
441.914339
441.914335
441.916468
441.951021
441.916435
441.882958
441.882962
441.915067
441.950447
441.915176
441.913559
441.916949
441.916487
441.914344
441.880169
441.916020
441.914352
441.916448
441.914186
441.952080
441.917781
441.918085
441.915247
441.952072
441.916185
441.882664
441.882203
441.916721
441.847586
441.847111
441.951828
441.881651
441.915640
441.916155
441.883419
441.882962
441.916944
441.916478
441.952551
441.950966
441.881116
441.916953
441.915129
441.880018
441.950435
441.950446
441.916605
441.916625
441.951507
441.950447
441.949911
441.881613
441.881127
441.912492
441.913289
441.912807
441.948330
441.912010
441.948339
441.913293
441.880816
441.880575
441.915830
441.914595
441.880537
441.880815
441.845797
441.878993
441.879799
441.879776
441.913310
441.879001
441.950670
441.916740
441.917997
441.880520
441.845783
441.881288
441.881293
441.879785
441.879770
441.879313
441.879780
441.879312
441.878176
441.878488
441.913322
441.913786
441.913796
441.914591
441.915083
441.914601
441.881136
441.881611
441.913281
441.915131
441.912994
441.914680
441.913715
441.950697
441.883730
441.883864
441.883725
441.884807
441.884797
441.956767
441.918799
441.847883
441.883739
441.956291
441.883837
441.917838
441.918346
441.917851
441.918808
441.881886
441.992422
441.989109
441.989076
441.886166
441.921695
441.920375
442.034490
441.955712
441.954970
441.992111
441.883229
441.997261
441.917285
441.882481
441.881689
441.996506
441.918375
441.993873
441.918828
441.883983
441.812261
441.845834
441.957823
442.107402
441.883265
441.998084
441.883002
441.882995
441.997813
441.846493
441.885120
441.922419
441.918018
441.992814
441.848083
441.920224
441.917683
441.883821
441.920268
441.881572
441.952836
441.987094
441.915604
441.916935
441.847548
441.918821
441.953075
441.916600
441.952513
441.953026
441.881594
441.954995
441.919414
441.884084
442.033179
441.919103
441.950649
441.884631
441.920228
441.918889
441.884118
442.032414
441.990401
441.991238
441.953681
441.920182
441.955698
441.954663
442.068481
441.956388
441.882391
441.919633
441.884473
441.956088
441.918628
441.883484
441.954248
441.917521
441.956302
441.883560
441.918351
441.953371
442.032672
441.991437
441.955479
441.918580
441.919347
441.954872
441.953838
442.067653
441.954210
441.955291
441.883982
441.918529
441.918261
441.882138
441.886697
441.885918
441.848083
441.957453
441.993335
441.886070
441.922582
441.920910
441.814331
441.959350
441.992980
441.953410
441.956873
441.884781
441.920442
441.921181
441.813831
441.847404
441.883808
441.917990
441.992287
441.882209
441.883758
441.850221
441.955479
441.849448
441.882195
441.882643
441.848623
441.954697
441.956260
441.881878
441.882379
441.955502
441.882139
441.987590
441.880322
441.881611
441.881860
441.882951
441.914326
441.915611
441.846508
441.848095
441.920228
441.882909
441.955042
441.916950
442.030439
441.882136
441.953359
441.921018
441.884841
441.918361
441.953377
442.033943
441.920753
441.919847
441.917176
441.918763
441.957284
441.992424
441.988826
441.952809
441.952518
441.952496
441.954847
441.953272
441.987275
442.024661
442.025773
441.957385
441.918757
441.886691
441.848085
441.849398
441.885394
441.920572
441.916225
441.922052
441.883486
441.886374
441.921485
441.884198
441.916934
441.881568
441.918278
441.881871
441.959756
441.884480
441.882879
441.887413
441.853268
442.001004
441.887483
441.922655
441.918297
441.922563
441.957671
441.885558
442.026588
441.847010
441.882900
441.846255
441.848328
441.847661
441.954051
441.879781
441.919502
441.919517
441.921575
441.921565
441.884811
441.885554
442.066829
442.106458
442.025271
441.955133
441.919233
442.025262
441.952471
441.958174
441.883716
441.995450
442.027985
441.992279
441.880798
441.881872
441.954433
441.919603
441.918484
441.915650
441.880595
441.915397
441.882114
441.915620
441.881337
441.881611
441.916882
441.882635
441.882899
441.881851
441.882130
441.879498
441.880571
441.953314
441.918769
441.918270
441.881626
441.846572
441.846811
441.881307
441.847595
441.847569
441.882871
441.848426
441.848907
441.848871
441.956778
441.958940
441.958287
441.957576
441.958289
441.956646
441.922429
441.993296
441.954696
441.990455
441.955457
442.068873
441.956259
441.955812
441.992802
442.070148
441.956069
441.956312
442.068867
441.920544
441.956165
441.921948
441.993282
441.990445
441.956249
441.955330
442.032227
442.028095
442.028084
441.954308
441.953530
441.992562
441.957451
441.955032
441.920816
441.992792
442.070148
441.956069
441.956323
441.920548
441.998010
441.955503
441.918299
441.919127
441.884912
441.885880
441.851665
441.994465
441.993319
441.955387
441.956685
441.955051
441.996881
441.920722
441.886490
441.991656
442.034501
441.919907
441.919891
441.921806
441.963636
441.992428
441.920127
441.996003
441.921754
441.887538
441.952118
442.030387
441.952615
441.989343
441.952162
441.996824
442.030876
441.918638
441.951202
441.953913
441.953142
441.955539
441.886494
441.993316
441.992460
441.955380
441.956171
441.920011
441.953530
441.989006
441.920011
442.062294
442.102852
441.989789
441.989784
441.953526
441.989016
441.955835
441.955796
441.956316
441.959909
441.919938
441.920751
441.921972
441.921941
442.034180
441.850527
441.848083
441.963576
441.886658
441.885088
441.993174
441.956354
441.953130
441.955269
441.953123
441.919637
442.027286
441.952402
441.918351
442.027521
441.951895
441.958214
441.922973
441.885085
441.956986
442.023743
441.919213
441.918807
441.919126
441.918808
441.992424
441.887876
441.994941
441.991004
441.886456
441.958938
441.960054
441.958286
441.958961
441.884237
441.958280
441.917514
441.918330
441.920828
441.957601
441.915373
441.953569
441.882648
442.028754
441.919216
441.918917
441.919227
441.953095
441.916495
441.914826
442.030808
441.916154
441.955020
441.953090
441.916164
441.956425
441.997930
442.026063
441.992847
441.952074
441.952890
442.067538
441.955368
441.956909
441.998415
441.957192
441.954177
441.955433
441.883962
441.880516
441.882916
441.883268
441.882372
441.997564
441.990356
441.951518
441.919463
441.990823
441.955605
441.919944
441.918291
441.954648
441.955450
441.883196
441.882911
441.952364
441.916155
441.917215
441.953373
441.882892
441.848605
441.882138
441.883132
441.916190
441.923001
441.919308
441.954270
441.915707
441.916521
441.918802
441.882426
441.882605
441.953172
441.881832
442.028908
442.028938
441.920454
441.920235
441.958230
441.957771
441.958729
441.884530
441.917278
441.921264
441.921795
441.883775
441.882973
441.922819
441.885617
441.958817
441.921349
441.921303
441.923331
441.919589
441.920856
441.847284
441.848632
441.848378
441.886620
441.960068
441.922593
441.957344
441.999661
441.956058
441.998353
441.920998
441.918831
441.918855
441.918364
441.952342
441.919325
441.919350
441.918872
441.889746
441.886105
441.886120
441.885282
441.954543
441.991456
441.919934
441.954170
442.032958
441.955766
441.917859
441.883040
441.953639
441.952406
441.918308
441.917524
441.915872
442.031827
441.954414
441.955552
442.032292
441.990797
441.920539
441.954772
442.032292
441.954647
441.956243
441.993402
441.955944
441.918840
441.918830
442.032343
441.885955
441.919191
441.954956
441.991652
441.919637
441.953887
442.032707
441.954981
442.030246
441.992777
441.956973
441.998949
441.922296
441.992177
442.033692
441.993387
441.953399
441.954198
441.955939
441.991297
441.920543
441.954775
442.032778
441.955119
441.956715
441.992677
441.920156
442.033718
441.993913
441.956455
441.919951
441.954154
441.953174
441.919655
441.955170
441.954626
442.067957
441.953881
441.953898
441.954963
442.030228
441.992760
441.883491
441.954157
441.918323
441.953349
441.917510
441.950663
442.032305
441.918817
441.953860
442.033608
441.920174
442.068474
441.953887
441.953917
441.846788
441.917454
441.917954
441.916659
441.883972
441.919081
441.845495
441.812252
441.846000
441.919590
441.812757
441.992768
442.033147
442.033958
441.952404
441.955756
441.952423
441.955742
441.847048
441.846767
442.028940
442.029427
441.993382
441.993838
441.950681
441.915352
441.951175
441.951168
441.881810
441.956043
441.883523
441.988122
441.916143
441.882584
441.956557
441.882971
441.918541
441.849233
441.992498
441.919586
441.847854
441.919119
441.846533
441.847331
441.847869
441.952558
442.029747
442.030217
441.919593
441.884758
441.919602
441.885273
441.992483
441.919295
441.848054
442.025878
441.917501
441.918261
441.918771
441.918253
441.917975
441.917473
441.956235
441.956231
442.028923
442.063149
442.030207
441.955472
441.954674
442.064447
441.992468
441.920356
441.920356
441.847552
441.814295
441.992465
441.918779
441.880991
441.919567
441.845989
441.812728
441.953419
441.953914
441.992965
441.992467
441.991986
441.919574
441.919565
441.846782
441.813525
441.991680
441.845678
441.919258
441.918477
441.812421
442.066731
441.993294
441.918044
441.918034
441.776720
441.810164
441.952547
441.955351
441.953864
441.958188
441.954406
441.955357
441.958188
441.952540
441.956624
441.955686
441.956626
441.918852
441.918842
442.032238
441.994381
441.957613
441.958768
441.919892
441.919397
441.882958
441.882971
441.883265
441.883243
441.956020
441.955727
441.955428
442.028655
441.919901
441.919896
441.848140
441.920421
441.920891
441.953979
441.882893
441.883685
441.884653
441.955257
441.884175
441.882457
441.883406
441.954465
442.029125
441.849221
441.849212
442.028091
441.956269
441.922323
441.995422
441.991862
441.957928
442.029300
442.030220
441.959786
441.849758
441.882454
441.883240
441.959781
441.849734
441.882706
441.883036
441.883527
441.848777
441.848763
441.918695
441.883056
441.883528
441.884006
441.884015
441.882717
441.845820
441.812297
441.813070
441.846586
441.846593
441.813074
441.813847
441.847367
441.886337
441.884800
441.887124
441.885574
441.846776
441.846791
441.919930
441.846758
441.920397
441.882989
441.993015
441.882212
441.883493
441.846014
441.846805
441.846338
441.919132
441.846109
441.919585
441.847350
441.882162
441.992202
441.881388
441.882680
441.879289
441.879328
441.880579
441.879800
441.880347
441.916449
441.917590
441.881431
441.881631
441.953026
441.916185
441.915707
441.953527
441.813541
441.813808
441.813039
441.884599
441.885130
441.885434
441.885871
441.885083
441.959547
441.953341
441.992185
441.956966
441.953874
441.921293
441.992179
441.922311
441.957421
441.992680
441.957448
441.994349
441.885048
441.993015
441.993869
441.882517
441.883782
441.953647
441.847621
441.881362
441.952898
441.952908
441.993318
441.883256
441.883756
441.885307
441.920667
441.848342
441.885601
441.919336
441.919636
441.919626
441.992309
441.994477
442.068792
441.919690
442.027441
441.954709
441.921281
441.917411
441.883437
441.885681
441.881832
441.954484
441.956075
441.884242
441.954919
441.917487
441.918793
441.919943
441.883447
441.922080
441.884734
441.882647
441.993108
441.776609
441.881608
441.915129
441.953511
441.953799
441.953187
441.952478
441.918738
441.918555
441.989487
441.885628
441.919595
441.993132
441.992970
441.884495
441.884296
441.921220
441.882889
441.883394
441.883675
441.776889
441.880792
441.880796
441.809574
441.881313
441.810028
441.810672
442.030208
441.993714
441.955461
441.920924
441.998241
442.069878
441.923468
441.922586
441.957183
441.957116
441.920116
441.920116
441.989636
441.992052
442.029015
441.956411
441.993175
441.993196
442.030313
442.033214
442.038469
442.038473
441.922135
441.994367
441.921336
441.924776
441.922131
441.999424
441.965199
442.035625
442.035615
441.924500
442.029190
442.029118
442.071149
442.071637
442.032518
442.033457
442.035918
441.954107
441.954618
441.920876
441.918818
441.918818
442.027446
441.920071
441.886813
441.993398
441.955025
441.955030
441.915858
441.882615
441.952524
441.881082
441.952347
441.989430
441.952747
441.954392
441.949698
441.916451
441.954681
441.950980
441.986761
441.949124
441.953319
442.025296
441.917979
441.951996
441.916717
441.881091
441.914618
441.881374
441.954082
441.883474
441.991050
441.918763
441.952783
441.881377
441.914627
441.914617
441.914899
441.915627
441.915600
442.023679
441.915385
441.916900
441.953634
441.951764
441.881381
441.915383
441.916139
441.882899
441.953776
441.881379
441.952994
441.988938
441.916524
441.883281
441.916910
441.990854
442.063857
441.915628
441.881379
441.918249
441.989663
441.915930
441.953904
441.915099
441.881860
441.915379
441.953040
441.987925
442.063801
442.104819
441.955772
441.989810
441.988647
441.954970
441.989018
441.991949
441.956445
441.917211
441.920332
441.883690
441.920163
441.990784
441.914499
441.915103
441.916723
441.881578
441.916540
441.915626
441.918741
441.882105
441.918563
441.915944
441.919847
441.882423
441.920150
441.953626
441.954108
441.953314
441.886827
441.918718
441.920863
441.919585
441.955164
441.954976
441.916402
441.953879
441.880554
441.880588
441.953874
441.920353
441.920353
441.988400
441.882050
441.915393
441.881867
441.955444
441.883486
441.921199
441.955275
441.883304
441.881874
441.881893
441.916957
441.921020
441.994039
441.914836
441.915046
441.881803
441.913827
441.880291
441.988649
441.953048
441.951007
441.917746
441.953261
441.915448
441.919857
441.881926
441.918308
441.920171
441.989504
441.953508
441.921128
441.883700
441.990806
441.917524
441.881592
441.917824
441.988908
441.881881
441.987905
441.917221
441.915118
441.915407
441.913309
441.914926
441.916695
441.987429
441.990263
441.884288
442.026567
441.989003
441.955547
441.954379
441.953908
441.988422
441.919277
441.915678
441.918000
441.882441
441.915402
441.915103
441.953697
441.990576
441.921442
441.884587
441.916704
441.955851
442.027602
441.881112
441.883212
441.847601
441.883033
441.880822
441.883709
441.847311
441.881852
441.884013
441.958180
441.886611
442.033140
441.919830
441.884305
441.999907
441.851086
441.958909
441.994611
441.959944
441.959024
441.995516
442.111383
441.995033
441.995407
442.035810
441.960256
441.995976
441.996816
442.037870
441.999065
441.960529
442.038855
441.846546
441.847334
441.845760
441.845005
441.882478
441.847816
441.954655
441.883468
441.882667
441.991411
441.991282
441.881201
441.881997
441.991394
441.917719
441.953814
441.918120
441.917722
441.953810
441.990019
441.953672
441.953460
441.990793
441.881882
441.847549
441.882678
441.849122
442.031493
441.848829
441.884003
441.886070
441.885573
441.882122
441.849981
441.883720
441.882716
441.955480
441.954685
441.884508
441.920928
441.916937
441.951176
441.953009
441.951205
441.951923
441.881094
441.882664
441.883172
441.883352
441.990711
441.954345
441.991485
441.881122
441.847587
441.881137
441.883231
441.883231
441.847601
441.915676
441.915387
441.915663
441.915677
441.916469
441.914142
441.914650
441.915162
441.883206
441.917734
441.952111
441.952528
441.882708
441.881906
441.846556
441.953906
441.916382
441.880600
441.847869
441.954422
441.916098
441.882395
441.881091
441.915155
441.915494
442.024033
441.915141
441.915965
441.915945
441.952549
441.918224
441.918526
441.953328
441.916463
441.953040
441.846772
441.917767
441.918541
441.919028
441.953536
441.916468
441.917286
441.916441
441.917754
441.917843
441.917828
441.916494
441.950773
441.916465
441.950752
441.812765
441.883959
441.919806
441.919364
441.916407
441.916425
441.954329
441.847284
441.953883
441.812284
441.882708
441.846288
441.846804
441.951752
441.951756
441.915951
441.915951
441.916974
441.918271
441.917775
441.914116
441.879296
441.881074
441.915402
441.880084
441.881563
441.879809
441.882505
441.879809
441.914126
441.880332
441.880611
441.988673
441.881088
441.915398
441.879325
441.952346
441.918308
441.918323
441.957932
441.883457
441.881359
441.882499
441.881373
441.883754
441.990000
441.884035
441.916740
441.881009
441.882571
441.880988
441.916899
441.882700
441.847089
441.915791
441.916462
441.914887
441.881605
441.882096
441.881644
441.952553
441.918204
441.915638
441.917994
441.881099
441.917190
441.914830
441.914804
441.915142
441.917475
441.916970
441.917981
441.915156
441.882219
441.846031
441.846524
441.846017
441.847089
441.881675
441.879483
441.881847
441.953859
441.988889
441.916513
441.916708
441.915148
441.879001
441.879280
441.880612
441.914825
441.914163
441.917327
441.917509
441.879259
441.881888
441.918525
441.883157
441.844902
441.846786
441.914678
441.881946
441.914696
441.917266
441.882442
441.917252
441.881617
441.881613
441.916425
441.918257
441.918763
441.916438
441.954674
441.847057
441.883649
441.846796
441.913553
441.950171
441.950195
441.913559
441.952522
441.953053
441.987070
441.913815
441.913019
441.879791
441.879482
441.916731
441.878693
441.915973
441.951301
441.915158
441.951273
441.916459
441.881142
441.879012
441.880337
441.913315
441.915438
441.917054
441.880287
441.880626
441.987872
441.880582
441.878699
441.883773
441.994583
441.883768
441.885069
441.920583
441.955780
441.954934
441.954930
441.953639
441.846793
441.880021
441.993685
441.884801
441.918039
441.918521
441.917724
442.029398
441.953621
441.846772
441.880000
442.029861
441.989392
441.989388
442.066519
441.918802
441.918006
441.996140
441.919091
441.812242
441.845471
441.847512
441.920710
441.919414
441.958030
441.957664
441.919012
441.884424
441.848597
441.884452
441.881846
441.882860
441.918305
441.955632
441.846231
441.846523
441.847859
441.883151
441.881108
441.918828
441.882899
441.883932
441.849681
441.920893
441.882934
441.849669
441.884504
441.880846
441.880046
441.918057
441.880071
441.846832
441.883161
441.812447
441.811645
441.811941
441.813234
441.958952
441.814098
441.815368
441.813322
441.881587
441.919413
441.959443
441.815092
441.880275
441.883986
441.952804
441.952805
441.958183
441.880842
441.811007
441.813050
441.879762
441.881344
441.989809
441.881698
441.917446
441.881358
441.882170
441.815638
441.815120
441.812750
441.812712
441.848338
441.813519
441.814811
441.847014
441.847310
441.847060
441.959609
441.956759
441.885434
441.852188
441.956962
441.993173
441.918858
441.885128
441.919091
441.885680
442.066144
441.995365
441.814615
441.814343
441.922777
441.956284
441.957510
441.957592
441.994298
441.992419
441.993498
442.026829
441.991056
441.920902
441.847582
441.848092
441.954374
441.953848
441.961017
441.959920
441.958626
441.885424
441.852178
441.919334
442.026086
441.952392
441.919363
441.919366
441.952881
441.922219
441.922734
441.922218
442.141574
441.958835
441.957547
441.957580
441.918232
441.918232
441.880820
441.880008
441.880305
441.953007
441.953008
441.992590
441.883982
441.882386
441.918720
441.918719
441.848664
441.994462
442.027833
441.886400
441.921138
441.993118
441.881075
441.954412
441.881601
441.914619
441.917227
441.882598
441.883931
441.955180
441.882965
441.916138
441.883208
441.882242
441.953265
442.062185
441.953305
441.953791
441.881918
441.919676
441.954414
441.953879
441.954201
441.988950
441.954172
442.026958
442.061697
442.103737
441.986732
441.989209
441.987553
441.988202
441.989079
442.064227
441.882914
442.024999
442.026285
441.886346
441.957488
441.921750
442.027132
441.919614
441.953664
441.953162
441.953947
441.953947
441.885375
441.956502
441.884355
441.885045
441.956958
441.916999
441.917743
441.881917
441.919843
441.920147
441.917936
441.917998
441.917670
441.951839
441.915917
441.918324
441.952851
441.952331
441.953875
441.885984
441.990522
441.954293
441.886284
441.990821
441.884926
441.882440
441.920385
441.920689
441.919276
441.918529
441.919494
441.916439
441.885599
441.957694
441.885808
441.958202
441.919101
441.953638
442.061744
441.954075
441.953831
441.953104
441.953320
441.918074
442.030184
441.919366
441.919621
441.954064
441.988082
441.954175
442.026962
442.061704
441.989893
441.989198
441.988216
442.066018
441.885574
441.958150
441.922029
442.027144
441.918262
441.917990
442.029403
441.917031
441.988496
441.954227
441.917528
441.990257
441.918359
441.919620
441.919133
441.882224
441.880281
441.880785
441.987844
441.915478
442.023258
442.025029
441.916474
442.026786
441.881289
442.029355
442.030732
441.885002
441.884438
441.918485
441.882126
441.917963
441.916953
441.989118
441.917503
441.881300
441.881316
441.885568
441.957478
441.885674
441.920067
441.990215
441.918840
441.953362
441.952850
441.917241
441.882586
441.883934
441.954370
441.916134
441.881090
441.954928
441.914634
441.917976
441.918529
441.917560
441.916439
441.882895
441.988961
441.883208
442.028025
441.954280
441.918463
441.953286
441.882882
441.990471
441.916381
441.916917
441.880289
441.880789
441.881293
442.029340
441.846402
441.847516
441.848303
441.847496
441.849110
441.847520
441.920369
441.883714
442.026582
441.919835
441.921999
441.921681
441.882114
441.918522
441.920385
441.920081
441.914519
441.915133
441.881588
441.916639
441.916628
441.920111
441.919835
441.956045
441.915899
441.881892
441.916941
441.916629
441.886411
441.919534
441.922030
441.921244
441.919026
441.920412
441.886127
441.919002
441.953813
441.953798
441.954304
441.846832
441.846833
441.885441
441.919128
441.919931
441.918571
441.882664
441.918760
441.916682
441.916964
441.884829
441.955220
441.884525
441.955721
441.918052
441.950959
441.916945
441.918255
441.847603
441.847574
441.885936
441.886707
441.920759
441.922041
441.918848
441.849152
441.992879
441.920447
441.848128
441.850462
441.850199
441.956677
441.957469
441.955751
441.885516
441.812231
441.886323
441.813036
441.846819
441.885069
441.812558
441.847605
441.958415
441.952384
441.918833
441.952883
441.885574
441.887837
441.958003
441.885313
441.922039
441.918546
441.956132
441.955696
441.994721
441.958989
441.956120
441.956315
441.991351
441.955823
441.990855
441.882968
441.993072
442.032545
441.920130
441.920133
441.848654
441.849150
441.847876
441.849662
441.993516
441.993536
441.992219
442.028605
441.993042
441.881689
441.848388
441.994357
441.882361
441.952566
441.845995
441.847289
441.846794
441.847780
441.847888
441.848874
441.814634
441.815718
441.816712
441.885449
441.885665
441.886034
441.886342
441.887680
441.922502
441.884001
441.921447
441.849973
441.886349
441.849199
441.992809
441.961209
441.957207
441.881938
441.957473
441.881935
441.920496
441.955546
441.884058
441.884347
441.921257
441.920333
441.919858
441.920630
441.921738
441.992195
441.955758
441.881589
441.881613
441.955281
441.956912
441.919447
441.918388
441.919735
441.881310
441.881026
441.846283
441.880806
441.879493
441.915202
441.987610
441.915411
441.880817
441.921234
441.915858
441.916354
441.915323
441.951839
441.951537
441.915999
441.952319
441.950672
441.881635
441.881620
441.921229
441.955742
442.027415
441.916687
441.953102
442.026655
441.917470
441.953112
441.884280
441.991004
441.991004
441.915972
441.991006
441.951950
441.990233
441.951975
441.953895
441.846762
441.881552
441.881872
441.846782
441.954881
441.882667
441.920449
441.881822
441.881841
441.917991
441.990433
441.954993
441.994829
441.918022
441.881991
441.918804
441.916642
441.916680
441.953315
441.954103
441.953965
441.953322
441.954106
441.954432
441.992008
441.953438
442.026466
441.920987
441.956023
441.956602
442.028937
441.919123
441.990945
441.918080
441.919412
441.921523
441.916378
441.884344
441.919729
441.919416
441.917152
441.917467
441.917176
441.916174
441.992094
441.918336
441.883518
442.032342
441.921009
442.033163
441.952076
441.917528
441.918689
441.884354
442.031883
441.917399
441.884351
441.990709
441.954675
441.955599
441.920560
441.954712
442.067576
442.068385
441.991518
441.955068
442.030233
441.992771
441.955170
441.919645
442.067948
441.953188
441.954626
441.919955
441.990696
441.955589
441.920549
442.068358
441.991504
441.955044
441.993914
441.955968
441.883964
441.954964
441.955449
441.954124
441.884209
441.957013
441.998989
442.027355
441.992110
441.953711
441.952912
441.992398
441.917452
441.919141
441.919132
441.988836
442.024887
441.955060
441.954498
442.030341
441.916970
441.995259
441.956079
441.918604
441.997598
441.991658
441.956915
442.068839
442.034086
441.954922
441.882414
441.954196
441.954676
441.883425
442.029050
441.956365
441.989891
442.031389
441.989078
442.030590
441.951818
441.954250
441.957485
442.070049
441.954232
441.991114
442.032119
441.991564
441.920775
442.032587
441.918718
441.918220
441.916986
441.878996
441.918269
441.880603
441.952009
441.952712
441.951195
441.882120
441.915661
441.952545
441.914623
441.881092
441.882120
441.915675
441.953803
441.915108
441.954699
441.955181
441.954681
441.952343
441.952358
441.884315
441.921442
441.958137
441.847377
441.956279
441.847407
441.989839
441.990296
441.882731
441.882237
441.920257
441.918546
442.064439
441.916461
441.954495
441.917742
441.917734
441.915440
441.916733
441.987463
441.954963
441.987931
441.954952
441.987910
441.988376
441.987104
441.988390
441.915923
441.987114
441.956052
442.024785
441.955208
441.990777
441.917150
441.918285
441.954711
441.952538
441.918870
441.918588
441.953871
441.989440
441.917926
441.954691
441.953304
441.988997
441.954619
441.954081
441.989416
441.956862
441.990318
441.953703
442.023774
441.915941
441.917467
441.918753
441.880661
441.881632
442.025012
441.953167
441.847589
441.882133
441.953959
441.882901
441.882639
441.847892
441.881941
441.916000
441.917004
442.026527
441.915709
441.949136
441.950422
441.953856
441.880617
441.914647
441.953990
441.919866
441.848398
441.882433
441.917962
441.990855
441.919279
441.881624
441.880808
441.881097
441.988394
441.987399
441.914071
441.987870
441.987874
441.954450
441.882893
441.882402
441.953969
441.915359
441.914086
441.916433
441.915926
441.916904
441.917699
441.916916
441.987957
441.917697
441.915938
441.917686
441.916415
441.916113
441.987943
442.064421
441.952841
441.952851
441.881907
441.916382
441.917626
441.917169
441.917942
442.031335
442.032625
441.917960
441.918734
441.917157
441.917459
441.954360
441.953579
441.952263
441.881258
441.952750
441.952290
441.953084
441.952297
441.882123
441.880816
441.915075
441.915368
441.952780
441.952567
441.881579
441.953059
442.025034
442.024559
441.990810
441.915104
441.880279
441.880299
441.951796
441.918027
441.881065
441.883431
441.953097
441.919324
441.848886
441.881823
441.951501
441.917728
441.847292
441.953067
441.989394
441.919308
441.991296
441.881059
441.881366
441.953353
441.989662
441.917705
441.916136
441.881608
441.919123
441.991704
441.881099
441.918593
441.919391
441.878992
441.918839
441.918843
442.030433
441.846307
441.954439
441.846321
441.955701
441.846295
441.846309
441.846803
441.846817
441.846332
441.847616
441.919620
441.919630
441.994611
441.921201
441.994607
441.994585
441.917573
441.918560
441.953626
441.920622
441.920157
441.952800
441.919014
441.918556
441.882394
441.883978
441.954685
441.916933
441.921727
441.988778
441.990548
442.067197
441.956375
441.990076
441.955875
442.026133
442.027440
441.954860
441.951809
441.916776
441.989280
441.917820
442.030789
441.914839
441.918584
441.917026
441.990254
441.916713
441.918293
442.067996
441.917291
441.918094
441.921632
441.956176
441.918672
441.884338
441.884321
441.953943
441.919742
441.917854
441.955220
441.919119
441.884301
441.954400
441.920189
441.957949
442.030014
442.030016
441.989614
441.883652
441.916146
441.954641
441.953825
441.882902
441.918477
441.918339
441.918330
442.024085
441.954255
441.951630
441.952423
441.918223
442.028436
441.994954
441.918594
441.920159
441.952297
441.956078
441.953956
441.957972
441.959695
441.921749
442.071033
441.992073
441.953942
441.991568
441.920778
441.951998
441.953311
441.954792
441.955165
441.994198
441.958097
441.954767
442.031691
441.847612
441.953877
441.847300
441.845975
441.846315
441.953863
441.953853
442.030985
441.954178
441.881079
441.880282
441.954961
441.958712
441.957115
441.959494
441.883477
441.882672
441.882611
441.885817
441.882620
441.847617
441.848403
441.880874
441.881660
441.847610
441.953890
441.953880
442.031006
442.029216
441.919956
441.919172
441.884264
441.919665
441.919668
441.916660
441.954997
441.881112
441.880315
441.955770
441.953702
441.916167
441.882143
441.881837
441.880887
441.881627
441.919182
441.952081
441.952843
441.920159
441.848445
441.847662
441.923661
441.882186
441.882962
441.848118
441.881403
441.957398
441.918058
441.917268
441.994062
441.884531
441.954172
441.882105
441.848429
441.882922
441.954955
441.847622
441.881634
441.881698
441.882474
441.957684
441.847636
441.882474
441.881698
441.957684
441.882681
441.957068
441.956565
441.883478
441.918861
441.880823
441.881623
441.845322
441.811781
441.919128
441.918521
441.916836
441.991798
441.917148
441.953357
441.845804
441.919815
441.918023
441.881630
441.881026
441.881831
441.915729
441.880870
441.915337
441.915098
441.913616
441.880093
441.916928
441.881628
441.881635
441.916668
441.844999
441.811458
441.915951
441.915959
441.812263
441.846974
441.848076
441.847171
441.918742
441.846823
441.844504
441.810963
441.846850
441.845734
441.810118
441.919821
441.882421
441.882440
441.916969
441.879317
441.879784
441.914602
441.913312
441.879788
441.986063
441.844457
441.953362
441.878484
441.882536
441.883478
441.881402
441.882700
441.844175
441.845459
441.844977
441.990282
441.915161
441.915176
441.916671
441.916661
441.918498
441.880304
441.847881
441.882394
441.810623
441.810623
441.881638
441.881652
441.916666
441.913804
441.914346
441.913796
441.915088
441.993281
441.919330
441.922275
441.845711
441.845683
441.846651
441.842923
441.846444
441.846962
441.847454
441.846786
441.847083
441.846593
441.846490
441.847751
441.845971
441.847261
441.846996
441.813504
441.885280
441.993177
441.919812
441.921116
441.918858
441.885935
441.918833
441.883988
441.883434
441.883975
441.885296
441.883140
441.883193
441.883980
441.919346
441.852175
441.846674
441.846740
441.846990
441.846189
441.846502
441.996520
441.994315
441.960315
441.959524
442.031596
442.031623
441.990790
441.956259
441.993328
441.959072
441.992683
441.880206
441.880283
441.880812
441.881011
441.879505
441.880819
441.845994
441.847060
441.879477
441.959524
441.847280
441.845682
441.992088
441.959520
441.960996
441.993087
442.036108
442.032097
441.961822
441.962624
441.990019
441.992092
441.990034
441.992106
441.993364
442.109214
441.956347
441.993361
442.034142
441.959045
441.956878
441.954723
441.955097
441.883622
441.882330
442.067192
441.920503
441.953799
441.918985
441.955006
441.955109
441.991908
441.957566
442.031415
441.920802
441.920305
441.920302
441.916846
441.919786
441.953038
442.067946
441.953314
441.956374
441.992021
441.952482
441.953279
441.988679
442.063040
441.953663
441.988438
441.954318
441.955119
441.954609
441.991922
441.957584
441.956789
441.992762
442.036963
442.067192
442.071083
442.003244
442.029879
442.031228
442.037166
442.149170
441.923070
441.958062
442.069487
441.922199
442.031802
441.997888
441.997980
441.997824
441.962717
442.027911
441.958676
441.993194
441.956741
441.923021
442.069442
441.958553
441.922161
441.956009
441.955809
441.954954
441.954464
441.956816
441.956616
442.024335
441.954978
441.955285
441.954139
441.988958
441.992772
441.956680
441.993917
441.957805
441.990391
441.956190
442.026001
441.957633
442.037257
441.956729
441.958782
442.036924
442.037101
442.031419
441.922902
442.001994
442.001590
441.958667
441.990389
442.034213
441.920195
441.885403
442.035318
441.922019
441.920495
441.886504
442.033406
441.919379
441.883794
441.921546
441.919944
441.919900
441.920340
441.956197
441.920597
441.920914
441.919508
441.953142
441.919175
441.916919
441.921007
441.884586
441.919221
441.991708
441.916562
441.916415
441.881956
441.882634
441.916435
441.917162
441.916861
441.882330
441.916894
441.956498
441.918998
441.917660
441.918136
441.918456
441.955209
441.919585
441.952818
441.918000
441.884946
441.884356
441.917970
441.953016
441.954837
441.952869
441.991448
441.955229
441.955519
441.952336
441.954145
441.919594
442.103991
441.991412
441.954409
441.954217
441.918761
442.026084
441.952831
441.990541
442.029570
441.953339
441.917177
441.917436
441.882619
441.918964
441.917659
441.886131
441.952908
441.885347
441.919682
441.956462
441.886070
441.919863
441.919816
441.920405
441.921819
441.885397
441.888265
442.028828
441.992985
441.992788
441.851840
441.957337
441.851045
441.956319
441.956283
441.992327
441.992361
441.887451
441.851332
441.993290
442.033765
441.958044
441.993289
441.958044
442.029244
442.031404
441.957723
442.030042
441.881229
441.995491
441.957228
441.990866
441.953877
442.031890
441.885172
441.917920
441.919630
442.028702
441.991216
442.027357
441.954788
442.068399
441.992291
441.920542
442.068384
441.991393
442.032421
441.920156
442.026723
441.954162
442.067738
441.919190
441.953737
441.919916
442.028689
441.991200
442.027346
441.954778
442.068385
441.992291
441.920531
441.957495
441.885888
441.993361
441.953380
441.952564
441.955895
441.955819
441.997317
441.989104
442.030592
441.919785
441.952634
441.953390
441.919418
441.990678
441.920262
441.991424
442.032943
441.920763
441.995989
441.955516
441.954700
441.958537
441.995461
441.957999
441.954942
441.955932
441.955484
441.921796
441.956404
441.849964
441.814863
441.849373
441.848581
441.847788
441.848609
441.847620
441.918510
441.881515
441.814090
441.847836
441.884031
441.884035
442.036230
441.997763
441.922165
441.961921
441.921091
441.922462
441.885055
441.992137
441.919404
441.919934
441.919608
441.919575
442.028518
441.885377
441.992945
441.995187
441.997288
441.884572
442.026972
441.995425
442.030209
441.993472
441.994356
441.958703
441.885894
441.958839
441.886903
441.995933
441.921127
441.955374
441.955424
441.919531
441.953775
441.922286
442.069190
442.067372
441.994130
442.068207
441.993139
441.958819
441.957146
441.957944
441.921950
441.956542
441.848890
441.921658
441.814044
441.922467
441.882626
441.994148
441.920925
441.919321
441.993172
442.029710
442.029710
442.111149
441.993172
441.959030
442.037347
441.957888
441.993569
442.036782
442.071892
442.031914
442.068455
441.994152
442.028705
441.993483
441.957842
442.071872
441.998070
442.032615
441.999447
441.957901
441.996161
441.957111
442.033333
441.958244
442.031914
441.993369
441.992706
441.957055
441.922588
441.959616
441.958741
441.957943
442.034414
442.035208
441.922737
441.995444
442.033051
441.958117
441.992799
442.032256
441.957330
441.992004
441.887846
441.993715
441.882609
441.813550
441.918040
441.917254
441.993283
441.883263
441.880867
441.880053
441.953392
441.882129
441.846845
441.917052
441.916266
441.881324
441.882287
441.846895
441.848441
441.916721
441.915917
441.993228
441.881330
441.812286
441.881069
441.881072
441.847088
441.879319
441.845298
441.884155
441.848648
441.882876
441.847562
441.846284
441.883775
441.845474
441.845248
441.846036
441.880564
441.879778
441.878494
441.880058
441.953601
441.881844
441.881572
441.881289
441.880826
441.953144
441.880585
441.881605
441.880840
441.881366
441.880566
441.848381
441.847078
441.994466
441.957437
441.994961
441.957303
441.957923
441.993982
441.957086
441.923110
441.814052
441.917918
441.992093
441.846289
441.848367
441.881312
441.883018
441.881649
441.880623
441.880558
441.880524
441.881307
441.880543
441.882725
441.880828
441.882872
441.884569
441.883210
441.881386
441.882423
441.882094
441.883664
441.880827
441.884279
441.883667
441.846304
441.815618
441.849617
441.887186
441.921519
441.992558
441.887341
441.918872
441.920479
441.922044
441.886744
441.886252
441.887505
442.030464
441.956880
441.956586
441.990404
441.953325
441.953357
441.954770
441.953345
441.955141
441.954623
441.952364
441.918309
441.955530
441.952568
441.918767
441.954150
441.919320
441.950204
441.918313
441.952057
441.953382
441.919481
441.920745
441.917225
441.885723
441.918871
441.992472
441.849183
441.848880
441.846791
441.845459
441.847027
441.846454
441.812456
441.881020
441.882576
441.812772
441.995649
441.995185
441.883473
441.920231
441.919269
441.917525
441.916738
441.922606
441.956580
441.922115
441.886975
441.886480
441.956912
441.919384
441.992529
441.919390
441.919102
441.921510
441.919947
441.921031
441.918891
441.883733
441.846808
441.919083
441.918777
441.883066
441.881783
441.846324
441.952563
441.917817
441.846291
441.918285
441.846778
441.881854
441.883629
441.881538
441.880736
441.882345
441.882437
441.881614
441.918027
441.917853
441.848100
441.848881
441.987687
441.916150
441.881592
441.881880
441.846826
441.847607
441.953377
441.881148
441.879808
441.881086
441.880335
441.917515
441.986407
441.879772
441.880556
441.916932
441.881400
441.881203
441.915643
441.987598
441.880103
441.913618
441.881362
441.882138
441.880864
441.882411
441.881122
441.987851
441.915909
441.918306
441.953838
441.953377
441.880264
441.880563
441.915899
441.914630
441.881048
441.881361
441.918548
441.920328
441.921458
441.921804
441.958206
441.885309
441.920232
441.918075
441.884239
441.917974
441.918834
441.884813
441.918336
441.919914
441.919727
441.884994
441.918739
441.919599
441.885578
441.919115
441.919892
441.880822
441.846790
441.882429
441.881621
441.880825
441.918038
441.882916
441.881101
441.953892
441.883205
441.881920
441.986864
441.880620
441.953124
441.880604
441.881108
441.880829
441.846797
441.881143
441.881915
441.953715
441.882903
441.882425
441.919312
441.881612
441.955176
441.883206
441.881898
441.883170
441.954389
441.882671
441.882398
441.994254
441.993730
441.881604
441.881888
441.915153
441.879806
441.881097
441.918016
441.955102
441.952893
441.882096
441.882380
441.879826
441.878211
441.881599
441.917230
441.880300
441.880041
441.880353
441.953843
441.880488
441.880773
441.846993
441.847784
441.917840
441.847305
441.848086
441.922540
441.848665
441.847863
441.883724
441.955697
441.918197
441.917254
441.884324
441.883828
441.884291
441.989117
441.919921
441.919425
441.954958
441.989118
441.919884
441.919799
441.990757
441.918193
441.918471
441.918765
441.917973
441.920035
441.953589
441.954088
441.955392
441.918753
441.952282
441.919322
441.918827
441.954423
441.919667
441.917170
441.956074
441.918868
441.918372
441.955239
441.955716
441.953380
441.918844
442.026158
441.916780
441.882134
441.916170
441.916178
441.882157
441.952246
441.915668
441.915916
441.915690
441.951181
441.952475
441.916959
441.848075
441.816709
441.816537
441.885198
441.813834
441.847360
441.850988
441.814703
441.885502
441.850974
441.851715
441.885227
441.885213
441.848866
441.955015
442.026640
441.918816
442.103702
441.955500
441.882127
441.882146
441.847895
441.847083
441.880813
441.846571
441.882416
441.882377
441.882916
441.883412
441.884065
441.882377
441.882143
441.849456
441.849263
441.849955
441.850245
441.848089
441.919182
441.952524
441.918309
441.954406
441.953364
441.919488
442.029155
441.917502
441.991787
441.919232
441.916397
441.919303
441.951889
441.918319
441.990336
441.953337
441.918497
441.919987
441.954639
441.955210
441.920743
441.917708
441.918342
441.992121
441.918518
441.917722
441.957232
441.887424
441.991971
441.955185
441.919405
441.955590
441.919945
441.918806
441.920750
441.952043
441.953845
442.029374
441.917204
441.955776
441.886209
441.953364
441.918342
441.992122
441.919631
441.917745
441.918496
441.957963
441.917031
441.991317
441.918315
441.919302
441.918758
441.915905
441.884285
441.846785
441.881109
441.916964
441.880812
441.882919
441.882913
441.883107
441.884564
441.881827
441.920211
441.958753
441.847622
441.881098
441.880813
441.880813
441.847594
441.848104
441.845979
441.845191
441.993991
441.846284
441.847843
441.919593
441.849178
441.847079
441.917826
441.847384
441.918781
441.915895
441.992722
441.845805
441.847351
441.813405
441.881104
441.883820
441.918328
441.847914
441.916679
441.994001
441.845732
441.847313
441.919146
441.847929
441.847128
441.845503
441.878489
441.879276
441.847062
441.881876
441.844477
441.846042
441.880582
441.846561
441.882856
441.881583
441.954406
441.883176
441.881090
441.916411
441.920621
441.880826
441.953944
441.881913
441.881123
441.915138
441.919835
441.881380
441.880584
441.846562
441.845765
441.955945
441.917937
441.955012
441.917970
441.916848
441.955981
441.917206
441.916406
442.028030
441.919757
441.918514
441.954202
441.918497
441.953797
441.954289
441.953322
441.880612
441.846634
441.915618
441.881142
441.881144
441.879799
441.914325
441.879307
441.879008
441.915106
441.915097
441.881075
441.881080
441.915598
441.994497
441.881043
441.847520
441.953390
441.881361
441.847832
441.917518
441.916714
441.994025
441.881841
441.881541
441.992449
441.956194
442.033223
441.992463
441.955294
441.954184
441.956207
441.847100
441.846021
441.916394
441.916131
441.880651
441.880831
441.880829
441.914856
441.916391
441.884027
441.846292
441.845477
441.885578
441.847834
441.849131
441.847870
441.920940
441.955022
441.917734
441.998292
441.882714
441.919304
441.884285
441.998045
441.882459
441.880309
441.917453
441.917263
441.997818
441.882244
441.883823
441.918522
441.883513
441.918408
441.957102
441.955233
441.993515
441.955247
441.995534
441.960721
441.919413
441.957679
441.919427
441.880803
441.988709
441.953345
442.032338
441.918315
441.954980
441.918234
441.883215
441.953929
441.998314
441.883493
441.991446
441.953381
442.032683
441.918361
441.918582
441.883563
441.955023
441.955761
441.954430
441.955276
441.919676
441.883139
441.989169
442.068528
441.919411
441.881551
441.954140
441.988178
441.952778
441.950943
441.916930
441.952786
441.952782
441.952776
441.952015
441.986793
442.022909
441.990004
441.917190
441.883139
441.955259
441.954988
441.954249
441.953067
442.067166
441.918047
441.987376
441.952342
441.954045
441.953484
441.989848
442.103288
442.025435
441.953826
442.067922
441.918796
441.921003
441.998586
441.883756
441.998084
441.883750
441.917425
441.916150
441.954541
441.917216
441.919416
441.916463
441.882407
441.918530
441.918344
441.918804
441.954546
441.915923
441.954683
441.916475
441.882420
441.918810
441.917052
441.918783
441.917549
441.920216
441.882394
441.880829
442.033202
441.919667
441.955785
441.919120
441.884101
441.882420
441.919762
441.998114
441.883787
441.883307
441.917372
441.918186
441.996340
441.882028
441.917119
442.107675
442.034582
441.994602
441.957571
442.035078
441.995098
442.033779
441.993817
441.922945
441.957699
441.957993
441.923463
441.885565
441.994609
441.995111
441.994606
442.069727
441.995108
442.030435
442.070709
442.034588
442.030605
441.994020
442.068874
442.070812
441.999655
441.850531
441.884479
441.995233
441.879192
441.951711
441.880275
441.920962
441.920966
441.850289
441.992725
441.848059
441.917719
441.884469
441.919623
441.884763
442.026897
442.035877
442.035382
441.995782
441.884532
441.919700
441.849476
441.917512
441.916712
441.923415
441.888293
441.957375
441.922934
441.919405
441.992551
441.919415
441.919113
441.958972
441.958986
442.029382
441.958965
441.958979
442.034898
442.029375
441.995607
441.997411
441.921834
441.997421
441.997114
441.958997
441.958515
441.883494
441.918530
441.992106
441.884326
441.919843
441.992604
441.918536
441.921853
441.921547
442.030097
442.032157
442.034958
442.074837
442.072780
442.109402
442.067505
441.958137
441.958608
441.955817
441.993230
441.955837
441.959392
441.993712
442.030623
442.035719
442.071411
442.029636
441.960467
442.037689
441.992967
441.993764
441.994260
442.115380
441.995571
442.032193
442.032945
442.035746
442.069101
442.030674
442.067297
442.103919
442.071911
442.072241
441.958119
442.037685
442.031414
442.031949
442.074619
442.109390
441.992977
441.994260
441.993764
441.921752
441.921771
441.959704
441.918959
441.919776
442.065631
441.993569
441.989572
442.066692
442.064121
441.989214
442.029184
441.988398
441.991737
441.956397
442.033229
441.952772
441.990650
442.105166
441.991718
442.027139
441.956804
441.991925
441.954736
441.919681
441.955055
441.919279
441.990250
441.990444
441.956641
441.998160
441.989993
441.992047
442.033553
442.106167
441.991603
442.032609
442.027667
441.921278
442.068216
441.989536
441.921998
441.885466
441.957211
442.030064
441.956200
441.919667
441.991427
441.921089
441.954446
442.069682
441.955411
442.104925
441.918312
441.955293
441.990401
441.951050
441.997587
442.064036
441.886887
442.034589
441.920760
442.030344
442.024574
441.918359
441.916502
441.953785
441.917849
441.951492
441.988929
441.918531
441.951237
441.882898
441.990219
441.916155
441.917978
441.917707
441.955868
441.883764
441.955971
441.956005
441.993938
441.953175
441.953992
442.070099
442.072279
442.026778
442.064229
442.035548
441.998396
442.032620
441.957869
441.998513
441.887260
441.922464
442.032597
441.918297
441.917459
441.918622
441.883817
441.953184
441.957573
441.955147
442.033133
442.033121
441.918830
441.958048
441.955619
442.033606
441.958059
441.951179
441.953462
441.952505
441.953452
441.918050
441.918040
441.923344
441.848583
441.812214
441.812220
441.810349
441.811904
441.776288
441.776586
441.922265
441.993124
441.917840
441.917829
441.847627
441.880813
441.880799
441.847589
441.848099
441.917799
441.957997
441.957715
442.030277
441.958210
441.953893
441.886232
441.955270
441.920868
441.997029
441.919600
441.956021
441.953882
441.953536
441.954056
441.916567
441.953817
441.996595
441.964368
441.963635
441.993657
441.992813
442.033504
442.034347
442.030692
441.918562
441.919364
442.027450
441.990733
441.918776
441.919081
441.918298
441.989763
441.917509
441.917192
441.915318
441.917516
441.992817
441.959593
441.994133
442.028228
441.957163
442.068007
442.026924
442.026474
442.104659
441.953617
441.919620
441.917706
442.026422
441.918511
441.918812
442.030396
441.924206
441.993289
441.958341
442.029277
441.956048
441.955152
441.956060
441.957623
441.956712
441.958294
441.992830
441.956781
441.882868
441.848050
441.954668
441.992844
441.998515
441.989985
441.990576
441.989675
441.990591
441.918895
441.923019
441.918910
441.923005
441.958453
441.918786
441.811938
441.845497
441.918497
441.845767
441.918786
441.881540
441.883177
441.919087
441.881865
441.847350
441.880926
441.883426
441.883481
441.990613
441.849756
441.850529
441.851025
441.961108
441.850252
441.850496
441.851293
441.882934
441.918445
441.920028
441.848904
441.885019
441.883217
441.884801
441.848449
441.920105
441.882407
441.919852
441.882086
441.847035
441.883690
441.848103
441.881648
441.881867
441.922219
441.849673
441.883228
441.884027
441.813079
441.920657
441.919385
441.815135
441.887184
441.814623
441.816006
441.816467
441.816006
441.885693
441.920239
441.955241
441.920797
441.954900
442.069537
441.956132
441.990328
441.955704
442.069529
441.955450
441.919939
441.988544
441.990300
441.919908
441.956474
441.919567
441.919872
441.955744
441.884344
441.884586
441.921688
441.954879
441.987819
441.955183
441.950207
441.916960
442.025816
441.916947
441.950960
441.953562
441.953333
441.955140
441.955426
441.917991
441.921108
441.918268
441.953818
442.143584
442.103981
441.921380
441.918612
441.988323
441.989439
441.955403
441.989112
441.953638
441.988669
442.029038
442.032912
441.953023
441.953300
442.067943
442.063018
441.953640
441.955884
441.989517
441.989991
441.921734
441.921181
441.922841
441.887219
441.956277
441.994611
441.922068
441.917693
441.886447
441.918482
441.884778
441.918348
441.956789
441.884768
441.920379
441.885641
441.920881
441.994327
442.072408
442.038360
441.993845
442.034071
441.958223
442.034081
442.034109
442.031177
441.994551
442.034106
441.958925
441.996822
442.031487
442.030271
442.113416
442.106685
441.994736
442.030743
442.112146
442.035501
442.032064
441.995446
442.037355
442.031123
442.030630
442.036085
442.035502
441.959819
442.076870
441.995982
442.034716
442.031268
441.994650
442.036516
442.029770
442.035232
442.037044
442.030815
442.035777
442.034716
441.959024
442.076041
441.966254
441.966268
442.035070
442.035067
441.998040
442.078057
441.998118
442.078122
442.126044
442.127050
442.162894
442.161440
441.994425
441.993582
441.883443
441.846815
441.881086
441.882177
441.880538
441.846822
441.814069
441.813270
441.920095
441.881156
441.848410
441.847611
441.881163
441.954434
441.993224
441.846303
441.845716
441.813075
441.920386
441.881106
441.847878
441.955188
441.993502
441.885804
441.959485
441.958997
441.955555
441.920727
441.993335
441.886992
442.026693
441.956171
441.955403
441.923324
441.851442
441.955031
441.884708
441.918738
441.919244
441.956848
441.957543
441.885643
441.989245
441.918909
441.952939
441.953445
441.960387
441.886643
441.885073
441.848559
441.953442
441.952657
441.918639
441.951208
441.952634
441.989812
442.031364
442.031867
441.919627
442.027286
441.993310
441.920417
441.920417
442.028186
441.992742
441.992920
441.991800
441.884780
442.031928
442.034434
442.074498
442.068162
442.073143
442.069172
442.074822
441.999303
442.074336
442.115373
442.114889
442.116163
442.114403
442.073470
442.072701
442.031756
442.107246
442.110103
442.035021
442.032313
442.106760
442.110872
442.071030
442.031673
442.072621
442.034008
442.073408
441.996790
442.070544
442.033135
442.039366
442.033009
442.114411
442.032427
442.034933
442.074997
442.068661
442.114910
442.070189
442.066755
442.030133
442.070185
441.994507
442.152198
442.201843
442.069768
442.069124
442.032512
442.067191
442.071511
442.115752
442.108233
442.101997
442.067277
442.106946
442.030669
442.071512
442.114464
441.995046
442.113176
442.069421
442.065724
442.065969
442.029351
442.072459
442.032511
442.071171
442.003322
441.996591
442.002038
442.002589
441.996343
442.001305
442.069421
441.993724
442.036203
442.031959
441.995351
442.036017
442.029767
442.034733
442.036203
441.959728
442.037469
442.031236
442.036196
442.077300
442.073352
442.076012
442.073349
442.113346
442.150483
442.196841
442.160929
441.996890
442.077733
442.072220
442.071734
441.997983
442.077987
442.151712
442.201342
441.999129
442.079631
441.960956
441.999004
442.160876
442.160696
442.163390
442.038849
442.161265
441.924931
441.960575
441.995116
442.104357
441.953362
442.029579
441.953354
442.029574
441.888903
441.887318
441.885089
441.956670
441.887009
441.922286
441.886445
441.922284
441.885855
441.886144
441.885562
441.955799
442.038950
442.163966
442.076332
442.079083
442.077148
442.074119
442.075715
442.117082
441.919123
441.953120
442.067682
442.026119
441.961371
441.884273
441.884515
441.995462
441.957264
441.994946
441.994143
442.029897
441.919739
441.919725
441.955238
441.919079
441.919980
441.884014
441.988948
441.955199
441.918245
441.989471
441.956508
441.919565
441.847903
441.881414
441.921025
441.884112
441.955052
442.032394
441.918098
442.069340
441.992121
441.954725
441.918573
441.884063
441.954739
441.919578
442.032370
441.951206
441.917670
441.956549
441.920654
441.918038
441.917058
441.916734
441.954709
441.953072
442.031556
441.917559
441.952592
441.918902
441.953433
441.917763
441.883931
442.032212
441.918690
441.953366
441.918846
441.989806
441.988998
441.954264
441.954371
442.067163
441.988185
441.919446
441.955273
441.918752
441.916665
441.953343
442.026114
441.954150
442.031505
441.917490
441.916367
441.952519
441.916896
441.916153
441.882644
441.916901
441.952492
441.917157
441.916364
441.951813
441.918270
441.954471
441.989573
441.953710
441.952379
441.952489
441.952791
441.953910
441.952821
441.952486
441.956554
441.919627
441.922117
441.885299
441.994139
441.849676
441.883462
441.885641
441.920766
441.882358
441.883632
441.849420
441.850198
441.995412
441.885623
441.888578
441.923703
441.884742
441.886017
441.954763
441.885305
441.923385
441.921716
442.029948
441.920744
441.955780
441.921554
441.955817
441.990059
441.990350
441.954636
441.955151
441.921058
441.955321
441.885304
441.918054
441.952314
441.917875
441.882444
441.883239
441.953634
441.987659
441.849709
441.850487
441.918830
442.028930
441.884808
441.956130
441.953122
441.918039
441.884643
441.920840
441.955965
441.916994
441.918269
441.919194
441.918312
441.955242
441.919359
441.884237
441.885032
441.916269
441.883516
441.988763
441.916421
441.916453
441.917759
441.918061
441.954698
442.030178
441.918317
441.920483
441.920165
441.884256
441.885052
441.918081
441.882945
441.955273
441.990306
441.920167
441.919308
441.915969
441.883244
441.952843
441.951506
441.917771
441.952276
441.953891
441.917781
441.920501
441.918751
441.885113
441.920370
441.920999
441.885944
441.957283
441.921333
441.955699
441.883440
441.883227
441.955237
441.885516
441.882113
441.883728
442.030178
442.071067
442.073258
442.071859
441.993271
441.991174
441.990952
441.990687
441.992274
441.991852
441.988326
441.954536
441.994493
441.993730
442.073595
442.073203
442.038092
442.185999
442.028714
442.063766
441.993216
441.957718
442.026631
441.991245
441.992265
442.026644
442.025997
441.988112
442.037203
442.031772
442.032568
442.033912
441.998801
442.067488
441.815637
441.848900
441.849113
441.883969
441.993289
441.958436
441.993863
441.991876
442.034703
441.956398
441.918512
441.916379
442.032031
441.992033
442.062259
441.885170
441.955892
441.998215
441.918801
441.916650
441.953834
442.033110
441.952440
441.954225
441.954206
441.918363
441.990377
441.955820
441.919774
441.954481
441.952613
442.031418
441.953555
441.917633
441.919416
441.954806
441.954561
441.992383
441.885089
441.955051
441.997347
441.954915
441.959065
441.958267
442.064590
442.030343
442.065094
441.992415
441.955561
441.955546
441.991922
441.991911
441.989023
441.994720
441.957235
442.034212
441.955899
441.883781
441.918136
441.996842
441.883932
441.884362
441.919495
441.998197
441.954625
441.884074
441.997893
441.955369
441.954913
441.954008
441.917133
441.918411
441.918680
442.029221
442.068344
441.956623
441.957765
441.954279
441.954278
441.919099
441.918328
441.955246
441.991370
442.029203
441.918325
441.917456
441.918910
441.918621
441.955564
441.918281
441.918744
441.951796
441.988570
441.917196
441.918471
441.955568
441.919058
441.920457
441.951023
441.951226
441.952391
441.987116
441.952025
441.917004
441.916209
441.916997
441.956931
441.993604
441.919649
441.954377
441.991529
442.026257
441.920127
441.916914
441.919015
441.920072
441.919259
441.992513
441.921875
441.958283
441.952831
442.024283
441.989439
441.989428
441.952014
441.991329
441.990927
441.956204
441.990436
441.917971
441.991277
441.955406
441.955460
441.955755
441.955191
441.993124
441.991499
441.955390
441.989546
441.991886
441.952479
441.956265
441.953287
441.989560
441.954497
441.922154
441.991370
441.952543
441.953873
441.951311
441.917736
441.952816
441.953412
441.987665
442.028215
441.920675
441.991532
441.956282
441.955456
441.956228
441.957884
441.920120
441.920105
441.957268
441.957254
441.919743
441.918545
441.919203
441.918509
441.919462
441.919501
441.957913
441.922751
441.921185
441.990566
441.920386
441.919887
441.990204
441.990210
441.884825
441.918851
441.952349
441.918837
441.951860
441.955468
441.884827
441.884831
441.919152
441.919924
441.884934
441.884085
441.918300
441.919864
441.994978
441.920700
441.886256
441.922041
441.920472
441.957913
441.923852
441.957089
442.031610
441.920398
441.994820
441.848375
441.848677
441.919916
441.848871
441.846814
441.995320
441.846585
441.919073
441.883220
441.882927
441.881325
441.881818
441.881328
441.919559
441.879824
441.919271
441.918965
441.882141
441.916404
441.882875
441.916115
441.882364
441.953333
441.916945
441.882845
441.918289
441.882865
441.884417
441.955403
441.882106
441.883244
441.916468
441.956268
441.883671
441.884245
441.991815
441.918242
441.883706
441.990280
441.918507
441.917489
441.918570
441.920401
442.028354
441.848381
441.954407
441.918545
441.988882
441.813844
441.919889
442.028839
441.881620
441.847083
441.954413
441.992352
441.953258
441.919214
441.992354
441.956433
441.847865
441.953899
441.953603
441.988871
441.881104
441.953607
441.990780
441.884217
441.918753
441.918518
441.880812
441.881898
441.953913
441.880827
441.880009
441.881913
441.954409
441.915138
441.951477
441.881326
441.988148
441.951963
441.915183
441.882125
441.882139
441.952514
441.914569
441.915683
441.951954
441.882148
441.881674
441.919061
441.882112
441.916677
441.918755
441.847825
441.882135
441.880554
441.881350
441.843893
442.076719
441.994820
441.994166
442.111939
441.961028
441.962639
442.030039
442.029384
442.036674
442.036687
442.034576
442.034579
442.036705
442.036726
441.958165
441.993025
442.070970
442.070974
442.065894
442.072339
442.072359
442.067674
441.957378
441.993785
442.107986
441.987661
441.954392
441.954185
441.955134
441.990666
442.025956
441.989497
441.990189
441.991188
441.989682
441.989642
441.991596
441.990275
441.989995
442.024609
441.990482
441.991157
442.148380
442.065856
442.070215
442.070215
441.992002
442.070641
442.070644
442.071007
442.071011
441.992489
442.067142
442.195997
441.961553
442.039260
441.995764
442.071086
442.029286
441.994068
442.070611
442.029877
442.036887
442.037361
442.070696
442.074527
442.070710
442.075001
442.034195
442.031896
442.106817
442.148348
442.106830
441.960329
441.997485
442.028094
442.065882
442.105842
442.105828
442.106551
442.106554
442.028085
442.107341
442.107327
442.103476
442.027321
442.027766
442.104442
442.063059
442.185301
442.028935
442.184485
442.184471
441.991025
441.989338
441.990042
441.990060
441.989842
442.035222
442.035225
442.069445
442.069449
441.992703
442.105763
442.105767
441.958427
441.993821
442.070926
442.070929
441.992696
441.957580
441.992433
442.070705
442.070719
442.035786
441.960127
442.035796
442.034796
441.959137
442.034806
442.150880
442.033415
442.032761
442.035592
441.959946
442.035606
442.148895
442.190155
442.148905
442.196797
442.031668
441.995050
442.037654
441.995547
441.996657
442.032703
442.033275
442.066444
442.072693
442.065790
442.072039
441.996556
441.996004
441.993553
442.031556
441.955482
441.959284
442.029792
442.033117
441.998831
441.991283
441.992107
441.957310
441.958138
441.921712
441.989964
441.955994
442.029786
442.030902
441.994150
441.887508
441.923028
441.958380
441.923934
441.993408
441.959454
441.998660
441.997641
442.033476
441.951479
441.991551
441.953279
441.952780
441.918726
442.030583
441.991509
441.920934
442.028969
441.991297
441.919068
441.920664
442.028756
441.951267
441.917727
441.990280
441.918548
441.989952
441.991496
441.922039
441.920945
442.064756
442.034827
442.200717
442.199121
442.242600
442.113384
442.073877
442.078854
442.203871
442.154460
442.157225
442.111501
442.114249
442.238386
442.155279
442.112317
442.115845
442.113101
442.152009
442.109046
442.116240
442.118984
442.077402
442.080150
442.078218
442.150770
442.153514
442.117056
442.110642
442.113782
442.148311
442.074947
442.151585
442.113916
442.165036
442.040020
441.923028
441.887429
441.992054
441.959190
441.920078
441.886558
441.920095
441.885789
441.954346
441.956270
441.958705
442.034262
441.955342
441.957061
441.954516
441.955357
441.954833
441.957491
441.921753
441.885167
441.956978
441.958326
441.960346
441.961439
441.995080
442.078126
441.996241
441.995586
441.920267
441.995655
441.996135
441.957353
441.991590
442.065385
442.027978
442.027169
442.064580
442.069008
441.958126
441.956253
441.955265
441.956750
441.956061
442.027808
442.065593
442.068193
442.068714
442.036601
442.032106
442.035405
442.072045
441.999018
441.996207
441.994659
442.000007
441.997193
441.995649
441.956677
441.994162
441.849695
441.883206
441.885906
441.885099
441.919639
441.885410
441.884094
441.884080
441.884277
441.885882
442.035432
441.996137
441.958052
441.996728
441.919624
441.921229
441.921795
441.920963
441.998655
441.885571
441.920099
441.956750
441.990293
441.918292
441.922378
441.956568
441.957767
441.920600
441.919310
441.955927
441.954323
442.028377
442.029654
441.886744
441.922133
441.953844
441.957311
441.919830
441.921810
441.885764
441.956772
441.884473
441.957430
441.990829
441.955793
441.920159
441.812289
441.812264
441.845758
441.845748
441.883736
441.845790
441.813559
441.846558
441.813520
441.990514
441.845733
441.884494
441.814585
441.847059
441.813028
441.882981
441.918007
441.997759
441.918539
441.881675
441.996466
441.918843
441.994402
441.885152
441.920273
441.916160
441.916932
441.916701
441.955117
441.992860
441.994084
442.027985
441.887269
441.922405
441.955222
441.922589
441.881307
441.881291
441.955406
441.881287
441.919617
441.918026
441.917198
441.917828
442.027215
442.032132
441.917489
441.920477
442.034783
441.919348
441.919058
441.881620
441.918778
441.990675
441.920177
442.034492
441.918163
441.919337
441.915125
441.916868
441.919047
441.881111
441.917240
441.917471
441.917262
441.917379
441.917455
441.880804
441.917469
441.916562
442.029129
442.026278
441.989182
441.994171
441.954154
441.993311
441.915634
441.914827
441.917540
441.953052
442.030393
441.953834
441.991862
442.028824
441.917968
441.989633
441.990899
441.989631
441.952804
441.918637
441.919419
441.990845
441.989013
441.990830
441.953592
441.988994
442.105644
441.953587
441.953634
441.953637
441.951168
441.990662
441.990634
441.953389
442.105439
441.953394
441.954442
441.953932
441.953962
441.882110
441.880841
441.881118
441.881320
441.954075
441.955655
441.882090
441.883112
441.883921
441.883902
441.844924
441.881279
441.916143
441.988884
441.916894
441.988553
441.988107
441.988574
441.988846
441.879745
441.918500
441.990991
441.990980
441.988887
441.881827
441.881318
441.988898
441.988389
441.915630
441.915923
441.879760
441.879766
441.920074
441.918981
441.989620
441.952177
441.952039
441.918235
441.952468
441.917553
441.993017
441.990676
441.920263
441.920871
441.921368
441.919026
441.952840
441.991426
441.955489
441.955203
441.951480
441.952778
441.952799
441.951468
441.991394
441.954196
441.954391
441.916203
441.952501
441.988671
441.918038
441.918223
441.953488
441.952506
441.952494
442.027429
441.953252
441.992807
441.952764
441.992341
441.953523
441.954327
441.993412
441.918461
441.917950
441.920020
441.849462
441.849437
441.847851
441.920611
441.846248
441.958266
441.923117
442.001424
441.962144
441.882902
441.882126
441.847881
441.918642
441.813365
441.917769
441.846577
441.845973
441.952043
441.847356
441.847552
441.846572
441.848358
441.918620
441.848086
441.813842
441.847293
441.847563
441.918612
441.848103
441.813048
441.847794
441.847285
441.881887
441.881071
441.949950
441.915629
441.915653
441.845964
441.847548
441.846485
441.915670
441.845500
441.917734
441.847860
441.881297
441.810123
441.846288
441.846489
441.845981
441.921715
441.851858
441.994254
441.920388
441.952584
441.879799
441.879830
441.845710
441.848602
441.849701
441.847052
441.881180
441.881676
442.025845
441.880854
441.848872
441.847851
441.847767
441.881912
441.883200
441.881578
441.882389
441.881601
441.881593
441.879996
441.918267
441.812454
441.918740
441.811350
441.880631
441.881602
441.881107
442.024502
441.813223
441.918722
441.844195
441.811973
441.917463
441.881926
441.880623
441.881922
441.881907
441.883696
441.882999
441.990595
441.881942
441.881423
441.881912
441.881415
441.952309
441.918848
441.883231
441.988690
441.989991
441.989502
442.026600
441.917441
441.882937
441.988110
441.954668
441.917708
441.917490
441.884030
441.989175
441.915386
441.915376
441.952551
441.916956
441.988884
441.953001
441.954668
441.955088
441.918034
441.990465
441.954112
441.988149
441.952307
441.989668
441.953810
441.953808
441.954700
441.913837
441.953814
441.919085
441.992755
441.848412
441.988412
441.954929
441.882666
441.881110
441.917978
441.916690
441.883441
441.921182
441.994554
441.989743
441.955903
441.955618
441.955326
441.991675
441.993258
441.992519
441.992522
441.958423
441.953585
441.952232
441.917750
441.987824
441.952519
441.952725
441.991543
441.956486
441.954944
441.994510
441.920972
441.886340
441.920981
441.990944
441.989418
441.990448
441.955984
441.954208
441.919583
441.954218
441.920392
441.990242
441.956199
441.957285
441.956277
442.028874
441.952305
441.918835
441.883213
441.951493
441.917249
441.881619
441.917201
441.916216
441.952478
441.989480
441.956522
441.882967
441.956238
441.920692
441.917942
441.916639
441.953786
441.952487
441.989481
441.881617
441.955997
442.029386
442.028761
442.068584
442.068580
442.028751
442.067252
441.955899
441.955604
441.955322
441.991661
441.993241
441.992509
441.992508
441.958409
442.034013
441.991529
441.956472
441.954923
441.993715
441.886171
441.919394
441.989423
441.955684
441.954028
441.955345
441.991010
441.920339
441.954610
441.955963
441.955997
441.920357
441.955963
441.955109
441.955978
441.954821
441.992265
441.992302
441.953529
442.028741
441.954320
441.953548
441.917204
441.918496
441.989426
441.953279
441.953271
441.955164
441.990765
441.918782
441.885002
441.920616
441.953615
441.919835
441.955449
441.882625
441.988102
441.917129
441.954343
441.915302
441.917414
441.916933
441.988875
441.951745
441.954645
441.916421
441.954040
441.954017
441.918967
441.916158
441.882622
441.955056
441.991029
441.992442
442.028543
441.916958
441.956287
441.917945
441.883127
441.989465
441.952977
441.990773
441.954711
441.954697
441.848349
441.847549
441.919533
441.957703
441.886086
441.884796
441.992206
441.919599
441.919301
441.848018
441.848518
441.992492
441.918792
441.918792
441.953823
441.918767
441.991608
441.920174
441.920160
441.919394
442.028905
441.918098
441.919380
442.028904
441.918083
441.922183
441.918093
441.918079
441.956992
441.852203
441.883182
441.918023
441.882618
441.885939
441.919090
442.026081
441.919795
441.918844
441.885114
441.918987
441.919080
441.918848
442.026077
441.885127
441.952864
441.952389
441.919359
441.919358
441.920339
441.993610
441.883434
441.917530
441.920318
441.882689
442.027426
441.918051
441.883525
441.917538
441.957570
441.885603
441.922859
441.850252
442.030971
441.846988
441.848092
441.961111
441.850252
441.956579
441.956595
441.957090
441.850533
441.851303
441.959762
441.961096
441.851021
441.849703
441.882801
441.954444
441.916136
441.914635
441.916429
441.881920
441.915659
441.917434
441.917477
441.916713
441.917023
441.917002
441.917001
441.916992
441.993726
441.994095
441.916127
441.918742
441.883461
441.917180
441.882105
441.882102
441.954940
441.883773
441.918828
441.883461
442.028823
441.920446
441.884915
441.955594
442.033485
441.920086
441.850557
441.963603
441.992635
441.916523
441.921549
441.883794
441.954991
442.067167
441.952628
441.918626
441.951184
441.884558
441.849732
441.963282
441.957220
441.885316
441.955252
441.920978
442.033961
441.919861
441.884290
441.886527
441.922113
441.884844
441.958563
441.846782
441.956715
441.885316
442.033967
441.956539
441.919861
441.849732
441.998874
441.922099
441.884815
441.884762
441.956715
441.884019
441.956030
441.921830
441.846797
441.848362
441.951748
441.916775
441.916183
441.916218
441.882667
441.915342
441.914550
441.881898
441.915621
441.881985
441.848421
441.916122
441.847655
441.916431
441.847644
441.846877
441.918565
441.881971
441.881992
441.848452
441.847672
441.881951
441.881163
441.917579
441.915123
441.880816
441.881321
441.916919
441.915651
441.881609
441.880633
441.882402
441.914853
441.881114
441.988128
441.952039
441.952791
441.952032
441.953404
441.916979
441.883463
441.915953
441.953348
441.882683
441.992450
441.845191
441.846001
441.924243
441.881894
441.845493
441.847049
441.846784
441.847093
441.916707
441.881906
441.880319
441.988910
441.847587
441.881586
441.919038
441.880315
441.955061
441.989474
441.955564
441.921037
441.959731
441.919361
441.920189
441.918016
441.918802
441.884006
441.884073
441.850343
441.918320
441.918073
441.918234
441.920230
441.919043
441.884287
441.997977
442.032057
442.029901
441.888308
441.995428
441.921579
441.921038
441.994965
442.029915
441.956295
441.955802
441.993543
441.956787
441.959675
441.961513
441.996210
441.955235
441.955231
441.993046
441.955511
441.955507
441.993732
441.918010
441.919632
441.991649
441.993732
441.919305
441.955521
441.955517
441.957339
441.994051
441.919297
441.992451
441.994549
441.917976
441.992424
441.994801
441.885597
441.920434
441.885860
441.957316
441.960670
441.811985
441.810871
441.813833
441.813066
441.812755
441.811504
441.848383
441.845825
441.847089
441.956900
441.881679
441.880865
441.882496
441.881682
441.922299
441.849714
441.919640
441.881863
441.882647
441.920888
441.850253
441.846054
441.813297
441.813298
441.847868
441.847332
441.847827
441.846561
441.813778
441.812523
441.813779
441.810929
441.812538
441.849458
441.845275
441.919313
441.812516
441.812214
441.885772
441.811438
441.882669
441.882869
441.845741
441.845435
441.881310
441.847383
441.813856
441.883481
441.883275
441.846784
441.812515
441.812214
441.879644
441.846099
441.882686
441.882096
441.845765
441.845462
441.880526
441.845818
441.812292
441.881907
441.847019
441.846514
441.957556
441.955834
441.990476
441.954532
441.955335
441.955864
441.920976
441.956226
441.845242
441.917115
441.917898
441.922699
441.886660
441.957834
441.921756
441.992254
441.955646
441.915346
441.916145
441.915665
441.916667
441.914863
441.916156
441.915854
441.916656
441.916728
441.882706
441.919142
441.918839
441.950975
441.950481
441.880012
441.845981
441.952491
441.847075
441.954077
441.918252
441.880277
441.880288
441.881078
441.952549
441.847547
441.880285
441.878195
441.953866
441.917448
441.951747
441.845961
441.954142
441.952862
441.953344
441.952063
441.881875
441.952550
441.847561
441.877998
441.879774
441.917043
441.880138
441.880601
441.880313
441.878982
441.987382
441.881097
441.879800
441.881102
441.880813
441.879570
441.880061
441.878825
441.880892
441.881440
441.880102
441.879329
441.879280
441.881865
441.880107
441.881399
441.881120
441.880287
441.845956
441.879504
441.954342
441.846778
441.845475
441.847585
441.918542
441.917765
441.847069
441.920426
441.813076
441.813857
441.848380
441.847864
441.847592
441.883162
441.847904
441.883955
441.953859
441.847071
441.849017
441.849189
441.846772
441.848089
441.988944
441.879045
441.882652
441.879498
441.881580
441.880319
441.881685
441.881857
441.882670
441.917495
441.918005
441.916206
441.916205
441.916993
441.916715
441.847918
441.955302
441.918857
441.955474
441.846801
441.846834
441.846571
441.844515
441.846586
441.882602
441.849470
441.849180
441.845803
441.847885
441.847595
441.919631
441.955478
441.847123
441.880504
441.880790
441.953274
441.844484
441.844471
441.812595
441.847104
441.845766
441.845771
441.846584
441.847103
441.880033
441.844998
441.844989
441.881093
441.847072
441.954077
441.847415
441.845777
441.880310
441.878988
441.879761
441.845768
441.992236
442.070089
441.847557
441.881111
441.847081
441.917968
441.993055
441.881588
441.914320
441.917523
441.882882
441.953898
441.882110
441.882597
441.881902
441.847854
441.995293
441.958047
441.922992
441.920452
441.954818
441.919655
442.031649
441.992269
441.953372
441.886963
441.920694
441.992745
441.886634
441.919881
441.995792
441.992360
441.957386
441.995313
441.991888
441.956238
442.032963
441.956905
441.992536
441.920652
441.955198
441.813517
441.813546
441.882336
441.880025
441.846968
441.846287
441.813029
441.883956
441.846521
441.952867
441.881835
441.991959
441.919665
441.954950
441.954407
441.954171
442.026382
441.955943
441.919007
441.918712
441.919856
441.954607
441.886114
441.920866
441.991623
441.918815
441.918790
442.029102
441.956502
441.883975
441.955825
441.883422
441.992300
441.916985
441.954330
441.953038
441.919790
441.991796
441.955976
441.884583
441.882741
441.885066
441.919268
441.918587
441.919544
442.029247
441.918741
441.881600
441.919025
441.915613
441.918549
441.919196
441.918979
441.917640
441.919665
441.954951
441.954407
441.953669
442.026396
441.955179
441.953287
441.988923
441.953010
441.919856
441.920099
441.954126
441.886114
441.920385
441.991641
441.918815
441.918808
441.953818
441.954338
441.955197
441.919862
441.918002
441.916166
441.919558
441.882148
441.951751
441.919582
441.917718
441.916693
441.919268
441.915893
441.883158
441.882860
441.954627
441.883144
441.883963
441.849432
441.955452
441.916648
441.917479
441.916957
441.918774
441.990956
441.990485
441.884243
441.990258
441.915816
441.953000
441.952996
441.878646
441.989437
442.026606
442.026595
441.881353
441.881620
441.882895
441.882122
441.955387
442.027996
441.954829
441.955121
441.917651
441.883878
441.882608
441.918437
441.917335
441.846800
441.883938
441.882380
441.848072
441.918317
441.847394
441.953531
441.953239
441.916377
441.882345
441.953028
441.918997
441.954572
441.916917
441.882984
441.881142
441.883463
441.915385
441.881839
441.880345
441.881614
441.880936
441.915057
441.882824
441.881265
441.917969
441.918751
441.918069
441.916966
441.916677
441.882644
441.918243
441.881647
441.915676
441.882149
441.954307
441.919475
441.918774
441.918096
441.918279
441.916908
441.989430
441.881871
441.847043
441.882156
441.881476
441.882904
441.848106
441.848102
441.848886
441.957581
441.882410
441.882715
441.882667
441.849187
441.849496
441.993653
441.882378
441.882107
441.849444
441.881593
442.064946
441.844956
441.917151
441.846762
441.883694
441.958175
441.811380
441.922880
441.919238
441.918726
441.957599
441.956250
441.922775
441.992990
441.957684
441.810928
441.923701
441.811720
441.811733
441.917733
441.923701
441.845286
441.918267
441.917764
441.846093
441.845300
441.846588
441.917782
441.917283
441.881117
441.881406
441.881909
441.986058
441.914097
441.915631
441.881629
441.880643
441.919071
441.918559
441.920126
441.955493
441.921214
441.922027
441.919036
441.958021
441.919344
441.883441
441.954711
441.921241
441.989724
441.957234
441.847593
441.919656
441.847896
441.920440
441.881628
441.881945
441.881592
441.986092
441.883390
441.847552
441.955145
441.882891
441.881564
441.881877
441.847851
441.955435
441.917399
441.919896
441.953969
442.027554
441.916714
441.917019
441.918009
441.953366
441.953362
441.847613
441.847906
441.848947
441.849717
441.883267
441.849532
441.850316
441.917541
441.881631
441.881938
441.880302
441.917807
441.883853
441.882427
441.919877
441.848409
441.883567
441.882115
441.914801
441.952195
441.916124
441.846280
441.917736
441.882115
441.880787
441.918333
441.881071
441.916929
441.847063
441.883233
441.883832
441.919892
441.883550
441.880554
441.849246
441.850020
441.916654
441.954208
441.992800
441.993612
441.880007
441.879507
441.880027
441.880793
441.918041
442.066247
441.879195
441.879209
441.880502
441.881285
441.882126
441.881602
441.921809
441.921327
442.031668
441.921758
441.953849
441.953324
441.959554
441.879996
441.880278
441.881351
441.882398
441.882654
441.994396
441.881566
441.882352
441.919613
442.030660
441.881065
441.917984
441.881645
441.850189
441.850193
441.883723
441.883237
441.880048
441.917821
441.881285
441.990765
441.810601
441.847038
441.845460
441.918216
441.957886
441.848283
441.916444
441.882442
441.881974
441.881635
441.847122
441.953138
441.880518
441.881307
441.953649
441.953636
441.954445
441.882113
441.880821
441.915641
441.953960
441.915127
441.882413
441.847930
441.847458
441.881589
441.990215
441.990710
441.882411
441.881932
441.916988
441.878526
441.917968
441.879553
441.915145
441.879549
441.916646
441.808735
441.950450
441.951714
441.951733
441.878967
441.844435
441.917148
441.881101
441.880841
441.915926
441.880353
441.915940
441.880349
441.880335
441.881949
441.882449
441.917223
441.917223
441.881165
441.881151
441.881921
441.881661
441.918303
441.919575
441.917020
441.918278
441.918229
441.918230
441.848128
441.883156
441.845142
441.883429
441.845148
441.880871
441.882678
441.882682
441.992265
441.991783
441.881669
441.882437
441.882937
441.916442
441.916438
441.881153
441.881649
441.881619
441.845473
441.990782
441.810639
441.811448
441.810182
441.809625
441.846257
441.846257
441.884501
441.846237
441.884227
441.846250
441.883758
441.847083
441.848673
441.848395
441.955161
441.848389
441.811759
441.882320
441.811763
441.845790
441.809654
441.845772
441.846187
441.845734
441.810657
441.844208
441.846973
441.846734
441.957937
441.847074
441.846762
441.847254
441.849688
441.850769
441.850013
441.922821
441.989718
441.989673
441.991287
441.883975
441.884768
441.882740
441.991305
441.924059
441.884472
441.883735
441.991387
441.991398
441.988321
441.989656
441.849713
441.885086
441.881149
441.881635
441.916414
441.880347
441.881154
441.881640
441.915150
441.880655
441.991249
442.028222
441.956404
441.990436
441.951439
441.952512
441.917683
441.951462
441.950938
441.952275
441.988317
441.916936
441.986287
442.024945
441.954053
441.952226
441.953777
441.919288
441.918224
441.952586
441.953381
441.956783
441.848382
442.068238
442.028339
441.989731
441.955711
441.992643
441.990816
441.882413
441.915852
441.917443
441.952603
441.953399
441.957594
441.849183
442.028356
441.989731
441.955719
441.992647
441.917474
441.990276
441.915928
441.989940
441.882645
441.953303
441.881902
441.992108
441.883696
441.847855
441.847866
441.811449
441.810967
441.812233
441.812220
441.810969
441.811737
441.812026
441.881108
442.026542
441.881098
441.919500
441.812414
441.811150
441.810346
441.881914
441.847575
441.847575
441.811956
441.810852
441.812735
441.811471
441.846281
441.847560
441.847862
441.848654
441.849146
441.812253
441.813058
441.882682
441.848676
441.849158
441.917241
441.880650
441.915445
441.881929
441.881434
441.915462
441.915459
441.917763
442.024028
441.881106
441.881894
441.882400
441.915939
441.958411
441.994983
441.957808
441.957929
441.994491
441.958850
441.924887
441.995263
441.992530
441.958522
442.029946
441.883135
441.884750
441.881864
441.883242
441.849251
441.919336
441.953324
441.921441
441.848596
441.850170
441.850795
441.956666
441.956666
441.919062
441.812778
441.812480
441.846297
441.848281
441.812975
441.812677
441.918574
441.848584
441.848585
441.848886
441.845981
441.814557
441.885586
441.849179
441.811736
441.811434
441.847578
441.845000
441.846277
441.846769
441.847050
441.812213
441.812505
441.844459
441.811912
441.812217
441.810118
441.849952
441.844988
441.811458
441.846267
441.846282
441.812262
441.847559
441.845738
441.845729
441.811153
441.811216
441.810919
441.847543
442.035561
441.916662
441.882936
441.883413
441.956662
441.956666
441.997413
441.997412
441.997430
441.996925
441.956662
441.956676
441.956676
441.956666
442.035058
441.812729
441.811934
441.848282
441.814322
441.813517
441.880538
441.881320
441.919864
441.847835
441.846257
441.881574
441.845512
441.845483
441.952259
441.880286
441.919054
441.846253
441.844679
441.923074
441.885253
441.918548
441.918518
441.919674
441.918816
441.918800
441.919012
441.886146
441.918797
441.885373
441.918509
441.915923
441.916424
441.960693
441.992231
441.954448
441.954434
441.922875
441.922482
442.033521
441.956983
441.994462
441.958760
441.920903
441.920917
441.994854
441.919630
441.921217
441.995245
441.920121
441.955284
441.956681
441.958208
441.921148
441.957039
441.957489
441.921169
441.954728
441.991953
441.953324
441.989122
441.953419
441.989920
441.921177
441.956851
441.920055
441.992185
441.996863
442.029586
441.996142
442.029604
441.961308
441.996589
441.955936
441.957003
441.955934
441.957003
441.954967
441.954951
441.961517
441.993774
441.996832
441.959938
441.996283
441.880011
441.987602
441.881805
441.879809
441.846290
441.881517
441.845506
441.879026
441.881583
441.881306
441.988357
441.882084
441.879309
441.845307
441.880027
441.881809
441.954693
441.881388
441.848656
441.916744
441.954671
441.847854
441.881395
441.954968
441.880860
441.847645
441.880368
441.918546
441.954952
441.885585
441.954935
441.881330
441.848102
441.918493
441.919290
441.953652
441.954934
441.917978
441.958487
441.959299
441.919616
441.919616
441.886435
441.922749
441.958764
441.880481
441.879675
441.916419
441.914507
441.881042
441.991882
441.880544
441.880256
441.881840
441.881330
441.881054
441.954647
441.917676
441.813788
441.813331
441.812228
441.847918
441.849514
441.881151
441.882747
441.917989
441.881931
441.882927
441.916460
441.847365
441.847350
441.919875
441.919583
441.880833
441.882135
441.846738
441.848016
441.846791
441.848066
441.849104
441.848630
441.849899
441.846511
441.848097
441.846719
441.847535
441.883697
441.847229
441.848809
441.813292
441.884003
441.848121
441.885294
441.953876
441.920492
441.920507
441.922081
441.922071
441.852246
441.886638
441.849673
441.850686
441.925010
441.924984
441.882880
441.883196
441.884765
441.884758
441.884288
441.884474
441.884767
441.885558
441.883978
441.882391
441.885388
441.886210
441.885909
441.885108
441.884324
441.846791
441.919352
441.918845
441.957483
441.957943
441.881564
441.955506
441.920238
441.921070
441.920769
441.921516
441.920731
441.916368
441.920715
441.920717
441.922780
441.848391
441.848908
441.881873
441.881903
441.848421
441.847561
441.847594
441.883153
441.954936
441.954656
442.029606
442.029231
442.029714
441.955980
441.916837
441.955995
442.065226
441.991387
441.956306
441.918442
441.918446
441.919463
441.919963
441.919450
441.988900
441.957975
441.851301
441.884533
441.851297
441.850798
441.918999
441.918510
441.955232
441.883451
441.849709
441.882453
441.882488
441.993519
441.882984
441.920104
441.846789
441.885583
441.883676
441.885286
441.882678
441.918036
441.846799
441.880859
441.880626
441.881134
441.881156
441.919145
441.846632
441.882514
441.992616
441.846822
441.917712
441.846524
441.880044
441.879880
441.813574
441.813276
441.848179
441.917763
441.954669
441.848655
441.881402
441.881256
441.958399
441.846541
441.848892
441.885075
441.883996
441.880834
441.880823
441.882405
441.919119
441.846131
441.992935
441.994017
441.845824
441.918017
441.879365
441.812591
441.882867
441.881307
441.883904
441.885004
441.847259
441.954104
441.847873
442.028093
441.954474
441.954467
442.029158
441.952834
441.952830
441.918641
441.919607
441.882193
441.881693
441.848452
441.847966
441.882449
441.954160
441.955208
441.883669
441.813542
441.814352
441.848869
441.921060
441.956449
441.956126
441.992368
441.955446
441.988975
441.920578
441.955967
441.955643
441.991886
441.990273
442.067482
441.954968
441.988489
441.991750
441.921708
441.957097
441.956787
441.922940
441.956577
441.990839
441.922603
441.955715
441.884211
441.994512
441.887533
441.956996
441.921173
441.993783
441.921734
441.922177
441.918504
441.887564
441.956345
441.917683
441.885357
441.956132
442.027264
441.918783
441.919296
441.955195
441.917527
441.919678
441.992817
441.880612
441.879499
441.878697
441.881047
441.881335
441.919746
441.882749
441.918631
441.951818
441.916179
441.881400
441.879484
441.881830
441.882132
441.916360
441.951536
441.914139
441.916524
441.915474
441.914626
441.948673
441.916955
441.916119
441.915332
441.881185
441.881955
441.916191
441.951225
441.917221
441.916919
441.916132
441.915646
441.848460
441.849230
441.880272
441.880337
441.880060
441.919076
441.914674
441.914325
441.880312
441.918269
441.885443
441.886212
441.953365
441.914840
441.881626
441.916436
441.881363
441.915689
441.850332
441.851111
441.919288
441.881367
441.918631
441.882149
441.882791
441.884177
441.920327
441.997896
441.884644
441.884083
441.920200
441.881698
441.847539
441.918550
441.881876
441.846795
441.846722
441.847791
441.917753
441.917188
441.879547
441.881132
441.916521
441.917732
441.880780
441.882365
441.881565
441.846740
441.882137
441.846756
441.954816
441.951190
441.951969
441.951021
441.918282
441.916722
441.916225
441.919704
441.955830
442.027179
441.919214
441.883406
441.916897
441.883180
441.919509
441.882918
441.882673
441.918100
441.997849
441.919915
441.885714
441.955837
441.883546
441.989536
441.885993
441.918533
441.992965
441.884149
441.883070
441.917362
441.956307
441.885993
441.920323
441.997911
441.885114
441.920218
441.920005
441.885818
441.884090
441.883399
441.919553
441.919047
441.917136
441.914260
441.915368
441.917238
441.917027
441.915167
441.916921
441.881121
441.953855
441.850556
441.886678
441.920530
441.956001
441.955036
441.849462
441.958124
441.916677
441.883136
441.953026
441.952494
441.916974
441.883448
441.953608
441.917517
441.880480
441.885570
441.881286
441.953733
441.917926
441.954561
441.918449
441.917771
441.954541
441.882625
441.880298
441.881002
441.882931
441.881565
441.881594
441.921790
441.918328
441.997107
441.990693
441.990588
442.067718
441.990704
441.989728
442.067730
441.990310
442.106918
441.920835
441.882329
441.997287
441.881229
441.917659
441.883097
441.881536
441.917960
441.954793
441.954403
441.954419
441.958066
441.921212
441.919607
441.957245
441.952599
441.923927
441.959037
441.955434
441.955449
441.992626
442.030785
441.995720
441.993030
441.954383
441.955694
441.919620
441.921223
441.990818
441.956603
441.849120
441.849617
441.955085
441.919591
441.954609
441.849118
441.849414
441.956169
441.920661
441.954895
441.849399
441.958996
441.957430
441.919025
441.881838
441.881828
441.992064
441.852299
441.957608
441.886062
441.886853
441.957361
441.992116
441.887652
441.958154
441.886857
441.991624
441.994372
441.918255
441.919556
441.885253
441.885534
441.920115
441.991887
441.993833
441.959821
441.920619
441.884194
441.993654
441.884203
441.957742
441.956868
441.918817
442.028066
441.884776
441.993034
441.959349
441.959517
441.884720
441.995770
441.994947
442.030200
441.883437
441.954943
441.994882
442.028880
441.921580
441.921217
441.955731
441.921567
441.957201
441.920442
441.955284
441.917674
441.919759
441.953974
442.032648
441.918466
441.918654
441.955222
441.923146
441.991667
442.032683
441.921991
441.992924
441.922331
441.957979
441.921206
441.956047
441.954450
441.990352
441.918734
441.995114
441.956373
441.957158
441.995901
441.846010
441.847086
441.846807
441.847887
441.845450
441.879004
441.846255
441.986808
441.880291
441.879005
441.844992
441.844678
441.845491
441.844664
441.878535
441.844170
441.844653
441.844185
441.844649
441.878189
441.878969
441.878486
441.810356
441.811143
441.915802
441.879474
441.879796
441.811158
441.811946
441.880581
441.880259
441.881063
441.991239
441.958225
441.992910
441.884804
441.885301
441.878463
441.878463
441.879263
441.879745
441.878961
441.845761
441.846498
441.845450
441.847564
441.881049
441.879790
441.880256
441.844155
441.845214
441.844481
441.846300
441.953051
441.844991
441.845454
441.845716
441.846262
441.846792
441.884252
441.885350
441.885635
441.922610
441.957826
441.921838
441.957359
441.922452
441.884024
441.919311
441.957036
441.920643
441.959964
442.034235
441.884608
441.956880
442.069769
441.920140
442.024118
441.990261
441.989518
441.990669
442.067955
441.990474
441.918830
441.953864
441.987189
441.953924
441.953717
442.066339
441.952307
441.987354
441.919655
441.955188
441.955617
441.955344
441.992703
441.919593
441.954553
441.996863
441.919615
441.885092
441.923635
441.959255
441.921206
441.954446
441.919241
441.990352
441.884204
441.882157
441.917701
441.916979
441.883526
441.953350
441.917468
441.883671
441.884214
441.993828
441.956374
441.919335
441.956088
441.924075
441.958697
441.918805
441.884436
441.918837
441.922853
441.958487
441.920442
441.918964
442.033951
441.919747
441.845942
441.845660
441.885214
441.851033
441.958552
441.887450
441.885633
441.883678
441.882587
441.921241
441.920126
441.919131
441.885589
441.921091
441.920093
441.885573
441.885626
441.886060
441.920701
441.885085
441.954653
441.883970
441.883664
441.922229
441.883685
441.886405
441.922049
441.885266
441.994573
441.991752
441.846537
441.953097
441.917714
441.916425
441.880582
441.916097
441.988393
442.026431
441.917552
441.917567
441.882773
441.883241
441.881927
441.881955
441.881335
441.917381
441.990206
441.811932
441.812719
441.989428
441.810352
441.811143
441.843655
441.884135
441.884619
441.881332
441.883367
441.883049
441.916871
441.880248
441.847034
441.953861
441.953853
441.881880
441.881859
441.849127
441.954669
441.848339
441.883439
441.882939
441.918558
441.916970
441.917761
442.030126
441.882114
441.848087
441.918741
441.917176
441.917429
441.916131
441.952579
441.882921
441.953184
441.988924
441.988915
442.066048
442.066050
441.920943
441.919882
441.921916
441.884515
441.915331
441.989461
441.957059
441.847155
441.958004
441.919893
441.883482
441.953110
441.919122
441.882086
441.882103
441.956034
441.919899
441.881671
441.992555
442.025439
441.915962
441.915971
441.952290
441.916963
441.918268
441.952286
441.917772
441.958497
441.991879
441.882407
441.882412
441.918255
441.883427
441.918265
441.883412
441.955488
441.956254
441.991581
441.991590
441.920734
441.920224
441.920224
442.068017
441.886363
441.850758
441.887923
441.852824
441.925781
441.925308
441.850446
441.849129
441.851519
441.995568
441.883223
441.918824
441.919626
441.882556
441.917611
441.916846
441.848363
441.955214
441.879759
441.878961
441.917492
441.879991
441.880808
441.882393
441.916622
441.917769
441.917147
441.915312
441.916109
441.953089
441.882183
441.848166
441.955008
441.913819
441.879784
441.952296
441.845984
441.882606
441.953861
441.918228
441.846786
441.917439
441.918041
441.883423
441.955165
441.845778
441.879809
441.880530
442.028026
441.994576
441.991659
441.885814
441.885629
441.920127
441.919309
441.991764
441.883493
441.953857
441.954667
441.990767
441.921135
441.919568
441.920646
441.919015
441.956258
441.920665
441.917275
441.920123
441.848345
441.954373
441.919890
441.954940
441.920938
441.918900
441.883523
441.919978
441.918349
441.884205
441.918241
441.951153
441.917545
441.954383
441.955505
441.990537
441.882122
441.956439
441.885101
441.920490
441.953058
441.920170
441.919034
441.918773
441.919552
441.883171
441.881591
441.882490
441.882383
441.881579
441.881702
441.880820
441.987600
441.953046
441.915848
441.882623
441.917146
441.881843
441.916675
441.918461
441.916882
441.847806
441.881848
442.031001
441.921739
441.923515
441.885569
441.993717
441.920807
441.919623
441.920969
441.921944
441.955509
441.918798
441.921694
441.849919
441.955948
441.923801
441.921749
441.921665
441.882118
441.848369
441.882610
441.848861
441.919576
441.955142
441.920063
441.882724
441.883043
441.919983
441.993445
441.954400
441.920154
442.034473
441.919681
441.957546
441.923331
441.847049
441.848328
441.846253
441.957181
441.955765
441.955746
441.957310
441.957300
441.921239
441.921235
441.924476
441.882436
441.847910
441.953159
441.953684
442.063172
441.884705
441.883122
441.919901
441.849187
441.922229
441.814661
441.920180
441.848655
441.921451
441.920675
441.956278
442.030444
441.884235
441.956029
441.956058
441.956353
441.989213
441.921138
441.955768
441.920375
441.919600
441.955175
441.919336
441.918040
442.029359
441.918015
441.955162
441.955162
441.848389
441.882163
441.882934
441.881642
442.024068
441.916815
441.916315
441.915510
441.952097
441.847599
441.847647
441.917247
441.881363
441.917255
441.881370
441.881376
441.847613
441.919843
441.885052
441.921106
441.919066
441.884282
441.919555
441.881902
441.954355
441.991001
441.991319
441.918814
441.884250
441.884263
441.991011
441.915910
441.917245
441.882685
441.952943
441.953267
441.882713
441.989450
441.918026
441.918304
442.028846
441.919322
442.025960
441.988716
441.919875
441.954662
441.988683
441.954653
441.920651
441.919355
442.030717
441.881905
441.881631
441.881139
441.989712
441.990222
442.024014
441.883237
441.882741
441.918057
441.918044
441.881937
441.881955
441.953662
441.920182
441.952380
441.988671
441.918900
441.916926
442.030219
441.954174
441.953134
441.918881
441.919342
441.881932
441.918049
441.914574
441.881134
441.846625
441.880602
441.916222
441.883126
441.881547
441.954094
441.883526
441.883997
441.882746
441.955640
441.883218
441.919058
441.847593
441.918558
441.920091
441.813084
441.882127
441.881346
441.918046
441.952013
441.918453
441.955116
441.916694
441.882658
441.847061
441.920077
441.918527
441.990232
441.883760
441.884042
441.882981
441.883147
441.954455
441.884524
441.884820
441.885102
441.920066
441.918518
441.882127
441.880835
441.846809
441.917742
441.881088
441.918531
441.917750
441.881591
441.881077
441.883157
441.881085
441.881073
441.917754
441.846823
441.919051
441.919528
441.951783
441.918263
441.917967
441.987889
441.955257
441.990471
441.990207
441.990349
441.956082
441.916667
441.953607
441.953476
441.917183
441.952806
441.880609
441.918288
441.916167
441.881921
441.847405
441.953553
441.919902
441.847062
441.813028
441.918571
441.881963
441.847913
441.955723
441.813862
441.921187
442.030230
442.029122
441.884782
441.956296
441.917447
441.917437
441.918312
441.954121
441.882234
441.848180
441.916912
441.953644
441.880958
441.955207
441.916921
441.957666
441.882271
441.848230
441.882447
441.882228
441.954738
441.844172
441.880291
441.880312
441.916197
441.916689
441.990904
441.919048
441.846791
441.880808
441.914561
441.916155
441.846766
441.917504
441.883478
441.921375
441.919337
441.882954
441.882174
441.919642
441.956515
441.957531
441.813030
441.846273
441.919855
441.883448
441.812253
441.845496
441.919084
441.882664
441.882096
441.882098
441.955469
441.810131
441.882953
441.883448
441.918524
441.846260
441.846270
441.956743
441.955963
441.918303
441.917793
441.881904
441.881432
441.883192
441.919869
441.919850
441.921932
441.921922
441.957770
441.958257
441.919113
441.847320
441.847801
441.848359
441.846766
441.885330
441.916903
441.917701
441.847915
441.882438
441.881145
441.881622
441.882135
441.916145
441.881652
441.884579
441.920213
441.882402
441.881594
441.955175
441.849935
441.884475
441.883186
441.953915
441.849166
441.883707
441.882120
441.916929
441.882121
441.920389
441.849629
441.957500
441.957987
441.992505
441.918806
441.847554
441.847802
441.846225
441.917074
441.917843
441.989840
441.952532
441.883346
441.988143
441.917470
441.917983
441.883415
441.951204
441.916674
441.916412
441.882637
441.953774
441.988319
441.951165
441.916467
441.915681
441.953426
441.953433
441.918110
442.031133
441.955264
441.954139
441.953130
441.990878
441.919592
441.920235
441.886034
441.997164
441.998078
441.956774
441.955878
441.917330
441.918876
441.884074
441.997585
441.954827
441.955789
441.919421
441.919407
441.953931
441.919720
441.919149
441.989356
441.919398
441.953921
441.919720
441.916373
441.919693
441.953658
442.032714
441.955364
441.952549
441.917907
441.881329
441.914889
441.917433
441.916766
441.915366
441.881810
441.881293
441.915104
441.953281
442.066696
441.950996
441.951510
441.952826
441.951813
441.954103
441.953814
441.954138
441.917298
441.921347
441.884559
441.920280
441.917468
441.916968
441.916779
441.916689
441.882180
441.918283
441.918551
441.918845
441.917476
441.916698
441.988177
441.882976
441.919187
441.955608
441.920097
441.920087
441.920997
441.956095
441.954251
441.919107
441.919088
441.916157
441.916944
441.920473
441.955571
441.988216
441.920758
441.885479
442.029938
441.918007
441.920580
441.920837
441.845957
441.847235
441.845491
441.878478
441.879751
441.881086
441.880291
441.913302
441.879799
441.845010
441.846769
441.846257
441.845461
441.878484
441.845481
441.846290
441.951764
441.845791
441.845010
441.878810
441.878488
441.846293
441.845513
441.845469
441.844191
441.809748
441.843345
441.811333
441.809743
441.844822
441.811329
441.845137
441.810858
441.810359
441.845439
441.845727
441.883982
441.884465
441.880581
441.881375
441.917117
441.917132
441.918205
441.918691
441.990241
441.989976
441.882362
441.915611
441.915340
441.882427
442.035717
442.033762
441.963599
441.920895
441.920909
441.960892
441.923303
441.923799
441.922510
441.961812
441.920121
441.952598
441.922050
441.918353
441.990983
441.995269
441.886452
441.921611
441.919884
441.885639
441.958249
441.923202
441.960281
441.997736
441.919938
441.919430
441.953527
442.031503
441.954949
441.954153
441.959481
441.884970
441.958090
441.850244
441.884288
441.994283
441.849930
441.847579
441.882656
441.848407
441.847610
441.887102
441.815099
441.848311
441.884751
441.812748
441.847751
441.847267
441.881664
441.880867
442.031185
441.959171
441.916682
441.917448
441.917170
441.884202
441.957309
441.883852
441.850291
441.882744
441.849994
441.993511
441.954392
441.881960
441.848409
441.881627
441.848881
441.883562
441.880930
441.881674
441.883736
441.881849
442.026037
441.882661
441.882175
441.921695
441.849203
441.848605
441.883736
441.918309
441.882689
441.847357
441.881632
441.882117
441.881360
441.881360
441.919325
441.847315
441.990744
442.026045
441.881550
441.882372
441.881893
441.920905
441.849378
441.848313
441.883726
441.922236
441.919630
441.993890
441.919638
441.959767
441.960229
441.992779
441.994628
441.956421
441.922504
441.956759
441.994279
441.993167
442.032229
441.960263
441.881907
441.918260
441.882653
441.847090
441.880554
441.882659
441.881565
441.847608
441.883177
441.882141
441.847323
441.883250
441.848431
441.883427
441.920383
441.917479
441.917979
441.916686
441.883147
441.883394
441.956536
441.849402
441.993550
441.958693
441.996466
441.959735
441.954424
441.954438
442.031591
441.993733
441.883487
441.881875
441.883487
441.884489
441.884744
441.920404
441.918799
441.919310
441.918283
441.918012
441.918001
441.917523
441.994152
441.957783
441.961432
441.960952
441.997304
441.886164
441.886470
441.958999
441.956563
441.957059
441.955756
441.922366
441.921280
441.921582
442.032430
441.992995
442.034682
442.034660
442.028359
441.999026
441.926973
441.999705
442.035239
441.955682
441.920660
441.954333
441.990006
442.028063
441.957283
441.922744
441.921487
442.028097
441.921979
441.921948
441.921468
441.953903
441.991903
441.955338
441.991504
441.922590
442.031419
442.028795
442.000252
441.962902
441.922799
441.957074
441.962824
442.000160
441.998232
441.963041
441.845963
441.883173
441.954037
441.919351
441.918237
441.846569
441.847334
441.918543
441.846550
441.812275
441.846783
441.881329
441.813054
441.847548
441.812274
441.846768
441.845448
441.845464
441.847049
441.814035
441.813236
441.811933
441.848350
441.845460
441.846238
441.809799
441.812430
441.845747
441.811477
441.845032
441.882378
441.846215
441.845714
441.812268
441.882115
441.845823
441.845211
441.810923
441.810920
441.813035
441.847055
441.846464
441.846765
441.845442
441.845752
441.882993
441.917489
441.919881
441.917746
442.026567
441.916663
441.920171
441.918025
441.956924
441.882140
441.880318
441.881076
441.883438
441.887246
441.954756
441.916469
441.951825
441.916995
441.949978
441.918570
442.025251
441.915376
441.915652
441.916471
441.918874
441.916728
441.846776
441.883442
441.887062
441.881863
441.884931
441.882168
441.916719
441.918025
441.883406
441.884229
441.916642
441.916948
441.919750
441.885301
441.886083
441.919767
441.882134
441.881584
441.882425
441.886147
441.850194
441.847825
441.926329
441.886367
441.882641
441.849121
441.918726
441.848323
441.881371
441.882130
441.848128
441.919019
441.918828
441.882661
441.991033
441.915894
441.953555
441.953032
442.028265
441.955467
441.919872
441.849102
441.955968
441.882349
441.955095
441.953518
442.028782
441.954139
441.955478
441.919868
441.883407
441.955987
441.916658
441.915155
441.918477
441.882144
441.991005
441.915391
441.953532
441.847283
441.954157
441.880512
441.845990
441.919324
441.916890
441.917686
441.879219
441.917219
441.916910
441.989477
441.950143
441.953818
441.953028
442.028738
441.953027
442.029061
441.956265
441.955407
441.849414
441.956266
441.882661
441.920184
441.919888
441.884690
442.028743
441.953032
442.029077
441.953144
441.988089
441.917160
441.917746
441.990762
441.954124
441.956287
441.883706
441.956277
441.916949
441.920166
441.849718
441.955524
441.883538
441.850794
441.882935
441.883839
441.920677
441.850776
441.883463
441.991728
441.883248
441.916442
441.917190
441.915686
441.915649
441.953129
441.881137
441.848394
441.917173
441.881470
441.847919
441.845808
441.845800
441.881677
441.881432
441.882286
441.992454
441.881068
441.883486
441.881860
441.954666
441.881400
441.848653
441.881254
441.918534
441.848177
441.880831
441.880827
441.952843
441.881937
441.882140
441.883014
441.953052
441.953038
441.881824
441.881512
441.848903
441.885009
441.957400
441.884771
441.849426
441.813009
441.884180
441.848836
441.811924
441.884494
441.812736
441.958413
441.882299
441.885520
441.882308
441.959195
441.956803
441.846304
441.846008
441.844994
441.846277
441.846001
441.847332
441.882347
441.845003
441.917784
441.846578
441.845493
441.846248
441.846535
441.846614
441.883912
441.882913
441.882349
441.881316
441.847326
441.884524
441.847955
441.812427
441.810636
441.811442
441.810331
441.810950
441.810954
441.882585
441.810634
441.810644
441.811436
441.777183
441.811718
441.811742
441.776109
441.811426
441.811471
441.811948
441.812233
441.811734
441.811749
441.777552
441.776297
441.777368
441.885391
441.957279
441.994294
441.886210
441.884600
442.030704
442.027417
441.989968
441.882130
441.988969
441.917759
441.915374
441.916780
442.026630
441.989485
441.955413
441.918004
441.954941
441.917709
441.955746
441.916640
441.915159
441.881915
441.990230
441.954174
441.988973
441.955471
441.990590
441.916464
441.883220
441.918854
442.028873
441.952281
441.951503
441.919042
441.918264
441.918047
441.955184
441.915853
441.882613
441.883944
441.882965
441.884024
441.883044
441.881591
441.847582
441.882378
441.848366
441.996174
441.883762
441.918262
441.919880
441.916972
442.026566
441.916659
441.920171
441.918025
441.882125
441.916142
441.919040
441.917009
441.915838
441.916123
441.916941
441.919341
441.917195
441.954468
441.886494
441.885619
441.957505
441.994520
441.883668
441.885018
442.032597
441.989252
441.989256
441.918841
441.917523
441.884328
441.887599
441.955735
441.886494
441.885609
441.885449
441.885394
441.995051
441.994194
442.031252
442.030422
441.961003
441.955734
441.990480
441.989671
441.996253
441.958862
441.887520
442.029729
441.993184
441.995585
441.956099
441.921761
441.921755
441.921858
442.072232
441.992472
441.955699
441.997487
441.917666
441.883657
441.954938
441.882613
441.917628
441.990608
442.000528
441.885921
441.919833
441.883451
441.850180
441.921902
441.920127
441.954147
441.918022
441.954674
441.917452
441.884193
441.919869
441.919574
441.920104
441.849158
441.885302
441.991910
441.955367
441.882434
441.916930
441.919823
441.954082
441.955620
441.959440
441.921396
441.958343
441.955669
441.954155
441.920623
441.989953
441.954140
441.955686
441.994784
441.992384
441.921783
441.921769
441.956120
441.956914
441.957202
441.995453
441.996697
442.035673
441.921080
442.033109
441.918817
441.953840
441.917656
441.917953
441.990150
441.885931
441.918415
441.918415
441.995239
441.995226
441.850170
441.921233
441.919302
441.919298
441.884791
441.885846
441.885367
441.883982
441.884759
441.884618
441.919570
441.920878
441.920653
442.030393
441.918000
441.955373
441.991809
441.954853
442.029301
441.917990
441.883459
441.918296
441.811140
441.812950
441.810637
441.814038
441.815126
441.923085
441.921798
441.961356
441.883130
441.882103
441.882831
441.849421
441.847831
441.850225
441.851837
441.852782
441.884452
441.886043
441.812749
441.814340
441.847815
441.849405
441.849696
441.847868
441.814337
441.848845
441.848651
441.849955
441.885316
441.848395
441.848052
441.847580
441.925052
441.847566
441.920624
441.887089
441.886324
441.955683
441.920168
441.990153
441.994524
441.995032
441.996782
442.029109
442.032408
441.884080
441.882849
441.920189
441.917663
441.991676
441.995107
441.920486
441.993150
441.920901
441.991479
441.885146
441.955511
441.956010
441.921256
441.954688
441.957900
441.993953
441.923050
441.992286
441.957076
441.956228
442.027919
441.994283
441.919793
441.920258
441.919959
441.848893
441.883928
441.882101
441.847817
441.846260
441.915839
441.880277
441.916158
441.880804
441.915378
441.881147
441.882691
441.882981
441.918089
441.954208
442.030360
441.885361
441.954944
441.960992
441.917748
441.920623
441.885741
441.921676
441.919287
441.956628
441.959720
441.920383
441.917630
441.989960
441.887422
441.919347
441.958105
441.955693
441.918486
441.953501
441.954361
441.993964
441.919694
441.954432
441.956505
441.921357
441.992616
441.992228
441.919436
441.954154
441.953363
441.918270
441.954718
441.989457
441.917172
441.990770
441.921383
441.992161
441.992234
441.956226
441.991502
441.919403
441.920761
441.920109
441.920447
441.990977
441.990517
441.883234
441.917193
442.028939
441.917990
441.989592
441.953022
441.989109
441.955394
441.954698
441.954356
441.951205
441.990843
442.061864
441.918790
441.953808
441.956194
441.955197
442.026111
441.952012
441.952792
441.915166
441.917760
441.916780
441.916916
441.988954
441.989464
441.950156
441.917756
442.027136
442.029059
441.916467
441.954592
441.951503
441.954603
441.987836
441.953631
441.990494
441.949639
441.958577
441.992309
441.885709
441.955767
441.884887
441.919911
441.920874
441.957298
441.992323
441.954134
441.954630
441.954128
441.994068
441.921771
441.918503
441.992632
441.956901
441.990155
441.955715
441.956043
441.992513
441.956721
442.027799
441.884795
441.919820
441.991743
441.920137
441.955165
441.956926
442.032436
442.031161
441.998447
441.921261
441.885058
441.918808
441.917497
441.956920
442.067306
441.956554
441.956580
441.919395
441.916452
441.951470
441.920470
441.884751
441.918501
441.958508
441.956445
441.919619
441.954637
441.955919
441.989965
441.919388
441.884859
441.885618
441.848132
441.849223
441.952735
441.951943
441.916959
441.882972
441.950661
441.916652
441.952520
441.882650
441.952004
441.953319
441.886904
441.886091
441.955536
441.884286
441.958015
441.848074
441.953601
441.879518
441.846289
441.922233
441.846238
441.886622
441.992599
441.920882
441.921103
441.881803
441.955714
441.884740
441.886375
441.885906
441.919005
441.884060
441.885288
441.957274
441.955372
441.919856
441.920350
441.920278
441.919672
441.955114
441.849948
441.814320
441.884000
441.886648
441.886179
441.918771
441.884804
441.919294
441.885560
441.850190
441.883414
441.956760
441.956965
441.918274
441.884723
441.885519
441.918261
441.990797
441.919561
441.844868
441.845663
441.844702
441.844070
441.844353
441.844852
441.845149
441.844154
441.844158
441.958765
441.994099
441.881351
441.882927
441.883221
441.919133
441.953909
441.959057
441.922027
441.990314
441.919931
441.955985
441.954386
442.026615
441.881294
441.918497
441.918612
441.954074
441.846596
441.918003
441.919573
441.881298
441.991421
441.991112
441.918645
441.881159
441.847400
441.920392
441.884604
441.848396
441.847604
441.885866
441.881808
441.954695
441.882121
441.883988
441.994022
441.879847
441.986308
441.880651
441.846629
441.813378
441.882100
441.992916
441.961229
441.916186
441.916196
441.950950
441.917466
441.917024
441.917506
441.950946
441.948649
441.914323
441.913876
441.914347
441.948621
441.848526
441.882247
441.849516
441.847830
441.848626
441.883237
441.880637
441.881088
441.882691
441.881058
441.883679
441.884227
441.881094
441.953837
441.882205
441.883198
441.953841
441.884248
441.919094
441.882908
441.882108
441.883227
441.849506
441.919625
441.991386
441.993492
441.814620
441.813857
441.848078
441.847796
441.883286
441.814333
441.883459
441.813570
441.880864
441.880573
441.847329
441.847033
441.882374
441.882103
441.847654
441.847850
441.846580
441.880095
441.848613
441.848343
441.848136
441.847863
441.885047
441.920602
441.883650
441.883973
441.919842
441.847366
441.847304
441.846618
441.846541
441.847836
441.882669
441.884274
441.846559
441.953362
441.882085
441.882102
441.811775
441.879767
441.879766
441.811477
441.878988
441.951737
441.881804
441.847576
441.881821
441.879833
441.845812
441.847581
441.847370
441.847389
441.845773
441.845490
441.845239
441.844479
441.845467
441.918548
441.882409
441.885728
441.883462
441.883713
441.812792
441.918578
441.880276
441.879846
441.846319
441.881532
441.880773
441.919580
441.882852
441.921474
441.958974
441.958667
441.992202
441.883937
441.992721
441.960422
441.885022
441.957349
441.883962
441.993535
441.994324
441.995043
441.995850
441.956011
441.956028
441.954461
441.954442
441.962271
442.030287
442.031586
441.956247
441.955751
441.955247
441.993993
441.994007
441.918760
441.919336
441.954915
441.920453
441.953296
441.952501
441.921823
441.993053
441.994821
441.884238
441.955551
441.882417
441.884017
441.883421
441.954967
441.956706
442.031138
441.956077
441.990907
441.953664
441.991404
441.956706
442.031140
441.990922
441.991406
441.955816
442.032712
441.992511
441.992971
442.032716
441.954546
441.992501
441.992971
442.032425
441.956707
441.990119
441.956249
441.954946
442.032423
441.956084
441.956703
441.990113
441.886198
441.923692
441.924163
441.993593
441.883638
441.954399
441.883926
441.955181
441.990941
441.883643
441.883129
441.916965
441.883447
441.920331
441.922600
441.994406
442.031780
442.033555
441.989210
441.954684
441.883150
441.884726
441.989662
441.991105
441.883260
441.882448
441.991097
441.958997
441.953367
441.919234
441.883405
441.852401
441.959330
441.887522
441.814574
441.882322
441.847290
441.848572
441.848105
441.922794
441.923195
441.852076
441.882358
441.884738
441.882951
441.916477
441.960923
441.995736
441.958121
441.960161
441.960645
441.995544
441.960171
441.960161
441.957399
441.919393
441.919735
441.921501
442.031391
441.921847
441.921345
442.029477
441.956377
442.034974
442.035463
441.961125
441.961780
442.043677
441.959450
442.124104
441.995549
441.960158
441.961447
441.996047
442.066670
441.997177
441.920547
441.919266
441.920503
442.029255
441.993279
441.994582
441.998842
442.068863
442.070153
441.920516
441.919734
441.956473
441.922086
441.922570
441.994315
441.921057
441.920759
441.920267
441.955633
441.956128
441.955602
442.030565
442.033199
442.024056
442.032090
442.025884
441.953114
441.953138
441.955504
441.955993
441.953616
441.919874
441.954429
442.029479
441.961244
441.958975
441.956873
441.956873
442.028974
442.031148
441.995568
441.990782
442.067385
441.958106
442.107737
441.921433
441.992913
441.959989
441.922495
441.922170
441.956090
441.960075
441.957042
441.920109
441.920701
441.960305
442.070902
441.887591
442.042566
442.160738
442.036739
442.036268
442.073408
442.076551
442.073398
442.076044
442.112582
442.029241
441.960045
442.029899
441.959708
441.998230
442.125463
441.996970
441.926197
441.997352
442.037767
441.995004
441.995489
442.031680
442.002632
442.068056
442.073265
442.073393
441.995503
441.996291
442.149558
441.993687
441.992935
441.995640
442.029891
442.030760
442.064650
441.991659
442.031394
442.071398
442.072831
441.994433
442.148993
441.963347
441.962391
442.108473
442.032714
442.033499
442.109792
442.032093
442.109688
442.108942
441.993048
442.028182
442.071282
441.993038
441.993052
442.028168
442.028196
442.070477
442.027360
442.070480
442.108939
441.993691
441.991839
441.955187
442.025300
441.990716
441.989682
442.103492
441.988854
441.989572
441.989354
441.989557
441.990546
441.960414
441.994187
442.029280
442.072225
442.072211
441.994215
441.959459
442.029308
442.105066
442.069939
441.958411
441.958425
441.993527
441.993568
442.035846
441.994707
441.994202
442.035832
442.069939
442.148720
441.926187
441.997355
442.003112
442.036961
442.002156
441.995001
442.148239
441.995489
442.072090
442.072480
442.031683
442.068042
442.032467
441.995503
441.996291
441.993684
441.992928
442.029884
442.031223
442.070514
442.030756
442.064647
441.991641
441.993254
442.031380
441.990342
442.026032
441.955311
441.921095
441.990067
442.068052
441.994433
442.148723
442.149964
442.148719
442.149977
441.960400
441.959431
442.105052
442.029293
442.108641
442.108641
441.994187
441.959431
442.029294
442.070735
441.993038
442.028164
442.069980
441.958411
441.958411
441.993541
441.993541
442.036620
442.070294
441.995491
441.994192
442.036620
442.070735
442.148725
441.997854
442.068995
441.990977
441.956735
442.026660
442.064060
441.995004
442.147733
441.995005
441.997133
442.107968
441.996678
442.032213
441.958659
441.991896
442.030420
441.994840
442.069701
442.029452
442.068041
442.031192
442.029757
441.996018
442.108936
442.106431
442.072295
442.033171
442.071807
442.108447
442.106421
441.995005
441.995019
442.029242
442.147740
442.030922
442.031576
441.963849
442.072393
441.998219
441.998835
442.072383
441.997228
442.031384
441.994762
442.113454
442.030757
442.036506
441.997854
442.003614
442.036961
442.036978
442.036898
441.995001
441.994991
441.958659
441.991896
441.994826
442.029438
442.035958
442.071603
442.071978
442.068044
442.031182
442.070025
441.960744
442.038274
442.037789
442.070015
441.994355
442.027173
441.958640
442.037389
441.997623
442.032716
442.032301
442.072482
442.072099
441.995019
441.995019
442.029256
442.030130
442.030785
441.959658
442.036908
442.037192
442.036703
442.112156
442.113906
442.112146
442.113418
442.112663
442.235553
442.071457
441.960839
441.960616
442.070601
441.960005
441.959163
441.959738
442.029624
442.182040
442.030416
442.028735
442.071187
441.960590
441.960333
442.289955
442.288648
442.065541
441.957831
441.992620
441.921182
441.956198
441.887204
441.920378
441.954923
441.955935
441.956434
441.920963
442.027716
441.916962
441.916963
441.954417
441.955925
441.955947
441.920457
441.954943
441.994052
441.920405
441.920110
442.030160
441.993735
441.993723
441.993573
441.919864
441.954859
441.886369
441.849953
441.919356
441.953121
441.954112
441.954610
441.919644
441.883229
442.026407
441.916439
441.916440
441.884221
441.917483
441.955453
441.991545
441.988955
441.918831
441.993522
442.028826
441.992908
441.884789
441.918065
441.955905
441.920150
441.920928
441.955753
441.954408
441.955416
441.993686
441.954593
441.886091
441.920901
441.919589
442.065555
441.957336
441.992620
442.030280
441.959001
441.959010
441.958692
441.958213
441.993810
441.993767
441.957742
441.993820
441.993296
441.923178
441.956606
441.921396
441.920120
441.923459
441.958584
441.990804
441.955105
441.955156
441.956725
442.029384
441.956601
441.990863
441.958247
441.886542
441.958053
441.957555
441.885267
441.957270
441.886349
441.920895
441.957532
441.991097
441.919087
441.991076
441.888052
441.994273
441.921142
442.031245
441.959226
442.071235
442.031944
441.993788
441.959229
441.993791
441.814648
441.883981
441.812994
441.811746
441.884805
441.884805
441.814016
441.850405
441.780542
441.778992
441.814835
441.779494
441.811732
441.815460
441.811740
441.813042
441.813875
441.850728
441.777391
441.812953
441.812428
441.883875
441.814539
441.810641
441.812704
441.812783
441.849721
441.813545
441.813520
441.917701
441.777416
441.777599
441.884494
441.884504
441.814821
441.885742
441.816398
441.851309
441.813035
441.813049
441.850836
441.779802
441.813844
441.814339
441.813056
441.885565
441.885575
441.955679
441.965199
441.922827
441.848110
441.847613
441.991491
441.881893
441.882144
441.882956
441.882460
442.026319
441.915937
441.952868
441.952871
441.956915
442.068531
442.030621
441.994468
442.029226
441.954361
441.920437
441.919962
441.958205
441.925502
441.958974
441.953357
441.919904
441.958546
441.959803
441.921955
441.921180
441.920364
441.918290
441.921149
441.884726
441.884210
441.885801
441.884414
441.919882
441.955648
441.924185
441.888526
441.885559
441.956838
441.992004
441.919293
441.919790
441.918001
441.916951
441.917741
441.884217
441.916273
441.917062
441.883549
441.993084
441.915349
441.916312
441.916618
441.916117
441.954334
442.027484
442.029847
442.027464
441.956269
441.956291
441.991244
441.955411
441.921442
441.919391
441.952876
441.916621
441.920673
441.919673
441.884191
441.883889
441.916677
441.884489
441.883851
441.884937
441.956405
441.955636
441.955162
441.955140
441.955614
441.954137
441.954160
441.953682
441.954849
441.954371
442.028585
441.918522
441.919032
441.918012
441.920902
441.993402
441.921594
441.882596
441.953808
441.953867
441.920307
441.955212
441.955397
441.953339
441.919805
441.988368
441.919117
441.919908
441.953498
441.916658
441.916631
441.990808
441.917433
441.954761
441.917942
441.916644
441.955543
441.916622
441.916127
441.954473
441.956614
441.955195
441.956799
441.918495
441.917691
442.028084
441.955863
441.953795
441.919798
441.991733
441.990231
441.921988
441.882656
441.921321
441.917996
441.917192
441.994045
441.881780
441.881468
441.882309
441.882016
441.881771
441.881782
441.990169
441.954403
441.883908
441.883605
442.028589
441.849451
441.992240
441.954388
441.952807
441.915348
441.988106
441.953597
441.916938
441.918228
441.882976
441.917984
441.917156
441.961832
441.962624
442.069579
441.988352
441.954712
441.954044
441.953979
441.919643
441.989497
441.920427
441.953457
441.952986
441.952194
441.999510
441.999524
442.000316
442.000330
442.069575
441.954461
441.989894
441.995876
441.995863
441.958793
441.957542
441.992806
441.954426
441.920962
441.991525
441.955207
441.920157
442.026673
441.919900
441.990967
441.953376
441.886985
441.993509
441.921230
441.920462
441.955611
441.996867
441.997986
441.922556
441.922553
441.956189
441.955205
441.920389
442.026620
442.026586
441.992348
441.954953
441.920388
441.991350
442.027001
442.027002
441.991587
441.991770
441.958082
441.991531
441.992535
441.991346
442.027007
442.065198
441.992629
442.025601
441.991531
442.029422
441.990230
442.104992
441.956795
441.992347
441.957797
441.957340
441.958158
442.068880
441.924160
441.990496
441.923123
441.958388
441.992671
441.995675
442.029420
441.994809
442.028319
441.954630
441.953318
442.026918
441.960280
441.992947
442.028830
442.111631
442.110714
442.146912
441.884242
441.884270
442.030486
442.031765
441.997041
441.990959
442.068022
441.990821
441.955792
442.064256
441.992559
441.998539
441.956228
441.957600
441.920709
441.920887
441.919356
441.922006
441.921702
441.953016
442.027981
441.953814
441.955115
442.035623
442.037781
442.037465
441.957288
441.994296
441.920607
441.995436
441.960181
441.995361
441.957057
441.958648
441.996210
441.956190
441.957551
441.957240
442.034169
441.991834
441.955789
441.954968
441.993206
441.992894
441.958041
441.958440
442.026211
441.958136
441.957137
441.919295
441.956834
441.961031
442.031257
442.029950
442.033597
441.989699
442.103626
442.027376
442.106125
441.993166
442.065378
441.990306
441.956239
441.990420
442.063801
442.065411
441.991119
441.957049
442.064649
442.098756
441.957158
441.991198
442.029685
442.028412
441.952767
442.028401
441.990721
441.918823
441.919019
441.955138
441.989404
441.990258
441.920109
441.920395
441.955462
441.990199
441.917621
441.918262
442.029369
441.992355
441.991574
442.028421
442.028407
441.954847
441.920818
441.952729
441.989726
441.916919
441.917688
441.919093
441.919313
441.989726
441.918433
441.918718
441.952290
441.989680
442.064061
442.026669
441.992359
441.991061
442.068504
442.027952
442.062682
441.954990
441.989723
441.917920
441.917429
441.954975
441.989237
441.957130
441.991877
441.957108
441.990596
441.957315
441.991591
441.990796
441.957307
441.990796
442.028056
442.061396
442.061413
441.988978
441.953291
441.952278
441.921806
441.956542
441.918218
441.955316
441.922473
441.956739
441.919030
441.955998
442.062140
442.028016
441.991492
441.956209
442.028398
441.920657
441.990963
441.922019
441.921719
441.990506
441.992220
441.993443
442.064557
442.099286
442.029049
442.027122
442.030236
442.061854
441.992132
441.992210
441.993126
441.919820
441.918837
442.025991
441.990256
442.033028
442.031091
441.955359
441.954380
441.991409
441.952004
442.026583
441.920354
441.923290
441.922989
441.992242
441.956210
441.992851
441.956028
442.026234
442.065069
442.067697
441.952018
441.953344
441.989641
442.027125
441.954115
441.954685
441.956837
441.956545
442.025747
441.990443
442.027624
441.989898
441.989607
441.991062
442.026737
441.992122
442.027787
441.992420
442.028095
442.104676
441.989663
441.991914
441.958269
441.957380
442.026706
442.062375
441.991988
442.066275
442.072340
442.031319
441.994243
441.958339
441.993533
441.994840
441.954810
441.956171
442.029423
441.955864
442.108918
441.994311
442.028717
441.960317
441.920280
441.921642
441.961975
441.921155
441.922527
442.027725
442.066103
441.995694
441.954874
441.956246
442.063403
441.955948
442.032870
442.067593
441.954977
441.954464
442.068969
442.068657
441.921344
441.922229
441.956739
441.990438
441.955922
442.103214
441.956807
441.990526
441.957627
442.069022
441.957337
441.956633
442.068487
441.953656
441.956343
442.108851
441.992962
441.960647
441.994849
442.032795
441.919813
441.955975
441.920101
441.957845
441.991349
441.992609
441.957088
441.991514
442.029793
441.992522
441.920326
441.955154
442.027780
441.991980
441.919281
441.917952
441.996469
441.990309
441.955269
441.991789
441.988844
442.106632
442.026804
441.955686
441.992015
441.993736
441.991715
441.996646
441.959631
442.068346
441.883433
441.883196
441.881894
441.884727
441.956572
441.885344
441.885827
441.883739
441.884222
441.882549
441.883858
441.882780
441.883746
441.883372
441.882851
441.958388
441.992582
442.028257
441.995586
441.993587
441.886188
441.993622
442.027165
441.886651
441.956987
441.990956
441.953861
441.919896
441.919681
442.027585
441.920665
441.954913
442.029570
441.920437
441.919670
442.070132
441.886202
441.993622
442.027599
441.954429
441.920180
442.029587
441.920451
441.919184
441.886180
441.919425
441.919127
441.990974
441.953376
441.996868
441.923636
441.993874
442.070119
441.957108
441.995777
441.992557
441.920171
441.882021
441.954122
441.955710
441.921078
441.919741
442.032663
441.919934
441.884722
441.918335
441.919127
441.919522
441.953972
441.954948
441.919907
441.956876
441.992519
441.954142
441.954911
441.954939
441.921302
441.919691
441.883371
441.883428
441.884333
441.883291
441.885435
441.884228
441.885915
441.954172
441.920510
441.992968
442.030958
441.957186
441.957979
441.957186
441.845424
441.845732
441.880286
441.846269
441.847773
441.847284
441.811988
441.881369
441.882155
441.883708
441.881350
441.882627
441.882891
441.883714
441.848435
441.847638
441.918514
441.919777
441.846743
441.845464
441.849161
441.846810
441.882662
441.883449
441.847243
441.845964
441.957834
441.883409
441.884226
441.958325
441.990472
441.956100
441.955821
441.958347
441.990485
442.063750
442.029930
442.064086
441.993306
441.889475
442.032880
442.036095
442.033202
442.260635
442.209540
442.256609
441.919080
441.919596
441.885084
441.851018
441.924185
441.809855
441.775632
441.921892
441.920093
441.886963
441.956724
441.887791
441.923436
441.994616
441.993332
441.959084
441.919061
441.920582
441.918746
441.994797
441.994797
441.957771
441.996024
441.995501
442.037332
442.036840
441.960283
441.996079
442.000437
441.997623
441.994246
442.030428
441.989284
442.026681
441.955764
441.954868
441.955055
442.066442
441.991671
441.991191
441.954645
442.029931
441.956000
441.956510
441.922747
441.994668
441.889477
441.960133
441.955445
442.036040
442.036043
441.958203
441.921166
441.961483
441.963123
441.885523
441.813509
441.850154
441.849347
441.850466
441.924413
441.779745
441.888995
441.818616
442.032965
441.998581
442.078584
441.990482
441.885893
441.955239
441.992617
441.886426
441.995484
441.887741
441.883550
441.884364
441.995707
442.032573
441.997973
441.918313
441.917797
441.883777
441.918507
441.920295
441.918032
441.917450
441.918266
441.918201
441.918186
441.919328
442.028337
441.989996
441.918981
441.990015
441.990349
441.956097
441.883137
441.955965
441.884178
441.884791
441.883496
441.884505
441.885318
441.850501
441.957755
442.068776
441.957823
441.956439
441.851515
441.850220
441.848108
441.922201
441.884460
441.957311
441.995475
441.882003
441.916971
441.885035
441.957332
441.957336
442.033048
442.030519
441.923974
441.922836
441.957965
441.923265
441.925353
441.955213
441.955213
441.991747
441.959680
441.961493
441.850546
441.883123
441.881315
441.882593
441.881785
441.915654
441.988599
441.882327
441.882620
442.028939
441.952879
441.952891
441.955758
441.958256
442.031672
441.989710
442.032159
441.990637
441.916905
441.917437
441.917422
441.916903
441.951187
441.988184
441.950962
441.916754
441.954504
441.992547
441.952507
442.027287
441.920288
442.145186
441.990555
441.952729
442.028014
441.988527
441.989325
441.955408
441.955071
441.989742
442.066930
442.025425
441.954477
441.988012
441.920034
442.103192
441.956222
441.952665
442.066703
442.025166
441.992017
441.954184
441.988445
441.956923
441.919927
441.989218
441.997469
441.955508
441.991828
442.100873
441.990770
441.992086
441.955667
441.995567
441.989768
441.956800
442.031627
441.954204
442.029176
441.954696
441.954968
441.996121
441.958458
442.065537
441.956500
441.956753
441.958831
441.919254
441.886554
442.027256
441.922418
442.029895
441.955395
442.030359
441.994797
441.993744
442.028068
441.954181
441.920679
441.954184
441.920679
441.994353
442.026310
441.990864
441.955264
441.990090
441.989821
442.025594
441.917726
441.918528
441.991627
441.987868
441.917935
441.916645
441.953624
442.032296
441.994112
442.025857
442.067228
441.990118
441.957702
441.988366
441.954125
441.987584
441.917453
441.953339
441.917140
441.916824
441.954574
441.991565
442.028442
441.992218
441.955383
441.992360
441.995325
442.035118
441.994131
441.955572
441.918347
441.918852
441.955572
441.918350
441.955229
441.920436
441.953974
441.921715
441.884846
441.884846
442.076871
442.075982
441.997495
442.037027
442.114721
441.997752
442.075446
441.997049
442.038113
441.994876
442.072112
442.037499
441.995962
442.071582
442.030136
442.031131
441.992076
441.957860
441.992873
442.026674
442.071938
442.072056
442.032657
441.998062
441.997017
441.991622
441.990810
441.993139
441.993631
441.993174
442.037342
441.960635
442.036298
441.957990
442.036929
442.036330
441.996104
441.958954
441.958025
441.997684
442.036419
442.036644
442.036947
442.001999
441.989780
441.991003
441.955491
442.103790
441.989705
441.954685
442.024843
441.990337
441.990454
442.073583
442.036898
441.997793
442.037596
441.997128
441.961014
441.962722
441.962948
441.960101
441.959465
441.959467
441.995390
442.030166
441.993478
441.993599
441.992971
442.068415
442.033643
441.992062
441.992857
441.958024
441.890129
441.960741
441.956564
441.956418
441.957216
441.959079
442.035532
441.924579
441.995796
441.962850
442.035693
441.995929
442.033759
441.993534
441.957670
442.067205
442.025700
441.955519
442.033764
441.993540
441.889387
441.923402
441.922640
441.956141
441.991203
441.921008
441.991188
441.920496
441.923388
441.996164
442.030823
442.034438
441.956470
441.957265
441.922885
441.959910
441.993307
441.958048
442.033764
441.993303
441.957726
441.957722
442.034588
441.994497
441.994497
441.998591
441.994926
442.033452
441.920561
441.920071
441.955093
441.953615
442.025283
441.951926
441.951748
441.954077
441.917704
442.025291
442.029658
441.989819
441.955821
441.954990
442.066838
442.027172
441.955759
441.848648
441.920651
441.918484
441.919643
441.994008
441.884169
441.954677
441.917990
441.994454
442.033745
441.955927
441.990979
441.993379
441.953414
441.954226
441.955066
441.955374
442.067998
442.026500
441.917663
441.953308
441.916965
441.953142
441.953312
441.917181
441.988105
441.883446
441.954929
441.884265
441.849735
441.954981
441.952009
441.952809
441.916118
441.951516
441.916359
441.954460
441.988927
441.919947
442.028039
441.956777
441.884220
441.956754
441.956080
441.958242
441.954101
441.923135
441.992179
441.990342
441.954850
441.956186
441.991284
441.991272
441.958552
441.992489
441.956058
441.923145
441.957101
441.991014
441.991536
441.992027
441.991538
442.029367
442.065212
441.989389
441.992635
441.988943
441.991535
441.954465
441.955762
441.993227
441.953747
441.954560
441.920388
441.957853
441.918359
441.919172
441.884168
441.921697
441.884188
441.997565
441.955262
441.920929
441.883093
441.883414
441.997294
441.954977
441.919582
441.953756
441.957151
441.956367
442.063575
441.955885
441.992841
441.953614
441.920828
441.991393
441.991392
442.028822
441.952021
441.916141
441.917942
441.917147
441.953106
441.882641
441.919304
441.955008
441.991218
441.882621
442.103824
441.951684
442.143912
442.029139
442.144537
441.991220
441.882593
441.882875
441.954964
441.885249
441.918486
441.919282
441.994790
441.922226
441.920900
441.991631
441.991636
441.920716
441.955287
441.955885
441.993343
441.993427
442.066601
441.956859
441.956860
442.028966
441.958597
441.923782
441.996544
441.992913
441.921429
441.958104
441.994636
441.995530
441.961295
442.066311
442.105927
442.109101
441.994337
442.063626
442.031799
442.065933
442.030860
441.993760
441.957378
441.990064
441.954464
442.067178
441.953680
441.919464
442.071706
441.953702
441.919486
441.956892
442.069321
441.955823
441.921607
441.955143
441.992594
441.953111
441.953923
441.920428
441.997622
441.954856
441.957690
441.923489
442.071713
442.037082
442.031335
442.032560
442.032595
442.069207
442.069840
441.999737
441.996940
441.995393
441.995396
442.031278
442.032364
442.029980
442.066602
442.030122
442.031131
441.960621
442.108514
442.072145
442.108750
442.033445
441.996293
441.958164
442.035385
442.036965
442.032870
442.069475
442.034233
441.997081
442.066382
442.103004
442.110604
442.107790
441.958034
442.000305
442.036572
442.038220
441.996497
442.002253
441.923394
442.033232
441.994884
441.990816
442.067829
441.991604
442.068623
441.956712
442.071786
441.996625
442.071412
441.958642
442.031682
441.996916
441.955045
441.955843
441.957705
441.994248
441.955585
441.956641
441.996966
442.030362
442.066463
441.955109
441.955904
441.958549
441.959004
441.921390
441.922185
441.924830
441.920515
441.921314
441.923172
442.106259
442.031377
441.997614
441.996012
441.993310
441.959278
441.888202
442.031212
441.848312
441.848269
441.848101
441.848057
441.919586
441.846678
441.993288
441.920854
441.918859
441.918361
441.953363
441.918774
441.919726
442.033150
441.919358
441.919776
441.918411
441.920556
441.921025
442.033198
441.959291
441.958128
441.923400
441.921933
441.958575
441.954201
441.954106
441.921959
441.953861
441.953899
441.921951
441.955496
441.988651
441.992749
441.957637
441.919632
441.953793
441.920049
441.921014
441.918859
442.034468
441.953670
441.953205
441.955357
441.955840
441.954392
441.919373
442.068522
441.954641
441.988690
441.993898
441.989420
441.955369
442.029024
441.955379
441.993251
441.991252
441.953878
441.992044
441.955215
441.847587
441.847276
441.846547
441.848348
441.846285
441.810938
441.812212
441.812028
441.849448
441.849126
441.847067
441.812287
441.851013
441.849143
441.847550
441.850442
441.848653
441.813530
441.847260
441.885333
441.846066
441.845784
441.884782
441.880567
441.847065
441.846581
441.848339
441.847346
441.848635
441.846255
441.844987
441.959013
441.956511
441.813521
441.847556
441.813190
441.846765
441.883491
441.883513
441.883483
441.850956
441.847581
441.849175
441.849138
441.849167
441.848880
441.847851
441.813256
441.848370
441.847078
441.882450
441.954429
441.918799
441.917181
441.919801
441.916973
441.916535
441.951798
441.916769
441.953800
441.955348
441.955845
441.884919
441.885415
441.991383
441.885378
441.884438
441.884934
441.920286
441.884911
441.916485
441.883456
441.883449
441.950729
441.914053
441.917084
441.917263
441.883441
441.883450
441.988997
441.916516
441.883487
441.883472
441.916238
441.918385
441.918081
441.883472
441.883473
441.989496
441.918831
441.918257
441.919914
441.919447
441.916972
441.916994
441.955584
441.919177
441.990354
441.883228
441.955817
441.916183
441.916220
441.954906
441.954695
441.954395
441.954693
442.064224
441.848091
441.847577
441.955154
441.881873
441.954332
441.881091
441.917897
441.918361
441.956864
441.957662
441.959012
441.997451
441.993547
441.958412
442.036742
441.998192
441.815109
441.850160
441.851543
441.885802
441.917203
441.918003
441.881897
441.845994
441.880035
441.918466
441.918307
441.845435
441.811969
441.883518
441.992423
441.915888
441.916688
441.845997
441.882629
441.918027
441.883448
441.881560
441.846822
441.883136
441.846042
441.881159
441.880839
441.847621
441.880368
441.915666
441.847636
441.952659
441.880824
441.918547
441.846214
441.847798
441.813284
441.813309
441.918337
441.847301
441.993212
441.916665
441.881859
441.918837
441.881859
441.956129
441.881384
441.882188
441.848598
441.920241
441.846555
441.847359
441.881305
441.880517
441.880818
441.997531
442.036022
442.031508
441.922257
441.999130
441.922254
441.919880
441.919061
441.995125
442.035117
441.960014
441.994082
441.960815
441.959454
441.925228
441.919689
441.921837
441.990887
441.922306
441.995758
441.919747
441.920698
441.958004
441.958851
441.998891
442.032952
441.959745
441.958902
441.923320
441.921174
441.919263
441.885300
441.884791
441.884801
441.919267
441.992916
441.846513
441.885067
441.881790
441.883358
441.883171
441.919101
441.883929
441.917557
441.884807
441.992752
441.992125
441.847558
441.885104
441.882388
441.882396
441.884285
441.883759
441.881867
441.918655
441.953893
441.953883
442.030485
442.029706
441.919632
441.883970
441.919128
441.919634
441.885584
441.852318
441.924230
441.854253
441.879982
441.882072
441.919800
441.920332
441.921099
441.921572
441.887257
441.886945
441.851295
441.851549
441.852328
441.886399
441.886628
441.849710
441.851035
441.848903
441.814310
441.814303
441.919318
441.883711
441.916191
441.883650
441.954907
441.917721
441.954946
441.918556
441.989790
441.917563
441.954674
441.994903
441.881640
441.923758
441.920864
441.994503
441.914591
441.987348
441.882149
441.881149
441.886658
441.886675
441.848594
441.918746
441.918747
441.882149
441.883409
441.883952
441.918796
441.850693
441.920048
441.920063
441.884730
441.883454
441.923984
441.880983
441.880968
441.881313
441.883349
441.882089
441.882852
441.883103
441.883935
441.960182
441.954459
441.954459
442.027822
441.884203
442.025237
441.920137
441.996316
441.994498
441.921716
441.882949
441.882242
441.952525
441.915315
441.949883
441.914814
441.881150
441.880052
441.951507
441.914830
441.880837
441.915332
441.952281
441.881637
441.916913
441.915165
441.915178
441.880599
441.880046
441.914827
441.915416
442.027538
441.881697
441.915387
441.953889
441.917230
441.882672
441.882157
441.954426
441.883218
441.883358
441.881298
441.882375
441.917073
441.989256
441.918048
441.882363
441.882914
441.882644
441.953609
441.882914
441.883412
441.882622
441.917771
441.881859
442.028835
441.848663
441.882395
441.882118
441.881627
441.883416
441.880816
441.851519
441.994197
441.958521
441.811727
441.813291
441.919302
441.919874
441.919874
441.849764
441.850825
441.848420
441.850529
441.920705
441.996126
441.884786
441.886082
441.884789
441.882139
441.848392
441.883179
441.882912
441.883758
441.918266
441.916696
441.918533
441.952602
441.992735
441.952815
441.847803
441.994011
441.959309
441.958159
441.958006
441.922490
441.993240
441.954102
441.884275
441.994035
441.883481
441.882404
441.954971
441.954942
441.956525
441.959008
441.957994
441.849086
441.992277
441.882207
441.884244
441.954978
441.882943
441.848923
441.884265
441.955458
441.883756
441.850219
441.849436
441.882182
441.881610
441.882921
441.849172
441.924758
441.993484
441.921636
442.026187
441.919376
441.956393
442.027961
441.953920
442.068032
442.106902
441.956180
441.956347
441.882480
441.992999
441.883485
441.882189
441.953080
441.956251
442.067201
441.919933
441.884797
441.881600
441.920140
441.883729
441.994650
441.918560
441.919151
441.919942
441.916987
441.916989
441.888309
441.960720
441.921155
441.883427
441.955478
441.920889
441.883447
441.917995
441.917190
441.918041
441.918543
441.918268
441.884061
441.996994
441.919060
441.919043
441.884824
441.920753
441.885809
441.922577
441.886693
441.956400
441.955022
441.882714
441.882244
441.918886
441.917716
441.997000
441.917259
441.884277
441.880342
441.881605
441.881296
441.920228
441.885117
441.883206
441.883123
441.917262
441.881857
441.917180
441.847090
441.881531
441.881602
441.880288
441.951797
441.881077
441.919916
441.884815
441.882901
441.882334
441.916970
441.847869
441.882381
441.918818
441.882917
441.882441
441.883410
441.953412
441.848165
441.881390
441.882634
441.882900
441.882695
441.849189
441.882938
441.881623
441.994018
441.884961
441.997024
441.997556
441.991551
441.919706
441.881035
441.882624
441.957385
441.882221
441.883813
441.917184
441.847298
441.954621
441.915333
441.882108
441.953650
441.917675
441.880541
441.918000
441.883311
441.884904
441.881943
441.883539
441.882942
441.881630
441.916482
441.954738
441.882299
441.916473
441.917255
441.881392
441.880886
441.915155
441.915343
441.915664
441.915351
441.987330
441.988452
441.881855
441.881084
441.918002
441.917506
441.950966
441.917001
441.917493
441.916199
441.917501
441.950966
441.847257
441.880822
441.882415
441.813844
441.882387
441.848342
441.844935
441.813383
441.881293
441.847866
441.814404
441.814110
441.881853
441.881086
441.954652
441.953142
441.952931
441.955781
441.952938
441.988162
441.953146
441.848706
441.849025
441.881633
441.881605
441.916449
441.848973
441.883486
441.882193
441.882183
441.914862
441.881890
441.882182
441.881929
441.882247
441.880826
441.880840
441.915178
441.915668
441.992998
441.881116
441.882716
441.848201
441.915639
441.880560
441.847827
441.953366
441.847352
441.916441
441.880889
441.881359
441.914371
441.810149
441.881641
441.881367
441.848635
441.953663
441.848620
441.953363
441.848104
441.882158
441.882144
441.881321
441.881934
441.844977
441.844983
441.915653
441.916946
441.920472
441.956086
441.992793
441.815678
441.849469
441.848428
441.882737
441.882934
441.884709
441.882639
441.958474
441.993267
441.958453
442.034533
441.997111
441.921317
441.921288
441.921047
441.921183
441.958687
441.887236
441.994935
441.884475
441.955449
441.885750
441.955459
441.955443
441.885539
441.887560
441.922686
441.918216
441.918999
441.922362
441.960394
441.922572
441.997909
441.885127
441.885164
441.885662
441.954871
441.954682
442.061855
441.986829
441.953111
441.920066
441.949644
441.951970
441.954088
441.987845
441.919667
441.919718
441.955123
441.955621
441.955140
441.954207
441.955798
441.955473
441.919221
441.989679
442.029466
441.954638
441.987559
442.029673
441.884668
441.885166
441.884670
441.951769
441.916977
441.917466
441.951572
441.950526
441.950496
441.985512
441.921524
441.921834
441.952531
441.918248
441.918551
441.916945
441.950963
441.916721
441.953038
441.882161
441.916669
441.916168
441.988690
441.951951
441.951931
441.881318
441.880527
441.915621
441.914539
441.987304
441.987582
442.029178
441.989352
441.919368
441.918595
441.990581
441.952617
441.990544
441.991066
441.991066
441.990548
442.032880
441.989838
441.952546
441.917833
441.883821
441.917549
442.031034
442.033235
441.998889
441.916902
441.951752
441.917428
441.917225
441.882155
441.916668
441.916136
441.955781
441.990906
441.952495
441.953769
441.954061
441.955269
441.919620
441.954171
441.953161
441.921065
441.956583
441.920102
441.919662
441.915208
441.915649
441.914843
441.916924
441.914849
441.986335
441.987598
441.915951
441.996803
441.995992
442.033439
441.953036
441.917559
441.883832
441.917843
441.989852
441.884629
441.918110
441.952131
441.990112
442.032928
441.956059
441.919111
441.988688
441.954726
441.953655
441.919693
441.884074
441.918892
441.918119
441.998397
442.024444
441.988874
442.102782
442.028691
441.987613
441.913769
441.917425
441.917471
441.916651
441.882602
441.882955
441.988952
441.953844
442.068798
441.954182
441.954684
441.954560
441.954079
441.918664
441.918868
441.954113
441.951567
441.951759
441.952549
441.952842
441.950720
441.950478
441.950980
441.916959
441.950998
441.985499
441.953658
441.953852
441.990516
441.987573
441.954045
441.954385
441.991857
441.954608
441.955440
441.955186
441.955383
441.991556
441.951186
441.988654
441.988922
441.955383
441.987865
441.954880
441.954073
441.953576
441.953278
441.954098
441.987600
441.919589
441.952575
442.027086
441.952783
441.953283
441.954914
441.992027
441.921360
441.954636
441.919572
441.986297
441.951735
441.952256
441.950976
441.916945
441.952777
441.953254
441.952759
441.917725
442.022427
441.988174
441.987012
441.987807
441.952008
441.953350
441.954707
441.953329
441.953853
441.918335
441.955187
442.030621
442.029385
442.063348
441.959469
442.070487
441.993210
441.959499
441.959204
442.036997
442.026710
441.990661
442.062449
441.956107
441.956137
441.987322
442.103821
441.956634
442.030644
442.028580
441.991539
441.989450
441.955955
441.921925
441.988963
442.025496
441.991731
442.024705
441.955954
441.994784
442.036014
442.030607
442.029375
442.063338
441.959455
441.993196
441.959485
441.959187
441.990289
441.989851
442.025516
441.955297
441.955324
441.956074
441.955820
442.001962
442.030630
442.028563
442.035497
442.031206
441.997706
441.962671
441.996206
441.996723
442.108536
441.994770
441.880230
441.914834
441.880557
441.881824
441.880871
441.882632
441.848764
441.849225
441.881597
441.921156
441.883457
441.917469
441.882933
441.882149
441.919643
441.920588
441.918536
441.918806
441.883282
441.918599
442.029603
441.916648
441.955915
441.918023
441.952044
441.916907
441.917911
441.916351
441.882419
441.916420
441.916435
441.950659
441.950934
441.917721
441.916940
441.951241
441.950451
441.950460
441.986746
441.988330
441.882476
441.881666
441.954623
441.953849
441.881653
441.882456
441.916422
441.953003
441.952225
441.915636
441.916954
441.917241
441.918055
441.916665
441.953154
441.847545
441.919814
441.917146
441.952521
441.953317
442.029876
442.028800
442.030371
441.919916
441.847836
441.879476
441.987592
441.879258
441.952297
441.846237
441.881565
441.919334
441.988411
441.990188
441.953914
442.066595
441.954709
441.850174
441.883956
441.884720
441.849636
441.919600
441.921666
441.882893
441.884977
441.847320
441.882372
441.883931
441.918826
441.847295
441.882126
441.883625
441.882120
441.992250
441.883432
441.917196
441.917964
441.882894
441.918512
441.954920
441.989924
441.988662
441.916134
441.918245
441.881593
441.988852
441.880535
441.880242
441.916402
441.919132
441.812284
441.846796
441.882393
441.920702
441.814151
441.882418
441.848666
441.916589
441.917403
441.995200
441.921198
441.813864
441.848376
441.847049
441.847377
441.919086
441.919563
441.848633
441.917475
441.916415
441.917450
441.917474
441.916425
441.916101
441.953898
441.848136
441.989684
441.882662
442.029193
441.881372
441.953894
441.988653
441.954361
441.882147
441.882609
441.953913
441.847367
441.882891
441.989690
441.881889
441.993522
441.886360
441.920380
441.920897
441.918826
441.881891
441.879009
441.880609
441.879745
441.878999
441.881321
441.879292
441.877404
441.880533
441.881096
441.879730
441.915879
441.881090
441.881021
441.880536
441.848899
441.883170
441.920423
441.883701
441.882151
441.881679
441.881641
441.916156
441.882113
441.915636
441.915146
441.883377
441.881618
441.879770
441.914834
441.882570
441.881044
441.879756
441.880886
441.881673
441.958989
441.813379
441.848363
441.848092
441.846588
441.847891
441.812587
441.846774
441.881589
441.846020
441.881615
441.845807
441.847100
441.883442
441.919042
441.883937
441.950956
441.950966
441.915633
441.916659
441.916673
441.915629
441.917950
441.953547
441.918455
441.880870
441.881656
441.992492
441.884541
441.917746
441.918251
441.844940
441.918551
441.880541
441.847302
441.953655
441.882404
441.953335
441.918504
441.916435
441.991076
441.916678
441.953363
441.919067
441.881871
441.882657
441.993514
441.916155
441.881837
441.881567
441.847038
441.847536
441.847840
441.847288
441.881486
441.847801
441.916157
441.916652
441.916184
441.882115
441.882618
441.882422
441.918316
441.917415
441.915894
441.914616
441.915112
441.914595
441.914645
441.918197
441.916423
442.023705
441.881141
441.917451
441.916146
441.913789
441.916127
441.914581
441.950948
441.951738
441.917710
441.917410
441.914099
441.915869
442.029874
441.918825
441.881092
441.848424
441.882939
441.918231
441.916649
441.847073
441.919327
441.916670
441.920626
441.882968
441.882619
441.847062
441.883905
441.878990
441.878495
441.845450
441.915026
441.920983
441.916940
441.918285
441.917769
441.883791
441.916944
441.919348
441.917490
441.921246
441.884251
441.920235
441.917531
441.992280
441.882234
441.916744
441.954998
441.882146
441.848140
441.918030
441.955495
441.882976
441.849452
441.848670
441.881406
441.988398
441.915620
441.915327
441.916124
441.918776
441.995339
441.917994
441.847036
441.951511
441.917476
441.883970
441.883470
441.952511
441.917004
441.917771
441.884266
441.883464
441.951981
441.916988
442.029372
441.952015
441.917163
441.919077
441.993213
441.919284
441.884229
441.952512
441.918758
441.883161
441.882679
441.882953
441.917974
441.880239
441.879947
441.920996
441.958371
441.993631
441.885831
441.920377
441.918885
441.953431
442.067742
441.919930
441.954970
441.954449
441.988520
441.883514
441.883205
441.990783
441.990503
441.956043
441.954779
441.885114
441.918064
441.917755
441.918023
441.920324
441.921224
441.888460
441.919875
441.987603
441.954090
441.954367
441.954889
441.951201
441.951726
441.954703
441.953354
441.918677
441.919480
441.991828
441.919496
441.919461
442.025498
441.994170
441.955159
441.989212
441.993044
441.992847
441.954241
441.920651
441.991611
441.954422
441.955222
442.031796
441.957648
441.886111
442.029156
441.918867
441.919671
442.032033
441.921205
441.920619
441.955732
441.920349
441.991492
441.884497
441.916713
441.917517
442.029872
441.918793
441.954118
441.954609
441.919005
441.918745
441.989885
441.886975
441.925033
441.925044
441.990811
441.990034
441.992575
441.992115
441.885886
441.955554
441.991630
441.956060
441.920098
441.955215
441.955417
441.991468
441.920109
441.921024
441.885374
441.955752
441.957440
441.921790
442.027950
441.919852
441.917538
441.917281
441.917599
442.027292
441.951292
441.952319
441.952347
441.951307
441.916717
441.953146
441.881841
441.882354
441.918324
441.953947
441.916923
441.917466
441.916935
441.919074
441.954132
441.989700
441.954915
441.917193
442.029347
442.030435
441.954630
441.989478
441.882910
441.916973
441.989478
441.956268
441.850487
441.885032
441.882951
441.956264
441.918567
441.919368
442.031743
442.028019
442.029128
441.959066
441.959092
441.993771
441.917781
441.919599
441.920110
441.918022
441.917800
441.884533
441.919079
441.849707
441.921431
441.885703
441.884753
441.958502
441.993281
441.958467
441.921331
441.921316
441.997382
441.884260
441.918722
441.919884
441.954157
441.920318
441.883462
441.916703
441.918723
441.991325
441.957487
441.988913
441.921050
441.918002
442.026102
441.920582
441.950182
441.918003
441.954323
441.990149
441.989872
441.991818
442.026058
441.991459
441.991763
441.954870
441.953335
441.918289
441.988110
441.921197
441.958697
442.034282
441.919491
441.922583
441.998662
441.997600
441.921524
441.921837
441.993800
441.958436
441.959034
441.992728
441.919798
441.953923
441.953743
441.988158
441.953723
441.953933
441.953817
441.957036
442.026617
441.954638
441.920997
441.958563
441.957450
441.959649
441.993536
441.955162
442.027907
441.920608
442.065062
442.027936
442.065849
441.887331
441.992756
442.065992
442.099308
441.849675
441.883424
441.882411
441.883726
441.849977
441.954640
441.993789
441.882984
441.884280
441.994313
441.994723
441.885680
441.883276
441.920276
442.029798
442.030324
441.991275
441.921266
441.992346
441.992863
442.026324
441.955983
442.026300
441.956436
441.991088
441.991092
441.957540
441.990183
441.955672
441.990403
441.990384
441.954344
441.955960
441.957212
442.027068
441.992332
442.027121
441.956515
441.955938
441.990265
442.066388
442.144098
442.066388
442.070863
441.993826
441.993311
441.993993
442.027082
441.956755
441.993645
442.027106
442.027926
441.956756
441.993128
441.991850
442.027506
442.027510
442.065204
441.993826
441.993314
441.993996
441.992905
441.992408
441.995361
441.995973
442.073194
442.074438
442.038177
441.998412
442.032717
442.031684
442.035484
441.993186
441.961959
441.996179
441.955021
441.920805
442.075511
442.077016
441.997005
442.000301
441.958631
441.957788
441.996611
441.962087
441.959944
441.959633
441.962407
442.032543
441.958844
441.993677
441.996584
441.956191
441.921403
441.954317
441.955670
441.955085
441.995281
441.953866
441.995134
441.992853
441.960496
441.996907
441.993689
441.993174
442.066264
441.995599
441.993803
441.951910
441.955221
441.990188
441.955921
441.955858
441.957173
441.990494
441.955356
441.957556
441.957153
441.952214
441.956146
441.922242
441.955057
441.956705
441.884067
441.881433
441.883206
441.884989
441.953706
441.883706
441.915976
441.953913
441.882947
441.918563
441.918880
441.882155
441.915680
441.917017
441.955298
441.918877
441.920666
441.918589
441.955284
441.952830
441.919340
441.919336
441.952841
441.884288
441.954657
441.884059
441.990839
441.849882
441.883602
441.884828
441.918559
441.918330
441.919917
441.920712
441.919306
441.850567
441.993382
441.885283
441.919547
441.992598
441.955707
441.955724
441.885342
441.919618
441.956766
441.956548
442.027840
441.955253
441.956254
442.068225
442.029414
442.031722
441.996130
441.962062
441.958190
441.956568
441.923653
441.922049
441.992902
441.996864
441.925312
441.922934
442.031755
441.954657
442.072271
442.069333
441.959785
441.994518
441.957746
441.956407
441.955618
441.955658
441.919518
441.920304
441.990397
441.995124
442.033237
441.957022
441.995312
441.956278
441.955926
441.922773
441.957543
441.887197
441.921739
441.926179
441.886351
441.926317
441.924425
441.852279
441.850953
442.166691
442.128194
442.126507
442.124820
442.161011
442.201192
442.198985
442.159324
442.210841
442.209154
441.925222
441.923990
441.959590
441.892785
441.960890
441.996838
441.994505
442.033024
442.108286
441.997672
441.997433
442.029006
442.031473
441.962591
442.030638
442.036388
442.030701
442.031224
442.066195
442.029569
441.996405
442.030767
442.071053
442.031583
442.032378
442.142091
442.147821
442.037236
441.961800
442.029909
442.036970
441.994465
442.071690
441.996388
441.995633
442.030750
442.031762
442.030788
441.997961
441.997110
441.997681
442.108532
441.958179
441.888600
441.953352
441.954175
442.029387
441.993029
441.957958
441.923935
441.918301
441.919120
441.993550
442.027928
441.989713
441.922119
442.028561
441.957937
441.959695
441.996874
442.163023
442.116039
442.078335
441.923279
441.922468
441.994453
442.033199
441.922263
441.991969
441.957598
441.956131
442.031860
441.995662
442.034184
441.995011
442.033516
441.997131
442.120219
441.993730
441.994257
441.885422
441.955235
441.991323
442.100826
441.989825
441.884535
441.955297
441.850021
441.918237
441.989295
441.883209
441.990225
441.917258
442.024272
441.917258
441.883225
441.989462
442.024309
441.919066
441.884552
441.886426
441.995498
441.922007
441.815929
441.849977
441.993140
441.995447
441.993517
441.994957
441.887699
441.994410
441.885129
441.889851
441.919605
441.918610
441.884603
441.919143
441.920119
442.025851
441.957369
441.955223
442.027139
441.956088
441.919341
441.919297
441.922593
442.026643
441.954133
441.953684
441.952845
441.954648
441.918798
441.918253
441.919059
441.923212
441.957342
442.032306
441.955241
441.954423
441.921163
441.921947
441.919892
441.989992
441.994628
441.919870
441.993470
442.027966
441.919062
441.922599
441.851574
441.921894
441.815928
441.849961
441.884538
441.919052
441.882922
441.916954
441.995715
441.920466
441.919657
441.851870
441.922991
441.920176
441.992176
441.919357
442.028493
441.919570
441.885026
441.919050
441.851746
441.922376
441.923582
441.993813
441.993556
441.918312
441.917503
441.992714
441.994197
441.959710
441.813429
441.776304
442.208853
442.257295
442.304364
442.212879
442.243659
442.293507
442.248443
442.259257
442.313370
442.304835
442.267792
442.222215
441.961525
442.078852
442.079890
442.116521
441.959454
441.815131
441.781874
441.780593
441.815669
441.815111
441.815896
441.852821
441.816166
441.919812
441.886047
441.920062
441.920854
441.883199
441.921843
441.849434
441.885267
441.851026
441.884256
441.816701
441.887679
441.818321
442.042087
441.919122
441.918627
441.883706
441.919128
441.884786
441.954957
441.990015
442.034458
441.959382
441.992649
441.959378
441.993955
441.990839
441.996587
441.958534
441.998298
441.958348
441.960172
441.993426
441.994740
441.923991
441.959759
441.958912
441.999694
442.032453
442.036641
441.994967
442.034060
441.993524
441.994327
441.995681
441.957896
441.956891
442.033379
441.994296
441.993288
441.959170
442.029434
441.994409
441.994301
442.032391
442.071654
441.993923
441.993684
441.995528
442.033919
441.957261
441.991316
442.027312
442.027302
441.993625
441.924572
441.959596
442.031172
441.995111
442.029294
442.030663
441.995251
442.074677
442.075918
441.993524
441.994327
441.995667
442.033865
442.073324
441.959627
442.038865
442.035637
442.113136
441.959160
442.036375
441.994305
442.029437
442.032877
442.072140
441.997062
441.923205
441.999392
441.955713
441.953612
441.917191
442.032324
441.918347
441.884004
441.954172
441.954443
442.033151
441.958588
442.033677
441.956497
441.958109
441.958956
442.075248
441.996074
442.036728
441.958834
442.037753
441.992627
441.994454
441.991801
441.992393
442.069543
441.958810
442.033889
441.923795
441.990068
441.920971
442.030381
441.994320
441.919380
441.994638
442.070504
441.997098
441.996374
441.884191
441.849400
441.882927
441.919549
441.884730
441.954673
441.884283
441.885052
441.852008
441.851234
441.920865
441.955497
442.027425
441.992769
441.886222
441.998344
441.917783
441.883239
441.920949
441.917847
441.998081
441.917515
441.882485
441.921021
441.919964
441.882666
441.915408
441.883174
441.918790
441.963740
441.848144
441.998072
441.884242
441.812765
441.811175
441.924174
441.924185
441.849946
441.922026
441.957399
441.882651
441.917672
441.917682
441.882381
441.882864
441.847182
441.884161
441.847667
441.922581
441.919369
441.848906
441.849708
441.954939
441.989407
441.814059
441.814862
441.920110
441.920900
441.921710
442.029357
441.882451
441.847604
441.955225
442.028854
441.849101
441.850681
441.921710
441.923002
442.031183
442.029386
441.848305
441.850672
441.921212
442.030681
441.955209
442.028872
441.959015
441.883446
441.959212
441.883147
441.918262
441.918744
441.917947
441.917468
441.917961
442.062130
441.916692
441.849123
441.848666
441.848062
441.847609
441.881541
441.917520
441.884290
441.957624
441.887194
441.886714
441.885639
441.885941
441.996785
441.956553
441.957049
441.955764
441.923969
441.922143
441.994146
441.923489
441.921455
441.956901
441.917979
441.917979
441.956103
441.917985
441.847979
441.884473
441.847494
441.847342
441.848143
441.882160
441.882961
441.849165
441.922014
441.850209
441.922795
441.886155
441.885836
441.886138
441.924115
441.882123
441.882094
441.881853
441.957908
441.881382
441.956936
441.918336
441.919652
441.883145
441.884273
441.919136
441.883460
441.882364
441.882656
441.958705
442.029889
441.952826
441.988095
441.881489
441.882306
441.847604
441.848094
441.954912
441.990179
441.848888
441.849681
441.953970
441.881156
441.882430
441.884262
441.919099
441.883468
441.882976
441.918007
441.920432
441.849903
441.848625
441.921724
442.029869
441.920415
441.849884
441.847518
441.954413
442.065165
441.925473
442.036486
441.925470
441.997195
441.889903
442.103823
442.026771
442.033007
441.956413
441.956141
441.920211
442.032199
441.956902
441.955344
441.844971
441.811483
441.844480
441.844793
441.844220
441.844161
441.843870
441.844473
441.845776
441.916905
441.810453
441.811421
441.812259
441.811940
441.811744
441.810936
441.917229
441.812738
441.812250
441.813044
441.845471
441.844995
441.846264
441.878982
441.878497
441.918753
441.811301
441.810982
441.812542
441.919032
441.811742
441.812251
441.847055
441.846569
441.847839
441.881839
441.811168
441.844494
441.846040
441.811940
441.880821
441.880817
441.811473
441.811784
441.844368
441.844679
441.919252
441.810981
441.811471
441.811740
441.919527
441.812241
441.812751
441.845962
441.846264
441.881066
441.813035
441.813006
441.884235
441.918697
441.847291
441.880846
441.882111
441.918417
441.847808
441.881845
441.881818
441.880545
441.883536
441.880490
441.880018
441.881066
441.880795
441.880022
441.880806
441.879226
441.879797
441.846322
441.812767
441.883704
441.883736
441.884209
441.881907
441.882431
441.882398
441.846780
441.845482
441.878794
441.878468
441.846272
441.847552
441.917487
441.880792
441.879489
441.879503
441.880287
441.845505
441.916134
441.915856
441.879764
441.880256
441.915092
441.913820
441.880813
441.881291
441.879467
441.879960
441.880014
441.917211
441.880796
441.880566
441.953071
441.881590
441.880269
441.881079
441.881609
441.880609
441.880778
441.881577
441.847288
441.917548
441.881320
441.916934
441.919613
441.917484
441.919421
441.916706
441.950460
441.919565
441.917239
441.918261
441.846009
441.880503
441.810142
441.918197
441.882086
441.848112
441.848949
441.847908
441.850773
441.849183
441.849799
441.880542
441.879765
441.811437
441.811427
441.879794
441.881077
441.885071
441.880342
441.846816
441.916390
441.881621
441.916363
441.915634
441.881648
441.918514
441.881929
441.848125
441.848885
441.916444
441.881645
441.885079
441.848434
441.847624
441.777674
441.918055
441.917245
441.918026
441.880790
441.845984
441.918819
441.880545
441.881765
441.845986
441.882363
441.811693
441.848909
441.849945
441.884026
441.884999
441.881182
441.880376
441.955762
441.918325
441.918311
441.952330
441.847572
441.880801
441.883723
441.884209
441.917508
441.882357
441.845999
441.916949
441.917438
441.879210
441.879225
441.883261
441.916718
441.917215
441.848621
441.884759
441.920646
441.848687
441.882167
441.918318
441.881346
441.881343
441.883751
441.882471
441.881661
441.921501
441.848412
441.849481
441.884302
441.882415
441.880817
441.883487
441.884521
441.884712
441.848332
441.917781
441.919578
441.918285
441.917489
441.918300
441.885899
441.880540
441.847315
441.953859
441.882092
441.916120
441.885337
441.917996
441.918503
441.882162
441.882138
441.848621
441.849395
441.954652
441.916469
441.882132
441.885892
441.778471
441.812027
441.850283
441.884225
441.846719
441.847798
441.885293
441.881592
441.882386
441.957302
441.957141
441.881022
441.885270
441.884680
441.953169
441.918890
441.918972
441.849599
441.850364
441.996519
441.919934
441.917864
441.917064
441.919627
441.847085
441.880311
441.920902
441.847584
442.029102
441.885150
441.919694
441.919174
441.918527
441.917726
441.992151
441.886155
441.885370
442.027482
442.028812
441.884864
441.919408
441.953326
441.953363
441.918878
441.992540
441.918807
441.847053
441.880288
441.952614
441.847880
441.847875
441.881099
441.881423
441.882406
441.916671
441.917461
441.882873
441.880622
441.878774
441.882393
441.920081
441.847551
441.882393
441.848163
441.848947
441.990268
441.991288
441.882484
441.883498
441.882206
441.955524
441.885563
441.849163
441.847871
441.849947
441.848651
441.918901
441.884641
441.884830
441.884079
441.884518
441.883961
441.920402
441.847576
441.917502
441.881034
441.845189
441.881873
441.919104
441.846282
441.881370
441.882944
441.881571
441.919889
441.847852
441.882452
441.882991
441.881696
441.955546
441.884805
441.884249
441.880002
441.847310
441.847816
441.813309
441.919393
441.849402
441.848337
441.883464
441.884434
441.954724
441.883418
441.884387
441.919869
441.881104
441.881099
441.883933
441.882154
441.884195
441.918773
441.920374
441.917518
441.918522
442.028061
441.917230
441.952820
441.847590
441.848080
441.953648
441.847629
441.848120
441.988451
441.881151
441.881181
441.919115
441.881125
441.880822
441.880852
441.920092
441.848590
441.847040
441.958280
441.883714
441.884893
441.884584
441.884294
441.956252
441.884247
441.955008
441.917958
441.956256
441.884266
441.991084
441.954678
441.957618
441.993552
441.849205
441.917768
441.917486
441.919876
441.881423
441.882705
441.919903
441.917436
441.917446
441.916164
441.881091
441.917762
441.987641
441.919110
441.848168
441.916978
441.879887
441.918506
441.881901
441.916657
441.916675
441.881895
441.882404
441.920908
441.919545
441.919832
441.955166
441.919872
441.919321
441.884840
441.882597
441.883705
441.919094
441.848678
441.916105
441.916120
441.953305
441.882090
441.881004
441.882588
441.884717
441.880211
441.880528
441.914886
441.917216
441.917182
441.881335
441.917410
441.881323
441.882307
441.881808
441.953302
441.881822
441.881502
441.917450
441.880715
441.881517
441.881039
441.883434
441.846797
441.885358
441.883427
441.921216
441.883999
441.882693
441.883501
441.881915
441.881848
441.844951
441.881065
441.883423
441.882125
441.880298
441.882153
441.846774
441.883110
441.848146
441.849379
441.848379
441.847805
441.848885
441.811738
441.848077
441.845279
441.848911
441.849449
441.848157
441.885850
441.849161
441.813334
441.849161
441.884773
441.811478
441.886362
441.813058
441.847605
441.953975
441.953971
441.846525
441.847315
441.847807
441.918994
441.918992
441.954674
441.883423
441.951987
441.919762
441.953033
441.951952
441.951175
441.883131
441.919951
441.882326
441.884791
441.884532
441.995355
441.883244
441.920391
441.994877
441.993114
441.884250
441.883492
441.954914
441.918527
441.880856
441.847627
441.882894
441.955439
441.916134
441.954161
441.919335
441.881669
441.848923
441.882917
441.955449
441.848135
441.881686
441.916153
441.919513
441.920041
441.883961
441.885356
441.885047
441.884771
441.884288
441.883440
441.955765
441.885065
441.883757
441.916981
441.921974
441.956229
441.884254
441.956004
441.921650
441.884761
441.885647
441.920385
441.847587
441.916965
441.917490
441.882438
441.919074
441.883126
441.881347
441.882629
441.878993
441.879475
441.878992
441.985749
441.920341
441.920838
441.919868
441.846792
441.880523
441.879215
441.844401
441.880228
441.881074
441.881307
441.882027
441.845498
441.881313
441.847078
441.881605
441.880311
441.881894
441.918315
441.846573
441.844707
441.846287
441.881357
441.881399
441.847376
441.952784
441.914817
441.952509
441.881105
441.914834
441.879250
441.881132
441.951635
441.951168
441.845714
441.846505
441.847110
441.913722
441.916627
441.916668
441.953038
441.882160
441.951979
441.917469
441.883707
441.884002
441.884187
441.884017
441.882707
441.883209
441.883720
441.848690
441.919936
441.881914
441.884165
441.882100
441.847887
441.883664
441.881394
441.881886
441.916148
441.990266
441.881078
441.884211
441.919631
441.847828
441.916153
441.916636
441.953182
441.923669
441.952071
441.952050
441.953667
441.916157
441.848123
441.884211
441.849171
441.919621
441.919025
441.881506
441.881520
441.846758
441.918525
441.810899
441.956420
441.882411
441.880799
441.882730
441.882447
441.884513
441.956906
441.881677
441.956559
441.955283
441.918363
441.883468
441.882196
441.848435
441.778428
441.922879
441.847642
441.953625
441.883184
441.884274
441.992752
441.916693
441.884275
441.880586
441.881375
441.916915
441.882884
441.954174
441.847605
441.881145
441.919001
441.881632
441.953397
441.914871
441.848126
441.847828
441.881184
441.881351
442.029205
442.028395
441.919644
441.920153
441.919158
441.847086
441.919648
441.883477
441.952896
441.882172
441.956622
441.881383
441.921213
441.849469
441.919931
441.848129
441.881178
441.844450
441.844445
441.879289
441.881375
441.845283
441.811235
441.811734
441.810465
441.812026
441.812522
441.811281
441.810432
441.813018
441.918526
441.811763
441.844172
441.810970
441.810435
441.846277
441.846482
441.846272
441.916916
441.880795
441.880509
441.847093
441.917237
441.879580
441.879792
441.845572
441.846054
441.845289
441.879280
441.881359
441.917224
441.881605
441.884009
441.882740
441.882673
441.881603
441.883767
441.884250
441.881950
441.880550
441.881339
441.880791
441.880008
441.845757
441.847312
441.881579
441.919422
441.881886
441.881090
441.916093
441.879267
441.952651
441.916109
441.955512
441.989840
441.992231
441.881376
441.844992
441.846562
441.917216
441.881650
441.882156
441.880827
441.880813
441.880860
441.884019
441.847595
441.955438
441.885599
441.995883
441.886393
441.883492
441.880828
441.880298
441.882894
441.881360
441.882450
441.881118
441.847580
441.848369
441.954394
441.881115
441.916929
441.916163
441.993011
441.915665
441.883735
441.880657
441.916472
441.847119
441.847124
441.952647
441.880837
441.879856
441.881619
441.881151
441.916715
441.913561
441.954649
441.954148
441.954663
441.954162
442.027363
441.954434
441.882461
441.847611
441.917964
441.955258
441.883953
441.883451
441.919295
441.919095
441.847350
441.847846
441.954631
441.848055
441.954368
441.846261
441.846275
441.953858
441.847559
441.846543
441.846271
441.847574
441.848372
441.846285
441.846602
441.846598
441.846568
441.847062
441.847861
441.848633
441.813872
441.848376
441.992157
441.992167
441.919069
441.920386
441.813283
441.813011
441.955458
441.955468
441.955238
441.880837
441.882423
441.956516
441.992157
441.920883
441.920364
441.992174
441.920362
441.922174
441.921173
441.959218
441.958139
441.958701
441.850693
441.846532
441.847380
441.847383
441.813835
441.846026
441.813824
441.847035
441.847526
441.846249
441.953366
441.845481
441.845462
441.952569
441.950003
441.916037
441.916505
441.851274
441.848889
441.815178
441.817768
441.816980
441.850476
441.816495
441.851265
441.920104
441.849147
441.847506
441.918010
441.847067
441.880325
441.845906
442.026112
441.847030
441.845466
441.845526
441.847335
441.846478
441.883968
441.812273
441.845971
441.884768
441.813045
441.846299
441.846046
441.846839
441.847636
441.777654
441.883218
441.812285
441.882723
441.811790
441.880079
441.843865
441.844786
441.919317
441.845274
441.846834
441.919345
441.916192
441.991566
441.917464
441.880863
441.958160
441.810435
441.918538
441.844962
441.846537
441.845771
441.845455
441.845484
441.846735
441.847032
441.845757
441.845455
441.845807
441.847048
441.847042
441.811996
441.919269
441.845513
441.845019
441.879302
441.879301
441.845474
441.845460
441.845677
441.845187
441.879777
441.845647
441.845158
441.952236
441.951771
441.845148
441.845148
441.845472
441.883483
441.883156
441.844446
441.845938
441.845948
441.953807
441.951721
441.878791
441.878483
441.845159
441.845469
441.953045
441.845190
441.882416
441.882394
441.882720
441.848872
441.847279
441.919889
441.917263
441.849477
441.881330
441.919119
441.918561
441.918623
442.029673
441.954482
441.954472
441.882664
441.848923
441.883486
441.920099
441.847567
441.882506
441.882485
441.919307
441.953641
441.848093
441.881834
441.845433
441.846533
441.919314
441.845813
441.920112
441.883669
441.993055
441.880524
441.881037
441.880220
441.880547
441.880326
441.845832
441.881036
441.881821
441.917979
441.881610
441.847115
441.918759
441.916904
441.881598
441.847094
441.883768
441.881335
441.880557
441.881357
441.883203
441.810023
441.883386
441.883277
441.917262
441.918058
441.883252
441.846053
441.846849
441.847342
441.848138
441.917680
441.953893
441.848646
441.883173
441.881013
441.882603
441.847874
441.882382
441.881087
441.918028
441.881590
441.880481
441.880269
441.845798
441.920118
441.883679
441.847086
441.881193
441.880250
441.881839
441.917471
441.916116
441.880106
441.881595
441.881303
441.880027
441.880542
441.881830
441.916686
441.917404
441.880109
441.913645
441.847406
441.845360
441.956273
441.954451
441.916413
441.916142
441.880582
441.880296
441.881928
441.954949
441.916614
441.881082
441.880782
441.881368
441.847631
441.916948
441.916652
441.883111
441.953101
441.880561
441.880245
441.882308
441.847563
441.881597
441.885073
441.882815
441.882920
441.916978
441.992259
441.992262
441.916899
441.882626
441.880553
441.880011
441.879775
441.881819
441.847085
441.881102
441.847281
441.918288
441.915910
441.880271
441.915122
441.917989
441.879955
441.884264
441.919898
441.881999
441.880580
441.880299
441.918065
441.881298
441.845181
441.846775
441.916701
441.915670
441.916954
441.917467
441.954083
441.952806
441.958530
441.989986
441.955243
441.919937
441.954617
441.953872
441.954481
441.955467
441.954171
441.882608
441.882428
441.989668
441.882588
441.884076
441.884348
441.993305
441.885066
441.991687
441.883767
441.994616
441.920905
441.919907
441.883763
441.992544
441.884306
441.883006
441.920381
441.993101
441.884877
441.883578
441.917754
441.916466
441.918254
441.916403
441.953633
441.954910
441.954092
441.955900
442.026147
441.992222
441.991382
441.954600
441.954607
442.026129
441.992208
441.991364
441.953789
442.067832
442.066999
441.848362
441.883189
441.848353
441.883989
441.990258
441.883020
441.883515
441.847390
441.914322
441.883831
441.917792
441.918591
441.918524
441.919348
441.991564
441.919150
441.919154
441.994946
441.993192
441.953388
441.955989
441.921282
441.994626
441.920795
441.920212
441.883213
441.882399
441.955197
441.992145
441.992920
441.954667
441.992129
441.916197
441.916192
442.102957
441.958517
441.916206
442.026421
441.917993
441.882952
441.989521
441.917520
441.916692
441.954782
441.955225
441.918378
441.884322
441.917385
441.992586
441.953920
441.954411
441.919865
441.920374
442.026401
441.916695
442.023794
442.025065
441.915693
441.915697
441.992083
441.988897
441.987387
441.918249
441.988896
441.953929
441.916164
441.917446
441.916716
441.882680
441.915376
441.990160
441.987871
441.989387
441.954412
441.916724
441.882675
441.916681
441.915940
441.916752
441.990326
441.952622
441.952617
441.952637
441.952126
441.952144
441.881439
441.879841
441.919049
441.952568
441.919081
441.918569
441.991374
441.991373
441.925255
441.885765
441.885305
441.850563
441.885814
441.849425
441.846557
442.028849
441.955748
441.959088
441.991291
441.953817
441.953273
441.919607
441.917461
441.988980
441.952505
441.919317
441.952556
441.953342
441.954627
441.991301
441.989003
441.919904
441.956009
441.916418
441.953980
441.915634
441.917540
441.988959
441.917733
441.951172
441.919891
441.956010
441.951664
441.881635
441.883201
441.956565
441.916496
441.956934
441.884738
441.920831
441.955468
441.954670
441.885696
441.920824
441.883134
441.919220
441.953864
441.916415
441.994175
441.923303
441.959205
441.994130
441.959062
441.993328
441.957250
441.886764
441.886681
441.922649
441.997012
441.884890
441.991125
441.954250
441.992831
441.921359
441.884728
441.920812
441.954657
441.955452
441.881616
441.920478
441.922321
441.957921
441.956945
441.883132
441.919227
441.953868
441.920467
441.919397
441.956063
441.951708
441.919111
442.033986
441.884363
442.033419
441.883782
441.918825
442.033687
441.884078
441.991191
442.103100
441.916155
441.954012
441.956039
441.989031
441.917663
441.990624
441.952451
441.918748
441.953248
441.988941
441.917141
441.951158
441.917196
441.988951
442.033623
441.918820
441.953858
441.990644
442.063500
441.952700
441.953982
441.952185
441.953454
441.995773
442.067025
441.918408
441.952952
441.919767
441.920250
441.919277
441.883750
441.954835
441.954372
441.953539
441.918011
441.952516
441.918984
441.918175
441.954054
441.882972
441.918500
441.919406
441.918279
441.917491
441.917952
441.918300
441.916658
441.953202
441.917952
441.918903
441.916348
441.917850
441.994617
441.958109
441.995103
441.994498
441.882894
441.883607
441.883143
441.882090
441.880523
441.991296
441.953508
441.885906
441.921502
441.917952
441.917749
441.915837
441.916666
441.882153
441.882091
441.915341
441.951168
441.916105
441.916124
441.915322
441.916100
441.912186
441.915633
441.950674
441.991595
441.884209
441.883713
441.882954
441.954822
441.994023
441.916432
441.879467
441.879472
441.987275
441.987559
441.920549
441.993140
441.916650
441.953117
441.954384
442.027550
441.921756
441.920929
441.992609
441.921723
441.922505
441.993298
441.849141
441.956753
441.955717
441.916734
441.882696
441.952749
441.953244
442.024738
441.990290
442.030408
441.883176
441.953653
441.920406
442.029295
442.029098
441.923609
441.922509
441.922518
441.993313
441.955702
441.955698
441.989396
441.956243
441.955709
441.994692
441.919319
442.031046
442.029790
441.953868
441.992497
441.957704
441.922339
441.959342
441.922241
441.923078
441.958227
441.994123
441.918948
441.918471
441.883422
441.988929
441.919245
441.917463
441.993065
441.951977
441.883420
441.916642
441.917943
441.955782
441.955792
441.953703
441.953718
441.954712
441.954630
442.031135
441.954644
441.918600
441.916984
441.955457
441.883723
441.885059
441.955958
441.886028
441.919286
441.920254
441.918999
441.990717
441.952277
441.955988
441.919059
441.953775
441.989924
441.955195
441.883431
441.917968
441.917749
441.883700
441.881857
441.882343
441.882613
441.917194
441.847813
441.848567
441.917712
441.918498
441.881932
441.882906
441.882212
441.920944
441.920930
441.956090
441.919388
441.956923
441.990846
441.990862
441.991135
441.993335
442.107427
441.919328
441.923160
441.958416
441.993541
441.920909
441.918553
441.993255
441.954814
441.918746
441.953830
441.954598
441.954095
441.954091
441.918817
441.958782
441.921410
441.919578
441.919568
441.955456
441.921210
441.922109
441.954917
441.955236
441.955908
441.920142
441.918092
441.885610
441.956065
441.995296
441.886176
441.918989
441.921807
441.918201
441.956267
441.887457
441.955752
441.921244
441.956856
441.922003
441.990299
441.958514
442.028644
442.063294
441.882152
441.881869
441.881820
441.883415
441.883600
441.883100
441.882804
441.921513
441.920727
441.921512
441.920727
441.957073
441.956534
442.029168
441.845269
441.815607
441.811735
441.812539
441.811748
441.815130
441.814624
441.813838
441.848689
441.814667
441.847555
441.848662
441.885302
441.815115
441.814142
441.845239
441.812528
441.884538
441.812522
441.813849
441.886393
441.813839
441.847883
441.813400
441.882110
441.881313
441.847563
441.847265
441.847842
441.844943
441.958317
441.848912
441.846263
441.845957
441.852405
441.920417
441.920398
441.921995
441.921978
442.081818
441.959555
441.851093
441.922505
441.921206
441.922009
441.850798
441.960614
441.851086
441.887151
441.847288
441.848864
441.848573
441.886674
441.812203
441.960105
441.888275
441.928576
441.920406
441.920392
441.884038
441.884024
441.920937
441.922502
441.920925
441.925484
442.081991
442.079074
441.998773
441.963582
441.809092
441.884853
441.883177
441.919277
441.882644
441.920449
441.916903
441.848158
441.962161
441.882499
441.917518
441.917579
441.881720
441.996504
441.883253
441.918259
441.918913
441.952589
441.917563
442.032350
441.884243
442.033867
441.881053
441.847378
441.886168
441.920885
441.884759
441.922066
441.885370
442.034191
441.884288
441.918825
441.920982
441.956108
441.917516
441.882687
441.919564
441.883469
441.919926
442.470559
441.882871
441.847325
441.847891
441.882708
441.919092
441.849470
441.884248
441.920626
441.851009
441.883958
441.959948
441.922212
441.815359
441.848346
441.814652
441.813813
441.884274
441.989932
441.989132
441.919911
441.882675
442.030434
441.849440
441.957018
441.883139
441.884438
441.882865
441.921423
441.993714
441.918506
441.955389
441.882424
441.881325
441.955696
441.843841
441.879782
441.879485
441.809815
441.845766
441.846498
441.847759
441.848041
441.847822
441.847025
441.845458
441.845663
441.879528
441.879270
441.846276
441.880548
441.879285
441.912816
441.845780
441.847072
441.883975
441.884268
441.881092
441.847856
441.847363
441.848665
441.811420
441.847325
441.848125
441.777716
441.778987
441.778491
441.776590
441.776604
441.775799
441.814860
441.886628
441.886634
441.850744
441.887112
441.884837
441.918812
441.954660
441.918827
441.851594
441.921483
441.917784
441.955452
441.851527
441.887116
441.776910
441.811144
441.815390
441.778536
441.778730
441.778723
441.886587
441.778810
441.812255
441.778513
441.811161
441.851032
441.813059
441.779808
441.851806
441.852281
441.813338
441.780109
441.850551
441.814311
441.815133
441.814651
441.778700
441.778886
441.952845
441.919344
441.952848
441.919344
441.991058
441.954657
442.025325
441.920716
441.919921
441.918320
441.918563
441.919045
441.919269
441.995930
441.994010
441.920119
442.065192
441.852913
441.887773
441.994461
441.919614
441.881300
441.882373
441.954443
441.917241
441.952281
441.952773
441.951777
441.915096
441.986557
441.918756
441.919248
441.880929
441.881607
441.915329
441.880010
441.883711
441.919298
441.883422
441.848574
441.955929
441.919797
441.953799
441.881568
441.917170
441.915828
441.879999
441.881073
441.886926
441.884259
441.919604
441.882160
441.917005
441.882644
441.881864
441.882156
441.881885
441.952851
441.918280
441.882647
441.883151
441.883144
441.919271
441.881020
441.882094
441.954423
441.918471
441.847568
441.915634
441.989252
441.954641
441.882385
441.915929
441.918045
441.917079
441.916683
441.915327
441.881112
441.880528
441.881032
441.989453
441.918231
441.917251
441.883214
441.882249
441.954374
441.917241
441.882613
441.916171
441.883148
441.882182
441.851280
441.844949
441.810430
441.844963
441.775185
441.883516
441.883959
441.955208
441.918536
441.954329
442.027441
441.918763
441.884509
441.916785
441.915379
441.916770
441.917775
441.882135
441.917749
441.989473
441.988994
441.916493
441.989459
441.990716
441.919354
441.954674
441.990600
441.990986
441.920114
441.955413
441.955884
441.955756
441.919293
441.886173
441.914848
442.025719
441.920078
441.918286
441.921403
441.883759
441.918835
441.920403
441.954338
441.953534
441.915152
441.880338
441.914826
441.915626
441.881621
441.950987
441.917716
441.917470
441.919016
441.918733
441.918051
441.916884
441.917684
441.882318
441.846806
441.883163
441.917446
441.955202
441.882496
441.954520
441.882344
441.954459
441.881852
441.917695
441.918499
441.883633
441.916644
441.955217
441.956794
441.956595
442.028739
442.028736
441.920115
441.883438
441.885018
441.883185
441.955456
441.885331
441.883428
441.884221
441.955438
441.884052
441.991495
441.991456
441.921128
441.920325
441.883353
441.881324
441.882605
441.916847
441.917362
441.881335
441.953840
441.914860
441.915880
441.882422
441.848912
441.958514
441.916733
441.882195
441.917529
441.887446
441.887942
441.814845
441.846554
441.812218
441.812203
441.846233
441.884193
441.845454
441.811236
441.845447
441.845964
441.883409
441.814857
441.813265
441.886291
441.812223
441.811906
441.919805
441.813537
441.813582
441.813753
441.814833
441.847545
441.815165
441.815350
442.034046
441.958935
441.992996
441.959739
441.924142
442.030726
441.994654
441.993318
441.994165
441.955686
441.918978
441.917374
441.952289
441.921157
441.920355
441.958018
441.958865
441.951788
441.880969
441.918788
441.919274
441.881290
441.957382
441.958697
441.848107
441.957820
441.959500
441.848126
441.991278
441.994634
441.992224
441.884253
441.989446
442.024246
441.989472
441.884730
441.990786
441.884745
441.990782
441.918808
442.100796
441.917782
441.917445
441.916937
441.885059
441.990318
441.919590
441.918779
441.953932
441.881612
441.882414
441.997295
441.991323
441.915134
441.915943
441.916441
441.881927
441.914637
441.916194
441.915878
441.881102
441.987140
441.987925
441.847357
441.917802
441.883778
442.027710
441.952309
441.918332
441.921585
441.849985
441.921577
441.849197
441.883770
441.919162
441.885134
442.029068
441.919678
441.851022
441.996757
441.816986
441.956025
441.883733
441.884533
441.850205
441.988639
441.989439
441.883952
441.883951
441.917997
441.916986
441.916658
441.916158
441.884281
441.918794
441.917984
441.953894
441.958424
441.993193
441.958279
441.886429
441.922044
441.921258
441.887214
441.995240
442.106911
441.993582
441.886790
441.990342
441.990341
441.919240
441.957765
441.887019
441.850512
441.957703
441.992323
441.922116
441.958807
441.921203
441.882146
441.953858
441.918723
441.882617
441.915375
441.882999
441.919917
441.883252
441.953942
441.882682
441.916157
442.029463
442.068017
441.916103
441.915583
441.951206
441.881032
441.881857
441.951168
441.916369
441.951173
441.915064
441.915852
442.031857
441.954236
441.883582
441.919097
441.918563
441.997282
441.883770
441.916355
441.953187
441.919081
441.953108
441.919392
441.916812
441.918803
441.956078
442.032619
441.884104
441.917801
441.952824
441.918137
441.917636
442.031315
441.952403
441.917807
441.953404
441.954563
441.954725
441.952465
441.952749
442.068863
442.034003
441.921742
442.028441
442.027951
441.998083
441.990622
441.919385
441.954154
441.953415
441.920102
441.957371
441.884605
441.990650
441.953319
441.918338
441.919397
442.032139
441.955045
441.955077
441.921197
441.956057
441.956008
441.952745
441.955755
441.886704
441.922602
441.922342
441.884205
441.883423
441.887231
442.031052
441.884307
441.989844
441.952586
441.916865
441.918048
441.955210
441.920465
441.916979
441.918579
441.922278
441.992174
441.847287
441.845701
441.916099
441.919570
441.913801
441.913005
441.922289
441.997865
441.955542
441.881948
441.916926
441.916580
441.955526
441.885434
441.994106
442.028308
442.026095
441.994123
442.031231
442.070509
442.028325
441.920825
441.992197
441.953072
441.958858
441.883469
441.918223
441.955163
441.883486
441.916877
441.916716
441.883158
441.883957
441.884234
441.884206
441.955465
441.919794
441.919494
441.878375
441.917734
441.881624
441.951974
441.918533
441.882898
441.952787
441.989480
441.916652
441.917952
441.951981
441.952745
441.952505
441.918214
441.916343
441.917643
441.951156
441.914846
441.916135
441.881354
441.843080
441.917519
441.846304
441.880498
441.880809
441.879519
441.812496
441.882510
441.915387
441.847314
441.955189
441.954728
441.881833
441.882607
441.919131
441.950723
441.951509
441.917214
441.881351
441.952730
441.916932
441.882147
441.882644
441.954561
441.883131
441.953153
441.879731
441.952650
441.882448
441.881303
441.881301
441.883422
441.953587
441.955177
441.881021
441.914850
441.882606
441.881622
441.884241
441.882666
441.954185
441.882229
441.884060
441.917471
441.915623
441.953312
441.916124
441.881314
441.952782
441.914548
441.915180
441.881664
441.881141
441.880813
441.880508
441.882114
441.916125
441.914552
441.916143
441.952769
441.810841
441.812418
441.810846
441.812435
441.919029
441.811961
441.811462
441.884792
441.851259
441.815893
441.849135
441.849158
441.848880
441.781940
441.816977
441.852008
442.163590
442.161903
442.196407
442.164109
442.246237
442.165796
441.958899
441.956214
441.889135
441.818019
441.885543
441.885511
441.851309
441.885320
441.885850
441.961017
441.959541
442.029918
441.920211
441.952865
441.955201
441.955515
441.954400
441.954231
441.919396
441.990932
441.953586
441.920056
441.955184
441.921528
441.921699
441.922226
441.994388
441.991043
442.101332
441.991017
442.031376
441.993102
441.956505
441.992341
441.918199
441.954373
441.917400
441.953262
441.918544
441.918358
441.952008
441.917419
441.952237
441.916936
441.952194
441.950176
441.953781
441.987625
441.916670
441.953381
441.917009
441.955642
442.025789
441.953527
441.919752
441.954565
441.916678
441.951537
441.954881
442.026601
441.952008
441.918990
441.917992
441.919264
441.956559
441.956536
441.991806
441.993140
441.884861
441.884364
441.988651
441.954942
441.990455
441.989932
441.990164
441.988641
441.920375
441.919878
441.919630
441.956062
441.920625
441.920138
441.955495
441.918778
441.883007
441.918532
441.925086
442.044825
441.885558
441.919308
441.917249
441.919339
441.884732
441.958558
441.920819
441.850488
441.954155
441.954668
441.954145
441.887954
441.995161
441.996240
441.888369
441.818040
442.066533
441.990778
441.955780
442.067327
441.921244
441.919554
441.917759
441.990809
441.885013
441.990814
442.065514
441.960310
442.030607
442.068548
441.994468
442.029227
441.814327
441.815905
441.884029
441.884318
441.848415
441.882929
441.849168
441.881606
441.954416
441.883185
441.955201
441.850476
441.884990
441.959850
441.925796
441.882414
441.883228
441.880206
441.881804
441.917503
441.918508
441.918506
441.917254
441.918543
441.917204
441.884758
441.954702
441.955216
441.954688
441.994924
441.888514
441.996783
441.992613
441.994332
441.922400
441.851270
441.957460
441.991932
441.957473
441.991945
441.956058
441.955768
441.954441
441.995045
441.993022
441.955226
441.955239
441.959851
441.848677
441.919614
441.847907
441.921169
441.849967
441.992603
441.882200
441.881127
441.883188
441.915956
441.952374
441.915516
441.914134
441.915178
441.914639
441.918313
441.954528
442.023732
441.918495
441.918772
441.884631
441.919742
441.882443
441.952634
441.881419
441.989703
441.881839
441.882613
441.882132
441.885417
441.920519
441.883221
441.882916
441.882119
441.880611
441.881831
441.918046
441.922332
441.957447
441.919653
441.918002
441.957678
441.919399
441.919413
441.887188
441.956769
441.847847
441.848057
441.846286
441.845996
441.881292
441.847069
441.847653
441.848124
441.848102
441.919849
441.882448
441.882922
441.917460
441.882900
441.917741
441.884222
441.882456
441.883462
441.916968
441.916472
441.919542
441.916662
441.916988
441.883454
441.883157
441.958519
441.921214
441.921217
441.927138
441.887318
441.888115
441.815958
441.850994
442.033515
442.036106
441.993128
441.994164
441.889096
441.923434
441.888298
441.922635
441.956558
441.957347
441.992974
441.954407
441.954403
441.993884
441.919735
441.881900
441.917475
441.921007
441.918326
441.918801
441.958229
441.918814
441.919567
441.919584
441.881589
441.880789
441.953406
441.918990
441.917747
441.917198
441.916133
441.882098
441.919319
441.845959
441.879990
441.959560
441.918006
441.959173
441.847904
441.881650
441.881896
441.882895
441.849150
441.884785
441.849651
441.880285
441.844639
441.844343
441.844163
441.879484
441.844670
441.844671
441.881048
441.879785
441.844979
441.846235
441.845753
441.881107
441.918659
441.882193
441.883446
441.957913
441.846977
441.848062
441.884328
441.845481
441.916912
441.844676
441.811694
441.812773
441.992859
441.921334
441.886997
441.956541
441.956538
441.885295
441.953866
441.953349
441.917818
441.919341
441.919160
441.919848
441.921644
441.887306
441.885114
441.881367
441.882907
441.882726
441.919387
441.847253
441.847847
441.955588
441.917478
441.916706
441.919618
441.952297
441.918252
441.916982
441.917506
441.916664
442.105890
441.883225
441.883474
441.995206
441.881686
441.880904
441.955575
441.918245
441.915927
441.917495
441.991569
441.916186
441.916498
441.882739
441.882969
441.884264
441.996779
441.882490
441.919925
441.882486
441.919157
441.920721
441.920708
441.920266
441.882962
441.916712
441.887454
441.922575
441.884489
441.955244
441.922394
441.884308
441.883728
441.844686
441.845962
441.883694
441.844681
441.880255
441.844964
441.884296
441.849488
441.847283
441.848368
441.779793
441.852312
441.813032
441.815435
441.816168
441.781109
441.958982
441.919945
441.919935
441.960924
441.885253
441.885307
441.884750
441.884476
441.884304
441.884754
441.884781
441.883036
441.777373
441.852338
441.922255
441.958213
441.958187
441.957275
442.030756
441.995325
442.067275
441.954551
441.955923
441.954393
441.956413
441.957752
441.991716
441.953879
441.922293
441.887221
441.816533
441.959547
441.882725
441.845990
441.845678
441.846170
441.846793
441.845995
441.878681
441.880301
441.880296
441.879991
441.880000
441.847839
441.847050
441.846549
441.845760
441.953331
441.846756
441.953330
441.845957
441.878995
441.880295
441.951761
441.878986
441.951740
441.951725
441.813540
441.998017
442.032382
441.959853
441.916663
441.881845
441.953879
441.917733
441.952467
441.988604
441.950955
441.952013
441.884530
441.883236
441.883937
441.881848
441.957382
441.881641
441.881656
441.917426
441.883435
441.918530
441.813826
441.812246
441.884543
441.847369
441.848181
441.958497
441.813836
441.812239
441.919380
441.814603
441.848637
441.849365
441.850158
441.847301
441.848079
441.881086
441.919880
441.814613
441.848662
441.882889
441.882866
441.958980
441.816107
441.778963
441.957703
441.958691
441.918297
442.033777
441.888988
441.888249
441.958105
441.958093
441.959670
441.920655
441.812224
441.813803
441.920606
441.811998
441.814618
441.814354
441.813872
441.813774
441.815344
441.814823
441.814073
441.815372
441.814624
441.990996
441.989606
441.954599
442.025446
442.026233
441.954556
441.953577
441.988853
441.954628
441.955360
441.991010
442.025765
441.954658
441.950656
441.881624
441.846807
441.882916
441.881836
441.916917
441.918233
441.917479
441.951468
441.884242
441.883148
442.029250
442.029254
442.032714
441.956706
441.922106
441.955558
441.991949
441.956324
441.957161
442.033215
441.887278
441.885703
441.920038
441.920796
442.067212
441.919991
441.953993
441.992728
441.991632
441.957635
441.956692
441.922092
441.955548
441.991935
441.956328
441.957151
441.887264
441.885693
441.920792
441.919991
441.954003
441.992728
441.991636
441.957628
441.881521
441.882950
441.882194
441.952038
441.917158
441.950662
441.916480
441.918442
441.915641
441.991586
441.916957
441.991572
441.884008
441.882928
441.882928
441.849339
441.778169
441.778179
441.888159
441.887394
441.883466
441.919043
441.883442
441.881153
441.958475
441.881943
441.919364
441.958165
441.883300
441.883593
441.994104
441.884582
441.920427
441.883948
441.918737
441.883934
441.810922
441.884222
441.918526
441.883737
441.879847
441.914679
441.879829
441.881128
441.914669
441.880639
441.881624
441.810729
441.957663
441.918546
441.880616
441.919059
441.881444
441.881945
441.881944
441.915961
441.880660
441.915964
441.881459
441.882444
441.847302
441.848092
441.810619
441.883191
441.811951
441.845975
441.810312
441.923331
441.879834
441.846786
441.847560
441.881841
441.881090
441.917294
441.880737
441.847283
441.883661
441.990782
441.881095
441.880289
441.879523
441.845972
441.882072
441.884075
441.884056
441.995393
441.885358
441.881811
441.882913
441.921837
441.957347
441.957991
441.885350
441.885635
441.922003
441.886939
441.922313
441.845487
441.881032
441.879500
441.916498
441.881288
441.881000
441.879721
441.880230
441.880749
441.921448
441.848318
441.847820
441.847521
441.847526
441.845421
441.846221
441.847310
441.848110
441.810058
441.811647
441.918234
441.845458
441.845455
441.848081
441.846015
441.845892
441.845911
441.994854
441.812581
441.813035
441.812536
441.812246
441.812217
441.813035
441.813522
441.813793
441.959628
442.035044
442.034571
441.957372
441.992357
441.994509
441.957383
441.992354
442.033947
441.989689
441.954038
441.915619
441.954310
441.918224
441.883390
441.953527
441.994506
441.991246
441.953951
441.954421
441.997430
441.991487
441.919583
441.886346
441.996939
441.996914
441.955670
441.954855
441.991473
441.885862
441.919100
441.996928
442.031722
442.028052
441.919805
441.918813
441.954946
441.955743
441.920126
441.882617
441.920924
441.957146
441.921048
441.957332
441.955210
441.956028
441.921237
441.995118
441.956442
441.993760
441.955787
441.954446
441.917719
441.920476
441.955599
441.920841
441.955606
441.956777
441.885887
441.922309
441.921618
441.920625
441.958147
441.922891
441.886470
441.886957
441.958634
441.957354
441.923382
441.996104
442.028960
442.031266
442.031703
441.919318
441.954936
441.954933
441.953345
441.998047
442.032385
442.067173
441.995556
441.922411
441.954861
441.921272
441.956808
441.917690
441.885931
441.956311
441.922055
442.029193
441.955930
441.955126
442.030722
441.959870
441.920946
441.958391
441.882658
441.881858
441.775186
441.774874
441.846676
441.775515
441.918567
441.918583
441.922203
441.892938
441.816945
441.922189
441.882950
441.920381
441.883184
441.813302
441.813313
441.781363
441.816931
441.815385
441.815422
441.852785
441.813328
441.779787
441.815922
441.884460
441.777685
441.815084
441.813534
441.927486
441.961525
441.920093
441.921416
441.918811
441.921412
441.847355
441.881123
441.847059
441.918073
441.884513
441.883532
441.813011
441.813327
441.920605
441.957132
441.881310
441.882891
441.920694
441.885060
441.881409
441.882671
441.952623
441.881894
441.917406
441.880803
441.880832
441.847892
441.882400
441.918194
441.880818
441.849147
441.883673
441.953893
441.916604
441.917406
441.884250
441.918066
441.848356
441.882882
441.953593
441.918231
441.812781
441.812962
441.812449
441.845440
441.847013
441.812226
441.812256
441.883565
441.847865
441.850739
441.848683
441.849930
441.884551
441.883757
441.813242
441.813454
441.885485
441.957002
441.920322
441.813256
441.811666
441.846268
441.813195
441.847301
441.814047
441.812743
441.846993
441.844985
441.813525
441.813731
441.922607
441.816651
441.780310
441.815141
442.198614
442.037227
442.033896
442.032362
441.960360
441.883398
441.884714
441.916141
441.915325
441.915136
441.881109
441.957514
441.918156
441.849950
441.883788
441.850245
441.954344
441.915833
441.881796
441.885598
441.919808
441.918209
441.885043
441.881838
441.885106
441.881842
441.881798
441.846459
441.813239
441.846769
441.844142
441.845826
441.812768
441.883941
441.845687
441.846778
441.881601
441.882353
441.881007
441.881309
441.845468
441.881616
441.884040
441.884231
441.846772
441.814346
441.847867
441.846524
441.845751
441.846930
441.813872
441.850016
441.845810
441.880609
441.849553
441.881010
441.845814
441.881031
441.882114
441.847007
441.811465
441.846268
441.846177
441.884862
441.844361
441.882641
441.880418
441.879699
441.843565
441.845685
441.846458
441.811657
441.883650
441.882957
441.880598
441.847046
441.880016
441.847385
441.955149
441.881297
441.810941
441.811135
441.810644
441.845694
441.845676
441.881924
441.878977
441.879203
441.879019
441.878175
441.880514
441.881022
441.916636
441.881115
441.914657
441.916403
441.915866
441.916384
441.880827
441.846800
441.847095
441.846015
441.916151
441.881105
441.878679
441.878970
441.880483
441.879987
441.811936
441.811927
441.879779
441.878988
441.915109
441.913797
441.812643
441.811135
441.812444
441.811354
441.811651
441.811125
441.812233
441.811134
441.809235
441.810036
441.810250
441.810036
441.921996
441.849412
441.957406
441.923065
441.917980
441.917977
441.849936
441.920645
441.848138
441.847533
441.883735
441.883942
441.918475
441.957172
441.846967
441.846954
441.849447
441.883179
441.882665
441.960355
441.918813
441.991999
441.920374
441.882636
441.920651
441.884205
441.920395
441.991870
441.919107
441.881552
441.882646
441.883972
441.957950
441.959234
441.956175
441.881558
441.883648
441.920362
441.918501
441.920062
441.881849
441.919878
441.920093
441.991589
441.918520
441.918795
441.881238
442.071942
442.067258
442.038470
441.995230
441.920027
441.992001
441.957803
441.887101
441.992821
441.994137
441.959615
441.960455
441.959486
441.883250
441.848421
441.884213
441.886011
441.885037
441.881640
441.883222
441.920903
441.884733
441.915871
441.952999
441.916942
441.950677
441.950665
441.951682
441.881042
441.953794
441.918244
441.920396
441.884241
441.851023
441.884256
441.775312
441.811639
441.811627
441.777165
441.811627
441.775294
441.780575
441.779794
441.779310
441.779493
441.778228
441.812516
441.812235
441.919785
441.812722
441.811446
441.811146
441.778713
441.777599
441.813855
441.815096
441.815879
441.812247
441.813512
441.845761
441.811426
441.811437
441.776099
441.847797
441.813050
441.779529
441.848925
441.846990
441.814042
441.847841
441.846277
441.996471
441.995188
441.955732
441.924629
441.959250
441.993693
441.957717
441.956471
441.957038
441.990981
441.989876
441.923173
442.030464
441.957059
441.956545
441.957381
441.917044
441.883521
441.883525
441.917855
441.920475
441.952775
441.951983
441.950499
441.917763
441.955577
441.918220
441.917518
441.882704
441.920936
441.956047
441.884748
441.952756
441.915361
441.916948
441.884763
441.988970
441.883954
441.951977
441.952356
441.883955
441.919518
441.956853
442.028970
441.884229
441.916961
441.952805
441.916990
441.884248
441.988946
441.882147
441.886026
441.886055
441.990248
441.884750
441.953138
441.884765
442.028957
441.917506
441.916999
441.918798
441.917809
441.845527
441.953306
441.952530
441.881837
441.952526
441.845571
441.880103
441.844976
441.845755
441.952519
441.879279
441.951272
441.881376
441.879279
441.951739
441.918506
441.879808
441.879812
442.023996
441.917261
441.844670
441.880811
441.880329
441.879829
441.913855
441.884802
441.957227
441.919895
441.882353
441.917849
441.883911
441.884188
441.882131
441.883115
441.883874
441.882167
441.882911
441.917998
441.953261
441.845235
441.844953
441.845977
441.879751
441.952523
441.879764
441.952525
441.952222
441.992191
441.880328
441.846290
441.918018
441.950956
441.950956
441.883521
441.881633
441.879028
441.845799
441.917495
441.880229
441.952758
441.846826
441.846549
441.953297
441.953298
441.846554
441.846262
441.953006
441.952520
441.883220
441.845770
441.845483
441.992979
441.881637
441.848099
441.879786
441.879484
441.880857
441.848110
441.953606
441.882720
441.849181
441.881346
441.880582
441.881939
441.849196
441.953916
441.880307
441.880311
441.882111
441.881615
441.880828
441.919048
441.957719
441.918385
441.918399
441.812040
441.885096
441.957539
442.029033
441.846236
441.845964
441.884020
441.845786
441.846747
441.845952
441.883174
441.848338
441.955457
441.955967
441.953877
442.029047
441.954686
441.956787
441.956788
441.883963
441.882372
441.883977
441.849140
441.956267
441.956777
441.954704
442.029065
441.953895
441.958080
441.919608
441.919618
441.812210
441.810645
441.777684
441.777386
441.847572
441.888163
441.880841
441.847291
441.919309
441.883397
441.882075
441.919821
441.847332
441.882153
441.880520
441.990763
441.880524
441.880724
441.882720
441.846686
441.918716
441.846716
441.881547
441.882076
441.881568
441.917999
441.846504
441.881517
441.881013
441.921105
441.921097
441.847074
441.813867
441.813565
441.814064
441.813762
441.846810
441.953065
441.846758
441.845470
441.846328
441.883203
441.883503
441.847073
441.847264
441.883487
441.882887
441.847396
441.847608
441.883501
441.880082
441.880077
441.919844
441.919546
441.847115
441.813582
441.813280
442.030967
442.066144
441.922184
441.994577
441.851804
441.850244
441.917944
441.918302
441.919063
441.883809
441.919073
441.918298
441.883819
441.917794
441.956235
441.924237
442.296300
441.918321
441.920723
441.884788
441.884796
442.024742
441.921179
441.883194
441.918008
441.921986
441.992886
441.958518
441.885098
441.886388
441.885900
441.919599
441.919602
441.848316
441.848816
441.886403
441.886389
441.924439
441.886361
441.886329
441.884476
441.925223
441.886554
441.924144
441.886049
441.885556
441.926515
441.810653
441.776720
442.041688
441.994512
441.820214
441.854541
441.814568
441.814318
441.849354
441.848366
441.849145
441.959976
442.030661
441.813224
441.958929
441.996216
441.919132
441.953573
441.955182
441.920764
441.958471
441.921204
441.921220
441.924080
441.924063
441.962193
441.999363
441.960858
441.998268
441.959729
441.996385
441.962111
441.995267
441.916946
442.025266
441.919375
441.919070
441.882160
441.952333
441.917489
441.917215
441.915671
441.954783
441.956054
441.887291
442.026600
441.920694
441.920376
441.883983
441.884756
441.917494
441.918534
441.917786
441.952842
441.952839
441.919443
441.886785
441.954789
441.887268
441.952329
441.919381
441.919073
441.882165
441.916154
441.917224
441.953062
441.916950
441.917484
441.920710
441.920392
441.884771
441.883998
441.918279
441.918550
441.953885
441.917032
441.918058
441.884629
441.919922
441.993986
441.883132
441.882801
441.917463
441.887262
441.956040
441.954758
441.958621
441.958139
441.957499
441.957498
441.957509
441.957498
441.958166
441.957691
441.881833
441.881804
441.881162
441.884255
441.886315
441.885367
441.881539
441.882628
441.917676
441.919692
441.918806
441.917051
441.918765
441.780101
441.811943
441.810362
441.919823
441.811481
441.811448
441.918049
441.953336
441.848373
441.846790
441.847873
441.847058
441.844997
441.844965
441.952044
441.847094
441.885245
441.848639
441.848903
441.922996
441.814623
441.887308
441.922979
441.850952
441.924264
441.924254
441.845476
441.846036
441.955655
441.919035
441.847856
441.885579
441.847320
441.847023
441.881889
441.919041
441.847853
441.885575
441.918557
441.994825
441.919641
441.919641
441.918855
441.882090
441.918055
442.029686
441.846783
441.846797
441.954340
441.954353
441.884005
441.848378
441.848364
441.992285
441.992298
441.921193
441.917516
441.882712
441.917479
441.917470
441.922027
441.921208
441.918344
441.917540
441.884024
441.884021
441.996406
441.881082
441.881891
441.881560
441.916955
441.845772
441.953848
441.845481
441.846513
441.847602
441.953387
441.846562
441.846285
441.847589
441.844664
441.918011
441.809667
441.844465
441.844455
441.844367
441.845476
441.918220
441.843367
441.953078
441.844695
441.845742
441.846818
441.845499
441.845314
441.847275
441.846472
441.847880
441.847561
441.846072
441.846548
441.847077
441.915957
441.917744
441.917251
441.846229
441.846270
441.878986
441.844951
441.846756
442.025857
441.920447
441.884425
441.882865
441.882583
441.917801
441.917925
441.917969
441.955334
441.998135
441.918313
442.104571
442.000455
441.957640
441.886232
442.000271
441.886048
441.953932
441.917520
442.026921
441.919096
441.953077
441.920388
441.920388
441.955934
441.955948
441.956228
441.920337
441.921988
441.886370
442.065983
441.959291
441.958918
441.959783
441.956214
441.955723
441.924909
441.953543
441.881324
441.880799
441.917658
441.916843
442.025775
441.992181
441.919229
441.917942
441.959948
441.994420
441.957612
441.956258
441.955768
441.954407
441.853692
441.998292
441.997808
441.997050
441.919864
441.920766
441.920752
441.958847
441.958004
441.960851
441.957803
441.957813
441.954974
441.954955
442.030400
441.996459
442.028647
441.996389
441.954982
441.920684
441.955420
441.993253
441.957955
441.993555
441.992429
441.923340
441.953820
441.919581
441.918759
441.917703
441.917412
441.917745
441.992525
441.993361
441.992861
441.998310
441.963119
441.925345
441.960108
442.032344
441.850981
441.853103
442.032684
441.881906
441.882693
441.957601
441.885591
441.847017
441.848096
441.919949
441.882673
441.847565
441.810127
441.847575
441.884574
441.812585
441.846699
441.883487
441.811960
441.847484
441.885058
441.813544
441.881637
441.880834
441.843677
441.918602
441.846108
441.953590
441.881156
441.846051
441.846541
441.847620
441.918603
441.846585
441.954068
441.955516
441.884306
441.883710
441.879327
441.879818
441.917522
441.914658
441.915663
441.846818
441.847884
441.880819
441.880835
441.881918
441.954174
441.812481
441.813547
441.881021
441.919635
441.885063
441.954460
441.920635
441.881156
441.880844
441.919657
441.881348
441.881355
441.881675
441.953688
441.882175
441.881402
441.919941
441.848126
441.920416
441.848686
441.881388
441.845490
441.848434
441.847661
441.847651
441.922861
441.915375
441.949680
441.915889
441.915393
441.949690
441.914932
441.915410
441.915375
441.951192
441.845736
441.846221
441.879020
441.844982
441.880870
441.952000
441.951754
441.917756
441.952270
441.881919
441.917761
441.916153
441.954984
441.847059
441.813017
441.811463
441.810416
442.028898
441.920154
441.920923
441.919658
441.881864
441.883948
441.919639
441.881117
441.880311
441.994120
441.917602
441.887195
441.887185
441.880655
441.847122
441.880329
441.846810
441.918081
441.994630
441.813875
441.813563
441.886397
441.886887
441.993610
441.917605
441.884343
441.954964
441.847884
441.887198
441.887189
441.814641
441.952791
441.847806
441.846730
441.845493
441.881364
441.953571
441.845803
441.845192
441.846776
441.846513
441.813258
441.847600
441.882895
441.884089
441.882402
441.919719
441.885331
441.920975
441.992287
441.992304
441.958083
441.994198
441.994687
442.034326
441.923082
441.923092
441.920247
441.920236
441.958979
441.994724
441.922504
441.955758
441.850465
441.884210
441.995967
441.994673
441.848889
441.882638
441.918499
441.917691
441.957134
441.918197
441.917394
441.921505
441.920905
441.954451
441.885885
441.992526
441.889839
441.882393
441.882339
441.848972
441.882707
441.882651
441.850216
441.883951
441.882880
441.847848
441.847819
441.884009
441.955480
441.954668
441.918520
441.918813
441.847052
441.919638
441.847880
441.848430
441.885903
441.847624
441.880295
441.881123
441.846626
441.919025
441.994624
441.813386
441.952069
441.952059
441.879023
441.880611
441.952012
441.952517
441.880847
441.882119
441.881620
442.024494
442.025493
441.850207
441.922793
441.958508
441.883975
441.883478
441.883462
441.847589
441.920919
441.850744
441.848873
441.919617
441.849442
441.883428
441.882151
441.921190
441.882378
441.994114
441.882117
441.882928
441.882442
442.026292
441.957719
441.957701
441.882434
441.882126
441.954432
441.954457
441.883425
441.883420
441.882453
441.953972
442.063138
441.921856
441.922338
441.994867
441.886657
441.850462
441.886648
441.848096
441.881400
441.847385
441.919811
441.995390
441.814128
441.992229
441.883766
441.882747
441.883157
441.953590
441.847855
441.882744
441.886369
441.886360
441.814602
441.919415
441.884817
441.881644
441.881393
441.919405
441.848140
441.883707
441.955986
441.849982
441.954703
441.849982
441.918093
441.994269
441.885809
441.883434
441.884524
441.960374
442.029930
442.069141
441.921793
441.957413
441.953860
441.956968
441.953327
441.957449
441.995973
441.995476
442.035906
441.960019
441.919291
441.922832
441.918498
441.957948
441.918995
441.887213
441.918207
441.922325
441.921712
441.955258
441.923793
441.998064
441.922487
441.815656
441.955740
441.849402
441.850507
441.884252
441.920735
441.996763
441.921733
441.848417
441.882162
441.881947
441.849204
441.882950
442.032063
441.920022
441.884273
441.993124
441.992637
441.917530
441.953818
442.028037
441.918817
441.883676
441.955438
441.956239
441.990430
441.916929
441.884449
441.921180
441.851196
441.922976
441.922986
441.994799
441.994783
442.103808
442.026129
442.026119
442.103789
442.143406
442.144479
441.922218
441.922219
442.142099
441.922198
441.882933
441.881650
441.918546
441.917459
441.917442
441.915162
441.918836
441.916433
441.952038
441.918657
441.952565
441.882655
441.882665
441.918271
441.881867
441.915392
441.917197
441.917179
441.915695
441.918574
441.916170
441.919100
441.953646
441.921229
441.921728
441.955174
441.849138
441.848353
441.881420
441.881885
441.887206
441.954665
441.847343
441.880572
441.917769
441.880831
441.916913
441.915639
441.988092
441.882097
441.881302
441.878175
441.886117
441.882708
441.883983
441.918500
441.954675
441.916117
441.918653
441.917744
441.918253
441.952517
441.919441
441.952019
441.918035
441.918031
441.917736
441.917223
441.884175
441.884946
441.882111
441.884031
441.884372
441.955230
441.955234
441.881815
441.950713
441.916128
441.918054
441.915846
441.953374
441.916978
441.918333
441.884310
441.885142
441.915646
441.915345
441.920932
441.993868
441.993382
441.954951
441.994518
441.958173
441.957693
441.883753
441.882241
441.918340
441.847079
441.880315
441.883281
441.882657
441.880923
441.882542
441.918655
441.847368
441.953095
441.881157
441.992236
441.990313
441.813843
441.885597
441.813813
441.885592
441.952867
441.952877
441.921867
442.034569
441.921807
441.887287
441.888148
441.992478
441.957782
441.919112
441.919100
441.921035
441.919446
441.956319
441.885217
441.994632
441.919706
441.955792
441.885473
442.034957
441.920143
441.963306
441.921783
441.917812
441.996068
441.955030
441.883028
441.957148
441.884523
441.917271
441.956118
441.994634
441.850281
441.922464
442.070277
441.958039
442.029912
441.959913
441.993674
442.035267
441.993889
441.958150
441.957663
441.956763
441.992584
441.991665
441.993733
442.069352
441.993295
441.955488
441.956249
442.069666
442.069695
442.026863
441.990644
441.994096
442.069655
442.028793
441.992556
441.957425
442.028409
442.068130
442.028398
442.145251
441.956291
442.067755
441.992609
441.991676
442.103886
441.993275
441.993295
442.069682
442.026864
441.994093
442.033516
441.993345
442.068528
442.027163
441.991424
442.069170
442.028322
441.992085
441.957436
441.988657
442.034186
441.919878
441.957182
441.994682
441.997338
441.955814
442.031884
441.990360
441.921105
441.918859
441.955551
441.956939
441.918556
441.953102
441.991975
441.991384
441.993927
441.989036
441.990772
442.026740
441.884313
441.918770
441.884511
441.917255
441.951998
441.988159
441.953900
441.953496
441.953807
441.918761
441.917743
441.918727
441.956473
441.884481
441.953588
441.919330
441.882926
441.848093
441.988901
441.883445
441.884235
441.918262
441.883553
441.918203
441.918491
441.918748
441.956495
441.885304
441.884726
441.883660
441.923218
442.002120
441.958810
441.923179
441.921177
441.958234
441.888078
441.921454
441.918605
441.956659
442.029492
441.918631
441.881325
441.917721
441.916159
441.954379
441.918534
441.886664
441.845255
441.880276
441.809843
441.844949
441.844652
441.810320
441.810151
441.920371
441.919595
441.994504
442.126703
442.042547
441.997619
442.032223
441.995424
442.032562
442.069507
441.994693
442.035818
441.993527
441.958425
441.958411
441.993569
442.035832
441.994202
441.958380
442.071681
441.991620
442.071695
442.069923
442.029280
442.105038
442.069971
442.028164
441.990590
442.027346
442.026939
441.993048
441.993048
442.028178
441.992408
442.069989
441.960414
442.029308
441.994215
441.959459
442.069923
442.067932
442.073911
441.997342
441.998646
442.004389
442.032481
442.038194
442.068499
441.991848
442.027972
442.069516
442.029273
442.069521
442.028488
442.112623
441.996565
442.076130
442.073622
441.963836
442.073636
442.032729
441.962866
442.068558
442.072088
442.072494
441.955401
441.955198
441.956640
441.991473
441.954854
441.991172
441.992915
441.958591
442.036962
442.003602
441.997367
442.113401
442.200224
442.074955
442.036478
442.035994
442.034805
442.034819
442.115149
442.113388
442.114648
442.113402
442.113402
442.068558
441.955650
441.991851
441.957423
441.991823
441.991974
441.992915
442.037467
441.958709
442.034391
442.030954
441.994336
442.034391
442.112120
442.113392
442.112120
442.114679
442.069032
441.994215
442.035357
441.993555
441.994219
441.958425
441.958425
441.993555
442.035357
442.069436
442.029294
442.069973
442.028182
441.990585
441.993048
441.993052
442.028178
442.069991
441.960428
442.029294
442.105052
442.069436
442.036436
442.071988
442.072092
442.037385
442.108691
442.072063
442.108459
441.994952
442.032090
442.070779
442.065817
442.072067
441.997169
442.072368
442.069427
442.032795
442.034630
441.964623
442.072368
442.037756
442.067932
441.997356
442.037749
442.073287
442.072891
442.069367
442.107988
442.068485
442.033521
441.998428
442.107975
442.068707
441.963654
442.003420
441.991181
441.957793
441.992415
442.029166
441.954722
441.954922
441.990163
442.027647
441.956917
441.952018
441.954371
442.112137
441.996033
442.066670
442.070850
442.068562
441.992506
441.959025
441.992479
442.027292
441.995549
442.029434
441.992929
442.070439
442.028948
442.001302
442.001030
441.996813
442.029308
441.925730
441.925472
441.994863
441.959414
442.034454
441.958895
442.035895
442.075523
442.073341
442.069114
442.032474
442.067152
442.032506
442.069279
441.994153
441.994993
442.113305
442.076811
442.073341
441.996883
441.995312
441.998894
441.960347
442.125443
442.067760
441.957744
441.991663
441.960609
442.030090
441.960493
441.850701
441.884041
441.919559
441.882344
441.882832
441.847566
441.885299
441.884493
441.921223
441.883733
441.994090
441.884533
441.884209
441.882109
441.882623
441.882101
441.882450
441.884254
441.920069
441.920852
441.883478
441.996648
441.884279
441.953903
441.882767
441.883568
441.957570
441.955896
441.920117
441.918512
441.917439
441.917140
441.919239
441.991148
442.028873
442.026789
441.993317
442.028511
442.025984
441.992534
442.028507
441.956689
441.883780
441.956203
441.920597
441.920749
441.882781
441.883103
441.919033
441.882292
441.882313
441.919330
441.994406
442.033989
441.954591
441.883770
441.920749
441.923686
441.954755
441.919244
441.920008
441.888273
441.923394
441.919284
441.920153
441.920344
441.919544
441.956035
441.989987
441.956196
441.955194
442.029869
442.027996
441.953480
441.916886
441.988944
442.024702
441.918445
441.990204
441.954273
441.916881
441.915900
441.989716
441.988730
441.917197
441.955846
441.917177
442.065922
441.881825
441.916675
441.916058
441.918821
441.952001
441.989462
441.916921
441.918535
441.950949
441.952929
441.951966
441.953899
441.949630
441.953235
441.950943
441.917151
441.916856
441.916120
441.917740
441.917537
441.917207
441.988967
441.950707
441.915638
441.955650
441.952543
441.917500
441.954319
441.953519
441.917536
441.989454
441.916906
441.917732
441.915625
441.953886
441.881117
441.917234
441.951485
441.918007
441.917028
441.918284
441.955948
442.026964
441.953865
441.951993
441.952757
441.921018
441.956139
441.953110
442.027150
441.955182
441.955448
441.993271
441.920678
441.916969
441.919133
441.916936
441.882427
441.918843
441.919974
441.955205
441.922182
441.955001
441.955928
441.955415
441.955182
441.917835
441.916916
441.882398
441.918027
441.951211
441.916944
441.881332
441.916276
441.914859
441.951202
441.950700
441.951690
441.881814
441.915831
441.953220
441.917663
441.953491
441.952746
441.918713
441.883207
441.880628
441.915670
441.882107
441.952028
441.882122
441.915668
441.953542
441.918001
441.989690
441.952801
441.881618
441.915163
441.918770
441.882765
441.882107
441.915638
441.883433
441.918211
441.916912
441.880322
441.914328
441.917453
441.997271
441.882991
441.990665
441.883014
441.996775
441.882120
441.881341
441.883264
441.882619
441.989393
441.880298
441.880317
441.881836
441.989383
441.880288
441.880307
441.991945
441.953477
442.104964
441.990651
441.953504
441.953987
441.915355
441.883831
441.917019
441.918527
441.955781
441.917527
441.988106
441.879486
441.915652
441.916359
441.916679
441.879491
441.990838
441.988999
441.955026
442.032869
441.950676
441.918081
441.992117
442.105624
441.990837
441.953169
441.953169
441.883188
441.914140
441.915431
441.953148
441.951468
441.951467
442.060868
442.026626
441.952862
441.915606
441.915885
441.988096
441.953059
441.881101
441.915310
441.987309
441.918241
441.918726
441.917023
441.951782
441.914587
441.952272
441.988122
441.954378
441.987575
441.880590
441.914116
441.919039
441.919161
441.951468
441.918580
441.920155
441.885032
441.917950
441.884010
441.881919
441.882339
441.993842
441.991367
441.955024
441.956383
441.955874
441.956086
441.993315
441.992856
441.918393
441.919671
441.919944
442.030494
442.027806
441.994583
442.029493
441.991887
442.064236
442.068316
442.026510
441.954478
441.989026
441.956223
441.919877
441.919105
442.028266
441.991638
442.033184
442.030005
442.027776
441.994102
441.954662
441.920322
441.955921
441.954098
442.068802
441.956613
441.920171
442.068491
441.955966
442.033591
441.955508
441.917487
441.952520
442.032333
441.954925
441.954173
441.886222
441.921748
442.034543
441.952526
441.988946
441.951947
441.951169
441.916674
441.882933
441.917456
441.916171
441.917220
441.956279
441.991373
441.917932
442.033898
441.956868
441.952459
441.954745
441.920432
441.953259
442.070151
441.955481
441.994767
441.995969
442.031769
441.922325
442.030941
441.954918
441.958063
441.955917
441.923064
441.920941
441.887024
441.923433
441.885564
441.922554
441.919606
441.920188
441.919888
441.920706
441.989833
441.920710
441.956817
441.990779
442.026647
441.952826
441.918290
442.061386
441.952313
441.922091
441.885017
441.956056
441.956943
441.921672
441.884831
441.884834
441.956021
441.954876
441.956305
441.996980
441.996903
441.998160
442.000116
442.069633
442.072342
442.072324
441.924366
442.036718
442.036718
442.069637
441.991672
441.957139
442.069904
441.991361
441.957635
441.957621
442.069907
442.069654
442.072360
442.072346
442.069657
442.036744
441.962980
442.037231
442.150243
442.071922
442.160497
442.074352
442.115183
442.038712
442.037929
442.036500
441.962753
442.036986
442.038620
442.037837
442.074838
441.987654
441.952756
441.917193
441.916425
441.917918
441.882898
441.917428
441.918331
441.990654
442.031850
441.952564
441.884605
441.917801
441.990617
441.917968
441.884559
441.918944
441.991115
442.104626
441.988973
441.954966
442.026163
442.104140
442.104140
442.026130
441.988491
441.954480
442.024895
441.991114
442.026149
441.991115
441.987034
441.885140
441.920736
441.989441
441.955435
441.988937
442.024897
441.953974
441.921797
441.886498
441.922094
441.988889
441.988863
441.846268
441.990570
441.989208
441.990198
441.990201
442.067225
441.955272
441.955768
442.106775
441.955262
441.954424
441.953980
441.953994
442.106453
442.064421
441.952119
442.025389
441.952616
442.066451
442.066953
442.032917
442.032923
441.883782
441.989816
442.032643
442.031351
442.143490
441.953936
441.953956
441.953475
442.103559
442.026426
441.917658
441.918933
442.032114
441.952820
441.917447
441.884878
441.991401
441.954508
441.917801
442.025851
441.994333
441.883524
441.882232
442.068204
441.990291
441.989491
442.107831
442.026595
441.956249
441.951009
441.950199
441.915954
441.949470
441.988481
441.951491
441.917151
441.915646
441.881626
441.914848
441.915616
441.916663
441.915621
441.917259
441.917053
441.914843
441.953133
441.918559
441.916358
441.915625
441.916213
441.880808
441.878969
441.879767
441.988074
441.914305
441.880274
441.988853
441.916102
441.915290
441.919107
441.879803
441.845768
441.954964
441.882106
441.882636
441.881093
441.847077
441.848117
441.955480
441.917441
441.881128
441.847098
441.883432
441.954191
441.916110
441.882094
441.881040
441.881818
441.954674
441.880530
441.916640
441.846779
441.882646
441.957107
442.027159
441.952375
441.952881
442.028010
441.918830
441.918812
442.029362
441.918553
441.917261
441.993032
442.028884
441.993031
442.027137
441.918258
441.917497
441.956907
441.994905
441.953846
441.954654
441.954398
441.917998
441.919839
441.953635
441.918795
441.919862
441.917783
441.914315
441.950970
441.951455
441.950945
441.953337
441.954599
441.917491
441.917455
441.988962
441.918312
441.916690
441.990972
441.990488
441.883813
441.954944
441.881677
441.881706
441.882419
441.881636
441.991030
441.991790
441.953770
441.918527
441.884525
441.883009
441.882222
441.880809
441.880823
441.917448
441.915166
441.916678
441.879794
441.879803
441.951759
441.883437
441.920102
441.882626
441.921364
441.918626
441.919426
441.882381
441.992216
441.883415
441.884209
441.955297
441.991585
441.883726
441.846253
441.847037
441.951217
441.846540
441.885403
441.849637
441.848854
441.881007
441.881603
441.988886
441.881303
441.916119
441.883369
441.990143
441.882591
441.884151
441.990149
441.882117
441.882895
441.880569
441.880558
441.989667
441.883187
442.028022
441.919103
441.954224
441.917909
441.917413
441.922610
441.957735
441.919541
442.027001
441.919399
441.954521
441.918198
441.917702
441.920462
441.955583
441.918745
441.917945
441.992893
441.992911
442.028921
441.989413
441.916645
441.918758
441.988912
441.916934
441.917481
441.988151
441.916129
441.916137
441.988944
441.990711
441.920032
441.988747
441.916133
441.990229
441.953862
441.954123
441.922316
441.957430
441.917466
441.918258
442.027159
441.990078
441.956203
441.955217
441.956192
442.028036
441.917848
441.918337
441.884595
441.953626
442.031847
441.991138
441.884077
441.955180
441.917334
442.032606
441.919079
441.954407
441.916359
441.990628
441.955443
441.955713
442.028766
442.106151
441.954755
441.955240
442.105400
441.954426
441.954689
441.954407
441.953915
442.104811
441.918102
441.917800
441.917823
441.915850
441.916638
441.990131
441.989348
441.847037
441.880570
441.951715
441.881278
441.847852
441.952515
442.067198
441.991722
441.955062
442.102937
441.990004
441.988285
442.024759
441.988762
442.104899
441.954229
442.106278
441.989868
441.989854
442.109472
441.993855
441.846554
441.847831
441.883975
441.882901
441.916431
441.955427
441.917241
441.917169
441.881654
441.848096
441.916681
441.916718
441.883731
441.883063
441.920371
441.846556
441.921434
441.882415
441.848860
441.993226
441.884782
441.919618
441.846574
441.848099
441.847020
441.920658
441.882411
441.848856
441.919640
442.000120
441.890605
442.000120
441.925429
441.995318
442.077333
442.076032
441.991361
441.993032
441.993055
442.072234
442.034459
441.995315
441.925447
442.077194
441.961912
441.961926
441.959471
442.031435
441.994309
442.030462
442.031453
441.994583
441.994309
442.030444
442.030441
441.995745
441.959547
441.959561
441.993302
442.031449
441.994322
441.958392
442.070063
441.958381
441.994589
441.994323
441.959491
442.035239
442.030458
441.958395
442.070084
441.958399
441.885636
442.072252
442.035735
442.035735
442.070933
442.070933
442.076830
441.956018
441.920121
441.918814
441.847787
441.918010
441.919817
441.952812
441.918812
441.920229
441.922875
441.914869
441.917025
442.022909
441.916731
441.920156
441.953106
442.025233
441.918262
441.917715
441.919862
441.921962
441.921658
441.958388
441.920656
441.920366
441.989571
441.922566
441.987577
441.918728
441.883938
441.883385
441.918746
441.920029
441.918167
441.920061
441.922256
441.959495
441.924402
442.035249
441.956820
441.956042
442.031449
441.994607
441.959216
441.958395
441.958409
442.032615
441.995772
441.991177
441.992122
441.991631
441.954390
441.920383
441.957416
441.956117
441.919273
441.955798
441.919331
441.917476
441.919264
441.952857
441.952158
441.918632
441.955302
441.953683
441.953468
441.917475
441.917176
442.031450
441.992182
442.034518
441.991951
441.992487
442.034823
442.068435
441.952760
441.918763
441.992132
442.028033
442.069563
441.955172
441.921176
442.028153
441.990674
441.989741
441.955738
441.917444
441.956066
441.954457
441.954467
441.989838
442.032173
442.032629
441.959575
441.959561
442.099807
442.028703
441.993316
441.885790
441.955583
441.952854
441.954176
441.917953
441.917664
441.958232
441.919760
442.029442
441.919331
441.954710
441.955477
441.993288
441.958177
441.921972
441.921190
441.955742
441.957927
441.990064
441.995915
441.922201
441.957617
442.031449
441.994593
441.959495
442.035257
441.994627
441.957151
441.885091
441.958395
441.958395
442.159097
442.076815
442.000906
441.890612
442.000907
441.993051
441.994323
442.073533
442.035747
442.073550
441.995325
441.995329
441.960743
441.925439
441.960760
441.995510
441.961438
441.917287
441.917074
441.918801
441.919129
441.920660
441.918006
441.918454
441.918934
441.917429
441.953058
441.952363
441.883426
441.950998
441.952843
441.952276
441.954707
441.953581
441.952885
441.918755
441.917964
441.954389
441.916758
441.918614
441.919094
441.919608
441.991037
441.920353
441.917846
441.920182
441.919417
441.920403
441.990302
441.919415
441.919197
441.918521
441.954427
441.950960
441.917438
441.919809
441.954322
441.953314
441.988343
441.954606
441.920047
441.954766
441.954384
441.954609
441.953280
441.987330
441.954070
441.883019
441.917552
441.884013
441.884013
441.954573
441.955414
441.954389
441.918545
441.955414
441.955387
441.953059
441.919012
441.954331
441.990997
441.920096
441.921085
441.954080
442.027799
441.995712
441.918793
441.920393
441.922063
442.000609
441.890591
441.960732
441.960750
441.925429
442.076524
442.077320
442.000895
441.890612
441.960746
441.925443
442.159627
442.032601
441.959216
441.994309
441.924388
441.959484
441.959230
442.031446
441.994603
441.924388
441.959491
441.889632
442.035239
441.924474
441.958409
441.958399
442.070081
442.030458
442.030441
442.028689
442.099807
441.921374
442.034826
442.104607
441.954954
441.954991
441.921079
442.034535
441.991697
441.918639
441.917881
441.991672
441.992160
441.924460
441.992491
442.035319
441.992182
441.954967
442.035017
441.992465
442.028139
441.987691
441.952289
441.959230
441.994597
441.994326
441.919226
441.954438
441.989846
441.954471
441.991869
442.034212
441.994613
441.957147
441.920353
441.918508
441.920063
441.956046
442.076466
441.998703
442.159387
441.989979
441.956347
441.990460
441.992480
441.955665
441.953806
441.954018
441.988826
441.955372
442.025813
441.990972
441.957987
441.886872
441.884024
441.917874
441.918854
441.954159
442.023720
441.989267
441.916429
442.028023
441.917990
441.989689
441.954437
441.882890
441.881816
441.883944
441.954384
441.918010
441.921349
442.028835
441.852124
441.918862
441.918844
441.920047
441.919520
441.919516
441.953661
441.953645
441.991294
441.991280
441.994988
441.995478
442.027658
441.954403
441.919857
441.958406
441.992404
441.993267
441.953888
441.922329
441.921362
441.956277
441.956779
441.956283
442.030150
441.957106
441.921704
441.921403
441.920925
441.919602
441.920884
441.920369
442.029627
441.920866
441.920081
441.999631
442.033373
442.033746
441.991317
441.955361
442.026983
441.956188
441.992285
441.993946
442.029140
441.958171
441.992102
441.992636
442.027781
441.993062
441.995071
441.956819
441.994788
441.956521
442.074422
441.995493
441.920392
442.066783
441.990775
441.955680
441.989925
441.883644
441.918478
441.953813
441.919354
441.920036
441.993353
441.958613
441.993323
441.995474
441.958070
441.884546
441.851798
442.034511
442.036810
442.037324
441.998316
441.959631
441.960760
442.031662
442.032492
441.999683
441.961160
441.997736
441.995283
441.954809
441.919646
441.918333
441.917976
441.952998
441.918252
441.953277
441.990979
441.952615
441.955661
441.955146
441.922063
441.921265
441.956697
441.920642
441.960765
441.921303
441.886144
441.923688
441.961812
441.920234
441.919666
441.921854
441.956835
441.956820
442.109498
441.992808
441.920889
441.885362
441.992783
441.885380
441.921494
441.992053
441.995304
441.957347
441.957043
442.027603
441.956011
441.921512
442.033238
441.996424
441.961031
441.917670
441.918466
441.847906
441.956755
441.882956
441.953986
441.952802
441.884004
441.990887
441.989503
441.952767
441.882405
441.991265
441.919831
441.920444
441.991066
441.885387
441.954390
441.954087
442.063940
441.954401
441.884298
441.920771
441.991197
441.920304
441.955218
441.882439
441.955809
441.918870
441.919977
441.917175
441.884920
441.989648
441.881889
441.990272
441.989926
441.915301
441.915904
441.881460
441.917549
441.915960
441.916179
441.951504
441.917843
441.915984
441.917181
441.914550
441.952096
442.029239
441.955350
441.921138
442.068834
441.922381
442.032373
441.990871
441.992178
441.991682
441.919944
441.885728
442.033464
441.919166
441.918860
442.029996
441.884950
441.884645
441.995780
442.143560
441.993339
441.884186
441.921901
441.988884
441.883194
441.882501
441.916151
441.917467
441.989960
441.883503
441.884196
441.988073
441.988078
441.916135
441.881576
441.880898
441.919639
441.919422
441.919051
441.954710
441.954715
441.920705
442.028133
441.995307
441.956714
441.920724
442.031757
441.997533
441.883605
441.882666
441.882108
441.881975
441.882493
441.919702
441.883184
441.953534
441.954821
441.883663
441.882632
441.954706
441.954710
441.959316
441.957630
441.957616
442.030260
442.065865
441.958351
441.958353
441.957533
441.991575
441.921001
442.029963
442.063250
442.030710
441.955816
441.886768
441.997650
441.957836
441.958156
442.028957
442.027302
441.922750
441.990064
441.921590
441.921013
442.031894
441.957341
441.992012
442.103786
441.957222
442.028633
441.953635
441.988653
441.994166
441.991799
441.990813
441.882426
441.952012
441.955558
442.025985
441.919120
441.952350
441.918979
441.953194
441.955077
442.027987
441.954368
441.990838
442.106412
441.954363
441.990820
442.030052
441.991763
441.959372
441.991311
442.032679
441.955576
441.991013
441.955274
441.991685
441.992991
441.992496
441.991322
441.956357
442.030320
442.066420
441.882936
441.958892
441.957626
442.106105
442.069663
442.068524
442.068164
442.067067
441.918490
441.849688
441.884425
441.883669
441.954129
441.884201
442.102085
441.916175
441.915650
441.989493
441.956549
442.029056
442.030077
441.917520
441.884254
441.991834
441.993111
442.028258
441.954366
441.918300
441.955148
441.956806
441.994141
442.031774
442.030122
441.995458
442.146793
442.031567
442.027661
441.920215
442.029467
442.027168
442.027183
442.030722
441.956602
441.954463
441.920234
441.921590
441.990846
442.063431
441.992137
441.994671
442.067460
442.029510
441.957202
442.033161
441.954393
441.991637
441.920150
441.922356
441.922477
441.957113
441.953522
441.995132
441.956893
441.921516
441.922050
441.957082
441.921971
441.920571
441.953311
441.953037
441.957147
441.885332
442.032475
442.031199
441.851803
441.923281
441.992934
441.955888
441.992893
441.989418
441.955170
441.952504
441.919267
441.919265
442.033759
441.992409
441.956666
441.957127
441.989428
441.955184
441.989457
441.918498
441.919545
441.992091
442.033446
441.956356
441.921347
441.958339
441.958838
441.958341
442.029130
442.067482
442.025161
441.953278
441.957178
441.954448
441.954061
441.921523
441.956074
441.954778
441.955353
441.919899
441.990871
441.922005
441.954938
441.921563
441.990818
441.920727
441.956326
441.989807
441.990729
442.027264
442.032812
441.993766
441.996169
441.995531
442.029146
441.954287
441.954073
442.025397
441.990049
441.956254
441.954269
441.953594
441.989777
441.989411
441.955165
442.066921
441.991674
442.070485
442.071610
441.994557
442.036190
441.962439
442.036676
442.036268
441.962517
442.036754
442.078842
441.998354
442.116188
442.162874
441.918569
441.920312
441.921299
441.919644
441.920735
441.921811
441.919631
441.917714
441.919339
441.921582
441.993805
441.921384
441.959902
441.961009
441.922382
441.923932
441.954316
441.920314
441.963529
441.959046
441.960175
441.995121
442.071561
442.183834
442.183844
442.033634
442.038299
442.073731
442.077707
442.032534
442.072032
442.039632
441.961127
442.073563
442.076771
442.077645
441.998090
441.998172
442.039734
442.031425
442.034239
441.999390
442.029877
441.962224
441.998294
442.072423
441.995103
442.071566
442.072076
442.034156
442.040505
442.069729
442.000442
441.999008
442.032271
442.032781
442.032270
442.032753
442.034274
442.038370
442.110943
442.075142
442.075405
442.077094
441.997932
442.032244
442.106957
442.068788
442.034955
442.071424
442.070741
442.037030
441.999671
442.033772
441.995259
441.957978
441.957076
441.957497
442.028936
441.921181
441.920098
441.920390
442.031234
441.995526
442.028405
441.957451
442.030711
442.104622
441.989155
441.989120
442.067158
442.067159
442.032985
441.922452
441.921972
441.992375
442.031911
442.034525
441.997157
442.032565
441.997388
442.033925
442.069473
442.039964
442.033607
441.997591
442.033381
441.997673
442.033325
442.066282
442.032836
441.996228
442.067827
442.070627
442.070002
442.033394
442.122855
442.124542
442.207189
442.157359
442.077549
442.077365
441.995973
441.995319
441.918545
441.919882
442.034660
441.993361
442.112589
442.030684
442.030698
442.112069
442.036998
441.991302
442.036496
442.034673
442.075978
441.923394
441.993040
441.999195
442.034505
441.954471
441.989988
441.954166
441.954681
441.991991
442.034519
442.031600
442.071539
442.071041
442.035436
442.037798
442.037282
442.035450
442.076759
442.162438
441.994862
442.108170
441.994211
442.123990
442.125577
442.124749
441.886955
441.921283
441.853220
441.920661
441.920657
441.954177
441.953691
442.028046
441.994168
441.998131
441.955065
441.918343
441.919099
441.953110
441.951181
441.919102
441.920390
441.953919
441.951203
441.952165
441.952173
441.918377
442.031160
441.917860
441.955083
441.920390
441.920098
441.918519
441.954112
441.922551
441.994715
441.956368
441.956889
441.922263
441.956089
441.921243
441.993840
441.992261
441.921829
441.994926
441.999225
441.956926
441.886983
441.920530
441.958002
441.996068
441.993928
441.957563
441.993135
441.921934
441.921660
441.993611
441.992341
441.848592
441.847839
441.920455
441.919357
441.954957
441.920343
441.919848
441.957930
441.883669
441.882881
441.882435
441.883640
441.917471
441.919049
441.920991
441.957509
441.884882
441.887538
441.922174
442.031438
441.957823
441.992169
441.956565
441.958148
441.993891
441.956255
441.955977
441.956540
441.920518
441.920860
441.921411
441.813759
441.777103
441.813506
441.812850
441.810644
441.924508
441.883733
441.921442
441.849964
441.957924
441.882661
441.920967
441.884196
441.920832
441.882624
441.920845
441.882390
441.882101
441.882389
441.883570
441.884265
441.848907
441.775008
441.775498
441.775501
441.777393
441.777879
441.776608
441.810934
441.810622
441.915907
441.992736
441.882160
441.884288
441.881367
441.849223
441.953609
441.883196
441.884272
441.989461
441.849163
441.882049
441.848634
441.885252
441.849651
441.884751
441.883992
441.884197
441.955386
441.810350
441.811439
441.846015
441.845912
441.845407
441.846282
441.880218
441.882484
441.843651
441.882658
441.845797
441.880540
441.844156
441.882457
441.844453
441.879804
441.882110
441.845178
441.845150
441.844690
441.846471
441.845961
441.846523
441.813259
441.848340
441.886024
441.849156
441.885034
441.884524
441.884024
441.846276
441.880302
441.812260
441.952448
441.918436
441.953231
441.953546
441.953539
441.990165
441.916615
441.882616
441.882131
441.916639
441.953300
441.953005
441.953499
441.916409
441.950487
441.916494
441.882629
441.916627
441.954859
441.915138
441.952022
441.775298
441.812234
441.813781
441.810649
441.776415
441.812206
441.777958
441.954412
441.848368
441.882905
441.882671
441.991553
441.953651
441.846806
441.881332
441.881098
441.990576
441.880862
441.881662
441.992493
441.884987
441.884516
441.919523
441.919042
441.952560
441.882687
441.955227
441.847892
441.882414
441.882657
441.954138
441.846791
441.881313
441.881095
441.918473
441.917691
441.881621
441.848080
441.953662
441.882395
441.916436
441.919011
441.919309
441.919299
441.918533
441.918042
441.846037
441.918545
441.881370
441.882166
441.881587
441.881608
441.880357
441.845281
441.915946
441.879297
441.877973
441.915926
441.881611
441.881628
441.915138
441.881336
441.881421
441.953954
441.914632
441.916922
441.915649
441.880557
441.881353
441.882943
441.916168
441.884207
441.954146
441.917445
441.920302
441.880662
441.955438
441.881377
441.847326
441.883420
441.954161
441.916649
441.919520
441.881172
441.954665
441.883504
441.846291
441.916749
441.813048
441.919869
441.880319
441.881116
441.990319
441.918476
441.917705
441.847821
441.881838
441.917227
441.846290
441.879533
441.916109
441.916113
441.953111
441.882914
441.954177
441.916143
441.995900
441.844705
441.920440
441.884781
441.883797
441.886065
441.886427
441.921277
441.921977
441.850824
441.848971
441.850327
441.848106
441.850167
441.848093
441.884133
441.885222
441.849733
441.885531
441.883168
441.848602
441.883419
441.884177
441.883642
441.884177
441.883647
441.883497
441.884814
441.917724
441.995855
441.847045
441.846753
441.920094
441.882956
441.991314
441.916190
441.952208
441.953008
441.990309
441.882947
441.917473
441.917738
441.882485
441.956297
441.915699
441.881356
441.882912
441.882899
441.847341
441.881589
441.882145
441.845665
441.885575
441.994464
441.918823
441.919003
441.919799
442.030673
441.845208
441.814022
441.777415
441.778206
441.845475
441.849672
441.847596
441.849970
441.846562
441.847550
441.881546
441.881729
441.845199
441.880515
441.880008
441.881606
441.883511
441.848684
441.850476
441.881526
441.885021
441.811107
441.881370
441.884529
441.847827
441.881339
441.886607
441.845747
441.956139
441.956941
441.846933
441.848018
442.029142
441.959602
441.953531
441.921201
441.989492
441.920215
441.957753
441.920134
441.918228
441.918211
441.919322
441.886398
441.848095
441.848905
441.810332
441.882121
441.844352
441.845625
441.844832
441.881576
441.810317
441.810006
441.954073
441.881599
441.915333
441.881306
441.918288
441.952499
441.918491
441.954897
441.916689
441.916160
441.919434
441.919615
441.882953
441.917589
441.953361
441.914619
441.848280
441.847285
441.847775
441.849000
441.849172
441.846287
441.847627
441.845398
441.848082
441.845989
441.878978
441.880266
441.879814
441.879525
441.880304
441.877408
441.879006
441.878987
441.879330
441.879845
441.845445
441.844648
441.879012
441.848221
441.848392
441.846308
441.846400
441.847911
441.880294
441.919345
441.878730
441.880020
441.882888
441.954089
441.914034
441.953022
441.916952
441.916631
441.881304
441.879725
441.914383
441.880827
441.954575
441.919014
441.950199
441.882392
441.955104
441.919009
441.918539
441.954633
441.955464
441.954943
441.883452
441.917972
441.917455
441.916424
441.916414
441.914044
441.917291
441.880615
441.955086
441.952498
441.918497
441.950493
441.916491
441.953251
441.954390
441.951178
441.952360
441.952555
441.914157
441.880620
441.914355
441.915606
441.914829
441.882950
441.847079
441.882085
441.880517
441.880781
441.955650
441.955130
441.952009
441.918487
441.846551
441.880612
441.879763
441.879752
441.917160
441.880314
441.916368
441.915139
441.881132
441.881327
441.879776
441.879464
441.882109
441.881803
441.991127
441.883215
441.884518
441.994059
441.883225
441.953619
441.920398
442.027595
441.886093
441.883461
441.918836
441.993247
441.990827
441.881877
441.919141
441.883769
441.882412
441.886078
441.918829
441.952133
441.952119
441.992835
441.919756
441.919931
441.919149
441.919620
441.881345
441.919194
441.882153
441.992445
441.919072
441.919845
441.881369
441.847820
441.882947
441.881303
441.846702
441.880065
441.990924
441.953142
441.881831
441.879444
441.880537
441.881645
441.954739
441.883709
441.920398
441.882645
441.990259
441.883141
441.881848
441.846824
441.957686
441.992988
441.995449
441.957477
441.993353
441.920503
441.920222
441.954793
441.957180
441.851090
441.885078
441.995287
441.887773
441.886066
441.921269
441.884745
441.954722
441.885631
441.921163
441.919842
441.955935
441.850534
441.881378
441.847342
441.847317
441.847322
441.919317
441.885077
441.919301
441.884271
441.999876
441.919508
441.923057
441.956603
441.918522
441.883502
441.883803
441.999079
441.919677
441.881028
441.955791
441.953047
441.881356
441.956888
441.919143
441.918152
441.884053
441.884342
441.993870
441.956126
441.919365
441.886185
441.885694
441.918579
441.918867
441.918889
441.955784
441.956074
441.885358
441.884881
441.882107
441.880840
441.953938
441.954120
441.881619
441.882150
441.881346
441.988646
441.953352
441.882118
441.915672
441.916951
441.920405
441.954426
441.919831
441.881601
441.882125
441.954541
441.882930
441.883412
441.919415
441.954716
441.919479
441.990525
441.991046
441.990551
441.884349
441.920277
441.883876
441.884372
441.883570
441.883872
441.993397
441.884066
441.884368
441.993892
441.880816
441.953461
441.954093
441.880810
441.883407
441.950237
441.951020
441.918010
441.917033
441.919942
441.953963
441.880807
441.884683
441.882136
441.953205
441.882602
441.883401
441.955348
441.884192
441.882121
441.955040
441.882914
441.954705
441.921531
441.921831
441.922328
441.915819
441.919042
441.880486
441.880519
441.881806
441.881805
441.919078
441.917468
441.918225
441.918406
441.954662
441.882651
441.883265
441.883444
441.990438
441.953830
441.954631
441.954982
441.882962
441.882714
441.884847
441.884544
441.915321
441.879994
441.883379
441.881611
441.881790
441.882108
441.883370
441.954678
441.920206
441.920220
441.953055
441.918254
441.957717
441.919060
441.918572
441.919355
441.885897
441.847782
441.850152
441.880802
441.880489
441.880799
441.881643
441.882440
441.960372
441.880797
441.880998
441.880020
441.881898
441.994328
441.915330
441.881870
441.882872
441.916145
441.920972
441.884293
441.883839
441.883523
441.888019
442.029757
442.069358
441.992941
441.992941
441.923706
441.993283
441.993788
441.993727
441.919054
441.954651
441.884195
441.951971
441.953881
441.952598
441.987641
442.066111
441.953086
441.952122
442.068947
441.918272
442.066103
441.884727
441.918939
441.955618
441.951455
441.918771
441.919253
441.951445
441.881414
441.883493
441.917721
441.951460
441.952317
441.952799
441.952278
441.951450
441.882107
441.915846
441.920191
441.920408
441.847052
441.918739
441.847573
441.881119
441.883698
441.846762
441.920832
441.919545
441.848374
441.955486
441.882958
441.916219
441.919551
441.919047
441.847104
441.880650
441.917676
441.954686
441.883199
441.988666
441.954421
441.953835
441.881593
441.919024
441.919037
441.880593
441.880303
441.881920
441.987380
441.914630
441.917312
441.952566
441.952582
441.953674
441.812428
441.813541
441.845475
441.921708
442.032961
441.920800
441.920319
441.920149
441.921415
441.885526
441.920651
441.919573
441.919844
441.885247
441.991305
441.919642
441.919536
441.919771
441.886192
441.886966
441.920736
441.918236
441.883643
441.918033
441.917932
441.918167
441.957527
441.848062
441.847734
441.846895
441.812761
441.811152
441.811957
441.918159
441.916362
442.104590
441.952099
442.027214
441.953444
442.025890
442.026375
441.955298
442.028293
441.954991
441.991205
442.027492
441.954955
441.988890
441.916132
441.916951
441.987635
441.951117
441.949953
441.951815
441.988424
441.916965
441.988883
441.916138
441.918228
441.916427
441.916475
441.916124
442.027306
441.955593
441.952853
442.063143
442.062173
441.849922
441.849893
441.989215
441.917253
441.883193
441.954976
441.989808
441.917200
441.917230
441.989798
441.991111
441.990316
441.989215
441.918527
441.883985
441.954958
441.989726
441.884496
441.955482
441.919038
441.991625
441.990353
442.066373
441.988112
441.814547
441.851521
441.851497
441.812229
441.778990
441.815626
441.814867
441.816689
441.816009
441.957450
441.954465
441.954482
441.957420
441.995385
441.955453
441.847560
441.955916
441.919515
441.881124
441.920383
441.920734
441.996150
441.884040
441.885332
441.885577
441.919368
441.919354
442.068127
441.955502
441.845741
441.846536
441.881065
441.810644
441.812224
441.918238
441.811654
441.882453
441.882949
441.812270
441.813050
441.845272
441.845293
441.812087
441.810956
441.812234
441.813238
441.845480
441.847077
441.916454
441.916443
441.881409
441.882221
441.883175
441.813548
441.918802
441.847801
441.846998
441.882690
441.847302
441.813053
441.919094
441.847108
441.847800
441.847603
441.813822
441.813075
441.882072
441.880783
441.918217
441.809024
441.812480
441.812310
441.846808
441.845785
441.844980
441.846989
441.881299
441.880524
441.880194
441.846756
441.812294
441.846788
441.845959
441.880709
441.846297
441.880314
441.847280
441.847087
441.881000
441.845976
441.880007
441.846963
441.843540
441.846160
441.916352
441.916644
441.880788
441.882096
441.880793
441.882080
441.847545
441.848367
441.846791
441.846772
441.846777
441.847058
441.847053
441.848395
441.813576
441.810356
441.811932
441.812429
441.811158
441.811961
441.811941
441.811451
441.810661
441.811947
441.811270
441.810371
441.811933
441.811446
441.812238
441.811743
441.812581
441.812262
441.811764
441.810679
441.811174
441.955404
441.882345
441.919615
441.989417
441.953634
441.992643
441.918287
441.884269
441.921171
441.921493
441.918558
441.919346
441.990279
441.887566
441.955873
442.026773
441.917740
441.951726
441.918244
441.919855
441.920163
441.915962
441.918017
441.917720
441.989469
442.032493
441.956043
441.956040
441.959297
441.958164
441.958814
441.956959
441.953121
441.953117
441.958330
441.919079
441.883207
441.958413
441.958768
441.953368
441.845740
441.844166
441.880341
441.880541
441.880630
441.915906
441.879736
441.990274
441.881867
441.881685
441.879814
441.881097
441.879795
441.883254
441.883283
441.916764
441.883526
441.954896
441.882694
441.881047
441.881350
441.849662
441.882914
441.919316
441.884984
441.920886
441.990739
441.881011
441.848105
441.881344
441.918232
441.846993
441.883173
441.813277
441.811713
441.952545
441.845243
441.957350
441.880820
441.881328
441.847892
441.881131
441.917518
441.849694
441.816498
441.848604
441.885916
441.958788
441.883182
441.885120
441.917519
441.989658
441.810974
441.844991
441.880806
441.846499
441.845697
441.880008
441.777112
441.778692
441.844955
441.917214
441.920075
441.920043
441.918955
441.849419
441.922610
441.917221
441.916705
441.882696
441.919519
441.918278
441.919249
441.883438
441.884187
441.811446
441.813024
441.846037
441.879807
441.846045
441.847314
441.846298
441.847090
441.811435
441.812999
441.811702
441.812489
441.848588
441.848588
441.812747
441.848574
441.813550
441.878998
441.846785
441.880562
441.882887
441.845486
441.919337
441.846303
441.812287
441.812759
441.917460
441.917961
441.952244
441.918229
441.952230
441.846584
441.812572
441.880826
441.845698
441.845684
441.879028
441.881788
441.845487
441.845935
441.845133
441.879400
441.879722
441.994360
441.957369
441.957684
441.919409
441.920391
441.919896
441.924949
441.848086
441.813020
441.848090
441.848077
441.847837
441.847281
441.920425
441.920422
442.066022
441.887182
441.993900
441.920865
441.956528
442.028048
441.958674
442.062700
442.028582
441.954984
441.989982
441.920458
442.066526
441.852345
441.922200
441.923387
441.887739
441.956047
441.994914
441.994129
441.992968
441.887125
441.958241
441.959476
441.924211
441.955418
441.954443
441.954620
441.955932
441.954977
442.063538
441.920419
442.063573
441.889360
441.993943
441.958959
442.030183
441.952881
441.953394
441.952874
441.954082
441.955079
441.954583
442.062200
442.062183
441.882374
441.954426
442.028834
441.883996
441.919545
441.956502
441.989641
441.881373
441.916218
441.882453
441.882099
441.954351
441.882895
441.953591
441.883696
441.882101
441.917229
441.953388
441.918014
441.955194
441.884733
441.916442
441.954371
441.954285
441.919229
441.990489
441.882906
441.953263
441.919736
441.990470
441.954581
441.883402
441.954374
441.883925
441.916960
441.918504
441.882859
441.882844
441.954389
441.884485
441.955709
441.917701
441.916424
441.917204
441.916126
441.916625
441.987932
441.953347
441.954932
441.956514
441.887473
441.955763
441.885859
441.954936
442.027898
441.882929
441.916469
441.919844
441.917720
441.920162
441.918027
441.918259
441.989469
441.885038
441.919060
441.921171
441.921492
441.917784
441.919346
441.990278
441.955263
441.887757
441.956051
442.028112
442.062751
441.882635
441.882946
441.955502
441.991796
441.989228
441.989223
441.888862
441.957155
441.956534
441.887753
441.956065
441.957492
442.028109
441.953117
441.916174
441.954385
441.992664
441.920072
442.030752
442.032582
442.030621
442.068562
442.032135
441.991272
441.880867
441.881335
441.846648
441.880670
441.880643
441.880822
441.881042
441.881830
441.881821
441.881806
441.847587
441.848369
441.882402
441.882676
441.883658
441.813539
441.847576
441.881578
441.880201
441.811972
441.846009
441.846700
441.845883
441.916499
441.917758
441.916026
441.917791
441.918568
441.882999
441.880919
441.882886
441.879511
441.881128
441.881116
441.881601
441.992775
442.030237
442.033145
441.922303
441.955484
441.954672
441.915157
441.950949
441.950946
441.879997
441.880793
441.882087
441.915142
441.950931
441.951733
441.916424
441.848083
441.846488
441.885861
441.887417
441.849370
441.964063
441.922045
442.034159
441.922441
441.921941
441.993140
441.959884
441.952468
441.883129
441.989992
441.990607
441.953425
441.989345
441.916663
441.918458
441.883930
441.989997
441.954691
441.953930
441.919422
442.067194
442.025644
441.917174
441.989861
441.997326
441.955322
441.953760
441.952492
441.954243
441.953455
441.919437
442.067194
442.025658
442.064772
441.953543
441.920514
441.920500
441.954019
442.062298
441.955817
441.885963
441.920196
441.955817
441.996859
441.955797
441.992970
441.851997
441.886234
441.963651
441.922603
441.885732
441.919969
441.997387
441.956338
441.994135
441.957631
441.995666
442.065520
441.923507
441.923513
441.851015
441.884533
441.883754
441.850540
441.884797
441.884017
441.884538
441.886104
441.885800
441.849742
441.884538
441.849267
441.850495
441.850966
441.848148
441.993807
441.920681
441.882948
441.882166
441.847673
441.880829
441.918013
441.880835
441.954987
441.882917
441.882426
441.955447
441.885147
441.955573
441.883794
441.884680
441.954746
441.885614
441.956054
441.883494
441.880016
441.955452
441.882907
441.916934
441.914839
441.915635
441.915993
441.917352
441.917049
441.915995
441.916937
441.914065
441.915670
442.021933
441.914939
441.912817
441.948475
441.916672
441.952091
441.916985
442.026511
441.918053
441.917767
441.918069
441.880797
441.881403
441.880047
441.844458
441.814348
441.814348
441.883449
441.812302
441.812302
441.880546
441.881333
441.881884
441.813850
441.847370
441.813850
441.845731
441.845249
441.845249
441.878485
441.880801
441.882949
441.882346
441.882679
441.883513
441.919106
441.881372
441.882374
441.915374
441.917065
441.913643
441.914626
441.914133
441.915944
441.879692
441.879307
441.879357
441.880635
441.880138
441.880088
441.881090
441.882897
441.879814
441.913339
441.914838
441.986315
441.880304
441.880107
441.914807
441.880597
441.915902
441.881333
441.916855
441.915341
441.916166
441.879792
441.881910
441.881717
441.881316
441.880288
441.917525
441.880626
441.880596
441.846634
441.881845
441.847095
441.880563
441.880054
441.987621
441.987624
441.915722
441.915548
441.879789
441.879978
441.877673
441.879782
441.912816
441.912806
441.916747
441.914829
441.915629
441.881131
441.882704
441.881099
441.846619
441.881814
441.847080
441.987128
441.987588
441.880570
441.880776
441.880549
441.985232
441.883505
441.883217
441.956292
441.919098
441.918810
441.917764
441.884851
441.885346
441.955301
441.881065
441.816006
441.883201
441.884796
441.884791
441.882640
441.883444
441.881896
441.883995
441.884004
441.881823
441.816481
441.816966
441.880268
441.845474
441.846279
441.845798
441.881871
441.882367
441.846570
441.953332
441.846571
441.847595
441.847103
441.847085
441.846485
441.848066
441.845987
441.845976
441.844562
441.845676
441.846487
441.845195
441.845195
441.846474
441.846986
441.845392
441.846196
441.844592
441.879507
441.913835
441.879517
441.952238
441.844667
441.843877
441.844482
441.879295
441.879280
441.952548
441.879269
441.844878
441.844872
441.847531
441.845966
441.880853
441.881345
441.881626
441.915680
441.916471
441.810687
441.811182
441.918234
441.950424
441.809032
441.917743
441.914648
441.914641
441.881121
441.880340
441.881156
441.880674
441.880340
441.918276
441.811676
441.918736
441.880654
441.881146
441.881097
441.879875
441.880357
441.914665
441.913860
441.913842
441.880322
441.917940
441.917944
441.913139
441.913633
441.952616
441.880107
441.880108
441.879661
441.878829
441.951348
441.953115
441.881420
441.951833
441.881385
441.953076
441.881350
441.881612
441.951794
441.879316
441.879300
441.881130
441.881328
442.025004
441.880840
441.914644
441.914638
441.880823
441.881661
441.881179
441.880824
441.916462
442.023206
441.881155
441.881647
441.880835
441.881667
441.881629
441.916484
441.882167
441.845824
441.846310
441.846317
441.845521
441.845030
441.848626
441.848614
441.920696
441.848571
441.850485
441.887170
441.921725
441.920915
441.953314
441.951517
441.954321
441.953508
441.954690
441.921661
441.954437
441.921171
441.954259
441.954720
441.918258
441.955705
441.922733
441.954413
441.883120
441.884704
441.921441
441.952001
441.990042
442.062725
441.953568
441.952752
441.951982
441.987902
441.989428
441.988932
441.915923
441.954468
441.954391
441.955904
441.955421
441.884713
441.882332
441.920943
442.027363
441.954769
441.988733
441.955776
441.990898
441.921969
441.956516
441.955492
441.990153
441.955712
441.990912
441.953678
441.882704
441.917235
441.951489
441.953590
441.987932
442.027376
441.994348
441.993861
441.994347
441.993844
442.027867
441.954453
441.987966
441.917960
441.917457
441.953618
441.954993
441.954196
441.919552
441.954206
441.990880
441.921144
441.955195
441.990160
441.955704
441.991010
441.990894
441.920086
441.991067
441.921638
442.029682
441.990669
441.955733
441.989781
441.951979
441.955172
441.989323
441.955261
442.068476
441.991002
441.990669
441.991190
441.953303
441.991110
441.956258
441.955176
441.991791
442.068985
441.991158
441.996287
441.996759
441.955984
442.030164
441.955201
441.955692
441.956487
441.955701
441.989214
441.990552
441.991604
441.918275
441.917990
441.954152
441.917260
442.024590
441.916989
441.994028
441.922735
441.920951
442.025251
441.991841
441.884007
442.065197
441.851265
441.885810
441.918757
441.920023
441.955243
441.994945
441.959622
441.884255
441.918782
441.989259
441.884518
441.919064
441.958992
441.993628
442.029331
442.066550
441.990535
441.991802
441.990512
441.989987
441.991302
441.918051
441.955185
441.884207
441.884736
441.883753
441.917465
441.955727
441.848374
441.988896
441.992145
442.028863
441.885577
441.919836
441.957277
441.883995
441.919533
441.956295
441.883016
441.918835
441.881618
441.917175
441.953093
442.026413
442.028958
441.994608
441.851264
441.921894
442.028477
441.884544
441.919088
441.918568
441.886156
441.990697
441.992971
442.030196
441.919614
441.919337
441.886412
441.921154
441.957313
441.918998
441.956321
441.920154
441.954895
442.027722
441.993520
441.845682
441.845355
441.846001
441.847761
441.846952
441.813504
441.813813
441.956583
441.882566
441.845982
441.882873
441.847076
441.881092
441.810164
441.811728
441.879798
441.879793
441.879995
441.843698
441.845518
441.844418
441.883685
441.812275
441.882584
441.811175
441.851341
441.851331
441.815947
441.815958
441.885569
441.816743
441.779327
441.813328
441.846468
441.779350
441.813834
441.813020
441.776862
441.958758
441.957969
441.992748
441.994398
442.065506
441.994644
441.852112
441.886747
441.919971
441.885346
441.994385
441.994869
442.065506
441.884238
441.847245
441.995952
441.923240
441.813070
441.885079
441.884767
441.846788
441.812574
441.885072
441.846798
441.885061
441.813063
441.885571
441.884773
441.956869
441.848065
441.811972
441.883992
441.846192
441.811481
441.884000
441.957673
442.029705
442.032321
442.068529
441.879764
441.880556
441.878985
441.986572
441.879784
441.880276
441.881067
441.847066
441.846268
441.847578
441.879274
441.845788
441.845818
441.846779
441.845818
441.845501
441.811752
441.845786
441.917826
441.847303
441.881805
441.846199
441.958753
441.957967
441.954362
441.918543
441.918251
441.845777
441.846060
441.847056
441.918876
441.846292
441.845776
441.919868
441.846571
441.849202
441.848894
441.846304
441.846293
441.811795
441.846576
441.812092
441.880806
441.843663
441.882367
441.846805
441.954369
441.917464
441.917171
441.845994
441.845987
441.845786
441.918582
441.845799
441.919875
441.846605
441.812307
441.846604
441.812120
441.881606
441.881606
441.917198
441.884924
441.887052
441.955256
441.887233
441.919821
441.921967
441.921663
441.917710
441.919866
441.919561
441.952300
441.917457
441.917421
441.848040
441.812471
441.848015
441.811658
441.846664
441.811461
441.813045
441.812278
441.812762
441.811945
441.811436
441.846299
441.883664
441.813819
441.811772
441.958185
441.813058
441.848363
441.883978
441.846990
441.812255
441.848348
441.883977
441.814296
441.958190
441.813377
441.883820
441.810428
441.812563
441.883807
441.813057
441.884302
441.813803
441.811757
441.957696
441.881152
441.880359
441.919431
441.919926
441.920647
441.956911
441.887771
441.957364
441.887290
442.028915
441.919391
441.919089
441.956055
441.953924
442.031636
441.921305
441.920828
441.991246
441.919115
441.956536
441.921787
441.921311
441.991732
442.029926
441.919611
441.956596
441.957088
441.959590
441.959289
442.031537
442.031563
442.031560
442.031078
442.031065
441.957317
441.992229
441.957291
441.884528
441.849691
441.992975
441.953563
441.883428
441.883445
441.956898
441.849349
441.849645
441.848575
441.955329
441.847258
441.850187
441.883705
441.923558
441.957089
441.884289
441.920163
441.884000
441.990811
441.846223
441.846703
441.845589
441.847179
441.994238
441.919730
441.881720
441.996000
441.882499
441.882387
441.961672
441.847377
441.847685
441.916630
441.914893
441.880566
441.881366
441.915369
441.916130
441.915588
441.882102
441.920246
441.996347
441.883297
441.917640
441.962502
441.919450
441.996036
441.882486
441.918085
441.883885
441.962498
441.954553
441.848967
441.848963
441.883796
442.025888
441.884565
442.027654
442.144784
441.991105
442.027650
441.918421
441.917563
441.952579
442.032362
441.918837
441.919703
442.032393
441.919321
441.997521
441.957857
441.921279
441.956948
441.956708
441.957152
442.066756
441.953843
441.953865
441.921287
441.954846
441.956992
441.991186
441.953547
441.921304
441.992094
442.032225
441.920186
441.990828
441.991346
441.922428
442.069716
441.956656
441.957009
441.923303
441.991851
441.998407
441.956094
441.953570
441.919528
441.916686
441.917484
441.917941
441.916973
441.916964
441.882673
441.882443
441.883481
441.883231
441.923037
441.957744
442.032041
441.958634
441.992277
441.921279
441.957734
441.957500
442.105053
441.957943
441.921290
441.954849
441.956982
441.991186
441.953564
441.921322
441.992094
442.029379
441.920186
441.923214
442.070498
441.956652
441.957805
441.924100
442.032112
441.992642
441.992362
441.958643
442.107278
441.956640
442.025456
441.991654
441.992592
442.065198
442.065202
442.182854
441.992451
442.105069
441.988459
442.071074
441.989991
441.954947
441.954154
441.955750
442.025450
441.988817
441.988309
441.990682
441.918485
441.920468
441.919279
441.915924
442.026597
441.918014
441.917495
441.955603
441.991573
441.995675
441.880894
441.920426
441.998052
441.882476
441.953539
441.954854
441.916933
441.951466
441.952728
441.952719
441.949117
441.950944
441.882935
441.914828
441.917446
441.917919
441.916388
441.916937
441.989119
442.024423
441.987580
441.953568
441.989090
441.989693
441.918502
441.952807
441.914827
441.918816
441.953311
441.989987
441.953973
441.989002
442.026462
441.987959
442.103097
442.107299
441.956643
441.992912
442.026950
441.991668
441.953857
442.067245
441.992606
442.032217
441.920463
442.034445
441.918827
441.955271
442.068482
441.954354
441.919325
442.071354
441.992108
441.882685
441.963256
441.847674
441.921796
441.998074
441.882489
441.998088
441.998099
442.031621
441.917516
441.882487
441.955049
441.883997
441.884000
441.956062
441.954913
441.988925
442.070037
441.992093
441.920397
441.920678
441.953915
441.954222
441.848968
441.848971
441.955838
442.032433
441.918334
441.883301
441.917239
441.882897
441.920409
441.923060
441.993280
441.921240
441.958595
441.888935
442.068369
441.923837
442.028605
441.994066
441.997068
441.958833
441.995476
441.957213
441.958075
441.958859
441.959075
441.924023
441.959751
442.029319
442.065934
442.029877
441.959664
441.994746
441.924072
442.003758
441.916736
441.882393
441.917169
441.955257
441.952271
441.918217
441.997097
441.923746
442.031963
441.884130
441.919136
441.918327
441.883200
441.917741
441.884785
441.919400
441.997034
441.888033
441.958326
442.000284
442.063902
442.029760
441.923706
441.993297
441.881607
441.881604
441.845163
441.845152
441.846441
441.845969
441.844851
441.845668
441.884549
441.883744
441.846469
441.918217
441.919479
441.848109
441.848910
441.951978
441.952023
441.952233
441.915665
441.881663
441.954927
441.881360
441.883721
441.882132
441.882941
441.881854
441.880513
441.918011
441.849184
441.848374
441.882866
441.882345
441.883342
441.882048
441.957611
441.950124
441.952456
441.951407
441.953857
442.068464
441.952584
441.952457
441.985992
441.954231
441.987641
441.953075
441.952112
441.952958
441.953246
442.067935
441.950128
441.958292
441.921304
441.992610
441.955349
441.991562
442.032426
441.992839
441.987838
441.987822
441.989469
441.989484
441.989018
442.062769
441.956925
441.991880
442.034039
441.957405
441.992357
442.034524
441.993307
441.953933
442.023202
441.987405
441.918760
441.917436
441.918259
441.917724
441.917753
441.989690
442.023199
441.988904
441.919060
442.026545
441.955315
441.955308
441.955006
441.919273
441.921756
441.919764
441.918489
441.956895
441.882704
441.917155
441.917522
441.956061
441.923662
441.957408
442.025582
442.025578
441.952272
441.950946
441.815920
441.849164
441.850443
441.813550
441.846784
441.848073
441.884554
441.918557
441.918549
441.883743
441.883947
441.884251
441.991361
442.027172
441.991372
441.991237
441.953794
441.952473
442.027186
441.848838
441.845966
441.883948
441.846725
441.847531
441.884731
441.990200
441.882991
442.027937
441.883306
441.917229
441.917247
441.812043
441.990755
441.990769
441.992246
441.991441
441.954758
441.954749
441.957691
441.955007
441.919379
441.958977
441.925231
441.845685
441.844406
441.845992
441.845522
441.878982
441.845214
441.844412
441.989931
441.919377
441.921159
441.882145
441.953086
441.953090
441.953925
441.882317
441.916181
441.919057
441.919357
441.916933
441.950476
441.917998
441.918759
441.919049
441.951231
441.917694
441.880548
441.879418
441.882312
441.882285
441.882588
442.031048
441.916410
441.918906
441.990344
441.918954
441.916706
442.027232
441.917695
441.916403
441.994054
441.848113
441.848084
441.921225
441.992954
441.882478
441.994861
441.883395
441.993761
441.882411
441.992655
441.882650
441.881322
441.883727
441.958279
441.883810
441.884109
441.883471
441.955476
441.883523
441.991100
441.954223
441.883480
441.955470
441.954695
441.916993
441.916700
441.919874
441.957630
441.993078
442.030207
441.953596
441.952813
441.881154
441.846811
441.847591
441.882854
441.881290
441.846811
441.918061
441.918064
442.030420
441.991699
441.881659
441.880339
441.880324
441.881134
441.881641
441.880358
441.884507
441.885270
441.884702
441.884994
441.882635
441.882938
441.879771
441.879503
441.918522
441.917719
441.917709
441.952827
441.917432
441.916950
441.844994
441.845176
441.955952
441.955448
441.880273
441.879990
441.919024
441.916971
441.880502
441.917442
441.880280
441.879994
441.844722
441.953614
441.954585
441.950971
441.880010
441.880775
441.916968
441.916666
441.953899
441.917943
441.917149
441.917163
441.880506
441.917459
441.880995
441.880483
441.918260
441.881599
441.918268
441.881591
441.883203
441.918564
441.882099
441.918253
441.881607
441.881611
441.882426
441.915656
441.882133
441.880357
441.956662
441.882197
441.882482
441.914910
441.881350
441.882180
441.915691
441.881907
441.917977
441.918576
441.953393
441.882958
441.916168
441.918751
441.918318
441.882776
441.846606
441.881914
441.879766
441.884776
441.954191
441.848139
441.882172
441.882439
441.919065
441.918268
441.953602
441.813065
441.882396
441.880825
441.879836
441.846295
441.917227
441.915949
441.919920
441.917751
441.954648
441.918513
441.918847
441.953589
441.882726
441.848363
441.848344
441.883163
441.882175
441.958973
441.919556
441.920041
441.883993
441.919533
441.919541
441.919043
441.958995
441.954417
441.849410
441.849147
441.847095
441.881840
441.881095
441.920113
441.953625
441.918854
441.917434
441.919130
441.952597
441.917446
441.882689
441.915922
441.917509
441.880877
441.880595
441.917747
441.916669
441.918183
441.919852
441.953337
441.918195
441.883442
441.916675
441.918793
441.918813
441.954649
441.916641
441.917546
441.952286
441.880325
441.917436
441.881877
441.915113
441.917203
441.918183
441.918584
441.952059
441.918182
441.883442
441.916678
441.883416
441.916660
441.917216
441.954165
441.916740
441.918478
441.846482
441.846757
441.847040
441.879729
441.881302
441.880816
441.881101
441.918035
441.881333
441.918511
441.848076
441.882646
441.953618
441.954399
441.881149
442.025805
441.881635
441.880813
441.847582
441.958192
441.918770
441.920029
441.883200
441.919016
441.918737
441.919519
441.918258
441.918240
441.957915
441.847843
441.848043
441.845990
441.849116
441.882374
441.918594
441.919565
441.847772
441.955089
441.847505
441.881834
441.989136
441.918271
441.882050
441.881563
441.883513
441.953895
441.953453
441.919153
441.883342
441.881364
441.953706
441.919433
441.918978
441.882393
441.883392
441.847098
441.987621
441.881336
441.915868
441.918245
441.918074
441.916128
441.949672
441.916725
441.916427
441.916736
441.916565
441.914824
441.915341
441.952581
441.880323
441.913850
441.950506
441.915202
441.919042
441.918860
441.917515
441.988176
441.919606
441.880066
441.878954
441.881359
441.880624
441.953132
441.917812
441.918111
441.916999
441.917522
441.881969
441.881342
441.881645
441.953131
441.916441
441.918847
441.918406
441.915255
441.914599
441.916963
441.914866
441.915373
441.914866
441.914862
441.915645
441.845320
441.878861
441.952809
441.916461
441.916469
441.915648
441.915667
441.915644
441.915647
441.915962
441.952324
441.951533
441.951514
441.991495
442.031554
441.916898
441.990000
441.954163
441.953391
441.954184
441.955247
441.917491
441.918020
441.916728
441.990358
441.953967
441.917264
441.847121
441.954593
441.952839
441.919911
441.813070
441.954066
441.920394
441.880350
441.846299
441.953618
442.025110
441.989796
441.918270
441.883744
441.918509
441.989023
441.917490
441.882980
441.917792
441.950998
441.918286
441.917729
441.918589
441.918875
441.953436
441.847378
441.880617
441.954866
441.917191
441.917207
441.953588
441.953087
441.992258
441.955228
441.847914
441.881159
441.882441
441.991342
441.883441
441.916703
441.955176
441.916174
441.917768
441.952488
441.950986
441.953273
441.989438
441.916145
441.954710
441.918265
441.883728
441.990206
441.915622
441.918508
441.955477
441.883707
441.918602
441.955979
441.919777
441.921046
441.880858
441.846550
441.847030
441.880877
441.881285
441.881281
441.847810
441.919321
441.918826
441.847590
441.847316
441.847342
441.883704
441.847326
441.883694
441.846594
441.848154
441.847328
441.847322
441.918003
441.918017
441.919336
441.918788
441.880557
441.880834
441.880079
441.916932
441.879760
441.916148
441.879330
441.880588
441.951561
441.879773
441.879767
441.950450
441.955984
441.954693
441.882252
441.919337
441.847585
441.885575
441.814340
441.921209
441.919828
441.955952
441.920586
441.919372
441.846010
441.848841
441.848049
441.847261
442.066705
442.028911
442.028925
442.027770
442.027771
441.990212
441.990605
441.956982
441.988904
441.954664
441.918227
441.990726
441.917472
441.953492
441.882625
441.953008
441.953293
441.990211
441.955967
441.919533
441.991526
441.990343
441.992003
441.992003
441.957117
441.957116
441.990343
442.069038
441.992180
442.106502
441.993815
441.957943
441.990642
442.032161
441.953681
441.992524
442.025679
441.986760
441.990011
441.988263
442.024758
442.141302
441.988777
442.065614
442.182838
442.028139
441.918218
441.952272
441.954827
442.026585
442.025262
441.990187
441.991009
441.991118
442.026170
442.106509
442.106504
441.958139
441.993467
441.888890
442.036199
441.889789
441.992835
441.923508
441.994973
441.958934
441.991915
441.990826
441.957621
441.990838
441.957840
441.958848
441.923423
442.030652
441.994516
441.955218
441.956541
442.029507
441.993481
441.993364
441.991688
441.993324
442.028465
441.994005
441.960290
441.958658
441.955981
441.921669
441.918172
441.921407
441.995520
441.958907
442.031049
442.074603
442.039858
441.957758
442.037935
441.997294
441.954986
441.956552
442.069500
442.028761
442.106429
441.992179
441.956313
441.953402
442.032122
442.065518
441.885127
441.920189
441.990293
442.025824
441.955260
441.920512
441.955573
441.955897
442.104099
441.956367
441.920846
441.990582
441.955058
442.068564
441.956402
441.955274
441.956237
441.992912
442.109495
441.993724
441.993550
442.106883
441.993857
442.073174
441.997260
441.996941
441.962648
441.959989
441.961091
441.961065
442.032565
442.035326
442.070218
442.067605
441.995094
441.995861
441.995412
441.991330
442.029476
441.957768
442.029462
441.954365
441.954684
441.954623
441.953804
441.991735
441.991235
442.026015
441.991456
441.991730
442.027880
441.953819
441.886154
441.990346
441.886170
441.956075
441.921802
441.990225
441.917764
441.918252
441.919707
441.953930
441.916958
441.955369
441.990266
441.953110
441.953352
441.952826
441.988981
441.950456
441.916452
441.951153
441.916147
441.988079
441.916106
441.916624
441.915818
441.917410
441.988066
442.026469
441.919910
441.919062
441.989487
441.919600
441.918795
441.990249
441.955683
441.885757
441.919012
441.921096
441.881320
441.882106
441.915935
441.915668
441.882832
441.989994
441.916478
441.915709
441.917331
441.989506
441.882960
441.952515
441.916669
441.917468
441.883524
441.990200
441.990184
441.916694
441.988593
441.987324
441.916510
441.917202
441.950153
441.916386
441.915326
441.918023
442.024507
441.990238
442.025279
441.952394
441.952176
441.952169
441.952384
441.952298
441.954621
441.954349
441.918265
441.989189
441.918293
441.951840
441.985523
441.952839
441.953045
441.949949
441.918782
441.915922
441.884260
441.952542
441.884749
441.881896
441.917794
441.955417
441.949141
441.916464
441.985494
441.951527
441.987008
441.951733
441.950136
441.947271
441.950931
441.950961
441.916105
441.884870
441.918885
441.955231
441.918885
441.954130
441.884655
441.918681
441.953016
441.953853
441.918670
441.952337
442.026902
441.989005
441.953974
441.992906
442.027387
441.987538
441.989479
442.026884
441.989779
441.954747
441.992877
442.063779
442.104823
441.989928
441.884022
441.954451
441.989623
442.028907
441.951961
441.991446
442.028437
441.884735
441.883958
441.917972
442.025549
441.953650
441.918910
441.954851
441.955122
441.955156
441.990027
441.954908
441.956992
441.956429
441.953338
441.920063
441.955647
441.953317
441.956928
441.951967
442.026048
442.026893
441.991297
441.991025
441.919757
441.953768
441.951656
441.990672
441.989133
441.988838
441.991687
441.953352
441.918833
441.950396
441.990675
441.919294
441.885259
441.884967
441.918478
441.954806
441.918234
441.883198
441.954355
441.990813
441.956972
442.028962
442.030799
441.992873
441.994783
442.107318
442.034703
441.994276
442.071768
442.036551
442.036232
441.993801
442.073277
442.001939
441.999280
442.000382
442.000356
442.072536
442.067955
441.957926
442.071860
442.038210
442.037730
441.922247
442.033158
441.991119
441.956811
441.954412
442.033662
441.957031
441.922956
441.957486
442.070262
441.956794
442.029354
441.956954
441.921804
442.069131
441.956408
441.922688
441.954731
441.918301
441.953327
442.033144
441.956041
441.916886
441.921680
441.991462
441.957574
441.923855
442.070045
441.956932
442.104228
441.957325
441.991512
441.957793
441.923606
442.031063
441.996483
441.954966
441.920425
441.996767
441.955251
441.920127
441.920863
441.957855
441.954990
441.991857
441.955796
442.027186
441.952985
442.028793
442.029662
441.954455
441.989805
442.065526
441.955299
441.989501
441.955285
442.103013
442.025209
441.990353
441.990673
441.992645
441.991162
442.026982
442.062735
442.027200
441.991457
441.993380
441.993215
441.992912
441.993724
441.993546
441.993857
442.034385
442.035142
441.994283
441.993763
441.918213
441.916938
441.916930
442.026289
441.992834
441.996258
441.955706
441.994189
441.997842
441.883498
441.919919
441.885732
441.997811
441.883454
441.919087
441.957264
442.029718
442.071676
441.921019
441.921481
442.106983
441.956053
442.027116
442.025810
441.992223
441.992083
441.990780
442.066852
441.954761
442.139916
442.026475
442.027284
441.989297
441.883216
441.882410
441.811736
441.882895
441.882098
441.811726
441.811453
441.883677
441.813023
441.880499
441.846217
441.845736
441.917453
441.882358
441.882012
441.846583
441.814039
441.813553
441.813266
441.844582
441.843861
441.845146
441.845164
441.845122
441.843551
441.844660
441.844368
441.845662
441.845666
441.845457
441.843877
441.845766
441.844986
441.880307
441.845789
441.846302
441.845509
441.845269
441.846605
441.845802
441.845759
441.846296
441.845972
441.846266
441.949975
441.916451
441.915160
441.916957
441.845666
441.844873
441.951781
441.845189
441.845475
441.844695
441.844196
441.845968
441.845452
441.844189
441.845002
441.846282
441.845781
441.845775
441.845489
441.845973
441.845972
441.845973
441.845967
441.845981
441.812250
441.813009
441.811430
441.812534
441.813314
441.812831
441.812995
441.811429
441.953625
441.918783
441.918807
441.988668
441.954633
441.953847
441.955139
442.028851
441.919038
442.030877
442.029577
441.959248
441.847222
441.847206
441.922323
441.922625
441.811938
441.813517
441.995462
441.994682
441.993868
441.960374
441.991107
441.956023
441.848079
441.922475
441.921172
441.992925
441.994541
441.882943
441.992737
441.955998
441.918772
441.955450
441.954156
441.921694
441.920883
441.882436
441.992721
441.955245
441.955741
441.954754
441.992528
441.957870
442.034772
441.846492
441.846481
441.810531
441.812132
441.811156
441.811656
441.814623
441.779834
441.814092
441.882444
441.812749
441.847279
441.847776
441.846968
441.918315
441.846525
441.845986
441.918206
441.881467
441.994679
441.955709
441.955710
441.884657
441.885441
441.919909
442.031001
441.959276
441.920530
441.920516
441.994443
442.035327
441.958916
441.958916
441.959262
441.964952
441.995272
441.886941
441.922911
441.887789
442.036133
441.959222
441.959229
441.889374
441.960040
441.960710
441.882171
441.881378
441.847976
441.883798
441.992751
441.955494
441.918592
441.849480
441.849494
441.920425
441.815675
441.815215
441.882724
441.883801
441.953615
441.882146
441.955834
441.919751
441.918959
442.068835
442.033249
442.180721
441.884283
441.955469
441.884058
441.850047
441.919964
441.885362
441.991804
441.955491
441.886386
441.885629
441.918836
441.918320
441.884309
442.028208
441.816486
441.815726
441.992247
441.885374
441.882914
441.850016
441.919430
441.957829
441.918487
441.917693
441.881995
441.917041
441.956205
442.064649
441.953301
442.028417
441.920054
442.028444
441.954108
441.989150
441.951996
441.954440
441.849704
441.849234
441.989472
441.884750
441.884280
441.919406
441.951654
441.955128
441.956219
441.883252
441.918302
441.993255
441.956670
441.957162
442.105124
441.884083
441.919611
441.957005
441.954653
442.025773
441.918316
441.953844
441.953306
441.850533
441.849763
441.886060
441.885290
441.919893
441.884750
441.883969
441.954193
441.957027
441.884062
441.919594
441.918283
441.885952
441.958866
441.884348
441.918840
441.956426
441.919906
441.920801
441.920812
441.919906
441.954753
441.956423
441.953472
441.954454
441.953187
441.918969
441.994156
441.957700
441.993598
441.993612
441.990226
441.990238
441.885562
441.885072
441.955566
441.990321
441.950445
441.953632
441.987865
441.885625
441.920377
441.920114
441.918823
441.992949
442.030221
441.919576
441.919362
441.954118
441.992777
442.026419
441.918481
441.953703
441.917500
442.030238
442.029791
442.029768
442.030753
441.848138
441.850199
441.849399
441.919897
441.956173
441.884775
441.996153
441.916417
441.916910
441.919367
441.882158
441.882475
441.953438
441.989727
441.992417
441.992739
441.920703
441.920700
441.958515
441.958478
441.920699
441.920696
441.958019
441.957927
441.993696
441.957441
441.957303
441.993201
441.954687
441.923611
441.993198
442.002674
442.000822
442.036717
442.036679
442.001907
441.992430
441.992714
442.102627
441.958671
441.918479
441.956215
442.026085
441.991031
441.953287
441.955131
442.025305
441.953287
441.954935
441.955926
441.955406
441.920615
441.954620
442.028184
441.956715
441.954656
441.988155
441.920645
441.988723
441.988955
441.921402
441.954617
441.921098
441.922403
441.955927
441.922408
441.955118
441.991003
441.989927
442.026586
442.025810
441.997436
441.961541
441.962626
441.996962
441.961849
442.068337
441.996183
442.067558
442.001140
442.036257
441.993778
441.993778
442.035464
441.958682
442.102640
441.992725
441.992440
442.107618
442.071198
442.106849
441.995258
441.960040
441.889856
441.964132
441.963364
441.883441
441.883468
441.888566
441.887787
441.888556
441.887787
442.030953
441.922106
441.955870
441.955356
442.106540
442.032753
441.918959
441.919751
441.955838
441.957166
441.956666
441.993255
441.819658
441.852584
441.853660
441.921163
441.956270
441.887965
441.883098
441.883404
441.881843
441.881929
441.885943
441.852673
441.886642
441.851842
441.920699
441.885303
441.921738
442.066772
441.928566
441.918452
441.956848
441.956043
441.920405
441.953846
441.955143
441.988295
441.989597
441.993522
441.920411
441.920411
441.954180
441.954180
441.996103
441.993846
441.994948
441.956007
441.956007
441.994340
441.884225
441.850298
441.884220
441.884020
441.851100
441.884836
441.956007
441.956007
441.886171
441.919394
441.919864
441.918264
441.809727
441.811318
441.810352
441.810856
441.959207
441.959207
441.959125
441.848075
441.848377
441.953357
441.847055
441.849120
441.847821
441.954615
441.847035
441.848618
441.961668
441.960058
441.813347
441.813045
441.812726
441.811148
441.884199
441.776411
441.809537
441.811158
441.811926
441.810361
441.776307
441.776917
441.777101
441.997179
442.032498
441.997754
441.956456
441.994317
441.961798
441.884246
441.881922
441.954186
441.884065
441.953335
441.954126
441.919823
441.919291
441.990010
441.885283
441.885753
441.918029
441.884228
441.954163
441.883564
441.956796
441.886588
441.918524
441.956944
441.921969
441.991485
441.921160
442.030567
441.956972
441.990011
442.026777
441.991977
441.992752
441.956500
441.920982
441.956451
441.954325
441.956476
441.954038
441.954327
441.954798
441.956138
441.920611
441.956392
441.954302
442.032674
441.776877
441.811675
441.845706
441.811184
441.845216
441.845121
441.846225
441.846485
441.844905
441.846503
441.844903
441.917006
441.846002
441.847297
441.846009
441.812791
441.847304
441.847022
441.845815
441.846215
441.812294
441.846807
441.880821
441.880807
441.812784
441.881877
441.882076
441.881293
441.881834
441.880609
441.881032
441.880505
441.881003
441.880234
441.881302
441.847081
441.881589
441.917959
441.918179
441.881017
441.881815
441.846620
441.881118
441.916696
441.881321
441.879731
441.886119
441.991906
441.955658
441.954330
441.955210
441.956632
441.991891
441.956618
441.880854
441.882133
441.881640
441.917754
441.917750
441.847895
441.847885
441.883195
441.882407
441.917236
441.882421
441.918998
442.065698
441.954425
441.881596
441.882873
441.954429
441.915620
441.954419
441.954419
441.881586
441.881640
441.915658
441.882136
441.845350
441.845652
441.919588
441.848442
441.880816
441.882406
441.881311
441.883767
441.880524
441.847046
442.070577
442.035855
442.035859
441.996929
441.996938
441.996928
441.998214
441.993993
441.919123
441.990986
442.027165
441.919912
441.953372
441.886191
441.955615
441.920466
441.953850
441.953834
441.921233
441.958028
441.996924
441.998214
441.994762
441.957525
441.888167
441.958776
441.919127
441.991755
441.920158
441.920684
441.953372
441.992788
441.955221
441.920452
441.921247
441.953822
441.953820
442.062883
441.955463
441.990490
441.921430
441.955966
442.031635
441.923016
441.921760
441.882052
441.882348
441.884433
441.884725
441.844381
441.845957
441.845450
441.844977
441.846243
441.844379
441.845965
441.844650
441.844961
441.918571
441.879500
441.844686
441.846251
441.845263
441.844937
441.880798
441.879995
441.880551
441.879287
441.879743
441.919058
441.921440
442.032232
441.993404
441.883470
441.812517
441.846561
441.958965
442.031513
441.954973
441.916660
441.954456
441.953654
442.028389
441.916202
441.950971
441.916694
441.916659
441.918003
441.847061
441.881095
441.952471
441.917995
441.847059
441.881108
441.883410
441.956524
441.849488
441.883185
441.884014
441.992208
441.918072
441.844751
441.847391
441.951742
441.845732
441.917472
441.952256
441.917953
441.952570
441.952588
442.029688
441.920150
441.920922
441.919956
441.919956
441.882648
441.885043
441.848439
441.848429
441.813329
441.885052
441.885057
441.846600
441.848077
441.848054
441.846759
441.814120
441.885843
441.885820
441.847551
441.848817
441.811684
441.884221
441.919024
441.884706
441.956890
441.881677
441.882469
441.956271
441.955754
441.883176
441.918061
441.991061
441.881372
441.881362
441.917464
441.954706
441.955479
441.919336
441.918065
441.918363
441.882180
441.882188
441.847354
441.918290
441.918285
441.880629
441.847816
441.848304
441.881782
441.878495
441.878985
441.881052
441.883132
441.882920
441.878482
441.845410
441.847007
441.953416
441.953407
441.953913
441.879282
441.916916
441.846580
441.880597
441.881594
441.916414
441.915332
441.880840
441.880052
441.915626
441.987101
441.915642
441.881656
441.846588
441.880615
441.882399
441.915617
441.882128
441.846532
441.881361
441.917730
442.063473
441.917720
441.920591
441.920080
441.884970
441.918779
441.917482
442.062142
441.915946
441.915955
441.918269
441.883954
441.988903
441.882161
441.882867
441.919057
441.953886
441.953093
441.883005
441.847031
441.812202
441.883683
441.881345
441.881814
441.988873
441.846263
441.916203
441.880290
441.878456
441.882098
441.880845
441.989167
441.916426
441.846575
441.916985
441.880592
441.880042
441.879287
441.914845
441.881614
441.953428
441.953418
441.953925
442.060813
441.848338
441.847522
441.883518
441.884754
441.919099
441.919400
441.918000
441.881334
441.880535
441.811351
441.812465
441.960746
441.960746
441.998538
441.883396
441.882104
441.849936
441.849244
441.849395
441.885645
441.962055
441.955701
441.953050
441.883741
441.918119
441.919650
441.918781
441.954809
442.028911
441.994765
441.952605
441.990966
441.921254
441.917654
441.916884
441.953023
441.919636
441.953288
441.918330
441.996058
441.917929
441.920635
441.884081
441.957978
441.920653
441.954864
441.918363
441.952615
441.990981
441.955139
441.919116
441.919116
442.034058
441.884352
441.955696
441.886120
441.922690
441.957466
441.885669
441.995571
441.954101
441.917681
441.919833
441.883408
441.953000
441.954956
441.918244
441.918466
441.885920
441.999709
442.034858
441.997708
441.997539
442.037487
441.998182
442.030016
442.030016
442.072786
441.921844
441.956085
441.921741
441.993190
441.996106
441.999473
441.885123
441.994438
441.918904
441.918901
441.997708
441.997539
441.959365
441.920987
441.955324
441.920953
441.956116
441.993689
441.996605
441.998538
442.028893
441.994747
441.918842
441.953087
441.990952
441.921724
441.884566
441.956679
441.921123
441.886442
441.919884
441.961557
441.959540
441.917778
441.952796
441.955123
441.954389
441.953424
441.917017
441.952036
441.951523
441.920081
441.953129
441.951523
441.952829
441.920081
442.026099
441.919093
441.954111
441.991304
441.995824
441.916093
441.919636
441.918763
441.918119
441.996054
441.918353
441.952598
441.990981
441.921265
441.957766
441.885649
442.034058
441.883424
441.917196
441.884241
441.885805
441.886085
441.918245
441.885635
441.957484
441.883871
441.955714
441.885184
441.920818
441.995588
441.996248
441.921201
441.954451
441.954437
441.886456
441.881105
441.914349
441.954932
441.917259
441.881838
441.915085
441.954897
441.883165
442.028580
441.883222
441.847082
441.919624
441.919597
441.880321
441.917755
441.846791
441.881314
442.028290
441.884288
441.884264
441.918016
441.882176
441.915423
441.991031
441.954875
441.952051
441.918509
441.813552
441.920554
441.919613
441.848075
441.954156
441.918554
441.922492
441.887984
441.957567
441.995332
441.997700
441.886453
441.919810
441.919808
441.960744
441.953428
442.066087
441.954210
441.883119
441.882615
441.992250
441.920643
441.955699
441.920406
441.919900
441.920115
441.921714
441.954499
441.920682
441.920065
441.920150
441.886329
441.992313
441.955431
441.957063
441.921961
441.956221
441.885558
441.919897
441.887119
441.920648
441.955073
441.992608
441.919856
441.989605
441.953868
441.990366
441.919611
441.921034
441.989478
441.953919
441.918041
441.988691
441.918908
441.918325
441.915685
441.881663
441.988164
441.915668
441.919109
441.887019
442.027848
442.028321
441.916164
441.882645
441.882630
441.951190
441.885409
441.884924
441.851384
441.918051
441.953942
441.988212
441.916175
441.953657
441.918436
441.951786
441.916977
441.988975
441.951772
441.916980
441.914827
441.883448
441.883433
441.952706
441.988147
441.953014
441.918807
441.884540
441.918587
441.953138
441.918871
441.881907
441.880843
441.918109
441.916428
441.952618
441.918326
441.917893
441.880950
441.880839
441.846494
441.919573
441.884835
441.918531
441.988634
441.954395
441.953310
441.953022
442.026566
441.989452
441.955198
441.918263
441.881951
441.915471
441.914352
441.914520
441.881462
441.952308
441.913318
441.950945
441.987621
441.952083
441.950448
441.986335
441.951268
441.914109
441.952118
441.950964
441.952875
441.884502
442.026574
441.884782
441.848377
441.881567
441.847891
441.879254
441.883488
441.917818
441.916357
441.917763
441.884244
441.988480
441.917223
441.915641
441.916400
441.883186
441.917516
442.025254
441.917014
441.883481
441.917477
441.918062
441.917767
441.916936
441.920654
441.920940
441.954711
441.955195
441.953896
442.063782
441.955761
441.919505
441.920609
442.026831
441.920582
441.916148
441.916954
441.919108
441.919924
441.919624
441.919770
441.920575
442.026035
441.919286
441.916730
441.883428
441.848595
441.882357
441.883154
441.881063
441.879997
441.918724
441.846317
441.880821
441.916648
441.813106
441.812794
441.847600
441.847288
441.918247
441.881089
441.847871
441.847569
441.954089
441.881401
441.919041
441.846625
441.881129
441.916422
441.881307
441.881588
441.919036
441.880823
441.880651
441.917446
441.917136
441.987082
441.915875
441.881598
441.881116
441.879789
441.915641
441.881587
441.845999
441.918765
441.952479
441.917667
441.989679
441.953551
441.952763
441.954854
441.915449
441.881930
441.881916
441.915129
441.915620
441.915460
441.847132
441.847117
441.881130
441.882102
441.880518
441.880121
441.878783
441.846592
441.914535
441.952783
441.919042
441.880651
441.915624
441.915364
441.950661
441.881344
441.917206
441.952756
441.953250
441.917682
441.998635
441.922584
441.920530
441.920495
441.920239
441.922333
441.957679
441.922302
441.992751
441.991185
441.998666
441.922590
441.919435
441.953934
441.952616
441.920338
441.919728
441.997718
441.919409
441.953425
442.068461
442.026156
441.998965
441.922872
441.886463
441.922138
441.956649
441.917507
441.952033
441.951506
441.881003
441.918273
441.880999
441.846182
441.917721
441.912724
441.917759
441.848390
441.882710
441.882232
441.848699
441.954168
441.997576
441.921515
441.920775
441.921545
441.956908
442.068546
441.992463
441.992744
441.919699
441.920533
441.920229
441.850562
441.883785
441.882669
442.029118
441.920047
441.917946
441.849462
441.918744
441.920662
441.885354
441.918591
441.920361
441.921652
441.919642
441.920418
441.882695
441.952864
441.953641
441.916452
441.916465
441.883162
441.914836
441.918798
441.918861
441.918560
441.883428
441.921656
441.884053
441.850544
441.883720
441.882327
441.881824
441.922570
441.920544
441.920509
441.920253
442.068816
441.922343
442.033758
441.957680
441.998377
441.922305
442.067246
441.992748
441.991185
441.922605
441.919418
441.953926
442.067680
441.952608
441.920324
441.919714
442.032243
441.919398
441.953424
442.026134
441.922875
441.886463
442.143770
441.957897
441.992210
442.065703
441.958677
441.924652
442.025480
442.031415
441.992207
441.957887
441.992200
442.065706
441.958667
441.924642
442.070696
441.992194
441.922127
441.956649
442.068188
441.921519
441.920771
441.921559
442.032965
441.956904
441.954030
441.954027
441.955329
441.955315
441.954818
441.988243
442.063916
442.103133
441.988246
441.954832
442.063926
442.027546
441.992453
441.992755
441.919724
442.063912
441.920557
441.920253
442.068838
441.919323
441.884050
441.919586
441.849715
441.850011
441.883069
441.882190
441.846286
441.918568
441.883601
441.849266
441.850037
441.883081
441.917175
441.882966
441.916387
441.987576
441.881323
441.914885
441.915099
441.877986
441.880629
441.847098
441.847088
441.880133
441.882105
441.916458
441.916673
441.881623
441.881109
441.990286
441.881109
441.882678
441.846285
441.881399
441.845757
441.879295
441.847317
441.846761
441.847841
441.811937
441.847798
441.846228
441.883752
441.884282
441.917510
441.954936
441.884246
441.883491
441.849160
441.849469
441.883012
441.918516
441.882142
441.883125
441.882633
441.919106
441.951535
441.986836
441.951526
441.986807
441.956751
441.956766
441.882910
441.882925
441.881064
441.881860
441.881866
441.882662
441.916955
441.882666
441.883454
441.882479
441.916977
441.916189
441.916144
441.955511
441.989834
441.954805
442.063750
441.991803
442.026822
442.106160
441.990534
442.066721
441.921620
441.991533
441.955007
441.919996
442.026152
441.990022
441.955495
441.955823
442.069305
442.028956
441.956285
441.921274
442.027438
441.992735
442.032496
441.995547
442.028055
441.998148
441.998475
441.994536
441.961625
441.923167
441.920641
441.958267
441.923257
442.033012
441.924125
441.847781
441.811932
441.845186
441.883652
441.920952
441.959338
441.997696
441.883183
441.883985
441.921234
441.920112
441.885565
441.919117
441.886067
441.886418
441.885091
441.921498
441.917146
441.955463
441.885660
441.920373
441.884787
441.958235
441.885571
441.918842
441.887205
441.957569
441.922840
441.960744
441.995369
441.958795
441.812573
441.847071
441.847287
441.880793
441.846480
441.812568
441.847066
441.845777
441.845982
441.846075
441.847572
441.918557
441.880525
441.882115
441.882862
441.880910
441.914908
441.880306
441.881582
441.880335
441.882111
441.881312
441.880823
441.846940
441.881383
441.881424
441.882088
441.880619
441.914630
441.881606
441.881295
441.847106
441.881861
441.881600
441.847883
441.882377
441.847937
441.846334
441.847623
441.882638
441.953607
441.954374
441.881626
441.880828
441.846496
441.881888
441.882690
441.847554
441.845974
441.813047
441.847064
441.883905
441.884197
441.813028
441.847059
441.810588
441.811763
441.812565
441.810724
441.883128
441.810111
441.883417
441.810961
441.844988
441.809335
441.846071
441.810962
441.848661
441.919331
441.919331
441.919550
441.919550
441.882998
441.883290
441.993850
441.847578
441.883682
441.920110
441.846404
441.847504
441.883380
441.919332
441.883009
441.919335
441.812732
441.815094
441.848590
441.810371
441.848662
441.919307
441.919307
441.847026
441.848588
441.919041
441.919041
441.845458
441.847026
441.957090
441.813292
441.848124
441.846500
441.848087
441.848074
441.848591
441.849079
441.848596
441.848900
441.846794
441.881276
441.881286
441.811795
441.845797
441.811982
441.918564
441.844702
441.847067
441.844688
441.846744
441.845998
441.952574
441.878999
441.880567
441.846265
441.952577
441.846263
441.848888
441.918286
441.919064
441.917818
441.845800
441.953846
441.845794
441.848406
441.847131
441.918582
441.880609
441.847398
441.847614
441.917780
441.845766
441.845764
441.848371
441.918557
441.847085
441.920141
441.846792
441.848561
441.919874
441.847115
441.918900
441.847125
441.954288
441.848904
441.849198
441.847052
441.847614
441.848898
441.847784
441.845989
441.845725
441.848097
441.879780
441.879792
441.847588
441.846486
441.847296
441.846813
441.849473
441.918805
441.919038
441.919343
441.883456
441.883423
441.882966
441.849747
441.918577
441.885354
441.882692
441.953360
441.954123
441.920127
441.920900
441.846314
441.846001
441.847794
441.845986
441.846499
441.846782
441.846998
441.847578
441.846269
441.776882
441.883216
441.882911
441.881641
441.919401
441.884369
441.918889
441.885346
441.886411
441.887203
441.887199
441.887203
441.881601
441.881295
441.880026
441.918577
441.919374
441.885897
441.847791
441.924429
441.778720
441.814850
441.813285
441.923641
441.924125
441.777161
441.811731
441.811205
441.848679
441.847073
441.917236
441.847074
441.813039
441.884279
441.810420
441.922365
441.922850
441.813030
441.883483
441.917446
441.917153
441.991576
441.957359
441.882139
441.992340
441.917456
441.811681
441.846824
441.845260
441.878799
441.846484
441.845999
441.813240
441.884477
441.884164
441.956887
441.956571
441.812752
441.883978
441.884452
441.848409
441.993283
441.884050
441.993786
441.885017
441.919866
441.919588
441.848353
441.813893
441.919894
441.848560
441.846977
441.845716
441.918017
441.919620
441.846572
441.918808
441.847150
441.880877
441.953651
441.881521
441.992539
441.882492
441.994326
441.883765
442.104933
441.847844
441.919612
441.846556
441.847466
441.845886
441.917521
441.953766
441.993029
441.881204
442.104902
441.847279
441.846165
441.956769
441.956783
441.849222
441.848434
441.882171
441.919882
441.918331
441.921165
441.919600
442.030447
442.029627
441.955755
442.028879
442.030132
441.882404
441.881631
441.881945
441.882887
441.812733
441.812225
441.813027
441.848092
441.920572
441.885299
441.846541
441.883266
441.882730
441.883212
441.881422
441.881446
441.811198
441.848112
441.846548
441.956879
441.881692
441.882174
441.991074
441.991548
441.916198
441.916668
441.881366
441.916664
441.882448
441.849187
441.920114
441.919625
441.956070
441.990769
441.917460
441.919094
441.917821
442.029641
442.028839
441.992862
441.992858
441.957476
441.848374
441.846525
441.919317
441.847012
441.848670
441.847627
441.848116
441.919099
441.919618
441.848119
441.993582
441.993565
441.881130
441.847100
441.881795
441.881820
441.848856
441.883182
441.849134
441.955162
442.104727
441.884786
441.991823
441.921207
441.887269
441.917832
441.917306
441.918003
441.883292
441.917984
441.850006
441.883498
441.882971
441.917197
441.917179
441.953936
441.951796
441.989494
441.885571
441.991849
441.887283
441.917801
441.917281
441.883265
441.921902
441.849985
441.953375
441.915130
441.988926
441.988144
441.916418
441.914614
441.881895
441.848961
441.849745
441.881089
441.951796
441.952325
441.917803
441.887572
441.815675
441.816455
441.849615
441.881830
441.883910
441.918717
441.919279
441.950956
441.952262
441.777182
441.813307
441.811732
441.924927
441.811236
441.811743
441.778733
441.813303
441.918806
441.918806
441.777201
441.778196
441.777707
441.851508
441.774407
441.778237
441.811455
441.850239
441.848834
441.930753
441.776107
441.776805
441.776312
441.960114
441.886890
441.888508
441.956874
441.952470
441.921227
441.919820
441.919327
441.953258
441.918819
441.884778
441.883989
441.883183
441.884758
441.886419
441.883675
441.921993
441.960723
441.994072
441.885712
441.955527
441.990400
441.952470
441.954753
441.953361
441.953329
441.953258
441.953840
441.952539
441.952360
441.918319
441.920512
441.917529
441.916723
441.918817
441.955132
441.920123
441.918938
441.919010
441.917506
441.953043
441.918012
441.920721
441.918299
441.953020
441.919960
441.917215
441.992816
441.992865
441.957655
441.956716
441.958189
441.921676
441.955242
442.033764
441.957374
441.958747
442.029588
442.029581
441.957665
441.956730
442.033228
441.958671
441.958570
441.922162
441.989342
441.989570
441.954080
442.024322
441.954592
441.952794
441.989225
441.989338
441.989566
441.953284
442.024304
441.953284
441.951982
441.953314
441.920647
441.848334
441.847550
441.848154
441.955529
441.881875
441.882679
441.957126
441.884504
441.884492
441.846172
441.885582
441.848062
441.848058
441.953605
442.030225
441.953876
441.953866
441.993801
441.918607
441.847634
441.848114
441.883645
441.882383
441.848894
441.959781
441.885859
441.849613
441.848049
441.848356
441.884285
441.885046
441.956486
441.918996
442.029157
441.918349
441.918846
441.883995
441.918350
441.920600
441.919318
441.881671
441.918311
441.848634
441.847554
441.882076
441.882374
441.848634
441.886063
441.885344
441.955997
441.846771
441.918233
441.917470
441.845493
441.918245
441.917482
441.845988
441.917438
441.916679
441.844874
441.952332
441.953142
441.882403
441.953677
441.883110
441.882324
441.882149
441.920117
441.919136
441.848347
441.847083
441.880852
441.881652
441.883989
441.883996
441.883812
441.847260
441.847260
441.809826
441.990290
441.882042
441.881844
441.881553
441.957262
442.030723
442.029056
442.029052
441.887357
441.919350
441.919354
441.991963
441.955683
441.919888
441.956079
441.920455
441.953034
441.920736
441.918806
441.953345
441.953542
441.918947
441.918515
441.886883
441.884951
441.847590
441.813077
441.881834
441.846564
441.845773
441.883389
441.849456
441.849176
441.847899
441.879013
441.845005
441.847605
441.846311
441.811813
441.880554
441.880518
441.843369
441.919644
441.955949
441.848710
441.846314
441.848416
441.918399
441.956261
441.847365
441.849008
441.847106
441.848715
441.847355
441.880823
441.847724
441.847091
441.847913
441.880823
441.847635
441.849781
441.849501
441.848195
441.848398
441.881320
441.881316
441.881305
441.846803
441.812294
441.880239
441.879830
441.847124
441.881372
441.882707
441.845997
441.847313
441.845703
441.811194
441.954157
441.880525
441.880855
441.847047
441.882065
441.919401
441.883764
441.916457
441.882402
441.880816
441.992777
441.885252
441.921652
441.920702
441.955518
441.989497
442.026048
441.919093
441.920766
441.956398
441.919977
441.953854
441.953322
442.026571
441.919607
441.991044
441.917521
441.919591
441.918832
441.920119
441.951002
441.915970
442.024724
441.950194
441.915182
441.919311
441.920043
441.918300
441.953841
441.954151
441.918323
441.954942
441.990464
441.990941
441.990450
441.988938
441.989468
441.955521
441.953119
441.953652
441.919105
441.954609
441.955127
441.953335
441.954760
441.920512
441.916723
441.917526
441.847793
441.846203
441.881895
441.847078
441.847597
442.068791
441.846210
441.846998
441.847288
441.918290
441.847311
441.847800
441.848104
441.847583
441.882391
441.881114
441.882377
441.919709
441.884075
441.881118
441.881109
441.916457
441.882412
441.957001
441.880321
441.919419
441.883781
441.880015
441.882895
442.066990
441.994175
441.992889
441.881836
441.952071
442.030191
441.953673
441.914837
441.881345
441.881802
441.916642
441.916163
441.954398
441.879785
441.880300
441.916163
441.953678
441.916670
441.879494
441.954454
441.952563
442.030217
441.920932
441.920448
441.919639
441.919655
441.882346
441.956598
441.882190
441.881403
441.847034
441.881888
441.882661
441.920412
441.921400
441.848292
441.847662
441.848147
442.030952
441.955156
442.030991
441.920409
441.919925
441.882099
441.992496
441.992995
441.919390
441.919875
441.955621
441.848089
441.848580
441.849662
441.919860
441.919558
441.954857
441.881777
441.956290
441.957320
441.885775
441.957665
441.958978
441.884285
441.885071
441.848567
441.847795
441.885855
441.887127
441.885842
441.886328
441.848037
441.848057
441.885341
441.882881
441.920694
441.880292
441.882415
441.882105
441.882418
441.916936
441.920169
441.919396
441.918096
441.886897
441.886882
441.887199
441.886411
441.882423
441.847905
441.848397
441.885073
441.879338
441.879813
441.879302
441.951782
441.881097
441.879001
441.879811
441.879780
441.880580
441.880319
441.879011
441.879310
441.880594
441.878523
441.879319
441.951785
441.958092
441.957288
441.957302
441.882376
441.881891
441.956310
441.957607
441.846491
441.848042
441.810116
441.812281
441.883811
441.957316
441.956314
441.882380
441.881420
441.955839
441.882206
441.951498
441.880006
441.846306
441.917048
441.880340
441.920917
441.958701
442.034275
441.955814
441.955600
441.992835
441.957789
441.888698
441.922540
441.956744
441.959186
441.956082
441.958178
441.922556
441.957912
441.847215
441.848305
441.957516
441.958794
441.957810
441.994989
441.921800
441.922568
441.922292
441.960683
441.921218
441.921225
441.959331
441.886141
441.883735
441.849986
441.957455
441.992495
441.921835
441.956885
441.920728
441.952212
441.953294
441.951988
441.917756
441.917553
441.989473
441.953012
441.914874
441.881645
441.993120
441.919088
441.883999
441.992938
441.884272
441.952289
441.918283
442.029619
442.029619
441.956783
441.988656
441.882132
441.884193
441.882120
441.882917
441.882899
441.955419
441.955409
441.949956
441.954155
441.916459
441.915671
441.917720
441.916465
441.916442
441.988950
441.949131
441.988960
442.000526
441.922502
441.960557
441.924445
442.069714
441.992158
441.992222
441.994144
441.957657
441.957194
442.033719
442.028950
442.145766
442.028933
441.958212
441.958582
441.955748
442.034274
442.070201
441.994630
441.957672
441.957222
442.029439
442.029421
441.958697
441.959082
441.992172
441.992708
441.919659
442.029250
442.031001
441.883400
441.919683
441.920965
441.919391
441.989487
441.955044
441.955243
441.989486
441.955048
441.955246
441.953598
441.953602
441.957742
441.958798
441.958499
441.956879
441.887194
441.955500
441.885625
441.959660
441.923023
441.886641
441.920744
441.920449
441.954409
441.886198
441.956280
441.958696
442.034277
441.959185
441.995167
441.994353
441.846226
441.959343
441.960458
441.774585
441.775379
441.845741
441.846754
441.846269
441.918568
441.879987
441.844665
441.846230
441.844952
441.845750
441.954291
441.848586
441.845982
441.848900
441.880295
441.879810
441.879518
441.879280
441.879849
441.880560
441.879283
441.881579
441.884245
441.883952
441.884243
441.879463
441.878501
441.880257
441.882143
441.882636
441.881343
441.849990
441.883740
441.847091
441.881103
441.883669
441.883482
441.882915
441.916903
441.918246
441.884746
441.917343
441.881310
441.916854
441.915333
441.882718
441.848388
441.917368
441.848683
441.882216
441.881315
441.881321
441.883711
441.884273
441.922893
441.915911
441.881127
441.882407
442.025328
441.881925
441.810507
441.810326
441.810316
441.920950
441.925083
442.078673
442.078676
442.078673
442.078673
441.882645
441.883427
441.847826
441.847480
441.848586
441.847009
441.994663
441.994654
441.957476
441.993368
441.886721
441.813253
441.811662
441.921457
441.887046
441.961510
441.851341
441.922190
441.956494
441.883867
441.955671
441.990174
441.918827
441.953076
441.920599
441.957831
441.919811
441.991211
441.956887
441.994739
441.955281
441.920122
441.886419
441.922043
441.956773
441.885546
441.918814
441.920598
441.956956
441.959974
441.883980
441.884773
441.920819
441.885670
441.920369
441.960490
441.997723
441.998004
442.036226
441.960571
442.036216
441.994350
441.998315
442.076970
441.955215
441.955215
441.954839
442.028599
442.027459
442.027473
441.991289
441.990766
441.955011
441.920288
441.920572
441.884056
441.885039
441.958050
441.957526
441.991263
441.954979
441.885035
442.029803
441.955661
441.955940
441.919827
441.992997
441.919809
441.994654
441.918985
441.920546
441.956888
441.956878
441.990068
442.031103
441.920793
441.993886
441.991359
442.063930
441.956428
441.992002
442.104289
441.993427
441.885986
442.027682
442.031221
442.030015
442.032070
442.146793
441.956427
441.920235
441.990068
441.920793
441.921972
441.957375
442.028961
442.027805
441.957048
441.957844
441.992078
442.029977
442.063253
442.031213
441.996853
441.955819
441.991573
441.954026
441.990879
441.952744
441.951510
441.953529
441.954587
441.953909
441.988309
441.989496
441.917242
441.918235
441.989503
441.918221
441.919480
441.918376
441.952488
441.916674
441.994271
441.954317
441.921882
441.955632
441.958619
441.991022
442.066445
441.956536
441.990798
441.920412
441.990205
441.954326
441.955135
442.066219
441.955757
441.991647
442.028583
441.918788
441.917505
441.954684
441.918608
441.919610
441.918315
441.920059
441.958132
441.922594
441.954960
441.922773
441.886027
441.987424
441.953393
441.953695
441.987656
441.951159
441.953888
441.955307
441.953652
441.955332
441.954465
441.953296
441.918767
441.919268
441.986011
441.989690
441.953530
441.955332
441.952316
441.952493
441.952497
441.991368
441.990294
441.955525
441.918294
441.987998
441.917656
441.955499
441.953348
441.953429
441.954414
441.954475
441.952851
441.955510
441.952297
441.953903
441.991892
441.918280
441.952621
441.954729
441.918489
441.884746
441.885236
441.955829
441.954743
441.956849
441.958436
441.956669
441.992786
442.027719
441.919898
441.990334
442.032646
441.918312
441.952245
441.954541
441.919111
441.991264
441.992558
441.994204
441.883784
442.069028
442.068164
442.106105
442.069663
441.883652
441.884722
441.991855
441.921970
441.955720
441.885304
441.993435
442.029163
442.145073
441.956450
441.919332
441.955742
441.917551
441.955195
441.918531
441.921690
442.030490
441.917721
441.920540
441.955176
441.918559
441.917039
441.956665
441.919610
441.920710
441.956163
441.919620
441.954213
441.883475
441.995739
441.955513
441.884321
441.993199
441.955700
442.063921
442.105467
441.955823
441.884316
441.997350
441.955793
441.883799
442.066625
442.102214
441.992159
441.992163
441.993371
441.955902
441.921026
441.956097
441.885371
441.998389
441.956382
441.957202
441.886471
441.999498
441.884531
441.993401
441.955916
442.064137
442.106452
441.956383
441.956097
441.885381
441.998407
441.921049
442.027480
441.955482
441.956807
442.068490
441.954062
441.954824
441.954667
441.954219
441.955529
441.956383
441.989207
441.957360
442.024313
441.990827
442.029950
441.923869
441.959247
441.922817
441.997547
441.961544
441.996938
442.033251
441.956562
441.956244
442.028103
441.992563
441.995813
441.960226
441.995079
442.033041
442.031771
441.957227
442.028147
441.995820
442.033674
441.918872
441.991160
441.915330
441.915622
441.917200
442.033475
441.918672
442.028555
441.953911
441.951986
441.953712
441.989583
441.952966
441.951487
441.950990
441.951193
441.953252
441.952353
441.918727
441.918542
441.917698
441.917459
441.951700
441.919032
441.919308
441.917211
441.916953
442.139890
441.989462
441.989466
441.918295
442.032332
441.952585
441.917545
441.917022
441.954205
442.031641
441.917327
441.916722
441.917475
441.918119
441.919121
441.917839
441.919014
442.024713
441.918318
441.988974
441.916630
441.916908
441.918474
442.030665
441.991744
441.992023
442.029931
441.917676
441.955584
441.955119
441.990800
441.956933
441.956151
441.884165
441.884461
441.952001
441.919628
442.027626
441.992499
441.920085
441.954160
441.992792
441.951964
441.988090
441.954087
441.990662
441.952466
441.952206
441.953475
441.991166
441.919468
441.991194
441.951973
441.951222
441.955627
442.025254
441.956111
441.990510
441.954834
441.919278
441.989921
441.952515
441.989921
441.989936
441.956168
442.029038
441.954634
441.988668
441.919618
441.922090
442.035211
441.954460
441.922282
441.884999
441.991168
441.917951
441.884318
441.955427
441.918535
441.917998
441.917666
441.995856
441.920584
441.920870
441.919809
441.958059
441.957277
441.992611
441.956692
441.957496
442.065731
441.955546
441.955572
442.031607
441.993317
442.027532
441.885709
441.991382
441.991386
441.920731
441.885990
441.956073
441.887098
441.993544
441.954902
441.954897
441.956091
441.885993
441.920744
442.067718
441.992259
441.922501
441.922809
441.919876
442.026252
441.955721
441.955546
441.989167
441.993365
441.989884
441.988300
441.954394
441.988409
441.988650
441.989122
442.027797
442.025751
441.956827
441.953334
441.954674
441.954105
441.988879
441.954879
441.956535
442.027627
442.027142
441.954268
441.888052
441.888343
441.919867
441.920157
442.026534
441.919253
441.917997
441.918025
441.918476
441.885406
441.918566
441.918860
441.916666
441.916995
441.916457
441.916718
441.916372
441.953104
441.921258
441.921066
441.918274
441.918015
441.954948
441.882932
441.882120
441.884208
441.882438
441.955409
441.882147
441.916147
441.988940
441.916920
441.916941
441.917721
441.989421
441.916456
441.953607
441.953105
441.953839
441.951490
441.951509
441.986805
441.951783
442.026092
441.954386
441.951523
441.919568
441.953889
441.989533
441.951954
441.953237
441.952740
441.952532
441.954358
441.991719
441.951980
441.989617
441.954591
441.956907
441.990668
442.027147
441.989929
441.918767
441.952015
441.951488
441.989154
441.991448
441.955913
442.027621
441.957546
441.958835
441.955768
441.955768
441.918600
441.918811
441.920136
441.918626
441.918626
441.993382
441.956077
441.918534
441.882952
441.849229
441.955562
441.883509
441.916500
441.992541
441.915718
441.880731
441.953176
441.917445
441.915843
441.917169
441.880290
441.880012
441.952907
441.847321
441.917220
441.881845
441.880555
441.881633
441.915640
441.880507
441.879743
441.847380
441.847892
441.879289
441.845835
441.879283
441.952578
441.952565
441.845976
441.810904
441.846563
441.846567
441.881586
441.880800
441.919068
441.847052
441.881873
441.953887
441.917677
441.881599
441.880510
441.883070
441.918197
441.917674
441.918819
441.847068
441.918303
441.917801
441.953167
441.846769
441.845174
441.847256
442.106310
441.846468
441.882038
441.883307
441.917793
441.993851
441.917015
441.953884
441.846491
441.845995
441.845178
441.953073
441.846464
441.953221
441.917022
441.917525
441.953189
441.954367
441.847761
441.883029
441.994346
441.846271
441.847055
441.846263
441.846293
441.847560
441.881860
441.952540
441.847060
441.880581
441.845794
441.845464
441.845976
441.845160
441.952263
441.845160
441.953385
441.846760
441.845467
441.845754
441.845471
441.993051
441.879799
441.881836
441.846290
441.953150
441.879519
441.879507
441.880246
441.953075
441.849194
441.918781
441.847113
441.848413
441.882907
441.882391
441.917491
441.881017
441.881291
441.881135
441.915356
441.882109
441.916613
441.916399
441.847104
441.880594
441.879510
441.916435
441.915112
441.918732
441.917149
441.918575
441.917783
441.950678
441.814681
441.917581
441.995391
441.916770
441.883470
441.847383
441.919916
441.882109
441.882372
441.883149
441.846299
441.918332
441.881083
441.845443
441.846258
441.882655
441.957105
441.881872
441.885567
441.846488
441.847566
441.813577
441.919351
441.883179
441.847834
441.882655
441.883367
441.920388
441.881088
441.848398
441.883219
441.884225
441.959155
441.883425
441.814638
441.846013
441.885297
441.882864
441.954339
441.847887
441.957865
441.958171
441.959460
441.885062
441.812786
441.956410
441.849437
441.882686
441.919879
441.846805
441.886063
441.849694
441.882961
441.920115
441.922199
441.884752
442.106470
441.953348
441.916994
441.917014
441.953356
441.916202
441.916222
441.883885
441.882111
441.882616
441.881800
441.881012
441.776877
441.848420
441.847624
441.812547
441.848049
441.811202
441.812540
441.882457
441.881661
441.922788
441.880819
441.881617
441.881655
441.811760
441.845777
441.848075
441.847634
441.847804
441.881294
441.844437
441.812743
441.919098
441.845972
441.954067
441.811958
441.918305
441.845186
441.882817
441.881182
441.880376
441.956261
441.919295
441.954975
441.918827
441.917853
441.915625
441.917394
441.987939
441.916416
441.916120
442.100271
441.917672
441.882690
441.990271
441.914581
442.023706
441.916880
441.915855
441.916905
441.990286
441.915623
441.914577
441.987934
441.990781
441.916121
441.883982
441.881902
441.849470
442.029388
441.915933
441.881903
441.955157
441.882688
441.883472
441.883013
441.952575
441.844926
441.881864
441.880308
441.951768
441.881932
441.916473
441.991869
441.881937
441.917783
441.916487
441.917794
441.919336
441.810890
441.958451
441.847838
441.954828
441.846271
441.953267
441.992340
441.882144
441.882145
441.915944
442.025886
441.915939
441.951790
441.951814
441.917458
441.880887
441.952631
441.914108
441.917700
441.916410
441.916658
441.882933
441.988413
441.882430
441.882137
441.919813
441.992007
441.953052
441.951788
441.846001
441.992086
441.956323
441.991290
441.917919
441.917929
441.813840
441.919896
441.847079
442.025900
441.916490
441.916972
441.915681
441.812257
441.918288
441.845496
441.812761
441.918796
441.849965
441.847598
441.920926
441.920110
441.883183
441.883689
441.848869
441.849186
441.885608
441.887177
441.957565
441.922825
441.921667
441.958213
441.961507
441.963133
441.955632
441.956965
441.992764
442.027078
441.921228
441.922021
441.956074
441.887358
441.996841
441.996841
441.919400
441.919386
441.957100
441.919414
441.919400
441.954533
441.956652
441.955026
441.955030
441.958251
441.883708
441.888042
441.954761
441.888360
441.917489
441.881621
441.915152
441.919565
441.919880
441.917435
441.917720
441.885423
441.881324
441.992230
441.919623
441.921248
441.953613
442.027144
441.921084
442.026982
441.918298
441.918511
441.958406
441.919624
441.953630
441.955144
441.993119
441.991331
441.919128
441.919128
442.026122
441.917538
441.917538
441.952008
441.953904
441.953823
441.951551
441.920081
441.954898
441.921516
441.921020
441.922012
441.921516
441.880330
441.881093
441.880627
441.918028
441.882134
441.883483
441.881325
441.882107
441.882117
441.883197
441.881094
441.884024
441.884322
441.885417
441.917492
441.885589
441.956328
441.885898
441.884266
441.884356
441.885126
441.884668
441.921815
441.845145
441.920439
441.847101
441.915329
441.917498
441.881813
441.954181
441.882104
441.881049
441.881540
441.845144
441.846286
441.882019
441.845446
441.916694
441.917500
441.994029
441.882324
441.846306
441.882335
441.845446
441.846795
441.921206
441.847865
441.993701
441.991638
441.916698
441.917505
441.844351
441.845789
441.879032
441.917191
441.880186
441.882333
441.844653
441.884309
441.917962
441.921013
441.958232
441.921198
441.920702
441.882738
441.916364
441.883838
441.884150
441.884134
441.957075
441.920217
441.920713
441.955838
441.920201
441.956646
441.958627
441.959109
441.991796
441.916932
441.919040
441.919331
442.025233
441.916651
441.916981
441.917185
441.951811
441.886289
441.953023
441.953023
441.919866
441.920157
442.026534
441.918479
441.918771
441.918025
441.917707
441.956151
441.992643
441.884255
441.881940
441.915462
441.919866
441.920184
442.025252
441.952752
441.917743
441.953120
441.918276
441.952490
441.880299
441.913825
441.916721
441.917035
441.915308
441.914890
441.915027
441.883714
441.921677
441.921995
442.026582
442.023746
441.919639
441.917115
441.954385
441.953914
441.917235
441.987922
441.915895
441.949981
441.952653
441.915129
441.954112
441.989571
441.953375
441.922073
441.917244
441.922378
441.917417
441.881897
441.916644
441.882423
441.920386
441.920689
441.918826
441.950170
441.947842
441.951474
441.918881
441.918034
441.919831
441.915644
441.915945
441.920226
441.993165
441.919127
441.991746
441.992680
441.881593
441.952851
441.916643
441.919888
441.917470
441.917677
441.917185
441.846580
441.847865
441.919040
441.845806
441.918565
441.846096
441.845781
441.846589
441.879802
441.880308
441.845778
441.845785
441.847059
441.918235
441.917763
441.845295
441.843699
441.845788
441.879791
441.880283
441.844977
441.882439
441.882416
441.881957
441.882430
441.849385
441.916460
441.916453
441.915978
441.916467
441.846752
441.952976
441.844369
441.845805
441.879821
441.843354
441.844374
441.953765
441.845946
441.847371
441.845960
441.846748
441.917989
441.953551
441.918753
441.988159
441.988950
441.844664
441.952230
441.845975
441.878981
441.844678
441.848591
441.989440
441.845945
441.917455
441.844450
441.918219
441.845940
441.845967
441.844649
441.951251
441.844663
441.990218
441.916660
441.845151
441.847245
441.917915
441.844933
441.845158
441.879797
441.916991
441.845492
441.847585
441.918246
441.880584
441.879786
441.845485
441.879800
441.917484
441.845477
441.848074
441.845469
441.918248
441.845463
441.847302
441.879812
441.879779
441.845973
441.846300
441.845167
441.916680
441.878970
441.878980
441.917444
441.848868
441.847109
441.920155
441.846798
441.847084
441.847870
441.847086
441.845961
441.846257
441.845757
441.812549
441.812746
441.813512
441.844942
441.849720
441.959767
441.813836
441.814610
441.848763
441.919170
441.849224
441.885563
441.887114
441.919662
441.918867
441.886643
441.849720
441.849644
441.885055
441.846967
441.919664
441.849238
441.849709
441.849734
441.959267
441.847624
441.813827
441.885059
441.847070
441.848883
441.847789
441.846506
441.886639
441.920187
441.918392
441.885880
441.849744
441.885561
441.886037
441.848876
441.887151
441.887135
441.849663
441.848875
441.885875
441.848854
441.958476
441.886632
441.956230
441.885043
441.955416
441.994506
442.028888
441.956255
441.956252
441.847275
441.848067
441.848873
441.846486
441.847292
441.954876
441.883158
441.883962
441.956003
441.916154
441.883389
441.882138
441.920122
441.918228
441.883688
441.992350
441.916148
442.023445
441.951500
441.882897
441.951997
441.917405
441.918133
441.917650
441.916428
442.023904
441.953892
441.954360
441.987290
441.987322
441.881136
441.953130
441.916865
441.917166
441.917418
441.882337
441.882650
441.916128
441.883146
441.918792
441.918312
442.026367
441.916143
441.990324
441.915638
441.916935
441.915644
441.990792
441.988430
441.951151
441.916128
441.988448
441.916138
441.990753
441.954350
441.955890
441.953283
441.919295
441.918059
441.921125
441.994228
441.957528
441.882593
441.884181
441.918693
441.919895
441.955759
441.954382
441.881093
441.919109
441.920381
441.920381
441.956532
441.957035
441.918306
441.919588
441.957184
441.957184
441.847120
441.924421
441.925227
441.922261
441.923552
441.958459
441.959265
441.849166
441.952824
441.952838
441.883111
441.881531
441.953599
441.954405
441.992229
441.882487
441.883942
441.918825
441.919605
441.884136
441.883385
441.884735
441.919607
441.921179
441.993281
441.885034
441.884042
441.995089
441.993782
442.029292
442.030930
441.993795
441.919083
441.957270
441.918484
441.920054
441.955558
442.067037
441.885033
441.994561
441.954929
441.850437
441.884945
441.918736
441.883665
441.954152
441.848079
441.882105
441.918451
441.918449
441.993011
441.883779
441.884056
441.993507
441.885048
441.847788
441.954392
441.814056
441.921152
441.995086
441.883753
441.884054
441.814337
441.814549
441.886590
441.848600
442.029636
442.028365
441.990777
441.919335
441.847082
441.880321
441.918285
441.953131
441.987119
441.882948
441.848897
441.883215
441.955450
441.954951
441.954964
441.885549
441.884288
441.883247
441.918789
441.917532
441.847074
441.956017
441.991624
441.882921
441.916142
441.881147
441.954654
441.883192
441.954185
441.956638
441.991434
441.813835
441.883943
441.882382
441.919890
441.955408
441.920671
441.954984
441.991556
441.918846
441.881615
441.988084
441.919052
441.883126
441.954636
441.955137
441.954149
441.917491
441.919027
441.918810
441.919010
441.920657
441.956274
441.884240
441.918259
441.884802
441.846055
441.958077
441.992901
441.952614
441.915952
441.917463
441.918872
441.916968
441.989681
441.917460
441.989704
441.919157
441.882720
441.879611
441.883123
441.883673
441.955142
441.957435
441.992728
441.848383
441.953622
441.918993
441.918227
441.918508
441.916953
441.920145
441.955249
441.957709
441.992519
441.882438
441.953083
441.954984
442.029655
441.953093
441.917821
441.812469
441.885296
441.885793
441.885793
441.918541
441.883747
441.883737
441.882447
441.991699
441.881631
441.848371
441.957282
441.883244
441.879776
441.953886
441.880582
441.881851
441.953979
441.882362
441.881102
441.955783
442.030461
441.955647
441.919892
441.954378
441.918637
441.847098
441.847098
441.849235
441.848448
441.847306
441.847306
441.882972
441.882185
441.848118
441.847296
441.922208
441.922221
441.919371
441.919352
441.846004
441.847293
441.847109
441.847579
441.846010
441.846808
441.958279
441.957805
441.881574
441.919557
441.880316
441.880287
441.914631
441.880300
441.918297
441.915403
441.916471
441.881594
441.884579
441.882413
441.885330
441.920978
441.993086
441.993082
441.990792
441.992355
441.990802
441.992368
441.953647
441.990012
441.989533
441.989996
441.989514
441.847559
441.847084
441.848372
441.846598
441.846753
441.882367
441.882333
441.919123
441.885360
441.882330
441.918832
441.884908
441.919629
441.851829
441.851064
442.067795
441.918900
441.918900
441.993159
442.033575
441.956077
441.918191
441.918481
441.956079
441.918487
441.919288
441.919321
441.920981
441.920457
441.952859
441.988638
441.882387
441.882643
441.882615
441.917461
441.917193
441.917183
441.920296
441.917682
441.989346
442.030529
441.952543
441.915894
441.952359
441.917549
441.883821
441.953655
441.997302
441.998429
441.885137
441.990171
441.958934
441.954949
441.883399
441.989119
441.882721
441.953342
441.882632
441.882634
441.917452
441.917670
441.917678
441.919459
441.920290
441.885654
441.920074
441.955311
441.920957
441.995472
441.955698
441.956206
442.030233
441.993688
441.996088
442.030936
442.031765
441.997483
441.918890
441.918890
441.989359
441.916390
441.916856
441.952537
441.952845
441.917545
441.883818
441.954147
441.954907
441.992989
442.072748
441.955306
441.918810
441.920973
441.994667
441.952870
441.955605
441.918007
441.919960
441.919286
441.919601
441.920494
441.918002
441.990340
441.919602
441.952341
441.957202
441.992383
441.994784
441.921071
441.917993
441.957074
441.920138
441.954622
441.919836
441.989953
441.996693
441.886889
441.812228
441.812292
441.812223
441.811416
441.812762
441.885818
441.809525
441.846675
441.811197
441.812472
441.845161
441.847666
441.811192
441.811990
441.886133
441.849956
441.849180
441.955993
441.849773
441.848987
441.955801
441.847858
441.847563
442.029305
441.954183
441.850757
441.850283
441.955521
441.917422
441.919593
441.851057
441.850573
441.955811
441.919784
441.847556
441.917407
441.883381
441.955151
441.915356
441.846777
441.880785
441.882103
441.954353
441.880489
441.881201
441.848910
441.848440
441.953651
441.879765
441.847872
441.847879
442.028040
441.881930
441.881737
441.846788
441.883044
441.883333
441.915669
441.847114
441.914880
441.848438
441.883474
441.847655
441.882687
441.880815
441.881132
441.883609
441.882385
441.918746
441.919080
441.956443
441.847353
441.848401
441.846830
441.916380
441.915308
441.847092
441.847578
441.953103
441.916699
441.847598
441.848070
441.953595
441.953256
441.915108
441.881066
441.918530
441.915609
441.954064
441.882377
441.919339
441.917925
441.917136
441.880324
441.880816
441.880640
441.881146
441.954419
441.952662
441.914934
441.954395
441.954405
441.883223
441.953665
441.915330
441.915839
441.882479
441.956239
441.956551
441.994401
441.956253
441.954482
441.955399
441.989391
441.954623
441.916999
441.918334
441.917443
441.916660
441.917422
441.918534
441.917598
441.919418
441.882636
441.953325
441.919618
441.954104
441.879790
441.954104
441.879795
441.917198
441.915891
441.954588
441.953815
441.879001
441.954490
441.955967
441.954667
441.916493
441.917838
441.917408
441.916143
441.917401
441.915639
441.918024
441.954574
441.953279
441.881007
441.844637
441.917482
441.917987
441.917491
442.027580
441.990862
442.025133
441.920951
441.920957
441.994585
441.883835
441.882591
441.881830
441.881367
441.882103
441.882896
441.954387
441.884016
441.953697
441.954824
441.955810
441.955594
441.955413
441.989706
441.918572
441.920704
441.953849
441.920904
441.957475
441.918931
441.919613
441.883504
441.883307
441.884305
441.884591
441.882445
441.917177
441.917996
441.920067
441.919769
441.954602
441.955884
441.955392
441.919065
441.919087
441.921351
441.955969
441.951704
441.920280
441.989692
441.955216
441.954314
441.989119
441.989624
441.956971
441.921073
441.991894
441.955129
441.920874
441.886064
441.919297
441.919810
441.953053
441.954110
441.953306
441.955091
441.954613
441.954088
441.953812
441.918977
441.919756
441.918777
441.919776
441.920071
441.915122
441.952774
441.881900
441.918045
441.917438
441.916639
441.915922
441.953576
441.882700
441.918848
441.917435
441.953979
441.881685
441.993126
441.955826
441.916649
441.916105
441.914837
441.880592
441.953079
441.881375
441.952300
441.882802
441.955012
441.918824
441.882887
441.955142
441.882409
441.953847
441.913825
441.914617
441.916050
441.916139
441.915651
441.916416
441.915666
441.914336
441.916142
441.916266
441.882370
441.880812
441.882362
441.881612
441.917164
441.917173
441.883019
441.955214
441.916435
441.916672
441.917480
441.916994
441.952989
441.954564
441.917486
441.918473
441.956015
441.993793
441.884591
441.955822
441.882871
441.955137
441.879692
441.882112
441.954349
441.917253
441.918612
441.916911
441.917700
441.916142
441.916441
441.917704
441.915146
441.918336
441.882867
441.880834
441.882389
441.882384
441.954697
441.884312
441.955529
441.920100
441.918783
441.919786
441.954915
441.991748
441.954334
441.882486
441.917522
441.953835
441.989967
441.952009
441.952047
442.025271
441.988131
441.917502
441.952534
441.990413
441.989633
441.990527
441.954908
441.955150
441.917022
441.919151
441.989427
441.950964
441.953301
441.952501
441.954670
441.917713
441.990261
441.919332
441.991578
441.990787
441.917509
441.954921
442.025532
441.849721
441.916440
441.955228
441.884758
441.919408
441.990251
441.884744
441.990250
441.955513
441.954605
441.921357
441.991297
441.992568
441.920604
441.952542
441.919540
441.991795
442.028081
441.917867
441.950957
441.917699
441.989414
441.954657
441.990230
441.918531
442.064156
441.880594
441.917724
441.917949
441.918462
441.914798
441.951481
441.916951
441.951764
441.917192
441.951204
441.917531
441.914615
441.885599
441.919868
441.919636
441.883699
441.953904
441.954124
441.882940
441.848427
441.918288
441.882121
441.918506
441.882891
441.917726
441.917184
441.954542
441.917718
441.918214
442.026387
441.916938
441.989275
441.955208
441.917430
441.916637
441.989470
441.849176
441.988870
441.988900
441.884012
441.918535
441.954134
441.917245
441.990176
441.918347
441.953602
441.916644
441.882399
441.917451
441.952605
441.883443
441.917481
441.952778
441.916963
441.917688
441.955442
441.917988
441.990459
441.883441
441.918273
441.917185
441.953655
441.995395
441.953183
441.955829
441.955535
441.954542
441.954731
441.919779
441.954035
441.919002
441.955135
441.989783
441.989757
441.955113
441.921844
441.958148
441.957370
441.886998
441.922527
442.035309
441.956021
441.921221
441.956067
442.029226
442.028770
441.920033
441.920189
441.991336
442.065713
441.879284
441.879273
441.879772
441.880598
441.880592
441.952553
441.913906
441.880419
441.881377
441.952072
441.880575
441.879809
441.913627
441.954327
441.882638
441.953833
442.025066
441.881852
441.953032
441.953056
441.880598
441.881066
441.880280
442.025560
442.025085
441.952568
441.879003
441.881860
441.953044
441.880575
441.880090
441.879786
441.881080
441.952254
441.952249
441.879482
441.917781
441.917300
441.918303
441.881590
441.881578
441.917807
441.881897
441.881899
441.881904
441.883703
441.885639
441.884199
441.882904
441.921301
441.883437
441.881862
442.027779
441.993070
441.883397
441.954397
441.882623
441.882619
441.990164
441.883384
441.953901
441.882620
441.882111
441.988884
441.916436
441.882901
441.882911
441.882147
441.884195
441.881862
441.883423
441.920492
441.884060
441.883432
441.882386
441.882688
441.883461
441.919718
441.953570
441.952807
441.952325
441.993553
441.952318
441.953566
442.027780
441.952799
441.921122
441.884844
441.992141
441.992135
441.884834
441.992150
441.992146
441.957444
441.957473
442.027149
441.992070
441.992362
441.851017
441.850165
441.852102
441.850671
441.849376
441.887763
441.886665
441.851342
441.923695
441.886550
441.922933
441.848510
441.917415
441.882602
441.916927
441.882124
441.883318
441.881589
441.883996
441.882750
441.918181
441.916893
441.916711
441.883428
441.846980
441.848068
441.918956
441.917680
441.916981
441.917708
441.882164
441.849188
441.953487
441.959524
441.917715
441.920119
441.917983
441.919829
441.916971
442.025218
441.952843
441.918318
441.952331
441.990809
441.886273
441.884144
441.991292
441.955564
441.886755
441.920643
441.918511
441.920356
442.026519
441.956968
441.993959
441.885045
441.922350
442.026950
441.947811
441.951474
441.918871
441.950160
441.918497
441.920212
441.917200
441.919629
442.023740
441.989903
441.989421
441.918216
441.916138
441.916631
441.916917
441.955891
441.955410
441.953354
441.954092
441.989557
441.922059
442.027126
441.920628
441.920342
442.026519
441.993147
441.992648
441.919331
441.950930
441.916908
441.919031
441.917456
441.916918
442.025222
441.883153
441.883152
441.883955
441.882952
441.921170
441.811652
441.813218
441.919496
441.810073
441.917921
441.814420
441.848685
441.813334
441.848084
441.921180
441.813637
441.849159
441.814397
441.812826
441.846297
441.881564
441.847087
441.844968
441.844973
441.847382
441.880788
441.844978
441.846556
441.918572
441.880531
441.846624
441.882672
441.881327
441.847403
441.849188
441.847093
441.848884
441.954292
441.845768
441.845769
441.847395
441.849212
441.846314
441.848908
441.954306
441.880160
441.881400
441.880618
441.881380
441.879287
441.880069
441.879830
441.881876
441.880602
441.880104
441.879598
441.878796
441.881885
441.847052
441.847062
441.880302
441.845284
441.847344
441.846060
441.918862
441.950149
441.951474
441.918075
441.845481
441.843905
441.844946
441.879478
441.844648
441.845008
441.845174
441.844675
441.843060
441.844689
441.844372
441.844658
441.844663
441.879488
441.879980
441.879801
441.878006
441.879799
441.880281
441.879218
441.879799
441.879228
441.879780
441.880262
441.879478
441.845790
441.845761
441.845982
441.846473
441.847269
441.879028
441.879981
441.913298
441.878676
441.914585
441.878989
441.880762
441.845193
442.032685
441.954987
441.994260
442.029937
441.990347
441.954125
441.955710
441.921856
441.920716
441.955325
441.997627
442.025147
441.954767
441.920698
441.955736
441.957664
441.993297
441.954940
442.067977
441.992469
441.989532
442.029972
441.988702
441.991185
441.954442
441.954466
441.921606
441.958030
441.919995
442.032704
441.956645
441.998151
441.955392
441.997383
441.955885
441.997876
441.992514
442.027432
441.954233
441.919679
441.919678
441.920174
441.992717
441.954201
441.993369
441.992577
441.953389
441.956482
441.999255
441.955917
442.035364
441.992172
441.922061
441.957695
441.921361
441.921090
441.923102
441.958199
441.919800
442.031212
441.955214
441.920903
441.957587
441.955441
442.031256
441.996765
441.987047
441.989732
441.954071
442.023966
441.953880
441.954091
441.954087
441.987599
441.988121
441.916959
441.950979
441.989657
441.990915
441.991201
441.993379
442.028996
441.956412
441.920678
441.953039
441.920867
441.955983
441.953833
441.955690
441.886848
441.920864
441.920863
441.957574
441.956787
441.955179
441.921975
441.956847
441.921979
441.957337
441.957340
441.998787
441.994205
442.036482
441.991359
441.959051
441.959061
442.036468
441.994181
441.955699
441.958254
441.994191
441.959037
441.959051
441.994163
442.036473
442.036469
441.998806
442.035495
441.959625
441.994234
441.994716
441.958225
441.958594
441.957546
442.034482
441.925331
442.279783
441.809430
441.779040
441.812559
441.780309
441.813818
441.814130
441.780611
441.916980
441.916687
441.915931
441.917517
441.920735
441.848101
441.846538
441.881857
441.882643
441.880791
441.847341
441.847009
441.880776
441.878194
441.778510
441.777408
441.815369
441.852007
441.813806
441.814080
441.814858
441.780095
441.781355
441.779771
441.883918
441.882342
441.883145
441.882147
441.810864
441.812440
441.919505
441.810076
441.811652
441.809024
441.844364
441.810924
441.811401
441.811231
441.847019
441.845757
441.811491
441.847783
441.846468
441.846799
441.847122
441.848069
441.848882
441.812014
441.955955
441.888337
442.029940
441.991603
441.886126
441.923316
441.919345
442.029924
441.922068
442.030724
442.029060
441.848405
441.849694
441.955217
441.955984
441.883222
441.882909
441.848717
441.849523
441.850006
441.883211
441.883211
441.956495
441.957272
441.990464
441.887198
441.814356
441.814556
441.815640
441.813025
441.886106
441.813801
441.850453
441.851216
441.851205
441.886614
441.780561
441.958008
441.958519
441.847575
441.778010
441.777401
441.810653
441.778191
441.812227
441.777204
441.811138
441.885764
441.887394
442.030574
441.778021
441.777723
441.810160
441.778503
441.811739
441.883279
441.923034
441.844944
441.776615
441.778180
441.810135
442.031505
441.852962
441.918830
442.026081
441.886692
441.852170
441.886332
441.885417
441.879524
441.879238
441.845218
441.845728
441.845246
441.881079
441.879794
441.880589
441.914079
441.912802
441.879478
441.879297
441.918519
441.918756
441.881866
441.880287
441.881070
441.882994
441.883201
441.882119
441.882149
441.880128
441.880020
441.881333
441.879310
441.879791
441.881230
441.881433
441.880844
441.881322
441.880019
441.880530
441.881886
441.882421
441.879496
441.877892
441.879492
441.912805
441.912802
441.880279
441.880598
441.881343
441.880598
441.881834
441.916210
441.879729
441.881315
441.881074
441.882881
441.883108
441.880613
441.879435
441.880535
441.881619
441.882309
441.881872
441.917965
441.879477
441.878203
441.881294
441.881293
441.917959
441.846289
441.879802
441.845799
441.881316
441.879726
441.881013
441.880261
441.879790
441.881816
441.880113
441.881838
441.880524
441.880510
441.881026
441.879715
441.881316
441.916686
441.881115
441.880829
441.884270
441.881621
441.846558
441.845452
441.845460
441.847289
441.881107
441.881098
441.882405
441.884001
441.847234
441.848824
441.883180
441.884182
441.849185
441.848110
441.886711
441.955981
441.921038
441.886440
441.920778
441.953676
441.953680
441.920162
441.920175
441.988705
442.027536
441.887058
441.883845
441.884059
441.954660
441.883802
441.850082
441.918799
441.918816
441.884234
441.883958
441.918073
441.919036
441.920222
441.919322
441.920326
441.918378
441.918379
441.884864
441.954632
441.884874
441.954651
441.880763
441.881557
441.989425
441.883267
441.883238
441.850520
441.851031
441.845746
441.845723
441.844158
441.844450
441.880772
441.881570
441.846246
441.847020
441.847278
441.848345
441.845458
441.845741
441.917446
441.880859
441.881365
441.881153
441.882153
442.026843
441.882667
441.881360
441.846767
441.846752
441.845187
441.845676
441.880574
441.845158
441.845657
441.880561
441.844149
441.845959
441.845944
441.845795
441.845478
441.845764
441.879766
441.845329
441.845796
441.878287
441.882452
441.882953
441.881656
441.919085
441.847064
441.847847
441.847084
441.848364
441.847279
441.844951
441.844980
441.848059
441.844464
441.847295
441.846257
441.952565
441.847587
441.845808
441.846275
441.848088
441.848397
441.846748
441.847035
441.914602
441.880591
441.881846
441.880573
441.845950
441.846237
441.845780
441.845765
441.845762
441.845312
441.845779
441.918776
441.918768
441.844987
441.844980
441.844209
441.916444
441.881660
441.845307
441.845287
441.917244
441.846071
441.846085
441.810751
441.882921
441.883709
441.845773
441.845762
441.845780
441.844503
441.917238
441.882462
441.883236
441.845762
441.845762
441.845769
441.882944
441.883731
441.810929
441.811158
441.811656
441.811112
441.916626
441.844972
441.811961
441.844986
441.810159
441.918226
441.918226
441.957595
441.845460
441.844154
441.844144
441.879228
441.878408
441.881876
441.917246
441.915987
441.882454
441.883741
441.916174
441.916933
441.917739
441.847551
441.847841
441.955284
441.920139
441.955276
441.918578
441.918358
441.918881
441.918831
441.884845
441.919149
441.884835
441.885644
441.885343
441.886635
441.849703
441.847831
441.849902
441.992608
441.918850
441.882966
441.916945
441.918270
441.950958
441.918067
441.849727
441.918077
441.884357
441.883764
441.919391
441.917769
441.919074
441.882960
441.916978
441.918885
441.917249
441.883602
441.849871
441.880792
441.880796
441.847834
441.847040
441.882201
441.883189
441.883979
441.847046
441.845946
441.882397
441.955139
441.848872
441.880149
441.880122
441.952596
441.880596
441.880103
441.881378
441.879329
441.880116
441.952573
441.879806
441.880609
441.881885
441.988151
441.880882
441.880600
441.880621
441.845008
441.846580
441.847102
441.879564
441.878791
441.880089
441.952074
441.880081
441.880126
441.879309
441.880396
441.881369
441.879309
441.880107
441.952064
441.879302
441.880104
441.881380
441.986858
441.879581
441.880106
441.878837
441.845495
441.953354
441.847085
441.954661
441.846771
441.847599
441.846296
441.845003
441.846594
441.953845
441.847098
441.880083
441.879288
441.881370
441.881088
441.879837
441.881093
441.882363
441.880594
441.880592
441.879824
441.846767
441.846051
441.847622
441.846098
441.953943
441.847184
441.879321
441.917769
441.916528
441.917002
441.848059
441.953074
441.845997
441.845698
441.845488
441.847247
441.953566
441.847612
441.846055
441.846563
441.846865
441.845498
441.847057
441.916528
441.917006
441.917783
441.848059
441.880270
441.880565
441.879462
441.880277
441.880572
441.879770
441.913819
441.953090
441.953586
441.882219
441.882685
441.881426
441.883186
441.882384
441.882700
441.846225
441.846234
441.845460
441.845475
441.847045
441.914849
441.848414
441.954305
441.846323
441.848110
441.918562
441.919380
441.846549
441.846534
441.846248
441.846263
441.880069
441.920131
441.847521
441.847536
441.915170
441.915174
441.847589
441.847556
441.848363
441.846263
441.846265
441.917761
441.881382
441.881361
441.919020
441.881361
441.846768
441.844686
441.844689
441.916177
441.879799
441.879783
441.917436
441.879779
441.843661
441.880576
441.880597
441.880575
441.881382
441.882685
441.952574
441.845816
441.845798
441.847103
441.845810
441.953353
441.879499
441.879983
441.917949
441.845490
441.845473
441.917458
441.844700
441.845003
441.846274
441.881615
441.881619
441.881070
441.881568
441.920314
441.847855
441.847835
441.919820
441.847062
441.847374
441.848635
441.845789
441.845790
441.880845
441.880803
441.880805
441.881589
441.880107
441.846119
441.879806
441.880578
441.880830
441.881589
441.881657
441.879526
441.880815
441.881589
441.880111
441.846124
441.879795
441.880578
441.882111
441.882386
441.845485
441.845484
441.953294
441.880129
441.846123
441.845460
441.845455
441.846252
441.846252
441.952558
441.952550
441.918556
441.844796
441.844800
441.845480
441.845476
441.879302
441.879293
441.845465
441.845465
441.954343
441.955130
441.884528
441.955936
441.883545
441.957445
442.107283
441.958431
441.991160
442.033535
441.993255
441.992991
442.069085
441.957973
441.993880
442.034525
441.958494
441.991086
442.106487
442.026134
441.883710
441.989978
441.954305
441.918271
441.883723
441.920034
441.921184
441.955161
441.956724
441.882133
441.916676
441.882129
441.918449
441.954407
441.955431
441.921519
441.918761
441.957119
441.918827
441.957459
442.107287
441.958449
441.993269
442.183401
442.065207
442.065221
441.993009
441.958002
441.993908
441.958522
441.958012
441.921527
441.886615
441.957430
441.920928
441.921166
441.955715
441.956461
441.956738
441.922029
441.920071
441.957932
441.920918
441.919576
441.991550
441.954876
442.025803
441.954141
441.919594
441.848914
441.956200
441.952804
441.954405
441.955983
441.885309
441.955273
441.919597
441.920697
441.883747
441.990817
441.955694
441.918298
441.883751
441.920063
441.955087
441.918543
441.919315
441.919852
441.918003
441.989484
441.883464
441.919841
441.954649
441.955432
441.848918
441.955402
441.884628
441.954584
441.919160
441.918137
441.918844
441.918282
441.955291
441.919597
441.885413
441.919895
442.034227
441.992183
441.954612
441.918629
441.922191
441.989653
441.993927
441.956219
442.029042
441.988848
441.953664
441.990790
441.956243
441.988691
441.990586
441.884345
441.993148
442.032643
441.956719
441.919860
441.957354
441.993260
441.957875
441.953657
441.990836
441.918892
442.067185
441.990029
441.954407
441.953373
441.989235
441.955113
441.883497
442.031819
441.918481
441.919022
441.885632
441.956439
441.920183
441.917845
441.884349
442.032663
441.919318
441.919864
441.920156
441.920509
441.884796
441.956109
441.951727
441.919915
441.919344
441.919445
441.883191
441.850313
441.884609
441.998623
441.884881
441.920157
442.034497
441.992463
441.883027
441.918071
442.032651
441.918817
441.918319
441.885274
441.885828
441.921479
441.957377
441.884270
441.918320
441.884809
441.955522
441.918017
441.917345
441.883061
442.031356
441.917845
441.918576
441.918847
441.884412
441.919197
442.034028
441.919654
441.918287
441.995408
441.919921
441.844953
441.881034
441.881306
441.844653
441.844849
441.880505
441.844654
441.882410
441.882414
441.847551
441.847813
441.847244
441.813047
441.882652
441.846455
441.881011
441.845773
441.879310
441.881789
441.811155
441.844710
441.848994
441.846557
441.844183
441.850445
441.847092
441.847293
441.846484
441.848375
441.882113
441.881796
441.847885
441.847103
441.846986
441.845386
441.847298
441.845708
441.880290
441.848601
441.882434
441.880863
441.881476
441.845008
441.845000
441.953367
441.953385
441.846573
441.882083
441.917994
441.847328
441.845781
441.881938
441.882444
441.882694
441.883222
442.027123
441.883735
441.882438
441.847051
441.847541
441.847526
441.954613
441.882141
441.846734
441.953837
441.847049
441.846780
441.846060
441.845791
441.879830
441.881948
442.025831
441.882448
441.881161
441.846553
441.846272
441.845810
441.845515
441.847065
441.843666
441.846783
441.845486
441.846297
441.845203
441.849166
441.847903
441.845476
441.846249
441.845461
441.845962
441.953037
441.952265
441.845486
441.845204
441.917712
441.845757
441.883701
441.883715
441.847019
441.884502
441.845448
441.845459
441.883423
441.883437
441.810645
441.811453
441.919298
441.847812
441.810641
441.845255
441.917739
441.844953
441.844979
441.844486
441.811223
441.811435
441.812233
441.811421
441.917705
441.846556
441.810978
441.845011
441.810166
441.810722
441.812240
441.813038
441.918535
441.918491
441.847833
441.811769
441.846287
441.847087
441.847080
441.846300
441.847073
441.846763
441.845973
441.846871
441.846868
441.844951
441.844154
441.846239
441.846249
441.953359
441.846606
441.881374
441.879076
441.847091
441.846511
441.845700
441.811818
441.880491
441.880505
441.846561
441.881173
441.847350
441.847046
441.844976
441.844986
441.918556
441.845571
441.844473
441.813092
441.812302
441.881334
441.846521
441.882847
441.881879
441.883408
441.883155
441.848591
441.881880
441.885800
441.920012
441.916181
441.918257
441.882620
441.916894
441.917690
441.952529
441.916929
441.881840
441.918154
441.917365
441.915856
441.953906
441.954719
441.919146
441.919445
441.954174
441.918018
441.884363
441.917979
441.918307
441.846257
441.845951
441.845162
441.844979
441.844967
441.843869
441.845469
441.845780
441.879363
441.953382
441.847128
441.879328
441.878317
441.847142
441.846052
441.812802
441.844364
441.844681
441.880997
441.880509
441.881574
441.845787
441.880983
441.881299
441.848347
441.881665
441.847875
441.847271
441.844667
441.919042
441.845275
441.844176
441.812815
441.811726
441.847764
441.847279
441.848329
441.813018
441.884497
441.882968
441.919016
441.919531
441.953877
441.918056
441.916199
441.954199
441.883526
441.919637
441.883726
441.955407
441.884557
441.850531
441.884547
441.954196
441.916173
441.953905
441.919637
441.883726
441.884802
441.884809
441.918804
441.954904
441.915873
441.880751
441.881532
441.881749
441.955119
441.917977
441.953811
441.953824
441.916129
441.916383
441.915844
441.916089
441.918013
441.917756
441.918064
441.917159
441.884028
441.920051
441.954479
441.883729
441.988998
441.916186
441.916634
441.915357
441.915353
441.955407
441.882137
441.955487
441.883948
441.881854
441.917216
441.849417
441.954290
441.916636
441.882929
441.880838
441.848401
441.883727
441.918054
441.917745
441.918002
441.953584
441.952777
441.952787
441.915354
441.914811
442.032283
441.989461
441.989442
441.991800
441.956025
441.956818
441.886374
441.990889
441.991682
442.063522
441.919309
441.919038
441.919347
441.922270
441.957121
441.990532
441.991333
441.918560
441.918789
442.066600
442.067936
441.990997
441.918385
441.919680
441.918371
442.029732
441.954643
441.918315
441.916452
441.918525
441.882407
441.918578
441.919870
442.029935
441.884516
441.882436
441.849988
441.955752
441.885316
441.956353
441.991644
441.956836
441.886676
441.991204
441.918875
441.918557
441.918827
441.886174
441.953101
441.953608
441.952296
441.952318
441.952351
441.954394
441.989178
441.919112
441.953601
441.916410
441.918562
441.954384
441.916958
441.916426
441.991696
441.922576
442.027973
441.921536
441.886964
441.921814
441.884754
441.887740
441.922614
441.987852
441.987855
441.881346
441.881852
441.917482
441.916990
441.917996
441.917468
441.916185
441.917490
442.067083
441.991252
441.991256
441.919815
441.955761
441.918837
441.918376
441.884853
441.851313
441.885338
441.918094
441.916145
441.954436
441.917523
441.881427
441.989460
441.914653
441.881098
441.916173
441.954884
441.882133
442.029304
442.030417
441.920382
441.956236
441.847873
441.884218
441.882137
441.849695
441.959075
441.991801
441.990038
441.990831
442.027476
441.883481
441.883790
441.883278
441.956283
441.920371
441.921668
441.885603
441.956795
441.920387
441.990590
441.990594
441.990446
441.849168
441.919406
441.884229
441.917141
441.916391
441.881378
441.847358
441.954225
441.882193
441.880619
441.916727
441.848655
441.954708
441.847883
441.917199
441.917989
441.991967
441.881922
441.917461
441.916678
441.917957
441.954344
441.884767
441.882894
441.881315
441.919277
441.920851
441.955179
441.920922
441.956539
441.882202
441.883572
441.882659
441.883643
441.884069
441.883451
441.883651
441.881871
441.920108
441.918491
441.918016
441.884633
441.883167
441.884152
441.885130
441.953960
441.884820
441.883263
441.882967
441.881634
441.884323
441.883506
441.919587
441.880827
441.880814
441.884495
441.955720
441.921386
441.919293
441.918040
441.919332
441.918027
442.029371
441.954985
441.883195
441.956346
441.885095
441.919784
441.920393
441.882408
441.956833
441.886074
441.957283
441.920437
441.850008
441.882244
441.916956
441.917445
441.884042
441.987922
441.881378
441.847336
441.848886
441.920379
441.955491
441.919863
441.920056
441.849726
441.847857
441.848330
441.849396
441.845247
441.915383
441.880315
441.880593
441.848166
441.882704
441.881421
441.916644
441.883743
441.881074
441.917755
441.916982
441.917751
441.882681
441.883190
441.882697
441.991607
441.957368
441.994069
441.879275
441.952559
441.880569
441.880557
441.879294
441.952075
441.879803
441.880539
441.879776
441.881396
441.918561
441.918548
441.878999
441.846581
441.880585
441.883763
441.916714
441.880596
441.847084
441.882985
441.883191
441.846277
441.916684
441.880552
441.953032
441.953022
441.879789
441.952255
441.914274
441.952244
441.914289
441.914567
441.880140
441.846629
441.916427
441.882513
441.882706
441.916165
441.881360
441.880554
441.847885
441.883970
441.880522
441.917821
441.880078
441.953364
441.881389
441.881369
441.880091
441.881427
441.952106
441.880624
441.881338
441.880877
441.881928
441.919848
441.919061
441.847883
441.847100
441.881878
441.987495
441.880602
441.883501
441.916717
441.950999
441.950507
441.949702
441.949705
441.950489
441.950517
441.951013
441.950502
441.848398
441.883022
441.883214
441.847610
441.847580
441.916521
441.916695
441.846796
441.881834
441.953030
441.986065
441.952247
441.880568
441.881372
441.952555
441.914905
441.986060
441.914593
441.951771
441.914597
441.880121
441.878513
441.914585
441.915432
441.917027
441.952584
441.880619
441.915147
441.986898
441.881148
441.951788
441.880330
441.881639
441.919061
441.918264
441.882232
441.849203
441.883811
441.883990
441.881939
441.848415
441.848899
441.883694
441.848101
441.990370
441.882844
441.882529
441.954716
441.953922
441.916155
441.916139
441.916167
441.953929
441.916432
441.879676
441.952837
441.915656
441.917020
441.846104
441.917505
441.917788
441.953606
441.916180
441.915920
441.915654
441.990849
441.882687
441.881407
441.882796
441.920187
441.881094
441.881387
441.880039
441.880038
441.956585
441.919663
441.920371
441.921969
441.885915
441.956292
441.918018
441.918283
441.918511
441.920685
441.920980
441.849972
441.885322
441.921750
441.810633
441.811140
441.810845
441.883400
441.813844
441.812760
441.811951
441.884488
441.953829
441.812831
441.812525
441.812266
441.810742
441.811440
441.812223
441.811182
441.810947
441.953847
441.952270
441.881406
441.880621
441.990498
441.990499
441.881905
441.814327
441.814298
441.919544
441.920370
441.884323
441.919362
441.883664
441.882138
441.881049
441.881780
441.882914
441.812236
441.846252
441.882604
441.811147
441.845160
441.845456
441.845942
441.844372
441.844357
441.844954
441.845252
441.917378
441.878459
441.878171
441.845971
441.845967
441.845187
441.918009
441.810930
441.810172
441.810653
441.845786
441.846290
441.845780
441.844308
441.884523
441.846550
441.883740
441.846549
441.846561
441.845000
441.845508
441.844998
441.844815
441.845304
441.883737
441.846564
441.882949
441.846550
441.846585
441.883171
441.921715
441.919558
441.921166
441.885116
441.811437
441.813857
441.814349
441.814613
441.812242
441.777970
441.920952
441.846545
441.845470
441.847046
441.846252
441.847831
441.813828
441.847862
441.811734
441.813021
441.812542
441.813809
441.847355
441.880025
441.880979
441.877063
441.880186
441.879807
441.845505
441.846581
441.921118
441.812430
441.919827
441.812232
441.958738
441.958410
441.956999
441.846537
441.847338
441.847283
441.846487
441.845685
441.846797
441.845981
441.846505
441.846505
441.846013
441.846779
441.919531
441.918251
441.880793
441.881595
441.882087
442.025784
441.915445
441.881126
441.881126
441.919808
441.811457
441.812240
441.812736
441.950930
441.808137
441.878185
441.843875
441.844969
441.844664
441.808415
441.810358
441.811142
441.811634
441.844463
441.844477
441.811652
441.811364
441.880312
441.880022
441.880502
441.880524
441.880520
441.811371
441.811669
441.811676
441.918942
441.811465
441.811191
441.919231
441.811198
441.811157
441.810377
441.811667
441.810042
441.883763
441.883286
441.881089
441.879006
441.879504
441.879785
441.845259
441.918232
441.846262
441.844947
441.846265
441.917751
441.845482
441.845465
441.846292
441.846107
441.847066
441.811450
441.813022
441.846370
441.846076
441.813046
441.811758
441.845274
441.845263
441.810414
441.813028
441.923643
441.847055
441.811201
441.849451
441.777174
441.810942
441.923364
441.777179
441.810945
441.918363
441.918353
441.843347
441.845961
441.883405
441.812462
441.956089
441.954944
441.879988
441.844123
441.845972
441.845687
441.881898
441.843364
441.810097
441.811408
441.809843
441.952862
441.952848
441.848424
441.849222
441.882165
441.918331
441.847547
441.919868
441.847570
441.846788
441.919604
441.847293
441.953077
441.882464
441.955254
441.954450
441.988891
441.951671
441.952987
441.989039
441.989029
441.992529
441.916476
441.882501
441.915690
441.848758
441.882471
441.918513
441.954776
441.883231
441.918513
441.918519
441.919302
441.884025
441.954757
441.883265
441.849542
441.882125
441.883089
441.882437
441.953176
441.880286
441.882152
441.848415
441.882889
441.880577
441.882491
441.992524
441.881534
441.846781
441.846804
441.846606
441.916493
441.916972
441.882997
441.845949
441.844359
441.846484
441.845999
441.845176
441.844359
441.845695
441.845493
441.846989
441.813369
441.847867
441.846591
441.880603
441.954096
441.880026
441.847370
441.881879
441.917686
441.916118
441.881122
441.880321
441.812930
441.847414
441.881907
441.953008
441.846600
441.881093
441.880279
441.953785
441.918043
441.919109
441.917547
441.919084
441.848920
441.884051
441.995607
441.884249
441.918805
441.920369
441.846583
441.846282
441.846787
441.812506
441.812520
441.847869
441.847575
441.881590
441.848077
441.881608
441.775313
442.034342
442.070279
441.963709
442.028372
441.878665
441.844779
441.845276
441.844496
441.878188
441.879762
441.844397
441.845199
441.879261
441.845194
441.845006
441.878997
441.878676
441.878988
441.880255
441.845255
441.845763
441.845285
441.879766
441.881038
441.846284
441.847065
441.952054
441.846087
441.845968
441.952535
441.845970
441.846758
441.845781
441.879275
441.879299
441.881860
441.919526
441.919526
441.844380
441.847784
441.848082
441.918230
441.918230
441.847325
441.811739
441.810640
441.810976
441.811747
441.812242
441.810978
441.811470
441.811961
441.918231
441.809335
441.810137
441.810150
441.919872
441.919875
441.812181
441.882888
441.846263
441.844695
441.879793
441.844492
441.844645
441.844363
441.844675
441.878992
441.844662
441.844769
441.845943
441.845952
441.843890
441.846590
441.844677
441.845152
441.883163
441.845668
441.846272
441.846473
441.959337
441.994813
441.849799
441.848137
441.848926
441.883535
441.849756
441.883478
441.918066
441.848456
441.816006
441.917982
441.918488
441.883169
441.885599
441.883973
441.850741
441.884476
441.849445
441.815695
441.847569
441.848593
441.849385
441.917754
441.921136
441.919068
441.919097
442.101637
441.992581
441.847571
441.845999
441.993050
441.846754
441.845168
442.026932
441.953366
441.918058
441.917590
442.026960
441.992084
441.992375
441.988732
441.990006
441.988758
441.990019
441.918002
441.916686
441.920899
441.991248
441.918471
441.920908
441.921611
441.918289
441.917147
441.884751
441.989487
441.917038
441.884277
441.916907
441.919881
441.955528
441.916109
442.028072
441.918835
441.993006
441.954930
441.956883
441.884593
441.920124
442.029385
441.921144
441.919843
441.993801
441.957376
442.025626
441.955744
441.918799
441.919814
441.918518
441.991655
441.920909
441.919620
442.028892
441.916625
441.915838
441.955267
441.916706
441.920142
441.882651
441.882407
441.916750
441.887866
441.957708
441.956471
441.923964
441.888364
441.995464
441.995975
441.883733
441.917686
441.918495
441.919046
441.848860
441.883202
441.959963
441.996009
441.889898
441.955726
441.955730
441.917537
441.953584
441.954366
442.029309
441.991813
441.916209
441.954891
441.882961
441.989464
441.919058
441.882366
441.848346
441.881278
441.847261
441.995870
441.920928
442.030709
441.885581
441.921710
441.883420
441.848602
441.883645
441.882896
441.851195
441.776085
441.813573
441.814379
441.890381
441.816150
441.815107
441.817519
441.891179
441.846780
441.845010
441.845179
441.845506
441.845971
441.880290
441.775696
441.775690
441.774896
441.775520
441.881556
441.883972
441.849939
441.884243
441.920063
441.883411
441.916934
441.883934
441.918778
441.918490
441.917562
441.883414
441.918257
441.918749
441.848372
441.886641
441.991431
441.919274
441.956552
441.953325
441.954410
441.917682
442.072194
441.921519
441.957317
441.992917
441.919270
441.954399
441.953424
442.068511
441.919394
441.919383
441.954766
442.067528
441.918408
441.958102
441.994601
441.994118
441.994516
441.922594
441.921548
441.922346
441.924205
441.847304
441.846812
441.847614
441.847097
441.847146
441.920932
441.813038
441.813017
441.883700
441.814322
441.813028
441.847298
441.885871
441.779806
441.811936
441.884764
441.777902
441.852310
441.886856
441.957557
441.884756
442.030993
441.883159
441.849414
441.848326
441.814580
441.851517
441.886045
441.883946
441.882660
441.848914
441.882634
441.848885
441.953318
441.919339
441.954624
441.952503
441.918811
441.884303
441.850287
441.850276
441.816261
441.920398
441.883496
441.883495
441.849470
441.916989
441.918281
441.883300
441.919579
441.990267
441.919323
441.955223
441.916519
441.989487
441.886688
441.882683
441.882170
441.850006
441.919622
441.850010
441.848948
441.883051
441.883054
441.847366
441.845778
441.881129
441.882394
441.879329
441.846766
441.847851
441.880510
441.880833
441.846780
441.916663
441.846795
441.880324
441.879852
441.884737
441.883479
441.953854
441.954353
441.953580
441.884266
441.813034
441.848386
441.849165
441.812250
441.848092
441.848876
441.811447
441.810653
441.810949
441.844969
441.844164
441.918045
441.918003
441.883536
441.919067
441.846195
441.848078
441.919227
441.882464
441.848916
441.848158
441.880908
441.917772
441.919058
441.882912
441.955457
441.916449
441.881352
441.847322
441.917632
441.918222
441.918726
441.882119
441.954678
441.917664
441.955214
441.955384
441.882668
441.992750
441.915670
441.882914
441.882615
441.989397
441.915366
441.919362
441.881350
441.917782
441.845002
441.916538
441.844993
441.846585
441.845801
441.881145
441.880317
441.846636
441.879499
441.915334
441.916935
441.879786
441.845796
441.845298
441.883049
441.882249
441.849026
441.918822
441.881953
441.880678
441.882408
441.882623
441.847916
441.880091
441.881357
441.917551
441.917360
441.879814
441.845787
441.845290
441.917325
441.879302
441.879297
441.882186
441.880337
441.879844
441.881038
441.881816
441.846300
441.914792
441.914563
441.915876
441.881348
441.883539
441.882264
441.917141
441.849502
441.918836
441.916368
441.919124
441.879294
441.845749
441.880629
441.879861
441.990753
441.883130
441.814891
441.815668
441.885298
441.847939
441.920437
441.848713
441.883216
441.921230
441.885309
441.881038
441.883222
441.881033
441.881026
441.988595
441.881324
441.881316
441.917401
441.882098
441.951206
441.951161
441.952528
441.845757
441.883515
441.845775
441.845967
441.845472
441.845480
441.845986
441.953355
441.953352
441.953862
441.845384
441.845906
441.846708
441.846418
441.881952
441.881800
441.846206
441.916924
441.916899
441.951974
441.990163
441.988254
442.024209
441.950946
441.950935
441.916115
441.916327
442.024682
441.882897
441.917415
441.916904
441.920988
441.953835
441.955259
441.920209
441.882658
441.917490
441.916877
441.918471
441.916930
441.915655
441.917139
441.950657
441.918404
441.882408
441.951496
441.848385
441.881608
441.953296
441.882908
441.916835
441.882104
441.918409
441.848415
441.917172
441.882923
441.917948
441.882109
441.846812
441.846328
441.880327
441.953066
441.880582
441.846299
441.918841
441.813589
441.880558
441.881312
441.917782
441.848116
441.882644
441.879188
441.879980
441.882988
441.917501
441.989678
441.951948
441.915389
441.951189
441.916205
441.989691
441.951169
441.952002
441.952831
441.916169
441.879486
441.878697
441.913508
441.846823
441.881336
441.880329
441.952027
441.880595
441.918051
441.916107
441.915614
441.915126
441.914272
441.916395
441.914578
441.881611
441.916123
441.915120
441.952299
441.914581
441.948602
441.913775
441.914329
441.913780
441.883217
441.917744
441.916439
441.954987
441.883452
441.918454
441.916994
441.916205
441.848421
441.918541
441.847652
441.881467
441.880700
441.919101
441.916678
441.814603
441.815377
441.882373
441.883154
441.882205
441.884228
441.920128
441.882742
441.882960
441.883264
441.882642
441.881863
441.882175
441.954896
441.955188
441.952458
441.882637
441.955386
441.916678
441.953240
441.953813
441.849415
441.881858
441.883939
441.883275
441.882974
441.882755
441.884042
441.954331
441.916158
441.915829
441.915882
441.915868
441.953836
441.915373
441.916122
441.878797
441.882139
441.881357
441.882136
441.883767
441.987626
441.882162
441.882640
441.881859
441.917204
441.846319
441.917730
441.879846
441.881555
441.881307
441.883665
441.812792
441.885318
441.955715
441.921669
441.955176
441.957008
441.922479
441.922247
441.919381
441.919370
441.954739
441.955235
441.954722
441.958267
441.957960
441.849143
441.880305
441.880620
441.914076
441.915890
441.915879
441.914135
441.914600
441.914614
441.881102
441.880124
441.881898
441.879834
441.879344
441.913327
441.915368
441.914629
441.915101
441.914586
441.915406
441.915902
441.914133
441.922662
441.960598
441.887615
441.885088
441.925067
441.885900
441.885862
441.848889
441.850172
441.816149
441.919879
441.885637
441.923126
441.919886
441.922025
441.923853
441.889898
441.854791
441.920688
441.884774
441.989731
441.884773
441.915910
441.961679
441.959055
441.882919
441.885085
441.884514
441.884272
441.884518
441.886099
441.886101
441.956537
441.848887
441.885324
441.848385
441.847570
441.918496
441.847573
441.918485
441.953273
441.880694
441.847605
441.848091
441.954060
441.847577
441.954055
441.848053
441.885825
441.886602
441.813309
441.885840
441.885830
441.813314
441.959229
441.848049
441.884270
441.848849
441.845292
441.811733
441.959740
441.959240
441.957421
441.920143
441.922036
441.881896
441.881888
441.954563
441.956467
441.991995
442.033261
442.029284
442.029277
441.955253
441.991930
441.955559
441.920185
441.957697
441.921848
442.032798
441.957234
441.997426
442.069238
442.143388
442.107672
442.028326
441.994114
442.143385
442.068381
442.028319
442.025989
441.994107
442.070204
441.956418
441.956371
441.956686
441.922484
442.106516
441.990904
441.955785
441.951526
441.990896
441.918787
441.987171
441.989830
442.065614
441.988158
441.953144
441.988433
441.916506
441.987981
441.955873
442.066389
442.025633
442.067136
441.953036
442.026599
441.918017
441.954500
442.032879
441.883768
441.993659
441.956613
442.032190
441.920046
441.955470
441.850492
441.850791
441.884334
441.883437
441.919899
441.883929
441.882930
441.883847
441.882464
441.884813
441.920377
441.884326
441.850005
441.850304
441.848174
441.848934
441.989449
441.882495
441.920893
441.847769
441.919064
441.918581
441.916735
441.918559
441.991287
441.921098
441.919778
441.953307
441.919064
441.915352
441.918400
441.954858
441.951988
441.987004
441.950115
441.950906
441.917987
441.848601
441.919102
441.920049
441.883427
441.881810
441.882318
441.882099
441.920533
441.919940
441.848874
441.847314
441.849385
441.919776
441.954054
441.955352
441.954579
441.916710
442.029079
441.956782
441.882306
441.883399
441.992323
441.990784
441.917499
441.953928
441.954883
441.992387
441.956177
441.953288
441.919257
441.920430
441.919782
441.920227
441.954436
441.919822
441.919913
441.883243
441.916925
441.916940
441.918252
442.024472
442.025749
441.992874
441.956949
441.920903
441.920226
441.920887
441.954428
441.881581
441.883732
441.882402
441.882387
441.954828
441.882630
441.955136
441.916661
441.952511
441.918483
441.955345
441.951485
441.954065
441.954385
441.954595
441.988269
441.988274
441.954404
441.916357
441.917946
441.915622
441.915607
441.991335
441.988425
441.916925
441.951429
441.986999
441.950925
441.950929
441.951708
441.989657
441.916422
441.950424
441.916396
441.991545
441.918460
441.952495
441.954573
441.951960
441.989416
441.952682
441.916903
441.952989
441.989437
441.916892
441.952510
442.025320
441.988355
441.918470
441.953816
441.952501
441.988291
441.987788
441.954889
441.955193
441.916937
441.950468
441.882645
441.882463
441.883440
441.880564
441.880271
441.881623
441.992468
441.915165
442.026498
441.954433
441.880509
441.953466
441.881599
441.881627
441.880607
441.881874
441.986550
441.880790
441.914608
441.849411
441.849710
441.917939
441.952018
441.952018
441.918651
441.953173
441.952657
441.881611
441.881903
441.987845
441.881595
441.987834
442.028142
442.182345
441.991241
442.066713
441.987459
441.918065
441.952610
441.989262
441.954721
442.032165
441.883521
442.070699
441.953922
441.920028
441.955640
441.951884
441.919145
442.066693
441.991222
441.918065
441.952609
442.032164
441.883521
442.067285
441.954227
441.953786
441.919584
441.918364
442.033083
441.920027
441.885382
442.180784
441.991045
441.887560
441.959442
441.885945
441.999941
441.884827
441.919371
441.887799
441.923159
441.921774
441.917529
441.956896
441.884790
441.921308
441.882129
441.919947
442.033706
441.919369
441.920796
441.992207
441.953910
441.987325
441.952934
441.992432
441.954590
441.956954
441.992481
441.958179
441.922330
441.957716
441.917950
441.917981
441.951509
441.918756
441.918273
441.952218
441.916427
441.918738
441.954542
441.991012
441.954577
441.918734
441.954048
441.918264
441.991006
441.920268
441.953794
441.918783
441.918119
441.952508
441.918666
441.919759
441.988315
441.951998
441.950628
441.951419
441.917679
441.916970
441.917964
441.917976
441.951490
441.918466
441.917783
441.953334
442.025253
441.991011
441.951469
441.953315
442.026617
441.918245
441.987654
441.990328
441.953645
441.988448
441.988482
442.066892
442.026119
442.026617
441.955002
442.106657
441.990802
441.955771
441.993177
441.994159
441.957094
441.920532
441.918032
441.918242
441.918482
441.917994
441.919524
441.920825
441.920050
441.883436
441.883157
441.883422
441.882685
441.914896
441.882360
441.989658
441.881381
441.882190
441.882007
441.882085
441.988907
441.881108
441.882704
441.883004
441.880844
441.919016
441.920376
441.918206
441.955679
441.883687
441.918746
441.920015
441.955874
441.914548
441.915321
441.951760
441.878210
441.878502
441.880279
441.917457
441.880273
441.879512
441.916670
441.879492
441.915660
441.880516
441.915584
441.880716
441.880207
441.915707
441.879501
441.883198
441.882113
441.847559
441.880789
441.880305
441.881284
441.916954
441.919931
441.919546
441.918074
441.918762
441.917513
441.883778
441.920234
441.918213
441.920403
441.917962
441.884217
441.951738
441.920224
441.919790
441.919007
441.917475
441.918226
441.991269
441.886850
441.886550
441.885256
441.883754
441.882932
441.882209
441.848459
441.882906
441.884517
441.955271
441.850767
441.884345
441.850595
441.849169
441.882450
441.883253
441.848515
441.995846
441.918849
441.952010
441.921184
441.921498
441.954124
441.953318
441.953653
441.921379
441.920087
442.027937
441.952008
441.953301
441.920073
442.027917
441.920373
441.920205
441.884970
441.954348
441.919789
441.919625
441.920558
441.955084
442.067753
441.990563
441.992193
441.920107
441.920758
441.921702
441.956241
441.991972
441.921240
441.917878
441.918974
441.920097
441.921041
441.955567
441.992660
441.920579
441.919287
441.954305
441.886258
441.887510
441.957272
441.886750
441.994578
441.921999
441.991585
441.923280
442.064538
441.921371
441.955925
441.955412
442.030654
441.956471
441.992744
441.888098
441.958723
441.918247
441.917444
441.884964
441.921874
441.920093
441.913657
441.951842
441.914616
441.914900
441.914920
441.913343
441.883113
441.881080
441.882887
441.880805
441.881376
441.917471
441.915040
441.915753
441.881537
441.879818
441.880808
441.881838
441.880564
441.880018
441.880827
441.880113
441.916689
441.881308
441.880548
441.878984
441.880572
441.880110
441.917225
441.882704
441.880615
441.883190
441.814856
441.814068
441.881605
441.812479
441.811691
441.917733
441.917201
441.917241
441.810747
441.845470
441.845770
441.880262
441.845766
441.845767
441.845781
441.845772
441.845770
441.879798
441.844743
441.846078
441.845757
441.845757
441.845273
441.809663
441.917272
441.845249
441.845269
441.810995
441.917748
441.845259
441.811493
441.883212
441.844667
441.845482
441.880797
441.881053
441.845471
441.845787
442.025776
441.881118
441.881916
441.881965
441.881132
441.881493
441.918249
441.812270
441.919027
441.812754
441.848426
441.847639
441.880327
441.881649
441.880338
441.881164
441.880312
441.845460
441.845762
441.913841
441.845538
441.879487
441.878973
441.951450
441.846008
441.846787
441.917473
441.811490
441.918251
441.811988
441.879685
441.847102
441.880622
441.880523
441.879309
441.881651
441.879780
441.881346
441.880837
441.881325
441.846627
441.916214
441.848376
441.880285
441.881068
441.847599
441.848368
441.882620
441.881831
441.847591
441.878482
441.843679
441.881905
441.879273
441.843862
441.844664
441.883956
441.881296
441.882107
441.955148
441.810947
441.847590
441.845981
441.916153
441.845478
441.809858
441.811131
441.879524
441.846329
441.847300
441.879535
441.846815
441.844982
441.847277
441.846494
441.955385
441.951987
441.882146
441.952768
441.916177
441.848939
441.883452
441.881372
441.954315
441.915871
441.916132
441.915361
441.953820
441.884027
441.883723
441.883505
441.885359
441.885830
441.882729
441.879784
441.882962
441.883144
441.883464
441.882716
441.882932
441.883413
441.988894
441.882173
441.883481
442.028175
441.883238
441.883543
441.990197
441.917803
441.884294
441.917803
441.850293
441.954357
441.884318
441.952811
441.921159
441.918828
441.915406
441.879823
441.846779
441.846303
441.879847
441.916480
441.954949
441.919900
441.884265
441.884005
441.954155
441.885558
441.920376
441.884465
441.954658
441.954935
441.885080
441.884550
441.954922
441.918516
441.917195
441.989898
441.917754
441.917155
441.882942
441.917160
441.914352
441.915869
441.915880
441.914346
441.988096
441.881631
441.916089
441.988820
441.846994
441.917181
441.916166
441.916371
441.881367
441.917159
441.881012
441.880299
441.916085
441.881093
441.987569
441.844978
441.846080
441.918283
441.919052
441.881104
441.988906
441.918024
441.883225
441.918849
441.918849
441.922262
441.848843
441.847559
441.845970
441.848947
441.922737
441.879298
441.845282
441.915645
441.881583
441.916417
441.915165
441.881599
441.881320
441.881630
441.880340
441.881608
441.877958
441.845936
441.846738
441.812982
441.885030
441.847818
441.882654
441.882111
441.848033
441.882851
441.881805
441.882903
441.849138
441.883960
441.921584
441.885742
441.914841
441.916436
441.917424
441.917449
441.988931
441.881634
441.916452
441.988640
441.918220
441.881106
441.882880
441.881592
441.990080
441.951977
441.953307
441.990094
441.956351
441.846924
441.846122
441.957154
441.996615
441.956894
441.845961
441.845990
441.847562
441.848073
441.846313
441.811662
441.852423
441.917350
441.954692
441.887049
441.885660
441.920285
441.887242
441.921565
441.884818
441.885842
441.919638
441.992739
441.993269
441.993063
441.918512
441.918840
441.992451
441.811557
441.810547
441.811052
441.993930
441.957925
441.956617
442.031362
441.957485
441.992874
441.957999
441.994222
442.027822
442.064818
441.989315
441.919633
441.955045
441.954497
442.064046
442.029333
441.993099
442.031349
441.990050
441.992419
442.026916
441.920973
441.956558
442.070557
441.991613
441.990339
442.027847
441.921282
441.992076
442.029542
442.029052
441.989588
442.025324
441.990371
441.993577
441.994417
442.065309
441.960198
441.994560
441.960617
442.067050
441.990948
441.955465
441.991033
441.954936
441.992183
442.027158
442.068036
441.991429
441.991505
442.027653
442.068518
441.991389
441.957690
442.027142
442.068506
441.917995
441.880705
441.846703
441.953650
441.987880
441.954146
441.988391
441.953661
441.916433
441.987909
441.917420
441.917411
442.030076
442.033848
442.029481
441.957081
441.958284
441.956896
441.921478
441.885908
441.958297
441.956911
441.885909
441.921496
441.923964
441.993808
441.956821
441.887223
441.957111
442.063596
441.990342
441.990308
442.105148
441.954364
441.954379
442.065246
441.990333
441.955797
441.989830
441.952604
441.953097
441.990606
441.952950
441.993306
442.063567
442.105110
441.956303
441.957099
441.886693
441.998335
441.955830
441.923950
441.996022
441.955712
441.957001
441.923528
441.956500
441.993380
441.953559
441.990829
441.953541
441.989614
441.919922
442.026799
441.956354
441.953152
441.955873
442.025821
442.066689
441.953291
441.953314
442.062795
442.104332
441.956315
441.991271
442.033430
441.921447
441.955912
441.955923
441.954896
441.954989
441.989458
441.989469
441.952514
441.952810
441.988442
441.995479
441.922506
441.995116
441.917632
441.916040
441.918134
441.916851
441.957388
441.993086
441.955752
441.997282
441.954494
441.919642
441.920140
441.918613
441.992974
441.921464
442.034007
441.993380
441.954054
441.957472
441.887183
441.993905
441.993692
442.062783
441.920445
441.954495
441.954048
442.031369
442.068960
441.993276
441.958432
441.997609
441.994482
441.961075
441.993216
441.993846
441.993217
441.955491
441.993330
442.026223
442.062260
441.957704
441.956840
441.994090
441.921895
441.994665
442.028641
441.955031
441.954549
441.920818
441.920336
441.954994
441.920778
441.956908
441.990719
441.954688
441.954159
441.990247
441.993924
442.030365
442.031671
441.956570
441.959517
441.996972
442.107165
441.995243
441.993084
441.996891
441.925099
441.961004
441.962828
441.994444
441.922193
442.036106
441.960151
441.919655
441.882121
441.920663
441.848885
441.994034
441.991715
441.956789
441.882684
441.883672
441.994510
441.992141
441.994545
441.882185
441.881689
441.881377
441.989756
441.952492
441.953284
441.881884
441.844450
441.846267
441.958478
441.810904
441.847598
441.847614
441.921201
441.847383
441.994518
441.992911
442.063165
441.994093
441.951768
441.880304
441.883488
441.882695
441.883993
441.883473
441.883523
441.954689
441.955957
441.915924
441.915661
441.915168
441.915619
441.915623
441.915647
441.915647
441.988178
441.988188
442.029707
441.882422
441.881930
441.915910
441.915914
441.882408
441.882409
441.884520
441.883233
441.919664
441.881634
441.848097
441.848892
441.847816
441.846598
441.920138
441.920112
441.919823
441.884490
441.954430
441.883986
441.955226
441.848083
441.846523
441.846580
441.993229
441.919033
441.882679
441.882172
441.916993
441.882173
441.811698
441.993808
441.952569
441.953352
441.879522
441.880317
441.879514
441.881102
441.914112
441.950981
441.880629
441.951751
441.914844
441.882992
441.883783
441.883012
441.885044
441.954995
441.989771
441.915119
441.883788
441.956244
441.915136
441.915126
441.915165
441.915155
441.880154
441.880135
441.952577
441.952111
441.845277
441.846079
441.846565
441.916677
441.919018
441.918556
441.811726
441.811729
441.918534
441.917250
441.919048
441.989418
441.917746
441.880831
441.918521
441.918020
441.955172
441.954670
441.955661
441.953894
441.881872
441.883164
441.919313
441.991004
441.918827
441.848617
441.915125
441.915115
441.881625
441.881615
441.995275
442.036401
442.036390
441.923016
442.003173
441.993084
441.954691
441.916728
441.917007
441.915648
441.881634
441.881631
441.882632
441.954931
441.918340
441.849970
441.849763
441.883498
441.883705
441.918864
441.920407
441.916418
441.883163
441.954641
441.920162
441.993179
441.851074
441.955584
441.851350
441.884823
441.885099
441.849217
441.882967
441.881670
441.994149
441.920691
441.884274
441.884453
441.883962
441.991232
441.884447
441.884726
441.992017
441.882717
441.882514
441.953321
441.883533
441.883813
441.952862
441.922291
441.885884
441.917180
441.952064
441.885280
441.990501
441.885754
441.918041
441.918817
441.918828
441.849496
441.882567
441.848832
441.883231
441.882891
441.882099
441.850759
441.955282
441.884327
441.850578
441.919889
441.919693
441.951491
441.951999
441.918338
441.918549
441.884509
441.882199
441.848449
441.883210
441.882735
441.883722
441.988915
441.918858
441.988637
441.919360
441.884851
441.920496
441.915617
441.883459
441.883166
441.956059
441.952457
441.953285
441.920400
441.990303
441.917996
441.884749
441.992555
441.917185
441.992085
441.953320
441.918040
441.954317
441.918823
441.886059
441.992579
441.885272
441.992580
442.029386
441.920599
442.108962
442.037091
442.035238
441.957575
442.035931
442.072954
441.990211
441.991173
441.990151
441.990887
441.922106
441.885325
441.956386
441.885371
441.885055
441.850839
441.851842
441.921636
441.850561
441.921587
441.849710
441.884543
441.995900
441.883733
441.815157
441.849684
441.852524
441.887881
441.849776
441.847603
441.921359
441.850458
441.885018
441.883430
441.922295
441.851313
441.852413
441.921825
441.851313
441.992536
442.030026
441.958176
441.950685
442.026408
441.952342
441.878737
441.845508
441.915106
441.919098
441.812279
441.882165
441.881649
441.954984
441.916158
441.954960
441.847638
441.917514
441.882933
441.916158
441.954175
441.918515
441.882432
441.882928
441.954980
441.915682
441.882471
441.918074
441.956579
441.921357
441.884805
441.884028
441.921327
441.886701
441.921130
441.918646
441.917833
441.958603
441.883224
441.959293
441.882126
441.883367
441.882887
441.881918
441.844959
441.918304
441.844969
441.846596
441.915936
441.879825
441.917532
441.880593
441.880601
441.881018
441.881798
441.881331
441.881613
441.991680
441.846290
441.955623
441.919069
441.844454
441.847365
441.847108
441.847590
441.955618
441.918588
441.846799
441.881914
441.847358
441.916424
441.918246
441.916162
441.953357
441.916966
441.882897
441.883185
441.882936
441.846777
441.847843
441.959027
441.919905
441.990798
442.105620
441.885690
441.956385
441.958014
441.918510
442.032605
441.883495
442.032587
441.883455
441.918471
441.957928
442.072717
442.032338
442.031535
441.988521
441.953976
442.067037
441.954931
441.989117
441.952949
442.067037
441.918404
441.920573
441.953672
442.105628
441.886371
441.885919
441.992619
442.034055
441.919181
441.953232
442.103831
441.952327
441.919589
442.027094
441.955544
442.025320
441.991706
441.956608
441.955918
441.992079
441.921014
441.990775
441.994408
441.923900
441.921416
441.923127
441.921132
441.993483
441.919873
441.958250
441.882420
441.956516
441.955220
441.849159
441.957007
441.955219
441.849650
442.029278
441.995285
441.883684
441.885382
441.884195
441.882930
441.920503
441.881904
441.882599
441.885100
441.883411
441.882147
441.920222
441.882414
441.993893
441.959910
441.921684
441.920398
441.847866
441.918288
441.916913
441.956214
441.990428
441.955432
441.883656
441.994011
441.922483
441.920706
441.848666
442.028849
441.879510
441.953073
441.916668
441.915313
441.952290
441.846250
442.027537
441.882911
441.915959
441.881127
441.881927
441.953043
441.986574
441.954203
441.918960
441.917590
441.883516
441.917538
441.919127
441.882953
441.917031
441.916688
441.990251
441.990746
441.990249
441.922365
441.957886
441.916947
441.917660
441.881613
441.955204
441.954114
441.917464
441.955373
441.953901
441.848352
441.992213
441.992843
441.880822
441.954426
441.953337
441.954592
441.847578
442.027743
441.993000
441.957479
441.920935
441.955746
441.848393
441.921233
441.881192
441.881162
441.847420
442.027418
441.881637
441.880664
441.951796
441.879515
442.028362
441.953092
441.846272
441.879508
441.953088
441.846265
441.918557
442.028014
441.954738
441.919350
441.953016
441.918988
441.988889
441.954353
441.954418
441.954693
441.919927
441.916950
441.955056
441.882909
441.920228
441.881610
441.885103
441.951743
441.917721
441.953557
441.919263
441.952787
441.951741
441.920041
441.951441
442.024780
441.917711
441.915652
441.953866
441.953379
441.950950
441.916938
441.951976
441.950940
441.917978
441.951932
441.951153
441.916928
441.880023
441.988587
441.992409
441.954549
441.952976
441.988945
441.916631
441.916609
441.883203
441.915519
441.917118
441.881597
441.954285
441.918911
441.953039
441.919024
441.956284
441.953962
441.921803
441.957186
441.994658
441.956470
441.992019
441.954284
441.989804
441.953461
441.988978
441.958169
441.993925
442.029467
441.954744
442.032921
441.990923
441.955052
442.033229
441.991224
441.883213
441.882407
441.915933
441.917728
441.883219
441.915638
441.881611
441.915646
441.992990
441.915663
441.914849
441.952854
441.879763
441.917168
441.846534
441.917188
441.995961
441.996640
441.996438
441.994252
441.961025
442.034017
441.961779
441.995894
441.922050
442.030970
441.955365
441.881326
442.069338
441.956411
441.955558
441.953920
442.068025
441.989294
441.919376
441.956645
442.065668
441.922939
441.956263
441.958759
441.958428
441.845155
441.845453
441.845666
441.845962
441.956676
441.921565
441.958272
441.993345
441.881272
441.918015
441.919926
441.882019
441.880279
441.993071
441.881097
441.881839
441.847080
441.882631
441.917482
441.879766
441.880558
441.917273
441.847256
441.916479
441.882420
441.920228
441.882349
441.879961
441.918010
441.915640
441.880763
441.915936
441.881576
441.882309
441.847541
441.953096
441.882640
441.880260
441.881048
441.880802
441.846283
441.846601
441.958308
441.920147
441.957149
441.922524
441.959528
441.921266
442.030310
441.882902
441.920746
441.885150
441.990793
441.959550
441.994608
441.847050
441.847037
441.993249
441.847039
441.845471
441.846736
441.881071
441.989237
441.881852
441.882348
441.993463
441.880578
441.846558
441.846255
441.954395
441.847551
441.847234
441.881578
441.847068
441.845787
441.846582
441.848334
441.845476
441.846737
441.845472
441.953484
441.848017
441.992976
441.847055
441.847040
441.953807
441.847838
441.846553
441.953796
441.847823
441.991793
441.955767
441.919723
441.884332
441.884156
441.882937
441.883595
441.884789
441.955800
441.920387
441.920187
441.918852
441.952483
441.919037
441.884240
441.884051
441.884015
441.883490
441.884999
441.882648
441.884002
441.882951
441.883223
441.918914
441.847364
441.845512
441.847578
441.881113
441.882407
441.882693
441.919640
441.879838
441.881592
441.881864
441.880085
441.918822
441.879817
441.921612
441.953379
442.026603
442.061347
441.881789
441.882576
441.883919
441.882853
441.884545
441.915833
441.917102
441.917408
441.953883
441.918574
441.919321
441.918510
441.885586
441.953804
441.953815
441.991075
441.918263
441.952319
441.917805
441.990196
441.955413
441.955167
441.920828
441.958023
441.955957
441.920039
441.921373
441.882577
441.882337
441.919325
441.955152
441.917449
441.883112
441.916663
441.918356
441.953099
441.880325
441.919347
441.916474
441.915151
441.881918
441.884025
441.918754
441.846191
441.847280
441.917921
441.919084
441.953346
441.919507
441.916738
441.915905
441.882665
441.918490
441.880824
441.918250
441.847591
441.918171
441.919749
441.882945
441.920857
441.885290
441.921636
441.920684
441.955467
441.956004
441.884824
441.956017
441.955626
441.955380
441.954343
441.956555
441.991352
442.034142
442.029380
441.921139
441.920605
441.919842
441.956801
441.885619
441.886330
441.956249
441.921468
442.029703
441.886385
441.921917
441.920617
441.886949
441.923371
441.922026
441.955489
441.956291
441.952536
441.920705
441.919797
441.955205
441.952564
441.951267
441.952308
441.953634
441.918258
441.989492
441.954700
441.955007
441.918542
442.022459
441.991541
441.920333
441.955271
441.956194
441.920639
441.955271
441.920942
441.956361
441.917232
441.884205
441.988965
441.883692
441.988492
441.955534
441.954184
441.955022
441.919579
441.954997
441.955007
441.950954
441.987869
441.951755
441.953635
441.953523
441.952457
441.952435
441.988277
441.918426
442.025262
441.988153
441.951952
441.950928
441.916917
441.949946
441.988089
441.989361
441.953620
441.987850
441.991899
441.953111
441.919114
442.026615
441.881367
441.988855
442.027546
441.988348
441.951976
441.951951
441.917963
441.916431
441.951172
441.950440
441.916443
441.949120
441.950452
441.949422
441.950937
441.915373
441.952338
441.951164
441.986578
441.987876
441.953878
441.914111
441.953874
441.988695
441.954384
441.918254
441.955727
441.950980
441.987689
441.951976
441.952305
441.915296
441.988092
441.989367
441.987075
442.028029
441.954347
441.883679
441.917215
441.916366
441.917718
441.954156
441.952760
441.918748
441.883680
441.989981
441.954822
441.952486
441.916150
441.954013
441.917663
441.951516
441.917965
441.882101
441.989690
441.915638
441.915630
441.916910
441.915382
442.023192
441.917203
441.915926
441.914911
441.915397
441.916420
441.954114
441.881363
441.987442
441.989661
441.882383
441.915383
441.882081
441.881349
441.953899
442.028006
441.953479
441.953288
441.988486
441.989477
441.954962
441.916151
441.916443
441.918263
441.954723
441.988967
441.916951
441.917727
442.026376
441.918086
441.954546
441.917245
441.915398
441.915403
441.988800
441.881357
441.988861
441.994022
441.920338
441.956847
441.953233
441.990310
441.990327
441.953413
441.952633
441.953094
441.952582
441.919849
441.919072
441.993550
441.956034
441.884783
441.921767
441.958188
441.994073
441.987794
441.917474
441.990033
441.951486
441.951002
441.955433
441.917456
441.921878
441.920286
441.920242
441.918088
441.883461
441.916984
441.919952
441.957215
441.955178
441.989677
441.954681
441.954644
441.920643
441.882442
441.883429
441.885412
441.883424
441.885604
441.916450
441.954183
441.955493
441.954023
441.990584
441.919965
441.954796
441.954972
441.956268
442.026968
442.064831
442.068470
441.955074
441.920739
441.954384
441.918347
441.953098
441.955269
441.955782
441.916716
441.917994
441.916700
441.916435
441.919131
441.917268
441.915660
441.881926
441.918840
441.880586
441.919870
441.918587
441.917243
441.917253
441.954993
441.954018
441.955506
441.917995
441.916993
441.955516
441.989464
441.917656
441.919564
441.917236
441.920164
441.883214
441.919864
441.956575
441.920389
441.920140
441.883449
441.920090
441.919328
441.883801
441.917471
441.919643
441.917489
441.882961
441.919353
441.884861
441.848929
441.884336
441.884528
441.991854
441.884565
441.919821
441.953951
441.882894
441.882904
441.883388
441.880823
441.847260
441.954843
441.919633
441.989766
441.955478
441.881933
441.921113
441.848369
441.955954
441.919044
441.918555
441.883012
441.881380
441.880601
441.951268
441.880312
441.919526
441.846753
441.952839
441.847043
441.919600
441.885481
441.884996
441.848052
441.956011
441.992727
441.990999
441.991016
441.919002
441.884210
441.883404
441.993881
441.882703
441.953824
441.881596
441.881598
441.883172
441.953065
441.918340
441.916624
441.915123
441.881890
441.880583
441.880602
441.952581
441.953123
441.954409
441.919327
441.917130
441.915618
441.882385
441.953582
441.991749
441.882965
441.881856
441.918828
441.880264
441.880571
441.953083
441.916939
441.917458
441.883247
441.953200
441.880302
441.880799
441.881103
441.880766
441.881102
441.952245
441.879997
441.881585
441.952259
441.881087
441.881391
441.880306
441.952553
441.880610
441.881888
441.952563
441.847904
441.953382
441.917490
441.917986
441.885129
441.883149
441.881948
441.884826
441.954391
441.885110
441.955049
441.882898
441.881352
441.881426
442.027230
441.916236
441.950975
441.916958
441.914324
441.952227
441.880302
441.914309
441.954200
441.953313
441.954830
441.952811
441.919239
441.919264
441.989708
441.989694
441.954849
441.882134
441.954852
441.915680
441.884806
441.955220
441.955171
441.952518
441.954036
441.918483
441.989691
441.952748
441.881826
441.915843
441.882118
441.882400
441.920466
441.990880
442.027583
441.920943
442.025632
441.953824
441.883167
441.953060
441.882684
441.880147
441.915459
441.914937
441.880129
441.880926
441.986891
441.881595
441.881598
441.914914
441.880298
441.952541
441.880300
441.881084
441.881870
441.915627
441.951778
441.879327
441.950954
441.878690
441.878683
441.879486
441.880286
441.950166
441.915660
441.915140
441.954048
441.952702
441.952914
441.987935
441.951683
441.953392
441.954234
441.986919
441.951190
441.953724
441.916984
441.881137
441.954646
442.029157
441.919381
441.919385
441.921065
441.922621
441.920294
441.918701
441.882387
441.953682
441.882382
441.955181
441.921129
441.992536
441.920727
441.918587
441.920912
441.885420
441.886087
441.847098
441.847083
441.881709
441.917442
441.916655
441.846772
441.882377
441.880299
441.882506
441.917966
441.847577
441.883173
441.881104
441.917461
441.918943
441.955670
441.882582
441.882104
441.881928
441.848390
441.953130
441.882403
441.881135
441.848392
441.880565
441.879781
441.993065
441.847859
441.952526
441.847867
441.993748
441.849189
441.954418
441.849190
441.917365
441.991297
441.919882
441.953816
441.920040
441.920925
441.920265
441.884493
441.884738
441.918530
441.919529
441.884011
441.918194
441.919366
441.953592
441.919767
441.879610
441.919060
441.917763
441.916176
441.882936
441.920027
442.037111
441.993182
441.957568
441.881689
441.882693
441.881401
441.992221
441.847351
441.845509
441.847566
441.994413
441.918228
441.917426
441.992680
441.990900
441.993100
442.105448
442.065766
441.998094
441.960620
441.924903
441.993201
441.960552
441.995631
441.924329
441.889865
441.962153
441.997179
442.031981
441.997252
441.994040
441.921700
441.923037
441.887730
441.996386
441.961812
441.958943
441.958099
442.073951
441.996056
442.032566
442.072035
442.038853
442.032757
441.994946
441.993919
442.034151
442.072928
442.033664
441.994405
442.036923
442.032077
441.994293
441.960109
441.957900
442.037510
441.994630
441.993603
442.070522
441.997659
442.038540
442.115718
442.073414
441.883252
441.850504
441.957637
441.957648
442.033731
441.919060
441.917507
441.883969
441.884762
441.990801
441.917494
441.918235
441.917554
441.952507
441.916687
441.882154
441.989479
441.915369
441.881854
442.031379
441.955946
442.032063
441.849440
441.956039
441.883438
441.883182
441.884466
441.883654
441.957040
441.849912
441.954896
441.992989
441.954892
441.883893
441.881796
442.210226
442.216906
441.996025
441.885112
441.920637
442.033933
441.921825
441.957727
441.919379
441.919889
441.919389
441.811557
441.811052
441.811008
442.203398
442.193829
441.921877
441.918347
441.918826
441.885574
441.992307
441.887737
441.958109
441.882298
441.994746
441.993962
441.918204
441.919071
441.883213
441.848870
441.922989
441.922951
441.923945
441.923151
441.926594
441.954011
441.918145
441.919375
441.954542
441.953058
442.032320
441.917507
441.917835
441.918028
441.996498
441.918806
441.954983
441.953077
442.031075
441.919452
441.954965
441.954211
441.955024
441.918831
441.989567
441.996928
441.883903
441.955918
441.992042
441.921089
442.033238
441.993940
441.921010
441.990925
441.958574
441.957601
441.918325
441.919903
441.922550
441.990351
441.956733
441.955144
441.921729
441.993982
441.954994
441.919142
441.990026
441.884800
441.990857
441.955469
441.955439
441.993197
441.995820
441.955346
441.955358
441.957718
442.037804
441.958136
442.151468
442.036978
441.995531
442.003037
441.958087
441.924716
441.993195
442.063729
441.958875
441.989681
442.141723
441.989682
441.952763
441.951699
442.023958
441.918485
441.917530
441.918222
441.917949
441.917687
441.988421
442.063040
441.952460
441.956846
442.028709
442.108637
442.073404
442.073856
442.068305
442.026786
441.993679
441.958049
441.959851
442.037178
441.993760
441.993762
441.996155
441.993728
441.955169
441.953573
441.920328
441.991333
441.990817
441.917191
441.952827
441.919580
441.989511
441.953812
442.024244
441.955094
441.954109
441.952751
441.950439
441.954701
441.951494
441.918258
441.954621
442.029425
441.920353
442.027058
441.956110
441.955029
441.953860
441.953238
441.918221
441.919724
441.920220
441.990589
442.026114
441.920193
441.955156
441.954733
441.955487
441.955046
441.919662
441.920034
441.920530
441.920506
441.884660
441.885155
441.885122
441.920878
441.921375
441.990551
441.951978
441.953684
441.953889
441.953674
441.988089
441.953902
441.954060
441.991900
441.954616
441.954419
441.954422
441.956005
441.952807
442.023945
441.951272
441.918243
442.023940
441.952527
441.952334
441.948091
441.951763
441.985499
441.918228
441.950689
441.987347
442.065830
441.953420
441.953217
441.948831
441.987411
441.987198
441.952304
441.953393
441.988136
442.067459
441.991388
441.952135
441.953407
441.953117
442.034432
441.955034
441.919597
441.954218
442.067013
441.954842
441.953977
441.953153
441.918693
441.955290
442.067197
441.955355
441.918908
441.954268
441.954218
442.067010
441.953918
441.953991
441.918707
441.953405
441.950942
441.951455
441.951959
441.952457
441.951538
441.985491
441.987005
441.985494
441.951744
441.916947
441.951215
441.951970
441.950692
441.987003
442.067962
441.990263
441.955301
441.987970
441.955507
441.991350
442.067214
441.918908
441.954251
442.034425
441.955495
441.916139
441.987609
441.916641
441.915657
441.916031
441.916724
441.915832
441.916136
441.915903
441.949434
441.917216
441.915841
441.952569
441.882373
441.916198
441.916701
441.951205
441.882664
441.916929
441.951185
441.916534
441.916147
441.916629
441.882512
441.917320
441.916657
441.883194
441.917984
441.885717
442.028475
441.956327
441.920253
441.886041
441.919933
441.922447
441.963760
442.069346
442.034565
442.038504
442.039131
442.074083
442.032696
442.029661
441.999241
441.993311
441.992862
442.028541
442.071973
442.073518
441.992924
441.993262
442.027994
442.063676
442.032802
441.957570
441.920277
441.918685
442.002380
441.919510
441.988719
441.955433
441.956454
441.921902
441.991912
441.918827
441.920596
441.956523
441.916901
441.921597
441.958376
441.920211
441.885663
441.885661
441.886159
441.922227
441.950194
441.951218
441.917740
441.916925
441.916233
441.917568
441.917188
441.950465
441.917167
441.916702
441.916964
441.917199
441.988171
441.882132
441.882640
441.883333
441.954210
441.883501
441.954393
441.882143
441.880819
441.880842
441.919086
441.916915
441.882710
441.952647
441.916910
441.919603
441.919604
441.881307
441.849205
441.849681
441.883126
441.918255
441.918569
441.917191
441.916198
441.915706
441.882663
441.882663
441.952032
441.953881
441.884017
441.883396
441.883905
441.884331
441.881803
441.882311
441.882170
441.880028
441.881635
441.883418
441.882132
441.919071
441.917471
441.916117
441.882439
441.916122
441.848934
441.849409
441.882846
441.922664
441.885444
441.886243
441.916673
441.919052
441.882750
441.953151
441.880290
441.917441
441.880282
441.919042
441.882469
441.880286
441.917485
441.917973
441.885098
441.884543
441.920191
441.882931
441.884418
441.884178
441.883437
441.883999
441.954727
441.956001
441.989045
441.990382
441.990104
441.957051
441.991484
441.958284
441.990678
441.885064
441.885064
441.884628
441.913738
441.950402
441.914626
441.917034
441.915157
441.916740
441.880657
441.915351
441.916649
441.952547
441.954099
441.881099
441.986838
441.951519
441.955960
441.917492
441.953331
441.955956
441.915650
441.954395
441.881653
441.956260
441.883498
441.953082
441.881630
441.918066
441.918466
441.952025
441.990234
441.883204
441.915659
441.881989
441.954395
441.916046
441.952480
441.881528
441.915360
441.951975
441.952080
441.915655
441.916161
441.847131
441.954124
441.916946
441.918289
441.953847
441.955695
441.952821
441.955409
441.951704
441.918288
441.953009
441.884009
441.990224
441.883533
441.883838
441.956260
441.917895
441.883362
441.916658
441.952294
441.954208
441.956073
441.952811
441.955783
441.918301
441.991546
441.953099
441.919119
441.992316
441.991859
441.990524
441.919119
441.917438
441.954869
441.918285
441.952817
441.953022
441.988358
441.918275
441.950967
441.955183
441.920224
441.957807
441.920229
441.884572
441.991262
441.884572
441.993320
441.918211
441.954855
441.919044
441.953586
442.025277
441.919026
441.951741
441.988319
441.954687
441.917502
441.990949
442.026101
441.919581
441.953308
441.917502
441.918263
441.954647
442.026585
441.992637
441.920377
441.955904
441.954608
441.993978
441.957538
441.920130
441.955654
441.884606
441.845805
441.879827
441.877687
441.845811
441.879834
441.878492
441.878499
441.878484
441.878981
441.878667
441.879460
441.953104
441.952826
441.881888
441.916496
441.954477
441.954184
441.953669
441.880627
441.880651
441.918099
441.879298
441.880086
441.879310
441.952075
441.951311
441.879316
441.881903
441.952106
441.882410
441.881944
441.847922
441.915336
441.914565
441.914560
441.845480
441.878538
441.879517
441.954171
441.915680
441.880362
441.881731
441.881913
441.880830
441.880766
441.881006
441.881842
441.881814
441.914325
441.915149
441.916462
441.949966
441.950462
441.916152
441.917435
441.877880
441.880333
441.881617
441.881872
441.953982
441.916168
441.881367
442.026763
441.916701
441.915624
441.916112
441.915668
441.917136
441.917469
441.916367
441.988984
441.881648
441.916450
441.918552
441.914035
441.918841
441.914922
441.915640
441.916138
441.916482
441.915878
441.917028
441.989467
441.882945
441.882172
441.916931
441.951518
441.918559
441.918387
441.882356
441.882680
441.883436
441.881883
441.883171
441.955496
441.955211
441.956015
441.955815
441.917449
441.914630
441.881325
441.881136
441.915892
441.915570
441.881322
441.880626
441.881102
441.881605
441.880527
441.880824
441.881320
441.881809
441.847107
441.881328
441.881392
441.881446
441.880827
441.880824
441.915139
441.915120
441.846963
441.882404
441.847907
441.846864
441.847157
441.882912
441.881932
441.882421
441.882620
441.883098
441.848385
441.882622
441.848876
441.848694
442.027267
441.881129
441.847107
441.917174
441.881615
441.915350
441.915901
441.916058
441.847578
441.919662
441.848876
441.849169
441.848988
441.921705
441.992528
441.956777
441.989683
441.957091
441.953913
441.918627
441.953886
441.918959
441.956918
441.954720
442.070326
441.991111
441.955465
441.955692
441.920728
442.070318
441.956253
441.956496
441.956467
441.954222
441.952274
442.030275
441.988745
441.954663
441.919265
441.918028
441.955512
442.027522
441.956257
441.992173
441.991377
441.992749
441.956933
441.992842
441.993914
441.993202
441.992687
441.989524
441.955040
441.995912
441.953802
441.988823
442.025447
441.988611
441.990683
441.985986
441.989419
441.954876
441.954890
441.989026
442.066370
441.953568
441.918043
441.952549
441.954562
441.958138
441.994045
441.993905
441.991340
441.958674
441.956489
441.920876
441.920088
441.914044
441.951218
441.881834
441.915379
441.915365
441.882320
441.951535
441.952010
441.882141
441.916134
441.916635
441.915311
441.987856
441.917488
441.953598
441.917688
441.917878
441.988161
441.987579
441.988860
441.951843
441.953655
441.884333
441.918345
441.951847
441.918348
441.989682
441.918296
441.988175
441.987395
441.917213
441.953109
441.917403
441.950474
441.918781
441.850354
441.884370
441.884379
441.919576
441.916471
441.882480
441.920885
441.882651
441.882670
441.883580
441.919856
441.919663
441.883767
441.954421
441.953700
441.954722
442.062219
441.917764
441.918072
441.917531
441.882369
441.988680
441.916666
441.918776
441.954390
441.918502
441.916946
441.989453
441.914030
441.882661
441.883146
441.916194
441.950740
441.915833
441.881366
441.915860
441.951208
441.919587
441.989442
441.988663
441.918502
441.954393
441.919577
441.917054
441.954120
441.849540
441.883555
441.917050
441.883541
441.882941
441.883427
441.916461
441.884846
441.916478
441.916452
441.917485
441.917285
441.917538
441.917587
441.882657
441.882377
441.917983
441.883296
441.919901
441.920891
441.919902
441.919395
441.919188
441.954251
441.917581
441.953461
441.953238
441.913649
441.916059
441.916466
441.917455
441.988113
441.950427
441.916179
441.915352
441.915641
441.987623
441.949652
441.950175
441.949915
441.880137
441.916252
441.951499
441.951783
441.884857
441.886176
441.920191
441.919716
441.953378
441.917854
441.917561
441.915435
441.915362
441.949435
441.952849
441.989669
441.915904
441.953045
441.950976
441.916935
441.991588
441.884030
441.951967
441.953274
441.916155
441.881905
441.918246
441.883723
441.915853
441.956486
441.919037
441.919566
441.953085
441.953089
441.919566
441.956601
441.992231
441.989978
441.919612
441.955201
441.919323
441.919687
441.954547
441.990764
441.920884
441.990268
441.951776
441.989489
441.919323
441.955215
441.919222
441.954072
441.920399
441.920559
441.852159
441.886174
441.885699
441.952319
441.916942
441.952506
441.953252
441.951980
441.882922
441.883408
441.915981
441.987683
441.881048
441.881029
441.880620
441.881660
441.883508
441.883205
441.881129
441.882151
441.883999
441.883696
441.956290
441.920192
441.955567
441.955257
441.991124
441.990638
441.883434
441.881841
441.882913
441.954991
441.919941
441.918940
441.955963
441.919531
441.885417
441.883769
441.884074
441.883565
441.991504
441.846488
441.882105
441.882839
441.882575
441.848007
441.959563
441.918586
441.919516
441.885404
441.883070
441.952942
441.953898
441.953638
441.919099
441.953132
441.919756
441.919423
441.919519
441.955474
441.886189
441.915698
441.845339
441.881338
441.881048
441.880525
441.880535
441.879320
441.881037
441.878484
441.879362
441.879681
441.918296
441.953585
441.988432
441.951752
441.879955
441.880257
441.986537
441.952238
441.917791
441.916969
441.917273
441.989233
441.951763
441.914597
441.914291
441.880255
441.880256
441.952245
441.952278
441.881641
441.881826
441.881610
441.952273
441.881864
441.915325
441.881365
441.915343
441.916208
441.879036
441.845793
441.953118
441.953873
441.883247
441.883446
441.882929
441.953082
441.882817
441.883132
441.847602
441.919064
441.884136
441.848365
441.849787
441.881546
441.880599
441.881235
441.843889
441.845988
441.880009
441.844182
441.882021
441.883595
441.846759
441.881212
441.881042
441.918230
441.882695
441.880790
441.921189
441.920693
441.994951
441.881320
441.883183
442.064509
441.916413
441.990391
441.919480
441.951850
441.919957
441.918634
441.954980
441.919473
441.954682
441.919161
441.952262
441.987910
441.880484
441.880287
441.951475
441.951727
441.953845
441.991684
441.956634
441.959044
441.918257
441.917469
441.917947
441.917465
441.920318
441.919531
441.919302
441.990562
441.990558
441.957346
441.993080
442.061875
441.920419
441.955951
441.954651
442.063718
441.919671
441.922972
441.886399
441.883786
441.883976
441.885916
441.920870
441.922987
441.920355
441.884808
441.883943
441.954632
441.993554
441.991649
441.994840
441.886157
441.886928
442.028740
442.028783
441.885621
441.919649
441.920165
442.103970
441.993937
441.992630
441.959954
441.959451
441.995357
442.143598
441.990901
441.991700
442.028021
441.994716
441.957732
441.994059
441.994132
441.958511
441.994118
442.027156
441.992190
441.955629
441.989639
441.956297
441.992542
441.921218
441.956607
441.989687
441.990252
441.957403
442.070840
441.956184
441.955980
441.922000
441.957521
442.071609
441.957765
441.957711
441.993332
441.921579
441.955795
442.069302
441.954306
441.955099
442.103974
442.029165
441.994479
441.993967
441.921212
441.920761
441.955748
441.990542
441.920278
441.922306
441.955197
441.957357
441.886299
441.996686
441.888018
441.923649
441.886907
441.960659
441.995414
441.956798
441.997077
441.993263
441.993266
441.987326
441.955172
441.954612
441.954616
441.956499
441.919603
441.920405
441.921181
441.995899
441.999017
441.957566
441.991527
441.956921
442.028388
441.956521
441.957828
441.991536
441.954669
441.923100
441.957046
441.992039
441.957421
441.957546
442.028371
441.922269
441.920204
441.922308
441.920223
441.922290
441.995113
442.027670
441.955246
441.956740
441.920698
441.921591
441.989579
441.954463
441.991913
441.954726
441.957970
441.922335
441.921462
441.990365
441.955249
441.919914
441.955344
441.994366
442.033329
442.069767
442.032533
442.068477
442.029769
442.029317
441.954244
441.954234
441.954241
441.954231
441.989712
441.993603
441.989704
441.993603
441.991761
441.956042
441.886047
441.885547
441.990797
441.957719
441.994158
441.995954
442.031103
441.992760
441.992472
441.952851
441.953629
442.030206
441.918348
441.919639
441.919348
441.920047
441.954103
441.885625
441.920377
441.953672
442.025942
441.917487
441.918468
441.991940
441.992721
441.918796
441.919578
441.996138
441.884300
441.953899
441.919827
441.882936
441.882619
441.919896
441.848138
441.956172
441.850198
441.849399
441.994940
442.029696
441.957726
441.992359
441.882138
441.882120
441.919306
441.959277
441.921424
441.955654
441.850178
441.850163
441.919892
441.954907
441.849422
441.955387
441.849919
441.849420
441.958209
441.990519
441.954162
441.920920
441.993449
441.953680
441.955934
442.067703
441.956733
441.994626
442.026683
442.031406
441.956750
441.919931
441.921605
441.990857
441.953992
442.032162
441.990653
441.953962
441.956720
441.921075
441.920698
441.917477
441.953491
441.919618
441.997175
441.919132
441.885521
441.956612
441.955198
441.994683
441.991565
441.919757
442.028355
442.277346
441.920125
441.958079
441.956814
441.918623
441.953258
441.952646
441.920075
441.916387
442.030596
441.917549
441.989551
441.954672
441.951799
442.031098
441.919335
441.989553
441.918940
441.920423
442.032690
441.920933
441.990376
441.955236
441.921872
441.922009
441.955175
441.997912
441.884883
441.955603
441.955881
441.955377
441.992845
441.993975
441.998931
441.956597
441.953581
441.919129
441.955629
441.887003
441.921628
441.993307
441.920304
441.958257
442.106900
441.992038
442.029496
441.957647
441.918594
441.918595
441.958032
441.995490
442.027523
442.027026
441.916953
441.955451
441.954944
441.920071
441.955947
441.956239
441.882138
441.884248
441.955962
441.917469
441.956241
441.955748
441.883705
441.849695
441.956251
441.884235
441.920380
441.919887
442.025919
442.028305
441.956743
441.956234
441.885506
441.956739
441.918741
441.954393
441.953126
441.917158
442.106106
441.992871
441.993734
441.994811
441.923423
441.998392
441.885352
441.956065
441.921853
441.959325
441.919598
441.920817
441.994794
441.884781
441.955999
441.921449
441.885299
441.920399
441.994778
441.884499
441.882978
441.954668
441.916208
441.921144
441.920146
441.920118
441.847522
441.848592
441.993706
441.958897
441.993551
441.954412
441.918017
441.916687
441.919840
441.954121
441.994125
441.954335
441.917679
441.953888
441.953624
441.953625
442.030307
441.957449
441.993307
441.955545
441.993704
441.956050
441.955520
442.065112
442.029505
441.955038
441.956023
441.958947
441.918535
441.917729
441.883417
441.883919
441.919844
441.920650
441.955716
441.957883
441.993535
442.030673
442.064083
441.955953
441.956945
441.958678
441.958675
441.995025
441.884215
441.991276
441.920564
441.992575
441.993102
441.953830
441.956484
442.029261
442.029808
442.030442
441.992687
441.992684
442.062184
441.953807
442.098457
441.954594
441.955090
442.028802
441.883659
441.955640
441.883697
441.989652
441.884983
441.883370
441.884182
441.953406
441.955628
441.883723
441.954500
441.955819
441.883783
441.920225
442.027389
441.921651
441.992046
441.957801
441.992111
441.955466
441.956797
441.884776
441.921204
442.027400
442.027382
441.992771
441.989717
441.956502
441.922240
441.919070
441.920064
441.990464
441.956221
441.917041
441.918035
441.989927
441.988646
441.954385
441.919531
441.991516
441.991814
441.955379
441.919530
441.955343
441.955739
441.955739
441.955549
441.988493
441.956227
441.989185
441.988176
441.951963
441.951987
441.955751
441.956448
441.918728
441.955786
441.956283
441.882945
441.992708
441.956034
441.919954
442.031920
441.920249
441.953657
441.954994
441.954439
441.998240
441.919623
441.954575
441.954567
441.991639
441.918573
441.920418
441.918649
441.952898
441.919622
441.997314
441.918519
441.882975
441.993507
441.953919
441.919648
441.883990
441.954446
441.918249
441.917266
441.953101
441.918830
441.882384
441.954401
441.915650
441.847568
441.953347
441.847836
441.992228
441.918735
441.919863
441.953909
441.920133
441.954941
441.919022
441.917936
441.882130
441.953865
441.919617
441.954410
442.028708
442.028704
441.994090
441.881317
441.881812
441.880991
441.881025
441.916315
441.916003
441.951113
441.954191
441.882319
441.956305
441.955021
441.959242
441.954915
441.882386
441.880339
441.881122
441.881622
441.880844
441.881641
441.882141
441.917955
442.112294
441.994102
441.995712
442.074121
442.070601
442.073629
442.070591
441.995629
441.996283
442.078156
441.994933
442.028847
442.036667
442.036182
442.111315
442.001454
442.001939
442.069366
442.069351
441.959003
442.111301
442.111339
442.029367
442.111896
442.030022
442.111325
442.074434
442.072919
442.074410
442.072909
442.116095
442.161139
442.234050
442.196469
442.035135
442.035128
441.959968
442.073660
442.114011
442.159009
442.073637
442.031978
441.994376
442.032633
441.998989
442.033423
442.068521
442.032951
442.030350
441.995083
441.994259
442.065339
441.992259
441.995225
441.923824
441.956204
441.957847
442.027905
441.991447
441.993650
441.920902
442.026797
441.992057
441.992195
441.992829
441.956218
441.992943
442.028507
442.026813
441.956748
441.992209
441.992814
442.028505
441.994431
442.029625
442.033027
441.995050
441.960198
441.963776
441.957823
441.992959
441.994317
442.034533
442.070432
442.107781
442.070435
442.107750
442.029031
441.992166
441.992686
441.992206
442.076305
442.075762
442.077111
441.999371
441.999360
442.033521
442.033507
442.026614
441.954913
441.955492
442.032110
442.036753
442.037251
441.998988
441.998974
442.110586
442.027794
441.992395
441.922735
441.992669
441.992338
441.922678
441.993817
441.993098
442.105096
442.064640
442.028597
441.889016
441.888145
442.035437
441.917365
441.953836
441.954175
441.917047
441.918013
441.917699
441.990294
441.954752
441.989496
442.195481
441.961589
442.000596
442.032254
442.106935
441.995817
441.996049
441.994993
442.071529
442.107726
441.996608
441.996840
442.065280
441.995784
442.031462
442.105514
441.994921
441.994654
442.037423
441.926812
441.926559
441.994079
441.925974
441.991331
442.065826
441.954903
442.027762
441.920212
441.920209
441.956102
441.921317
441.919374
441.919867
441.919661
441.988404
441.916678
441.916960
441.920137
441.883715
441.920932
441.957342
441.990836
441.885040
441.994378
441.918783
441.919065
441.958172
441.992149
441.886879
441.887652
441.992679
441.993526
442.029446
441.957285
441.922418
441.994260
442.029371
442.065231
441.958830
441.958068
441.956026
442.064411
441.954462
441.954456
441.955217
441.953032
441.917668
441.951709
441.918156
442.091696
442.010003
441.919397
441.926271
442.030281
441.958200
441.958696
441.958997
441.959000
441.922277
442.035908
441.958859
442.035420
442.070793
442.114246
442.113740
442.070784
442.113234
441.994338
442.037041
442.037031
441.960603
442.031757
442.071690
442.071205
442.150543
442.196885
442.077342
442.074198
442.073225
442.076836
442.074184
442.072751
442.113405
442.032432
442.034744
442.033064
442.035771
442.111676
442.109324
442.066701
442.030079
442.030939
441.994975
442.072682
442.067359
442.030737
441.997769
442.032883
442.038932
442.039701
442.071649
441.997413
442.071163
442.032493
442.029301
442.073437
442.074207
442.074260
442.112508
442.067910
442.034197
442.031994
442.072925
442.073694
442.031687
442.071079
441.996841
442.070593
442.113312
442.112021
442.037790
442.038576
442.113386
442.112826
442.074842
442.150803
442.074355
442.196308
442.078301
442.202140
442.154285
441.998001
442.035259
442.032565
442.105326
442.116166
442.069103
442.067841
442.074202
442.073094
442.034246
442.069797
442.034138
442.031622
442.071613
442.076088
442.037167
441.995633
442.073336
442.000124
442.070299
442.074288
441.997878
442.162079
442.069542
442.038377
442.039161
441.997354
442.038171
442.038940
441.997432
442.073565
442.108864
442.073323
442.075503
442.074334
442.108378
442.072837
442.076290
442.112805
442.076505
442.032634
441.997443
442.034562
441.997226
441.999179
441.999182
442.033818
442.033814
442.034838
442.034838
441.956834
442.071512
442.071512
442.067680
442.034801
442.034798
441.999518
441.999532
441.999231
441.999227
441.992148
442.029017
442.108251
442.069977
442.108251
442.069974
441.998733
441.998730
442.065843
441.992480
442.070194
442.070190
442.064941
442.071710
442.071714
442.024613
441.991635
441.991165
441.990293
442.026933
441.990543
441.951305
441.990309
442.026132
441.990256
442.069298
442.110246
441.991351
441.992184
442.070384
442.070384
441.993420
442.028258
442.068504
442.068501
441.999499
441.999526
442.034398
442.034426
441.993491
442.034641
441.999093
442.032815
442.159583
441.921021
441.920422
441.885166
441.998573
441.919370
441.919139
441.958164
441.919618
441.883224
441.994563
441.884519
441.883217
441.918787
441.918787
441.919044
441.918841
441.918522
441.918816
441.918492
441.925341
442.213566
442.705567
441.960105
442.032358
441.917242
441.915846
441.916659
441.917016
441.916690
441.883957
441.883467
441.989497
441.881020
441.813786
441.813299
441.918828
441.955678
441.884464
441.956011
441.915631
441.916146
441.881902
441.954477
441.917012
441.883787
441.955826
441.848619
441.848118
441.953648
441.846851
441.881670
441.880302
441.917667
441.880314
441.918281
441.846518
441.917688
441.881351
441.919269
441.915918
441.916729
441.815935
441.777640
441.815161
441.890388
441.884478
441.810889
441.891171
441.815181
442.268416
442.077256
441.884000
441.849121
441.849605
441.883177
441.848093
441.813260
441.919081
441.887697
441.778691
441.778716
441.917044
441.882218
441.883488
441.882959
441.917694
441.884799
441.850247
441.922161
441.852179
441.918038
441.917518
441.883526
441.847063
441.882388
441.882191
441.844957
441.844650
441.775789
442.043157
442.041553
442.112508
442.165400
442.041553
442.165386
441.955923
441.956413
441.991703
441.954537
441.957739
442.035425
441.994526
441.959756
441.958912
441.998418
442.032467
441.996555
442.074479
441.997154
441.995445
441.991954
441.958771
442.035284
441.957362
441.991950
441.958768
441.921965
441.917393
441.882619
441.917434
442.032562
442.072030
442.038069
441.993384
442.003574
442.033353
442.072631
441.992625
441.994293
442.032090
441.954877
442.026798
441.919852
441.958951
441.957362
442.032942
441.957896
442.035668
441.964269
441.999379
442.037712
442.038684
442.034746
442.032767
441.994960
441.993492
441.992660
442.070521
441.996374
441.993937
441.992918
442.032871
442.072148
441.994423
441.993404
441.992618
442.035652
442.113610
441.885598
441.922025
441.922011
441.918170
441.918464
441.956755
441.885063
441.992762
442.070540
441.998107
441.958113
441.958956
441.921487
441.997058
442.038243
441.994651
441.993506
441.992663
441.993590
441.959787
441.958955
441.920334
441.921120
442.034524
441.957355
441.958225
441.994433
441.960107
441.993066
441.882867
441.882353
441.883145
441.882847
441.953622
441.954404
441.993625
441.883945
441.882369
441.990193
441.989211
441.953903
441.991095
441.883228
441.884030
441.991877
441.992563
442.034362
442.029487
442.033673
441.956538
441.956542
441.994358
441.997135
441.956520
441.956516
441.993841
441.924654
441.922500
441.886623
441.884788
441.887433
441.883187
441.956319
441.952517
441.954950
441.953296
441.919367
441.956096
441.920984
441.996397
442.070488
441.957464
442.033972
441.991949
441.957474
441.956241
441.954927
442.033985
441.956072
441.991959
441.959485
441.957572
441.958678
442.069672
441.992684
441.992680
441.887682
441.922019
441.961145
441.954915
441.954915
441.994296
441.960459
441.955469
441.955469
442.027872
441.992179
441.992179
441.959485
442.067078
