377.334971
377.663338
377.659835
377.581227
377.655339
377.623976
377.626141
377.547167
377.619755
377.622338
377.587616
377.509679
377.510768
377.546120
377.581696
377.546055
377.477870
377.546683
377.544269
377.621610
377.509004
377.541895
377.508609
377.658540
377.584807
377.580711
377.506781
377.472441
377.471371
377.505986
377.583846
377.507610
377.581429
377.615317
377.505723
377.505217
377.578018
377.508126
377.471970
377.504925
377.583047
377.580170
377.508219
377.581626
377.585506
377.508707
377.543436
377.543450
377.584210
377.544557
377.510592
377.619607
377.508212
377.578008
377.506225
377.577714
377.504943
377.471505
377.579033
377.578738
377.584799
377.507303
377.544245
377.472448
377.509800
377.542447
377.542952
377.505411
377.473864
377.505785
377.505781
377.580996
377.580999
377.474336
377.436622
377.509456
377.507570
377.436306
377.542691
377.470049
377.472353
377.472130
377.471076
377.505709
377.543341
377.584181
377.543422
377.585478
377.619597
377.471707
377.472013
377.581583
377.471434
377.582115
377.578117
377.472800
377.472537
377.472026
377.580361
377.577432
377.578760
377.578244
377.583031
377.542280
377.542260
377.583525
377.508394
377.619586
377.541664
377.542725
377.543022
377.582195
377.577188
377.579580
377.541287
377.544886
377.507045
377.544075
377.584806
377.542595
377.543924
377.474222
377.474796
377.506786
377.622494
377.578808
377.578820
377.544610
377.544173
377.544935
377.545267
377.542662
377.509972
377.577199
377.543741
377.655637
377.687782
377.578647
377.578363
377.542445
377.544567
377.693766
377.656014
377.585115
377.587923
377.509430
377.473117
377.472792
377.469961
377.540778
377.540801
377.577645
377.470767
377.618038
377.582792
377.655819
377.617002
377.615752
377.477504
377.546628
377.474606
377.477245
377.546379
377.476973
377.613087
377.542620
377.473848
377.544546
377.580150
377.507884
377.507899
377.543692
377.509753
377.543158
377.509151
377.539112
377.542449
377.540106
377.506568
377.540919
377.612223
377.542568
377.611710
377.578488
377.539914
377.540605
377.541542
377.507829
377.540045
377.507334
377.509434
377.578553
377.541879
377.540856
377.541813
377.509162
377.582036
377.616395
377.509176
377.740558
377.790409
377.706053
377.707740
377.585366
377.508963
377.471690
377.470921
377.471956
377.507763
377.506987
377.470360
377.471980
377.436626
377.473322
377.508329
377.437095
377.508062
377.437097
377.547993
377.581240
377.542406
377.582783
377.580317
377.472459
377.581233
377.508664
377.578759
377.613778
377.509458
377.507911
377.507414
377.542377
377.508645
377.509520
377.613135
377.543244
377.576423
377.654667
377.507405
377.541470
377.544982
377.474343
377.473545
377.543738
377.544468
377.504883
377.578007
377.473322
377.577694
377.507067
377.577603
377.509420
377.509115
377.579089
377.577923
377.472609
377.473068
377.473110
377.614709
377.507046
377.507074
377.617476
377.505201
377.542934
377.544484
377.620355
377.506733
377.504944
377.578602
377.505672
377.471949
377.576691
377.505188
377.612565
377.471995
377.508891
377.542645
377.582085
377.473079
377.580043
377.626712
377.620900
377.509453
377.543215
377.474602
377.472152
377.510180
377.439199
377.509101
377.545667
377.471924
377.472448
377.471345
377.549917
377.506660
377.507795
377.471972
377.542210
377.512085
377.587682
377.510193
377.476256
377.547828
377.477690
377.616470
377.579974
377.616002
377.545492
377.547687
377.579196
377.580065
377.615879
377.546299
377.543093
377.508035
377.471447
377.543072
377.578362
377.583660
377.546992
377.578522
377.579869
377.544590
377.546524
377.579251
377.544677
377.713528
377.657639
377.544090
377.547050
377.546206
377.579412
377.546806
377.578066
377.578290
377.477564
377.513964
377.474577
377.510494
377.540326
377.541111
377.509425
377.509684
377.509424
377.507597
377.512586
377.583910
377.473228
377.547980
377.474323
377.547016
377.473541
377.473546
377.510794
377.510205
377.510977
377.620476
377.661620
377.623773
377.581107
377.618324
377.511875
377.552470
377.437629
377.713937
377.403363
377.404641
377.436302
377.507585
377.623244
377.580993
377.653761
377.660132
377.620082
377.617547
377.578732
377.583976
377.660439
377.581716
377.547378
377.659952
377.586189
377.547274
377.655135
377.700513
377.618738
377.618609
377.547654
377.580561
377.579556
377.654447
377.654761
377.659575
377.658802
377.617370
377.693346
377.696209
377.692863
377.696978
377.621113
377.617916
377.664603
377.583586
377.616557
377.583173
377.544574
377.658341
377.658824
377.788755
377.739126
377.544995
377.622761
377.622772
377.580636
377.543668
377.617228
377.700488
377.701012
377.700002
377.703066
377.581469
377.654250
377.661116
377.618059
377.621067
377.700527
377.626257
377.619237
377.545761
377.508896
377.507932
377.580325
377.508604
377.660085
377.544502
377.580102
377.545038
377.510987
377.580278
377.546011
377.650790
377.579010
377.694417
377.654935
377.546684
377.545402
377.580234
377.579354
377.545977
377.542582
377.544120
377.583567
377.473513
377.543666
377.543388
377.578496
377.543126
377.508894
377.541256
377.653274
377.651628
377.542064
377.579778
377.508272
377.510656
377.509922
377.581632
377.508596
377.616802
377.512491
377.512243
377.543050
377.546767
377.546000
377.690698
377.618387
377.546048
377.545193
377.750314
377.439198
377.582203
377.736387
377.658038
377.696953
377.783192
377.653649
377.508656
377.621240
377.544866
377.546409
377.581081
377.581734
377.665761
377.584742
377.472489
377.664682
377.583647
377.747642
377.583249
377.542667
377.545637
377.543463
377.543510
377.510026
377.474945
377.508634
377.545274
377.439554
377.694631
377.545005
377.472757
377.616353
377.544243
377.659695
377.616357
377.612679
377.620418
377.540788
377.507046
377.583095
377.509137
377.507827
377.545274
377.438958
377.512600
377.506964
377.508518
377.477018
377.545170
377.510600
377.615372
377.541570
377.653903
377.509154
377.544688
377.618257
377.471440
377.472405
377.550327
377.545916
377.547255
377.582878
377.582973
377.543676
377.543936
377.585571
377.623420
377.619601
377.579333
377.545769
377.580438
377.434225
377.789888
377.788599
377.735692
377.661561
377.703661
377.661561
377.703657
377.546051
377.625649
377.625175
377.581850
377.583872
377.588749
377.621382
377.585294
377.584734
377.620702
377.546123
377.546602
377.652432
377.619874
377.617257
377.701904
377.620803
377.507920
377.471648
377.579323
377.506244
377.504895
377.545724
377.691950
377.575978
377.619262
377.507470
377.470875
377.579349
377.505748
377.615718
377.618398
377.541534
377.543795
377.504112
377.507672
377.543308
377.507064
377.507864
377.580549
377.544222
377.512079
377.545337
377.581021
377.615771
377.622915
377.658963
377.547265
377.581390
377.584036
377.660937
377.662983
377.699030
377.655339
377.690858
377.655130
377.620149
377.617406
377.620883
377.584791
377.584221
377.620186
377.510025
377.616433
377.579677
377.580832
377.580020
377.473906
377.473927
377.579215
377.508030
377.508857
377.508574
377.508080
377.578697
377.542088
377.541046
377.541090
377.542653
377.508139
377.507395
377.506884
377.613495
377.543125
377.581204
377.544783
377.546100
377.473611
377.473331
377.578948
377.473051
377.472820
377.472558
377.472065
377.619123
377.617676
377.583109
377.548816
377.581794
377.625540
377.618680
377.618762
377.547860
377.625693
377.621183
377.406516
377.435504
377.436102
377.405767
377.478573
377.436584
377.438187
377.549406
377.552998
377.547386
377.472070
377.474112
377.705742
377.705746
377.664751
377.664737
377.697675
377.697678
377.697678
377.697682
377.469671
377.542409
377.471700
377.471699
377.545060
377.471396
377.511317
377.511617
377.547004
377.542188
377.616820
377.507079
377.472785
377.473086
377.506254
377.583888
377.551984
377.476546
377.545730
377.441084
377.440282
377.510231
377.439513
377.546814
377.442166
377.440882
377.552263
377.471639
377.580761
377.471225
377.470929
377.471999
377.509755
377.508191
377.510252
377.582380
377.617316
377.545308
377.582408
377.506890
377.612833
377.579569
377.541045
377.613533
377.579430
377.542395
377.578452
377.506864
377.580349
377.613613
377.614314
377.578489
377.580203
377.541887
377.579232
377.620623
377.620935
377.617760
377.579318
377.474357
377.474347
377.441108
377.475454
377.442205
377.402838
377.402060
377.580716
377.548824
377.438479
377.435822
377.581258
377.470926
377.470712
377.470379
377.470166
377.471151
377.580242
377.547484
377.542924
377.543438
377.542956
377.509424
377.619508
377.474648
377.508416
377.507102
377.617827
377.543987
377.438263
377.510223
377.434798
377.471420
377.469832
377.473052
377.471362
377.472193
377.436586
377.473812
377.546232
377.543671
377.504106
377.543138
377.470880
377.576870
377.505445
377.471678
377.438936
377.437378
377.543644
377.541893
377.581767
377.506763
377.509198
377.543150
377.508359
377.580505
377.541667
377.541682
377.508669
377.474657
377.618117
377.615150
377.506604
377.473830
377.507903
377.507885
377.474140
377.507089
377.619486
377.507860
377.615200
377.507906
377.473055
377.439805
377.580915
377.473820
377.616295
377.579453
377.578610
377.546397
377.545597
377.475003
377.506524
377.507843
377.473276
377.581227
377.472458
377.580425
377.579060
377.579069
377.581532
377.617084
377.550786
377.621828
377.623313
377.512659
377.511339
377.544688
377.579752
377.578253
377.615532
377.623289
377.546814
377.656297
377.577428
377.581040
377.578577
377.619795
377.584746
377.543820
377.546385
377.471050
377.541591
377.541599
377.506520
377.615730
377.614572
377.615262
377.579848
377.506231
377.469851
377.543375
377.504209
377.542818
377.576346
377.541273
377.508306
377.542081
377.437089
377.541820
377.437400
377.540744
377.577206
377.577222
377.541542
377.543407
377.540552
377.543701
377.507513
377.508789
377.612999
377.541081
377.508299
377.505415
377.542652
377.576421
377.575622
377.505204
377.506511
377.471446
377.541876
377.542639
377.505682
377.472220
377.543687
377.472147
377.509148
377.509154
377.474053
377.543169
377.544142
377.614088
377.615752
377.543262
377.542770
377.509175
377.507904
377.576642
377.543187
377.543129
377.470175
377.507573
377.504979
377.507383
377.506047
377.507310
377.543935
377.543977
377.653355
377.542643
377.546104
377.547702
377.616561
377.615402
377.616599
377.509404
377.542887
377.543402
377.437682
377.580395
377.580721
377.579960
377.618963
377.542175
377.575655
377.575612
377.506481
377.542646
377.504182
377.470940
377.614647
377.617091
377.543194
377.544011
377.545309
377.506192
377.615810
377.615324
377.615454
377.510263
377.543416
377.438189
377.581750
377.619278
377.507857
377.543519
377.576130
377.507506
377.543146
377.471931
377.577992
377.472445
377.542692
377.506501
377.542684
377.506800
377.577967
377.506193
377.472438
377.542652
377.473845
377.579834
377.511322
377.545947
377.507097
377.543529
377.545617
377.469157
377.469934
377.580272
377.582895
377.472040
377.504429
377.436133
377.541393
377.542682
377.469865
377.580039
377.545514
377.652315
377.579523
377.544634
377.506024
377.507351
377.508048
377.577644
377.543841
377.543093
377.579019
377.579017
377.579021
377.543369
377.544730
377.579011
377.544197
377.543193
377.543197
377.576881
377.542680
377.544196
377.508087
377.614185
377.658264
377.509942
377.544945
377.614586
377.545135
377.650539
377.653902
377.651101
377.576183
377.576363
377.541346
377.648222
377.578325
377.544601
377.692321
377.544512
377.579026
377.616201
377.614339
377.617169
377.615388
377.618423
377.544206
377.617344
377.653296
377.616426
377.618887
377.576673
377.542934
377.470941
377.578587
377.471467
377.507655
377.578914
377.505193
377.507156
377.543513
377.543953
377.473403
377.580120
377.507159
377.473894
377.469352
377.470116
377.436946
377.541886
377.543144
377.508118
377.472282
377.578791
377.506580
377.539608
377.540798
377.541291
377.541574
377.507057
377.470661
377.507629
377.471787
377.544202
377.576393
377.542386
377.543428
377.507836
377.507813
377.614289
377.506254
377.579215
377.508065
377.542961
377.613360
377.544340
377.576971
377.542679
377.649516
377.580394
377.542655
377.616989
377.615615
377.507091
377.613634
377.543127
377.614384
377.578476
377.692131
377.579392
377.653034
377.653048
377.691206
377.617614
377.616556
377.615623
377.615717
377.435450
377.436319
377.507034
377.618083
377.542589
377.473635
377.509002
377.471390
377.471535
377.505502
377.472460
377.505451
377.505451
377.470146
377.507279
377.577979
377.507076
377.506017
377.577200
377.503583
377.504883
377.507050
377.542937
377.577961
377.577709
377.506048
377.616503
377.504947
377.505711
377.506227
377.545253
377.546056
377.546061
377.578564
377.541063
377.507848
377.578546
377.690964
377.657391
377.619640
377.619604
377.656757
377.586797
377.583971
377.617111
377.579876
377.472779
377.471187
377.508939
377.621641
377.660371
377.548169
377.626774
377.652023
377.583274
377.620380
377.585826
377.657566
377.658183
377.654077
377.620930
377.581089
377.580579
377.689238
377.580574
377.586069
377.654735
377.661295
377.547312
377.617067
377.584271
377.584193
377.580409
377.586053
377.582444
377.472225
377.470618
377.544781
377.543890
377.540467
377.541249
377.615773
377.735961
377.735947
377.698658
377.735944
377.698655
377.548001
377.620967
377.547011
377.625742
377.662650
377.625729
377.582989
377.583531
377.581915
377.544046
377.579122
377.580141
377.545279
377.614399
377.580593
377.615947
377.617907
377.649657
377.578883
377.617474
377.615249
377.614460
377.617892
377.619552
377.581803
377.583400
377.619459
377.618805
377.616977
377.617394
377.619019
377.582865
377.582506
377.617103
377.581847
377.618784
377.582619
377.616931
377.660730
377.661133
377.548296
377.653402
377.616886
377.625248
377.545912
377.508663
377.577528
377.657082
377.508335
377.577790
377.544021
377.576784
377.578924
377.543523
377.542559
377.611666
377.578240
377.657317
377.618927
377.698799
377.699039
377.699039
377.699025
377.547211
377.660066
377.702365
377.702849
377.733270
377.695151
377.695545
377.697696
377.698795
377.698795
377.699036
377.698809
377.618458
377.582314
377.545458
377.545452
377.703643
377.660276
377.581244
377.546717
377.584239
377.546584
377.662002
377.662002
377.735933
377.698645
377.620744
377.620047
377.655767
377.657931
377.661978
377.661988
377.698644
377.662171
377.618615
377.582005
377.546902
377.626217
377.695339
377.696887
377.660048
377.653849
377.618212
377.653416
377.617678
377.728904
377.655869
377.653557
377.617418
377.689669
377.808718
377.659828
377.581015
377.617629
377.579744
377.581215
377.510227
377.614717
377.649359
377.613987
377.615453
377.691312
377.579386
377.580524
377.545105
377.615447
377.615827
377.727700
377.806433
377.613973
377.649570
377.653300
377.651057
377.653300
377.613977
377.685465
377.615039
377.617802
377.583837
377.658117
377.619719
377.507836
377.541310
377.436926
377.542632
377.470670
377.471428
377.470453
377.436124
377.541874
377.469849
377.582230
377.506031
377.473117
377.579226
377.507850
377.575934
377.504091
377.470376
377.506472
377.505981
377.578445
377.543743
377.507514
377.542053
377.612903
377.578627
377.508843
377.508621
377.541318
377.438224
377.542933
377.615957
377.540568
377.507727
377.471988
377.578215
377.471968
377.471971
377.579181
377.580841
377.544217
377.579058
377.579555
377.508333
377.542417
377.613676
377.577409
377.581052
377.578260
377.543660
377.580092
377.543655
377.543610
377.578239
377.580083
377.543728
377.576399
377.577524
377.617492
377.578929
377.576888
377.542327
377.580279
377.578169
377.575258
377.578725
377.438988
377.544214
377.512375
377.546997
377.546971
377.541631
377.472750
377.576983
377.507491
377.506513
377.510537
377.473855
377.545162
377.507094
377.617928
377.507068
377.582082
377.581581
377.582995
377.618186
377.582792
377.620152
377.655094
377.619556
377.546026
377.617858
377.583550
377.621073
377.657523
377.692583
377.654402
377.656849
377.579781
377.579289
377.580292
377.580289
377.508937
377.509433
377.544512
377.507621
377.508900
377.508419
377.508634
377.508644
377.581484
377.584733
377.584522
377.583682
377.586509
377.581365
377.510667
377.471125
377.508795
377.581057
377.579461
377.542470
377.654735
377.541451
377.578689
377.577849
377.695932
377.664018
377.697951
377.692519
377.617631
377.656551
377.579366
377.580169
377.614196
377.509617
377.543855
377.657965
377.581846
377.616352
377.581343
377.581700
377.512606
377.547382
377.620860
377.621958
377.477550
377.581616
377.580840
377.546879
377.617083
377.582222
377.545639
377.546413
377.580454
377.581243
377.620122
377.545421
377.618043
377.621258
377.656871
377.693129
377.585556
377.654713
377.653640
377.542134
377.617609
377.578162
377.616630
377.578995
377.542349
377.508119
377.543372
377.542062
377.508309
377.617798
377.583493
377.545583
377.545903
377.511082
377.439577
377.439257
377.511317
377.511636
377.508680
377.616821
377.547023
377.546165
377.544802
377.542653
377.584399
377.542636
377.615966
377.583565
377.618003
377.505403
377.544065
377.472007
377.577559
377.471974
377.585265
377.545461
377.581649
377.582433
377.543516
377.544583
377.545076
377.582961
377.652289
377.542888
377.542907
377.540810
377.541319
377.580489
377.504717
377.505497
377.508952
377.542510
377.542424
377.542434
377.581787
377.651108
377.617299
377.619389
377.508952
377.508978
377.548146
377.582529
377.510205
377.543291
377.580667
377.578903
377.580191
377.578917
377.542473
377.543762
377.543266
377.541091
377.473872
377.474658
377.579254
377.545546
377.579713
377.546328
377.694349
377.692589
377.576143
377.504924
377.576656
377.539744
377.540250
377.539754
377.503653
377.504154
377.506380
377.469656
377.576363
377.505174
377.576655
377.504086
377.576345
377.504919
377.540814
377.504418
377.575876
377.504942
377.470459
377.577148
377.577171
377.577151
377.577136
377.545032
377.471956
377.472265
377.506497
377.657011
377.621677
377.622339
377.620324
377.618297
377.623955
377.623609
377.616375
377.548837
377.623944
377.617973
377.581365
377.654351
377.659531
377.546271
377.625265
377.581077
377.508947
377.509444
377.509675
377.509183
377.581049
377.621362
377.508057
377.578577
377.473832
377.508573
377.582489
377.621606
377.578023
377.473273
377.507529
377.508661
377.578550
377.579061
377.508136
377.578560
377.509478
377.542070
377.470633
377.580513
377.471700
377.472233
377.472744
377.473047
377.578891
377.509753
377.509776
377.436819
377.508686
377.470967
377.471943
377.471265
377.472042
377.509965
377.471390
377.474683
377.474668
377.472221
377.544581
377.617134
377.506749
377.507070
377.507901
377.584112
377.617112
377.614824
377.507601
377.583310
377.546281
377.507630
377.579050
377.508402
377.542040
377.579333
377.545158
377.545558
377.511530
377.546632
377.579678
377.617587
377.582749
377.655499
377.508674
377.508324
377.508113
377.546417
377.578031
377.578008
377.545605
377.543751
377.585342
377.550508
377.544249
377.581546
377.546373
377.509189
377.543757
377.543266
377.579598
377.510658
377.544831
377.615172
377.578107
377.616871
377.582107
377.579545
377.508854
377.544236
377.543746
377.544105
377.510154
377.580380
377.615718
377.511435
377.544812
377.615946
377.578074
377.655989
377.616280
377.583744
377.619075
377.476549
377.579848
377.545014
377.581752
377.545755
377.580920
377.579570
377.615863
377.577390
377.615521
377.580363
377.546548
377.615862
377.582176
377.542131
377.577765
377.617519
377.614926
377.576977
377.578510
377.578321
377.650562
377.544724
377.545507
377.540507
377.507243
377.580037
377.614271
377.578026
377.578506
377.616393
377.542100
377.542088
377.582508
377.581840
377.700493
377.581330
377.543600
377.508501
377.510098
377.471752
377.548055
377.472791
377.471978
377.582481
377.695112
377.545324
377.508917
377.507543
377.438211
377.476768
377.511519
377.583881
377.583056
377.582582
377.544198
377.546104
377.506810
377.507850
377.506679
377.505703
377.504385
377.505181
377.508655
377.402288
377.508634
377.505995
377.506226
377.504942
377.615239
377.504191
377.542632
377.473897
377.543761
377.508188
377.438447
377.507013
377.503891
377.504686
377.615752
377.471685
377.470868
377.470364
377.579868
377.656241
377.543554
377.544645
377.615123
377.616189
377.616394
377.579335
377.545989
377.580088
377.544436
377.625739
377.625742
377.626191
377.626070
377.511071
377.582378
377.543891
377.544908
377.582362
377.543864
377.544908
377.544805
377.579346
377.579943
377.581424
377.543988
377.544502
377.509301
377.543528
377.614916
377.543514
377.657275
377.578833
377.542128
377.612008
377.579543
377.507591
377.615863
377.651598
377.473360
377.576703
377.545551
377.473789
377.545020
377.580900
377.544462
377.542352
377.543209
377.507361
377.542764
377.578550
377.578531
377.542326
377.508416
377.508670
377.545535
377.580079
377.614314
377.614108
377.579730
377.507903
377.618012
377.473612
377.578562
377.509220
377.542669
377.473922
377.543015
377.579436
377.508417
377.621760
377.540604
377.542403
377.541093
377.615862
377.543380
377.577922
377.584385
377.546165
377.507021
377.508800
377.507444
377.548757
377.508741
377.509285
377.545170
377.473823
377.473020
377.544695
377.473345
377.472060
377.503423
377.543335
377.470699
377.506065
377.505586
377.504741
377.505456
377.541640
377.653791
377.506094
377.471815
377.505148
377.505046
377.541144
377.504941
377.584112
377.505209
377.505726
377.505227
377.504525
377.471495
377.583525
377.694050
377.468861
377.469338
377.469344
377.470147
377.470145
377.469158
377.541617
377.579290
377.507887
377.507298
377.541427
377.541546
377.505742
377.507253
377.507007
377.620823
377.509621
377.546873
377.471288
377.434732
377.507349
377.581079
377.471961
377.543516
377.583746
377.580920
377.621502
377.547180
377.581611
377.580697
377.582970
377.547184
377.580852
377.580922
377.582924
377.544198
377.544740
377.542937
377.542428
377.545065
377.585055
377.508974
377.543953
377.544787
377.545058
377.475074
377.549066
377.546663
377.508875
377.509369
377.543677
377.508902
377.547790
377.507356
377.579821
377.617513
377.617252
377.544203
377.541597
377.574600
377.623030
377.659734
377.438745
377.510630
377.508436
377.507641
377.583637
377.506254
377.579592
377.583912
377.586727
377.581903
377.653839
377.617893
377.616271
377.581872
377.581839
377.697442
377.618754
377.619544
377.654862
377.506765
377.473276
377.508896
377.546461
377.511679
377.627620
377.475819
377.592909
377.784910
377.731499
377.660544
377.784423
377.731492
377.660541
377.547223
377.513556
377.551197
377.702067
377.744149
377.744638
377.702071
377.701861
377.702360
377.701875
377.701862
377.665226
377.665226
377.617029
377.580376
377.509676
377.579595
377.580947
377.509209
377.543779
377.542072
377.545822
377.540249
377.541285
377.655369
377.543029
377.505562
377.541084
377.506536
377.505771
377.544227
377.545508
377.544497
377.508348
377.508368
377.581417
377.622130
377.509209
377.506249
377.506262
377.736060
377.580497
377.580008
377.616722
377.539279
377.654877
377.507355
377.540859
377.540970
377.506868
377.504740
377.657228
377.614899
377.615204
377.507854
377.656217
377.613401
377.507647
377.542472
377.506871
377.582359
377.578943
377.580510
377.694219
377.581307
377.651819
377.544027
377.544272
377.509452
377.509813
377.653548
377.472491
377.582847
377.508210
377.542104
377.540798
377.507858
377.508649
377.506541
377.580561
377.585402
377.582580
377.469560
377.470618
377.469020
377.473797
377.545601
377.507847
377.617650
377.506777
377.614543
377.580433
377.545793
377.614526
377.578471
377.580417
377.545268
377.619235
377.626077
377.623827
377.618984
377.625851
377.583772
377.583683
377.507869
377.507874
377.581012
377.697063
377.660770
377.661551
377.663219
377.662786
377.662298
377.661901
377.699871
377.623977
377.623987
377.620366
377.545950
377.621465
377.542422
377.619586
377.508897
377.581843
377.617101
377.581332
377.617099
377.579124
377.542683
377.580789
377.509683
377.509697
377.506886
377.543205
377.578443
377.619822
377.541117
377.578368
377.616068
377.615855
377.651602
377.543980
377.510100
377.614933
377.544791
377.658073
377.543537
377.545110
377.579159
377.580640
377.544502
377.509154
377.579558
377.579064
377.545795
377.543439
377.544564
377.578399
377.578371
377.612031
377.579089
377.544342
377.543445
377.581819
377.507795
377.511048
377.578680
377.506551
377.507019
377.471774
377.547095
377.506058
377.544051
377.508674
377.508387
377.585556
377.505969
377.541915
377.542186
377.543632
377.542381
377.471767
377.543144
377.542371
377.507318
377.471419
377.617478
377.617006
377.583489
377.545597
377.505179
377.505162
377.544072
377.504884
377.504382
377.652907
377.472284
377.547280
377.505537
377.504728
377.509312
377.472286
377.507573
377.505995
377.508655
377.472231
377.613833
377.579883
377.471944
377.543676
377.542611
377.543333
377.579801
377.507828
377.543335
377.544495
377.508050
377.508875
377.543688
377.545001
377.508834
377.474915
377.542394
377.472431
377.471739
377.582299
377.436838
377.472411
377.545756
377.580702
377.653329
377.542614
377.506265
377.540329
377.505807
377.506289
377.544007
377.509654
377.509649
377.511087
377.469536
377.439079
377.472309
377.511436
377.441350
377.545114
377.546482
377.441074
377.471397
377.509440
377.544029
377.471955
377.511260
377.545154
377.544338
377.471478
377.509083
377.508094
377.473055
377.507576
377.508001
377.544126
377.504642
377.623786
377.543432
377.543717
377.509496
377.578487
377.578207
377.789243
377.740378
377.740863
377.789742
377.740848
377.507229
377.507622
377.508968
377.507129
377.507113
377.506252
377.506484
377.620062
377.543467
377.657829
377.581525
377.542129
377.545947
377.656806
377.543688
377.656702
377.577751
377.543155
377.579131
377.543249
377.578520
377.578494
377.658083
377.544973
377.581814
377.511204
377.657823
377.580845
377.545842
377.547096
377.512174
377.657196
377.581663
377.545689
377.580550
377.581826
377.657457
377.579925
377.578963
377.543863
377.543752
377.580464
377.577098
377.656059
377.578081
377.623398
377.545082
377.622927
377.545429
377.545412
377.658931
377.545361
377.658940
377.546215
377.545423
377.656159
377.543045
377.580403
377.544834
377.655370
377.541628
377.543205
377.580068
377.580552
377.510106
377.576784
377.657183
377.580201
377.620729
377.511537
377.751957
377.752446
377.544792
377.576205
377.576176
377.784983
377.506534
377.507046
377.544446
377.620005
377.584342
377.507219
377.472980
377.577674
377.473779
377.506993
377.544713
377.588832
377.544457
377.475056
377.653255
377.651618
377.588100
377.581944
377.577694
377.512803
377.544999
377.616801
377.512559
377.615104
377.657983
377.692846
377.579180
377.616482
377.616014
377.545964
377.509090
377.580953
377.545238
377.544394
377.622202
377.544201
377.543394
377.544206
377.613804
377.543431
377.545530
377.506548
377.612681
377.582099
377.585698
377.546646
377.584921
377.585430
377.507550
377.473309
377.509210
377.508336
377.543984
377.582978
377.508958
377.508178
377.544581
377.578525
377.651016
377.652658
377.661564
377.506067
377.540756
377.539227
377.505708
377.506550
377.506231
377.542820
377.581063
377.472312
377.505543
377.619816
377.473676
377.507422
377.508403
377.508103
377.508389
377.543806
377.472456
377.471639
377.437911
377.437107
377.509655
377.507748
377.510407
377.540797
377.507251
377.506453
377.509140
377.507823
377.470865
377.544249
377.507983
377.471447
377.505204
377.470676
377.507349
377.539976
377.474097
377.508538
377.577585
377.540202
377.577403
377.576097
377.541556
377.541579
377.573750
377.577238
377.541876
377.611869
377.541097
377.578370
377.619848
377.621138
377.471194
377.471977
377.505738
377.506520
377.541567
377.542179
377.541380
377.539252
377.537935
377.539407
377.505210
377.539563
377.577778
377.576618
377.506822
377.507139
377.507215
377.472620
377.472951
377.504407
377.652674
377.582518
377.618892
377.472988
377.506577
377.546134
377.471093
377.579596
377.472967
377.546973
377.578608
377.545307
377.579348
377.472792
377.544661
377.578021
377.544538
377.472825
377.619065
377.581441
377.582447
377.581467
377.472217
377.506023
377.473781
377.545068
377.512344
377.580305
377.508358
377.578760
377.507870
377.509378
377.509186
377.505731
377.506991
377.506799
377.614340
377.614054
377.578476
377.543244
377.578992
377.544048
377.542065
377.616341
377.542348
377.579022
377.543172
377.581014
377.580874
377.578855
377.653171
377.582518
377.618896
377.545789
377.512066
377.544717
377.617654
377.584165
377.624035
377.625952
377.625706
377.541136
377.541968
377.614676
377.578019
377.577193
377.543195
377.541811
377.576123
377.655402
377.506405
377.471669
377.506684
377.505176
377.542396
377.543516
377.507509
377.541722
377.507419
377.543246
377.577038
377.506893
377.542162
377.656245
377.540523
377.574551
377.576624
377.576934
377.575279
377.541562
377.504891
377.506822
377.472609
377.505220
377.539907
377.538989
377.539109
377.541316
377.541996
377.505692
377.539975
377.539737
377.541953
377.506179
377.539922
377.538918
377.541865
377.577753
377.577762
377.656535
377.620403
377.508648
377.581795
377.584758
377.581388
377.512254
377.511992
377.580798
377.615849
377.543692
377.546724
377.546462
377.580561
377.580088
377.577901
377.578265
377.617499
377.617212
377.546511
377.509413
377.582352
377.616863
377.580985
377.508814
377.579698
377.542592
377.695788
377.659666
377.696095
377.435526
377.471421
377.473511
377.509456
377.506244
377.507827
377.543752
377.544266
377.544760
377.472190
377.470586
377.544025
377.542110
377.541289
377.581573
377.583124
377.586903
377.472469
377.470881
377.583278
377.585320
377.548919
377.507564
377.580229
377.437458
377.508143
377.584799
377.507048
377.469911
377.470702
377.579469
377.507080
377.507065
377.545700
377.543261
377.507539
377.543273
377.509167
377.616557
377.587071
377.690574
377.690553
377.585356
377.583536
377.752436
377.753223
377.664467
377.583051
377.546089
377.622587
377.581716
377.618331
377.652981
377.700004
377.693747
377.581305
377.617844
377.624166
377.617895
377.617421
377.624156
377.618207
377.622591
377.546878
377.619128
377.543655
377.582516
377.545987
377.621728
377.581846
377.543707
377.547239
377.543703
377.615716
377.581618
377.618250
377.652844
377.582412
377.514211
377.544083
377.511500
377.511199
377.584548
377.583309
377.583098
377.513841
377.442147
377.513833
377.578517
377.578487
377.472455
377.545041
377.583882
377.579814
377.508384
377.579289
377.545862
377.474628
377.583049
377.580947
377.541423
377.509746
377.618803
377.505676
377.471443
377.577299
377.620544
377.541114
377.542097
377.540291
377.542885
377.543163
377.543930
377.578239
377.506031
377.610996
377.653077
377.541636
377.471731
377.505483
377.509449
377.578545
377.509914
377.471425
377.469365
377.505385
377.538971
377.503409
377.506503
377.576417
377.506979
377.469362
377.541878
377.543136
377.471204
377.472479
377.691040
377.576692
377.502881
377.538743
377.577602
377.613853
377.543501
377.577978
377.506256
377.508490
377.541605
377.578089
377.578269
377.580476
377.504202
377.692750
377.577508
377.543506
377.655398
377.613419
377.578377
377.620876
377.579382
377.509267
377.654898
377.612917
377.577535
377.577904
377.614641
377.540708
377.540190
377.546979
377.470689
377.542074
377.542036
377.504446
377.580022
377.505245
377.505531
377.504546
377.585214
377.542402
377.472586
377.543999
377.510033
377.472248
377.507767
377.508550
377.546187
377.470717
377.439493
377.470631
377.471417
377.582461
377.470911
377.545234
377.544462
377.475951
377.475459
377.583980
377.509498
377.542929
377.616520
377.543689
377.475154
377.615208
377.474672
377.616801
377.615133
377.508656
377.509440
377.509187
377.542798
377.508798
377.543314
377.436657
377.436636
377.471577
377.471752
377.437921
377.437417
377.541113
377.540301
377.543914
377.436644
377.543672
377.545212
377.470957
377.504699
377.508941
377.506323
377.509107
377.470659
377.469473
377.471374
377.508011
377.507891
377.542402
377.543657
377.506553
377.470911
377.472197
377.504670
377.472049
377.471065
377.469840
377.504719
377.470204
377.505254
377.504945
377.504424
377.540071
377.543504
377.472248
377.542438
377.507649
377.509461
377.504882
377.543636
377.436927
377.471193
377.471399
377.470606
377.507027
377.578470
377.508971
377.545018
377.612507
377.579038
377.612005
377.614335
377.578536
377.613551
377.575903
377.542359
377.576711
377.543201
377.576416
377.576412
377.580489
377.545573
377.545102
377.618094
377.582235
377.473056
377.583003
377.510713
377.511486
377.583766
377.507855
377.507855
377.580667
377.579374
377.539958
377.508101
377.541609
377.541828
377.581820
377.507359
377.508135
377.472524
377.473016
377.616311
377.473552
377.545091
377.471437
377.579544
377.509189
377.509519
377.471676
377.544438
377.474112
377.543134
377.507067
377.508122
377.547718
377.471461
377.474113
377.474888
377.438801
377.439283
377.583045
377.505762
377.475351
377.473821
377.470925
377.471457
377.506831
377.506831
377.505226
377.576729
377.505569
377.471845
377.541931
377.611486
377.506104
377.505242
377.505740
377.541653
377.577208
377.503679
377.543662
377.577977
377.543664
377.577983
377.470124
377.580331
377.470620
377.469834
377.579122
377.510190
377.437396
377.545018
377.540309
377.616601
377.539496
377.620095
377.508111
377.507561
377.506049
377.577322
377.540292
377.507952
377.472621
377.504716
377.470655
377.507863
377.541799
377.542988
377.470175
377.540177
377.657948
377.506788
377.469361
377.543978
377.542329
377.655429
377.542019
377.505998
377.580760
377.505189
377.539253
377.581067
377.540067
377.612955
377.506581
377.584852
377.544112
377.504951
377.577222
377.506347
377.504892
377.471162
377.507864
377.577255
377.542502
377.471198
377.506610
377.506770
377.508403
377.541301
377.508172
377.507895
377.581527
377.508365
377.508828
377.651803
377.507614
377.617604
377.508065
377.582165
377.651953
377.618152
377.580957
377.542947
377.542680
377.579404
377.579390
377.542188
377.581638
377.652231
377.546264
377.547560
377.474162
377.475431
377.541949
377.543214
377.541655
377.654829
377.548049
377.543907
377.542579
377.543433
377.698580
377.586077
377.508699
377.439589
377.542170
377.543280
377.579255
377.507899
377.542645
377.578567
377.543723
377.542987
377.542468
377.542851
377.507698
377.541908
377.656447
377.542362
377.579216
377.579629
377.543055
377.541558
377.549391
377.694921
377.656236
377.579859
377.579878
377.694914
377.655133
377.615428
377.580606
377.579815
377.615626
377.545677
377.615610
377.580254
377.659849
377.662664
377.694920
377.694921
377.662647
377.662636
377.694921
377.702372
377.581123
377.582739
377.582974
377.749093
377.623538
377.661114
377.702499
377.659507
377.506766
377.509217
377.507534
377.582300
377.588075
377.508985
377.544608
377.508715
377.656722
377.579199
377.615713
377.615237
377.543374
377.580351
377.511705
377.511445
377.577436
377.507036
377.579789
377.510655
377.510393
377.541098
377.579633
377.545708
377.546481
377.543753
377.508664
377.507352
377.508134
377.655615
377.542925
377.578787
377.657948
377.546072
377.542076
377.506257
377.542193
377.544057
377.647618
377.650107
377.728502
377.578049
377.543523
377.545401
377.650631
377.729301
377.543081
377.578606
377.576438
377.577252
377.622352
377.508924
377.546096
377.580767
377.546466
377.578030
377.542185
377.577972
377.694345
377.543176
377.544921
377.578705
377.542944
377.545721
377.577887
377.546104
377.576707
377.542959
377.582371
377.575883
377.541350
377.581310
377.617119
377.579289
377.578116
377.619922
377.543234
377.579702
377.578888
377.542746
377.544436
377.472279
377.694555
377.540597
377.471989
377.505020
377.613814
377.613810
377.471999
377.505014
377.581526
377.543411
377.543956
377.508860
377.546879
377.547543
377.631229
377.513560
377.510319
377.474567
377.509746
377.581822
377.474574
377.544603
377.578364
377.647805
377.577402
377.614335
377.540528
377.506492
377.614528
377.614848
377.616031
377.542973
377.542742
377.509218
377.616558
377.473240
377.544324
377.509434
377.581503
377.545088
377.612966
377.539978
377.509122
377.542841
377.578003
377.579506
377.506725
377.505967
377.540800
377.578006
377.576836
377.648285
377.542316
377.578510
377.544272
377.473287
377.509237
377.507616
377.509981
377.508396
377.615143
377.616811
377.544488
377.510246
377.544565
377.748003
377.508162
377.506233
377.438689
377.437899
377.475420
377.472117
377.583657
377.699314
377.660785
377.858897
377.509775
377.511226
377.551154
377.512885
377.471657
377.713018
377.543173
377.437107
377.543880
377.543981
377.437910
377.472763
377.545924
377.472768
377.508334
377.543908
377.577880
377.547093
377.579308
377.579882
377.614998
377.615643
377.621157
377.580838
377.472122
377.472623
377.472583
377.578196
377.542230
377.470387
377.436119
377.542708
377.470141
377.543486
377.470440
377.541574
377.542850
377.542555
377.616467
377.579382
377.578036
377.543440
377.545058
377.543097
377.544201
377.505000
377.612200
377.544696
377.540783
377.541048
377.582054
377.582914
377.508853
377.508091
377.616315
377.507607
377.509052
377.470377
377.542990
377.471160
377.436928
377.543781
377.505894
377.505896
377.507344
377.543289
377.471670
377.578486
377.470648
377.542486
377.470082
377.542966
377.469939
377.542826
377.542046
377.614379
377.617280
377.541837
377.473879
377.508618
377.580023
377.583426
377.471233
377.582907
377.688709
377.580728
377.582013
377.507060
377.506544
377.543362
377.576027
377.580674
377.545802
377.546351
377.507126
377.507597
377.505964
377.506007
377.578021
377.577975
377.508115
377.544522
377.471927
377.471673
377.543236
377.542100
377.542878
377.614672
377.544754
377.509231
377.577504
377.505671
377.471956
377.505714
377.577984
377.577963
377.508394
377.471934
377.615298
377.616591
377.545581
377.542580
377.540513
377.579836
377.545160
377.510828
377.507250
377.474895
377.579839
377.437910
377.509498
377.547104
377.585674
377.578551
377.614905
377.579866
377.579061
377.578542
377.576549
377.614882
377.543937
377.579862
377.579053
377.576571
377.690947
377.747517
377.583996
377.544265
377.507273
377.545032
377.545061
377.545042
377.507585
377.507589
377.655725
377.580665
377.620472
377.585608
377.583077
377.542690
377.543488
377.617946
377.618711
377.618711
377.544258
377.507795
377.545054
377.507809
377.544258
377.545053
377.541334
377.541320
377.472226
377.473017
377.471435
377.548678
377.624269
377.576896
377.541368
377.615094
377.614340
377.652338
377.613793
377.545520
377.540701
377.577868
377.541535
377.580306
377.508089
377.511506
377.511765
377.580884
377.509732
377.653440
377.652307
377.543408
377.546084
377.579188
377.542051
377.616003
377.616721
377.610676
377.541076
377.542433
377.577711
377.541217
377.507816
377.506555
377.578746
377.618555
377.577959
377.509158
377.544512
377.505748
377.508669
377.544167
377.540555
377.541084
377.616651
377.769087
377.617443
377.657189
377.546593
377.509761
377.655409
377.543523
377.545416
377.542017
377.578049
377.656861
377.545745
377.546373
377.546005
377.544906
377.655637
377.540576
377.542192
377.544074
377.540684
377.648087
377.541200
377.658234
377.546357
377.579893
377.579319
377.651902
377.614489
377.547377
377.727984
377.729265
377.543053
377.578578
377.650067
377.541671
377.508121
377.544123
377.544273
377.508068
377.510483
377.509180
377.508322
377.545097
377.621126
377.508196
377.578587
377.584360
377.544524
377.470405
377.471701
377.471199
377.579055
377.614073
377.543813
377.581941
377.545562
377.654650
377.619873
377.546053
377.584634
377.694817
377.693548
377.622955
377.622475
377.580045
377.657271
377.581590
377.657284
377.657277
377.579158
377.576717
377.657273
377.622024
377.616519
377.542726
377.616827
377.623277
377.654110
377.612588
377.578388
377.654118
377.612612
377.542263
377.578393
377.577775
377.700052
377.694827
377.746503
377.578479
377.541575
377.509236
377.544740
377.544249
377.510965
377.438982
377.405703
377.440232
377.438674
377.477017
377.548432
377.581303
377.548680
377.473281
377.438519
377.405488
377.474545
377.474053
377.473272
377.508584
377.508087
377.473517
377.544289
377.545137
377.584780
377.582389
377.582279
377.621928
377.621038
377.581744
377.543465
377.624449
377.507520
377.544596
377.579724
377.508164
377.541059
377.540110
377.541704
377.542358
377.655682
377.507332
377.659130
377.544895
377.660081
377.470051
377.470069
377.622505
377.623771
377.617000
377.623013
377.622539
377.662000
377.658888
377.693544
377.662796
377.658878
377.699367
377.656680
377.656670
377.545426
377.546023
377.622203
377.622193
377.547319
377.581650
377.579319
377.580121
377.618254
377.589122
377.590392
377.582383
377.577178
377.580168
377.651285
377.657530
377.657517
377.543960
377.580621
377.588107
377.589360
377.582135
377.508135
377.542361
377.508634
377.542479
377.612043
377.579053
377.619569
377.658244
377.659524
377.579516
377.656478
377.656478
377.651503
377.615153
377.576377
377.651747
377.579333
377.545585
377.689314
377.694475
377.694475
377.579310
377.579585
377.549230
377.549700
377.476184
377.547883
377.542131
377.504667
377.542974
377.471149
377.469883
377.436424
377.439458
377.439778
377.544866
377.542146
377.504707
377.506059
377.505508
377.469840
377.542619
377.548259
377.507335
377.508594
377.652773
377.652320
377.618025
377.576531
377.505958
377.503895
377.576641
377.504961
377.470461
377.618583
377.618114
377.619372
377.583018
377.651078
377.581259
377.545882
377.546386
377.541969
377.583967
377.581607
377.471248
377.578561
377.579834
377.471963
377.469845
377.542888
377.542406
377.469344
377.581888
377.541639
377.543238
377.546114
377.544436
377.579163
377.579152
377.472253
377.736770
377.783650
377.689603
377.656048
377.618788
377.655416
377.616576
377.579878
377.504959
377.613346
377.661786
377.661786
377.661783
377.580289
377.657290
377.581035
377.545943
377.657265
377.615911
377.652530
377.656729
377.578729
377.580422
377.615166
377.658108
377.583105
377.617001
377.512468
377.657294
377.546617
377.582431
377.512952
377.542920
377.543450
377.689897
377.692848
377.542139
377.543737
377.620580
377.472168
377.545385
377.506493
377.507301
377.621441
377.472482
377.545059
377.507075
377.507370
377.472478
377.622046
377.622050
377.582823
377.698439
377.542905
377.583553
377.616941
377.659105
377.652631
377.734517
377.653135
377.581022
377.692990
377.735822
377.545321
377.657082
377.545398
377.580998
377.509430
377.541376
377.614022
377.578607
377.621516
377.615545
377.622783
377.580962
377.617069
377.657082
377.658158
377.652418
377.617103
377.659436
377.702113
377.660701
377.664101
377.661350
377.662169
377.618630
377.544201
377.584173
377.582134
377.659923
377.659424
377.473764
377.472152
377.507794
377.471973
377.437367
377.544272
377.620725
377.579976
377.581358
377.580259
377.542942
377.655736
377.544240
377.614894
377.543418
377.580491
377.582014
377.542086
377.614861
377.544048
377.548076
377.586736
377.547674
377.621302
377.546480
377.656507
377.577704
377.654143
377.617204
377.653827
377.624377
377.617140
377.510210
377.623114
377.582603
377.578541
377.687119
377.543485
377.615373
377.582107
377.618253
377.656511
377.581563
377.790183
377.743519
377.739487
377.696505
377.699270
377.751349
377.625024
377.693604
377.731289
377.615895
377.617498
377.693589
377.581289
377.653042
377.616920
377.625206
377.624434
377.617649
377.583399
377.616307
377.615417
377.546644
377.579251
377.544634
377.543743
377.544825
377.613959
377.544226
377.580191
377.617640
377.617644
377.819702
377.772585
377.616557
377.546290
377.621201
377.582626
377.616294
377.616555
377.735026
377.694453
377.698892
377.694466
377.697114
377.624567
377.617808
377.624567
377.618123
377.618299
377.542349
377.510543
377.541866
377.541615
377.542591
377.509135
377.544170
377.615221
377.614925
377.657052
377.657042
377.580022
377.589630
377.588848
377.582884
377.615667
377.652270
377.544195
377.652022
377.577718
377.657305
377.657305
377.547319
377.590172
377.589400
377.582626
377.623100
377.622329
377.616484
377.616046
377.588490
377.588490
377.583441
377.618790
377.655975
377.655978
377.656900
377.616257
377.613094
377.656887
377.579624
377.579877
377.545324
377.546697
377.579921
377.691855
377.543670
377.541832
377.542669
377.657330
377.657334
377.657402
377.656732
377.621380
377.663862
377.698370
377.658867
377.698105
377.700853
377.697324
377.695642
377.737027
377.702074
377.738522
377.735787
377.698803
377.659955
377.733315
377.736599
377.694036
377.701249
377.704495
377.663240
377.662411
377.665657
377.546607
377.657903
377.657993
377.618819
377.658775
377.582247
377.618370
377.657914
377.615384
377.658955
377.617428
377.652326
377.652917
377.617915
377.659765
377.693133
377.737862
377.736084
377.734787
377.582646
377.693133
377.659421
377.548483
377.614319
377.659421
377.695100
377.654114
377.618768
377.688288
377.695872
377.585258
377.619139
377.584892
377.699344
377.823424
377.740302
377.698917
377.578802
377.576306
377.540251
377.540757
377.539769
377.582061
377.507007
377.616519
377.613906
377.540061
377.613901
377.616143
377.543250
377.616899
377.511688
377.506409
377.577969
377.578705
377.506254
377.580773
377.576882
377.476284
377.505434
377.616263
377.506733
377.505713
377.614628
377.547026
377.617128
377.615495
377.614087
377.579364
377.579539
377.578747
377.544396
377.509656
377.544246
377.543757
377.507592
377.507101
377.577168
377.543714
377.505753
377.543660
377.542605
377.543997
377.544462
377.580584
377.542392
377.507821
377.545200
377.622112
377.622111
377.581831
377.657772
377.580458
377.693191
377.581300
377.658233
377.579396
377.581542
377.658734
377.658253
377.781474
377.658893
377.578985
377.579541
377.658426
377.775581
377.732054
377.732057
377.664253
377.580567
377.579902
377.827609
377.785767
377.623906
377.509940
377.545087
377.624773
377.587052
377.587243
377.623887
377.621855
377.784662
377.504936
377.580522
377.613782
377.542242
377.619184
377.653480
377.689592
377.546768
377.620883
377.546271
377.657636
377.736379
377.730646
377.615553
377.624371
377.623114
377.617026
377.659356
377.658075
377.616837
377.652032
377.651612
377.728227
377.748531
377.620498
377.617858
377.508177
377.541948
377.545301
377.585916
377.583327
377.696834
377.747549
377.546813
377.585698
377.619726
377.582880
377.619823
377.620642
377.617001
377.546055
377.545198
377.578518
377.508422
377.545038
377.507906
377.578965
377.613652
377.507599
377.654447
377.506865
377.506831
377.578687
377.612588
377.509527
377.509010
377.580063
377.613965
377.508221
377.578496
377.620802
377.618766
377.545932
377.616533
377.618175
377.583402
377.582622
377.547264
377.621397
377.583731
377.657826
377.657823
377.749214
377.620689
377.583175
377.475890
377.510793
377.510589
377.511108
377.582472
377.548575
377.547837
377.509159
377.475376
377.509270
377.510643
377.617908
377.583067
377.551377
377.583504
377.548534
377.442080
377.582411
377.546029
377.546043
377.577985
377.578796
377.581965
377.621242
377.617784
377.545680
377.582109
377.616173
377.543217
377.615253
377.583029
377.547447
377.547944
377.621292
377.620686
377.748725
377.542958
377.509186
377.583983
377.695713
377.698392
377.581226
377.582567
377.581228
377.656929
377.655423
377.620101
377.620062
377.736269
377.695723
377.696625
377.664961
377.662286
377.666219
377.662273
377.656025
377.619981
377.617241
377.579853
377.509388
377.544877
377.546727
377.509186
377.508066
377.579831
377.544072
377.540209
377.541037
377.582967
377.548075
377.508997
377.542523
377.615597
377.582424
377.513290
377.512254
377.584345
377.580334
377.508895
377.508417
377.583496
377.617879
377.506231
377.611239
377.653575
377.540475
377.542228
377.542245
377.577702
377.614563
377.577089
377.579302
377.542266
377.542075
377.541312
377.577746
377.620857
377.508381
377.578560
377.578585
377.576900
377.613033
377.579091
377.544093
377.544274
377.613591
377.507072
377.577808
377.613513
377.542430
377.578103
377.540104
377.576055
377.541076
377.507512
377.577231
377.540744
377.577219
377.508032
377.508820
377.542374
377.541563
377.541825
377.508334
377.541554
377.617413
377.579007
377.579935
377.581402
377.509418
377.580088
377.543718
377.622231
377.581947
377.621749
377.581956
377.581622
377.543982
377.545321
377.544347
377.613938
377.542199
377.544342
377.582348
377.613900
377.579672
377.579982
377.579580
377.580097
377.509844
377.579312
377.582398
377.544911
377.544474
377.541030
377.507285
377.508795
377.578584
377.620907
377.508398
377.507613
377.581108
377.476124
377.476016
377.623805
377.474017
377.581844
377.507426
377.547426
377.507442
377.507007
377.581767
377.505997
377.617230
377.542948
377.578179
377.578822
377.579641
377.542430
377.543251
377.577698
377.543446
377.577892
377.509331
377.506724
377.623743
377.586985
377.623719
377.618764
377.546074
377.580426
377.545293
377.541270
377.541272
377.619213
377.616167
377.650614
377.544183
377.508663
377.692022
377.545423
377.616813
377.579490
377.617296
377.617728
377.652778
377.617169
377.584468
377.615092
377.656208
377.579294
377.615138
377.509160
377.614674
377.543390
377.615627
377.657550
377.615685
377.511107
377.511011
377.544848
377.544752
377.584810
377.545872
377.616487
377.580540
377.653088
377.579514
377.656231
377.614381
377.511076
377.509720
377.544809
377.541894
377.543159
377.543481
377.580711
377.658936
377.544469
377.579613
377.623422
377.616688
377.615828
377.652443
377.578062
377.655203
377.542420
377.613667
377.508282
377.542499
377.507074
377.656091
377.656085
377.579202
377.615000
377.510426
377.508768
377.544160
377.542518
377.474071
377.582210
377.546222
377.544348
377.543545
377.576611
377.542769
377.581072
377.622216
377.473225
377.473919
377.578942
377.619337
377.543790
377.578447
377.578038
377.543522
377.578141
377.654890
377.542774
377.612731
377.577794
377.507062
377.619598
377.508151
377.509282
377.544038
377.578542
377.578875
377.508100
377.508381
377.544210
377.578522
377.578532
377.506482
377.540518
377.648640
377.543715
377.578554
377.581040
377.576661
377.538526
377.540595
377.648616
377.615347
377.540890
377.541890
377.508922
377.541302
377.543810
377.577749
377.584750
377.586264
377.579879
377.580727
377.543963
377.656257
377.586906
377.621259
377.617664
377.617547
377.618672
377.616206
377.617629
377.618635
377.618605
377.549265
377.615627
377.584246
377.653073
377.542572
377.543396
377.655241
377.542593
377.580713
377.579861
377.580719
377.546624
377.580030
377.545658
377.659599
377.659592
377.661735
377.737878
377.582134
377.508588
377.475897
377.548702
377.620295
377.621431
377.618332
377.653666
377.783153
377.692661
377.545578
377.655576
377.619260
377.619278
377.655900
377.659661
377.663097
377.659007
377.700150
377.582049
377.581204
377.659658
377.662297
377.659976
377.736285
377.692671
377.582432
377.619039
377.579319
377.623283
377.547629
377.623289
377.546814
377.658245
377.658744
377.618815
377.578026
377.694523
377.616969
377.693257
377.653573
377.613842
377.614634
377.687768
377.700772
377.657025
377.581378
377.699990
377.657038
377.699180
377.581341
377.653136
377.583003
377.657693
377.658168
377.615057
377.579835
377.614800
377.622825
377.621582
377.543447
377.542949
377.578654
377.541824
377.541331
377.621699
377.621228
377.626103
377.620084
377.582968
377.617177
377.580572
377.624962
377.545478
377.617774
377.583827
377.474163
377.509274
377.471589
377.509460
377.508958
377.617213
377.663815
377.582974
377.548379
377.546358
377.506414
377.545571
377.623808
377.585496
377.584639
377.623784
377.511824
377.545005
377.581139
377.545448
377.580515
377.580835
377.545143
377.579721
377.545222
377.580297
377.511259
377.581388
377.509139
377.581398
377.580007
377.545864
377.508105
377.507605
377.508196
377.510169
377.509186
377.511883
377.545743
377.471775
377.471770
377.543663
377.540006
377.506803
377.581604
377.544528
377.510528
377.509257
377.509175
377.507419
377.542908
377.547970
377.543870
377.513027
377.545219
377.729416
377.579233
377.543707
377.578703
377.474085
377.470933
377.473264
377.581242
377.473797
377.472524
377.508939
377.509438
377.436108
377.402860
377.510505
377.508619
377.549642
377.436099
377.438437
377.620322
377.655845
377.586219
377.583791
377.545990
377.583277
377.584065
377.621417
377.510055
377.508788
377.544056
377.621625
377.508703
377.506951
377.508060
377.472252
377.544736
377.582506
377.582594
377.543147
377.580439
377.544579
377.543968
377.545083
377.580482
377.508343
377.436884
377.507286
377.474110
377.545222
377.473566
377.472383
377.542160
377.472802
377.471584
377.581873
377.505751
377.505756
377.541408
377.540082
377.507339
377.541931
377.507343
377.540072
377.616097
377.541605
377.541626
377.507394
377.473643
377.474391
377.543445
377.576381
377.578488
377.540835
377.542130
377.541649
377.617494
377.618748
377.438195
377.544683
377.615630
377.506606
377.506926
377.544022
377.545366
377.510257
377.551244
377.550692
377.578610
377.579471
377.621859
377.543872
377.543072
377.580346
377.620345
377.624452
377.624476
377.653387
377.618650
377.620272
377.620030
377.580493
377.545660
377.580013
377.653540
377.580788
377.580798
377.581951
377.545013
377.544197
377.575885
377.542426
377.617557
377.580802
377.543047
377.543848
377.652985
377.540522
377.616985
377.657605
377.545409
377.511693
377.510039
377.542386
377.542685
377.692640
377.545521
377.578680
377.620208
377.578975
377.544960
377.544863
377.585618
377.579382
377.545359
377.620948
377.545124
377.546271
377.540021
377.540912
377.648065
377.542450
377.542202
377.616940
377.543057
377.585036
377.578064
377.620855
377.580152
377.510580
377.545388
377.543674
377.475908
377.616935
377.624741
377.625510
377.623903
377.583209
377.620326
377.624829
377.625616
377.623417
377.548384
377.547593
377.661254
377.658376
377.586316
377.660778
377.658382
377.701646
377.747481
377.542747
377.543251
377.574488
377.578196
377.544708
377.615387
377.577384
377.509687
377.615544
377.510415
377.581074
377.545250
377.546506
377.544802
377.581194
377.547358
377.544694
377.613002
377.579021
377.545543
377.542878
377.541529
377.511227
377.474589
377.474579
377.515570
377.579424
377.512531
377.544550
377.541922
377.541809
377.505975
377.546500
377.582340
377.581855
377.472769
377.544348
377.579695
377.508135
377.506479
377.505989
377.504918
377.508929
377.577237
377.508614
377.543480
377.473881
377.543427
377.543113
377.621845
377.660583
377.621855
377.627966
377.585526
377.583489
377.473018
377.582541
377.618556
377.581600
377.583941
377.583182
377.473918
377.582658
377.582565
377.544266
377.575097
377.687162
377.575584
377.579206
377.510792
377.508863
377.549201
377.507079
377.508073
377.653774
377.507070
377.542107
377.542111
377.615262
377.578350
377.541945
377.542262
377.542211
377.581940
377.616230
377.545130
377.511406
377.623680
377.512580
377.508641
377.545122
377.510752
377.512826
377.543954
377.579847
377.543388
377.578936
377.621441
377.544576
377.542594
377.541448
377.540767
377.654877
377.576425
377.540590
377.508088
377.543230
377.509712
377.511741
377.546709
377.544721
377.578882
377.544928
377.579773
377.542885
377.656239
377.508642
377.618220
377.581393
377.614610
377.581815
377.581239
377.692178
377.582060
377.651013
377.582603
377.544602
377.657294
377.618006
377.579742
377.582031
377.692966
377.582844
377.578709
377.733643
377.548358
377.620131
377.584886
377.621802
377.621802
377.580689
377.541294
377.509774
377.620027
377.655269
377.510368
377.582352
377.620209
377.579152
377.544012
377.580705
377.543204
377.542706
377.619890
377.578342
377.543693
377.620130
377.544549
377.509832
377.788247
377.664684
377.698560
377.664197
377.698062
377.824239
377.665421
377.664714
377.664919
377.665484
377.748161
377.620442
377.620164
377.617787
377.617968
377.619118
377.652849
377.618622
377.616238
377.581134
377.626940
377.661007
377.652244
377.615634
377.651992
377.657869
377.582874
377.591194
377.590404
377.582125
377.590925
377.589665
377.580007
377.657852
377.659550
377.619601
377.658764
377.624522
377.735805
377.616998
377.624557
377.696076
377.659653
377.623763
377.623756
377.737549
377.734002
377.735767
377.733978
377.547295
377.541453
377.505867
377.542008
377.508126
377.614071
377.615906
377.614094
377.731748
377.692612
377.622562
377.622074
377.622279
377.622262
377.545829
377.692608
377.623707
377.623717
377.698972
377.615777
377.615113
377.618447
377.544566
377.541872
377.507659
377.542159
377.541401
377.507198
377.655402
377.616082
377.617066
377.617411
377.652971
377.547310
377.582398
377.581243
377.616229
377.581769
377.582757
377.617156
377.615655
377.512430
377.615652
377.546872
377.582192
377.613646
377.612041
377.543483
377.577743
377.543563
377.612973
377.653571
377.617058
377.651793
377.652940
377.546423
377.540061
377.507025
377.539759
377.650438
377.507029
377.577713
377.509449
377.506993
377.577702
377.543439
377.616191
377.615716
377.547106
377.546710
377.582411
377.514235
377.582382
377.618801
377.618791
377.687111
377.544298
377.578522
377.690350
377.579850
377.617597
377.617261
377.578595
377.577810
377.579984
377.540603
377.541098
377.541615
377.652982
377.613061
377.613080
377.579338
377.507011
377.692612
377.655561
377.582308
377.651970
377.655553
377.614486
377.579369
377.694830
377.579281
377.614407
377.582318
377.657589
377.657572
377.620438
377.747681
377.652990
377.580412
377.579044
377.580085
377.652399
377.582310
377.580828
377.544605
377.615828
377.616618
377.476622
377.653145
377.544159
377.543643
377.577176
377.576012
377.580390
377.580373
377.691986
377.578218
377.543637
377.615219
377.615174
377.580896
377.545482
377.546291
377.614113
377.614408
377.576623
377.542453
377.543254
377.542565
377.546687
377.546808
377.542675
377.509490
377.475770
377.474112
377.622229
377.508159
377.542128
377.507916
377.508138
377.473935
377.508367
377.620140
377.620185
377.700653
377.658015
377.543549
377.692391
377.700825
377.692578
377.700839
377.543807
377.541831
377.507856
377.508186
377.543711
377.577720
377.506808
377.472594
377.542694
377.541002
377.507477
377.471749
377.506786
377.506256
377.620848
377.543222
377.472950
377.541323
377.620055
377.507333
377.506812
377.543409
377.542447
377.541882
377.507669
377.545904
377.439776
377.545236
377.544581
377.542424
377.507078
377.613537
377.578108
377.544723
377.543259
377.544066
377.579708
377.580305
377.543877
377.545359
377.543618
377.545985
377.581365
377.660386
377.541589
377.543163
377.579301
377.580950
377.545069
377.544824
377.510914
377.657764
377.657282
377.583012
377.659401
377.625052
377.625807
377.546222
377.657482
377.657492
377.660474
377.507011
377.578750
377.511914
377.581556
377.615122
377.699030
377.615779
377.618497
377.623896
377.624679
377.698451
377.697194
377.698927
377.659330
377.659045
377.618086
377.660381
377.580625
377.653499
377.617318
377.620318
377.614969
377.697656
377.659842
377.659540
377.578762
377.618595
377.622434
377.622430
377.615088
377.657182
377.656710
377.582448
377.660002
377.736445
377.782438
377.545989
377.616189
377.616394
377.615123
377.580264
377.694398
377.688203
377.655731
377.580657
377.580165
377.620420
377.579997
377.545222
377.576791
377.542258
377.544416
377.578131
377.691377
377.731101
377.616883
377.581218
377.543488
377.657457
377.543091
377.577289
377.617600
377.580354
377.655407
377.621145
377.579466
377.653455
377.654721
377.617228
377.618164
377.620904
377.690922
377.543299
377.541945
377.614984
377.618431
377.580593
377.583268
377.697298
377.695436
377.578421
377.577081
377.578609
377.542269
377.581671
377.613998
377.577470
377.648610
377.577882
377.543448
377.576743
377.576210
377.575749
377.576085
377.690160
377.540994
377.613903
377.576751
377.576062
377.576570
377.574228
377.614435
377.546058
377.544270
377.546347
377.507889
377.579270
377.579692
377.691158
377.543522
377.617615
377.542130
377.580301
377.654618
377.619817
377.584455
377.583582
377.768764
377.618166
377.618076
377.650162
377.580296
377.614997
377.657234
377.621017
377.475522
377.509710
377.473555
377.623726
377.544762
377.545766
377.546633
377.661085
377.660509
377.655892
377.621634
377.618653
377.621389
377.542600
377.542865
377.542543
377.506853
377.542872
377.542386
377.576382
377.577170
377.543630
377.541387
377.543650
377.652322
377.575878
377.576921
377.542950
377.657371
377.580354
377.617601
377.543614
377.578099
377.622862
377.508430
377.579511
377.510111
377.657047
377.623746
377.543816
377.581221
377.808054
377.616905
377.543566
377.545729
377.579433
377.692692
377.578168
377.620332
377.620315
377.547012
377.697808
377.582059
377.580163
377.614369
377.579682
377.506807
377.580660
377.655716
377.688189
377.579738
377.615597
377.545678
377.615582
377.579332
377.659583
377.660611
377.620411
377.580260
377.578971
377.616794
377.575558
377.577125
377.544755
377.579919
377.543869
377.578561
377.575793
377.726323
377.577141
377.577318
377.578412
377.541509
377.542040
377.506526
377.580913
377.613095
377.584752
377.661653
377.579531
377.619678
377.621853
377.621832
377.545376
377.656575
377.582230
377.623035
377.547128
377.623519
377.624841
377.624824
377.577425
377.693721
377.694192
377.690371
377.578229
377.656555
377.580591
377.617297
377.617169
377.734508
377.618319
377.617222
377.541844
377.580613
377.621481
377.544976
377.621471
377.616219
377.541848
377.579613
377.620977
377.543976
377.620966
377.694099
377.619901
377.624443
377.623969
377.622961
377.622483
377.544613
377.694724
377.587176
377.651581
377.659127
377.579258
377.657870
377.617129
377.625167
377.582901
377.623910
377.584770
377.694710
377.584794
377.614876
377.658333
377.657360
377.655762
377.656247
377.615022
377.623148
377.624107
377.615631
377.656570
377.657055
377.615820
377.617006
377.694368
377.735917
377.660778
377.656954
377.620953
377.617655
377.661267
377.656967
377.694368
377.511177
377.618455
377.511862
377.625491
377.617442
377.581304
377.547176
377.546505
377.580641
377.546200
377.659515
377.545382
377.579097
377.543747
377.654924
377.578618
377.613520
377.544440
377.577701
377.547494
377.581755
377.545687
377.582106
377.616186
377.620491
377.748511
377.541119
377.507352
377.543156
377.542193
377.543310
377.579035
377.543664
377.615723
377.580672
377.546053
377.541830
377.612065
377.508128
377.508627
377.542583
377.541657
377.541903
377.579168
377.542465
377.542672
377.544546
377.541067
377.506226
377.545305
377.621830
377.580428
377.542914
377.545811
377.580550
377.542893
377.580557
377.511057
377.624116
377.623618
377.545424
377.545915
377.622869
377.624139
377.616596
377.546200
377.546208
377.581686
377.581832
377.581342
377.616337
377.621844
377.580935
377.617564
377.621517
377.622030
377.581473
377.512801
377.544075
377.693370
377.616857
377.616221
377.542693
377.654593
377.615238
377.543455
377.506995
377.543950
377.508579
377.581569
377.617065
377.617584
377.617992
377.658599
377.582227
377.615700
377.511030
377.581239
377.653270
377.617680
377.582012
377.699450
377.582771
377.542069
377.543880
377.542576
377.545036
377.474308
377.507060
377.545013
377.582862
377.582219
377.583659
377.741534
377.699789
377.621841
377.621851
377.740563
377.699309
377.659319
377.544988
377.623541
377.581742
377.623541
377.580430
377.658194
377.617553
377.617366
377.658198
377.621154
377.658834
377.698648
377.616984
377.698150
377.663967
377.660106
377.659608
377.700577
377.700107
377.696209
377.661546
377.696411
377.696397
377.616944
377.661748
377.544816
377.658843
377.583551
377.661628
377.701417
377.659347
377.621197
377.658873
377.737123
377.736624
377.656043
377.702442
377.697029
377.696192
377.696206
377.656096
377.696513
377.661539
377.658025
377.660131
377.659647
377.699284
377.736654
377.700572
377.737942
377.696157
377.615364
377.696167
377.661504
377.700068
377.701364
377.703258
377.656113
377.656304
377.700623
377.692387
377.653601
377.654977
377.617805
377.581266
377.581282
377.694489
377.732590
377.732471
377.616895
377.579963
377.615020
377.654599
377.542098
377.543457
377.509589
377.543665
377.614149
377.475865
377.623083
377.475754
377.543534
377.651005
377.616728
377.544817
377.659129
377.510354
377.614349
377.578488
377.509797
377.579440
377.580938
377.540016
377.507273
377.580165
377.613566
377.545558
377.542132
377.507857
377.694214
377.579447
377.578408
377.579826
377.542881
377.579198
377.579667
377.543238
377.542138
377.544987
377.545463
377.506991
377.612864
377.540644
377.574850
377.541913
377.540546
377.506333
377.541975
377.577701
377.579887
377.578500
377.440510
377.546333
377.589037
377.548426
377.510168
377.657968
377.543683
377.473788
377.507560
377.578051
377.577261
377.611707
377.580489
377.576738
377.544587
377.581274
377.544587
377.576750
377.577269
377.578829
377.653887
377.612500
377.542510
377.577305
377.614901
377.541080
377.506553
377.576402
377.616048
377.647835
377.575589
377.585550
377.543531
377.543208
377.580769
377.615231
377.539768
377.507049
377.650482
377.507043
377.540077
377.541674
377.581165
377.541657
377.620457
377.579058
377.578450
377.544609
377.616099
377.542389
377.543491
377.615263
377.653102
377.620124
377.579524
377.578610
377.509235
377.578891
377.544289
377.581587
377.513453
377.614925
377.543751
377.654458
377.543212
377.578757
377.580331
377.620485
377.748205
377.657632
377.657629
377.732815
377.653012
377.652195
377.546870
377.659253
377.580641
377.582506
377.652413
377.651523
377.545397
377.658577
377.583105
377.580551
377.702571
377.586187
377.656495
377.615842
377.543527
377.543034
377.580754
377.578316
377.544281
377.614953
377.650165
377.690318
377.545979
377.543609
377.579719
377.543251
377.577804
377.613509
377.655987
377.613194
377.542389
377.575923
377.579631
377.614862
377.578064
377.616972
377.580841
377.658533
377.577726
377.579501
377.658039
377.615685
377.614877
377.541052
377.575588
377.614542
377.656495
377.545215
377.541376
377.575894
377.542368
377.507850
377.580867
377.615115
377.546943
377.659637
377.579321
377.651615
377.658370
377.694337
377.702090
377.619965
377.619299
377.618726
377.656791
377.580747
377.622347
377.546880
377.552224
377.619862
377.619092
377.581737
377.546335
377.620966
377.546831
377.544883
377.655695
377.578239
377.542940
377.579421
377.575699
377.580777
377.578079
377.581353
377.618533
377.543244
377.543595
377.616935
377.617289
377.580681
377.545823
377.511625
377.545577
377.625367
377.579335
377.580285
377.621656
377.545337
377.509937
377.583200
377.591526
377.580394
377.510797
377.547225
377.619658
377.659614
377.618364
377.581742
377.651788
377.579042
377.580564
377.582252
377.546648
377.625168
377.658855
377.620980
377.583537
377.701376
377.619575
377.660819
377.623150
377.662084
377.658895
377.581895
377.659671
377.652110
377.661607
377.662876
377.655212
377.693312
377.544981
377.621982
377.623982
377.624781
377.621996
377.580617
377.617227
377.617252
377.700098
377.692345
377.653111
377.654476
377.617304
377.613717
377.691313
377.578094
377.543906
377.692131
377.664250
377.582866
377.788912
377.741856
377.788925
377.740583
377.659067
377.621388
377.580561
377.580124
377.545565
377.687842
377.658316
377.575891
377.657832
377.545618
377.659070
377.659851
377.659855
377.658883
377.621200
377.659667
377.697334
377.547842
377.587146
377.580220
377.582127
377.656013
377.692484
377.542889
377.509187
377.579081
377.580516
377.546203
377.506415
377.505408
377.547002
377.580483
377.505520
377.691081
377.615391
377.615520
377.616500
377.649956
377.613918
377.615905
377.616037
377.580906
377.579731
377.616195
377.614450
377.578251
377.545386
377.579917
377.615269
377.579287
377.578678
377.544215
377.616193
377.616764
377.508884
377.542438
377.544577
377.616407
377.617715
377.507820
377.544272
377.544603
377.509192
377.545297
377.474586
377.508111
377.578471
377.614819
377.616934
377.544930
377.578440
377.580114
377.579279
377.618429
377.580618
377.580987
377.546121
377.579330
377.616927
377.660912
377.587038
377.623782
377.623769
377.698042
377.698049
377.732830
377.660912
377.620169
377.618897
377.618778
377.618244
377.580013
377.691774
377.580637
377.586226
377.655909
377.661192
377.577660
377.654158
377.656849
377.543044
377.542401
377.580808
377.542759
377.540919
377.578462
377.543732
377.654976
377.544332
377.509483
377.542604
377.544253
377.542395
377.506512
377.509072
377.542535
377.503369
377.470898
377.510662
377.472034
377.510093
377.470990
377.577326
377.504427
377.504408
377.544381
377.508505
377.472220
377.470871
377.436616
377.472181
377.472464
377.543748
377.504328
377.470635
377.471679
377.471973
377.542406
377.505106
377.577170
377.503384
377.505917
377.470138
377.543588
377.658373
377.617483
377.541100
377.504773
377.503715
377.504959
377.470174
377.504183
377.505713
377.504625
377.542187
377.506024
377.505513
377.544621
377.471965
377.543006
377.543332
377.620754
377.545700
377.588360
377.587343
377.512503
377.511457
377.581626
377.616528
377.578711
377.657484
377.617014
377.583074
377.544600
377.507327
377.577307
377.541658
377.612326
377.541418
377.507214
377.654412
377.574580
377.577760
377.542923
377.508846
377.508286
377.658045
377.508164
377.616616
377.541472
377.505438
377.541435
377.539983
377.471194
377.471977
377.539745
377.543056
377.541344
377.542448
377.503376
377.575812
377.541055
377.507530
377.575291
377.574570
377.540207
377.575828
377.575136
377.575624
377.573738
377.542761
377.574929
377.505034
377.506064
377.541572
377.541046
377.655661
377.540233
377.579111
377.541011
377.507599
377.541337
377.507136
377.541663
377.622149
377.544508
377.541341
377.507068
377.543293
377.543001
377.505539
377.542159
377.507956
377.655202
377.579056
377.540074
377.543812
377.540587
377.505747
377.540208
377.541511
377.508212
377.511693
377.510527
377.509022
377.510519
377.506854
377.510335
377.507649
377.471975
377.506245
377.541928
377.544917
377.544243
377.542738
377.544234
377.617985
377.652797
377.510275
377.617212
377.651971
377.577742
377.577266
377.579344
377.578023
377.506845
377.472642
377.619868
377.576781
377.619590
377.541951
377.580455
377.579328
377.576765
377.619080
377.616813
377.652839
377.544052
377.544562
377.542704
377.655875
377.507331
377.692551
377.540560
377.579271
377.541321
377.581643
377.617200
377.578596
377.508384
377.508401
377.542969
377.475327
377.543959
377.511897
377.615649
377.616921
377.543027
377.509546
377.470464
377.615075
377.540072
377.615375
377.539580
377.540842
377.540090
377.615073
377.541381
377.508755
377.470375
377.437414
377.543482
377.471669
377.543789
377.471134
377.544522
377.472741
377.543997
377.579227
377.505467
377.509661
377.506766
377.472198
377.577902
377.658347
377.619007
377.541103
377.575704
377.470996
377.504705
377.505696
377.579420
377.473894
377.508631
377.622193
377.578042
377.505713
377.544563
377.471955
377.542940
377.540912
377.544878
377.541707
377.542397
377.542677
377.542404
377.437175
377.471426
377.504589
377.508678
377.579704
377.544759
377.509143
377.545763
377.471747
377.509535
377.543135
377.654507
377.470129
377.469924
377.506756
377.502582
377.540513
377.469353
377.435814
377.435537
377.582393
377.614709
377.507854
377.544115
377.656712
377.583537
377.618790
377.616153
377.437682
377.619050
377.473039
377.584143
377.580072
377.580906
377.581574
377.666031
377.622434
377.750439
377.659564
377.659557
377.622424
377.749664
377.618639
377.620256
377.620016
377.581915
377.542388
377.653820
377.542921
377.541898
377.579955
377.621495
377.511165
377.578120
377.618868
377.579494
377.584601
377.547308
377.513016
377.547770
377.581803
377.612676
377.578211
377.578188
377.619668
377.578552
377.545069
377.654060
377.545915
377.544069
377.546231
377.658334
377.651524
377.582369
377.696100
377.660309
377.544712
377.545552
377.585514
377.619521
377.586009
377.547475
377.618804
377.583604
377.540616
377.540807
377.576626
377.505183
377.540053
377.538723
377.542655
377.543096
377.578445
377.541282
377.507251
377.542669
377.507568
377.543355
377.542920
377.545010
377.543265
377.507381
377.505775
377.576692
377.472714
377.471945
377.506737
377.504689
377.581144
377.506268
377.615759
377.507546
377.472750
377.472735
377.505301
377.614794
377.504680
377.506050
377.506566
377.504184
377.511047
377.475924
377.617904
377.474658
377.474161
377.616837
377.510745
377.511212
377.475950
377.509671
377.509476
377.510182
377.581303
377.506756
377.545274
377.580311
377.473486
377.616803
377.615129
377.615138
377.618100
377.474347
377.473851
377.617007
377.615689
377.582543
377.508968
377.509963
377.547367
377.504394
377.471671
377.472473
377.578225
377.504438
377.504098
377.575374
377.576876
377.578446
377.578430
377.471687
377.506729
377.505212
377.472447
377.579022
377.541649
377.505532
377.576694
377.577953
377.541145
377.504941
377.506912
377.505990
377.509657
377.510855
377.508341
377.544240
377.471137
377.505737
377.503871
377.615851
377.617092
377.616621
377.508731
377.542977
377.579867
377.544623
377.506808
377.542141
377.576725
377.474061
377.545953
377.545950
377.507353
377.579981
377.473295
377.506548
377.543095
377.506004
377.471802
377.585503
377.540501
377.578284
377.505184
377.507346
377.506847
377.540040
377.579204
377.580354
377.509836
377.578241
377.540767
377.578757
377.506836
377.508997
377.474043
377.477140
377.546773
377.473588
377.540784
377.542148
377.507306
377.579653
377.540539
377.575290
377.543678
377.507949
377.542415
377.542173
377.615653
377.542279
377.539546
377.577798
377.505973
377.540288
377.541091
377.613447
377.617373
377.540035
377.614225
377.505510
377.543597
377.472752
377.654948
377.579426
377.578074
377.655739
377.507081
377.577996
377.656413
377.613399
377.507591
377.616894
377.542763
377.542424
377.545338
377.509719
377.506970
377.506212
377.507623
377.507639
377.547642
377.510483
377.543632
377.657935
377.508671
377.539418
377.544268
377.470642
377.507033
377.578331
377.469852
377.544132
377.653775
377.541760
377.540978
377.541424
377.505784
377.505769
377.581795
377.505468
377.542692
377.509444
377.620761
377.586753
377.472198
377.509207
377.623653
377.660941
377.627466
377.624515
377.624491
377.661426
377.618733
377.542907
377.579130
377.544361
377.507881
377.656255
377.509353
377.507679
377.541924
377.506898
377.655276
377.542180
377.539294
377.504749
377.653930
377.540375
377.540857
377.695271
377.581160
377.616338
377.549612
377.507509
377.508878
377.508339
377.507038
377.547952
377.507025
377.507505
377.506147
377.582484
377.473240
377.580433
377.474383
377.474412
377.540677
377.542203
377.542039
377.540600
377.506524
377.615759
377.545474
377.579864
377.581378
377.614466
377.508871
377.509674
377.543358
377.543642
377.543462
377.542887
377.543648
377.542256
377.580007
377.543056
377.578187
377.586485
377.471402
377.504445
377.472199
377.544259
377.472185
377.544762
377.733712
377.615256
377.578728
377.615246
377.544616
377.510911
377.651921
377.576900
377.656825
377.509256
377.506541
377.544576
377.545484
377.472968
377.471079
377.579106
377.693871
377.579772
377.655600
377.615488
377.580658
377.614744
377.690526
377.539736
377.541804
377.541476
377.542215
377.542874
377.655015
377.539753
377.616520
377.509634
377.580806
377.541672
377.616653
377.541897
377.540597
377.620338
377.471197
377.470934
377.691342
377.578992
377.579833
377.506752
377.505409
377.544602
377.509790
377.472139
377.469763
377.540420
377.509181
377.508350
377.584372
377.626196
377.588977
377.625722
377.617253
377.619892
377.579608
377.579127
377.651163
377.685039
377.542718
377.578249
377.577753
377.700885
377.619924
377.586025
377.510366
377.749646
377.626943
377.626445
377.551388
377.621253
377.614887
377.510845
377.545072
377.545245
377.544749
377.544254
377.614680
377.506558
377.581576
377.545738
377.580257
377.543631
377.657004
377.542847
377.615460
377.506532
377.582369
377.620843
377.545734
377.581031
377.546008
377.586412
377.545654
377.471679
377.472978
377.470876
377.472156
377.551441
377.550412
377.543584
377.544437
377.541591
377.577774
377.540234
377.540711
377.619193
377.579655
377.539991
377.542047
377.577463
377.539950
377.542642
377.540076
377.577205
377.617624
377.576397
377.582581
377.617351
377.543549
377.585531
377.544607
377.578383
377.510483
377.544220
377.543538
377.543200
377.584748
377.507823
377.506519
377.543149
377.542363
377.582064
377.544482
377.471659
377.474130
377.508591
377.508661
377.470245
377.577767
377.539715
377.541492
377.618553
377.505547
377.578933
377.541980
377.542092
377.506274
377.574723
377.656751
377.580289
377.577592
377.543584
377.541487
377.655426
377.540708
377.542771
377.692103
377.728713
377.652204
377.619659
377.658938
377.581472
377.659239
377.652988
377.580999
377.577893
377.619964
377.506531
377.616478
377.657826
377.544167
377.542093
377.470866
377.471955
377.506685
377.544452
377.472422
377.473534
377.509073
377.543163
377.580985
377.579388
377.617590
377.578558
377.581780
377.546926
377.544776
377.580600
377.541423
377.618399
377.581145
377.512498
377.511767
377.615572
377.614655
377.579543
377.614887
377.583572
377.587814
377.619198
377.510613
377.583809
377.505948
377.507555
377.547283
377.543703
377.509249
377.616601
377.580141
377.470953
377.507055
377.547434
377.585999
377.580151
377.506829
377.473304
377.544038
377.543014
377.543185
377.506536
377.540096
377.506542
377.472297
377.438771
377.506801
377.505443
377.472010
377.614567
377.508869
377.505500
377.540041
377.542391
377.614560
377.508848
377.544496
377.543673
377.507778
377.621480
377.582840
377.583047
377.618237
377.662430
377.659456
377.659686
377.696283
377.656872
377.656692
377.619542
377.619576
377.581263
377.580438
377.582981
377.583049
377.624287
377.625060
377.625283
377.626052
377.661946
377.658973
377.700235
377.660441
377.695800
377.545431
377.439050
377.438749
377.618432
377.545681
377.584725
377.620244
377.747600
377.583950
377.651639
377.616358
377.506761
377.472977
377.472980
377.583010
377.617308
377.545104
377.546399
377.547407
377.543637
377.510712
377.510713
377.579390
377.579379
377.542414
377.472483
377.473286
377.694855
377.546026
377.546705
377.616821
377.540928
377.542398
377.542393
377.615038
377.580737
377.507534
377.507529
377.510276
377.544497
377.579876
377.583277
377.662926
377.695067
377.619321
377.701379
377.619820
377.658440
377.700882
377.695813
377.687752
377.654849
377.617729
377.694542
377.659158
377.616905
377.659931
377.582120
377.657954
377.582900
377.700381
377.584555
377.659871
377.617525
377.658593
377.652055
377.658942
377.545858
377.659708
377.730642
377.736069
377.662443
377.694581
377.656723
377.657362
377.620087
377.584474
377.548555
377.583056
377.618613
377.700443
377.623894
377.619545
377.582439
377.659498
377.660281
377.549145
377.623408
377.546826
377.579135
377.579652
377.579127
377.469965
377.470264
377.469963
377.737924
377.821231
377.732238
377.693920
377.652966
377.617087
377.616090
377.617599
377.618007
377.654384
377.583271
377.616253
377.616229
377.617701
377.580449
377.581104
377.910195
377.579881
377.544236
377.508398
377.507584
377.541639
377.507901
377.542333
377.543909
377.544279
377.471957
377.545882
377.624564
377.658007
377.736024
377.657017
377.661757
377.698786
377.625423
377.664271
377.660938
377.663699
377.436078
377.512122
377.551926
377.512173
377.404957
377.619187
377.713138
377.785986
377.790008
377.780641
377.694673
377.580971
377.438451
377.510077
377.505724
377.787288
377.739766
377.696269
377.737667
377.544191
377.784007
377.658469
377.698823
377.699426
377.701075
377.703847
377.579054
377.578645
377.579441
377.509401
377.656982
377.621722
377.542735
377.580406
377.544364
377.576252
377.613261
377.651573
377.651570
377.771065
377.470949
377.620345
377.506771
377.544618
377.542595
377.656201
377.579425
377.507817
377.542399
377.770310
377.507521
377.580439
377.542901
377.614531
377.579437
377.577497
377.576210
377.576643
377.690287
377.542470
377.657093
377.545843
377.541566
377.507021
377.657103
377.507081
377.546150
377.507068
377.544306
377.579939
377.615037
377.542708
377.543508
377.578547
377.545182
377.576746
377.543012
377.653034
377.616707
377.507315
377.614369
377.508438
377.540887
377.615454
377.541562
377.656695
377.575527
377.580481
377.580008
377.735406
377.656984
377.541534
377.540715
377.545314
377.543122
377.473006
377.505757
377.616380
377.615721
377.542308
377.543920
377.580312
377.615532
377.581075
377.651448
377.693714
377.616294
377.694203
377.651934
377.581859
377.688348
377.654471
377.693764
377.694511
377.617078
377.694999
377.769750
377.769764
377.543971
377.509664
377.581947
377.581452
377.653564
377.651835
377.694241
377.578968
377.580525
377.581308
377.582537
377.542083
377.579580
377.581171
377.507056
377.615460
377.547585
377.545781
377.623136
377.475374
377.547677
377.660588
377.586318
377.622390
377.545766
377.662188
377.703573
377.543682
377.580962
377.579200
377.580533
377.699638
377.777435
377.733938
377.701891
377.701026
377.742895
377.695865
377.698626
377.704193
377.738691
377.693392
377.696684
377.773206
377.699853
377.626497
377.665345
377.735537
377.700457
377.617122
377.542372
377.506843
377.580265
377.510414
377.509139
377.585649
377.548008
377.581733
377.577958
377.543612
377.543945
377.581446
377.689547
377.653184
377.615029
377.652622
377.689246
377.621779
377.619926
377.623791
377.616223
377.585318
377.697295
377.584488
377.584982
377.624285
377.547119
377.617209
377.697868
377.508657
377.509413
377.471965
377.469876
377.581399
377.543213
377.508906
377.542661
377.544149
377.437749
377.435030
377.435834
377.471435
377.471202
377.507425
377.505735
377.504951
377.505554
377.547453
377.544446
377.580743
377.581572
377.510493
377.658119
377.546457
377.580102
377.614404
377.543308
377.509401
377.656984
377.543813
377.658603
377.543173
377.578978
377.508599
377.543661
377.472255
377.507318
377.506002
377.438219
377.545475
377.544964
377.542655
377.651303
377.576530
377.576648
377.541516
377.542336
377.577347
377.545438
377.507920
377.507442
377.543682
377.509161
377.473295
377.472798
377.472007
377.471182
377.541509
377.509017
377.545579
377.621179
377.579645
377.580769
377.692462
377.656797
377.506047
377.472328
377.504941
377.541426
377.577118
377.438238
377.544113
377.504390
377.437954
377.471935
377.472166
377.471100
377.472554
377.472067
377.541595
377.614692
377.469271
377.469751
377.576066
377.504995
377.615631
377.505524
377.504240
377.505099
377.648448
377.439582
377.544183
377.439601
377.542166
377.576627
377.580019
377.576624
377.580023
377.542089
377.542084
377.651323
377.655096
377.506642
377.507620
377.615882
377.617165
377.616672
377.617935
377.617319
377.615683
377.615169
377.543433
377.473793
377.507554
377.582610
377.578878
377.473792
377.471410
377.471405
377.472238
377.580498
377.474677
377.581300
377.618475
377.543270
377.578009
377.471924
377.505209
377.543297
377.578838
377.542471
377.472750
377.506520
377.544734
377.545377
377.579293
377.509921
377.542457
377.510184
377.505221
377.575161
377.541115
377.654351
377.541673
377.541203
377.507358
377.539780
377.506869
377.584260
377.473290
377.621624
377.508332
377.506251
377.654816
377.545068
377.544807
377.542969
377.545879
377.476511
377.476770
377.546599
377.509464
377.477490
377.577762
377.536906
377.504161
377.506526
377.505743
377.616986
377.615718
377.545047
377.471417
377.580346
377.508973
377.543708
377.508474
377.543994
377.580364
377.542942
377.543419
377.542913
377.655416
377.506946
377.507934
377.618001
377.618811
377.618312
377.543426
377.542948
377.544175
377.615508
377.582896
377.472767
377.471488
377.473622
377.545046
377.621059
377.621423
377.617017
377.580789
377.469922
377.542484
377.472966
377.470903
377.653621
377.543971
377.472692
377.473021
377.472185
377.471990
377.438948
377.437858
377.508389
377.507623
377.581016
377.619551
377.620757
377.580018
377.578736
377.655499
377.539540
377.504930
377.505935
377.505503
377.471467
377.581490
377.541628
377.501896
377.540540
377.540138
377.541506
377.578142
377.473575
377.505951
377.505946
377.506898
377.509510
377.540800
377.508672
377.539051
377.539209
377.539221
377.540563
377.538549
377.648586
377.538738
377.582829
377.542875
377.541033
377.539748
377.582513
377.615294
377.542666
377.508423
377.542733
377.542573
377.539735
377.541219
377.543434
377.543471
377.509184
377.615851
377.617756
377.614854
377.506548
377.506223
377.507362
377.505936
377.509541
377.580493
377.474392
377.473606
377.616954
377.578198
377.545201
377.541576
377.541602
377.575753
377.540738
377.540587
377.611242
377.577776
377.542743
377.540046
377.579066
377.614079
377.611216
377.577747
377.689516
377.504663
377.503366
377.613015
377.541770
377.540525
377.613029
377.541796
377.579429
377.612028
377.578564
377.508454
377.545862
377.578514
377.577450
377.579932
377.612034
377.579046
377.544232
377.690732
377.691209
377.543226
377.653960
377.580754
377.688965
377.504384
377.503182
377.504488
377.504082
377.577124
377.575365
377.470459
377.541428
377.470480
377.504484
377.576674
377.542137
377.436919
377.507036
377.508661
377.576664
377.470938
377.542717
377.504413
377.653229
377.652922
377.507596
377.473018
377.506059
377.506549
377.472263
377.439021
377.578771
377.504926
377.506602
377.505718
377.614426
377.472548
377.504616
377.503819
377.508376
377.474364
377.617307
377.615721
377.506754
377.472242
377.505724
377.506893
377.506488
377.506998
377.472376
377.615071
377.506279
377.506284
377.504190
377.507553
377.543435
377.471949
377.470919
377.436894
377.471981
377.471963
377.507859
377.544976
377.507834
377.507930
377.617455
377.748245
377.543446
377.550884
377.511848
377.471923
377.469852
377.436087
377.473125
377.472626
377.542152
377.470575
377.470141
377.504973
377.712789
377.582720
377.547614
377.542917
377.617767
377.578994
377.578962
377.439486
377.438401
377.473257
377.544785
377.540716
377.541520
377.539760
377.506547
377.542126
377.543123
377.512910
377.552210
377.516203
377.407360
377.442993
377.404152
377.544447
377.543594
377.437100
377.469835
377.471469
377.473884
377.582709
377.475203
377.473264
377.582086
377.471964
377.652682
377.507059
377.507079
377.543691
377.543681
377.506476
377.475370
377.583817
377.546611
377.545818
377.584335
377.542260
377.474641
377.507831
377.508606
377.472047
377.472530
377.539766
377.619133
377.474572
377.471758
377.471673
377.471089
377.470594
377.583529
377.542281
377.581126
377.545823
377.506971
377.546289
377.583536
377.507600
377.542270
377.618295
377.583504
377.581116
377.583066
377.545817
377.546588
377.584307
377.542266
377.580628
377.544413
377.509663
377.471702
377.506241
377.619662
377.505708
377.539234
377.506796
377.468443
377.471155
377.506535
377.509504
377.541315
377.540467
377.540764
377.510100
377.579734
377.579422
377.614305
377.543097
377.507749
377.546773
377.542247
377.543863
377.579882
377.580435
377.546081
377.623953
377.656638
377.621228
377.621079
377.587855
377.470071
377.436322
377.582941
377.583945
377.471936
377.470260
377.436035
377.472028
377.539714
377.504901
377.506769
377.539906
377.507104
377.505909
377.616835
377.505167
377.505682
377.543000
377.542843
377.543497
377.541831
377.506356
377.579319
377.540586
377.507342
377.579319
377.613267
377.578491
377.578495
377.577725
377.541382
377.578516
377.578223
377.544305
377.507081
377.508963
377.508346
377.546376
377.544513
377.508360
377.508868
377.435710
377.541840
377.469238
377.435514
377.504753
377.505562
377.580848
377.505831
377.543351
377.579442
377.508635
377.473904
377.621430
377.543030
377.470193
377.506906
377.507884
377.658053
377.540125
377.540924
377.617228
377.540858
377.541347
377.471492
377.543378
377.508367
377.471955
377.543794
377.545636
377.438211
377.510017
377.657051
377.579742
377.507872
377.541339
377.542432
377.542081
377.578262
377.542111
377.506616
377.576676
377.504885
377.504881
377.505951
377.576382
377.473576
377.580102
377.472810
377.439564
377.544774
377.437904
377.510023
377.509039
377.580184
377.506039
377.472275
377.544941
377.509990
377.470396
377.576366
377.505456
377.504126
377.504408
377.474139
377.507297
377.651621
377.507335
377.541356
377.509227
377.471667
377.506526
377.475963
377.615639
377.616811
377.474327
377.507031
377.473536
377.435841
377.507016
377.540608
377.504631
377.504116
377.509605
377.541534
377.508812
377.575836
377.542323
377.577700
377.575573
377.540528
377.541656
377.614391
377.542461
377.542245
377.507607
377.655942
377.543681
377.543356
377.542852
377.542152
377.544207
377.580106
377.542858
377.578668
377.545439
377.580219
377.542400
377.508316
377.579013
377.579511
377.540462
377.539782
377.537900
377.505180
377.539189
377.542059
377.541861
377.539241
377.505187
377.575836
377.616931
377.505033
377.579479
377.507230
377.542627
377.579775
377.538713
377.613774
377.509365
377.542673
377.473582
377.541250
377.508142
377.542621
377.578503
377.508924
377.541268
377.542082
377.651748
377.546169
377.615920
377.577170
377.543903
377.575798
377.577948
377.542657
377.469838
377.437746
377.508199
377.508127
377.471791
377.472235
377.543228
377.472483
377.509654
377.542928
377.508404
377.507866
377.543957
377.544262
377.506534
377.580096
377.471978
377.575873
377.541054
377.540250
377.540457
377.542407
377.504548
377.470485
377.506634
377.472254
377.506317
377.507522
377.576403
377.576198
377.508171
377.540861
377.576988
377.470637
377.469846
377.541374
377.542119
377.541351
377.541646
377.508098
377.508125
377.507036
377.545660
377.436508
377.470437
377.470113
377.470686
377.470873
377.540982
377.505220
377.541634
377.539725
377.539971
377.538397
377.535267
377.541121
377.546481
377.617994
377.583963
377.507522
377.508349
377.473066
377.580739
377.508349
377.544774
377.506299
377.613457
377.619755
377.655261
377.472792
377.439845
377.469555
377.473316
377.473814
377.436629
377.542136
377.508903
377.470343
377.475942
377.437316
377.437605
377.544487
377.471649
377.543951
377.474410
377.506974
377.506206
377.658532
377.623437
377.580444
377.509154
377.508672
377.578772
377.541062
377.541620
377.614026
377.581221
377.613996
377.581681
377.546051
377.583432
377.507090
377.545305
377.508342
377.507582
377.545297
377.580919
377.654666
377.621055
377.621922
377.656971
377.692489
377.618610
377.582546
377.583206
377.582451
377.615649
377.472748
377.505210
377.473021
377.580997
377.579260
377.473065
377.506792
377.473022
377.542592
377.473296
377.439539
377.508878
377.507272
377.616230
377.473260
377.472767
377.510435
377.509358
377.653728
377.541590
377.541580
377.505392
377.541873
377.437389
377.469653
377.436587
377.542658
377.436876
377.655053
377.654276
377.576111
377.439323
377.510795
377.509727
377.439808
377.509709
377.510249
377.403653
377.472220
377.473007
377.472718
377.472255
377.617462
377.621897
377.620573
377.579449
377.578595
377.505484
377.506287
377.438233
377.473274
377.469978
377.581942
377.545297
377.544524
377.614254
377.582226
377.507637
377.508885
377.548688
377.656787
377.472242
377.440368
377.507290
377.473581
377.579563
377.508146
377.508006
377.508067
377.507587
377.542569
377.438750
377.472223
377.577966
377.547235
377.581377
377.436933
377.436616
377.473547
377.547184
377.591676
377.582997
377.582514
377.617112
377.509420
377.586590
377.472788
377.508270
377.622953
377.508315
377.508111
377.473827
377.472206
377.507046
377.439377
377.473580
377.508104
377.509208
377.620498
377.578636
377.576414
377.545976
377.546221
377.576098
377.615344
377.577703
377.545485
377.544652
377.578211
377.542332
377.507010
377.507280
377.507132
377.507810
377.591439
377.511624
377.582446
377.473791
377.472993
377.507248
377.507343
377.544456
377.473015
377.507071
377.508945
377.543134
377.660236
377.659829
377.508071
377.436805
377.436301
377.508838
377.507773
377.548042
377.657529
377.659150
377.506445
377.508053
377.615938
377.545346
377.547722
377.469603
377.471204
377.546709
377.471785
377.434908
377.434415
377.506965
377.468444
377.440538
377.513064
377.507887
377.583107
377.510727
377.544453
377.511492
377.584546
377.548965
377.542414
377.583669
377.664546
377.506767
377.509221
377.506502
377.543855
377.506843
377.539254
377.541304
377.506002
377.543473
377.577717
377.542297
377.508027
377.584532
377.544563
377.543796
377.543026
377.542917
377.620104
377.544907
377.510068
377.578114
377.578551
377.507905
377.577740
377.506007
377.546271
377.539769
377.581046
377.613831
377.583174
377.618777
377.661796
377.661783
377.661783
377.661783
377.544244
377.580154
377.614180
377.618137
377.511551
377.621551
377.656145
377.580538
377.580068
377.576773
377.543027
377.580389
377.547284
377.622309
377.579969
377.544755
377.621835
377.581678
377.581841
377.580565
377.545714
377.657168
377.657472
377.577586
377.579384
377.578978
377.580479
377.543890
377.656070
377.656075
377.656690
377.545413
377.546219
377.658438
377.545680
377.658451
377.545422
377.545440
377.616182
377.623700
377.545377
377.623212
377.545603
377.656217
377.733777
377.651830
377.651825
377.617089
377.616301
377.733302
377.656677
377.579698
377.741650
377.740364
377.790041
377.740364
377.740368
377.788755
377.748489
377.473300
377.473311
377.582149
377.543247
377.473313
377.473323
377.545665
377.618486
377.544259
377.543777
377.581305
377.545913
377.546390
377.585310
377.547516
377.542568
377.579553
377.509331
377.579576
377.579042
377.543371
377.579076
377.579107
377.578565
377.471775
377.472084
377.436530
377.545665
377.471153
377.508907
377.470680
377.472787
377.624820
377.437631
377.436609
377.508617
377.437616
377.403353
377.438688
377.656576
377.658472
377.583843
377.546529
377.581684
377.512238
377.508762
377.581470
377.579074
377.505196
377.506034
377.578326
377.579864
377.579116
377.542356
377.657339
377.513071
377.586109
377.546745
377.619956
377.654726
377.652444
377.616886
377.656123
377.581535
377.615010
377.549745
377.508302
377.508312
377.586109
377.619976
377.654771
377.544499
377.577970
377.545044
377.544266
377.546353
377.692582
377.691416
377.580097
377.543958
377.542290
377.577727
377.577748
377.542358
377.543732
377.540711
377.541515
377.613327
377.618383
377.575542
377.576556
377.541496
377.580263
377.615411
377.578372
377.543275
377.545429
377.545114
377.575570
377.542349
377.507324
377.508860
377.510440
377.613978
377.542399
377.542387
377.582423
377.618282
377.508160
377.546548
377.614503
377.694977
377.579491
377.580363
377.651196
377.652121
377.616014
377.581436
377.613952
377.614824
377.655683
377.651178
377.652104
377.614697
377.580616
377.615894
377.581156
377.615542
377.617200
377.694753
377.731431
377.651931
377.614830
377.617180
377.616108
377.582836
377.541214
377.542579
377.649221
377.543055
377.540579
377.579039
377.540546
377.543240
377.542907
377.543662
377.618732
377.577713
377.543442
377.544593
377.578466
377.507499
377.542578
377.579014
377.542573
377.505685
377.470883
377.508987
377.474412
377.579540
377.544923
377.509570
377.472672
377.621024
377.510373
377.548725
377.580816
377.580862
377.509358
377.508295
377.509401
377.510155
377.544765
377.545236
377.579022
377.584441
377.582161
377.583268
377.580002
377.580466
377.578511
377.547142
377.547141
377.508452
377.473716
377.551706
377.512637
377.506088
377.654242
377.585373
377.584660
377.618612
377.544405
377.789376
377.884887
377.837822
377.793402
377.507530
377.511217
377.549264
377.509977
377.545306
377.470467
377.471157
377.577014
377.470156
377.469383
377.506478
377.473516
377.475142
377.511551
377.544729
377.473239
377.509680
377.584850
377.581908
377.621223
377.581253
377.621061
377.584657
377.624696
377.624709
377.547313
377.509060
377.543689
377.581919
377.544476
377.581269
377.617657
377.580680
377.545540
377.624704
377.585415
377.549019
377.620139
377.583217
377.581620
377.510206
377.510938
377.545204
377.474869
377.545257
377.475684
377.474561
377.546014
377.624508
377.614064
377.621099
377.617820
377.622229
377.654936
377.658569
377.547622
377.658579
377.546207
377.619177
377.583512
377.623334
377.548600
377.622862
377.617130
377.615192
377.474327
377.581307
377.616074
377.618735
377.615989
377.472038
377.542787
377.507412
377.543228
377.543257
377.543435
377.544326
377.616232
377.617488
377.508375
377.546350
377.476498
377.477232
377.507865
377.614353
377.613013
377.579281
377.545276
377.543726
377.508582
377.547098
377.477965
377.584292
377.582034
377.513989
377.549755
377.509502
377.510312
377.513468
377.511073
377.511060
377.474892
377.582002
377.552738
377.512911
377.508602
377.509429
377.713989
377.473034
377.472439
377.584618
377.546089
377.549902
377.577231
377.544177
377.542337
377.577237
377.472444
377.472311
377.508976
377.509765
377.577293
377.656444
377.543374
377.509573
377.656835
377.542877
377.656457
377.542688
377.542125
377.544545
377.509818
377.541347
377.543106
377.576403
377.505789
377.506214
377.544777
377.545080
377.581252
377.613856
377.578870
377.656005
377.614520
377.656006
377.578895
377.578115
377.616942
377.624499
377.545374
377.617037
377.734079
377.615590
377.577197
377.693843
377.653851
377.580095
377.580389
377.580219
377.659211
377.585210
377.694790
377.654538
377.580505
377.656602
377.616340
377.544679
377.581093
377.579958
377.620980
377.580708
377.545515
377.543255
377.544048
377.580585
377.691422
377.545379
377.581319
377.580825
377.577725
377.578486
377.578844
377.655991
377.613708
377.543279
377.509059
377.613683
377.617724
377.616973
377.617825
377.618614
377.727815
377.615582
377.653836
377.580085
377.580393
377.579989
377.615031
377.543306
377.656887
377.544940
377.511203
377.615016
377.509560
377.615333
377.651927
377.578048
377.544205
377.543489
377.545853
377.584428
377.544865
377.545820
377.615411
377.508613
377.437946
377.437164
377.437168
377.470372
377.469863
377.471397
377.470966
377.472498
377.507353
377.508425
377.505968
377.507825
377.504710
377.503882
377.506296
377.506251
377.506264
377.471543
377.472505
377.579524
377.577408
377.580050
377.471890
377.577796
377.542715
377.471135
377.542243
377.471751
377.469544
377.544337
377.544642
377.545452
377.510526
377.545701
377.510000
377.543887
377.543081
377.439502
377.476412
377.544958
377.543118
377.545701
377.545120
377.507274
377.545122
377.474903
377.546731
377.505624
377.580265
377.620569
377.695828
377.584464
377.614768
377.582537
377.545399
377.545096
377.438441
377.507614
377.617790
377.509439
377.548045
377.617294
377.616841
377.584650
377.585363
377.585722
377.508623
377.546182
377.545188
377.581708
377.581222
377.581582
377.510012
377.510826
377.513465
377.513079
377.547807
377.581691
377.508671
377.509470
377.512125
377.545093
377.578702
377.506703
377.475727
377.511136
377.510089
377.544064
377.582021
377.507330
377.508630
377.582588
377.507336
377.505772
377.544517
377.475452
377.510561
377.543870
377.543534
377.582274
377.510285
377.551493
377.509186
377.473508
377.584877
377.543958
377.472080
377.470258
377.470788
377.470369
377.473815
377.473799
377.510695
377.507051
377.507050
377.510691
377.504499
377.617881
377.540789
377.510317
377.537606
377.507099
377.508292
377.542046
377.545312
377.541576
377.540249
377.541315
377.472736
377.543170
377.544845
377.473010
377.437939
377.508191
377.541563
377.542675
377.577691
377.541567
377.542644
377.540430
377.542540
377.541952
377.545317
377.576416
377.540287
377.541612
377.510309
377.472466
377.504981
377.508142
377.505478
377.506248
377.542953
377.579997
377.547278
377.579989
377.546794
377.544806
377.507787
377.509420
377.544436
377.475392
377.475080
377.472152
377.472691
377.506266
377.471938
377.539940
377.471648
377.507170
377.505382
377.507551
377.472476
377.507843
377.506199
377.508163
377.541367
377.540708
377.540229
377.505546
377.506563
377.540547
377.656166
377.542057
377.471759
377.473329
377.613925
377.543813
377.507082
377.657776
377.580442
377.543306
377.542945
377.509041
377.506315
377.507667
377.655447
377.541697
377.540875
377.506430
377.541928
377.656586
377.472742
377.474317
377.542462
377.543544
377.542859
377.507092
377.656794
377.507539
377.541099
377.541383
377.540224
377.540228
377.507342
377.578277
377.473322
377.540350
377.540126
377.540270
377.541597
377.507344
377.580443
377.475558
377.544159
377.474777
377.473625
377.474419
377.577542
377.544070
377.577408
377.509048
377.542556
377.615681
377.612008
377.543074
377.691742
377.505902
377.575263
377.542562
377.542380
377.611738
377.505479
377.505954
377.540252
377.539998
377.540703
377.542276
377.541610
377.541776
377.506005
377.506463
377.540507
377.540482
377.542076
377.577426
377.544723
377.651964
377.509691
377.543226
377.541561
377.576129
377.543744
377.577567
377.544568
377.579444
377.509535
377.543058
377.616173
377.579251
377.543576
377.541338
377.508366
377.580141
377.544236
377.474336
377.542128
377.508377
377.653427
377.541921
377.506890
377.579181
377.543577
377.472870
377.541635
377.539941
377.506907
377.541546
377.623940
377.749478
377.615559
377.689561
377.653203
377.615565
377.621001
377.583049
377.617810
377.733881
377.659689
377.696100
377.736579
377.617522
377.625082
377.545960
377.660470
377.580565
377.544495
377.713637
377.474170
377.508334
377.580069
377.508650
377.578410
377.578108
377.617967
377.543625
377.615227
377.579923
377.577699
377.544180
377.654580
377.580874
377.544937
377.506537
377.583311
377.580006
377.583749
377.509497
377.473849
377.689205
377.654411
377.611513
377.507684
377.506052
377.541674
377.505435
377.619838
377.471432
377.473020
377.581472
377.615923
377.692079
377.577968
377.543463
377.578841
377.541889
377.545136
377.580423
377.545448
377.615095
377.581089
377.578774
377.650807
377.579477
377.696191
377.581378
377.511604
377.614070
377.580697
377.579763
377.579865
377.617856
377.581416
377.547233
377.508131
377.582556
377.617784
377.543871
377.544050
377.510432
377.510502
377.543134
377.439760
377.512238
377.581577
377.549936
377.476153
377.548128
377.545885
377.546730
377.544244
377.543751
377.752230
377.749012
377.829471
377.779605
377.747325
377.746788
377.745101
377.547242
377.475615
377.512095
377.587645
377.578113
377.580396
377.579553
377.580166
377.691001
377.747788
377.580573
377.578706
377.692668
377.578629
377.692008
377.580364
377.543416
377.579984
377.665069
377.657404
377.660758
377.581924
377.620152
377.657403
377.661728
377.581809
377.581144
377.705739
377.696152
377.658524
377.619044
377.544342
377.542950
377.542455
377.510396
377.616768
377.617484
377.614383
377.545298
377.542933
377.545292
377.542655
377.541952
377.580438
377.508047
377.507554
377.580405
377.470688
377.472276
377.584064
377.586120
377.470092
377.469568
377.470084
377.579993
377.436306
377.471650
377.438429
377.470275
377.471406
377.545732
377.506730
377.837131
377.841158
377.790062
377.831660
377.826865
377.877211
377.800505
377.846083
377.837548
377.883126
377.891661
377.472734
377.507477
377.579662
377.579131
377.507752
377.663842
377.664894
377.701511
377.546525
377.652838
377.582518
377.580890
377.407070
377.476174
377.542455
377.542937
377.543419
377.471845
377.401676
377.400902
377.439793
377.440683
377.506261
377.506266
377.476303
377.440894
377.476006
377.404150
377.369821
377.402550
377.473728
377.404905
377.627091
377.512113
377.513226
377.474068
377.404196
377.584259
377.615550
377.583112
377.582480
377.548623
377.544744
377.582135
377.657899
377.545295
377.582607
377.697680
377.543485
377.508181
377.509981
377.545195
377.582325
377.547521
377.621799
377.583493
377.507041
377.581677
377.622907
377.544496
377.543971
377.581020
377.580548
377.548321
377.541907
377.542696
377.542830
377.436331
377.542052
377.508668
377.473038
377.507864
377.506192
377.545965
377.507029
377.507189
377.508797
377.613818
377.578036
377.577998
377.506469
377.578036
377.504371
377.577999
377.541657
377.541618
377.541599
377.542111
377.436122
377.542705
377.437120
377.436317
377.542404
377.469867
377.654122
377.437424
377.437105
377.542714
377.472271
377.471797
377.472566
377.472274
377.471659
377.540876
377.578018
377.507532
377.578059
377.507484
377.507026
377.578502
377.578541
377.577198
377.508108
377.471354
377.577726
377.507664
377.505700
377.578800
377.613813
377.580296
377.544333
377.545265
377.475691
377.579302
377.544820
377.690268
377.470669
377.581994
377.401477
377.403817
377.690666
377.652129
377.692597
377.470135
377.507149
377.504384
377.504913
377.506597
377.539950
377.472768
377.473049
377.506586
377.503568
377.470392
377.542161
377.504927
377.436642
377.436637
377.503381
377.504679
377.542659
377.506302
377.470526
377.436664
377.436653
377.469400
377.541598
377.505123
377.575067
377.539765
377.471676
377.539772
377.470904
377.504417
377.543471
377.540446
377.506805
377.506383
377.507571
377.507373
377.577714
377.506794
377.505164
377.470886
377.541057
377.538403
377.541281
377.504188
377.505185
377.542166
377.436619
377.436923
377.542194
377.504927
377.503888
377.505199
377.542862
377.581603
377.541612
377.504704
377.470966
377.470172
377.470968
377.469688
377.541604
377.470932
377.507385
377.473824
377.473844
377.543833
377.506100
377.471970
377.508148
377.580936
377.403043
377.401167
377.470688
377.581242
377.548062
377.435531
377.580785
377.469368
377.473025
377.544328
377.505778
377.506022
377.474924
377.507288
377.437658
377.541337
377.436830
377.437129
377.509263
377.471204
377.507133
377.616524
377.473094
377.506839
377.473313
377.580940
377.578501
377.577212
377.471659
377.504906
377.471174
377.505195
377.504410
377.577727
377.577229
377.471670
377.505401
377.504102
377.470378
377.577944
377.472210
377.506258
377.652404
377.653203
377.540596
377.540096
377.509502
377.507044
377.437409
377.543258
377.471128
377.542965
377.577041
377.470990
377.504694
377.539033
377.504978
377.646270
377.613313
377.577165
377.506521
377.578012
377.544200
377.541017
377.541552
377.508915
377.508943
377.577970
377.507820
377.579280
377.544994
377.509720
377.578676
377.613019
377.471711
377.509819
377.614799
377.579360
377.577180
377.507615
377.507122
377.543733
377.505751
377.542086
377.508953
377.542978
377.577709
377.612488
377.577214
377.543755
377.542892
377.508985
377.728657
377.542930
377.577984
377.577450
377.577264
377.542208
377.576740
377.650184
377.544916
377.545619
377.544775
377.541240
377.540391
377.541564
377.576601
377.579585
377.615222
377.577215
377.575028
377.541473
377.541479
377.542675
377.542656
377.541179
377.543363
377.544529
377.580654
377.540940
377.543281
377.541574
377.541389
377.578918
377.540260
377.507190
377.542457
377.576749
377.654394
377.544132
377.582979
377.506505
377.505949
377.435538
377.470848
377.470357
377.505461
377.504930
377.579905
377.545043
377.504890
377.543482
377.508056
377.506772
377.506761
377.543663
377.578964
377.473075
377.472592
377.508657
377.509104
377.509915
377.507099
377.473035
377.473610
377.474413
377.471496
377.542665
377.544515
377.666840
377.549230
377.586604
377.584864
377.471336
377.472936
377.546326
377.584796
377.620316
377.472266
377.579459
377.507542
377.475603
377.507506
377.583100
377.543758
377.437362
377.473341
377.582258
377.621999
377.623498
377.664079
377.667013
377.547750
377.548265
377.585336
377.620874
377.658924
377.584386
377.583051
377.476991
377.580792
377.472725
377.544459
377.471723
377.582720
377.541351
377.619079
377.617812
377.505605
377.504813
377.506779
377.542138
377.546769
377.544565
377.546948
377.547094
377.545332
378.029659
377.508024
377.507047
377.577171
377.507520
377.542632
377.471664
377.471657
377.540721
377.473138
377.543363
377.505903
377.469847
377.507839
377.579792
377.544782
377.470953
377.472227
377.471447
377.506498
377.579520
377.472776
377.505698
377.504883
377.471954
377.472553
377.507013
377.438232
377.439019
377.473325
377.472733
377.471744
377.506535
377.437675
377.403656
377.471439
377.436112
377.436596
377.402562
377.436388
377.437674
377.508858
377.546968
377.509924
377.542458
377.509395
377.472524
377.580752
377.472523
377.580741
377.508439
377.576389
377.576586
377.541565
377.542126
377.542823
377.543961
377.539902
377.540843
377.473022
377.470382
377.471178
377.576110
377.579709
377.543156
377.542386
377.654777
377.508088
377.507100
377.509204
377.545527
377.545186
377.472990
377.472428
377.547259
377.545374
377.544597
377.577410
377.577409
377.615721
377.543704
377.506769
377.435815
377.472814
377.472497
377.470894
377.471206
377.400170
377.471655
377.473260
377.583087
377.543607
377.582651
377.542790
377.582670
377.619390
377.585405
377.549743
377.550012
377.587361
377.476423
377.583356
377.543821
377.581404
377.543934
377.580921
377.581585
377.511803
377.507258
377.546428
377.507271
377.542914
377.539761
377.542143
377.540587
377.542429
377.541152
377.615785
377.541588
377.542094
377.505415
377.578985
377.506466
377.473024
377.510324
377.509778
377.506238
377.543467
377.470568
377.506229
377.543828
377.577696
377.542679
377.507825
377.542152
377.581512
377.541923
377.576716
377.578070
377.505443
377.540004
377.578085
377.541469
377.541296
377.539468
377.469275
377.470667
377.544033
377.470398
377.544665
377.546264
377.437122
377.542076
377.437136
377.436850
377.435863
377.438667
377.439193
377.586855
377.584030
377.742523
377.784394
377.782184
377.744213
377.792374
377.794058
377.708018
377.709709
377.711410
377.548813
377.438445
377.509828
377.544809
377.544277
377.580061
377.510282
377.546612
377.576909
377.512146
377.629820
377.545335
377.655855
377.654621
377.510294
377.544310
377.544826
377.618163
377.656128
377.547264
377.438688
377.473810
377.508619
377.470825
377.581554
377.616409
377.509681
377.543161
377.615009
377.545899
377.508644
377.508987
377.579910
377.613534
377.544211
377.543223
377.580441
377.544118
377.508958
377.541603
377.506263
377.546881
377.545052
377.509135
377.471153
377.510445
377.437404
377.505993
377.472225
377.509495
377.544319
377.471442
377.508434
377.539910
377.478577
377.541516
377.541550
377.508992
377.475769
377.510750
377.508915
377.512081
377.620867
377.542916
377.542698
377.508434
377.583091
377.547143
377.544835
377.510006
377.506504
377.506539
377.471675
377.469274
377.541556
377.505739
377.505874
377.541422
377.507663
377.508993
377.471493
377.506944
377.511229
377.438407
377.439588
377.511515
377.438243
377.510643
377.507586
377.472241
377.436604
377.471924
377.473832
377.544544
377.508069
377.506275
377.579270
377.508853
377.508387
377.508108
377.507120
377.506537
377.621708
377.581128
377.507568
377.577558
377.505275
377.577257
377.578023
377.577246
377.542580
377.508942
377.473530
377.471661
377.538775
377.505533
377.504752
377.539579
377.580549
377.541755
377.508132
377.473022
377.470356
377.537956
377.579717
377.472474
377.470366
377.435856
377.620383
377.618659
377.652937
377.546935
377.654218
377.577343
377.578178
377.472829
377.474128
377.616052
377.580125
377.649381
377.581264
377.509428
377.543898
377.441130
377.545935
377.543678
377.614078
377.472216
377.506270
377.544163
377.544444
377.472962
377.473234
377.510500
377.475398
377.543965
377.544460
377.509729
377.508876
377.585430
377.473098
377.508153
377.506585
377.508657
377.577124
377.577108
377.540316
377.541094
377.688517
377.541608
377.582097
377.436653
377.508160
377.581244
377.474599
377.473822
377.404709
377.404701
377.507022
377.437317
377.436236
377.402790
377.403099
377.507663
377.440557
377.439014
377.543308
377.504720
377.471673
377.472167
377.577239
377.506485
377.576619
377.578428
377.577931
377.540327
377.541099
377.688515
377.541624
377.507853
377.578491
377.472003
377.507389
377.470560
377.577699
377.505363
377.507077
377.616597
377.579880
377.506767
377.615820
377.506270
377.581011
377.545105
377.438178
377.545653
377.614117
377.471450
377.505504
377.507331
377.581262
377.471547
377.471230
377.508119
377.437946
377.544385
377.545242
377.583832
377.619590
377.583036
377.542274
377.580646
377.578885
377.542270
377.584326
377.582098
377.584344
377.618654
377.652950
377.578768
377.578729
377.546169
377.547574
377.585336
377.656779
377.472457
377.545302
377.544560
377.471921
377.545784
377.545044
377.402755
377.401478
377.435513
377.434421
377.580785
377.507223
377.507780
377.581174
377.505743
377.513943
377.442112
377.473046
377.474127
377.474383
377.473266
377.506761
377.440368
377.508925
377.405496
377.549785
377.545448
377.511380
377.438927
377.544645
377.436847
377.545645
377.547258
377.403363
377.404940
377.403654
377.503867
377.503879
377.507652
377.473731
377.507281
377.579127
377.471735
377.471754
377.583051
377.579646
377.473085
377.506518
377.472762
377.583886
377.581355
377.471707
377.509496
377.546404
377.542372
377.541994
377.541531
377.506599
377.542095
377.542084
377.507080
377.437955
377.472471
377.506527
377.473309
377.505766
377.615498
377.507057
377.540546
377.471993
377.506520
377.539744
377.545209
377.476983
377.511751
377.786600
377.777027
377.656255
377.694055
377.619138
377.622455
377.624410
377.657785
377.581693
377.625159
377.510809
377.583310
377.581652
377.582031
377.581373
377.586466
377.616800
377.654448
377.653433
377.581360
377.548523
377.624473
377.547013
377.400896
377.507213
377.471904
377.511083
377.508296
377.402801
377.581532
377.546973
377.504643
377.506012
377.469793
377.435555
377.468907
377.435848
377.504095
377.469765
377.470837
377.504821
377.402808
377.402799
377.473324
377.546082
377.541590
377.614539
377.548186
377.507842
377.473282
377.695072
377.546023
377.541273
377.507586
377.508368
377.438277
377.509865
377.509813
377.625677
377.654327
377.547171
377.583571
377.582800
377.550327
377.472797
377.621982
377.473394
377.475057
377.586077
377.583057
377.584699
377.624342
377.579368
377.580208
377.619473
377.472522
377.472026
377.543598
377.544455
377.508440
377.620685
377.585840
377.583150
377.543858
377.436909
377.438383
377.543879
377.437311
377.436589
377.585901
377.546381
377.437165
377.581525
377.582008
377.508606
377.438415
377.436547
377.435325
377.436845
377.473326
377.583125
377.583154
377.472832
377.509696
377.439172
377.436818
377.436891
377.580846
377.547284
377.584436
377.713780
377.472989
377.472991
377.509692
377.580090
377.615867
377.580883
377.543515
377.544150
377.544647
377.579443
377.402789
377.509219
377.436633
377.402286
377.509108
377.615288
377.504687
377.579925
377.541685
377.470925
377.505994
377.505203
377.471246
377.509429
377.581098
377.505189
377.505996
377.580720
377.541665
377.470919
377.471235
377.437384
377.435034
377.508926
377.581896
377.438242
377.510884
377.473560
377.471943
377.471952
377.545051
377.545028
377.510032
377.510825
377.509491
377.473797
377.473779
377.545905
377.509163
377.505195
377.576392
377.506992
377.507827
377.472179
377.472161
377.542906
377.506532
377.544099
377.583138
377.548301
377.438761
377.438454
377.473601
377.508914
377.584280
377.584750
377.586309
377.508609
377.581583
377.473608
377.616225
377.474127
377.581776
377.475450
377.476242
377.580158
377.582570
377.473788
377.582594
377.473021
377.549169
377.473033
377.544498
377.507574
377.439529
377.510195
377.874591
377.619651
377.690202
377.579839
377.579344
377.584592
377.511095
377.476808
377.545826
377.546597
377.582529
377.511685
377.439771
377.615792
377.614622
377.506290
377.473286
377.507046
377.507093
377.544219
377.545070
377.440037
377.545209
377.545850
377.440012
377.545993
377.506772
377.506756
377.543159
377.543155
377.546439
377.580503
377.546416
377.402098
377.403376
377.435312
377.404653
377.626679
377.580298
377.440808
377.546258
377.623565
377.584571
377.616431
377.369312
377.370889
377.620644
377.545037
377.547403
377.545814
377.618618
377.625117
377.621799
377.399978
377.544820
377.545610
377.615807
377.579818
377.581202
377.616321
377.624352
377.623099
377.619788
377.654042
377.474882
377.545293
377.508544
377.510940
377.583739
377.585929
377.548190
377.618250
377.617407
377.547786
377.546674
377.544197
377.470386
377.618080
377.581045
377.505754
377.505769
377.581028
377.580575
377.472485
377.510590
377.544207
377.543734
377.505744
377.580468
377.473569
377.508779
377.508665
377.542200
377.473600
377.471895
377.618873
377.508710
377.583702
377.579663
377.472774
377.544290
377.472477
377.506690
377.544276
377.543264
377.509289
377.576742
377.614525
377.473228
377.474372
377.579355
377.579264
377.541872
377.470799
377.469050
377.467449
377.434938
377.468256
377.576884
377.577912
377.508339
377.543648
377.508692
377.541009
377.436150
377.437437
377.437409
377.437132
377.508675
377.504514
377.506093
377.471797
377.471396
377.470864
377.471601
377.435039
377.470585
377.469847
377.471581
377.547020
377.580217
377.474358
377.475103
377.473866
377.512591
377.547696
377.509153
377.474937
377.511035
377.580313
377.543435
377.545195
377.581695
377.582174
377.546240
377.546208
377.548107
377.472331
377.620398
377.548277
377.548196
377.543933
377.584376
377.549189
377.587606
377.512416
377.617076
377.440574
377.513276
377.547182
377.405931
377.692135
377.472500
377.544863
377.472479
377.545648
377.542418
377.505412
377.472453
377.508103
377.505427
377.470874
377.505242
377.504420
377.577994
377.471664
377.543738
377.544581
377.473774
377.508693
377.579789
377.472974
377.544575
377.543642
377.578426
377.657074
377.508953
377.621443
377.474148
377.473463
377.540781
377.579436
377.506549
377.471390
377.509547
377.541096
377.540272
377.615542
377.616380
377.544598
377.504414
377.505532
377.473271
377.508982
377.505981
377.509012
377.578535
377.472487
377.544094
377.507341
377.544436
377.578461
377.657890
377.622768
377.473975
377.579968
377.507865
377.471386
377.509549
377.541086
377.542392
377.615566
377.616391
377.540570
377.622994
377.543436
377.583189
377.507777
377.545063
377.614739
377.616711
377.615136
377.578754
377.473832
377.616440
377.579711
377.728120
377.473826
377.579238
377.580029
377.540829
377.506873
377.540850
377.504641
377.506578
377.505718
377.687208
377.542721
377.544910
377.541927
377.505211
377.506213
377.505704
377.471998
377.472012
377.614113
377.582104
377.578837
377.578027
377.578055
377.577590
377.651487
377.617184
377.582972
377.509873
377.547656
377.586167
377.507342
377.545885
377.510586
377.474121
377.581907
377.472272
377.615843
377.579981
377.543829
377.472234
377.541336
377.471131
377.509533
377.541287
377.469036
377.577646
377.470781
377.578170
377.540807
377.582482
377.543014
377.469065
377.583782
377.583622
377.545687
377.580125
377.544335
377.581701
377.542234
377.472300
377.578876
377.472459
377.472801
377.542845
377.436346
377.700210
377.585241
377.618642
377.749054
377.547607
377.586716
377.546884
377.581403
377.587539
377.583439
377.545061
377.546932
377.471472
377.580429
377.471165
377.582068
377.624906
377.545661
377.545915
377.545413
377.624422
377.617051
377.581027
377.617033
377.698464
377.692971
377.617034
377.699249
377.616580
377.546094
377.622629
377.580540
377.655857
377.545783
377.580413
377.580539
377.511030
377.618350
377.581717
377.617684
377.623180
377.616908
377.546208
377.546196
377.624450
377.581473
377.512787
377.622643
377.508080
377.544523
377.545018
377.510156
377.508854
377.545219
377.509986
377.544348
377.542087
377.507032
377.580141
377.539768
377.541127
377.617611
377.581838
377.579370
377.542600
377.508148
377.540587
377.578489
377.615958
377.583600
377.616323
377.582846
377.582204
377.543840
377.651590
377.542844
377.700291
377.734635
377.777673
377.735123
377.651783
377.578912
377.542670
377.692453
377.613216
377.541558
377.576190
377.656939
377.577203
377.577472
377.615031
377.542180
377.578560
377.506549
377.506553
377.546157
377.656953
377.577960
377.505970
377.543915
377.578955
377.510223
377.544813
377.544837
377.617280
377.657946
377.582393
377.655156
377.659512
377.620100
377.658729
377.658432
377.576195
377.613882
377.576730
377.576983
377.575750
377.575058
377.574517
377.540979
377.576742
377.576526
377.540037
377.648121
377.542975
377.580433
377.579150
377.580322
377.656797
377.613166
377.576726
377.543207
377.579944
377.578064
377.578050
377.613210
377.656811
377.579939
377.692779
377.615015
377.544695
377.690776
377.577224
377.579109
377.611556
377.576891
377.542347
377.690666
377.656143
377.579628
377.580430
377.657326
377.613180
377.578050
377.579548
377.657068
377.616111
377.506831
377.575092
377.540547
377.545666
377.615819
377.579935
377.692102
377.542365
377.580406
377.657997
377.578229
377.507806
377.692783
377.657106
377.581157
377.737106
377.621809
377.582217
377.658088
377.580343
377.581949
377.615186
377.614745
377.656755
377.547270
377.657781
377.621705
377.546888
377.584713
377.583962
377.507274
377.474089
377.510190
377.544460
377.474323
377.580488
377.581166
377.617939
377.581797
377.472779
377.615420
377.472784
377.580980
377.691477
377.621492
377.617490
377.694294
377.696386
377.616084
377.652218
377.654569
377.657321
377.582716
377.585734
377.548106
377.690993
377.579470
377.690984
377.579451
377.613958
377.543982
377.508050
377.543456
377.579747
377.651802
377.576731
377.542355
377.650115
377.578297
377.544076
377.542368
377.544238
377.616152
377.652569
377.577531
377.650902
377.543120
377.577360
377.693288
377.614688
377.578960
377.578199
377.508789
377.508306
377.578153
377.783039
377.625610
377.654210
377.620312
377.546187
377.546228
377.582846
377.471711
377.661007
377.697546
377.661471
377.581322
377.507537
377.545983
377.510532
377.544583
377.508300
377.660933
377.617891
377.579460
377.613314
377.655233
377.616087
377.581434
377.581979
377.580478
377.694500
377.617228
377.621343
377.615207
377.659459
377.579386
377.620679
377.581326
377.580827
377.619184
377.654719
377.698998
377.582830
377.621116
377.583770
377.661890
377.657570
377.661117
377.658053
377.617393
377.615777
377.615940
377.617072
377.512181
377.546363
377.544634
377.545529
377.545552
377.508362
377.544041
377.544547
377.473492
377.545649
377.475904
377.546324
377.545824
377.510199
377.545611
377.583128
377.617619
377.585230
377.547575
377.544189
377.544690
377.613711
377.592190
377.512874
377.547977
377.584600
377.583899
377.546077
377.509678
377.546719
377.544236
377.696617
377.768347
377.768390
377.767075
377.660467
377.582670
377.690335
377.657258
377.696892
377.617770
377.654396
377.694893
377.618482
377.651445
377.584545
377.701975
377.660760
377.583444
377.689237
377.690317
377.656745
377.621853
377.656824
377.655601
377.661914
377.659874
377.653003
377.619811
377.579994
377.616812
377.617980
377.618544
377.655170
377.687825
377.745346
377.743136
377.704088
377.584202
377.666023
377.581168
377.660672
377.657627
377.581138
377.581476
377.579575
377.580342
377.660645
377.657647
377.623658
377.548138
377.623186
377.665292
377.582037
377.581387
377.622796
377.548046
377.622323
377.701194
377.739193
377.737917
377.784952
377.784113
377.621743
377.622214
377.623313
377.624283
377.622471
377.622951
377.508973
377.541910
377.658773
377.700092
377.658769
377.544269
377.544253
377.540046
377.506520
377.548931
377.547417
377.582626
377.620071
377.505988
377.577288
377.507657
377.471741
377.748243
377.440619
377.513074
377.580069
377.580723
377.665265
377.589586
377.512349
377.589566
377.583750
377.616366
377.579283
377.579849
377.615702
377.584307
377.545273
377.665347
377.470859
377.505988
377.577696
377.543804
377.506525
377.544248
377.544740
377.582338
377.548377
377.475107
377.747244
377.545219
377.582465
377.577376
377.578712
377.545361
377.581811
377.580283
377.474280
377.438141
377.506958
377.474311
377.509630
377.472473
377.506409
377.507503
377.543884
377.470866
377.505434
377.437645
377.542872
377.436558
377.470390
377.470898
377.541280
377.471954
377.470672
377.577192
377.503901
377.504690
377.505979
377.542806
377.508040
377.506464
377.542523
377.541265
377.542110
377.507287
377.542864
377.510611
377.403904
377.403878
377.471682
377.473262
377.655158
377.437649
377.437141
377.510245
377.543795
377.544297
377.506774
377.506462
377.470189
377.400594
377.577759
377.543759
377.508141
377.576025
377.505390
377.470892
377.539829
377.539147
377.541785
377.502265
377.469032
377.505459
377.576604
377.543149
377.543304
377.656485
377.541610
377.508092
377.580439
377.508550
377.506859
377.507958
377.507446
377.612929
377.504577
377.506730
377.542399
377.505659
377.507886
377.656247
377.576872
377.579702
377.576838
377.542633
377.545368
377.506170
377.471661
377.542895
377.503850
377.470632
377.620958
377.544891
377.507578
377.473361
377.578563
377.508139
377.507899
377.473681
377.543282
377.542816
377.690590
377.543204
377.577531
377.540500
377.543328
377.541903
377.541110
377.544630
377.506515
377.472299
377.506429
377.582689
377.542797
377.623584
377.616061
377.613972
377.507334
377.576695
377.470294
377.504866
377.505381
377.542163
377.656989
377.543507
377.547511
377.615194
377.580825
377.614948
377.579920
377.581339
377.472584
377.471433
377.436819
377.543980
377.546264
377.505732
377.540537
377.504955
377.471672
377.470925
377.472522
377.506528
377.472228
377.612948
377.542412
377.539704
377.612155
377.611457
377.537643
377.542712
377.577198
377.539176
377.434996
377.434211
377.439233
377.436546
377.614098
377.542683
377.472751
377.508105
377.541829
377.543760
377.508141
377.508106
377.508873
377.578486
377.540280
377.470892
377.541343
377.472251
377.507828
377.508117
377.542099
377.579804
377.542921
377.542202
377.543214
377.577929
377.438460
377.543487
377.506268
377.506569
377.506069
377.505768
377.505236
377.506036
377.504172
377.504177
377.580816
377.507261
377.507566
377.506263
377.505479
377.504665
377.504656
377.616879
377.654334
377.545035
377.504440
377.504940
377.471188
377.437947
377.547521
377.472218
377.506568
377.506563
377.435224
377.540793
377.470712
377.470218
377.580743
377.469901
377.471180
377.470969
377.581544
377.581210
377.547199
377.473301
377.508421
377.542373
377.506795
377.506777
377.504416
377.470888
377.543160
377.505986
377.505498
377.504919
377.471972
377.438928
377.437385
377.541900
377.545946
377.469543
377.471126
377.469541
377.436308
377.544210
377.543897
377.507777
377.472305
377.438268
377.471687
377.472468
377.581420
377.470907
377.472187
377.470583
377.508329
377.506735
377.617343
377.472984
377.435218
377.543158
377.471920
377.436014
377.470033
377.504777
377.470740
377.505466
377.505458
377.505764
377.472404
377.470559
377.542132
377.539791
377.539787
377.544221
377.474889
377.510300
377.545524
377.508184
377.544845
377.505477
377.506260
377.579470
377.473072
377.581839
377.471950
377.614160
377.580720
377.469885
377.471178
377.543485
377.472813
377.509429
377.541899
377.576887
377.615701
377.580284
377.615001
377.577833
377.577852
377.542091
377.541108
377.545885
377.545114
377.543380
377.577654
377.581341
377.506858
377.543184
377.585205
377.510620
377.545060
377.542593
377.542617
377.581349
377.506594
377.505796
377.506005
377.505010
377.582020
377.506730
377.617412
377.507074
377.508721
377.543273
377.656708
377.543587
377.614227
377.582328
377.507085
377.506273
377.504992
377.583020
377.470941
377.581593
377.548190
377.582873
377.584465
377.542463
377.543208
377.584757
377.543546
377.542428
377.580178
377.579374
377.545532
377.545069
377.693059
377.507317
377.507316
377.541621
377.539472
377.506550
377.578799
377.540118
377.578798
377.470197
377.577555
377.503907
377.469365
377.576735
377.503387
377.503671
377.503187
377.575159
377.471249
377.472802
377.508838
377.472510
377.439260
377.470398
377.505892
377.436857
377.541971
377.508456
377.578046
377.544765
377.648802
377.542336
377.577213
377.542359
377.542434
377.509651
377.543391
377.578546
377.652992
377.618664
377.580625
377.474639
377.470271
377.470688
377.507104
377.505958
377.507540
377.470963
377.584816
377.544249
377.545051
377.747133
377.617619
377.437903
377.405716
377.439779
377.580491
377.651079
377.542709
377.544462
377.618581
377.618103
377.618576
377.547962
377.547933
377.582713
377.582686
377.542335
377.579389
377.580672
377.542330
377.580658
377.579372
377.582024
377.472763
377.471603
377.471315
377.546324
377.546012
377.617351
377.509667
377.542091
377.544215
377.440085
377.438538
377.582387
377.543339
377.581319
377.582132
377.505795
377.506492
377.506239
377.616611
377.579411
377.580754
377.613379
377.469059
377.469864
377.540798
377.581803
377.583116
377.437914
377.437909
377.544027
377.544812
377.542412
377.469849
377.436611
377.543735
377.544992
377.505531
377.471032
377.505251
377.506515
377.505696
377.615787
377.615741
377.505215
377.504418
377.436825
377.436836
377.472528
377.472058
377.543759
377.504942
377.504951
377.505254
377.615753
377.612862
377.542442
377.435838
377.473009
377.544239
377.582904
377.474651
377.474148
377.471431
377.437698
377.614181
377.542392
377.542902
377.542420
377.472046
377.469871
377.505266
377.505772
377.690214
377.543622
377.543791
377.542604
377.507789
377.580912
377.509023
377.507328
377.508430
377.507929
377.576844
377.576343
377.541577
377.506717
377.613650
377.580173
377.507036
377.545845
377.505908
377.545378
377.576044
377.579173
377.576829
377.612566
377.612571
377.546534
377.508267
377.616894
377.582230
377.545966
377.587017
377.508179
377.543818
377.578631
377.616460
377.616475
377.581856
377.512224
377.581055
377.581261
377.505729
377.583476
377.471869
377.471655
377.508789
377.470572
377.542255
377.578713
377.504911
377.542295
377.469565
377.504940
377.503900
377.543675
377.693317
377.730885
377.580087
377.616057
377.615012
377.655923
377.577480
377.615779
377.509120
377.542691
377.507283
377.541363
377.437409
377.470666
377.541603
377.504692
377.505238
377.578204
377.542606
377.438485
377.472516
377.504770
377.472045
377.541815
377.578251
377.544321
377.508365
377.505729
377.541413
377.575874
377.574861
377.575882
377.506240
377.470162
377.503401
377.542119
377.539754
377.504730
377.539508
377.538695
377.538968
377.504769
377.509158
377.542129
377.471452
377.579121
377.579136
377.616336
377.614897
377.613202
377.578071
377.546403
377.581417
377.611707
377.729196
377.654219
377.612681
377.693509
377.614995
377.581299
377.614893
377.611907
377.546403
377.581414
377.612508
377.729210
377.614988
377.581289
377.579958
377.579951
377.507218
377.508323
377.577231
377.578550
377.689828
377.543004
377.548297
377.729468
377.581614
377.578521
377.472725
377.474310
377.614466
377.580220
377.546951
377.507030
377.505740
377.509154
377.507565
377.540536
377.470670
377.505411
377.504624
377.471700
377.472857
377.470905
377.472501
377.472198
377.539204
377.538621
377.504151
377.503387
377.503097
377.504449
377.434721
377.467941
377.574814
377.468719
377.504950
377.505262
377.435226
377.541589
377.576690
377.616750
377.543481
377.502278
377.506060
377.576936
377.469051
377.506851
377.547508
377.546394
377.508367
377.507069
377.507870
377.541137
377.615673
377.579664
377.584266
377.580995
377.543647
377.543155
377.651108
377.581778
377.542135
377.547560
377.475954
377.475953
377.546057
377.579015
377.541852
377.472468
377.542132
377.505791
377.506100
377.505291
377.504493
377.504161
377.505575
377.504671
377.504935
377.547883
377.470873
377.474320
377.474029
377.545106
377.545597
377.618955
377.616376
377.579728
377.546329
377.475156
377.474846
377.474537
377.546389
377.545594
377.511377
377.405205
377.405488
377.473310
377.438769
377.438467
377.405228
377.471994
377.506290
377.508155
377.507852
377.471230
377.437991
377.504601
377.505718
377.507272
377.508619
377.542156
377.509159
377.510196
377.546332
377.511315
377.579279
377.544292
377.620398
377.508380
377.544282
377.586411
377.508989
377.543359
377.508240
377.540240
377.614705
377.540238
377.542921
377.654428
377.578360
377.613939
377.507055
377.541591
377.579601
377.577386
377.579321
377.508896
377.508868
377.508402
377.580954
377.545842
377.651744
377.510325
377.543841
377.544313
377.510325
377.508699
377.543834
377.508975
377.577991
377.542057
377.614690
377.578828
377.614392
377.442924
377.616299
377.581202
377.505657
377.507265
377.546400
377.545289
377.652732
377.506555
377.506069
377.617921
377.436500
377.767334
377.623754
377.620936
377.623213
377.544172
377.475094
377.511328
377.507243
377.506448
377.508407
377.586611
377.583401
377.507045
377.545038
377.505450
377.624310
377.544167
377.511088
377.546871
377.542571
377.620451
377.625449
377.653854
377.660306
377.620373
377.475597
377.581058
377.579941
377.543927
377.543938
377.618023
377.583253
377.618373
377.615364
377.542617
377.542623
377.582430
377.579249
377.507091
377.472719
377.472452
377.472462
377.506216
377.439219
377.512422
377.545173
377.473018
377.544193
377.545332
377.543308
377.542960
377.543286
377.584053
377.548333
377.547863
377.548087
377.544229
377.579596
377.579610
377.542103
377.542113
377.541333
377.545593
377.544203
377.542477
377.504384
377.504374
377.582298
377.614602
377.547870
377.509234
377.507635
377.543538
377.509635
377.580868
377.547736
377.585689
377.581543
377.546418
377.584574
377.582268
377.690568
377.690595
377.587627
377.579824
377.511584
377.475091
377.471171
377.472181
377.471862
377.471394
377.473633
377.506010
377.472924
377.470836
377.506540
377.436907
377.436313
377.586000
377.620706
377.544725
377.656799
377.543377
377.580918
377.621025
377.547226
377.437368
377.437137
377.436843
377.541824
377.470395
377.470858
377.470858
377.617140
377.576878
377.547209
377.437372
377.544962
377.579007
377.506489
377.470922
377.544677
377.508313
377.544550
377.472280
377.577763
377.504914
377.507129
377.473401
377.543815
377.470651
377.505655
377.506740
377.504077
377.436931
377.472727
377.470368
377.471634
377.616618
377.505266
377.506273
377.469276
377.435535
377.542362
377.471244
377.541259
377.542053
377.470719
377.619119
377.584331
377.583029
377.545814
377.509195
377.509464
377.509476
377.583821
377.581415
377.615292
377.583806
377.581438
377.582893
377.584160
377.546587
377.617102
377.474654
377.539249
377.614363
377.473026
377.544526
377.543710
377.543242
377.506208
377.507358
377.469080
377.473023
377.615127
377.616461
377.507070
377.506786
377.436315
377.540539
377.473034
377.437140
377.508457
377.546137
377.506276
377.543444
377.506277
377.543448
377.540083
377.540099
377.505740
377.582453
377.472504
377.548712
377.581090
377.471491
377.471667
377.508461
377.475510
377.471091
377.472526
377.439575
377.544562
377.506511
377.473096
377.471364
377.470674
377.470575
377.582713
377.507289
377.507298
377.614756
377.544293
377.505513
377.613978
377.579760
377.544577
377.546480
377.580477
377.544577
377.580477
377.545076
377.505812
377.613491
377.649617
377.541562
377.579292
377.541064
377.544671
377.544724
377.471155
377.473046
377.509470
377.473047
377.509470
377.506570
377.506572
377.506522
377.728908
377.613616
377.543092
377.577636
377.540269
377.577769
377.542926
377.576098
377.613594
377.542306
377.576605
377.577765
377.538930
377.541658
377.473081
377.470642
377.508730
377.580020
377.583744
377.579536
377.546289
377.580050
377.508982
377.578508
377.473274
377.473782
377.438262
377.438289
377.688677
377.653905
377.544134
377.543354
377.505837
377.507336
377.471843
377.577661
377.543455
377.619824
377.583281
377.471927
377.470345
377.577142
377.547256
377.651665
377.471197
377.504929
377.577747
377.508678
377.542434
377.471954
377.505201
377.578512
377.470706
377.581563
377.471217
377.548019
377.507081
377.581774
377.582267
377.508938
377.544238
377.471961
377.542928
377.510039
377.544861
377.505513
377.471976
377.539289
377.471493
377.435827
377.436589
377.509420
377.545025
377.543376
377.577960
377.540589
377.540578
377.580802
377.542227
377.507891
377.470950
377.506523
377.505694
377.507068
377.470156
377.504872
377.471449
377.505186
377.577982
377.577974
377.472756
377.506524
377.578792
377.438992
377.544245
377.541359
377.541851
377.652144
377.687985
377.506744
377.505526
377.472242
377.505476
377.543542
377.578273
377.577466
377.577953
377.541045
377.474642
377.508416
377.615901
377.617290
377.508690
377.614846
377.470363
377.436622
377.541876
377.469552
377.435817
377.541855
377.437920
377.543958
377.543464
377.505553
377.652981
377.506049
377.469855
377.470628
377.542443
377.471944
377.437425
377.543458
377.402579
377.402063
377.401971
377.548363
377.582661
377.549294
377.545522
377.617901
377.621993
377.578783
377.578789
377.579300
377.504459
377.613827
377.646794
377.579875
377.505434
377.577175
377.542860
377.505589
377.506685
377.504402
377.471659
377.576631
377.506006
377.471670
377.577973
377.543648
377.577129
377.506471
377.471650
377.508068
377.543184
377.506529
377.507868
377.617986
377.582080
377.507301
377.615978
377.545984
377.511351
377.545115
377.507002
377.506957
377.473813
377.617560
377.508040
377.506456
377.540080
377.541082
377.542345
377.652381
377.543104
377.577997
377.577997
377.544500
377.508082
377.505892
377.507448
377.472148
377.471414
377.543691
377.577992
377.504650
377.506988
377.472456
377.508406
377.436622
377.507880
377.542984
377.469758
377.472827
377.473310
377.618419
377.508913
377.507815
377.508100
377.579112
377.578540
377.508602
377.508118
377.508103
377.508129
377.543973
377.544279
377.509666
377.541630
377.576584
377.579188
377.617251
377.621834
377.728194
377.578623
377.578624
377.579149
377.582585
377.507799
377.583361
377.508043
377.543180
377.473794
377.507266
377.508418
377.474932
377.545249
377.475879
377.511317
377.617116
377.587163
377.583169
377.584964
377.542631
377.614839
377.542665
377.506227
377.506241
377.547807
377.577461
377.580529
377.472560
377.471245
377.470663
377.469876
377.437106
377.540798
377.541303
377.505749
377.616140
377.472013
377.614158
377.472028
377.506238
377.505420
377.618013
377.472513
377.583447
377.435393
377.433803
377.507904
377.543975
377.507437
377.579016
377.578244
377.470403
377.613965
377.504670
377.503388
377.436285
377.548945
377.618591
377.547049
377.506055
377.613330
377.471510
377.471511
377.504946
377.505004
377.540050
377.505753
377.504526
377.470726
377.472502
377.469033
377.470394
377.468549
377.614757
377.504179
377.436589
377.505195
377.542644
377.510461
377.542665
377.469899
377.471690
377.470080
377.469278
377.471980
377.471674
377.469581
377.471659
377.436312
377.470331
377.541780
377.541288
377.541569
377.470160
377.470149
377.436140
377.435841
377.469845
377.469557
377.508868
377.542021
377.541987
377.511367
377.705116
377.662535
377.662535
377.662549
377.704632
377.662545
377.704631
377.620441
377.583738
377.620761
377.544034
377.510605
377.472535
377.439875
377.545372
377.472811
377.507342
377.506045
377.506525
377.616133
377.506257
377.506550
377.581484
377.581488
377.541888
377.470642
377.474654
377.545076
377.506277
377.506267
377.506263
377.506277
377.436928
377.543474
377.549567
377.549548
377.471020
377.507265
377.543478
377.577630
377.620203
377.546904
377.587971
377.586744
377.509023
377.621122
377.619057
377.582448
377.621697
377.580668
377.545880
377.543593
377.580986
377.544688
377.625852
377.547334
377.621711
377.660888
377.580678
377.545730
377.548434
377.543653
377.576605
377.613905
377.579474
377.692510
377.615384
377.613704
377.613807
377.580582
377.651405
377.542350
377.578555
377.579514
377.615057
377.730116
377.543773
377.579455
377.578757
377.577997
377.613312
377.579780
377.650627
377.578246
377.578693
377.691497
377.578203
377.582691
377.623158
377.584538
377.585787
377.585463
377.586026
377.511013
377.612712
377.540712
377.505449
377.505454
377.509037
377.471651
377.541873
377.543140
377.436645
377.615276
377.539585
377.506556
377.507038
377.539728
377.538952
377.542778
377.470359
377.504381
377.578583
377.471165
377.504890
377.542137
377.509513
377.541582
377.470643
377.543904
377.579536
377.541788
377.471141
377.578758
377.506197
377.540996
377.473865
377.579626
377.507621
377.509381
377.545228
377.583084
377.584354
377.583227
377.548678
377.578468
377.505355
377.578978
377.578945
377.542912
377.506028
377.506029
377.614317
377.543870
377.613230
377.690479
377.543422
377.506081
377.506565
377.540280
377.505740
377.614360
377.543896
377.580952
377.504156
377.471829
377.505851
377.616574
377.538766
377.507813
377.507522
377.615746
377.471475
377.576159
377.505200
377.541067
377.541592
377.508863
377.543452
377.509904
377.506826
377.540848
377.651569
377.649884
377.616504
377.542625
377.509641
377.471938
377.543723
377.541007
377.507778
377.579554
377.542313
377.543537
377.472737
377.579369
377.506492
377.580317
377.474642
377.440630
377.580382
377.473890
377.576930
377.505483
377.508311
377.577182
377.505496
377.506762
377.508175
377.507814
377.577465
377.543470
377.543050
377.472221
377.543689
377.615993
377.542122
377.438195
377.542901
377.508278
377.506923
377.543260
377.542956
377.614749
377.506483
377.506506
377.509078
377.508030
377.508340
377.548246
377.507346
377.508895
377.577672
377.575062
377.575860
377.685194
377.576652
377.543132
377.543134
377.650952
377.575038
377.578150
377.577348
377.471393
377.578010
377.576414
377.541825
377.542115
377.611434
377.507230
377.577646
377.507382
377.577931
377.542729
377.508026
377.617056
377.507525
377.506783
377.542615
377.544112
377.620148
377.505728
377.615248
377.506546
377.505546
377.505277
377.472325
377.472807
377.506511
377.505744
377.540560
377.435830
377.541345
377.469562
377.584720
377.586230
377.546441
377.586751
377.620240
377.584641
377.584664
377.584318
377.581541
377.579340
377.547226
377.623233
377.578882
377.579728
377.511303
377.580036
377.545200
377.546324
377.512664
377.621254
377.507998
377.549249
377.585940
377.585199
377.547202
377.585735
377.544756
377.543909
377.549248
377.507998
377.585953
377.621254
377.545412
377.585158
377.584835
377.584536
377.547880
377.586105
377.584789
377.544252
377.544290
377.512403
377.855564
377.855564
377.436263
377.470613
377.470915
377.400689
377.399290
377.470322
377.470551
377.469595
377.470842
377.620024
377.471197
377.472801
377.582659
377.625415
377.619300
377.622597
377.548982
377.584634
377.510224
377.508913
377.656424
377.509214
377.582608
377.508099
377.506789
377.654247
377.507571
377.542378
377.543192
377.581269
377.472250
377.545668
377.439303
377.543240
377.438730
377.471666
377.470273
377.472238
377.545127
377.438739
377.439579
377.506510
377.503897
377.504683
377.469838
377.541053
377.542155
377.472373
377.471900
377.473591
377.541874
377.470744
377.623980
377.616854
377.616344
377.512124
377.579858
377.508111
377.505688
377.542444
377.470842
377.622020
377.542893
377.542885
377.507111
377.543188
377.507609
377.543180
377.620988
377.656066
377.658478
377.582094
377.617184
377.617142
377.547733
377.582608
377.618502
377.579573
377.512525
377.548402
377.507651
377.507639
377.581329
377.580497
377.543693
377.473285
377.473293
377.438965
377.440518
377.473545
377.544223
377.474654
377.543445
377.544036
377.474974
377.545659
377.545607
377.473793
377.581248
377.506795
377.506484
377.435542
377.401212
377.402595
377.437388
377.439010
377.438990
377.543814
377.437157
377.437450
377.471448
377.472252
377.438523
377.438805
377.471458
377.579877
377.473055
377.434704
377.436596
377.440610
377.473572
377.437672
377.544542
377.439033
377.471483
377.617287
377.581621
377.620463
377.474627
377.581869
377.542098
377.542608
377.542142
377.577655
377.469848
377.610661
377.505204
377.505735
377.541107
377.544241
377.578251
377.472168
377.505256
377.579027
377.473754
377.472489
377.504742
377.471511
377.504160
377.505745
377.541608
377.653226
377.506266
377.506504
377.504873
377.505773
377.505216
377.471705
377.575361
377.504894
377.541896
377.504879
377.503221
377.470154
377.471420
377.574554
377.505373
377.504400
377.502568
377.541107
377.469345
377.503666
377.505523
377.577154
377.505696
377.506798
377.504929
377.541139
377.576668
377.577180
377.541365
377.469841
377.575162
377.470922
377.542127
377.469038
377.470663
377.540536
377.470380
377.540524
377.468237
377.469573
377.542079
377.541285
377.469861
377.613371
377.505567
377.614131
377.505607
377.505293
377.504770
377.504786
377.613349
377.543222
377.473551
377.544275
377.541011
377.540798
377.506231
377.614830
377.506774
377.507087
377.614339
377.649906
377.614065
377.615117
377.506292
377.506595
377.539547
377.506541
377.542134
377.541420
377.543197
377.582914
377.581393
377.506541
377.438767
377.438782
377.579869
377.581484
377.584722
377.613088
377.613120
377.580891
377.582310
377.583141
377.545102
377.470135
377.507032
377.470641
377.579963
377.505695
377.473658
377.439638
377.472892
377.506240
377.505267
377.506503
377.576133
377.506189
377.505233
377.541894
377.504613
377.504008
377.470945
377.470651
377.506244
377.577691
377.471380
377.505971
377.471946
377.505602
377.503396
377.575078
377.469068
377.504916
377.505129
377.504453
377.470268
377.504885
377.470876
377.575812
377.577397
377.612185
377.540225
377.541836
377.539245
377.577949
377.539928
377.540788
377.539781
377.539088
377.506066
377.472507
377.506525
377.505425
377.541307
377.507540
377.436618
377.436323
377.469619
377.543898
377.506785
377.543110
377.469696
377.576652
377.506479
377.473009
377.546496
377.508078
377.474612
377.436122
377.437718
377.403674
377.616256
377.472101
377.437972
377.470704
377.472573
377.506736
377.505730
377.507039
377.505452
377.506253
377.471989
377.505712
377.505508
377.472761
377.437372
377.471956
377.507627
377.504647
377.505496
377.505747
377.578738
377.505717
377.504896
377.579210
377.504600
377.508120
377.471974
377.505696
377.469042
377.468753
377.540863
377.541043
377.470104
377.469540
377.468555
377.468057
377.508100
377.507810
377.542407
377.541418
377.435828
377.435024
377.435834
377.470681
377.504395
377.505189
377.575884
377.577177
377.540761
377.504392
377.504905
377.471180
377.472797
377.582380
377.579979
377.503621
377.545353
377.508193
377.436114
377.435327
377.616243
377.469882
377.471984
377.617670
377.577285
377.507046
377.619809
377.581024
377.511259
377.581351
377.584409
377.505889
377.470993
377.470979
377.584126
377.542925
377.583470
377.508059
377.509162
377.509198
377.400279
377.503421
377.505522
377.505567
377.576256
377.505693
377.506252
377.470884
377.506254
377.472441
377.577686
377.472146
377.506004
377.505076
377.504714
377.505751
377.471680
377.471683
377.507083
377.577747
377.577744
377.541799
377.540755
377.540840
377.651031
377.617174
377.616359
377.540819
377.651016
377.504075
377.541886
377.542690
377.507036
377.506545
377.507547
377.579764
377.474581
377.471494
377.504242
377.506999
377.577693
377.577213
377.507911
377.508377
377.543951
377.506251
377.507913
377.542093
377.544374
377.505258
377.471691
377.543574
377.505750
377.471700
377.511626
377.543542
377.543262
377.690971
377.543567
377.617912
377.473550
377.474627
377.543754
377.544050
377.544025
377.510839
377.471953
377.542417
377.577976
377.505769
377.541399
377.578697
377.616630
377.578717
377.509982
377.507083
377.508175
377.578268
377.578259
377.578722
377.578237
377.581353
377.543081
377.506777
377.581614
377.545381
377.543353
377.507387
377.582726
377.544448
377.543451
377.510301
377.475213
377.510626
377.506474
377.617664
377.581244
377.620104
377.619818
377.508059
377.620119
377.545049
377.543177
377.542393
377.548027
377.509298
377.547438
377.472733
377.510459
377.510828
377.508955
377.508155
377.586903
377.508073
377.542586
377.508058
377.506863
377.508641
377.473019
377.472838
377.402554
377.403347
377.577677
377.505977
377.469369
377.435243
377.471154
377.469543
377.543344
377.435008
377.434416
377.543884
377.547203
377.544988
377.503350
377.504153
377.544074
377.655338
377.544293
377.545136
377.504946
377.471064
377.470568
377.543429
377.618401
377.579643
377.546370
377.509808
377.400591
377.472646
377.544034
377.543556
377.475651
377.547246
377.507263
377.508319
377.510768
377.511671
377.473587
377.579959
377.543456
377.470257
377.471924
377.470158
377.471675
377.473031
377.474117
377.506798
377.619187
377.473063
377.438400
377.473502
377.438681
377.471943
377.509174
377.621727
377.578535
377.578497
377.615303
377.471742
377.582122
377.548845
377.587372
377.584172
377.511997
377.578740
377.653586
377.538930
377.506252
377.541640
377.539235
377.505723
377.541235
377.576311
377.472198
377.538761
377.541315
377.505723
377.541010
377.473369
377.439811
377.580615
377.473064
377.579318
377.653325
377.541879
377.543184
377.542602
377.506263
377.507078
377.506783
377.505475
377.542888
377.542047
377.505555
377.580823
377.506849
377.505015
377.504180
377.469669
377.543362
377.508243
377.505235
377.581320
377.506049
377.585526
377.542717
377.506805
377.508704
377.620935
377.578636
377.473914
377.508942
377.508757
377.577884
377.542565
377.539766
377.615831
377.540593
377.507344
377.579281
377.509463
377.504981
377.545347
377.472229
377.506781
377.615214
377.614240
377.576027
377.692029
377.648657
377.544098
377.657009
377.579609
377.616555
377.614743
377.692552
377.505532
377.541050
377.542311
377.538398
377.615363
377.473986
377.543349
377.544756
377.510020
377.652408
377.543505
377.510039
377.617875
377.543399
377.509037
377.506052
377.581334
377.507347
377.505996
377.615031
377.506303
377.544084
377.471966
377.473524
377.542960
377.473523
377.575095
377.575611
377.576996
377.542987
377.577512
377.503207
377.470663
377.610661
377.504397
377.470160
377.472501
377.541287
377.578257
377.505515
377.472491
377.504742
377.438475
377.542314
377.472017
377.474837
377.577730
377.543182
377.509125
377.472478
377.473268
377.542310
377.544027
377.474967
377.615831
377.648646
377.505752
377.544381
377.439768
377.543832
377.439787
377.542945
377.474651
377.542959
377.505967
377.505486
377.471629
377.437901
377.585062
377.616194
377.470599
377.542164
377.470130
377.471732
377.580785
377.581276
377.582087
377.621826
377.617753
377.622233
377.473840
377.473854
377.545995
377.579013
377.542185
377.542648
377.543412
377.618776
377.617525
377.508120
377.547501
377.546666
377.507305
377.506491
377.508857
377.616969
377.578388
377.578068
377.614418
377.539995
377.655647
377.580994
377.507243
377.543550
377.578494
377.541868
377.691387
377.615337
377.692090
377.579933
377.649063
377.578330
377.577001
377.543773
377.653269
377.650544
377.653250
377.579122
377.578342
377.542645
377.544901
377.506473
377.544125
377.545411
377.692736
377.580841
377.580263
377.508983
377.657096
377.544353
377.510632
377.544019
377.546181
377.509816
377.579238
377.614249
377.545513
377.542179
377.507498
377.541661
377.507462
377.580193
377.613627
377.506438
377.542497
377.508781
377.580256
377.507126
377.655703
377.541646
377.506463
377.543016
377.581555
377.507783
377.579638
377.580669
377.580199
377.688991
377.510047
377.540515
377.540523
377.543875
377.545928
377.655117
377.579648
377.580210
377.688983
377.693988
377.580665
377.539697
377.540024
377.540517
377.613493
377.542050
377.577723
377.613779
377.577418
377.658845
377.660336
377.655111
377.624355
377.616984
377.625292
377.771804
377.544942
377.510927
377.509818
377.544901
377.657638
377.543867
377.510391
377.582216
377.617797
377.618582
377.617597
377.579101
377.544115
377.625461
377.591194
377.509649
377.476373
377.510402
377.541152
377.506794
377.544512
377.541056
377.541844
377.694575
377.695508
377.696292
377.506657
377.654969
377.612169
377.541987
377.543086
377.507083
377.472468
377.620759
377.577959
377.505211
377.506407
377.620641
377.505019
377.614536
377.577042
377.575717
377.542503
377.652009
377.507720
377.576105
377.655641
377.578267
377.613634
377.542451
377.506298
377.579485
377.770526
377.727172
377.578514
377.540789
377.473017
377.654693
377.621032
377.619537
377.585526
377.655741
377.656540
377.615825
377.546706
377.545958
377.579740
377.581369
377.512250
377.511502
377.580792
377.507981
377.655781
377.612464
377.541807
377.508097
377.507091
377.474276
377.622057
377.474388
377.505712
377.506900
377.472617
377.621186
377.505541
377.579538
377.770373
377.505386
377.472046
377.507837
377.505758
377.506833
377.543827
377.541311
377.540635
377.505669
377.579361
377.540526
377.506226
377.541620
377.541429
377.506480
377.579165
377.540085
377.538743
377.506497
377.539077
377.505557
377.542886
377.508358
377.576557
377.542547
377.542092
377.543150
377.542849
377.578201
377.612219
377.613762
377.611874
377.577676
377.544126
377.613022
377.577936
377.574561
377.578914
377.576885
377.544128
377.540031
377.540992
377.613022
377.543587
377.542523
377.508022
377.616967
377.659317
377.581744
377.617792
377.618084
377.617115
377.538715
377.505985
377.613041
377.580129
377.506526
377.582445
377.504875
377.547013
377.475865
377.512607
377.474590
377.545013
377.580409
377.624174
377.583879
377.546082
377.583389
377.547407
377.475150
377.623856
377.546693
377.621523
377.545659
377.543346
377.582578
377.583061
377.545279
377.701017
377.582330
377.583877
377.581813
377.511612
377.510008
377.544910
377.440079
377.440340
377.546553
377.476751
377.475152
377.619606
377.439568
377.544567
377.615288
377.621237
377.547267
377.620897
377.621415
377.586356
377.619389
377.621820
377.546431
377.580537
377.546462
377.542064
377.583981
377.545134
377.545962
377.549216
377.506801
377.579710
377.506786
377.436822
377.581302
377.794089
377.546676
377.548015
377.470905
377.473007
377.582289
377.651508
377.617074
377.507573
377.581743
377.507646
377.546597
377.508066
377.547480
377.691725
377.582519
377.507305
377.509010
377.509188
377.781829
377.473480
377.472717
377.477049
377.543974
377.513984
377.472227
377.544318
377.505461
377.505687
377.543773
377.621553
377.544085
377.580505
377.582348
377.544170
377.545430
377.621013
377.580732
377.512180
377.542700
377.542689
377.544330
377.656651
377.580017
377.618270
377.615599
377.621693
377.508648
377.544590
377.508350
377.544277
377.546275
377.735504
377.623714
377.581430
377.581503
377.694026
377.616069
377.580003
377.612040
377.654749
377.624478
377.617873
377.582503
377.579890
377.579890
377.582508
377.509262
377.510045
377.507208
377.474136
377.474457
377.507544
377.508826
377.656522
377.581925
377.582079
377.618157
377.654062
377.542347
377.542373
377.576888
377.614202
377.572953
377.541890
377.614559
377.509644
377.544489
377.509369
377.615328
377.575314
377.612260
377.541860
377.538431
377.542321
377.471704
377.505718
377.538270
377.505248
377.505745
377.541123
377.540813
377.541632
377.614592
377.543189
377.541040
377.615374
377.509658
377.544771
377.510422
377.543667
377.541025
377.616127
377.545231
377.509350
377.545581
377.581201
377.615339
377.508667
377.509150
377.509179
377.579870
377.615010
377.577386
377.542357
377.543159
377.507356
377.579589
377.661876
377.783560
377.623223
377.547985
377.622740
377.782824
377.775611
377.732569
377.776880
377.732068
377.622857
377.622834
377.546367
377.541910
377.614646
377.542730
377.506531
377.613561
377.578305
377.543496
377.540779
377.544512
377.613938
377.542969
377.577388
377.612973
377.544238
377.577215
377.577695
377.506457
377.579211
377.540003
377.505680
377.539720
377.610637
377.615250
377.613336
377.544309
377.654718
377.506874
377.577626
377.577979
377.505162
377.504883
377.619834
377.505528
377.542741
377.576975
377.541113
377.615883
377.582266
377.616003
377.620220
377.659359
377.659355
377.694680
377.693520
377.694704
377.732228
377.693493
377.618139
377.657229
377.657229
377.657377
377.580167
377.657357
377.546599
377.541358
377.541343
377.614228
377.576876
377.615252
377.578750
377.545608
377.649387
377.580253
377.579895
377.579334
377.580683
377.614169
377.693177
377.693648
377.615382
377.548219
377.615211
377.615870
377.734872
377.614691
377.581007
377.580916
377.477645
377.650487
377.577747
377.545083
377.577572
377.578073
377.541904
377.507034
377.541246
377.543380
377.579077
377.579060
377.546590
377.544942
377.546055
377.579923
377.545116
377.578249
377.693132
377.543204
377.577195
377.580889
377.579133
377.579924
377.589916
377.589428
377.513090
377.508352
377.508473
377.622783
377.511590
377.622774
377.545053
377.581226
377.546954
377.582070
377.580582
377.543796
377.544296
377.614890
377.654129
377.695087
377.694598
377.617009
377.619288
377.619783
377.659197
377.583650
377.658701
377.582938
377.733070
377.655727
377.618310
377.694550
377.695320
377.581908
377.700910
377.701191
377.659736
377.653083
377.659943
377.618779
377.657907
377.583151
377.657411
377.582157
377.619865
377.660835
377.661130
377.619716
377.617722
377.579574
377.616853
377.613319
377.657815
377.658598
377.659022
377.583767
377.618050
377.511560
377.699105
377.581353
377.582007
377.542808
377.508554
377.506143
377.506710
377.473219
377.507219
377.401985
377.436328
377.472937
377.506793
377.579934
377.437079
377.435014
377.511637
377.542741
377.542721
377.437956
377.439233
377.437120
377.437085
377.437690
377.547806
377.470901
377.470103
377.507842
377.507655
377.797429
377.790749
377.437718
377.471446
377.471434
377.436915
377.470658
377.470163
377.437429
377.437130
378.232976
377.548800
377.548289
377.545900
377.542979
377.543012
377.618128
377.404119
377.403339
377.844197
377.662246
377.548740
377.583931
377.547237
377.587060
377.583849
377.548648
377.509461
377.475118
377.508342
377.580957
377.471732
377.473005
377.472172
377.470647
377.507335
377.507845
377.507353
377.508658
377.509178
377.508670
377.544999
377.545897
377.548451
377.546729
377.548523
377.587155
377.628175
377.666225
377.666211
377.666200
377.580319
377.581684
377.546554
377.622581
377.511928
377.544746
377.545363
377.546264
377.545307
377.581805
377.581333
377.622270
377.545362
377.546250
377.622249
377.546714
377.580888
377.544026
377.581489
377.697644
377.581006
377.578123
377.544212
377.510238
377.620886
377.544909
377.473522
377.507844
377.507843
377.580437
377.618202
377.508877
377.508394
377.507563
377.580181
377.475921
377.475439
377.546455
377.653668
377.547101
377.546571
377.441852
377.585226
377.585212
377.584403
377.583098
377.618819
377.583642
377.580679
377.543351
377.617963
377.542600
377.545182
377.511600
377.509243
377.617443
377.546455
377.547116
377.543749
377.545771
377.652856
