188.922916
187.171687
183.701794
184.225775
193.899935
187.623052
189.100545
194.243734
189.326885
189.478652
190.828450
195.655416
190.644296
199.785243
187.201630
193.508135
190.990833
189.448385
190.733218
200.621607
189.744623
194.343039
191.659161
199.787452
191.719236
196.456893
190.699887
190.565577
190.170099
179.540330
176.123907
175.911518
184.786853
183.171495
180.667157
176.997176
185.720022
181.401552
192.063976
190.644769
181.898894
179.295566
180.050075
179.585266
174.146685
192.970276
178.757022
179.510410
177.711545
174.141812
185.444164
179.493503
184.439762
180.208109
182.625126
172.624868
174.363795
178.194299
189.479186
179.227855
179.581931
184.388229
178.580869
185.475653
187.234710
183.155403
178.782149
189.523954
178.498846
177.194682
180.362067
181.369360
188.618064
181.619414
179.904552
176.504006
180.302652
181.110575
190.600774
185.402899
188.956904
175.222264
180.345164
190.601810
180.621707
186.060668
188.009263
174.989144
180.067234
180.267019
179.690628
175.931808
176.018678
169.911054
174.463135
171.259232
168.235570
170.969330
171.728408
171.958692
179.307856
166.605509
168.430813
174.387370
177.448544
170.014590
175.195261
174.861806
174.285072
169.079624
164.679294
170.474959
170.606446
170.718688
170.392943
170.843528
164.737413
180.254822
174.846091
195.315887
187.908969
175.038572
180.247030
175.053490
177.704328
179.248017
184.828146
168.326325
183.733141
176.730408
175.877725
174.037127
172.629109
185.588748
173.375043
169.087512
185.152522
173.230550
174.048134
173.191609
173.306092
178.432289
169.749576
185.812693
172.516719
174.037239
169.749360
186.893413
173.153457
173.268345
182.167336
174.213973
175.144213
174.127625
185.648761
200.000969
185.463614
186.148759
185.513939
185.536502
186.315840
184.573229
176.166396
172.556126
171.514687
186.899506
176.164205
175.011727
173.382988
188.806497
178.493071
171.533932
170.447067
185.875145
175.190532
171.579797
170.537285
187.038438
174.926121
173.237520
187.805133
180.138302
180.637533
189.861533
175.173688
175.263576
187.803002
178.533764
177.527694
178.775433
178.631418
183.563795
184.740815
189.962246
183.605945
183.659038
189.152819
186.940163
182.298511
178.635446
182.133932
177.583137
183.053394
181.069325
182.079800
185.457310
184.443164
185.690747
181.330996
198.427710
194.044146
186.332765
202.915925
186.359705
185.825953
182.143472
181.056525
197.518156
193.118671
190.950650
190.084588
185.660726
185.393800
185.383980
185.794590
185.456628
176.688339
177.815467
196.328108
184.912260
191.158793
186.053956
178.597223
184.719179
189.128546
189.217024
182.916217
188.101988
187.210530
193.313303
162.349308
163.017713
163.751455
162.976178
163.687140
162.979992
162.280438
173.401054
173.385184
173.325327
168.123478
169.597028
168.843048
169.798818
170.533139
168.105319
167.395819
169.849590
169.818644
176.769132
170.678980
173.570298
168.241942
167.334027
179.235321
174.125462
179.099198
179.406801
184.747665
199.957217
199.957258
193.141124
190.900135
201.256475
196.680225
198.628063
191.655504
190.636310
206.949226
197.496287
204.672330
198.560320
207.611722
198.222566
195.000688
198.754797
192.656523
209.379624
201.246735
203.257721
191.741064
190.720095
197.583579
192.860781
208.090085
193.705722
219.579452
198.594842
190.813536
206.020607
196.592673
201.168111
194.129776
194.751034
201.508566
192.095296
224.153609
201.460217
197.310964
189.298627
199.209707
189.372867
191.631471
190.396559
200.796200
199.760597
194.534553
189.760663
206.761079
197.684342
199.269075
196.002021
202.975130
212.943906
202.973651
204.747031
198.755267
196.954909
218.729486
200.445565
193.290299
205.943813
206.023036
196.212963
196.112732
197.195021
205.750989
197.156183
203.807909
211.985662
203.669485
195.321807
197.035251
203.818633
212.003199
195.370028
197.156440
191.419848
190.861025
190.194713
194.624334
186.691726
190.306315
188.305972
182.182128
189.711837
189.143750
189.136783
189.160089
188.089002
204.060046
196.927207
190.201403
206.269235
198.054628
190.911296
206.426016
201.247717
197.411753
189.145126
185.572196
201.135140
188.384400
186.561550
187.996081
188.037740
197.127116
195.383331
194.585081
190.694584
189.251967
214.084083
189.831509
202.243835
195.404194
190.954876
202.364174
197.212354
194.628513
192.663854
186.826093
195.754606
195.830008
196.167988
191.228060
190.251463
190.587835
206.714443
193.523307
202.964566
191.945412
191.948114
199.235806
193.494936
202.453498
205.960990
204.203972
187.526286
191.872572
198.919365
198.996923
190.210360
190.272444
194.244664
194.322225
185.612528
185.671857
204.193305
207.369705
224.545578
207.389297
202.616051
201.820775
198.873058
204.964702
222.290819
225.779722
211.379405
212.159663
205.958025
204.705605
203.055679
213.710550
205.517521
214.290437
199.605235
195.059922
208.606309
198.911857
205.003823
211.450539
212.233818
205.992790
204.747422
208.573062
203.851169
208.959076
208.067609
192.957425
184.790493
200.597233
191.187542
192.745307
196.277507
195.517343
203.736698
203.742178
196.030858
210.818222
204.810369
205.409631
197.274163
191.090034
185.751576
195.879837
199.466375
190.170881
192.554844
190.927135
206.035155
196.643970
191.738920
186.537981
187.277592
188.506202
194.168219
182.967252
188.344194
196.317479
193.095768
184.481527
190.745279
193.030915
176.914498
183.084570
183.744761
188.910164
201.970709
181.953119
194.828530
194.786967
195.163489
195.822839
195.782478
201.906133
209.153843
196.318726
187.056492
195.417320
200.655746
190.113352
186.554366
195.756787
187.377090
222.216557
216.849113
207.436020
218.091496
223.328426
225.283280
187.860461
209.227998
212.316749
219.752690
201.578030
203.918689
193.910602
193.889841
195.151843
200.137611
190.965701
189.665883
203.835115
200.291596
188.934521
189.557717
189.582707
210.257100
195.220702
209.377778
195.817731
195.134350
195.107487
196.843072
210.472473
196.170764
195.827435
194.936919
183.568386
188.668372
201.231932
196.145901
203.965995
199.181048
188.601853
195.937710
188.585479
208.468961
188.944045
201.136511
191.626453
207.690570
195.805948
194.002234
194.028634
201.703332
192.883755
193.917922
201.316964
208.201630
206.836594
203.827671
190.074469
195.393306
200.661793
196.934532
199.239820
193.923817
193.827336
196.979183
206.172062
201.548533
187.474485
185.604899
192.121874
214.785075
191.411880
196.846307
194.849889
189.624341
186.707786
208.250359
208.368418
195.292939
188.932747
201.358774
186.929294
178.621800
184.765653
172.708438
178.064283
184.112939
165.821759
176.056155
182.978469
187.887627
177.793599
183.860781
182.826632
179.550502
185.634115
184.886898
171.870616
172.004576
189.844515
195.942651
191.304396
210.702331
192.072224
200.513180
182.856276
181.982509
181.121965
182.015773
176.058477
190.295129
181.566016
185.239385
185.141006
176.782885
176.094660
199.143460
198.083490
181.055033
182.641339
188.359089
184.578058
174.422497
180.475527
180.566768
174.391763
174.985423
174.985182
182.938606
179.885160
170.728882
179.127816
169.970272
198.972652
191.363445
180.433051
181.131029
198.976103
181.242773
187.835433
193.399538
210.804813
194.143216
197.584657
198.642665
189.346084
198.634340
188.490615
194.612519
193.525538
205.478810
200.102118
187.486462
205.437821
192.816358
203.898473
212.849391
205.602173
200.344552
209.657992
213.854166
203.172687
192.431266
193.176011
185.673230
182.057445
201.956555
188.367535
195.060658
189.448278
206.436926
189.720228
200.220915
184.052490
206.774125
188.331560
187.466360
205.511865
190.075114
195.525757
192.920182
187.977181
193.374183
200.459002
198.374698
186.359171
186.384737
207.772692
189.586128
201.294764
190.480590
190.004033
190.797408
194.643139
185.618564
184.061273
183.958177
185.164446
194.563132
185.642647
194.183686
194.193503
187.187993
186.701450
188.281795
186.506236
189.863465
189.861900
205.695649
189.340191
205.627015
188.238903
187.605033
191.382896
180.682370
180.571978
190.698838
192.224790
183.203846
180.771182
182.409241
191.559743
207.084676
187.965915
199.926300
189.477850
181.925946
204.281231
186.208243
188.812946
198.536921
186.406384
191.609407
186.466604
196.286126
187.581632
185.403993
196.343134
187.970663
197.377461
211.758975
201.569409
208.951237
192.367040
181.920370
199.250335
182.263240
193.296557
183.620802
181.984481
187.157407
188.098519
205.601793
188.979124
188.801630
193.209333
215.177345
196.062028
195.346511
195.346274
193.466781
186.747661
192.302184
186.408356
199.220815
208.273457
195.589480
181.216272
205.014104
185.540703
191.761800
206.046600
202.291845
190.302399
181.509529
204.625167
185.935210
191.274578
192.157753
190.898746
190.143089
190.071217
200.356507
197.469972
189.766613
197.471468
209.602244
210.047505
191.009912
205.947223
187.013910
192.906597
187.261903
191.373346
210.809943
191.768964
197.657958
192.069682
181.706804
181.570985
184.260398
192.161674
178.083247
191.409558
177.265232
183.440158
191.375972
176.251845
181.744175
202.036127
204.381715
189.346578
180.192165
203.923030
184.557766
189.955933
190.778944
193.435472
193.333207
180.281037
193.280374
188.469537
183.079489
181.020875
180.929687
188.566962
196.672071
196.693652
189.057732
183.837950
189.175710
189.921504
184.735979
186.297829
196.060224
198.206256
185.165684
190.193903
180.471332
181.410467
186.323228
198.568455
184.456355
182.806686
182.174524
180.592786
181.426827
175.335685
174.436999
182.891880
186.322585
180.875337
182.490434
176.378779
176.161824
178.788986
171.429529
172.401092
176.076490
182.959447
170.770615
176.817339
182.873039
178.089972
175.365004
183.071647
173.281517
174.254034
203.020132
203.022528
188.565011
188.565536
192.515248
191.792484
199.783268
199.757167
191.825200
190.925550
185.317673
182.969035
189.085672
179.788945
179.455973
178.706297
191.531344
192.221093
191.498340
186.223826
176.092374
187.265305
188.351500
177.945420
198.371712
184.369548
184.394100
204.802157
190.845364
205.130665
191.517932
191.570470
205.227575
190.865532
189.691028
179.586950
185.642411
185.654484
184.026716
182.977146
184.226308
183.677554
179.327922
186.597656
188.022736
189.128262
188.296559
188.290858
184.357659
191.641237
184.385125
204.233580
182.155639
181.987095
192.315486
189.500494
188.392476
191.279795
181.844245
189.832295
182.144750
182.936611
190.103567
193.108356
190.255259
188.951346
189.581783
190.123269
191.398032
190.225658
182.902124
182.742837
188.831416
191.710168
190.718771
179.806139
184.666494
188.981085
188.097948
186.603628
199.220396
180.521657
182.153295
182.070149
180.308945
183.795342
181.395880
177.761358
176.907870
188.353362
184.680099
184.149694
189.682058
184.156154
183.458699
195.549194
186.236035
182.345619
181.408495
179.640434
174.234567
183.595855
184.113225
182.844994
187.104811
184.097376
185.615447
186.982482
189.140316
176.851839
176.164456
192.432049
174.316654
174.296216
190.527260
184.480450
192.266096
191.300031
191.083858
191.809325
178.372247
196.586984
188.550022
189.136254
189.860939
189.133368
186.249446
195.299134
190.303725
205.189890
200.474402
195.353689
188.444662
191.070877
188.492755
189.361623
203.440390
200.407122
177.598668
187.984286
186.886371
203.895792
211.459025
192.579531
194.630504
185.718500
195.361764
190.902281
188.382255
188.263891
190.933768
189.072787
189.056603
188.683676
193.574772
197.378543
202.565257
211.288845
193.865812
193.185220
210.111917
191.682314
209.351470
190.996623
190.924398
190.043786
191.025685
189.929141
187.034440
194.802302
177.650401
190.359893
194.925098
195.516075
183.826990
194.175607
186.397953
193.072830
176.913512
199.993325
202.672293
222.607145
199.087012
197.979873
201.384675
196.733102
202.063158
214.618195
201.675937
202.379133
199.970900
194.843493
178.654890
208.187097
187.387334
192.290890
182.331770
176.114220
176.212203
208.111864
208.693145
199.354544
176.989534
175.300076
186.374271
176.150964
186.424901
180.618207
187.805393
176.855597
187.842297
187.825767
187.759788
177.862334
187.868423
171.026753
169.236837
186.975975
189.545326
166.731343
189.550032
200.827198
193.089039
189.658196
193.000735
188.647015
197.945461
182.416786
192.311280
194.008923
195.143012
188.682475
192.043171
187.826764
197.657848
196.787394
182.417840
188.354745
192.292016
196.828767
183.201874
190.145358
193.079680
194.026624
196.962149
192.546015
186.942774
194.501874
196.401835
197.782882
190.188215
197.711344
191.936293
186.599087
183.934915
196.455596
185.913254
205.611056
177.023193
191.270960
205.619783
195.235391
194.182573
193.849100
195.672360
187.638896
201.484627
192.877686
189.458593
197.578272
200.319125
192.767900
193.115671
187.172507
188.854049
195.899191
197.115298
189.903878
194.235329
181.900078
211.671572
183.552819
188.100112
182.799543
195.777875
182.198436
195.469910
193.794812
188.355744
187.539245
186.386918
186.404270
185.328611
180.322731
187.928491
180.318755
175.928519
192.361194
186.487602
187.981883
187.302106
186.233313
187.829892
181.118044
181.523325
182.063565
182.175411
176.792261
176.142090
195.095268
195.067919
200.217171
193.273545
197.811748
189.071010
198.918338
189.093910
193.213535
199.033900
175.162945
177.014487
178.025094
187.862001
177.807903
177.265775
188.910440
184.161803
182.694683
182.512848
182.732480
183.754881
184.828598
177.591642
179.332071
181.678788
200.833692
187.446226
181.865783
189.702992
187.984626
179.014784
188.158022
192.231335
183.677195
192.510582
184.060535
186.897715
189.828983
190.726881
184.287436
186.120893
186.888660
174.620938
177.143520
187.269317
177.140422
200.401639
184.800022
179.615678
180.297764
179.496616
181.261506
192.137648
182.002243
192.715844
191.232195
180.164059
182.207950
192.011869
180.280552
180.848807
181.302742
192.335225
180.905638
192.024406
193.196865
193.829542
193.066220
191.587270
185.749146
186.358104
186.650042
186.694313
185.656808
187.462698
189.618997
190.576359
190.872761
175.582658
188.493772
183.446671
197.719029
188.688897
185.195725
190.245950
189.459656
191.388185
181.297017
181.907375
182.259270
183.070582
184.474705
173.738414
170.189338
177.193151
190.689191
186.759591
175.350384
193.019611
191.486021
200.893614
192.115451
190.843671
192.160660
190.252995
192.735473
189.964809
184.799256
201.829726
180.224339
182.976120
198.948733
186.249918
181.101306
181.051031
180.085997
181.046525
186.188756
201.073354
182.176478
192.540599
181.163129
183.902344
177.526234
183.173744
173.646147
182.185851
175.163855
177.826738
182.015877
180.963672
180.338234
181.912562
181.825215
180.196637
189.516879
190.602640
190.250067
191.303086
178.525732
183.740846
180.267782
194.269138
194.268977
185.174153
199.634422
184.018007
188.828499
194.599070
189.536285
190.066621
173.616512
174.484262
196.419886
180.189516
180.837566
180.188127
179.825224
170.732494
179.822885
171.830827
179.092979
171.054773
175.288657
176.335855
192.531313
175.661353
176.375957
176.410056
189.827724
190.480373
191.497756
208.971093
222.972262
208.130538
197.795837
201.321140
191.420220
190.784677
190.158054
197.709601
200.112566
189.658144
204.892091
194.438148
189.682066
190.067131
212.573395
215.618220
207.940562
202.653790
203.889884
207.144476
196.803886
200.281049
190.472440
203.979420
189.836776
194.788154
189.176647
201.268165
192.907231
215.086877
211.203508
211.235111
197.709306
200.026689
189.681942
190.033557
202.147323
195.770965
192.452827
192.930374
193.305255
185.726060
190.662188
188.366704
188.383840
182.210588
186.656398
189.002390
182.226209
184.801702
184.803592
197.449750
188.898746
188.280349
182.062246
186.555572
187.915859
182.123485
211.855495
199.609836
202.049934
207.936683
201.973821
184.505640
187.767172
187.721386
188.864036
189.544669
181.708860
182.722401
181.223102
187.441878
182.436933
182.756354
184.447113
182.193855
181.331314
185.905178
186.221432
188.848529
188.635453
194.727389
187.687928
195.110609
185.700938
200.183209
190.273591
187.850844
195.905380
190.579213
192.943661
191.915282
189.607309
194.061707
192.267154
187.912841
183.661409
192.913012
196.310853
192.963199
194.042174
189.533225
188.505839
195.138240
189.895162
173.731424
186.168651
180.670838
185.427120
186.165985
194.231296
186.190761
180.665748
195.060670
179.862473
187.069736
179.927893
187.707576
191.000349
185.447016
181.591343
191.209471
182.120845
186.518411
188.183971
189.858794
192.601664
188.173950
187.475551
189.942005
184.345781
181.456743
186.698088
181.241777
196.970949
182.277806
185.987606
193.552891
185.886688
200.848739
192.609981
182.906599
197.492739
183.993981
187.685296
187.602632
186.470492
184.598392
198.453111
185.686039
189.429656
189.341668
198.678725
176.847038
192.643524
177.847435
182.342180
181.268729
199.261154
191.776354
188.803714
188.092016
190.128628
188.254253
194.138074
189.674601
196.799656
191.285226
183.660461
193.704321
195.780035
186.479737
187.026487
187.601888
188.812279
192.791761
182.044443
182.982756
176.199727
182.381404
188.829017
183.524546
189.604256
189.805538
183.117122
184.732651
182.478207
176.333610
182.471663
188.375867
183.800751
181.585116
181.675585
186.577558
202.513347
204.480327
193.970154
194.007870
193.343616
200.958274
194.882895
194.834806
195.526179
185.816902
188.135547
188.867276
186.889888
190.742266
190.870236
187.986519
183.451175
183.579712
183.554191
190.903683
195.381129
196.051446
179.044354
179.019025
181.825463
181.775093
189.136099
194.473768
195.219668
201.602196
187.121653
192.722607
184.298701
196.346431
197.632645
186.202320
176.823599
172.324402
172.245268
176.798402
170.932712
176.816551
175.297498
199.076808
204.360029
207.143513
181.787895
181.060463
186.271661
188.948155
187.144271
186.387549
188.652057
189.597450
182.166571
186.410929
182.964612
182.966011
181.266308
179.471755
182.062840
182.724581
175.206934
182.864392
180.507387
187.287342
181.059961
182.208455
185.067674
186.577376
192.390425
186.382529
188.075512
183.765203
184.426239
177.648009
193.302598
199.522078
192.931757
192.846767
193.602642
186.486316
199.540958
199.050149
190.877646
199.897890
189.164683
202.002935
213.315953
201.074895
195.729492
195.821024
194.043321
194.624796
183.818474
218.811823
202.093262
196.748402
199.514297
195.432348
201.552225
201.746423
210.654438
180.231357
179.488588
181.064180
181.048295
175.930659
180.293490
202.593359
195.400984
192.255014
202.113776
204.352205
203.826731
204.981786
210.906617
196.374327
201.906864
198.011767
201.434822
204.835898
204.216447
203.620807
204.122741
203.342398
198.718136
199.324510
199.876079
202.193926
207.035463
207.577608
200.868443
213.723159
202.331066
207.143978
213.704283
201.302452
207.093685
210.552085
212.230612
205.199032
213.476454
195.162060
192.045301
203.465133
182.849281
181.034320
181.173313
176.001984
180.317515
193.090151
192.308715
177.602119
178.262975
182.120458
175.905017
203.825607
191.238297
201.421990
197.615485
198.253783
198.805724
202.088657
204.402368
197.769889
207.233261
196.244454
195.129274
187.416856
188.124224
189.948922
200.334068
181.817715
182.215838
197.735886
193.689953
198.432481
196.069320
195.338559
194.460655
194.779151
195.338188
194.011111
192.083321
196.361051
197.354882
197.766640
201.460421
196.951468
178.928805
188.863866
204.899562
201.099204
204.487664
205.497484
201.386804
203.066717
200.959395
187.712801
195.163577
200.258788
198.084375
195.018556
188.176779
189.379349
201.075793
193.014817
194.798459
194.444444
195.299002
193.383664
189.005169
197.563449
183.240153
189.476835
183.287712
187.358445
189.697874
182.951070
187.299860
188.534357
183.495862
183.451131
189.368609
191.437675
189.429048
189.258473
187.452583
182.835490
188.965644
187.146565
187.303865
186.789445
192.265382
188.385155
190.233812
186.639805
191.121534
193.567717
191.108720
194.229399
195.813545
200.591013
191.808677
187.790403
193.982773
187.780532
195.353774
194.478454
200.817035
199.139453
194.268278
202.596283
194.265302
194.486936
195.289625
200.274492
194.684696
186.766094
191.837216
189.904320
189.081120
189.689682
194.451570
190.710094
200.039646
192.556597
197.637465
197.746569
196.107257
191.099195
194.511792
196.335687
190.196525
196.014898
199.546930
194.187855
198.552162
188.539338
194.652623
192.849385
192.012724
204.797695
197.466546
187.625692
204.821228
188.675407
194.961551
188.727751
203.000196
214.113620
184.840306
195.104245
200.580948
197.672642
190.953193
201.241874
195.996551
189.149385
194.952959
193.302205
194.998783
199.691678
210.784225
190.463213
197.847276
214.352986
200.479950
190.563662
191.735599
206.361628
186.029931
197.853876
203.558882
187.641266
199.086386
203.394461
213.777628
206.271135
205.153607
199.990163
200.531298
203.868809
204.339118
202.004328
200.495236
205.719088
196.498484
198.260070
207.672801
207.688276
196.061043
202.280548
201.112263
197.629115
201.104753
188.748664
200.468965
189.851848
194.751617
194.136342
195.414860
194.185118
191.800497
192.992843
192.850144
194.717837
188.602997
193.476030
188.023237
183.310749
189.549685
190.276778
195.831395
192.292512
192.391128
207.581185
206.147631
190.902471
201.808128
196.347100
208.437062
192.485312
190.007430
196.503620
198.086341
190.738273
196.934106
196.114617
194.768213
185.251177
194.457697
198.091892
202.395381
198.528928
191.446732
197.142015
201.638662
196.255913
185.207528
198.736006
200.723384
189.040845
211.851510
195.378928
193.421313
208.272394
215.447350
205.085734
219.017869
191.771409
214.500238
197.925831
201.315120
214.742943
211.695185
212.693567
168.137795
167.406601
186.062118
186.076006
185.362612
187.209036
181.939996
186.796643
193.108703
183.931306
187.182034
180.942813
187.219747
181.951210
200.398551
200.085823
195.000381
203.116690
185.114165
196.514934
203.895652
186.983914
214.065391
201.270001
185.833288
184.320430
194.888071
193.360658
206.003140
211.136660
207.810129
211.934512
195.406080
204.936520
192.775828
191.745217
208.940731
192.888919
206.879966
199.066431
202.678807
206.853577
198.186524
208.154371
207.271099
202.211572
196.041959
214.832706
199.197893
214.522177
205.527484
202.201472
199.347416
201.377446
200.696762
200.737947
205.777401
189.360600
183.964862
198.716165
183.990640
190.715623
188.700702
188.231291
182.171858
193.818085
194.898857
191.309739
189.327511
189.831817
189.761031
192.380955
183.737142
183.776273
161.455449
181.134006
172.646736
175.038309
174.329629
174.378936
175.136226
174.451218
172.758204
172.629506
173.383616
173.653707
175.872844
175.100820
174.371026
175.078629
175.873979
174.171422
175.228958
174.433864
163.242680
167.504301
167.450945
169.273831
168.941850
170.019680
168.228970
176.594718
175.938866
186.670442
174.869710
174.825028
181.096472
180.060162
165.048929
169.939949
163.076412
170.037913
168.379466
204.955104
219.018549
194.221752
192.088459
195.976497
195.597813
197.698189
195.316788
197.659115
197.768807
215.634219
186.016196
202.758455
189.589163
211.391582
203.129271
195.786722
196.555619
202.828110
191.496023
195.772565
196.562681
189.694906
189.608230
191.394136
203.171156
173.403776
166.499818
179.221328
179.152724
181.366429
179.193216
179.860033
178.455119
189.151894
187.452163
187.384396
188.053855
175.105156
175.865944
190.550753
192.739086
183.030427
181.316456
181.984212
173.416280
174.176465
186.265843
175.061325
179.376513
179.254929
179.356093
173.436827
186.189473
174.208901
178.522851
177.737538
180.649560
180.006692
199.193133
186.129767
186.873580
174.356735
175.084082
190.371994
175.010919
180.026333
197.300396
193.625460
195.354117
182.567861
181.457955
186.817423
185.537233
174.559087
183.813766
190.694524
186.445363
180.329292
175.425507
195.923674
189.526990
176.638647
180.321962
177.648663
187.587799
181.306983
186.518090
180.319104
174.196139
184.390562
174.141666
185.835787
185.374837
178.477430
187.405876
176.576642
181.162570
186.193774
188.837515
183.005962
194.820360
205.327977
206.409567
205.329475
206.317450
201.798297
205.614047
212.335533
209.087376
196.258406
207.383632
206.246946
204.970159
208.074058
209.196071
206.886310
202.372181
194.820193
204.133696
205.219210
205.260673
204.081484
195.416988
197.228103
194.050493
200.650792
196.291420
199.280484
199.298229
194.544448
214.709293
195.122617
203.819042
199.376515
201.551690
202.222345
197.814514
199.331267
201.379901
199.247295
199.373782
196.182535
199.382895
213.413716
198.398313
197.490983
199.332501
202.268961
197.924629
199.417775
182.004919
182.050177
188.070127
180.949937
185.905183
188.013671
199.458751
189.690659
195.084856
188.156955
187.464749
192.724782
187.805838
198.862280
182.671395
189.555056
183.303107
189.287551
186.252910
187.307950
193.033184
182.815782
187.309915
187.772002
184.582763
189.887405
203.919446
206.226084
205.525800
192.526898
186.934016
183.762709
198.557630
189.498641
194.033960
192.962886
189.112800
206.796138
187.052299
193.239779
195.292008
197.355127
193.413070
193.510485
194.909584
193.650870
193.411664
194.884790
189.282635
195.454580
198.345037
188.197064
194.643121
193.695989
191.696053
189.599829
183.292922
194.431036
193.609771
182.817101
188.161333
188.607830
184.809210
182.006709
188.826391
184.366138
185.085496
194.994638
186.048636
185.063621
189.669945
185.815567
190.359374
185.662782
188.791369
190.301709
190.686341
195.172871
195.753267
202.448275
194.743826
192.886500
194.640633
197.312459
194.102786
194.153322
195.786113
199.033197
192.665802
191.001888
194.404745
186.607529
196.031778
190.462345
205.769511
188.713355
186.644419
194.597533
192.139405
190.366230
198.870693
189.935303
186.622975
184.808614
187.300055
187.282601
199.422486
189.195017
183.994067
187.117642
184.700747
193.091077
192.198915
190.961809
185.951500
196.012394
204.640312
207.947248
205.561065
197.112556
197.696357
200.873494
208.100045
229.129406
214.866397
204.696671
199.038813
210.174434
210.012612
215.779771
212.376586
211.292385
201.735153
204.984731
205.920617
200.417344
224.878493
219.027323
216.730806
211.196575
221.458290
215.691442
210.156107
218.922422
207.421063
216.260039
216.258936
214.025947
211.792961
213.361455
217.302230
208.462382
217.773002
201.064020
204.364253
212.863597
207.480262
213.461392
207.230119
212.684519
213.626309
208.937571
208.961646
208.249986
210.929498
197.682618
207.896180
221.510589
223.810377
224.852840
226.110213
204.713030
216.101677
212.032919
206.228753
211.618103
186.713848
194.746157
209.800405
206.351898
200.453084
200.449920
200.018642
200.610363
203.437237
197.711191
204.474001
190.072772
180.268329
184.141920
194.625983
189.179818
195.477712
183.112444
182.342002
192.832407
187.350754
198.565786
207.304877
199.340631
199.416343
200.008580
208.013788
205.385103
210.271331
210.320975
195.768161
191.475305
189.435587
194.447591
196.098153
211.556402
206.338274
204.094161
210.400136
196.808892
192.596950
181.963584
187.100529
183.365657
188.102196
183.346324
198.792829
186.884863
186.153665
190.614239
205.568008
188.125043
194.662183
188.792513
188.794728
189.427054
183.364803
183.360775
182.692480
196.450233
190.149716
184.086881
188.304547
184.748856
184.720901
189.766038
194.255361
178.686860
178.659687
187.634639
182.914352
188.186050
182.876848
186.376871
190.716216
188.292302
182.913776
180.716769
182.292756
176.822887
182.199794
188.172263
186.447861
190.450243
188.972312
188.280454
188.081525
185.670758
185.798956
187.184171
179.439888
180.178678
188.021711
185.560000
181.828842
187.487717
182.745699
186.800995
187.730276
187.482962
187.216137
198.261729
199.131649
180.912981
180.117157
180.396005
176.664911
182.037938
176.568130
187.867965
191.647884
190.699352
199.684836
191.394177
196.791220
194.730697
187.711356
190.621865
193.076804
188.464539
190.087560
188.892139
197.809661
188.724677
186.301845
191.800521
193.851125
192.783029
192.039397
188.193413
180.472171
181.219394
185.520013
188.442602
191.514820
187.169745
192.320025
187.628889
181.520338
182.821422
190.634672
187.391934
181.865629
190.535166
188.781283
185.075139
180.742430
186.806086
187.565803
181.010848
180.931380
189.504546
191.744330
183.155132
188.107454
186.124123
186.308265
177.047778
180.737891
195.814936
182.106759
187.294748
185.535811
186.507103
193.596451
190.217098
193.654790
177.638905
187.244045
193.068744
177.493076
182.675157
182.026714
180.276319
192.980679
188.623503
187.558836
182.171967
188.359276
182.967182
186.483104
181.941782
195.971122
197.498497
187.680944
184.815786
186.538423
183.711932
188.709113
186.651971
182.197154
188.346857
182.996643
186.471149
187.825297
187.650299
181.969404
192.533721
186.323086
204.435254
189.979523
191.027782
189.499843
183.640079
186.628540
188.794135
192.261591
187.710757
187.341666
186.525636
189.797946
188.815132
189.211209
186.691121
191.599868
188.593834
189.939610
180.595233
174.572232
178.475788
178.819221
175.064682
174.535614
174.147393
178.801690
179.455557
174.323663
182.274666
180.519081
175.202582
174.338694
179.442891
175.980864
173.322673
175.192446
173.323967
183.007999
198.168556
178.338743
181.273374
188.400422
182.691024
177.344055
175.092312
181.271598
175.030182
175.127247
174.404201
174.086204
192.809213
187.860205
201.527462
193.691495
180.807594
188.440692
176.644340
175.882969
172.695677
173.419129
169.916667
174.414810
168.355738
168.973405
172.600708
172.774692
191.343019
179.344017
184.741337
179.201534
179.440558
180.964435
181.625381
179.852122
180.245967
184.672541
177.724319
180.472433
179.961470
181.870125
182.417132
183.077774
180.564817
180.922768
181.956801
186.218767
181.054282
174.879920
174.119868
180.864208
189.417366
182.980578
179.324777
183.659884
178.274366
189.129060
183.007647
188.380522
198.924733
184.742216
180.237074
181.731062
180.015621
186.825325
184.714612
192.385540
200.035985
201.655396
182.418794
181.680314
185.554343
181.141826
180.692584
179.954676
179.423205
187.755767
180.422939
187.957242
191.696565
182.122374
183.178749
187.132548
176.691519
176.652957
185.341354
182.717098
183.312576
186.543604
180.436368
188.355545
186.615618
188.369574
183.046482
180.930551
181.592665
178.640494
187.421247
195.462387
181.912998
183.777532
193.421542
189.639005
181.520824
182.659689
213.473744
212.239850
202.808963
222.309721
199.751556
198.669986
199.782941
198.650651
187.418252
187.959375
192.283805
189.220359
195.998487
188.175283
187.250657
188.632507
195.408615
186.636010
191.145469
190.414458
194.260501
189.622373
185.191796
185.864474
186.906464
182.856950
187.939936
187.486052
188.326433
188.931366
196.902383
187.891422
207.335334
181.946590
187.027982
187.338265
189.675394
187.376489
187.958112
208.990634
203.737434
188.021752
180.827664
181.390885
176.971337
186.117828
179.187098
174.072409
183.737263
179.381387
177.774073
179.510031
190.164381
179.950034
175.291501
170.873046
186.425575
180.389922
175.029486
180.182551
180.460517
178.769443
191.191673
179.221747
185.105672
179.134920
174.786814
186.070772
186.147167
192.313406
183.180046
182.812761
183.275260
198.835271
205.983995
196.948507
191.649340
208.129756
199.109786
210.560424
198.646888
197.391961
203.194616
198.665554
198.073252
197.872048
207.199068
196.737639
212.020280
203.913057
189.851970
195.358559
188.312174
196.149426
189.827576
195.343312
205.217448
188.031394
193.582742
193.053990
203.547687
188.580752
192.839918
193.621406
183.071390
177.167008
172.735761
177.514514
184.766173
189.274408
191.655708
194.440189
193.659508
193.938272
194.475594
199.212681
195.901586
192.528910
194.105823
195.189049
194.806076
185.629758
191.267437
181.988652
199.597088
193.896661
201.240361
201.066341
202.310882
184.524613
180.021710
206.422015
203.231415
203.867314
199.314032
204.041219
199.424541
210.339379
205.135665
206.294204
204.311461
204.071193
211.379816
193.526330
180.181359
179.130090
189.800568
176.599138
188.678426
182.765803
188.675179
196.647583
188.046744
189.089255
191.331865
195.303600
188.856476
187.157486
195.196580
195.874319
195.239302
193.496478
207.878785
193.432075
212.035816
206.037324
201.227318
202.010886
200.445070
191.633538
194.674562
191.828252
192.578559
194.272025
201.813685
203.007295
193.738858
199.175662
201.586707
181.376722
195.856957
194.263551
194.369278
197.842643
193.696754
190.079088
190.235167
193.414735
181.792410
203.474613
218.348527
216.608373
220.423775
218.484567
218.281365
209.058926
173.297451
185.338207
172.583216
171.657695
170.774511
169.932099
170.586434
170.630393
169.932830
178.573039
200.330435
209.772506
207.557290
207.760045
202.525102
183.751921
189.182953
188.416378
174.324183
187.052292
176.880388
204.247684
206.303738
187.286352
189.021905
191.338138
199.598675
190.336987
199.758350
199.713380
192.731613
200.738953
198.989339
194.517151
196.409092
195.210279
208.434683
201.709109
202.692811
197.121766
197.837352
197.087289
203.830016
212.839906
203.902554
198.064260
197.303729
203.915598
209.598768
210.117673
228.503602
221.931101
212.486195
212.444623
201.161990
212.475261
212.432503
201.251969
216.943708
215.901188
219.168221
208.763703
229.955656
229.899178
216.008878
218.357038
213.739163
214.122884
215.416089
217.358122
222.268566
212.990824
211.957212
221.260282
218.858777
220.259322
220.015544
207.832462
201.212054
206.808931
217.115224
217.030131
206.968595
217.633054
217.549584
207.454994
225.065838
228.009748
213.202234
213.614028
214.732167
210.832485
214.323233
218.767228
222.397814
219.885668
221.353441
217.672669
213.146045
213.436965
218.356165
221.614824
214.172863
212.305403
210.241556
212.683835
213.896340
218.084741
212.194683
217.045003
209.904217
218.917312
217.916383
209.686735
209.245951
221.334058
220.345444
210.318000
207.831858
206.817839
201.244302
205.753148
215.383763
215.931302
203.616206
215.300485
206.241769
214.122343
214.000145
202.720050
203.741713
208.607517
205.891358
207.176210
208.563123
202.912021
207.485492
200.761611
220.444003
205.755843
204.175912
208.130457
209.362348
208.243014
217.131265
228.144221
223.980073
217.393238
227.826225
215.212163
204.863444
205.723605
205.349486
229.112973
235.212847
226.303922
173.355679
172.594477
173.300726
168.879549
168.185251
168.127775
184.407754
169.682054
171.775486
170.729096
171.697899
174.973301
185.423171
173.347290
175.020951
169.573202
181.431413
175.303555
174.564462
182.155158
172.618876
173.359697
173.359905
168.989210
168.351342
173.334070
169.626424
174.959544
173.358250
183.386188
171.606616
170.616842
169.911436
176.584086
184.355874
180.426936
168.879770
168.095441
169.797233
198.020567
199.907829
188.866817
182.073880
175.912654
193.089779
194.239586
195.400849
196.223116
198.067388
199.981104
204.831947
190.044519
190.910641
177.670361
175.868190
182.135918
190.207353
201.803542
196.390621
190.687878
194.426600
193.767669
191.313496
176.955620
176.817068
188.116676
187.310957
186.078735
187.096383
202.148207
202.139490
205.787644
196.401843
190.730608
194.470728
193.813460
200.711338
194.159478
191.325989
205.723835
187.354819
189.050536
206.482104
176.961141
186.929556
170.799592
188.328066
183.182526
180.256086
187.085760
180.864644
187.242179
182.963557
186.041383
176.864675
181.962247
204.991532
200.679155
197.781319
202.361603
199.160924
205.718856
202.456925
201.960930
215.323263
218.494591
206.476699
203.087771
203.935298
200.764912
206.327115
175.739081
174.043090
173.174871
173.948121
181.692856
174.720638
173.368379
181.724382
175.824952
174.107768
173.324320
175.019356
175.243819
173.432143
180.050945
174.730258
176.492746
191.329901
191.253787
181.987800
180.257860
184.385761
174.010352
174.368881
176.193114
175.053630
174.304923
182.538752
182.850846
192.968261
184.468080
182.355765
182.615849
181.821015
189.137120
182.053861
181.649693
184.766447
182.156001
176.925661
182.988143
183.469766
175.095272
174.380369
182.842911
180.248939
181.096616
180.293530
196.161289
188.789977
181.572052
181.420454
195.782922
198.384988
196.504565
194.587658
197.050080
200.075836
196.885445
195.196409
175.920117
175.161659
176.963223
188.864782
176.170060
179.591742
181.212581
180.494166
181.307168
176.205186
175.459574
173.629004
166.464816
165.788538
162.276675
168.902568
165.690112
167.347260
193.955025
187.757577
187.147930
176.416130
175.756364
177.210825
176.928209
177.494330
185.857694
163.926340
164.678678
204.695331
174.308724
167.460358
182.042362
175.911265
189.740823
188.668571
196.072421
189.105600
194.172111
196.073791
192.409509
189.036923
182.160301
183.773208
182.141813
182.773836
182.608905
204.389367
208.952338
204.449252
203.263418
200.277889
210.992865
208.610520
202.797776
191.552335
204.574747
196.586415
206.088983
180.640645
176.319953
181.350780
183.035075
190.856117
182.039810
196.034696
195.836863
181.001101
191.649768
194.186408
189.080545
189.358784
197.510372
192.424103
200.771204
193.294758
195.888940
196.878197
203.973276
195.893232
199.788351
193.167767
191.373312
196.635941
197.847682
205.087286
195.649736
186.993233
183.887090
181.101243
202.127257
199.679671
203.045846
197.894323
195.943397
201.348303
200.279201
182.985017
193.448237
187.338796
197.532671
185.876783
182.342856
186.085445
182.257128
196.366438
182.941609
188.287785
204.899306
194.088383
187.486287
185.065326
191.287130
187.529543
188.169622
183.557775
195.883760
197.690121
192.621847
194.121281
189.737416
195.861191
189.791466
190.367998
191.383599
184.550249
187.871401
189.135668
188.243268
189.777269
191.469747
182.975595
184.002617
184.004129
188.235221
187.617498
187.873047
188.411476
190.745980
189.053651
182.279615
187.314188
187.534867
189.737251
187.311903
188.721798
182.931607
187.221555
188.773676
183.025095
188.814136
183.025157
194.384430
187.388991
185.091781
186.442601
187.201637
188.960350
189.628713
186.606202
188.683435
182.225483
181.089150
181.818038
191.410533
194.156503
202.126983
197.735455
200.286086
189.290350
194.216733
189.290696
202.188547
200.315236
201.080952
202.162694
196.598636
199.752458
193.749114
188.258072
197.814636
197.700897
196.729546
197.862450
201.630837
204.544761
197.304556
212.769477
210.884632
206.162510
201.592106
205.651873
211.963988
212.852465
210.885507
206.698692
213.069297
182.384632
187.315778
195.178079
195.055607
190.933276
190.425832
181.377261
188.667310
194.406372
194.022930
203.384777
191.648506
192.157608
194.896813
206.817963
197.380600
191.271083
196.067226
197.151255
203.890592
182.168562
184.390569
183.808276
182.703774
192.494085
189.643362
188.462094
188.275494
195.666111
195.713487
198.341893
196.575012
199.938945
196.808211
206.551215
197.533773
196.414634
195.849516
195.763273
196.502819
194.041153
197.515997
196.408315
197.207800
194.026114
188.522490
190.771564
184.131083
186.308316
185.726075
182.868807
199.078868
203.529562
190.094478
188.314704
195.158206
202.751851
204.007845
187.170004
186.064216
195.095434
198.596152
184.696156
193.989776
192.848687
193.418661
186.661338
181.531427
192.929597
196.105202
195.234268
203.273843
202.252960
197.207177
195.336567
194.179389
194.780746
194.632541
194.361098
184.322410
188.963622
193.417128
194.334728
195.601246
194.647713
195.095980
189.789019
206.003052
200.219252
194.892137
194.622233
190.890349
193.387362
188.037382
192.883266
187.838377
194.015728
190.706782
195.488693
187.980014
182.145951
194.723946
193.606692
189.973238
195.447323
187.850029
184.268287
191.523489
193.016613
190.397409
188.506529
191.163762
194.130174
208.013070
197.705502
197.709781
198.555483
182.413242
184.717830
184.160667
192.516885
183.088164
189.785979
191.416606
205.036925
196.725746
190.784821
206.731646
197.341316
210.927272
210.842513
196.657738
195.571994
194.356434
191.617499
190.869564
191.242555
190.290008
194.815833
193.050848
197.242210
198.704556
197.837832
198.243367
180.374182
182.816981
183.915002
179.631026
180.404851
181.472963
181.058886
182.656098
189.801380
182.169146
176.000910
188.001143
188.616625
186.571318
182.142529
180.331100
193.916331
198.206795
174.791349
180.322376
180.218826
180.947213
180.903320
179.581086
182.069408
181.340966
181.302802
179.691096
181.348202
203.498808
195.797975
199.989716
201.820025
197.830486
197.742572
198.495705
188.277853
183.496648
178.402100
183.415890
182.649593
184.682415
186.351239
190.596167
177.345241
182.312992
183.615840
183.802547
182.873883
182.202685
182.317967
190.497809
190.687148
193.307780
197.394886
200.160179
193.001983
203.343052
203.426831
193.150448
182.925745
186.674985
194.532906
182.970494
190.208432
190.230080
189.538998
203.099808
195.429443
190.206862
188.377866
186.422884
194.310517
192.576899
190.023508
192.502449
200.435438
190.700827
182.670528
191.677607
197.120528
196.025493
205.077012
202.104292
182.632550
191.707368
189.163398
188.514178
201.546235
187.313414
180.950201
180.241325
202.720600
201.658803
203.744244
181.915352
180.174603
202.303290
189.856839
197.264099
194.251830
193.807615
196.606357
195.744572
207.234066
198.435344
198.130671
197.406149
204.517911
197.247925
183.835766
178.826043
193.809108
200.133384
198.861693
185.433189
193.562192
188.678317
188.373147
190.337687
189.577446
194.366101
186.926967
205.955364
188.552004
187.567165
189.182997
189.089949
195.005336
191.693522
203.240641
192.289568
181.297549
182.023166
194.589124
195.304365
187.377206
188.087658
187.303712
185.058052
202.430514
177.248294
186.155133
183.458690
181.622115
190.743913
181.187562
181.596457
178.019439
186.954381
184.197273
182.399216
192.513169
180.625200
200.989373
209.847579
189.856057
181.814970
201.397725
185.596581
203.037113
193.956629
181.125873
182.835054
188.898793
190.000239
180.225016
180.296592
188.030493
188.102736
186.996915
185.660716
187.049582
194.567836
185.139165
182.820938
177.064841
196.752746
195.013233
202.307885
178.837430
194.492336
184.295331
176.050734
196.875837
189.400863
189.958157
190.165630
198.310381
215.014844
202.388051
205.788443
196.340358
197.122222
197.647670
195.013971
201.189594
196.444476
193.560133
193.677005
190.714002
190.816494
199.157581
188.408825
186.156847
186.304784
194.672370
195.454018
195.084493
194.054384
193.605598
200.286452
207.280781
187.979405
192.736501
187.357689
186.092263
193.763898
187.265907
189.252170
194.080185
198.764938
197.059072
203.005585
203.639577
198.640913
203.545012
198.507780
198.574144
201.404049
213.986976
205.442795
206.497406
201.819004
200.028010
203.547813
204.335151
204.911999
196.421329
197.200988
197.745339
213.696915
188.958964
202.454395
198.717639
198.330744
195.486877
200.883730
188.804789
188.106375
201.639702
197.792612
196.407429
199.997912
198.724749
182.029326
209.352300
193.240625
191.121935
188.256470
192.845517
192.434666
193.116403
186.776178
199.505122
182.866020
187.303325
204.930684
194.083675
188.311251
193.025279
206.302425
189.904439
191.037383
190.285419
194.577180
200.524859
210.490567
206.409605
190.123463
190.049231
195.187096
206.150186
204.538576
198.298828
196.782617
206.665070
203.442098
208.618285
193.265692
188.962889
187.338990
189.357569
193.778668
189.189208
191.212291
194.034019
201.423144
200.567973
183.891802
196.281664
201.554411
205.294310
211.684820
197.658435
198.590322
195.479801
204.717294
197.563771
205.451125
203.967424
194.338515
203.848035
194.871540
195.990988
211.727006
198.127517
199.448878
185.296038
199.182295
200.857436
197.251393
203.633483
200.625103
197.409934
198.265091
190.768899
192.636712
193.107232
196.896468
207.077016
206.472758
208.844930
207.486776
206.393629
198.190291
205.777855
208.145594
215.431989
205.578814
211.045740
208.143846
214.897110
199.398033
217.063435
205.149921
213.747997
193.952862
204.759978
196.833653
201.264729
207.411790
213.517185
214.785688
205.700846
214.239960
194.079067
191.749434
182.697931
191.315559
192.851572
202.063581
193.306102
188.692290
194.792818
194.694844
189.331472
202.813627
193.469186
195.402693
214.118427
193.421125
196.024312
201.041232
201.518766
196.057299
194.232451
209.159217
199.640362
194.468061
183.027212
183.781604
182.089902
182.449239
185.342476
209.363343
204.772706
204.108286
205.613102
187.307519
195.674278
187.379849
187.426517
184.012032
192.833311
193.602641
191.688533
191.266467
200.062857
185.956937
202.264488
184.489866
191.124881
203.128838
193.571958
193.619228
193.144496
191.790829
192.533824
188.760943
188.499245
185.962398
201.461946
194.040539
191.128673
190.957301
198.693818
189.320368
184.344287
184.232968
193.416311
194.246862
193.997427
191.282570
191.136638
188.715296
196.149714
201.520831
209.863659
191.601975
195.680579
189.330917
186.451637
186.456768
196.867678
200.412175
193.879995
184.099444
187.947846
189.901381
180.388977
196.652971
179.962071
184.890277
203.436528
206.797179
195.510203
193.570784
194.585133
190.167685
171.733167
176.162996
185.317052
188.251864
196.564595
189.250203
197.566890
193.209947
172.572332
186.149371
189.098382
196.799190
199.760045
203.725360
199.385884
183.504772
184.441281
188.110271
194.211804
207.380580
177.004094
190.754211
196.856056
191.774492
192.488392
191.807970
189.824184
191.105293
208.568056
191.934954
193.415707
195.971004
196.129122
209.926571
205.595514
199.061016
199.634272
195.218224
195.383314
195.167029
190.143201
205.809789
194.392010
194.394912
205.456271
177.638511
177.011109
187.932112
201.090840
184.686269
185.390163
199.241487
200.701440
183.591422
185.014273
191.291326
175.198059
179.555227
187.326477
187.269291
180.284922
176.186053
180.575936
185.015434
187.158375
188.874702
180.923930
180.762089
185.717685
175.081832
179.440095
181.336268
190.506537
189.495895
191.615073
196.775496
190.096265
176.929290
181.285893
185.033570
193.489081
193.494070
186.283572
198.162421
200.420492
188.367286
188.090296
200.733008
201.918658
189.139414
199.746441
184.350346
188.713212
187.998256
185.894262
196.743885
186.871881
200.949487
201.782270
185.249956
194.667444
197.520124
187.328970
177.574936
176.055317
201.179801
186.479931
186.516675
181.871848
195.833114
191.132008
197.647139
191.747732
181.012328
191.616090
185.518029
182.067524
184.777093
187.257544
184.062900
190.159331
179.971555
185.448587
189.626826
178.339437
187.663933
182.636217
187.037492
192.829168
187.784728
201.663017
197.670814
199.473028
196.457907
200.566675
196.460957
200.569826
194.115543
184.937609
185.141284
199.412851
217.623362
214.965285
219.937108
210.289574
218.112904
211.533331
197.797972
205.862971
210.885329
208.624165
194.918676
205.532202
203.272576
218.858940
199.002164
204.335985
219.640660
213.824215
213.812880
209.248656
203.784040
204.489305
199.817165
199.225037
219.748335
203.120434
216.114908
200.501296
221.182686
217.160548
203.631939
205.839737
214.790203
213.521125
198.970608
204.344363
219.647568
213.752818
212.620271
204.504691
199.792612
199.200197
219.761596
203.095763
217.209346
217.256734
203.679029
205.848269
197.405452
200.755731
206.208697
197.352453
193.546708
202.513435
199.633186
196.520291
197.747080
204.834275
195.371252
196.059227
197.609773
205.569062
207.653106
199.342283
197.825191
194.505675
197.580376
188.271714
194.982906
193.924364
183.810910
188.100879
196.957827
202.420690
209.331921
204.664405
196.193776
194.658881
203.578830
205.034256
196.025792
199.769719
194.995646
194.490925
195.114766
199.230537
195.177558
208.320108
202.055709
196.883903
193.653358
188.356304
187.111793
202.212397
193.745929
188.285508
198.124912
188.267521
191.613454
195.064446
195.769569
197.265109
193.248242
196.000446
196.522748
191.734786
199.335097
204.362295
203.182827
195.401608
198.591110
194.739241
200.217195
200.529208
205.343533
203.132085
214.930847
207.525748
205.935150
200.311142
194.317527
190.368502
191.905216
200.406019
200.357082
202.012061
205.832500
197.939650
201.803121
202.589104
202.167385
197.535944
198.314546
197.850238
196.179958
203.343348
202.249766
192.766312
202.786076
201.668404
195.130094
202.565000
201.468658
204.267324
188.123975
192.514590
191.766561
187.320738
193.810191
175.883786
185.357426
185.378104
193.427710
186.119306
175.168320
190.898913
197.460303
193.978819
193.948277
197.510250
183.390457
191.368865
183.759991
179.999287
185.390383
182.417967
187.757398
183.299428
187.968798
185.598792
189.509094
207.665918
206.908723
208.127643
207.146116
210.635444
217.582809
212.419296
210.127833
210.078813
216.222039
210.137420
195.849589
203.338870
193.027986
201.432694
208.348422
202.714113
201.564626
209.032655
211.947164
204.913930
198.178551
197.844931
211.974459
209.334105
210.061378
212.665087
221.115624
220.948515
217.059285
220.841658
219.281208
218.809670
215.426338
217.025595
222.902540
218.701918
206.492422
206.511466
213.941022
214.074395
208.529488
201.134657
204.343791
209.628567
205.046216
220.638123
210.087951
212.106467
215.312485
215.168424
209.722402
209.778767
207.549632
218.733142
219.133579
196.995693
206.987957
206.963945
205.850147
209.025820
206.128770
203.867992
204.026150
192.816184
194.986189
186.783624
188.804270
184.778298
189.199172
189.294535
190.096290
192.868726
189.919197
195.067787
190.655087
183.785166
185.011956
186.702835
182.191473
190.510898
181.170935
179.399287
182.275717
183.999423
192.210827
184.768528
180.221518
180.472097
182.345676
194.295581
194.139503
188.103068
197.549291
201.615056
195.381120
192.349132
190.711219
208.158054
210.677923
206.351001
188.462064
191.029089
197.763383
189.308824
195.091151
184.197683
197.655669
196.122007
193.857783
196.501634
196.720941
194.859080
193.048208
188.638204
191.597125
196.822798
181.750719
193.804351
187.197934
194.339545
192.204284
191.800745
199.339946
189.028842
194.435554
203.127904
197.573377
194.920174
189.049859
194.456901
206.364750
196.074742
205.454528
196.108218
187.617387
193.235457
193.677076
196.591316
203.270233
192.634182
199.432592
188.533178
193.968020
193.025834
189.633872
194.337022
198.675437
194.087662
200.312700
200.232204
185.055149
182.259808
190.633369
191.522427
192.783292
187.370567
197.583015
196.808328
192.055182
187.649455
191.229418
192.691819
190.771253
180.404502
180.223076
182.392807
185.160802
186.752651
193.988274
178.836132
180.614688
187.305222
186.415978
196.688995
193.653650
192.197484
190.489664
188.991081
191.640273
186.585408
182.190235
185.961308
179.106791
188.222057
197.605433
193.441865
188.170368
189.884158
203.810328
181.969790
187.226679
187.201060
189.017641
193.836879
187.268353
203.371325
188.753607
184.693629
196.355594
183.691234
189.398383
188.486990
185.796503
204.971010
187.443848
187.419842
192.791602
192.349142
186.519546
188.400653
190.240183
181.941038
181.874737
191.239945
182.735605
182.764078
207.801980
192.365328
187.265607
197.589812
189.082551
187.165064
188.091904
193.895927
194.141746
188.103390
194.333807
199.747662
194.542967
213.733279
216.718823
186.874158
192.483209
198.261800
191.887417
188.852539
202.886795
207.635353
190.952396
193.750511
192.951591
182.844558
183.825940
194.401728
196.500403
189.300612
188.459717
188.706232
190.959155
181.724437
189.580436
188.113594
183.305497
188.987457
190.214036
188.361628
193.487737
199.393361
182.167758
179.961946
174.828641
190.869896
188.158827
183.004512
199.296007
199.238884
187.294375
207.346675
208.679843
177.899452
184.432314
176.716226
182.569609
182.877198
181.819329
187.552409
186.569541
181.143381
185.366952
185.405914
186.559828
193.027926
182.028728
181.356305
175.862238
184.688124
175.188390
185.634356
208.553068
180.651511
178.789012
204.659866
199.831742
192.060733
194.919163
199.501149
193.699105
202.261716
199.849466
205.487639
196.627247
195.474872
200.980150
198.026455
197.268812
203.679106
194.812633
195.948547
197.474792
184.838237
184.838638
197.027317
182.529510
187.696118
188.167777
187.425848
187.714235
185.251292
180.874540
188.363873
190.085318
183.065931
198.516544
207.005019
207.834800
198.826108
200.301203
195.763073
198.680004
204.043729
204.062286
191.784516
191.710967
194.816271
191.950037
189.229346
198.709734
194.630922
205.598644
210.109213
194.385582
198.230740
195.440407
191.817026
209.042662
188.172640
199.097031
193.486099
202.181710
214.304300
205.630653
197.339173
201.659840
189.806804
188.194656
190.916187
199.509803
191.989585
192.928320
202.460051
204.579201
214.268549
203.152789
197.683135
190.179257
190.149778
194.375425
184.630998
201.698617
190.282070
194.416504
196.467923
210.155979
194.604099
196.658011
198.296748
207.433269
201.813295
199.729933
194.565966
170.645818
193.786870
190.491222
198.345360
194.274836
194.285272
193.652642
216.146324
188.191211
198.688047
184.080583
188.212541
180.924986
198.400683
216.846592
199.405080
183.669306
193.170144
190.873512
190.784875
190.114287
190.100306
206.469550
201.116434
198.312975
205.692808
197.267643
210.864358
198.026256
198.910905
203.450090
190.994524
195.289167
188.601763
187.690957
187.720139
195.137743
194.468471
194.454509
206.569454
189.183226
205.777369
189.090646
195.037709
187.056674
206.031312
201.361116
187.913047
187.907253
198.551901
187.771176
187.719568
196.389068
201.210409
196.358017
192.149733
197.665582
192.120111
206.916353
212.044605
213.527341
209.641892
192.665150
191.940652
197.628557
192.421950
195.553058
201.320316
201.002094
202.006874
196.908946
201.778853
201.250590
195.871899
201.025382
195.640919
193.464388
193.388303
190.340734
190.266396
187.172788
188.665926
190.837315
187.190724
189.423695
186.230896
185.255753
184.582633
195.416523
195.132094
183.715386
189.146471
184.010390
199.726101
177.759254
188.892319
182.823949
189.168838
181.613576
191.533538
185.551773
184.324836
189.139340
193.582882
189.309470
203.872255
183.096776
183.515003
187.440247
182.153713
190.040958
205.719759
183.791758
189.138028
200.279437
197.861020
183.922250
186.643732
200.308765
183.750077
179.968538
197.821128
205.233180
186.944130
193.281227
199.039556
198.281108
186.950557
193.320776
176.700497
181.279545
181.057737
186.068632
186.128668
191.338410
197.649923
188.978769
188.374510
192.698177
189.543783
186.386815
186.437651
192.202377
175.986313
193.937135
189.461166
177.132191
182.109851
191.605845
208.227805
191.598820
191.704824
194.904196
184.558160
182.045816
176.212168
183.504198
187.415283
181.401946
181.212297
173.494355
182.271655
183.144099
189.971265
172.498551
184.180019
184.482812
178.471684
195.027970
177.500388
200.765065
200.004072
201.744634
194.024095
193.264762
184.122771
181.373860
182.127725
182.436637
185.369538
188.041197
176.360344
180.569917
182.261366
188.071400
177.021457
178.007701
188.004751
188.020487
193.394533
194.141262
184.475426
176.178497
190.545342
184.593999
185.314034
181.370917
180.527170
170.868222
185.158378
176.210448
177.008548
180.765051
201.131649
177.029814
181.768064
191.485955
186.929576
200.026062
190.210528
201.129162
197.652101
192.343627
181.547769
184.015614
186.136917
207.241057
183.158355
182.214128
197.874250
181.514836
191.629563
199.695284
206.156962
195.082207
202.927839
181.184411
194.957377
203.679381
186.020559
186.713760
186.706178
179.389746
174.160448
175.219428
174.463778
185.646547
185.003107
179.595436
179.432192
179.412877
189.519283
195.289172
184.667161
184.726319
190.635368
179.749733
197.412179
181.214595
181.121071
191.281910
195.308616
190.746379
186.373595
175.063623
180.511156
181.537209
187.003872
181.335047
175.202808
185.368616
189.494637
182.370553
183.242532
177.041180
186.141780
195.835840
191.334480
180.557331
181.355191
175.223404
194.695507
189.549207
199.621582
174.137100
185.150327
182.778492
189.756316
182.763836
189.763727
186.216633
179.503206
191.568993
189.941699
173.483064
172.721879
185.414950
185.483538
187.199630
186.414663
200.959213
179.636383
180.331946
173.363900
187.944780
195.403845
200.284715
191.813327
183.089423
190.116465
184.881773
182.996687
182.979634
178.719089
184.069355
180.564663
187.999669
185.196485
185.004556
184.996651
204.846163
204.880389
191.269722
190.519982
193.356095
202.628686
195.392894
200.992471
182.612679
182.642440
201.274167
176.927935
204.487495
194.491355
188.031979
183.812784
195.089624
188.053006
201.871474
190.117467
185.844442
193.964696
189.034878
184.736586
202.402861
185.403328
198.366020
187.181628
187.148360
198.287232
183.683184
193.525001
191.408259
188.465982
184.579375
182.246950
197.662282
175.354927
182.910214
180.263694
180.337962
179.687135
203.746524
189.219855
187.157366
195.525439
198.322564
199.505355
198.781290
200.808403
182.492519
183.745299
202.033970
183.708210
184.739143
185.905586
190.635787
188.447013
189.043205
186.270862
194.307912
189.171799
184.056312
193.151350
186.905735
183.439486
204.437838
198.208924
185.655515
200.592232
185.089607
184.646158
193.693661
188.573736
192.414281
184.089280
193.434463
192.341847
188.199209
188.168404
189.163259
188.045658
196.098563
204.773154
196.085006
201.855081
197.256679
205.767426
197.610957
204.957126
210.007020
197.598366
191.821751
191.748449
206.657113
180.256841
201.164210
187.267627
187.031196
182.739381
192.400780
183.086219
177.608942
193.756122
194.889824
188.249972
204.616981
205.461972
188.649018
190.318262
206.684084
176.942741
193.146134
180.482495
181.389023
187.564981
195.965121
186.427733
187.137625
202.040918
197.596028
187.761138
194.030148
186.644301
185.650254
205.159422
201.112149
198.958354
184.668743
189.998196
192.714764
187.475601
185.318774
186.341169
212.114078
211.355212
211.479634
200.681012
199.699889
203.929131
184.042380
208.604366
186.461484
187.201258
194.643537
179.358135
187.010144
179.504054
187.243212
191.588788
196.074708
180.379264
176.014426
176.836812
193.365294
186.237737
174.328158
176.043946
182.941738
192.670453
193.826765
199.096213
200.043173
183.197865
201.192179
187.719285
176.142833
201.048170
185.683337
181.285961
191.160766
187.104768
180.158133
196.323361
180.088542
175.888859
185.593880
191.258602
185.584023
184.629078
206.209566
184.855917
180.519874
185.488933
186.199428
192.198027
179.483493
182.328450
182.011372
186.069979
181.653462
188.016941
199.812042
188.669608
182.222883
181.229595
181.290195
180.544019
190.830531
189.875089
192.348028
185.418824
177.819137
189.937842
193.316966
194.302918
176.823250
192.226961
191.565403
181.472501
177.069064
192.730792
187.494898
192.542787
192.532928
190.620713
186.589868
176.858146
193.313286
191.559153
205.532839
204.715566
176.139705
180.474568
180.453217
187.150279
188.192365
203.644605
201.506720
200.563130
193.161484
182.452249
182.147083
189.302240
176.920738
177.052537
176.886306
177.225330
191.765439
178.023490
184.130692
183.456158
188.898587
189.572093
180.619744
188.534554
190.351823
197.174014
193.033024
200.348824
184.848521
195.910245
187.561185
194.462909
188.332313
188.145322
192.327356
199.609868
193.608956
193.601121
199.885867
186.683356
197.704323
200.380384
199.924427
185.945643
197.853075
201.199554
203.854231
194.108649
192.979323
195.193493
199.629957
198.799145
195.462640
196.915538
196.568926
205.450680
194.884307
195.380718
189.655398
188.452362
209.809323
206.531892
196.064531
190.941156
200.528800
200.549353
192.776364
195.516547
208.030056
196.626018
195.923030
211.255339
207.621382
208.767893
203.391228
199.585457
192.832603
188.862732
195.870461
201.047526
197.534927
189.180740
206.939506
184.266667
191.560000
193.176494
190.406404
194.048520
195.667467
207.209672
199.193475
189.892300
205.433147
199.951322
197.945258
194.845321
195.424816
202.033445
200.203567
196.313813
198.960430
202.130210
208.704932
205.859306
197.746450
197.353014
198.982306
206.536323
188.981248
199.983331
195.669354
208.457081
214.541192
192.767783
202.023231
208.658754
192.961920
199.185339
193.715295
199.219445
188.434692
189.097753
211.893700
197.982868
196.610306
193.127378
194.396008
208.232541
193.576815
208.705145
211.775511
196.213037
196.201855
203.749102
205.853603
200.815769
211.368487
197.066195
198.778549
197.511097
202.561365
194.502184
200.574241
190.846746
207.263485
205.739788
194.535232
190.877922
185.363855
212.372579
202.203504
216.785766
201.542143
197.533391
201.173668
201.789832
197.920905
211.868802
192.767149
193.198194
213.608970
200.428448
192.969191
197.747923
199.458233
200.489607
196.970059
194.829941
193.722017
190.193975
206.042686
193.894622
198.138534
209.692463
208.041774
187.629106
195.170575
196.228877
200.762071
205.607774
205.637131
206.230729
197.552481
192.677289
185.916614
190.451960
190.501270
190.535509
192.370444
197.882803
188.520482
188.857810
197.967787
188.975304
190.487329
189.390007
192.346810
192.663828
187.518032
188.872388
197.974368
188.989915
196.790182
216.443090
192.243518
201.336149
196.990011
193.642794
194.910394
208.259065
189.411717
205.303353
195.861729
193.765597
192.498482
192.104724
199.589828
192.354131
203.897177
200.907236
203.612438
196.079948
194.843687
203.958972
197.232753
195.258158
199.310405
202.299317
195.987802
210.777079
206.678267
209.061352
194.564787
186.019401
201.898533
207.517218
198.950116
198.892870
225.834040
199.698543
199.610742
198.911384
198.792923
219.372894
203.898612
197.714025
203.317060
205.821632
189.494414
197.641846
190.191295
203.132681
189.393166
189.359665
201.128932
190.912887
191.660757
190.872807
200.268040
186.539752
204.707331
202.356244
191.756208
197.990612
206.353488
202.436861
197.015976
184.489116
190.886392
195.033585
192.955435
191.074577
191.789224
191.074689
199.728947
186.774313
212.542933
194.899867
194.348029
197.016738
192.234256
208.410999
197.574752
198.841667
207.862967
197.407958
215.429852
192.069006
209.272954
209.852283
210.908835
221.560138
221.467419
202.849391
217.276340
202.661277
199.257675
211.187853
201.584956
212.158992
203.516043
209.149517
199.689637
208.182209
209.231936
204.144160
208.267360
209.136531
230.093410
221.599176
217.503570
221.504818
218.657380
217.379233
204.780149
206.052011
212.229320
204.383603
207.449908
192.229062
209.464076
207.289523
197.570883
202.798520
198.221152
201.712989
199.346767
203.567772
214.153308
198.286086
207.562286
201.841578
208.242388
203.259733
197.719112
214.701924
200.903852
200.181438
200.053119
199.167571
200.014245
193.426984
182.418738
183.176996
185.280573
186.144061
206.172053
186.267647
186.204008
185.289391
192.163329
197.225169
187.324628
197.140315
192.880968
191.438747
196.659496
188.885673
200.521530
194.372850
198.771814
201.095495
200.981493
192.104944
207.899983
194.318807
191.390744
190.840264
198.788280
193.023587
198.490567
196.807412
197.449331
199.251410
194.000176
197.555842
190.190906
188.906467
183.621989
185.666555
199.962885
196.897376
181.579076
182.310223
182.133006
181.265960
196.109496
181.974849
196.808298
181.303589
181.367922
182.858553
182.702023
189.081246
191.986453
192.025733
192.970722
191.997813
182.085699
182.087262
189.075610
192.116938
195.454889
188.272066
186.531139
199.835061
192.809519
191.838799
191.960373
182.938890
176.849892
183.608712
185.257862
182.942578
192.318644
185.042410
187.819941
192.777785
195.968364
182.725124
185.663772
184.052923
191.843023
186.271243
192.492774
197.590314
184.645121
192.795658
191.167950
185.395651
188.876026
187.248102
186.521756
186.062239
185.556821
180.470637
197.003501
186.546336
190.635750
189.019793
194.080882
195.133804
189.784559
184.056952
188.458816
190.279117
190.814982
195.238242
193.436036
180.510320
191.569653
179.642048
179.451508
191.479497
180.460675
184.959660
182.222331
183.438729
181.768246
179.468324
197.574363
184.447691
182.778527
180.417122
187.450943
184.946481
184.868634
186.586947
195.927962
184.929702
184.845053
183.844411
185.224500
185.256545
182.088887
187.443627
193.013178
183.597561
191.236959
185.778472
191.294263
186.672648
180.395400
184.817993
186.279201
186.186093
199.331897
182.033631
179.572241
190.659015
190.597451
181.452650
176.034906
182.103349
183.750949
182.128146
183.047653
181.321883
186.232459
191.793341
181.288818
195.965596
191.746989
186.491023
187.820999
182.723733
194.776043
185.417461
192.813966
187.719341
175.958437
181.052052
182.022318
182.095303
184.831091
188.041278
183.532741
176.751290
182.534646
174.279624
180.729920
188.375255
186.622502
181.623572
180.364401
187.099234
185.468021
183.506453
181.959035
182.209270
182.887602
187.076844
189.300571
185.356036
191.025244
187.565726
199.396451
182.113540
198.318971
200.444386
184.766618
183.071653
183.487312
201.458535
213.163208
210.891848
201.788141
205.899801
200.490106
201.675987
194.105102
197.699290
207.939651
207.967424
211.987716
201.328157
196.877162
197.394927
197.334154
199.187965
201.998376
196.477381
199.715770
196.969749
187.709076
193.135578
187.701648
200.738499
194.826337
199.716149
193.960615
193.895926
199.457074
205.698379
193.171079
196.733412
219.479266
207.327734
207.793730
203.572197
195.888445
199.062066
201.719441
201.695627
183.053719
195.718264
189.377608
177.954726
204.847606
192.431986
181.768031
190.946775
176.708417
191.980406
191.379398
181.796673
178.734894
186.292063
174.258260
175.016540
202.713060
187.173538
186.503362
198.282832
190.788700
185.466418
184.776362
183.330432
198.438774
190.861376
192.220756
196.685494
182.203939
183.880741
189.238574
170.881395
177.027414
179.447281
174.351270
179.474184
174.323224
183.641550
181.271697
170.789580
176.872270
180.222501
175.105783
181.178992
175.089261
176.165576
181.524751
199.373408
176.837124
180.320766
175.971602
182.117932
177.032383
195.778324
187.719948
185.547683
192.949542
183.671142
178.783031
184.543701
184.822132
195.083837
183.740174
184.780787
183.680403
184.855374
185.436008
184.868093
182.285969
185.024921
184.698824
186.556426
190.321401
176.274390
195.753185
182.358205
183.697590
183.963541
178.462417
181.313829
180.566691
189.917749
178.434631
179.639531
195.726543
184.999775
204.347785
196.978476
187.032660
199.101405
187.083103
188.082795
183.742459
189.852936
195.083113
179.580085
180.179174
179.533468
179.523997
183.179533
197.002240
209.202316
209.097283
201.280848
188.753079
186.720208
202.035705
207.480117
199.593634
188.266102
192.689178
194.204707
198.406104
181.380450
194.076371
198.612652
185.739887
206.215584
188.277435
188.213830
194.432823
184.520536
190.327062
198.493795
182.408792
187.533059
187.515055
186.746310
194.324850
198.511903
203.598253
192.602315
182.402877
192.569923
186.583946
186.528443
186.783874
184.794484
190.855610
187.376235
183.778225
184.531374
203.130857
183.069605
189.079045
190.765932
208.471423
197.282258
189.272947
188.126422
201.087636
192.434331
192.301743
190.560323
209.253700
199.060467
189.098886
200.081723
202.189340
187.269538
201.561928
198.512367
182.045308
192.256498
186.138874
177.302461
171.810183
182.136108
197.739531
182.367920
180.506909
183.858392
190.577552
183.454107
181.648499
177.277844
190.390994
188.918713
188.779007
182.743715
194.301186
184.696240
195.931455
189.032866
189.028249
201.629635
186.852134
186.213814
186.118871
191.655761
191.620157
200.458857
175.214429
179.743705
175.133579
181.533985
185.465749
182.857546
196.487803
189.029933
174.432925
190.722608
174.288308
175.375447
174.364528
176.120452
183.602668
184.559577
204.329225
192.115197
198.674480
204.794223
197.962871
204.574723
187.193039
175.172408
182.904869
189.472236
175.080902
179.561453
175.191666
185.450591
175.262341
182.202924
175.077447
189.561058
175.354294
179.689438
191.665268
176.131210
199.995625
190.143646
193.416300
192.530680
195.715306
193.521146
194.262707
188.362611
193.162292
202.074537
190.796650
190.075147
194.617706
186.430122
192.756478
191.867299
185.319976
187.341916
191.321171
183.677719
186.796598
193.423880
185.925688
187.635317
176.084187
181.416632
190.620575
183.030821
185.113837
187.150060
186.679707
190.584283
183.060636
184.867351
184.824837
195.267206
194.985829
194.265471
200.758741
184.748187
184.148916
187.185206
185.473713
193.222422
177.889393
195.459464
179.292894
189.203577
185.462222
180.253353
179.234982
191.268584
185.462826
185.473673
180.165816
181.905711
186.588477
197.540516
184.495008
182.869047
182.203854
180.007732
180.998588
189.169510
180.274744
191.316110
185.441936
185.504564
179.203846
180.260553
194.066103
194.738182
194.085206
180.988584
181.647929
182.546353
180.116236
180.983482
182.590723
181.126170
182.724794
184.299950
180.360758
182.113951
197.639163
179.192481
180.999394
184.704888
175.071698
180.368051
198.900703
191.283665
186.761468
191.733040
186.390645
186.787081
198.914404
181.699413
187.147665
187.030093
199.459187
182.603881
194.433802
180.053047
179.944977
180.875368
179.133053
174.993830
188.496532
190.850542
189.171583
195.276794
183.275852
182.304570
188.521518
192.206772
186.759411
191.363111
187.971570
186.456370
186.141353
193.683371
191.004439
185.125909
184.102718
178.928482
177.943978
186.662525
180.545502
185.633233
184.707090
188.859596
187.222894
196.908685
186.574115
185.615082
189.974427
184.689645
186.555115
184.967732
186.570090
188.932084
187.520569
187.129870
186.476279
185.514216
190.899909
182.172364
181.196502
192.752707
186.511592
189.389518
189.117906
193.536630
184.764255
197.707836
198.908717
199.970680
192.133847
190.455593
187.456889
191.862598
193.184873
194.227937
192.559483
192.190105
193.141381
185.990820
185.420724
196.898000
196.859047
187.789032
181.630574
186.409859
185.848487
188.373898
183.993314
185.879307
184.879789
193.287232
192.761462
186.528541
185.494804
193.420728
194.016719
182.138270
181.164079
187.931152
197.849624
198.851066
189.703791
183.507804
186.791572
192.943578
197.855628
194.356614
186.794924
190.349278
184.177824
189.834154
187.534136
187.261733
182.438171
184.821657
181.146443
182.242560
197.411744
191.804459
197.333830
191.876736
198.214339
188.711591
189.764420
199.685923
201.860707
184.427234
174.311599
186.457065
175.107928
189.725599
190.832418
200.763156
200.771704
190.499460
192.605056
177.896980
189.724980
189.796051
184.282192
196.743122
180.727546
184.721215
191.374179
178.780921
191.414814
185.824303
192.555401
200.131311
201.166088
179.566073
178.819890
189.073495
179.545200
178.865602
178.864355
179.776637
188.039888
180.500450
178.746847
174.152822
184.396930
174.232668
183.394551
175.869166
178.485899
178.551228
178.423172
178.550401
174.245733
179.497311
180.293093
173.353486
183.570924
173.435965
182.546065
175.073067
195.690936
179.574630
179.495370
179.504249
179.618249
184.942008
179.512227
179.252027
180.208061
178.544674
179.479138
178.581886
174.335165
179.576157
180.445854
181.346113
181.255029
197.547779
185.828469
188.993374
181.332091
188.269668
190.557944
201.555160
199.751276
193.180302
202.659666
197.435245
186.323325
181.175608
186.286063
186.667149
197.494259
186.415793
184.909027
182.238610
201.868492
186.452566
186.672834
188.414238
198.724367
187.593629
186.592345
203.095069
189.117842
182.430600
188.383452
190.745863
194.815963
190.692587
173.323518
174.147999
191.652598
198.282243
183.797919
197.047540
199.134024
185.192223
184.954487
185.102190
185.927579
179.546657
190.817525
179.529636
188.797183
180.605604
180.681850
189.876542
182.364908
179.563676
190.781764
179.523894
201.137246
192.506331
190.538586
184.045494
178.545202
178.551875
189.808772
187.817291
178.540451
181.226531
181.323580
182.223606
195.377691
206.644446
193.060416
199.698357
188.225554
187.164882
201.358697
187.592294
193.577355
187.049317
180.672659
175.226127
193.776870
193.855476
192.573627
192.484614
185.559005
185.776412
183.941856
187.245163
186.825360
185.019775
180.694832
191.487625
189.979089
183.584265
188.921097
189.684482
199.910402
183.446526
188.913682
185.261014
190.654050
180.845210
181.675764
193.107783
194.108721
191.216161
191.406515
194.028444
200.704130
184.068981
202.321308
183.452214
194.710654
194.815482
193.631665
194.345716
193.578010
182.824324
184.385690
187.866977
188.849962
189.569725
195.719860
190.971570
189.525292
201.316107
190.511361
185.140483
184.114275
190.956966
206.045547
188.382690
180.614299
181.340998
175.244134
193.549875
188.120211
175.925803
181.761660
176.673529
192.015133
202.659677
186.608520
187.223581
205.885870
179.632901
180.315021
186.396170
176.505442
181.593431
191.849839
184.755737
187.501873
186.551655
194.502560
185.262026
190.404742
185.750968
186.839204
207.245969
201.558512
189.814452
190.473111
192.850120
199.486889
192.859988
194.937935
196.676769
195.399421
188.561043
197.121923
193.972261
190.406777
186.086820
188.517835
198.101136
204.512732
190.715465
191.093989
191.847451
187.791138
189.191186
183.775235
191.148209
193.953217
184.864539
188.139616
192.398074
192.777021
193.529915
193.345945
194.061892
189.292559
194.811100
195.367719
194.031243
196.288796
189.229844
195.923723
193.970862
190.319552
194.560056
185.181902
196.778721
192.180944
186.052795
190.995175
184.914696
189.153511
189.286960
191.247014
185.134360
188.422492
188.559210
179.869443
187.136109
186.196725
193.710382
199.272735
190.073802
183.371507
194.577815
194.489867
194.925635
191.123602
189.403336
200.398352
185.202384
190.574494
191.664513
191.034133
192.864637
200.208586
189.157624
189.772419
192.171432
186.179742
186.220160
181.947081
183.469214
186.559954
184.529072
188.997640
189.776880
193.208604
189.697850
186.843651
185.771258
187.321044
189.480215
190.214677
193.538810
190.070507
187.934621
187.541514
186.837849
189.153973
184.521217
184.909931
183.095934
186.128867
186.189796
186.681892
187.389246
182.405345
189.395219
186.629387
195.385839
196.105042
190.256533
188.537161
187.753750
187.938538
189.702800
177.595048
178.636184
188.582377
188.959504
189.745890
188.058948
188.814271
189.696214
193.512465
189.170723
188.856582
188.967839
189.817443
183.725767
184.818895
188.807236
194.140136
192.906625
187.376716
188.161158
189.322123
188.665673
190.974131
179.275927
178.455132
175.042613
192.418326
187.023899
186.494572
190.605246
190.514781
180.384958
195.003113
194.938782
186.485074
185.708089
187.938373
187.428875
188.287905
183.954047
181.127128
192.429857
187.263501
192.237129
194.652466
191.022074
185.559819
195.609700
195.656930
195.561029
196.548545
191.064736
193.357086
193.312052
193.650796
204.986957
197.360175
185.872407
196.329157
188.782349
187.625464
188.564687
192.709371
192.671504
195.769522
192.252020
189.946054
182.217264
181.192188
186.216843
191.087179
191.034561
185.925440
195.758283
187.249195
187.155686
193.172018
187.499268
197.306533
189.534015
197.250883
196.917211
183.970218
182.944179
187.984872
184.906002
179.476579
195.076076
184.940430
184.187335
178.759751
188.472710
187.187507
182.326260
188.880278
192.712699
192.569120
198.711592
189.321949
184.672460
179.207938
188.336410
194.391522
184.670299
194.408805
188.787722
198.638169
195.294849
187.668913
187.700669
188.839799
188.026269
183.809732
182.378111
182.771781
188.527567
192.540407
185.860000
191.807034
200.481562
192.764231
188.147087
193.556264
185.660928
193.179369
190.069449
187.109543
191.133098
191.858599
194.753301
190.367723
190.009019
187.798872
200.808468
204.118935
197.828797
181.598173
195.921066
178.681099
183.075218
189.246216
200.777380
204.007746
203.382876
208.831996
199.574066
208.198246
205.454130
198.320149
218.516636
207.902471
205.459636
200.093324
199.468688
209.850979
207.947941
205.612830
211.868870
205.896683
201.361977
198.699231
197.387499
202.008543
208.542384
206.833923
206.957492
202.446427
199.484399
198.171932
202.812676
206.660919
202.196786
203.511105
196.933640
199.985126
202.241997
209.781422
200.154776
206.714295
203.328513
191.054632
213.729502
223.894469
208.065537
224.644115
203.384756
209.256466
224.098456
239.747123
210.278679
200.898030
204.143434
204.262768
209.535117
203.017918
203.894344
199.744674
192.769208
185.447846
181.163892
181.842212
181.205827
195.891973
193.040411
179.087989
181.164948
170.005881
179.802904
180.871408
171.773970
169.947921
169.991313
195.616076
179.551326
178.073574
204.904598
214.158441
197.523797
182.559857
182.580901
184.357980
192.985852
200.078674
198.225397
200.036887
183.925763
197.615599
194.268450
191.309771
183.065991
187.510152
198.896795
206.734910
202.785229
201.255071
187.897086
189.624224
188.144652
206.374719
205.876514
214.910753
208.227051
210.972495
196.508038
190.942468
202.508323
200.709654
200.469886
198.648954
187.335065
197.762898
202.852231
192.292675
186.459203
190.936724
203.402879
211.492534
208.348690
197.624985
200.887581
194.614405
205.730874
203.488594
198.588194
199.479203
205.207839
201.034736
205.808715
194.424265
194.128636
210.290355
191.677440
202.033228
194.454085
190.872974
194.136153
204.522936
204.041899
203.394627
202.602291
214.212709
204.478477
197.947710
193.469100
205.871921
199.014315
199.936785
193.653425
194.739090
200.539032
199.359830
202.240011
189.416688
194.596963
188.439178
183.043690
182.133720
181.971220
197.699009
186.796537
201.544796
213.208605
215.623549
187.531825
189.150497
187.387862
186.676247
196.400621
198.588322
178.940578
185.313833
194.726879
197.434224
197.740477
182.992150
196.968159
193.903841
184.143970
189.224469
189.656098
194.695014
213.144502
204.684060
179.511545
190.813258
193.133988
189.191794
183.876181
190.013248
183.210742
194.448637
201.179509
183.676820
185.488283
193.631904
196.084905
195.342304
192.421688
192.923008
192.524203
187.576782
193.745969
191.368763
189.296632
207.160580
205.402586
191.081364
201.875698
200.921791
191.810980
201.802238
205.994447
195.611620
196.111204
193.911828
193.501553
195.004294
197.935365
192.465772
191.646186
194.527479
200.979044
194.283193
205.023209
222.506223
178.586913
178.926425
198.073199
194.031617
193.928523
204.252359
214.477875
197.160916
198.134205
204.465437
202.447192
201.583779
195.949549
202.231893
200.770154
196.975174
195.531123
199.225149
196.897336
199.290303
205.082336
197.986463
196.231240
200.210968
198.384852
198.303226
204.428141
197.034780
198.225058
219.514112
209.215474
210.403127
200.043251
205.712319
189.063388
202.088279
192.921967
200.533054
188.812445
190.486241
188.808290
212.631481
195.867800
186.304466
184.571689
197.515793
207.426706
213.767189
201.292325
201.255816
188.185858
183.803379
189.349764
189.252759
189.320325
191.806834
190.987204
184.961987
191.654139
182.701003
188.251791
184.751693
190.008268
189.240519
190.896476
192.530078
190.728105
206.402695
204.387091
189.957624
198.073402
189.379601
187.885687
188.422752
191.930051
182.377660
181.684420
187.124970
175.938450
176.245730
188.921688
181.497252
182.263546
186.437268
190.928384
206.028239
197.661036
215.256995
217.651382
220.347283
215.215176
217.610469
226.077780
223.608620
225.659179
197.665220
194.662085
190.282290
211.246553
193.027742
196.475874
200.452648
212.001378
198.340519
199.674021
196.303432
200.724734
202.528213
200.453923
201.346461
198.822075
199.237741
206.832073
201.956990
206.556942
217.357462
217.356104
204.916088
206.007625
211.751563
215.372548
210.769140
215.328795
207.310686
206.794715
216.013205
205.120282
210.984193
210.984447
209.905253
208.011690
207.026219
215.874812
216.061916
206.952871
216.102887
204.889966
200.379739
204.927637
205.954594
209.344483
209.250205
211.629096
202.442485
211.671004
210.333081
214.711441
214.797391
210.650893
210.609228
203.383023
200.983855
216.294908
216.297933
203.288009
205.959408
208.652527
204.211353
202.952632
203.045482
210.961974
210.961197
195.584124
195.634550
200.738139
206.951275
206.951169
200.737968
209.787232
198.351919
203.823794
203.922987
203.830381
219.397253
219.140333
198.418783
204.887597
206.455816
208.974272
202.854241
202.648147
208.950257
201.600221
212.337551
212.217302
208.748617
208.631502
213.760879
209.547535
209.548626
209.748319
197.269927
202.587869
213.181350
203.390949
201.700743
215.249902
215.248856
213.139519
203.432689
201.118048
206.137747
203.737750
218.547775
208.831085
202.755418
208.826138
218.495345
208.706314
218.818756
211.111518
210.593910
217.038459
215.918513
216.998755
202.175263
216.011581
203.612557
195.638844
192.709760
200.207686
196.549543
198.259133
191.693467
202.007271
175.763396
175.029208
176.171366
175.081275
176.767274
186.888672
193.581004
199.086103
191.698297
193.918537
186.796218
191.643631
186.857661
189.313697
193.914860
190.029168
191.754174
193.898388
186.895148
175.391173
177.079136
185.476396
183.595482
195.607483
192.570073
194.584285
194.516869
193.891789
184.547169
193.899303
194.972158
195.997187
207.430207
196.599483
194.599193
193.582936
203.540453
198.290108
193.629063
192.261303
204.545004
199.352902
194.421834
181.020749
183.739417
194.817975
182.787384
182.638659
193.730451
189.752655
191.634760
187.401778
198.836434
185.134952
189.161366
191.636309
187.344578
193.257463
194.604602
181.278691
185.411709
191.297583
179.289298
179.261412
190.233574
185.518065
186.635610
185.459641
181.022988
180.970135
198.406300
182.157841
197.583519
181.774501
181.051804
179.505848
185.402120
191.678319
187.299548
195.055751
181.215826
192.412565
180.187561
180.546975
192.351943
189.278792
189.239784
205.821916
187.467221
190.736618
178.040259
180.539264
181.246918
201.988087
189.667150
197.729475
189.144502
190.186157
190.069553
190.030116
188.199983
192.088233
189.288396
201.173167
191.498205
196.704114
196.668908
190.359847
190.888023
198.701595
192.084514
188.185347
186.638494
194.411844
187.411598
192.132698
199.106976
194.983584
206.318910
195.388372
208.800198
197.893777
205.719302
195.556210
200.143989
196.317426
195.488646
203.480654
194.305679
200.529748
197.157376
207.467742
196.837278
209.545222
198.656382
201.863682
203.785210
194.445107
196.334157
202.446208
193.275272
199.490520
206.711988
196.808007
208.785111
197.898646
201.105647
189.172231
198.681839
197.696570
188.824690
183.810315
186.718391
192.711342
193.517992
192.642854
186.681003
188.888022
193.259492
188.134305
188.491223
187.411669
186.017959
186.537137
188.756874
193.974704
181.048685
180.262284
176.222144
190.905843
185.528795
207.206735
186.297984
185.493776
186.245235
185.509283
185.503145
196.523997
177.409389
188.224886
201.647748
188.253367
197.087986
193.425228
187.249197
186.481116
186.493861
186.510625
186.638800
186.783943
180.329764
184.805873
188.273153
185.449102
187.551507
188.807265
182.349371
189.343014
187.691087
184.272622
176.224398
174.482432
198.633342
172.681019
174.557022
174.502661
174.517266
174.419508
182.692921
174.493235
177.443141
173.513245
178.436136
176.210408
173.518982
177.378117
182.587163
182.595234
183.577016
182.617221
183.330900
184.353687
180.690063
180.302525
198.851029
187.208426
184.852444
189.613843
186.680866
179.594001
185.968070
186.703361
188.934586
179.999325
180.002376
181.067897
179.404312
199.120507
190.596241
192.518812
193.201358
193.864007
188.836902
193.850700
193.883102
193.807308
194.471602
195.771425
196.741949
195.170328
184.380996
190.614039
195.742472
191.229058
194.459984
189.501799
196.216163
186.441777
190.852948
181.757623
179.917783
191.411865
191.460236
186.295214
184.472368
198.260066
197.668099
198.236646
198.186613
193.153222
188.684972
188.927964
195.927691
187.295238
189.515906
196.529319
194.796745
191.457630
196.784799
194.383350
191.244513
194.384736
189.523404
196.315630
196.843940
194.546685
196.884107
196.872562
189.544211
196.464161
194.634779
191.387163
187.166867
186.251059
184.402588
184.375596
200.460149
196.509890
187.959416
190.129647
183.069007
185.805608
191.341751
196.091886
190.513843
182.981377
191.374125
192.067827
180.691790
181.454893
189.741578
188.528126
188.063309
192.509958
180.709851
190.818028
188.436583
176.048384
182.538623
181.194720
189.173711
192.942854
180.376963
191.674448
188.984311
185.065957
183.462204
190.265198
191.892338
178.589521
183.732709
183.769269
186.410272
175.125710
191.906778
189.143381
186.605257
187.312087
182.241602
192.439686
189.795260
185.830020
172.411187
179.478935
171.369230
180.207060
187.076771
188.445399
188.002972
184.756830
193.572393
189.009816
183.756954
188.588349
198.811198
190.934326
192.134924
183.664572
188.975930
181.156281
191.446983
181.847012
191.428201
179.658829
180.418659
186.639587
186.936425
180.654528
186.453400
186.707552
205.002948
188.203180
192.053303
176.623413
175.648158
187.923658
191.293395
208.888114
187.691551
188.946571
188.470920
195.205601
182.020872
179.579461
191.552992
181.257669
181.881700
181.874706
183.366903
181.817304
190.525584
179.627061
180.384507
187.890894
180.652134
190.977708
191.561290
191.898264
191.792027
190.836143
192.587595
182.803179
183.430871
181.116924
198.217668
182.234479
182.994586
183.211029
183.191730
181.309016
196.938309
178.858867
175.167343
180.203391
179.509140
174.231888
178.931838
178.660097
193.941091
177.154959
179.258944
184.543231
196.573951
190.804169
193.650541
193.624690
192.862351
191.069343
189.603710
188.523533
197.734944
192.128677
188.053511
184.815734
184.834123
192.572228
188.077905
192.713604
206.180824
188.496152
198.448496
183.313383
197.708980
193.589888
183.955009
184.653487
189.096751
187.302573
181.743027
178.909067
193.626650
191.909694
184.014834
184.593491
194.105592
192.338171
186.709458
183.151116
187.556846
188.272905
187.575354
206.381243
200.244607
176.141096
188.241987
208.823180
202.647034
188.244556
188.986176
187.409160
187.409917
183.171376
183.867509
186.749797
193.241650
196.734939
194.968434
181.424182
187.502609
189.664081
193.306701
191.638892
186.011220
182.349908
206.114279
198.732256
188.027339
188.349384
181.800564
176.878618
176.066132
193.027762
193.411237
186.785187
183.128489
177.018599
199.291386
181.457354
178.837211
179.401404
184.492421
184.575458
174.476303
190.671657
186.783250
187.922143
177.694448
174.420787
176.192603
179.489796
179.438751
185.345976
186.464949
179.341909
181.223901
175.221098
177.297303
177.246509
187.989361
172.593160
173.589185
186.882478
171.442522
172.483643
201.417163
183.018296
184.513487
188.043951
188.748160
207.447915
188.378540
186.882775
188.307342
182.799339
187.598688
204.022471
205.522352
185.720664
191.126025
181.348127
180.241471
180.352072
186.431686
187.170949
202.729329
183.692789
179.376958
190.543255
178.431789
178.460131
181.152478
185.432881
191.631410
181.967545
192.216739
195.906872
185.273489
185.945018
201.312130
184.224768
185.682112
203.137436
191.858459
191.107411
205.324400
181.751987
178.476038
188.630136
186.771698
200.773085
196.441762
183.629279
182.585247
171.566428
172.499729
180.784291
169.749522
170.727916
195.094558
189.849104
195.168838
188.862549
195.098773
189.886290
207.575040
190.930303
187.074049
198.404290
200.145709
195.909368
195.061180
177.775921
195.002868
194.881479
187.142050
187.146552
194.263427
209.845636
194.690904
195.466028
194.707675
202.206120
189.986233
189.961803
181.382305
182.539243
187.595046
189.091467
187.290342
182.066901
183.256439
191.673059
181.975356
186.446406
192.258937
182.198002
175.514059
175.419327
185.598248
181.043915
178.174625
172.899614
184.364247
179.856359
190.196346
177.019208
180.544061
181.262452
192.524342
193.719218
187.422871
187.125467
184.985297
185.689154
196.917450
191.756868
193.085958
187.494028
182.081332
183.315161
192.625551
189.120049
188.902102
188.156204
191.642848
188.232042
179.862916
192.436557
187.245745
181.650209
181.386347
192.522198
192.442453
183.857529
192.414243
191.238667
193.591401
189.090680
183.861671
182.330035
182.193999
192.510718
181.695225
187.999273
188.094353
206.947965
211.354853
213.633336
193.546530
189.190655
189.891440
201.250182
193.959167
201.992885
194.593335
201.239323
193.842118
216.644770
197.270357
196.512508
184.748745
183.870202
189.166991
218.516748
225.924754
203.005487
202.362292
210.610430
210.127350
200.796614
211.983353
203.498776
208.916269
215.462385
213.365592
203.235685
212.015713
200.828849
210.459018
207.651136
227.477538
213.041690
206.240439
206.366846
205.972116
211.475270
202.445428
212.753860
204.534734
207.020544
205.180181
210.650639
209.439800
206.103979
218.162913
223.547025
213.997120
216.673285
214.187677
215.633707
215.143109
208.725154
203.530767
214.138207
208.981273
199.181118
200.335017
190.128893
189.044416
184.586403
183.119426
198.139107
187.610731
190.607048
191.729049
191.343272
199.697691
189.752032
195.355359
191.875531
203.835794
202.040027
207.620635
205.721262
198.214556
184.816064
198.379749
188.974542
201.962905
182.986907
197.622956
189.138824
197.701055
187.330375
185.475462
186.543727
184.840170
184.883414
190.890664
173.416075
174.565335
174.423017
178.869730
178.591633
196.237271
177.247557
186.626328
179.322549
179.275994
178.696614
180.452954
177.793216
183.134985
174.925552
181.601272
174.842587
171.732704
180.655720
190.576622
174.262729
178.410010
172.633448
172.517393
181.089387
184.661522
175.711543
192.697937
190.774619
189.956600
192.558734
191.614107
170.777462
171.884737
197.659606
201.254815
198.894575
191.657762
189.470887
174.373119
176.192588
174.358953
176.826383
186.170522
193.065399
182.642244
190.889730
173.304245
175.167193
198.512548
192.422903
176.472442
202.001094
179.458428
180.477800
180.207154
185.481208
187.910967
181.260271
190.570812
184.462104
186.892963
180.870254
193.634503
196.088396
195.314233
203.557851
188.855874
188.531070
207.311368
189.147174
191.080894
187.384540
189.867914
193.663847
187.795590
200.840822
183.199264
182.076205
185.944846
184.959862
183.027905
187.705125
179.336029
181.173328
199.705984
186.927689
181.190292
185.624110
185.268002
185.687212
193.600850
186.695646
185.697944
175.956475
174.048459
180.091780
196.116208
195.124773
193.458752
188.697456
201.606629
193.166010
192.173011
193.891470
193.253818
189.155132
185.684569
190.263973
185.344702
185.404802
191.603413
205.220507
190.117539
194.205076
186.362071
190.861908
183.686899
196.639348
197.670435
185.560369
183.811183
183.871644
184.994968
199.715918
181.496888
189.949166
190.010731
188.434145
196.834574
204.177524
185.533441
190.990823
186.347955
182.126618
192.659002
192.367537
191.938844
193.892959
194.888027
187.552620
193.621564
197.646362
191.645451
181.116692
180.955810
181.978469
198.759814
185.781778
188.194656
204.914270
196.135471
198.230933
193.346699
188.095529
193.535643
193.440284
205.637767
189.066110
189.164152
186.956612
190.816726
194.625304
187.996999
215.717917
201.797680
208.065189
189.721851
209.341584
201.266244
204.372919
193.650748
194.474081
197.676284
194.398026
196.642999
211.525586
215.396255
199.697333
211.894809
219.574816
194.317418
195.829710
205.547799
191.512254
195.803815
189.786836
195.212090
197.981354
189.185662
204.226711
213.626256
182.414582
187.853906
189.957732
192.546150
196.959892
189.482570
197.955407
190.209685
196.189760
187.875076
187.945981
226.525036
197.160271
205.006252
202.103634
192.261149
192.274151
199.541835
191.516053
193.660826
198.435771
194.262124
184.895335
205.506870
188.148656
190.445922
192.477998
194.775088
198.168146
192.947293
185.661563
189.093304
191.105176
208.229247
193.663950
199.080804
184.870938
188.015131
196.010983
183.624775
211.827854
191.031776
191.807676
189.186409
195.908640
201.473034
201.468856
187.840250
195.281407
188.958655
190.815139
200.093447
192.618344
194.940935
195.688708
193.907537
200.496216
200.232966
198.478065
205.006426
181.161748
180.454687
181.547846
190.805743
187.322904
186.524883
180.473038
182.211729
192.779750
187.291406
187.955843
188.045012
190.217061
196.337661
190.067496
191.466791
196.074229
207.203242
189.992860
200.639639
199.528818
195.266293
195.200504
195.338940
195.342987
194.547659
187.962834
187.203334
194.863657
201.133890
194.937917
216.723663
197.834899
208.989095
200.491000
200.392196
189.329604
190.800264
190.232559
189.454948
187.744535
205.931645
188.441253
188.993546
189.103963
206.603771
193.523150
193.557735
188.379549
197.773771
183.906305
184.816323
183.050300
200.562858
218.941111
212.643960
198.830114
194.281387
192.250473
190.988255
186.407467
185.892947
192.737512
188.157492
188.002637
224.564060
181.327613
183.729135
187.665591
190.079986
195.830374
181.287918
186.906711
193.143424
181.984425
183.019776
180.227594
205.615466
203.027028
204.718148
178.086411
173.755681
175.989547
177.611639
173.551435
188.215748
189.434343
188.308886
197.630801
202.925662
187.463545
178.623950
192.670180
184.028317
182.767873
179.813341
193.773036
192.640281
188.311013
196.515799
201.461071
196.954494
198.096561
197.997779
201.268785
197.772829
190.330126
185.683772
194.662628
184.961167
193.071816
184.245795
191.289695
197.597097
192.431448
189.095453
193.112706
195.211358
202.409135
206.651983
191.166322
196.869938
192.805013
192.742323
199.117850
195.132133
195.788080
188.388186
188.704930
202.269338
189.116899
204.803651
204.640499
210.818209
188.958859
193.021175
194.471523
186.768972
197.457593
197.954828
198.055375
195.718021
188.040510
194.014283
189.633674
202.166407
179.543009
183.981625
185.002339
202.229739
214.926505
189.974013
194.398079
198.554433
213.533100
193.059295
183.897056
188.335603
191.987463
193.957236
189.357925
195.735282
197.425394
198.395394
207.557647
196.857721
203.179290
201.389092
185.895841
180.625822
184.947837
194.646550
188.108820
230.149308
221.848008
202.335203
199.085920
207.050369
194.043818
189.202233
177.421388
189.000218
179.175039
173.498784
174.548991
171.948455
190.672212
205.257597
210.971249
197.918161
193.568975
183.117092
187.065182
186.844398
186.705218
183.038354
188.099567
206.367171
212.819248
199.782732
190.960883
197.114289
185.880377
189.608272
186.601074
195.341236
186.916869
189.086305
189.092230
184.878983
193.128213
186.393261
176.712124
175.946364
194.875501
194.275503
196.249332
194.949517
185.980272
186.035075
200.807826
198.558324
199.657788
202.666797
203.595317
196.729052
200.846446
200.640919
202.197059
206.860415
202.018095
203.480452
204.032693
203.375456
193.207689
197.599925
201.620777
194.732926
206.424323
191.974091
190.086813
203.958174
190.439100
202.394569
203.404685
193.177286
182.774863
195.429616
190.839819
199.894225
190.926440
189.447754
189.775437
198.850398
194.072690
200.088514
200.077519
198.699214
194.195602
193.818568
196.230467
198.975814
194.459450
198.920174
196.751858
197.474413
198.366525
199.088395
209.514636
214.802859
196.464721
195.683715
214.885790
194.738246
194.696874
188.546884
198.582911
200.349639
194.531067
182.003888
187.263858
193.151971
181.919469
187.132851
193.078022
179.513346
188.867013
192.454864
190.282276
189.012175
196.404421
188.882573
184.998545
198.336479
191.076397
197.867714
200.007824
197.830495
198.895110
193.261256
192.061341
185.888045
198.263756
190.280267
196.596489
194.585960
183.840448
185.046226
195.703693
198.339380
204.466452
215.168730
209.673478
207.766733
210.971383
205.367889
222.164986
206.311115
190.136570
196.124636
206.227189
200.551733
199.749018
204.098267
199.859056
202.520594
186.044670
191.429873
203.382850
192.574276
198.644132
208.902907
196.796738
197.841326
208.418103
207.472555
200.385930
199.211626
200.516190
205.015695
183.693079
180.576364
195.949084
181.635096
204.559502
194.985631
201.038559
209.511467
223.819297
194.365086
204.462407
222.667800
190.094624
186.287516
196.326449
189.391516
205.156215
190.337775
196.353620
184.999552
205.074974
190.390985
200.441893
180.338482
184.536369
190.904731
200.408248
201.273201
205.663392
193.420569
189.062588
196.950868
188.957432
181.409347
193.075842
196.964512
199.493793
183.289739
181.440243
185.768387
184.149322
202.311600
182.214552
183.887731
224.145524
215.623782
195.800412
195.814664
200.556762
193.537515
186.698208
191.318296
199.308367
198.147961
191.363679
189.020957
194.631403
206.145279
198.997894
202.196954
202.394124
206.776654
195.223485
197.065595
189.457062
194.605817
186.022098
196.100522
194.248840
197.361950
199.404864
196.187600
197.750599
196.967065
186.769355
193.109085
185.737960
209.587994
192.523909
192.480257
199.175365
201.440763
205.816240
195.173957
197.213585
205.921807
208.779151
204.793207
199.531652
205.607334
202.322710
214.146928
205.632747
215.212493
206.198346
206.275352
222.309828
206.639765
211.981364
200.176026
212.730429
196.714080
197.910967
194.603711
193.324206
207.699276
209.868235
200.218759
194.265558
201.641854
188.650778
195.971269
189.165582
184.867199
193.505801
182.315521
184.089539
185.296629
202.184681
189.936646
184.833336
180.899533
181.885931
191.845650
210.320266
194.875076
191.413519
195.563302
193.582666
194.886432
180.169585
202.540576
197.386613
191.381758
191.125600
190.445185
199.116303
186.273452
187.192193
186.960293
182.893597
184.640296
182.933327
184.376134
182.003773
222.195153
222.131651
221.548098
224.658448
226.150995
224.714285
213.056480
212.538350
221.920868
199.194963
209.383858
209.382021
208.544669
208.025724
217.416571
201.466591
209.803826
209.900293
196.122563
204.713295
208.891430
201.581532
199.867643
199.102444
204.789760
218.154271
218.113124
200.402015
210.632285
210.728951
209.758788
209.726830
219.862338
219.820269
213.610668
212.480508
212.452247
213.228879
213.188654
215.439630
210.903422
210.862297
193.499528
192.838789
211.269474
193.528465
195.248358
195.254860
199.583339
200.482737
212.075111
206.001215
206.656310
202.153338
213.681695
208.381488
195.494962
206.981400
201.680900
199.500236
200.590608
189.410879
195.581326
204.198541
209.414827
194.801971
195.402362
204.499972
203.310456
207.043485
202.172709
206.620049
215.608390
222.158392
198.601002
223.187172
213.085828
201.340909
207.584473
194.527318
204.036868
194.142569
204.998377
195.914502
189.755714
192.933455
197.828921
194.760976
192.964311
192.970914
203.417925
193.718108
211.101091
191.762651
194.231588
193.325463
197.797528
228.547811
232.941578
211.438632
201.205912
211.436430
206.183849
205.576945
207.374406
204.904970
219.623085
214.149113
213.068587
229.012252
215.355359
214.236816
204.834231
214.838335
213.716277
233.853141
229.096700
230.416392
229.055392
231.566932
205.890574
205.878336
206.406651
201.883031
198.772738
195.289579
208.134099
210.684595
211.853826
217.992137
217.902537
214.286810
207.697200
210.509141
199.581150
214.996049
206.480548
210.823913
215.582284
210.228552
206.747385
218.782656
218.774407
229.991845
211.314163
205.928560
208.553361
202.445988
213.756508
213.747750
206.383314
208.571574
218.302864
209.002550
205.910067
213.181051
234.410802
200.527205
200.555605
198.939750
220.978239
217.387595
211.896294
229.766121
231.072645
229.672534
197.879782
191.427452
208.807691
207.313630
210.178667
198.344760
205.911370
208.159390
209.395022
206.992287
208.678661
209.799692
207.616705
220.367009
229.479288
203.636293
208.326000
203.350659
199.103355
209.023689
200.766497
201.504236
207.155723
207.393623
215.904018
206.638017
208.214595
203.010498
200.850630
202.847697
203.154350
200.731477
208.711284
204.770642
206.039246
204.454049
208.360513
197.228910
195.867236
196.229324
192.695898
201.863270
202.817000
199.212687
194.414238
196.371947
199.375187
200.644173
204.821880
215.574659
209.792851
209.312010
210.544525
223.059702
199.015681
208.181828
208.777073
207.804842
212.074435
222.552456
224.984658
223.614012
212.494641
210.872311
213.485943
226.769972
226.140032
222.438299
222.513990
221.791080
228.490870
222.881282
222.155081
229.883419
228.434667
224.141719
224.508792
231.299129
229.592849
229.532620
222.802315
228.948110
223.856209
227.521253
220.734502
226.728829
236.593648
228.315751
226.671547
226.787134
226.083064
228.253735
229.940266
227.671099
233.765889
235.117498
233.788599
196.717133
203.326129
179.386159
180.412790
179.497397
184.314278
182.950720
191.573933
180.310919
187.314176
188.084769
175.951970
182.942321
183.711272
190.514388
188.117807
192.668847
188.876648
194.682144
191.695257
185.870114
186.512601
185.887911
197.864380
197.061724
190.056715
178.074649
194.277847
180.710892
185.129398
199.101842
196.686657
192.278619
192.369574
199.279835
191.988453
196.696645
192.778864
197.768217
211.854392
205.559942
201.529012
201.558103
201.119077
212.704526
191.047792
201.186586
193.654861
195.142257
185.065305
196.856435
188.452146
186.739181
189.176833
205.755037
200.449566
194.478167
191.340139
191.580222
187.528993
210.792487
205.559599
188.215539
187.520865
196.737298
194.654636
195.990528
205.435929
202.918112
182.939274
201.115285
189.635199
200.534263
220.079594
229.150054
185.541305
175.077051
177.737229
174.870060
174.231936
179.488606
178.485690
179.231483
180.226265
179.266612
177.888152
181.027455
178.593134
174.146447
173.224064
175.823738
178.352903
186.096472
178.621295
180.129162
184.020021
187.827262
176.583258
174.057166
175.537248
175.802985
178.538767
179.203125
174.911786
187.308243
185.513850
193.538431
192.970213
185.673282
185.971200
188.896851
191.060355
184.444564
186.864246
184.714778
183.709606
190.978000
188.196513
188.117627
187.732140
194.519744
188.735460
187.703678
189.616106
188.939661
187.869365
174.843903
187.211729
183.763617
183.757684
181.900611
175.891020
175.529021
174.211989
175.873987
187.072766
180.299623
179.679693
179.306637
178.449226
180.110686
173.293399
175.891434
179.360576
178.539896
179.201600
180.193158
187.754003
189.519935
188.645868
188.734095
194.551756
189.138917
182.924343
179.378846
179.469566
174.211678
174.287809
181.129803
179.727555
183.700808
174.377206
179.785902
176.139248
174.414350
173.272501
173.327057
179.810914
169.996950
176.117461
174.988945
175.117774
171.764538
177.953994
178.765382
179.197686
177.770898
178.520218
164.612370
163.881647
163.805416
165.534241
174.015736
176.525584
173.992273
185.062698
174.016728
173.292015
184.320959
173.323384
176.805050
173.300192
185.396851
185.001023
186.164301
172.528121
174.016347
174.377172
177.836058
177.861177
188.884869
173.374453
175.103293
174.311960
173.306973
174.060214
183.633185
175.086973
175.068588
174.379620
173.279810
184.722717
174.758372
175.739024
190.719993
175.836543
174.997961
173.325116
175.032485
174.802260
173.262484
175.011911
175.074864
173.941509
178.546893
178.607499
173.951951
174.000281
173.945792
175.064233
173.295857
175.080775
175.717030
174.785174
174.674223
172.565795
174.235409
189.596334
194.200285
194.058784
187.089338
186.481015
170.526964
168.783576
169.534611
167.974612
179.132441
170.894786
182.852174
183.560762
177.841640
178.550380
179.163011
179.152332
169.740849
168.041020
175.105901
175.810712
175.119858
187.574437
190.081672
188.265497
188.355043
187.228981
188.981854
187.223384
177.412136
176.539609
175.569264
176.626723
189.179578
189.135749
188.818486
188.818779
169.539389
174.742920
175.881496
175.884708
175.457544
174.809192
174.008680
174.744428
174.096814
170.517192
168.815731
177.427310
175.814681
182.246998
174.030767
174.114127
168.880300
168.885481
168.187180
166.757298
168.858781
168.193719
168.160419
168.142356
168.100775
169.926507
168.205044
181.000999
181.630398
182.611308
191.929481
189.973435
193.837043
186.472258
180.334688
187.431436
191.835389
185.721854
186.890660
187.720877
191.602497
193.219918
192.292310
193.247418
187.183876
191.615005
192.194169
192.791516
193.686837
175.674459
179.970417
178.516194
175.508861
176.436600
193.258654
192.970614
187.153605
193.232350
186.221572
191.600373
192.315116
197.471116
180.255871
184.669879
184.549216
189.519647
189.472750
185.534319
210.224184
221.452278
211.996679
211.035574
220.311462
211.994731
210.982337
190.551173
194.688288
187.336286
187.169581
196.709022
193.508930
187.919225
188.770502
187.241936
192.719142
196.019642
211.346514
201.476851
202.187159
200.554772
200.321730
192.760002
198.894587
196.183232
197.179147
196.397848
199.820376
195.528700
200.305642
206.384140
199.500439
194.090515
197.226912
198.729663
201.304442
196.554406
197.868568
201.696027
193.248188
189.671985
191.199996
188.817427
190.319457
198.283677
205.418551
198.414326
207.006209
199.873471
205.796960
189.015120
190.101022
198.666697
205.419801
188.686989
191.093487
206.336054
198.096978
195.405991
189.804721
190.081968
189.754698
190.183347
180.227289
181.169089
180.237817
182.836406
181.186298
192.243276
195.456775
190.095159
181.878864
180.888283
185.755554
180.153046
181.223504
181.137178
192.236729
200.716130
195.273667
194.233778
194.909879
193.042655
183.692110
187.701956
191.402363
188.441322
187.254709
188.979555
191.744972
189.432590
194.792112
194.972596
205.158244
196.268651
190.850768
190.399694
196.659985
202.255297
197.670876
201.919516
203.787048
204.564989
203.980039
203.041555
208.109490
197.476317
197.166857
196.430659
208.797930
195.758897
195.827346
195.752167
190.368034
197.274696
197.675973
202.253572
189.109706
190.808938
189.360616
195.554014
199.656442
189.953790
190.080398
200.494026
189.477076
184.626185
189.777520
198.458189
198.239001
188.304605
198.370945
199.872298
198.665210
188.710149
191.077636
198.128195
195.438065
189.872668
204.606795
189.739609
190.399519
191.988577
191.802301
198.062656
204.998133
188.552823
190.912983
188.928795
198.270795
192.761368
199.905134
202.467654
195.565640
194.904874
193.392292
194.281858
194.630329
188.464640
193.355723
194.193336
190.104865
187.462110
189.776247
195.243943
188.632416
188.437518
190.915123
181.640563
182.084904
182.777947
183.170458
184.616454
188.082995
181.254451
181.900330
182.256690
184.507623
187.942045
185.917902
185.179833
192.349242
176.396371
184.422747
184.382917
178.789533
185.168479
190.228557
194.212027
190.856923
189.508757
188.669764
178.934547
188.136424
180.741234
186.888011
184.710717
184.615163
179.511431
188.674924
186.843866
182.586205
185.720259
189.785488
190.895176
185.840370
181.123800
188.149059
194.487141
198.293956
200.047861
179.672560
178.935297
186.182005
186.019857
192.708811
193.511757
190.942666
189.108908
191.968955
196.748951
181.814379
187.969875
186.449739
193.891192
187.376705
193.762110
181.825951
188.564576
177.436758
177.384068
175.198387
175.635311
175.757542
188.667425
189.366131
187.813205
189.235428
187.769233
190.682777
184.535702
183.528226
180.577176
188.018921
186.707989
184.411302
194.138413
188.902798
184.824465
194.339261
187.136124
191.592147
181.025833
180.974706
181.989402
186.271881
190.702552
187.527371
188.384318
189.227340
188.151204
188.985728
188.184391
184.680253
185.398063
176.785913
187.896170
189.019905
194.846392
185.547279
187.206686
181.154716
188.224850
188.645482
189.459434
183.553654
188.785850
191.126261
184.389782
187.344040
189.852853
182.212506
186.545596
188.678490
189.535578
194.759856
187.665463
183.543088
192.398944
193.541361
188.733798
184.425048
188.990585
189.847784
189.074301
195.794925
188.867262
195.235097
200.264782
192.912662
201.910279
200.386894
204.038808
193.495096
192.497268
197.467413
212.667973
190.965116
199.090175
181.030985
181.238546
187.199549
181.892865
185.237515
187.301024
189.071338
187.289883
188.346418
191.190916
192.284424
189.026911
188.984180
189.065208
191.261891
188.879698
193.030051
183.371531
190.857670
196.765032
189.230573
189.889478
182.828421
183.600309
211.708655
212.945727
199.057640
204.711942
198.998697
204.651301
187.529105
199.607677
187.508478
185.070378
197.874504
191.231374
184.053258
192.315472
189.361947
193.209861
188.417035
194.991617
199.580737
184.761594
195.764342
190.965035
190.004758
194.030255
190.267716
196.663810
198.005392
188.153486
194.551020
189.109732
201.316702
194.266014
200.088543
181.797951
193.681523
188.093469
188.468559
183.039402
188.927040
194.135397
193.794539
195.600514
189.486810
177.665687
175.978431
181.144385
188.391655
184.064343
197.488339
181.960489
191.591932
205.273564
190.082681
198.130800
178.596097
199.345075
188.068634
177.442120
178.411936
183.085591
189.781828
189.390279
200.072794
182.254958
188.358673
179.955477
183.676151
182.231848
181.353293
188.666337
185.417448
193.929889
187.322931
193.056536
184.640101
189.719961
195.285370
188.006438
192.317578
188.707233
187.913611
183.737303
182.257710
182.959402
185.409972
186.988831
189.132896
182.674170
183.741300
198.240488
183.985557
178.600107
178.318151
174.180887
174.196567
175.602465
174.699008
176.597947
180.386199
181.394836
182.127952
181.817327
182.766705
183.507861
180.950353
182.852676
180.613090
178.783889
179.509804
174.490792
179.197055
194.852601
181.741575
183.545251
167.398035
168.110210
167.364117
166.641341
173.344716
177.836356
178.605169
180.268523
173.261331
174.024313
173.319810
177.772168
174.729477
177.679431
177.745964
173.282415
173.171979
173.913756
176.869875
175.038850
175.820772
204.845625
201.984373
193.568484
190.365727
196.549385
192.721517
193.485215
190.296910
196.441271
205.836085
192.721906
203.845621
207.113077
197.520494
174.193190
179.272397
183.072694
182.508722
189.219604
189.286475
189.225467
205.837970
179.616935
192.517508
182.482408
182.620776
188.963625
198.150591
188.371868
186.362389
187.066390
192.210858
181.929262
184.355306
184.405151
188.040310
180.295626
181.151820
169.878224
178.543155
191.473208
174.255045
189.481102
189.480456
184.689491
184.704030
193.198528
174.957097
186.719121
183.737229
174.235652
174.896643
193.245374
186.519597
186.918627
188.126200
189.149410
188.206923
192.455983
186.357756
195.009828
174.118276
175.014185
183.253542
183.978401
182.885573
171.677841
180.020027
180.306013
181.051740
182.745538
176.112298
172.604342
173.359549
181.819713
172.653900
174.287704
163.912537
193.835447
193.033970
193.393727
172.417386
181.041255
183.680908
185.525782
186.200210
191.435134
187.959206
178.614248
187.225994
182.126912
174.962608
180.187315
192.221574
181.941669
175.814675
171.644085
177.096259
172.388996
169.812853
175.249715
195.790246
200.823466
186.310312
190.757637
188.130332
188.481517
178.652312
177.127587
175.203384
179.533198
180.207163
183.903808
184.661262
181.648182
168.889848
173.351968
172.565824
182.088912
181.396785
183.375262
183.196769
193.435589
186.838891
186.503651
186.431218
187.502427
188.916321
187.248606
191.706577
187.992990
182.420481
182.642709
182.083570
196.422433
187.976730
188.323234
188.395556
190.606093
188.420115
188.492231
186.141886
184.679737
184.722360
190.716539
185.549295
186.226726
185.616393
182.815175
181.291331
183.910801
170.055435
175.179122
182.527269
184.689585
170.786163
182.496845
170.785622
175.909919
178.866210
178.836635
188.868558
174.487232
175.194516
176.115709
172.874942
183.859390
183.928548
190.596240
175.911250
181.095038
179.239393
175.239326
174.449452
174.048422
174.768631
175.827720
172.503434
173.218547
185.517656
173.231330
173.227815
189.941361
172.620849
179.521608
185.501710
185.608773
179.212243
178.533372
197.021422
205.768248
191.024206
189.149772
184.892386
191.519292
187.871439
173.289574
174.964040
174.227601
171.819878
174.218763
171.580200
173.346453
170.530001
174.905494
174.971678
170.710949
194.148237
180.353614
178.530550
179.305578
180.072013
179.694181
182.506324
175.759067
175.597749
175.319449
175.143618
176.319052
175.677076
194.290407
193.632959
193.527067
197.859308
193.560515
183.492154
194.302642
195.272637
194.578785
195.259050
190.228769
192.623419
190.284862
188.461690
190.189823
190.139941
189.201978
189.087678
189.273244
194.688158
189.024042
190.299678
195.341496
195.101085
195.117449
195.311751
206.053426
201.585610
194.910142
194.912196
183.621768
194.838123
181.850245
200.041885
183.499719
192.395357
185.840164
192.052815
194.403103
195.074415
192.064325
193.170040
190.203657
191.970028
207.400710
192.635394
193.355977
192.041984
194.814346
192.420130
195.023617
207.518834
182.207119
180.293220
185.833630
189.183312
189.965490
186.854152
183.163292
183.903454
190.979365
183.568829
194.113370
201.374299
184.805634
194.046384
187.964082
182.160684
187.876553
187.319134
187.186572
182.141233
183.270800
190.124239
186.524267
186.470234
194.259802
198.473060
197.448348
198.285809
190.408168
196.655961
191.549601
200.368750
188.868857
189.832925
188.555118
188.414709
190.336112
188.557434
184.203771
190.369115
190.062581
190.681383
192.403534
196.936468
191.985990
192.642779
195.301851
190.882294
198.510799
188.903453
190.672549
198.426707
188.821274
188.737785
188.518123
189.330703
188.650800
192.766406
191.006104
197.256765
192.103178
194.794980
194.142616
187.693743
205.967881
194.158150
193.998365
193.861759
193.811515
192.055637
216.066355
217.455562
200.077543
196.601736
207.856762
204.431974
201.848011
201.050089
208.569883
203.231564
199.214401
199.919764
200.773757
197.655486
195.385058
199.117445
200.248723
195.638865
199.214430
196.428880
195.783194
195.403275
199.933487
198.078476
198.274817
203.616700
201.637927
205.504964
193.047469
189.004461
193.153466
198.635249
190.887151
192.242197
200.241789
195.434722
216.101419
193.144899
195.041474
207.030962
188.727596
195.212935
198.612993
194.836722
194.912387
204.106785
200.823333
208.606650
196.492585
199.257354
200.008155
194.505756
193.278213
194.735138
203.397069
197.110850
196.918400
195.605598
190.918374
193.390419
190.725898
188.251666
187.551457
200.304805
196.043908
187.939715
187.818850
187.895448
187.706918
189.338262
188.476071
190.027705
190.583576
189.040523
187.764652
188.450565
207.861149
188.947641
206.838327
199.246304
202.291109
192.301002
196.227078
205.867795
195.419011
205.793800
195.871972
195.833157
197.097015
195.569029
195.294986
212.712517
199.411300
189.007960
194.467946
193.453521
199.286510
189.668927
190.199217
189.421083
188.676191
190.273514
200.537023
189.879171
190.409039
189.151362
188.296069
186.833694
191.351978
195.109693
193.493108
210.109374
195.978652
200.342137
194.222323
177.877376
179.682792
184.020055
185.877518
182.201746
204.066403
204.838318
194.247094
194.245466
193.027928
187.718467
187.854323
168.862174
162.109467
176.022289
182.051013
163.033291
162.939679
162.209244
174.422817
174.046321
178.732305
174.024155
177.823927
167.413271
169.142647
168.365524
167.580384
198.749883
198.496621
207.379396
189.981180
184.512205
188.705432
177.734259
183.262845
177.810305
184.289846
188.110220
175.871900
193.513685
195.270804
204.277017
187.560963
182.169956
194.310782
207.587730
184.807269
204.998261
182.977993
194.452580
190.277101
188.369854
194.818790
189.585747
188.900138
201.998202
175.850424
186.944581
176.641074
184.700623
186.975805
187.841896
180.744303
175.228201
181.366788
182.091786
190.854715
190.035171
188.200310
188.341425
174.780420
194.947087
191.128792
190.800907
191.881765
183.731448
183.430690
184.484367
191.036607
194.875789
195.538410
188.623865
193.340785
194.074991
189.276144
193.831842
188.917515
204.575559
189.375356
195.524336
188.060758
190.390005
188.653548
186.431565
186.518531
192.846585
191.050496
189.831567
188.885423
190.602739
206.999962
194.588996
195.024787
201.143635
194.757983
195.794519
202.398190
202.090122
192.431170
195.542894
202.509129
201.823752
195.706324
203.155557
195.819436
195.424205
203.056258
195.378953
188.868244
188.797064
195.428375
213.603029
213.299416
209.723604
202.486804
186.341745
188.026633
203.048172
216.695408
212.638148
212.718546
203.249876
203.338509
187.411097
182.817168
193.187098
192.660944
199.872269
201.595783
190.880592
195.445124
205.530679
198.494439
197.771855
209.597291
200.112168
199.389764
207.560788
203.617088
197.474334
199.771314
195.372795
202.638097
190.756833
189.310536
205.349296
190.796772
186.833713
188.527456
185.714981
184.713227
197.343873
190.502009
188.442039
192.772832
203.536671
197.388052
198.588263
192.144735
201.617399
199.692745
200.642851
192.655895
194.356322
192.357599
193.199608
187.650851
195.413759
193.571769
193.132037
189.786076
191.293935
177.202311
186.804160
193.551160
190.352122
190.191236
197.294193
191.037065
204.688530
196.631093
194.188658
195.991484
196.392503
202.915815
198.040060
190.529381
189.059365
188.388709
191.723557
186.200366
191.680587
187.498609
185.966414
183.201023
189.319843
190.521968
187.631834
190.089133
196.816353
192.347268
186.578829
186.592800
188.367022
193.080462
181.390791
185.774735
193.783406
180.361398
194.116928
193.103212
184.677237
179.662055
179.916571
179.779126
180.374899
192.337749
186.151087
184.752744
186.127251
186.097937
179.940591
174.839501
192.360207
187.125470
179.186392
178.388752
180.282031
185.097677
203.333801
187.290625
187.252984
199.163949
189.108684
193.532290
193.379265
182.957243
176.058783
199.576318
181.292035
198.499355
188.442330
186.445508
186.768253
192.868530
189.514546
181.451004
187.382234
180.410708
185.770917
196.405835
189.115217
196.137451
195.705194
195.501677
197.924463
198.924991
191.711968
183.299416
200.525116
199.999858
187.251376
187.570427
199.900344
199.800458
194.813079
195.912616
185.197427
190.234589
189.143373
188.431798
181.901740
180.923986
190.536648
188.159251
188.256319
198.110104
201.491984
195.140349
201.166940
215.959608
189.949196
191.894725
190.605053
192.566809
189.092270
190.068999
193.340821
189.758090
193.457641
181.470481
180.732118
173.593850
173.215246
184.362072
184.355503
168.590803
179.168069
174.402555
169.012147
178.799111
167.357193
167.448463
180.868159
180.131038
194.182458
175.931227
169.190289
170.944672
174.327618
169.841053
166.529459
171.632911
169.627335
178.736868
166.492242
174.353325
168.918277
178.010479
166.556940
180.068707
179.329774
194.964417
192.777986
192.020808
180.938489
175.138559
185.310153
181.255493
176.100997
180.937938
180.433150
180.700457
182.803033
180.457676
174.270974
182.868773
178.695946
181.060474
183.197377
186.429391
181.313380
168.193560
168.127938
181.597078
180.037204
177.809721
175.885365
175.637880
192.544018
180.911690
172.627428
174.452523
173.389819
175.994130
175.561176
176.575515
187.029832
199.524439
194.214746
187.331930
187.429311
194.138516
187.696933
188.785075
188.372044
187.347680
193.133930
193.029313
191.036454
192.894829
194.147030
188.511862
196.375510
194.685030
181.220095
186.555044
182.957822
185.883963
192.461156
191.361968
185.747909
187.392537
196.434671
188.673326
185.883840
186.856541
188.570783
194.188153
189.129726
193.577286
183.057124
191.327087
176.947823
182.071299
187.154817
186.406637
186.904974
186.160784
180.649195
180.950318
182.953178
187.085853
187.842267
185.431387
185.459588
186.403564
185.330214
185.402166
186.068740
184.665344
186.333525
183.281451
188.821809
191.733181
195.101771
186.303214
186.249126
214.291648
190.542634
194.061133
173.920982
176.474705
180.272857
180.893080
188.709319
174.812155
175.477368
187.178580
185.648471
189.454535
189.472682
192.476626
194.598299
187.804122
189.592879
191.517217
194.552037
187.330903
189.128731
187.170768
187.199179
190.977324
186.599355
188.340319
189.141324
180.979243
194.348405
194.546598
184.624151
184.547712
178.354640
182.765078
180.279169
180.286552
177.686204
202.083289
189.527801
184.898815
184.866709
189.558056
186.573916
177.573302
189.101319
189.885880
189.160897
187.304631
186.051494
198.892489
186.098074
188.021197
182.166004
200.208756
182.140512
181.376058
181.434852
173.337950
173.306424
196.251474
196.330230
188.765604
197.934544
189.892053
190.771849
190.782475
196.146954
195.569709
196.463644
198.014627
193.766997
175.117504
182.013761
183.144725
179.546493
183.299914
180.113229
176.087872
184.243012
192.296458
174.958264
174.984851
178.038017
179.046847
183.975151
173.407660
183.275324
183.229296
174.309036
174.395465
177.371317
178.371949
166.607013
185.275920
184.362894
180.019316
180.047367
185.229148
189.246631
189.174566
216.611568
208.092792
209.984271
201.551595
190.235257
203.502931
192.047810
189.556265
204.746903
202.629010
201.833456
217.725293
215.487995
190.985912
190.287872
199.438238
190.153548
190.186907
205.638985
192.853112
219.506806
218.370570
220.535628
184.903537
184.071281
184.003991
184.149038
183.985216
186.713375
214.179982
188.493460
190.320387
189.911874
187.790699
192.658011
189.648847
191.040372
212.707587
190.852058
204.946514
206.066202
185.537016
193.027223
186.291439
192.977370
193.699153
194.028342
197.630385
190.208913
183.932368
184.654596
195.518098
190.328947
198.320849
199.365604
202.830468
193.923608
193.977687
183.397098
195.459259
195.512072
185.684955
188.328166
188.278136
186.155367
187.145559
188.530255
189.574164
190.652864
192.343364
193.280506
186.352477
191.726738
188.099608
186.406011
191.180415
192.796378
181.545605
182.587529
187.251267
182.646799
184.372774
191.631171
181.901584
187.242097
190.476670
189.035728
194.307265
188.135166
186.277095
187.454447
187.446040
194.279549
188.010619
189.055727
180.369448
184.915998
185.738286
184.473707
184.396101
176.015156
173.580240
177.759699
175.183582
190.607110
176.822166
177.452634
177.503256
193.104817
182.695689
186.012855
168.219021
170.095934
174.993999
169.089384
174.417201
169.055495
169.034953
178.416108
174.119688
175.827579
189.352100
195.070892
195.098562
186.059598
199.348813
175.780679
192.362704
180.326033
179.186048
180.362888
193.464634
181.967158
193.631433
187.274676
187.348782
194.358678
191.479543
186.294250
186.774911
181.347328
197.496641
192.497042
181.081741
199.592045
186.019651
180.542802
187.105248
182.127140
202.884740
188.028940
194.888154
194.287184
204.911460
188.148785
189.653312
192.499587
186.674479
191.986212
185.035100
179.649070
196.893672
186.387109
185.722192
191.136668
183.940803
187.011877
182.797652
182.815166
198.241543
184.259914
188.244298
193.366490
192.438121
185.732717
181.151672
186.346619
186.504338
189.908799
185.390158
193.909997
186.521204
181.138552
185.416492
185.407871
206.679763
178.656144
184.719682
183.743333
180.907219
197.550857
192.546598
191.544689
188.280358
193.126540
199.525537
198.682910
210.878105
188.859078
192.386520
194.769906
194.257570
193.395184
193.986367
193.080100
193.523123
210.176284
188.202053
193.548050
188.745199
202.191470
211.518341
196.899665
197.192328
194.170028
200.260811
194.011507
192.697669
199.449655
200.346651
200.280699
210.057271
193.652775
199.068936
211.773411
189.788790
195.102762
188.622398
211.337991
196.742341
187.298708
192.775447
194.248814
199.275116
189.061133
192.368989
194.139535
214.400904
195.055364
194.260026
188.796282
211.510135
195.920989
194.216909
193.672424
187.156181
216.786319
187.328607
200.237619
192.817834
205.594564
201.202229
192.859034
199.295283
180.327676
199.043653
204.176952
202.092995
199.804190
198.537132
193.987911
194.505487
194.485179
200.083517
199.010886
202.238494
195.298441
195.304563
200.906381
199.811410
212.484516
211.427517
211.830310
212.835587
198.039902
198.048889
189.333895
183.198868
183.757749
184.061637
203.923943
202.070344
186.792875
192.220206
191.145145
197.316683
201.483935
184.932908
192.082404
201.526801
199.849502
191.935240
200.415179
199.716270
199.450100
202.023830
190.952694
195.203502
194.879287
190.580048
199.807540
200.025066
198.373838
189.254284
195.392077
196.977427
184.867901
193.886795
207.551069
189.368069
190.879929
189.127482
189.189614
195.327127
194.549053
207.948747
194.563601
209.704878
219.136852
208.620080
193.688627
188.081850
206.003311
199.825825
194.249947
214.221626
206.590878
193.951828
202.257179
211.214592
206.513470
196.943012
201.531222
201.798877
202.426186
203.545055
205.299577
216.928584
214.663284
207.834587
176.053305
175.073464
171.551587
177.493338
188.135449
178.700945
190.700208
193.406905
195.318017
194.320315
201.235898
194.375055
216.072296
196.077017
201.276243
193.556459
181.154529
182.915246
181.863414
198.374154
181.931090
196.708285
181.508017
180.412666
182.060763
181.234766
181.935685
181.339785
194.922507
193.544963
193.402666
196.647103
181.116768
180.352975
194.951210
192.857139
195.300606
194.473686
208.143840
202.950606
182.838604
182.083822
198.576455
191.257914
182.002800
192.327719
180.347595
180.320243
181.956381
182.267358
183.146333
200.426314
183.903982
192.385988
194.350325
184.534874
184.491025
194.222328
210.230226
193.176040
186.108973
194.858763
184.644952
186.355333
177.811487
177.045968
187.830409
185.402860
186.104940
187.147237
177.061519
178.708748
203.558761
200.307769
208.844966
205.597593
199.316440
202.156491
194.496890
205.310119
190.135434
201.086519
205.243027
190.922864
190.078842
195.959260
193.477756
194.294785
195.341497
207.833790
196.235857
199.767350
199.240243
203.657361
200.123716
192.673885
194.067309
216.680486
194.778277
195.539311
188.321307
190.990495
183.136921
183.999305
201.986471
183.987881
199.238096
202.087923
186.693892
200.075587
185.498795
187.286008
186.915414
176.030839
176.337576
188.501682
187.321777
178.193579
178.857368
210.710933
193.388155
197.522668
201.336273
198.067252
197.347203
193.547806
197.722756
194.452065
192.528155
197.722918
194.484288
193.285343
201.599234
216.244414
193.162355
195.180741
193.620507
190.364644
190.376134
184.594760
193.585991
191.442445
209.481481
195.907649
202.036665
204.117629
200.268612
199.877672
191.122478
189.346490
205.083305
188.523449
188.583585
197.948897
200.911965
198.624300
211.927704
214.809405
196.750275
205.596662
203.297220
201.337749
200.538250
199.853977
199.908168
197.375957
212.348301
197.455102
195.968281
204.039028
195.943858
207.736518
216.862163
212.148756
193.109918
211.484077
193.142842
215.841863
192.509388
198.048275
197.708927
201.174598
206.583853
207.565598
195.884100
210.744251
197.581288
197.559434
196.966332
200.884923
209.757507
217.898235
204.200568
211.380257
211.408254
194.705267
210.659603
198.744272
186.299987
200.422367
181.025472
171.615015
182.604642
169.923147
203.860544
179.841894
194.762056
177.653909
182.111022
180.584957
181.273611
193.109615
176.980853
200.346101
176.625965
176.626980
170.716813
182.993012
187.978379
197.526113
187.931837
182.330305
186.772614
181.330830
175.126181
174.362404
169.952856
203.059282
176.110284
169.838595
170.499756
170.804908
182.694416
182.305439
180.826969
189.058859
175.996369
177.268007
175.772110
186.879763
176.505425
187.165460
176.568808
175.804588
174.770989
173.202167
174.044078
174.944237
175.741789
175.481465
181.066337
181.815213
173.938663
173.287550
174.755353
180.379992
175.780475
174.131877
178.682100
174.307530
175.045664
174.254186
175.004272
180.489378
175.008707
176.706676
175.020297
192.211376
200.462481
204.852364
180.063391
188.446767
192.696348
223.637010
192.993023
203.464723
208.736779
204.928464
181.443892
180.302651
191.485650
187.156466
178.609296
177.566609
190.469543
203.771753
191.026146
192.521543
187.793702
183.462247
189.826922
191.378042
179.471304
180.283929
181.124472
191.887889
193.404834
183.556520
189.615581
188.968558
191.287616
181.280737
180.345533
181.256833
180.490540
177.670061
176.589509
192.953352
201.356332
184.887053
187.686244
181.924164
206.750492
188.049887
187.531366
192.235508
191.918216
199.743957
202.521923
195.926845
184.768651
185.756155
181.158935
181.093939
184.086051
185.735033
195.853378
187.895754
187.152152
183.006498
182.899535
190.960571
191.492678
194.154842
185.856479
185.791558
184.763279
183.717610
186.914532
186.241145
181.903615
181.857888
188.996147
205.725554
196.869128
186.664380
187.390103
186.427792
188.805404
185.595621
187.430370
194.205733
185.446970
191.518692
187.583469
191.251170
187.605255
194.121484
186.516729
193.134498
194.742313
193.215188
189.159748
194.534359
188.569792
183.914326
188.558799
183.783711
186.208726
177.468912
176.487463
190.507842
190.725230
190.576831
193.438150
190.608514
186.252761
185.780926
184.832986
182.131477
181.106714
186.128860
186.031006
179.232038
187.099799
183.667843
184.716804
180.317844
187.191096
184.377463
191.064124
183.464828
189.935549
180.344270
180.612792
182.109566
181.260559
193.501984
183.559133
185.881018
188.025188
180.313442
179.370667
180.303581
179.613597
176.656456
175.644863
195.308457
191.613003
184.683164
187.572508
183.673719
190.287272
187.522452
187.538910
191.143882
180.887192
185.252714
196.477745
183.640720
191.392163
188.105033
187.520796
192.737719
192.836034
184.726002
185.698716
203.110033
196.327534
181.410820
182.148567
179.631104
198.821226
183.142954
182.035083
196.156142
206.442662
182.266756
187.886692
182.992572
197.705412
188.150285
196.357412
194.615572
197.134786
215.517698
184.693658
181.160502
187.934918
183.064695
198.802926
184.730333
187.837086
189.240897
187.827702
187.321127
189.916650
187.814380
189.166858
195.514966
204.447940
191.495926
196.446028
205.761953
182.347148
178.571927
188.865218
194.390998
188.860289
185.235302
187.009217
181.987259
186.728743
185.760147
203.316988
187.832201
185.707077
185.600806
187.375131
186.559675
186.567765
191.750411
206.698548
187.334693
187.376499
205.011715
189.428208
181.221052
178.588549
178.581377
214.882488
196.724478
196.296069
188.771767
183.710107
199.938090
196.861946
193.902451
192.809836
195.750034
200.084927
199.610672
208.075774
201.634264
205.033738
199.752224
195.215814
196.888182
190.238058
192.915800
196.432380
202.871054
190.047934
197.430553
198.526583
193.991537
196.797992
194.404300
192.917695
180.381107
182.171321
189.487601
186.503104
180.420007
182.179903
176.983866
186.504884
182.742708
183.368881
173.278046
178.595594
187.337176
179.337207
187.229880
174.125332
191.315312
174.809133
174.161102
174.111600
174.280144
189.473653
173.252367
174.133899
178.581232
190.757404
179.250187
178.561111
175.073806
174.703870
174.018251
175.052110
174.718251
174.079972
175.157489
212.758303
211.719269
205.994685
209.444226
194.368871
208.149092
213.924398
212.100818
197.281877
194.595533
190.943700
185.550639
187.651317
189.912492
191.288453
189.168274
189.182775
192.278529
191.520297
189.359294
188.602501
170.896264
172.665632
171.875253
170.857189
180.104778
193.817035
187.234322
188.094895
188.017021
191.572648
189.070419
189.174657
185.725043
185.653237
171.551281
169.112804
170.016475
170.005050
179.257899
170.731505
170.710351
168.468352
209.166713
206.514932
212.562527
187.245349
185.810734
187.228011
184.994899
184.309456
181.128360
182.216864
181.463912
182.947051
180.932458
181.913755
189.073264
190.202430
182.116401
183.205998
183.754546
185.413117
191.012710
191.331229
183.999449
204.912418
201.045609
190.324053
198.136102
201.094468
201.168225
190.467158
214.096980
196.709999
195.190694
205.217012
199.908955
187.131775
186.037635
186.515573
185.455086
187.064872
188.723942
191.048746
193.575514
190.694614
202.126711
186.647138
198.135950
172.709681
174.486358
169.786822
169.786918
181.100880
173.544709
175.881367
176.631575
175.937639
177.647462
178.398317
186.299780
183.552534
177.692322
175.219393
179.288713
175.147536
175.898601
182.738899
175.147897
173.358691
179.255971
187.887760
181.825666
184.994156
190.089709
186.196693
181.814663
192.961292
174.372564
176.160672
174.375064
177.919736
190.451590
186.182198
174.311927
175.176223
201.814705
200.802310
175.933591
183.065050
183.511432
175.070966
182.666073
182.252470
190.012838
178.656714
196.714627
193.155196
194.667398
189.284299
198.630722
203.918378
197.726287
199.866342
187.950620
188.663724
194.604680
183.640719
200.302710
188.499674
196.382371
192.073904
198.596067
200.963839
190.799644
192.848185
189.074058
195.265358
192.610171
193.510766
186.622875
187.167076
185.213230
188.825802
179.780128
187.219228
186.529928
186.157250
184.855692
186.704665
181.519694
189.743339
188.725237
188.965741
193.386070
193.228375
194.430184
187.319721
181.971204
195.911772
198.097022
191.111532
194.127832
184.394426
197.094480
183.616650
182.233968
184.445905
176.107645
182.839997
182.260917
181.919600
175.197430
180.990430
182.110966
182.953887
186.262368
192.697391
187.315801
186.095512
192.984667
181.542147
180.675715
191.117911
189.185488
183.645463
184.817111
206.554298
205.364289
212.866755
207.764689
207.000604
214.414827
208.436728
196.956930
189.941241
190.255210
187.395601
187.417180
193.504915
192.952067
183.866812
184.009840
203.131874
191.864284
193.903085
190.061055
189.233401
189.427808
215.533093
201.003717
219.499943
224.014719
221.919366
197.414698
193.631018
192.801871
201.195532
195.663028
197.666346
189.945627
191.114004
199.342338
200.335842
197.193122
189.178341
192.234658
196.296144
204.580616
200.484488
196.812604
188.072692
195.456214
199.010281
196.137903
199.443372
197.606154
204.923450
182.138539
182.834601
196.331896
198.417544
193.241177
180.254111
181.025783
198.164831
191.952348
192.870171
200.076835
204.426716
216.921765
184.518019
185.314004
181.297066
186.445120
193.311802
190.899446
184.718320
195.741394
186.319655
187.424436
199.235078
186.537242
186.578562
187.273190
190.442533
192.316656
199.455744
199.614459
201.500532
200.420360
203.619584
187.647717
188.254690
188.946856
189.037261
198.336027
198.257319
189.001795
203.572320
190.858534
185.701358
180.517617
181.168563
181.189997
197.116851
200.838370
200.916748
188.423117
189.027272
208.383010
189.719159
186.743834
202.063135
183.146079
189.334572
186.491082
192.002496
201.314864
192.231134
199.744359
192.479200
187.066123
198.457994
202.727330
188.136276
194.233446
190.786370
192.494697
198.078348
175.091282
175.024202
186.287775
180.217224
181.236558
180.503379
188.060810
179.606155
179.514530
190.786873
185.362340
175.176480
180.434424
187.141101
175.122908
180.192455
192.428311
180.205352
182.301034
187.335605
202.213449
188.028085
197.543001
197.453591
185.775462
185.090318
191.294615
196.854687
185.023407
192.014937
197.576519
207.176268
187.267072
192.623997
188.772101
200.612299
183.819615
199.909324
189.996748
189.214572
191.770711
190.404720
194.000214
191.087119
194.481880
194.601081
208.091558
204.031736
201.630245
197.873192
196.560018
189.131081
195.432446
200.029613
196.146191
198.478751
189.748324
197.104666
200.668913
197.785554
200.885441
196.424480
189.986403
192.510042
198.848485
201.373016
195.055176
197.230342
190.250832
190.427861
203.167351
196.686593
183.260881
186.972153
185.084024
189.503181
195.049192
194.332018
198.848392
195.991962
194.394238
200.757202
199.549517
183.997339
195.163651
184.175177
196.123589
194.206109
187.331333
189.928192
194.912515
212.164454
207.733872
198.785863
192.091651
192.056583
192.779067
204.859779
199.824431
203.220493
207.715274
185.052147
211.604549
188.878912
194.948730
194.054781
209.833570
188.071646
192.422397
194.172896
191.392651
195.174290
205.963953
190.843863
195.454919
211.342514
195.279925
202.720668
193.149558
197.759194
211.647003
197.443100
206.054357
184.045094
199.616159
189.358611
201.427277
183.886709
197.773810
203.305905
220.797482
198.015058
195.752959
193.570467
200.271142
203.387688
210.611154
211.155508
192.541629
192.598355
200.652313
191.926468
191.005926
202.559486
194.404593
184.722721
189.904146
195.655293
207.178681
196.251261
198.979054
186.879557
186.905464
187.656256
188.421542
189.406287
190.211847
196.579028
200.997259
204.550345
188.983664
189.122756
195.442478
193.544107
203.763016
196.616791
187.680866
188.536525
192.296648
201.407304
194.995576
191.692640
208.380221
184.998206
196.223946
197.052362
203.861928
203.525216
202.800549
207.399338
195.571621
187.963846
195.250568
194.531147
187.089018
187.245880
185.707558
187.445664
197.148951
187.108760
185.823491
187.267363
186.397140
185.660890
221.506775
189.834065
194.414653
196.029156
216.526101
203.026429
220.499526
198.671601
183.029308
180.214423
188.407477
190.181747
194.329997
181.317476
181.368441
199.760341
200.379262
182.949697
183.006818
181.919518
181.931562
188.303683
190.075956
187.488368
188.949843
175.084317
171.263824
197.472702
212.936530
194.266355
193.794953
196.500083
195.408884
198.134514
200.300190
185.409923
189.957329
184.893959
197.886278
191.788222
183.240569
183.182051
200.726984
184.718581
189.335352
211.017849
196.347903
203.544471
197.152629
198.567419
195.966419
204.615759
187.183361
194.992120
189.184516
193.609731
201.551257
180.537798
199.430259
191.916411
192.054738
189.952417
188.625640
182.899062
184.860530
194.283009
186.597873
203.295323
217.034344
184.669470
204.854834
189.987162
200.527983
198.808881
181.976064
189.224607
198.007142
211.686009
181.143832
179.229684
189.800141
198.849529
185.789949
182.319113
195.195204
193.261912
178.666014
177.586093
193.225580
204.932311
188.579500
191.371547
187.538214
186.642075
186.358977
188.081618
182.988472
186.315713
181.951749
191.204210
198.694026
185.653635
183.739440
187.443237
195.140842
186.292753
187.299144
187.127226
188.628679
182.526836
187.919564
182.497153
189.204061
183.066922
188.381286
202.776937
191.691131
188.188995
181.137594
181.221499
175.795009
179.239275
198.748640
181.039028
176.768285
180.207013
189.036300
183.557192
187.449724
186.550355
188.332748
188.348417
183.556343
175.710822
197.708942
185.810044
176.750551
178.761472
181.406095
181.387932
187.278775
179.611413
181.359971
180.542769
182.151317
202.060133
174.003801
173.389356
179.174181
179.291502
180.203708
180.922823
178.549439
173.627428
172.605798
179.584849
189.512643
168.423183
184.609467
198.359846
197.237760
198.283482
187.903235
187.645323
186.923266
192.451465
192.332373
199.434558
178.672915
187.226948
178.692642
186.188720
189.015732
188.756869
188.103212
205.007526
189.283429
195.203903
188.282960
187.162758
181.866903
183.665200
181.887403
186.608573
195.244124
188.370772
183.978795
189.286077
188.903917
196.124397
193.393306
194.340400
211.247272
190.283157
194.543851
196.415875
188.070348
183.029548
199.030998
185.479076
190.997705
190.939640
208.081551
201.383503
180.434192
213.232688
182.862830
185.809678
183.580499
191.017971
184.800768
188.229179
193.879401
199.301908
189.107972
189.844618
200.086073
191.034930
184.563634
196.271253
190.288986
190.919161
195.956310
182.933122
183.985313
184.705517
189.147230
195.486712
195.700938
171.861604
176.265205
176.071128
177.763262
182.925548
182.871531
196.702586
193.528594
198.708229
199.870661
192.017685
191.798280
191.073945
196.679243
191.033361
185.741219
185.456806
175.313992
187.354658
195.549991
193.197918
186.947330
193.015789
177.805072
177.991882
172.760128
172.622228
177.668885
199.117740
185.689476
183.388436
185.736968
183.328990
190.597747
199.064959
181.120720
187.236568
176.054233
182.225070
185.344516
180.469356
186.391871
186.049972
181.080714
185.510868
175.035903
180.522715
190.485270
176.932702
187.427993
187.447339
191.611964
193.943303
183.798870
181.423732
190.536003
178.760202
181.384049
185.806849
192.221564
186.285063
186.206807
196.349796
198.625643
189.208372
193.568493
203.817715
195.360582
190.811471
189.234298
193.595915
203.780797
198.644437
202.732296
200.378806
200.329016
198.248336
193.597766
188.321165
190.675413
187.209015
204.606972
189.702915
186.152506
207.145427
206.435096
185.392656
185.368420
205.209398
191.554739
190.806433
194.099488
189.940693
189.917265
209.802333
196.146071
195.396248
194.238417
191.876302
200.823382
210.917213
195.427147
193.383352
193.286409
211.653638
184.607701
190.752677
195.300300
197.913176
203.039909
175.811334
175.532558
189.013507
187.198818
187.156884
188.505945
180.956513
180.259515
184.824093
186.265488
187.797761
173.976176
176.530173
187.893476
188.801526
187.170826
184.702473
182.965147
190.514460
189.229972
183.713349
183.816569
189.239599
177.110880
177.052189
177.940991
178.695533
183.784822
187.796338
191.078467
194.334442
196.086975
191.365448
198.772567
188.715719
190.430436
197.725204
187.338493
191.630406
187.178779
184.701006
186.568639
186.174704
187.349003
192.197660
193.287836
191.556108
191.021925
189.176200
193.537395
193.056968
189.273434
191.600034
177.875519
179.710289
190.124034
190.271612
190.939254
208.323610
185.469158
186.570745
201.358354
189.663013
191.325900
197.678151
191.639197
193.269220
181.414680
185.471913
184.634861
176.237761
179.468941
175.931596
178.734266
179.428131
180.155294
196.718898
192.262847
193.545040
185.431379
186.155590
185.437727
187.088972
186.370875
185.465914
176.948050
176.215828
182.354085
189.241504
181.351275
180.605079
186.124127
183.955521
184.030087
183.148024
193.542733
193.679508
201.118661
186.384346
188.108676
188.786492
186.275860
175.216249
177.001305
198.400347
200.051304
200.789835
179.372131
179.495301
178.405558
184.052162
174.910127
186.316416
187.021906
192.191870
188.041252
181.990244
194.923212
182.561479
182.566028
199.002320
179.568715
181.430225
184.918325
186.725564
182.322211
188.460571
185.693337
202.638721
196.516071
195.319022
187.087609
186.364860
181.314332
186.769010
187.406099
203.574556
197.497313
187.119015
185.252453
184.684407
187.107318
192.253009
189.866650
189.904931
206.415430
184.764110
184.173382
193.784693
183.543982
191.840659
183.583870
193.194343
181.904467
188.453482
202.980020
188.461667
188.466937
178.488472
180.328048
177.896751
180.297892
187.790498
186.182939
186.594048
182.914446
185.659255
191.057390
182.605972
174.183609
173.362053
174.923078
169.812120
181.157308
182.132007
174.011621
173.331677
178.820067
177.793026
188.832136
177.869384
175.770495
175.090772
175.873693
169.826967
187.224026
179.263594
180.994258
197.630572
174.158896
173.337737
188.836068
180.361862
178.562515
179.254951
190.012614
179.600697
180.319999
179.328045
197.911123
180.307475
180.537984
186.176427
175.883352
180.002559
174.891245
180.993728
180.384178
178.470481
177.791164
177.819433
178.463441
177.852780
181.278633
175.231960
188.144444
188.812852
183.242250
181.839795
204.773254
183.957104
184.624195
178.311199
196.829135
176.908744
184.045267
183.431969
202.840988
177.173065
175.210341
178.553898
176.073595
189.155619
185.373875
193.010383
174.412435
175.089440
175.412717
175.140224
175.871576
174.879774
176.860750
188.935628
174.390422
176.196569
175.420279
176.129956
166.671456
198.613811
174.937735
179.297448
174.827815
176.635138
174.200226
172.741518
183.504408
182.748489
168.925581
170.630558
168.977993
169.709162
168.108576
168.907352
168.146398
169.707346
168.139752
168.894343
181.180494
182.934552
180.453365
181.074708
182.140656
181.417389
181.032836
182.754943
181.998307
178.495390
195.068815
179.282730
179.566164
191.720589
194.080472
178.430896
179.144346
179.480474
190.270158
190.559795
191.515370
181.352163
179.722465
174.323529
173.576686
173.571501
195.190940
181.328983
179.597591
183.932875
184.987999
183.160427
181.354608
174.408217
176.040959
186.073121
185.155510
191.351546
183.681552
185.003707
183.994292
180.024743
181.827083
174.475883
175.153555
185.473155
185.562350
184.333340
184.324935
182.268183
181.964119
181.975933
181.584883
186.899840
193.821103
186.104460
185.054884
191.326374
181.640540
181.696209
187.086869
187.186104
183.601652
181.853617
182.474530
182.808472
200.536023
199.763302
176.010246
189.963587
191.781268
207.481908
185.628364
185.292485
180.305168
186.090772
186.425920
184.385002
185.451344
179.321471
184.726573
185.693470
189.653626
181.152357
181.062185
197.776539
182.195605
188.853298
185.358606
190.493008
198.679347
207.931175
193.345973
200.099958
185.801204
203.921103
187.567950
188.272673
191.634520
187.577118
193.679206
197.559886
192.356723
187.326933
192.817047
193.925610
192.664892
187.564131
193.012814
187.298049
191.318536
204.167005
196.688908
195.629726
188.466157
182.172138
185.398693
196.601006
191.505381
193.444956
202.767339
180.890344
186.224553
192.318184
188.141475
194.331087
194.318784
194.717592
214.776179
205.089130
195.581398
195.212727
197.071333
211.967523
189.979428
195.326577
191.002319
194.613989
195.535727
186.332981
195.442868
200.544365
190.729339
192.449351
194.246866
199.116528
208.403894
186.466499
191.804090
193.424876
189.849933
199.702040
202.041871
193.729143
198.744531
197.669555
197.633095
212.475544
205.928856
189.533464
184.974464
198.006808
196.865276
189.189558
190.771265
182.236922
187.683819
189.461391
185.060698
191.951274
199.781943
197.659273
191.076284
193.581303
184.020437
189.512290
183.298388
188.371331
192.552096
194.258546
195.324671
210.588587
188.474824
193.906195
195.511823
191.855227
193.476039
193.627918
191.561055
181.397163
199.171646
191.660160
197.119691
193.502465
205.025588
182.982123
193.400728
188.841903
189.717915
204.499700
187.858474
183.065438
183.704021
188.103724
181.485111
187.104686
184.040652
180.349339
186.434830
194.706046
180.207264
185.649606
186.680516
183.170902
193.250688
181.642130
187.055299
182.255135
194.028344
204.562891
192.488655
178.545835
177.521444
183.992624
182.967224
195.172231
193.072263
196.807800
190.177132
191.781057
197.861380
197.865270
189.949518
184.417414
189.877534
184.057961
186.129067
180.636742
186.097225
201.345435
180.363487
179.277318
193.156357
204.145378
213.539625
223.975424
201.241675
189.603583
188.594847
194.980864
187.600489
193.246322
187.777201
189.625440
190.531549
188.392624
186.704301
183.461898
193.418315
185.855074
184.767887
193.416569
194.165025
198.620112
179.641840
178.606003
193.213754
195.268151
206.646649
197.929833
207.669065
185.946060
196.259689
198.081575
213.742265
191.927572
191.347920
206.199813
185.193313
194.383313
192.100033
194.603187
190.821938
199.695387
198.709932
215.345226
215.366376
193.594278
193.257454
193.370921
213.524403
204.936241
193.420393
194.238866
193.624943
192.641186
199.565123
204.324390
189.033476
194.300790
177.740876
176.705999
191.340207
208.308384
187.253866
207.192891
188.819686
184.826667
189.890887
215.383501
177.786276
174.189664
180.770836
176.109995
176.040449
175.754113
178.241553
189.156503
190.500473
177.699558
181.597841
183.200718
177.684244
172.531424
178.219904
183.493669
173.244752
184.944991
182.488480
174.302257
181.049830
179.350674
179.285420
180.071699
185.268314
180.750970
174.277169
184.970072
182.098084
175.933176
190.545795
175.093835
174.772324
191.154812
170.742891
181.267242
187.077725
175.801213
180.812111
190.122109
174.249532
175.092315
178.904303
169.794825
181.286473
182.055987
184.968872
173.280854
175.058893
162.182145
168.928617
168.977777
168.207478
169.617097
169.606416
162.228797
186.896083
206.246209
206.316482
184.541606
187.030651
185.268779
200.184932
188.117628
200.188204
188.149104
188.302821
184.544808
189.872871
201.836773
200.828978
175.024657
180.514333
182.615556
186.478295
181.772544
182.823007
183.606174
187.156665
192.571666
197.491992
194.636156
198.155395
182.707403
173.974066
179.877045
188.592539
175.912885
186.181447
182.035099
188.655032
179.112048
181.877461
179.407553
182.523551
207.715851
209.570929
196.389957
195.634539
197.616162
191.332737
198.827028
198.898636
189.326593
198.603408
197.963962
191.744995
198.763216
193.521582
198.718480
200.662818
196.075509
194.164085
196.853293
196.103311
207.473660
204.667066
181.076426
179.088496
178.352083
207.671817
207.705359
194.118626
178.641145
194.947473
187.622131
196.055273
189.365840
189.234765
198.658839
193.393733
204.803510
182.963148
189.085259
202.744233
192.649177
199.920645
188.029824
197.259715
191.720370
205.180762
190.248550
190.591908
190.804745
200.456344
194.158479
188.001467
196.640993
196.283564
190.977225
198.764184
198.764583
195.512025
194.372683
203.222708
196.742169
195.992725
207.448411
204.556720
200.394588
194.027467
188.088915
190.537722
196.712925
198.652076
192.316020
188.786734
188.825524
210.700326
208.292686
208.219524
205.284447
189.591643
205.354844
189.559508
195.191371
186.624353
187.112810
186.464711
186.503827
194.031579
183.960132
185.474361
197.235740
197.957495
198.331208
188.762186
201.867357
189.891100
190.913072
190.952810
191.703482
182.858608
189.782332
189.122206
186.511031
187.176836
186.479585
183.215705
184.489388
179.849532
202.530674
202.652240
208.016193
189.261151
193.506742
188.951081
188.252464
199.692118
190.911009
191.398893
200.907529
188.942478
189.914268
189.953982
198.854189
190.711631
182.969726
188.287106
182.111501
188.209783
180.167402
186.116942
192.306188
186.030535
175.128090
181.233738
181.511047
182.521050
186.408859
180.324603
179.763818
182.937818
189.768167
189.108006
183.965740
183.751388
170.824328
174.388818
180.427943
175.044553
181.148881
176.989297
182.167161
187.167114
186.037243
180.196180
178.052369
176.875674
184.655389
189.849496
188.407488
186.536232
177.223063
199.532496
193.288121
177.939308
180.609743
192.843926
175.351607
217.697299
210.676475
209.627347
207.464010
205.710605
205.090471
211.304305
210.219683
208.088873
206.526700
212.077489
201.816725
212.027859
205.343051
210.736830
214.206204
214.206209
218.167441
226.788782
205.441829
202.140949
215.966572
204.379036
201.027351
207.028968
195.705866
207.017443
199.186932
204.571940
225.122422
222.567253
224.875970
222.566222
205.064480
203.575357
222.182062
222.173652
204.328752
227.014766
208.228153
196.919357
208.219405
200.402073
205.788738
203.967967
222.222606
208.403150
212.690064
207.448891
212.832859
205.050452
211.059660
205.872378
211.360647
210.536054
215.290304
212.725757
215.278765
211.323249
201.039722
211.316012
204.489651
209.960625
209.340525
201.675900
197.490629
203.172991
202.400234
201.198583
187.955194
214.830221
208.591797
218.034820
218.033303
221.791967
211.373075
209.067295
211.255859
211.324136
210.962278
212.899256
206.962724
220.194148
214.807239
220.242653
222.541095
217.957945
222.550355
210.314626
214.702597
212.546554
225.136079
207.683472
208.709945
227.987962
231.468178
210.751928
207.638608
216.288941
205.933704
205.933267
196.160902
211.154323
199.047471
198.319466
206.257233
195.118765
188.089833
182.412194
184.856965
193.568179
203.440080
209.163399
204.623143
196.274662
219.792142
189.001544
187.119243
202.881815
185.320795
189.896046
188.499175
203.170581
203.085044
193.238591
194.756269
215.475815
196.196784
197.670034
186.649755
196.874678
201.532799
191.323403
189.459733
190.318272
191.260360
204.697662
189.458494
192.375051
193.848981
193.055257
185.060795
201.829228
208.901235
204.396478
203.298627
209.453312
206.138234
205.366454
197.200464
198.415988
203.335172
187.139743
192.488197
191.179310
185.007754
197.843241
180.611869
211.043432
206.499786
192.351023
216.069391
198.546070
196.993153
191.798821
192.382577
187.200606
192.758116
191.955719
206.879598
200.975841
193.347743
192.537841
206.742901
193.507440
195.672053
192.075360
190.314558
188.513429
186.760078
185.463891
189.131742
186.600521
185.368901
203.853578
201.238983
192.976876
194.150459
195.137127
198.272548
197.217158
203.774914
205.411129
213.323735
190.864702
185.884384
186.331551
195.424571
192.695205
188.162290
197.970498
203.914516
203.066217
216.891201
194.049926
195.929687
199.593850
209.487011
204.099345
207.341180
208.446568
207.109468
227.352745
198.289689
215.589125
216.796647
201.553515
202.333688
202.308882
199.013370
202.841772
206.840538
224.180182
215.989321
214.381830
212.562003
198.892450
204.914790
203.910828
212.433197
203.912397
203.332471
215.405092
215.364343
225.087583
224.372235
226.771025
225.044406
225.000943
218.173202
236.937832
226.517671
235.642548
225.254711
218.361741
207.423950
206.222445
209.342157
209.432150
197.487904
190.019567
200.623045
208.210317
212.170229
207.239783
206.322662
235.676764
215.315043
216.560094
207.878784
207.876903
220.246170
227.305763
220.245773
197.487773
202.033073
192.283666
190.953487
203.033074
217.517620
220.089993
222.898272
229.729829
228.400400
227.734189
228.355300
221.527080
228.819849
229.998481
227.605136
226.247777
223.617590
212.832127
216.189307
218.660107
218.755628
219.746162
219.841671
222.064813
222.254888
227.276438
226.103494
224.553770
218.762295
218.718200
222.183121
229.594620
217.200992
217.107050
220.464782
233.901186
231.472342
228.720597
230.394569
232.788615
231.206597
206.214017
230.115198
220.969292
220.874194
219.788140
219.882749
218.825023
206.386285
211.919178
212.080303
202.938861
211.995883
223.959587
226.777087
223.968707
225.007098
233.533629
205.622725
215.048120
211.155835
211.328421
202.176126
211.243996
216.014227
214.154865
211.896218
218.913778
218.788478
208.866276
207.230968
212.354785
214.634930
204.216191
210.417520
213.079697
204.158634
212.454615
217.635822
211.445540
217.673449
216.596521
205.567979
225.862710
197.179321
206.555653
204.542328
203.387224
223.891245
209.301168
211.957443
217.507413
201.752489
211.127716
202.030962
209.125329
208.002652
206.799733
210.276285
203.499958
210.083191
209.443390
211.522045
201.846307
201.820179
202.562653
207.725664
209.662912
214.012005
239.728669
211.232753
210.137481
207.935924
229.418409
227.880394
225.563215
225.532136
228.871908
228.828908
221.223089
221.217631
214.858949
209.248146
214.217232
205.234716
220.173945
220.168867
209.729573
226.410752
209.823995
208.132767
212.554757
227.871823
221.430542
215.767200
221.463584
217.935075
211.381370
213.584497
209.155523
214.678051
220.185692
210.585248
204.770454
210.961968
203.339385
198.954934
223.517971
204.115529
209.621036
210.843509
200.667804
210.810793
200.368970
205.874696
207.107670
196.922069
207.074950
208.440727
207.440488
212.724561
212.861134
205.053983
211.098268
203.960670
222.995885
212.661197
215.273875
210.432527
215.242912
209.115856
208.077079
199.272303
204.693478
207.009976
195.792505
206.978756
208.299142
197.518002
221.635850
201.114189
190.594011
196.817046
197.024752
197.920884
206.690112
200.124904
195.824989
200.175623
195.280124
196.053177
205.731912
205.284360
203.678784
199.263160
205.196070
194.530992
197.519608
194.176912
195.964554
196.762879
199.235378
195.607046
197.245751
195.606613
199.949510
196.392162
195.383975
195.742148
196.281310
190.916566
192.045750
196.837056
195.680926
195.697903
194.751319
205.098218
190.100100
201.648494
200.524778
194.305389
200.177640
204.958449
200.370879
221.335497
213.158247
219.987156
225.654231
218.643020
224.567221
223.513981
225.379758
232.112874
232.253935
220.223294
221.377299
210.933394
217.129463
209.354268
215.782687
224.359903
224.228019
233.782379
222.518877
223.143619
222.612148
223.273376
231.381024
209.191749
209.804886
199.141449
196.370079
202.907969
203.543852
214.413030
215.583504
203.089418
196.993193
208.872929
208.452910
209.705952
209.346684
222.625490
212.144168
211.655535
206.643687
209.998277
217.290450
219.677951
223.537832
220.926920
223.446153
209.171175
202.791202
210.400271
208.472282
199.553013
213.407699
210.230121
212.263727
224.580366
210.349795
207.777246
222.314820
219.960814
212.972419
220.008293
212.924165
224.708098
222.310220
227.250001
228.594732
200.635094
204.166003
198.361202
194.241113
197.088330
199.307965
199.285928
206.452292
202.117062
198.668830
188.581094
194.705614
201.715426
207.192159
193.891761
188.410114
198.311422
188.254796
194.168873
190.208148
190.181200
184.320684
186.208145
205.079492
194.630755
189.828607
191.663920
199.923932
190.358669
193.220393
199.596485
191.482379
190.108504
190.267836
193.041209
188.671462
189.391777
204.993090
199.441142
194.980873
189.515207
191.029606
189.181642
181.757098
182.466153
186.372692
181.987572
190.503625
197.509466
194.294288
183.563653
184.434689
181.956638
181.249242
180.754255
201.047312
187.239084
181.055362
175.014496
177.505761
200.764248
186.969054
187.673799
188.411489
188.001055
188.751954
193.392861
189.570100
208.316056
192.395431
199.427687
207.709517
205.592532
171.880032
170.777468
193.327663
171.529337
179.726250
168.403192
170.939880
179.161367
169.178124
169.228230
169.674427
170.721484
178.734860
180.305711
169.062603
178.069339
166.564368
174.178775
171.786021
170.724974
181.751671
181.107209
169.771765
178.752122
168.954514
178.062925
186.025351
183.457367
183.457666
182.267543
194.662952
184.452817
184.453925
199.274312
205.581457
208.488361
204.323143
202.719726
197.209763
194.053846
197.897409
197.280920
197.804288
202.064712
199.310980
175.318872
182.849418
182.849697
170.848211
197.378800
173.672127
189.220065
189.034453
181.576164
183.304188
189.217238
178.147948
193.169012
197.391267
177.137832
184.331882
181.383272
184.324409
179.470448
179.422752
178.826896
182.596548
187.290805
186.038644
184.754964
188.624804
193.846848
181.311099
182.352499
182.899301
180.924048
195.530396
190.214025
195.004140
188.281413
189.037645
187.220460
187.906237
187.897808
187.318803
187.318838
191.926812
192.029093
191.277115
175.716748
192.325062
174.946501
182.899105
175.791126
175.020966
180.286427
180.378261
181.113887
182.802195
181.792750
181.133340
181.189367
182.054360
182.865565
183.601315
175.943443
175.651892
195.631490
192.714488
205.022092
204.913171
207.102059
195.639914
192.679917
205.034776
170.933262
175.260736
198.856756
198.947288
197.576231
199.024447
190.291714
190.222250
201.055721
198.877625
192.655475
199.213957
194.939816
189.242683
197.459985
205.722715
191.132879
194.328782
194.168319
196.452468
190.753776
195.839902
185.777051
189.286118
199.487560
197.230583
190.328634
201.268119
195.828921
207.001715
201.380789
221.325776
198.825755
191.143755
204.233923
197.101996
190.993352
206.157312
198.779925
196.994390
209.410448
200.736051
209.660152
202.566379
209.573925
202.356602
202.283527
198.980340
186.846892
195.566738
192.654879
198.770785
192.660360
217.544625
204.806085
204.980215
197.169870
197.990177
196.196336
201.177633
198.492224
194.427915
187.545129
195.129131
189.438147
194.546778
194.990340
187.511741
200.413418
207.660592
192.848299
189.632765
213.205772
215.475145
212.534077
200.005585
206.005220
198.813677
205.932699
204.776417
204.868535
212.352455
213.266677
215.536083
212.536829
201.070113
198.812849
194.359068
203.945542
206.062751
206.222152
195.431379
193.570474
191.641915
190.854576
187.201223
185.422707
187.884871
204.976887
208.169269
206.693820
189.071765
184.668263
194.734427
197.272347
194.654548
196.452619
194.699462
188.403651
195.949634
192.516257
190.283395
187.954640
196.879855
190.053082
204.244471
209.095930
197.367260
209.330800
194.254979
192.781271
193.505264
198.802993
197.328836
198.051964
205.922313
213.791766
204.610064
204.823237
185.732316
202.295340
207.338067
189.547757
216.279557
213.537238
197.409701
206.812883
207.708102
217.864640
187.129458
194.451647
199.032470
196.271066
191.700265
205.611872
213.361217
203.196193
188.681389
204.209920
204.086249
198.356192
193.220094
189.089014
197.404715
206.478387
193.871398
191.547760
198.168584
190.141318
204.580429
207.163422
210.429927
208.582326
210.201664
211.338669
201.213531
204.585458
208.665401
193.031295
199.489812
196.243635
208.854847
209.253107
208.189484
207.362658
215.428071
208.725462
206.579188
217.160666
203.239365
203.764964
205.488694
203.421483
212.419873
206.250465
196.919434
202.332513
198.794875
224.984774
210.568982
208.115381
207.290076
208.546713
206.422765
207.135314
217.661000
202.085090
202.696013
204.337176
202.264909
201.762347
197.150747
197.645559
214.192937
215.926434
209.333040
200.350305
213.971223
217.894903
215.917742
203.739538
217.911401
214.844445
204.777807
204.881320
195.159502
196.879609
196.060940
209.519226
206.705419
193.341286
194.348597
186.000870
196.478645
198.267022
200.865353
192.133435
216.965048
217.030736
195.130140
195.666242
197.280627
193.469937
194.653073
190.249896
196.314415
201.230780
200.014897
198.063706
194.436224
198.989439
193.667048
194.604209
192.361411
197.458819
208.395790
206.545151
193.106490
195.520535
192.176675
188.953707
190.351158
194.858297
183.735051
194.096027
187.992694
187.917071
193.994117
194.017922
187.519688
201.446375
207.627222
210.870136
198.538977
214.255048
198.615772
197.880686
218.989534
211.436419
213.259703
203.115541
206.389849
200.220577
196.920151
206.924076
206.790334
205.591745
209.375230
192.313014
206.598010
206.620079
207.899729
198.124238
199.872070
199.848532
208.547286
190.430366
206.387577
205.723014
200.489684
197.081012
196.332877
196.291303
200.903459
191.989894
206.832333
200.210587
208.157286
198.425016
209.004665
201.957194
201.921332
217.850396
204.383448
202.908768
203.631820
214.450143
219.462970
193.249873
184.247790
186.165941
220.720610
218.553619
217.369231
211.805154
211.767794
211.054266
197.558571
213.316179
202.600762
201.025915
195.882521
195.898074
202.225256
203.832301
206.571069
214.888629
220.394255
210.904293
222.232099
216.700526
212.316699
212.153843
209.581795
230.154040
220.972668
219.565838
227.061594
205.932603
211.435988
209.335192
210.445335
215.948489
209.830797
205.498172
225.957019
208.380584
208.854491
208.849448
210.004197
212.539650
209.999162
212.534596
211.115501
215.466383
207.492341
207.550050
206.215139
218.666316
208.911086
193.962859
184.046381
184.724054
198.864413
185.020668
194.037933
184.921753
208.014969
195.160477
199.605251
205.615837
209.003395
212.378673
194.124103
210.946970
195.203007
196.513698
203.550287
205.914203
206.588741
196.240152
210.247446
195.724001
197.460477
195.752390
195.850760
198.282225
199.048519
201.549916
206.736320
198.170291
206.007722
206.156112
203.594055
197.908025
203.094005
197.784077
188.453604
204.374573
197.792313
213.432196
192.753106
198.765926
199.120431
197.810594
200.434224
203.551185
205.948612
190.474384
208.168848
204.250001
191.162842
206.145748
206.623652
196.993028
205.904307
192.099163
192.199452
199.131247
206.829799
204.670760
201.763014
196.564563
206.737651
198.528894
201.094675
195.871714
195.754004
206.790275
200.484529
195.810453
195.891073
191.010713
191.111254
197.319568
205.269222
206.941603
210.977459
201.333190
197.192696
195.951059
198.962784
214.498477
213.601475
203.644337
218.333805
209.884295
198.615573
202.605342
201.238683
196.108136
197.200756
213.049649
211.543156
204.171914
208.364438
212.004483
206.214191
205.008047
207.197202
206.906159
215.298814
212.498731
203.938708
203.950859
209.820310
213.312147
198.544740
197.810149
214.298118
198.557621
199.249485
201.578445
198.344477
196.114284
200.670107
195.751008
194.852829
212.576318
211.503486
193.229079
202.458630
212.779767
195.165996
196.853834
195.033983
201.027967
213.943204
193.646475
198.314012
197.971526
215.362512
191.604881
196.364093
205.750770
194.974996
205.369134
197.980086
194.043881
204.705822
199.811123
199.751833
201.675970
199.589480
190.467749
195.949193
208.008139
215.464372
192.667995
202.500844
195.532306
195.541118
189.665915
207.845585
201.633079
201.609536
198.618304
202.440137
192.290531
217.303173
217.223642
196.265181
200.867639
195.233857
206.244235
200.580778
198.094723
191.602032
197.817409
201.614379
211.441667
194.007133
195.275611
197.447375
204.557512
205.868487
200.278355
197.867944
195.039046
207.037405
211.172885
197.318338
198.554568
196.977673
212.184048
213.374513
200.819945
208.194584
202.690297
205.559809
207.310573
197.044429
207.763874
210.167613
210.152290
204.020362
203.792033
200.342429
204.898276
199.293764
196.883069
202.709714
198.197853
196.298771
197.533688
195.959485
199.786741
207.037218
201.516734
205.106184
197.059917
196.361991
216.780705
202.230005
202.347547
200.910045
196.260514
196.383693
198.818415
196.260712
194.640512
195.832730
196.073288
196.479144
196.831342
196.045992
196.051019
195.856785
195.033143
194.597883
195.272709
201.356178
194.598473
196.993948
198.854391
200.244294
199.648596
201.381934
206.079662
204.373360
195.871890
202.625521
201.313233
206.163478
208.108649
203.524330
207.995262
195.173421
202.084789
196.012449
208.055086
196.136876
201.374753
200.324646
209.827517
192.099866
190.230023
195.610472
188.390789
196.131367
201.349409
191.340415
190.591427
190.134437
192.567689
195.796037
190.219012
190.332898
197.748592
190.775162
185.824638
200.334062
188.256049
194.092223
201.556273
185.907496
197.044252
190.228023
185.915931
204.497715
213.296786
204.618310
212.567580
204.308173
201.752281
197.407729
198.872534
198.955139
210.459225
201.173008
200.487005
203.115877
212.643093
200.758604
198.701152
202.951056
197.837159
211.330979
196.842724
211.299568
211.301197
210.228719
210.136624
212.414535
210.260856
200.758688
186.062391
186.062395
207.413386
205.271051
202.545586
205.356383
205.279402
207.498960
198.169155
209.581042
209.583986
205.279181
192.451647
206.626522
191.310690
191.309430
197.063058
201.423891
201.396006
206.593958
207.701940
210.721470
191.393918
191.394520
198.788710
200.404706
203.438185
194.254971
190.484357
191.493206
192.221361
177.174067
182.967787
190.520656
184.913823
184.914187
189.501216
191.183590
191.158023
201.936724
197.760345
204.056762
195.190452
191.566740
191.414720
195.319703
187.338302
190.433765
198.824707
200.016950
198.902583
198.901674
196.341699
196.309235
204.377721
201.374392
205.094632
202.059784
203.698246
200.587995
196.477713
199.825294
192.459841
193.207557
194.847964
198.847651
198.775457
202.540124
217.024641
201.295340
209.152464
199.630231
205.166328
208.516440
194.276958
201.204413
213.335167
201.808016
201.574584
201.578549
203.067073
215.664184
202.389516
203.403139
211.056432
200.134731
201.184972
213.376981
190.923170
204.234618
212.496095
197.031798
206.106880
214.344238
208.678481
207.655392
214.163953
214.720650
213.172378
214.637806
220.112679
209.708301
198.858308
210.194691
202.714405
222.564375
203.553259
234.962682
211.131134
211.727373
208.774803
207.748313
219.973787
217.752726
217.675290
217.803796
216.638788
216.689488
206.598097
202.349879
203.405566
198.350377
212.148548
217.182707
213.104919
205.963799
201.471199
203.371677
212.030320
210.130791
210.217791
216.172611
208.238647
199.804212
207.148940
211.688454
206.166103
210.464866
216.268159
198.104601
208.611907
197.228615
208.495429
206.684295
198.435474
195.994403
206.684702
210.891372
204.282182
203.192996
210.984053
220.462048
204.112286
207.799104
208.816773
204.976642
216.938271
220.481643
211.589528
208.225001
210.562801
215.988665
220.438073
212.172463
212.769471
221.497452
204.236333
211.398258
212.817460
212.855894
194.540912
196.336695
194.395747
211.154257
208.515948
197.241592
208.426032
211.193723
222.963974
197.528126
204.630618
217.962424
217.926076
226.196523
233.002932
198.078370
203.183950
201.971872
202.106029
211.190803
211.193444
210.770926
205.348319
203.560689
204.355034
210.825179
210.792852
202.350783
205.359213
203.664765
207.534365
208.559534
199.564967
204.364813
203.234290
207.432891
206.304884
210.847118
217.664169
204.260745
203.211578
200.894605
202.799882
196.696071
217.500879
217.790598
215.902098
203.622925
201.860566
215.238163
202.253115
202.917053
200.586123
211.574750
228.062221
210.534925
208.979836
213.536898
201.216519
198.945492
190.153253
198.295968
217.887027
228.579098
221.244718
221.246072
217.888897
228.673550
218.601513
223.872235
218.506530
223.918530
219.759712
220.725233
221.810902
221.740533
222.826815
230.551972
222.773663
230.459174
221.728015
222.574368
233.265489
232.947799
225.931066
227.258050
226.077484
223.686356
223.914957
223.819353
218.387851
220.780170
231.994918
231.934727
223.310886
224.603242
224.603880
221.015670
219.687194
217.046860
219.595579
220.822906
239.053835
241.405645
190.814864
197.453533
195.454225
196.706176
202.923693
202.037592
192.277182
191.678200
190.215781
190.972976
178.965353
178.869630
176.303389
200.132005
185.260385
184.473915
205.094828
202.208708
205.899293
203.860744
198.150625
201.977917
199.988820
201.029978
194.608606
201.573805
198.266842
207.474594
201.736055
203.318132
201.961101
196.456186
191.177900
202.247654
205.971210
203.943340
199.065024
198.238081
202.135837
194.636756
199.070153
217.473955
201.105921
194.686396
201.617352
191.237255
191.264499
191.291704
222.819281
226.922454
233.683256
207.952563
205.236489
211.176281
210.210584
207.361434
205.001029
204.462546
210.586013
209.618122
208.543413
206.620444
208.622806
212.894417
222.810200
197.461904
206.802595
191.201703
186.370060
206.454760
202.235536
224.652125
220.547490
231.583466
230.805383
232.618884
206.218875
204.098375
208.430766
211.280888
205.770416
211.566772
202.322146
211.576781
208.302349
210.220535
210.137713
198.165036
197.885889
208.271047
208.218279
217.425355
217.463738
214.700136
211.734047
211.546870
212.536241
206.571691
201.752755
205.462368
211.580118
208.723013
212.011774
221.634801
203.471744
209.096253
207.573866
210.793270
212.378229
220.017598
215.019053
211.302263
216.061055
207.881347
221.674004
210.943338
218.358811
213.185129
221.283614
206.588342
216.801647
207.572243
210.739282
209.041313
201.364738
208.796197
210.034841
215.541797
216.832496
210.786291
207.526437
214.084892
217.669177
225.737056
214.970452
211.481540
197.273783
216.836047
208.476199
208.504764
208.565837
208.605143
202.927566
209.661372
200.751928
206.171546
199.575169
210.683136
205.093914
203.895916
211.422908
216.632264
214.542945
214.358767
218.812405
216.315793
218.585346
217.354375
223.076083
212.105543
218.612914
218.731610
220.854301
218.080432
213.144624
221.092808
225.953652
216.545543
215.330850
208.723153
215.475139
213.944012
214.356886
208.932329
215.884099
217.273006
215.992382
212.294213
213.022230
217.033082
214.634594
211.802401
222.133042
220.018203
223.474601
221.051382
213.069480
215.455613
213.230402
227.472672
216.603858
211.943941
216.607450
222.905498
211.714952
206.174457
208.633290
204.944160
219.415211
220.910014
209.810351
185.560309
207.305669
222.568649
206.669552
209.972089
208.381264
207.423747
200.440571
202.521852
199.257656
202.106987
190.326593
199.795400
203.766916
201.706135
201.123680
199.408144
206.169929
191.071543
182.851953
181.040454
192.307517
203.476518
194.480603
195.794154
206.852776
199.926215
203.976184
202.231985
201.640054
200.750337
209.599459
210.044861
204.509190
210.143267
201.062131
210.058956
212.340562
215.633630
212.272388
211.199251
205.516096
207.223127
208.424876
217.363575
211.788124
216.276334
216.193478
199.282504
210.478673
208.346309
206.225261
210.821366
205.466234
213.412889
216.684617
213.306072
212.233203
199.800219
204.761498
203.103384
205.200274
214.737640
183.908798
205.703448
201.204475
222.107940
210.042517
204.593976
214.789900
211.298750
201.114470
211.215833
210.400891
214.922215
212.638388
204.824163
204.603363
205.409102
212.437689
217.243818
213.735398
217.153321
200.615978
205.578712
203.970386
206.067003
216.572029
208.342799
199.182482
204.254320
202.483672
204.693102
215.187057
197.830497
185.605804
206.295310
201.875771
223.485281
213.384229
212.260016
222.313600
221.289161
219.839951
219.903213
191.082225
184.695729
184.796474
185.489668
186.765953
230.308652
198.743049
200.531946
199.799634
194.588081
194.264287
186.418573
193.472589
210.765723
199.124414
190.196698
206.257530
202.954657
181.150387
199.546398
199.341785
205.355648
205.353569
188.804845
186.963685
201.911500
186.550935
194.072716
182.908416
185.348311
182.994399
182.194865
182.865536
182.790445
182.866433
180.569931
180.901446
181.697491
189.956048
190.680804
182.468888
181.407037
192.387234
193.065320
183.443179
183.051576
192.354808
194.003439
188.119496
188.853890
181.637780
180.875290
176.792518
182.218804
184.006998
178.583230
176.035925
175.289714
186.162917
184.304331
183.585981
189.132023
189.834304
194.085221
188.290724
189.963228
189.903489
199.366348
199.197955
190.223320
191.318496
179.329510
184.898990
185.599630
181.895635
181.097833
181.691076
181.764361
181.270926
179.752958
181.592324
180.391504
190.598304
190.584140
181.604365
180.414801
191.236292
192.220866
180.373170
182.958985
182.129204
182.055465
182.198937
182.193160
181.122850
193.385053
193.545099
211.624693
202.975840
198.665941
223.582968
223.400274
207.689836
209.535895
196.785728
193.019864
194.681072
213.593508
210.725002
195.605322
196.675691
196.427355
192.342945
198.686332
198.729949
191.085732
190.064227
201.372144
208.244621
200.842586
196.510107
207.778240
199.131339
199.200922
196.906311
204.424186
206.699942
192.964773
203.923757
202.234831
195.927638
195.918202
209.919853
192.408423
195.374752
198.349234
198.827963
198.820845
182.698969
180.957499
176.799497
184.420690
183.349394
182.193954
183.939899
177.186218
182.786270
180.316852
181.165732
182.074651
179.601569
179.706351
182.953660
181.105190
180.343218
180.304566
180.404009
198.810263
199.366465
198.619842
195.851924
194.260040
189.265565
211.312350
194.602770
194.578448
187.291034
199.355762
201.053068
192.629863
194.237988
210.040586
190.899465
199.626040
215.283493
186.946696
192.505553
209.723058
205.736484
190.950016
213.071410
196.264588
192.364490
197.892338
195.238807
193.440629
189.659070
193.604260
206.376971
202.084479
192.919474
187.453145
189.898451
189.096482
188.245985
188.078356
183.333944
183.422014
204.404242
184.919062
176.156283
187.241662
187.858335
184.073290
181.581829
185.456164
177.060155
175.357157
183.562664
183.659015
184.351859
175.347471
173.572554
186.114653
186.807329
184.355749
183.742369
184.393792
184.631615
174.373037
180.570323
173.640906
184.225996
185.322173
189.885291
176.073052
181.529238
181.451180
181.191116
179.730849
179.652169
200.885828
203.673918
194.302615
191.493755
188.337531
198.604443
204.659380
197.591094
189.290438
203.216098
203.208654
208.044471
194.442001
195.169211
199.001116
213.064120
195.787569
197.409720
206.837239
202.111232
193.316655
194.984137
196.361831
197.087734
201.016797
197.638741
204.029485
193.113344
194.754783
201.957255
204.785880
195.441882
196.166469
199.990606
196.815430
198.495205
203.153667
194.357299
196.025762
192.011274
192.769317
194.501428
201.087584
192.278236
190.267661
196.712419
194.207236
200.404064
193.271244
191.190754
194.296815
192.181065
197.502241
215.713626
201.128499
190.124145
209.680669
203.370073
197.808626
177.701858
175.215351
175.051285
176.853581
176.905854
176.143272
186.343893
173.556496
178.532365
183.508235
176.138599
176.834185
180.180865
167.451389
166.529723
165.823750
182.974785
169.351791
168.383552
205.220322
208.399043
189.067484
189.698000
187.891697
189.031946
181.743468
187.373834
188.190438
188.192338
190.649642
186.337114
186.412166
192.383860
186.496105
186.564084
200.077400
186.842891
197.901669
198.311240
195.903105
192.603438
197.408503
214.551863
215.817016
183.671107
199.437983
186.833224
186.754959
187.986561
189.063438
183.643386
186.622901
181.863854
181.842321
187.324910
186.201946
188.182108
190.556215
194.249236
187.414373
191.847021
189.193046
191.536823
194.232795
187.313141
188.383578
176.875839
180.951103
182.688648
183.516158
178.576771
186.120401
187.760623
188.704414
180.411257
203.071292
193.600945
199.681538
199.756730
200.535678
199.730976
201.035670
194.610209
204.039047
193.381863
201.812739
183.728975
200.006257
194.955964
195.129860
188.130000
188.039306
180.249125
180.254250
188.083944
188.811561
188.042947
201.414065
203.409831
195.135630
196.665371
196.865500
190.678359
189.908960
187.430910
189.939803
187.447369
194.317117
194.268293
191.877833
187.547636
193.095062
192.430601
189.442973
187.663727
192.363431
179.326242
186.776063
178.779646
181.708971
186.166785
184.691722
188.235582
180.385603
187.906196
188.419191
199.320267
177.613454
181.745533
175.534235
182.498090
177.766383
181.068161
181.126601
181.299275
189.329183
187.232046
185.743713
195.730634
197.995841
188.531062
190.630072
182.151423
182.683390
187.181606
187.241244
207.865729
192.363960
190.656061
192.391049
210.380180
175.127557
180.540774
188.060961
189.638186
192.360938
187.129203
197.740104
181.651137
181.262863
195.137436
179.008712
187.595939
188.121724
197.003299
191.661737
206.542360
203.471084
176.163061
186.914128
175.850431
185.923278
186.670280
184.036645
180.449179
185.868786
187.565221
182.892815
181.850710
191.577932
196.608827
192.599984
192.545136
188.240836
182.831733
188.304215
189.209411
184.535738
183.457159
198.260220
186.966913
205.618383
186.198421
184.039565
189.749023
179.677779
184.603771
186.358445
195.009220
179.495623
180.135669
181.126561
192.568857
183.635094
189.029709
199.717126
188.160775
199.772171
195.075616
194.202009
205.897766
193.214504
192.418193
187.030684
173.542672
175.417242
182.699170
190.636832
186.201209
201.127805
170.059915
175.494953
174.247972
180.776698
198.054578
186.910914
201.078363
186.142199
179.869112
184.260622
174.424414
190.492347
180.439724
180.368229
186.114801
192.264397
181.236930
182.230393
198.569454
183.063847
182.968005
189.108578
184.083327
188.213652
196.023804
181.784872
176.223194
180.236333
173.830931
181.381307
183.084740
191.310647
188.116197
188.834398
188.086273
187.031512
188.058449
187.328427
186.998855
183.677342
182.928797
186.308555
182.896669
182.168149
186.275643
197.829576
180.736289
181.462216
190.626137
179.713573
180.617143
182.318780
195.165567
190.594889
183.583228
183.621739
186.067176
186.152302
187.049001
186.369040
187.278985
186.216139
185.572887
185.527364
186.209555
193.812076
182.569810
181.889429
186.170934
181.094901
181.050807
186.164088
167.436504
179.169671
174.206501
179.158697
174.151706
178.398093
178.378917
173.342899
173.337881
185.170757
176.565556
175.871346
175.132987
180.386249
185.043610
175.988628
187.141827
181.191466
176.657519
175.961630
184.721413
187.693560
186.307267
199.254212
185.510795
175.129276
181.259593
180.453396
180.108307
189.376629
186.367402
175.180667
181.281609
180.512728
184.679677
190.521512
175.145195
180.105412
183.125396
181.440007
177.041944
175.103122
184.140013
187.168539
186.047429
181.157287
181.942336
181.145431
187.979733
185.545595
182.789647
191.601762
185.512578
181.006688
181.008372
187.125403
181.781467
179.960191
179.114107
175.023639
187.157006
186.861396
186.596926
181.145265
187.253539
180.758537
180.117692
178.789192
180.422258
185.432778
185.549515
184.664229
181.129965
176.013862
182.170354
181.324615
187.881986
190.689093
186.858557
186.376069
181.048499
187.298637
186.084347
183.320705
191.641312
185.548550
190.969647
192.676326
202.724991
188.004690
187.957513
187.179046
196.918151
193.234703
197.641640
189.755049
192.537693
180.013575
179.215007
182.162587
188.298405
191.954986
193.964186
181.384357
187.520817
196.071866
185.736114
176.052618
179.437850
185.549545
184.695346
185.165861
182.134923
184.839469
190.281484
183.662028
180.375405
186.477176
195.000784
183.013795
189.153187
183.005290
182.896786
185.807639
193.191648
180.831943
180.863993
186.975840
185.457242
191.662094
190.548073
179.280189
180.010024
174.897968
178.414794
178.581946
179.311552
178.492801
180.156003
174.199845
178.443254
178.417662
176.966425
174.853294
179.964867
178.422540
179.115182
184.651269
175.135087
180.282003
178.509170
179.146237
179.168979
178.609279
185.277443
184.945987
184.294341
192.310391
185.613520
190.011621
168.135042
168.225347
204.497695
186.257618
183.361094
190.319128
179.235752
189.617169
180.329082
180.248784
180.224518
180.135472
170.026462
170.783032
169.086224
185.240774
168.957867
170.865421
171.660049
187.215171
190.118539
192.664173
190.856337
205.661482
204.900183
218.964364
194.919370
170.647184
175.073191
179.093603
185.275389
179.078133
180.122560
179.389443
176.137120
179.128643
178.444687
175.161252
181.021838
181.841265
190.465399
175.896959
180.369048
173.577716
175.229755
180.385021
173.619402
181.030817
180.092687
181.270448
181.179184
175.113162
180.226714
185.245250
170.386134
193.611025
183.576918
175.002391
175.103137
175.769676
175.890053
171.435472
169.786907
174.119893
194.194012
204.892394
206.885094
196.925592
196.914050
188.770212
187.998436
189.177799
188.337442
194.850026
181.120538
180.407874
179.425742
181.164561
180.960348
181.336785
182.766146
193.076857
204.948397
187.332757
189.484194
188.895496
200.235106
200.251412
187.052465
187.697365
187.246523
190.563864
193.461827
186.150572
194.774994
195.819387
195.230884
198.575453
195.151152
186.853221
186.765064
183.351833
182.734236
186.929758
186.909541
188.076573
188.548849
184.125312
187.836873
184.357710
217.079098
209.440427
198.361586
194.903410
203.286005
196.366432
197.201234
198.624148
184.191625
194.174710
189.380097
190.671868
197.269676
184.287282
194.270724
189.445945
190.770714
196.513125
197.646157
200.226356
195.573822
194.765409
187.590256
187.656606
194.494161
194.576856
196.850511
195.879303
195.162950
200.007934
192.966622
193.919705
196.826847
214.768307
205.763513
200.245422
193.747813
189.282183
194.767126
199.257040
195.455683
194.320459
201.467176
204.204259
214.980636
203.133258
204.184234
204.171727
189.044785
196.298343
189.158066
187.001763
193.478304
195.182935
189.505094
194.967940
193.374023
188.096276
197.943579
194.064468
196.310569
206.338105
201.878591
204.624491
205.759540
189.249278
189.763461
208.386105
202.237945
193.597382
200.680527
195.916977
196.739666
190.972896
183.972194
182.919019
201.038954
182.829539
187.613992
185.490235
187.545952
183.855348
197.583935
206.491620
219.583309
217.870391
192.405897
205.686862
215.082011
208.010415
196.313181
205.597977
194.537707
201.455081
200.704737
196.845580
196.095576
211.886518
197.474644
188.861168
200.522529
208.148303
196.478100
212.135197
206.052657
205.243932
206.598759
212.856286
195.226741
196.425615
201.711990
197.148885
202.721078
199.407286
199.509118
206.522545
201.705793
197.579321
204.698354
209.405865
207.588502
200.223565
199.501022
193.728039
198.580267
197.495963
200.805881
217.227028
204.439268
204.411308
188.427375
198.307479
197.105288
200.143851
184.306617
184.304854
196.764331
188.585224
202.672598
201.693440
197.999970
197.965930
211.523151
216.809859
200.684214
194.124037
193.674480
187.903859
219.444088
199.625287
194.697180
190.418789
195.903042
195.885431
193.746401
194.718424
190.053437
190.021600
200.085501
191.350202
184.200512
179.885198
186.688201
182.372406
204.925278
193.334545
204.344995
198.277263
216.824509
228.723690
232.248812
203.420555
198.889409
198.389667
199.794752
196.742890
190.531192
202.993885
196.439751
196.310825
209.577633
197.146966
201.485506
202.272634
211.616542
210.177620
203.530732
196.709665
194.912689
209.268072
196.683732
197.721011
219.886926
211.490405
209.941248
203.336576
195.838555
191.677058
196.566061
195.220646
212.512700
208.096854
211.991908
207.577402
218.023203
203.367272
193.327188
186.560622
187.278433
190.796998
194.105543
189.859616
189.201461
194.100289
182.770779
183.885736
190.408878
198.559405
185.257441
188.707390
190.672740
182.888536
190.229678
195.517845
170.833558
176.812616
170.838079
176.237036
175.066872
170.871075
180.953694
171.944613
170.051421
180.230325
180.192761
185.647842
195.956021
180.270710
200.547844
197.463078
205.667861
200.550422
197.465486
205.701736
182.002743
179.544428
189.726776
199.488339
187.525600
186.785281
219.521852
186.772418
205.752283
206.410165
211.540298
183.658786
183.889638
185.486181
190.711175
194.046797
184.861907
179.390574
191.687493
180.357739
178.578024
182.861837
180.283032
175.101843
185.297495
188.293922
189.005479
187.840505
175.999916
192.863814
187.983824
182.088547
181.918721
186.310541
204.272467
193.650644
194.394823
197.641181
188.219133
204.643223
187.739762
182.328867
196.635101
196.770804
185.483550
190.931923
191.438426
183.950993
181.432317
187.574464
198.746072
185.020400
185.616641
193.268080
199.298599
187.363411
193.429225
193.711008
222.013400
189.460458
192.288617
185.639709
181.289004
180.305589
193.355990
180.573242
181.412858
187.970817
187.234342
179.724562
186.411886
179.838528
184.356763
180.350671
184.317011
190.586651
178.408140
174.088387
185.352323
185.403690
186.926123
180.330947
175.980162
187.987016
187.250973
219.479287
204.936930
205.625512
205.678355
197.892525
192.268560
186.927782
191.708519
192.726523
186.955975
190.933259
185.604913
198.142208
191.623307
198.622164
187.172003
188.058598
181.794337
199.051096
188.095538
194.187630
194.389924
197.820260
179.561679
176.734406
187.834968
171.620579
171.697137
176.962689
183.098785
188.327156
181.335938
187.410168
187.225513
181.374108
187.394761
186.255313
175.960298
181.414328
181.280687
192.471357
181.359099
177.723408
183.861721
189.853403
179.240770
179.284618
189.724250
181.975160
180.994025
187.226254
186.244377
186.486446
172.330420
175.934017
176.636022
190.612757
191.418900
189.225779
182.844327
180.961272
182.449660
192.126117
180.302278
193.084342
186.432527
185.452155
186.635170
185.712615
180.338933
185.432097
200.876126
197.293171
189.923375
185.519852
186.817472
179.222241
197.546381
179.958193
179.258425
179.309252
174.819573
186.923073
183.615364
184.656973
192.127208
189.065056
184.445092
183.977910
185.773682
181.077393
184.704965
184.388280
180.052835
174.845071
188.607248
183.439298
182.061752
181.361705
184.291767
186.194020
175.939750
186.939605
180.172833
181.082514
179.177666
179.347266
182.054721
187.628611
175.261612
186.272488
200.817554
175.393082
186.282284
194.339739
195.180379
199.151197
200.280234
195.146863
190.299051
188.997052
194.592102
203.485068
195.978342
201.419751
191.391608
197.762749
190.208891
194.591064
185.620592
195.619008
190.137493
197.510326
207.342124
204.594134
200.375906
193.528739
197.219821
197.311933
200.513097
192.440356
193.197003
196.450786
192.421336
192.439602
195.692797
180.710692
178.118033
182.670575
173.866754
188.127911
182.321260
184.524064
189.872881
184.448146
195.967659
230.130750
181.285785
190.389629
184.997793
195.237907
200.257094
200.290956
189.365280
184.025736
205.007412
187.265071
188.418557
195.326744
208.889887
193.415173
185.935902
194.553041
190.594757
193.328583
199.830916
197.046915
208.587481
205.907460
193.303514
202.229084
204.804175
192.337585
210.843081
200.203389
188.949717
204.710578
197.934430
184.847208
193.853980
191.075776
194.862217
202.980311
198.123207
198.545803
198.765967
199.242202
199.172581
196.113485
189.335056
194.644221
190.372739
191.104783
189.332759
199.900485
211.413353
205.220669
201.404704
191.760308
206.741547
200.197574
206.353857
204.368153
198.914115
198.617564
194.733683
195.690042
203.811389
191.915690
194.591662
196.500475
201.091534
194.510137
205.996380
211.645234
189.443122
188.612323
195.357854
200.658116
198.539748
205.568931
200.040909
193.560880
192.455564
188.945838
188.187759
208.668564
204.557407
200.018790
194.351874
202.668495
201.225759
194.829313
194.859349
192.607299
193.625383
199.531191
185.913094
198.432629
193.254115
197.310182
191.895839
190.068165
204.397430
199.269146
206.171967
185.160192
197.735286
193.559362
187.338674
188.091631
188.003885
207.018170
203.948946
197.210347
199.454370
194.409752
194.459222
208.000652
202.703608
194.213181
216.044912
194.311368
209.180153
201.361875
200.523708
212.355594
208.316800
192.762480
187.869898
202.842602
198.817500
188.044750
195.309777
205.237501
201.206354
189.982526
204.870005
207.151764
185.813659
206.706748
204.777700
207.105302
196.932721
195.539947
196.298152
199.111107
196.174136
194.780875
198.351686
190.768817
195.755875
203.955328
197.753681
212.229664
208.272823
209.246276
198.570733
203.893969
191.152337
193.151976
198.197235
195.203696
198.074330
196.862570
192.558257
205.507043
183.096941
195.255089
193.317010
207.928854
191.687321
192.434972
187.396143
200.904465
193.769256
192.532167
191.475405
197.054750
194.987893
208.017478
199.310662
197.315342
206.526455
200.215659
224.653291
215.098047
197.316450
206.526706
209.725217
200.215938
214.459417
202.167631
207.757138
215.036927
195.378046
196.928064
214.379598
190.777279
202.519549
196.114380
203.246398
213.725737
212.660313
202.328268
209.316503
201.104406
205.640451
201.279632
208.307432
200.095833
209.843370
199.733257
204.239891
197.898621
194.649396
191.053666
197.208683
189.899625
200.214762
205.028098
206.615307
196.796521
202.043365
195.369787
209.945995
209.736630
204.832265
199.576647
205.691963
197.212565
201.592693
204.378567
201.231731
207.568878
207.565862
195.079626
193.609794
204.725903
199.368152
190.278410
185.008626
190.474804
190.936978
191.825289
192.152675
184.590150
197.480025
200.364121
203.835416
197.379293
198.247575
200.497482
189.206173
193.691864
200.453621
205.628958
199.559174
191.862504
195.829700
201.389204
189.229301
209.182608
191.182977
199.055788
203.134135
205.683880
187.416197
198.558382
187.427239
193.624277
193.602165
194.780354
194.488957
198.479686
183.052042
187.490086
199.272486
199.248439
183.156428
192.370446
197.475907
207.406887
207.980497
191.182234
213.553855
193.737405
183.000755
218.392985
208.814577
184.517199
174.632269
178.046946
178.915084
180.799938
180.864689
186.955211
178.180362
185.338585
186.503955
185.361183
177.519267
183.338808
182.383948
181.429021
192.444608
193.583490
191.427666
189.251085
184.859065
193.298668
198.483545
185.697198
188.029452
193.517202
207.440515
195.722923
207.379359
192.591735
194.988962
186.644826
190.216986
225.230133
206.697298
206.604613
216.086053
211.788901
210.603059
207.375319
207.793660
207.794082
208.786663
208.786274
202.965575
211.653932
209.135530
215.585060
193.183961
203.852033
209.708084
189.741444
191.106595
205.140550
198.856237
204.809524
201.263425
198.626645
196.358700
195.672214
189.332497
204.658589
200.559380
188.756665
198.880725
195.243771
189.875584
194.241359
192.380052
210.291338
210.344332
207.018603
191.036601
213.159907
205.104423
198.782963
204.775677
198.594585
196.316236
203.878175
195.597752
189.258325
200.488129
188.680775
193.086734
199.319421
189.698848
194.284971
178.265722
189.162321
190.939262
181.789076
188.089327
183.910465
180.253751
181.838814
186.775969
177.771324
183.891197
181.552256
181.910947
178.543918
175.978603
175.105149
179.381537
177.785076
202.270696
186.770086
178.446849
176.654688
195.528482
205.912467
211.004196
208.842599
199.662536
187.948155
175.244052
188.511102
189.297993
191.614517
187.633579
190.252263
188.477495
194.373155
183.030572
199.402404
188.701370
200.065327
187.148301
187.804207
178.708945
180.498366
180.498097
181.157656
186.400436
197.714861
182.214941
181.244790
185.570770
205.432326
198.184690
181.965349
198.154247
192.581603
195.070729
188.250393
207.221688
192.595804
188.813954
187.240412
198.280241
189.009781
194.185381
197.231488
191.545123
197.400870
181.874099
208.386648
186.589291
188.422301
188.465293
197.191292
190.845464
186.526573
186.611568
192.918304
190.651367
196.218156
194.482794
187.028241
192.593951
191.797024
188.580519
188.024601
193.910822
189.251122
184.259042
205.193039
183.703628
198.716535
204.637171
203.520395
188.395200
184.071964
205.086442
197.671759
193.917508
192.897135
188.138407
189.229527
187.281808
193.383196
188.074641
189.888436
204.444973
188.354426
207.912638
199.013779
183.746784
192.244251
183.747690
190.605259
182.927686
191.321384
186.181609
191.717394
190.155615
194.401759
194.263149
185.968587
186.030513
202.526887
195.570469
202.319620
189.748589
189.810638
204.867780
200.804359
182.646809
191.555213
182.766730
192.685281
187.931882
198.371089
183.669148
199.373964
197.627427
181.927193
199.441185
181.236040
180.547886
179.588366
185.365121
189.146855
184.079778
199.776901
211.714937
192.461638
211.075132
210.929608
184.902792
189.411337
176.044191
177.368454
177.245850
175.290118
174.414079
180.115219
177.520324
189.003429
183.757121
175.261386
176.642199
181.322976
176.521223
174.886261
174.143247
170.849050
175.280735
175.717656
182.210985
186.246421
181.427363
176.268699
191.369414
180.701464
176.875657
176.176134
192.429420
183.774125
180.324069
189.459824
185.507352
181.002164
182.066833
181.037631
180.842008
181.869406
182.039348
199.863095
182.779777
184.600757
169.854171
179.924524
175.939397
175.142294
174.255035
174.066809
179.616226
174.121151
171.624431
181.707283
177.778599
182.518271
176.907385
169.148003
169.944535
169.961306
169.920091
186.668875
181.148995
181.258588
175.056308
178.475509
180.812360
187.524173
180.150232
181.187718
179.379082
174.876496
181.796458
175.895839
182.177308
183.623654
182.211057
180.377507
181.665977
180.179014
180.880676
182.522422
181.222700
180.893253
179.422052
179.981475
178.444202
179.152010
179.478626
180.837723
179.559818
181.384884
178.590449
184.531133
186.215149
181.149932
186.985533
184.738228
194.145643
183.826246
184.505630
186.189427
176.710256
176.277413
174.182610
174.754552
174.675221
176.988743
177.298638
177.219241
177.356738
175.825753
190.429762
175.703676
180.870418
180.200995
180.203167
180.273960
175.127757
185.517226
194.767467
179.531959
185.548117
178.637542
180.946952
180.927571
178.486387
180.222396
181.226573
175.144607
178.483703
179.523809
182.390247
182.675237
198.459452
180.561521
181.285812
182.070116
181.911960
188.864065
183.702496
188.509309
189.445884
187.166849
198.683045
193.153948
175.844779
182.003724
187.872269
192.759606
188.009354
193.792100
192.022430
188.862587
179.709730
178.881837
192.455822
184.535130
182.162283
197.939396
190.657016
180.212805
180.824797
181.732249
197.839887
181.277089
180.882120
182.546131
174.246216
180.332388
184.822538
179.951867
184.782657
180.842609
183.987358
183.998022
188.843729
178.487618
174.873826
180.987968
186.184531
179.115385
190.994490
186.287724
191.983568
176.007010
181.723168
189.859409
179.477311
174.944909
181.023341
179.170910
175.246727
181.401178
181.017799
181.833164
184.782736
199.696140
192.557296
200.852316
191.852681
182.536912
192.841398
180.843153
179.534959
180.195775
189.880360
188.798903
181.290679
180.232824
180.582321
189.872241
178.648152
184.010284
179.952419
181.221381
191.654998
190.495382
186.492863
185.375446
192.028346
190.889757
181.936039
192.966476
190.828855
181.900423
185.548981
187.196677
186.161760
181.013583
183.734482
191.024927
184.411479
179.947079
192.311353
190.593357
184.533833
194.990281
193.105060
183.671635
189.853295
189.073958
186.446174
185.553462
185.764124
185.050850
187.118083
186.501219
186.259444
180.694032
200.390916
186.855975
187.245060
185.443836
187.801750
186.402598
186.899241
180.328616
185.806494
187.145553
187.725155
187.004021
185.626351
185.768912
180.352682
186.449765
186.374685
183.931136
185.444890
183.980504
190.980520
186.123766
184.592765
180.199925
186.388632
186.263885
191.619393
185.366651
185.267827
192.261104
186.017755
180.096924
180.934545
179.240544
186.144671
179.875256
180.100275
186.824972
179.151484
177.786214
179.598722
189.771719
189.765803
193.856469
189.694730
182.767792
193.924792
183.506584
184.124945
182.513151
182.890156
181.875270
189.767411
184.903431
187.243318
188.917635
197.494684
187.248990
194.762882
185.469236
186.213495
193.039911
191.065972
189.980171
188.015362
188.794628
183.644986
191.797112
182.071190
180.349209
189.842105
179.511278
183.367398
183.706662
176.027274
181.291609
181.303141
188.747872
180.647291
189.847509
179.645307
179.509297
179.504978
178.781399
179.432840
181.399833
182.335613
189.797811
181.612056
189.791325
180.426138
180.504932
190.958809
187.665052
228.149675
243.703473
190.412422
196.688035
191.031038
193.130491
192.401461
193.154219
205.901166
199.449376
192.225032
192.226861
201.106317
189.333075
208.307534
195.863234
195.098776
201.918531
201.288518
205.867545
207.423933
205.100527
209.407206
202.329101
205.991721
208.272218
205.192380
211.835267
210.447398
207.576710
210.132885
207.122250
206.375682
217.054692
206.993897
209.730090
215.202442
218.035581
224.671176
228.862362
207.605125
208.779226
209.897422
208.772159
211.908075
214.734819
213.147571
222.185568
213.293430
213.691722
219.709292
208.325817
211.492466
209.150518
188.041315
189.076241
188.003435
193.490194
190.835428
181.664598
189.684654
182.321065
185.765904
180.548065
180.447634
180.480325
206.630717
211.377656
228.170996
209.254831
207.749379
204.693230
226.629568
219.847313
205.257280
214.160889
211.850755
215.603219
215.148355
213.066719
215.602211
220.786608
207.506057
210.751788
211.913492
201.178352
212.442874
212.481937
216.257680
214.912374
205.059314
202.995607
212.636297
212.636389
213.755121
208.122948
216.298589
215.945569
216.891171
208.156159
209.275275
203.609515
226.289514
232.744551
209.515785
209.093295
214.135194
196.447397
198.846360
202.062518
219.643657
209.994653
217.666152
212.518678
212.380398
216.787243
218.628918
217.371464
203.899218
204.659869
218.328903
212.732659
205.145417
195.894290
221.897993
220.599960
214.158424
210.667997
222.994603
221.216871
203.677217
209.949969
214.888641
213.619810
206.433231
209.859096
207.251955
216.995806
210.397266
219.937084
206.830700
200.418957
208.024335
199.803873
204.713494
204.172929
204.183963
203.204702
201.279702
205.240809
208.557999
203.596846
203.229716
204.424912
207.211345
210.864188
216.374381
210.437893
208.421889
202.757369
196.694343
192.084218
202.136981
207.642135
216.703003
210.376678
215.889600
221.081483
224.821208
211.864645
210.857024
206.456610
210.061458
190.124948
189.762509
194.529911
197.802444
198.743259
197.619359
178.015048
196.110872
197.232773
189.697506
195.385786
190.838085
205.240653
214.816296
214.811392
209.626847
215.506593
215.467530
208.643844
214.791368
214.752574
233.659403
233.397897
210.510472
210.505741
218.918101
210.658959
217.873740
212.429716
209.927287
211.047500
217.686434
209.579089
216.644943
209.369064
215.395279
213.477912
213.124582
212.984988
217.838575
213.356619
214.611587
210.093656
213.669535
214.041323
215.294478
220.347525
221.627506
219.304867
210.035047
211.245653
222.831769
220.587218
217.564238
216.520567
228.006917
233.471902
195.658456
196.504386
195.934796
208.088209
195.609025
200.358066
209.851976
196.461893
198.895903
198.225640
202.569183
217.706950
214.651226
210.719403
218.353388
205.896712
214.844422
211.352459
210.023147
206.557682
210.015843
200.434067
204.216193
204.204239
204.761618
217.227937
208.128186
209.848433
192.626224
199.708865
204.019197
190.409926
211.304205
206.795877
203.304260
206.682091
235.157719
240.713590
251.505536
181.012645
175.077198
175.800402
175.031172
182.196483
176.496893
182.067293
174.655766
175.745721
179.293005
175.457493
175.872057
175.829275
182.276525
186.132010
177.829609
186.979180
171.940914
177.335059
180.106882
163.969001
200.470787
182.727632
183.406021
183.492714
183.472902
183.494682
183.819601
178.419820
177.993499
199.698335
184.837080
195.851393
191.657372
181.228075
184.954729
180.191275
192.504055
184.792235
190.807173
183.995125
199.462871
191.440184
184.628657
192.581900
189.756584
183.729635
190.435746
193.991775
193.250572
208.201698
182.457859
177.917276
184.106214
176.964690
194.107780
181.423389
181.351782
194.714241
193.978153
209.510248
170.047122
170.156036
185.312327
187.096820
187.026026
181.680651
184.285126
183.499043
177.355354
185.453859
199.283429
200.997638
192.805508
189.663812
177.961079
193.533589
203.057070
190.023847
198.897895
197.453859
195.795905
193.387447
199.142419
199.180644
182.152317
182.805186
183.680791
182.888527
187.490891
190.035327
189.222633
200.159989
188.256659
188.128324
200.057636
212.707546
185.703056
201.678051
183.870754
184.643102
187.053214
200.961210
184.640299
208.137114
189.455984
195.671186
189.509910
188.722109
192.405067
192.818315
187.914268
187.995274
182.917864
199.093713
180.339081
191.233648
179.775298
179.720858
184.738013
176.878273
193.082201
183.021844
183.254249
180.475378
183.316910
202.295867
181.083534
182.730825
187.419411
193.227672
192.303621
188.445658
188.643808
188.311953
204.658071
177.699282
193.875457
187.803970
206.831140
181.796300
189.877375
192.506342
182.823452
196.727320
188.130262
193.613847
204.671209
179.511484
182.550064
184.668129
172.602345
173.333455
172.632229
168.925094
168.127456
188.747710
180.242576
192.046933
177.655280
181.315021
180.527065
181.307319
186.258753
176.259127
180.729889
184.411727
182.884555
188.069296
194.587871
194.589256
194.716179
196.103420
196.174395
179.214868
179.904156
184.233734
175.141259
180.188210
179.142480
174.101508
179.427356
194.164370
186.411282
190.366656
195.882876
189.838408
215.351285
182.902318
190.699622
191.104159
183.988772
180.225570
184.634038
188.966730
190.127279
182.200849
186.881577
187.210858
205.435457
188.692264
201.396597
188.872402
193.960939
205.069475
191.933532
196.475911
192.163548
196.707430
197.601402
190.607531
188.388279
186.553696
194.418486
194.203939
197.825572
204.066011
188.407997
191.310728
186.635795
185.474512
186.310427
186.057164
191.068522
193.445979
194.404635
194.167726
191.708562
190.938613
195.118672
198.472500
205.352476
194.917561
196.056508
196.130055
187.984930
190.607665
189.928184
189.309782
180.571313
180.200276
181.106995
195.089022
179.514065
178.814256
181.167514
179.543747
178.803791
180.174217
189.686891
190.387243
189.707771
182.030304
176.852022
177.756743
192.487974
176.153007
180.959826
190.566142
196.600713
196.571578
189.094408
189.582929
188.634255
189.287546
190.718492
190.621543
181.338024
176.754052
193.260053
177.727050
178.495932
194.006714
177.486935
181.129475
190.225074
176.151958
183.111549
189.181248
178.103603
199.341591
173.486495
188.958581
172.509678
194.929536
210.473862
174.022058
175.073009
191.232903
174.755631
191.956328
175.732666
175.685352
174.992768
180.366719
181.108722
199.300799
180.944365
179.328753
180.603648
180.578321
183.818222
174.791697
174.105437
176.450454
189.558193
188.536687
189.226533
173.972413
174.006525
176.018629
180.678868
172.565130
174.974847
180.653208
175.141309
175.895396
175.150851
176.193491
181.062333
187.212513
177.351824
177.322974
178.443643
179.194905
175.638876
175.610600
180.178200
178.483454
175.607114
186.811759
175.578984
192.592771
193.508325
194.308988
192.516114
191.817295
180.261579
178.663902
179.236616
175.993727
185.213563
175.021611
187.133467
192.439118
185.851626
191.907259
194.738299
193.513293
184.565910
190.048741
195.249731
185.134393
192.575703
191.871665
187.539309
193.715085
199.586809
185.888650
193.471654
193.446822
198.974833
199.702709
189.144216
184.584828
209.281689
190.089127
185.515026
198.219773
176.403041
175.646090
207.208158
187.900380
190.050002
189.670299
189.712902
185.308207
182.703784
191.894868
198.153122
192.842309
188.792754
188.705203
187.868432
189.041705
210.696226
201.618194
191.925249
196.772203
191.976302
195.717171
193.041785
191.857475
195.718229
192.010375
196.703592
192.947483
187.934959
201.227252
189.113258
188.371192
183.012290
189.042622
177.501262
176.397632
177.410593
189.727148
188.975071
188.985443
175.856231
170.701323
186.873764
184.604928
175.075855
169.920884
187.101527
182.751380
191.397747
201.231395
192.490962
183.953237
182.250557
202.267180
183.744599
181.637773
183.339036
175.985662
183.615378
202.559749
200.863540
182.043854
180.306037
191.564784
196.789857
191.211685
185.732601
196.854769
186.385800
191.244827
175.332799
185.220669
200.171371
184.083236
189.233022
188.496972
189.429083
192.647727
195.066761
192.044454
185.784784
184.819707
191.673737
187.649205
181.062744
196.731266
194.386432
182.148079
192.713167
195.720824
188.046097
193.985981
190.183999
197.919944
186.688565
195.774171
188.393481
195.708616
195.135600
193.697008
189.121556
196.751290
193.803438
212.379772
189.938614
186.336649
186.585995
187.238882
185.568848
188.021543
187.228977
194.650193
194.649216
183.083740
184.138569
184.984056
182.378107
183.879049
196.241949
181.835111
201.921467
183.298247
187.811416
172.650534
183.125689
182.585683
184.250598
192.426126
192.499114
192.416589
192.456107
191.769473
183.966895
191.741644
204.675008
183.640479
183.684219
194.037102
190.859569
190.099974
190.069000
173.478863
185.855946
178.844128
179.463996
189.788933
185.822647
179.593825
184.750098
177.821273
178.720924
180.278976
184.734113
178.477948
187.692920
184.750850
180.293819
179.247933
179.249500
195.116025
180.559407
190.906855
181.787252
185.043959
185.933668
182.443315
180.585006
189.882178
182.488693
185.291176
189.536276
184.258912
180.449084
180.595679
179.581400
181.194944
181.345197
194.385262
181.391363
185.404535
185.405027
199.848357
198.747677
184.512276
185.552351
186.311449
185.598944
184.548038
178.826447
189.846477
180.615536
189.839313
179.534362
179.664891
181.340923
185.702246
179.513215
184.958595
178.845079
196.204008
182.313736
191.620300
183.521890
184.259488
182.413565
191.622320
184.220845
183.098397
185.549553
178.475153
187.733004
184.789537
179.558122
184.734576
178.756094
177.217086
184.762986
178.484490
187.669929
184.696991
180.281229
190.898663
173.421843
172.662162
189.599538
183.346183
172.867589
190.603963
185.004437
184.998924
195.131127
180.440781
180.541414
179.584002
181.260546
181.280013
181.263174
179.859885
188.852228
180.637138
189.871772
179.650112
194.432915
179.752444
181.360044
179.554927
180.545390
185.082467
186.109907
190.697105
181.109525
179.396471
191.536342
190.450328
191.558436
190.396437
179.364620
198.744307
179.684863
195.542100
194.782167
194.795401
213.440760
212.355472
191.862417
182.986557
190.698549
175.139103
174.359332
184.444735
186.125171
192.382919
180.243212
186.369736
186.276245
208.242460
202.778222
201.094233
201.736232
202.061182
186.433822
180.313276
187.015964
186.000092
186.284856
185.552534
185.521401
187.026140
186.301734
182.737272
182.649646
187.435013
187.417299
187.414496
187.582276
188.187042
183.035101
182.991801
183.251761
204.981708
187.287216
173.145628
176.961120
176.139231
175.391325
173.124940
173.178454
178.716355
187.382912
188.132672
186.627013
186.353847
185.656091
186.309324
186.342103
201.059008
187.341620
199.860537
186.895933
193.160343
181.089906
186.430919
181.018157
186.692541
190.634392
183.992905
201.283913
187.994358
187.327087
187.310330
187.628939
201.779946
192.405951
182.801271
187.312253
204.896598
187.522979
192.889517
177.707422
192.289113
176.836568
182.399245
186.287226
185.517138
192.073116
175.892886
190.540172
198.187486
190.647311
189.951333
190.369420
178.791285
182.049122
181.217093
175.266698
179.576469
180.776398
181.402874
179.869928
180.523657
197.346262
185.603153
187.070943
182.664630
194.104745
186.909841
186.173997
196.419138
185.366081
181.006741
191.553629
180.884242
176.457332
181.005067
188.779861
190.228319
187.141513
185.535351
181.136528
191.626511
191.705138
176.577897
188.796492
188.802687
181.969575
181.198767
189.835863
189.894821
176.214473
183.978698
175.508208
191.809131
178.837668
183.469213
203.513088
184.965082
193.290649
184.084757
184.111971
176.762856
184.470880
182.843359
181.084934
180.274706
190.363893
190.370067
200.737596
188.216276
185.396183
184.638205
186.453969
182.177022
176.148176
184.810005
186.035754
181.322849
171.988712
178.175684
181.083194
181.052175
181.889221
182.613323
179.439304
180.347997
179.791041
181.379103
197.830735
178.901533
179.547530
180.586546
175.090045
174.224082
190.717706
175.908905
175.223015
179.593973
190.539349
175.165446
180.492343
168.215456
185.178055
174.280301
168.926856
168.219823
183.293467
174.330347
179.945342
179.946750
175.061291
174.184181
175.806245
186.190765
185.773939
186.532260
185.817667
166.444925
165.665110
164.950685
180.125014
175.827416
177.513989
176.801075
180.160777
173.539723
169.092715
175.947781
174.276657
169.075757
186.390579
170.080600
170.729979
182.057075
177.716689
179.435215
178.685042
177.959008
177.661422
182.024448
176.965060
189.750730
189.822689
169.178677
172.822051
173.532424
175.165743
190.269435
191.026412
187.572929
191.113113
191.945884
170.932825
177.569761
170.922079
166.483314
172.364670
170.613730
172.645041
171.492158
166.503457
199.059243
185.165320
175.102525
176.887884
192.059395
181.196144
180.946123
193.200009
187.108899
196.600011
183.436302
200.253972
199.352803
200.915067
207.274699
197.470589
198.570229
209.199732
182.119225
183.271378
192.299851
186.345423
181.160929
183.231067
192.269349
191.506281
189.345186
190.195556
196.824795
208.170121
214.368104
213.850082
196.731416
196.693227
197.423140
181.333633
179.587395
181.395576
175.231526
198.436089
174.111829
182.406890
183.147077
182.403894
174.110119
173.372637
173.375439
172.668471
172.673534
181.435884
181.126935
182.229525
180.788766
184.072161
181.564573
181.531407
182.948407
184.027377
182.127700
179.492951
174.118059
173.309093
180.648855
180.651338
198.756649
201.921297
196.519586
196.488511
198.868657
196.798680
178.855152
183.831905
192.982159
183.076595
188.390297
177.752192
195.061488
186.042155
185.989024
199.325721
187.754294
187.701475
199.353445
201.533060
207.313810
212.947434
207.945093
207.983822
207.363101
198.350027
199.481525
206.579001
211.987430
200.345303
197.890605
205.990236
201.502702
208.327270
201.685218
198.288185
195.281324
205.336458
202.825825
210.231408
204.663367
199.007479
209.519719
199.244544
189.582267
195.559986
196.244400
201.615209
194.851416
202.814512
194.537315
191.490906
196.103882
200.343091
196.954132
197.569703
199.065848
202.343526
197.832239
201.436525
200.559606
201.084905
196.769043
199.517944
195.906166
198.484599
204.532658
198.498443
195.872622
199.475850
214.417550
206.997524
191.852145
181.972994
190.250921
190.893398
182.313943
181.064285
180.959553
194.350592
188.220052
190.856099
193.565205
204.809577
196.477852
203.820919
193.598814
190.879668
190.398456
194.844423
193.318574
185.763097
184.200840
187.257675
205.952576
211.084548
185.684121
207.717918
211.849552
231.810602
189.024971
193.483294
185.037980
194.179063
185.747136
194.162889
190.274764
200.115144
190.990519
197.405505
192.081993
199.503089
185.421318
190.209118
183.860183
187.814922
184.007967
183.934077
186.851524
185.764131
186.099906
187.603137
186.517082
196.205504
195.091826
191.157740
190.111760
194.794536
195.807162
190.404539
195.474673
185.429005
201.114874
181.982692
182.568901
181.275561
184.472591
180.765013
195.309765
185.601506
181.769691
190.500539
181.047692
181.526938
185.449365
180.543182
200.774979
177.510924
175.019328
202.278303
194.728399
198.239809
208.736014
207.566199
187.261309
183.244659
194.230184
187.866627
204.956718
203.825989
186.076936
185.846379
196.530871
179.784931
202.586689
184.045961
194.751377
187.773669
184.588594
195.216736
203.823403
187.162781
187.522670
199.342990
182.804760
194.187983
180.349707
180.578824
185.421256
212.760841
201.351604
213.378022
183.139972
181.298579
181.440410
183.966742
181.511771
208.866905
208.271225
205.569886
207.063243
207.104337
204.362882
202.727171
205.894610
203.895735
217.243075
209.700169
216.035634
173.549635
181.257708
181.157269
183.219601
183.773554
174.061292
174.083997
174.734924
168.020870
167.334151
167.338744
185.249967
168.841175
168.143808
168.085077
184.962352
166.612210
173.964809
174.070836
174.674518
174.757000
175.719392
176.389182
169.573498
168.901242
168.842506
186.662179
191.581247
194.827142
184.529625
191.188481
195.471972
182.243830
186.717009
188.134005
184.664856
184.995251
184.724158
187.062243
185.682465
183.916910
180.274568
186.203545
185.438549
185.727454
197.944256
184.200204
190.791226
189.069329
185.633851
190.512771
185.345575
184.308435
175.488166
181.687418
182.802782
180.878719
196.749010
182.019370
185.936718
186.456776
184.018265
189.823791
188.744998
184.824399
178.783693
185.853359
179.495212
179.498356
192.813225
182.490519
190.747878
180.825558
180.459580
184.837750
195.760745
181.632267
180.417373
180.827890
185.800384
180.914242
182.134904
186.575662
181.558301
196.812151
181.673596
191.901211
190.834704
181.413314
180.940731
181.736067
182.522903
190.283634
194.446991
187.102153
200.280000
190.844521
188.054787
198.245577
196.118296
181.009211
187.851956
191.711259
201.143625
211.554286
187.209506
200.851197
190.115161
195.461286
192.908892
203.777533
210.093279
189.093274
194.490645
210.107375
194.909560
199.479921
199.440997
199.441237
208.422117
195.462216
190.168049
193.912422
189.391208
188.616688
188.058253
192.984930
203.585927
184.073308
188.397725
205.095255
195.477904
184.292397
205.228459
196.758097
183.735649
204.663800
198.763448
197.989357
196.168447
193.652610
194.811918
191.579831
193.444644
209.377852
186.559974
191.119093
194.916625
183.910079
190.091161
198.790122
215.424942
182.091284
194.491305
184.682372
192.681447
194.225464
200.558489
184.824189
192.829786
190.193796
193.340008
199.636058
210.870660
194.700514
195.359238
196.248945
183.328134
184.082844
204.330655
203.294337
207.778097
176.960060
179.615491
200.131002
185.532702
199.404839
184.777662
196.924832
201.597587
183.230435
198.656832
182.815538
183.571059
182.792407
180.391286
181.075399
180.277339
180.278861
175.037453
175.807218
177.430862
175.061374
175.831627
191.320296
192.380191
182.140040
182.926678
189.580233
187.973223
187.981561
187.392246
187.340126
188.264237
189.020433
187.248126
192.892468
193.007212
182.711383
182.659172
181.022888
191.276893
181.754200
192.983532
190.943513
181.021913
193.076971
190.964534
182.131767
181.748776
200.932686
199.343048
188.852348
204.584933
187.990136
200.240309
202.122590
204.585343
198.955110
204.306788
201.781205
197.373082
198.869681
200.485634
203.114471
211.514811
205.120034
203.520492
213.381845
200.395741
203.207806
198.872589
201.007758
204.231042
198.786306
200.835123
210.301491
201.251816
202.853450
205.125351
202.317245
212.428318
205.035908
209.120993
209.159836
207.393838
212.599136
206.926807
165.784314
168.407523
169.919300
175.818817
172.824080
169.904802
171.053151
198.914162
201.055711
177.145451
181.625874
192.978237
198.858091
198.912137
197.576230
187.501390
178.446859
173.200648
173.955481
185.054723
176.005992
182.919314
179.372610
180.478555
179.513464
181.246096
184.397637
180.424775
189.642063
183.485171
185.836262
187.433112
186.637662
182.953758
191.601066
192.112146
187.102259
189.335463
187.603002
186.902420
184.560622
192.536832
189.800979
191.358533
175.883660
175.046230
187.074844
192.076638
188.578492
187.886007
180.252434
196.986358
196.915044
190.627360
189.776706
190.646099
194.576983
188.889541
190.732544
187.009673
181.317796
189.218127
179.539795
176.877473
174.239000
180.681965
188.879924
188.407294
181.300491
181.301713
175.851150
175.182353
206.812949
206.856778
201.788201
182.382139
183.147116
190.932627
191.681109
186.632769
189.440128
187.784511
179.069382
185.303031
182.618589
186.567966
186.933885
184.577712
182.352412
187.746745
186.089341
185.885073
190.714417
195.585433
182.136560
180.314404
180.604843
190.685664
193.877456
192.572392
182.169411
182.931114
180.587163
189.573042
188.032406
180.545181
182.534684
174.426034
209.927811
201.024379
182.285125
181.556434
189.875228
188.379683
181.564056
191.738940
182.822890
186.927765
186.971450
204.236797
203.480686
206.866045
205.414648
204.326316
201.077695
209.982506
208.853815
201.184444
200.461822
215.900253
186.297170
197.315793
192.008322
197.888936
197.810979
198.200185
191.949938
193.707124
192.230250
196.749381
198.869979
196.514404
210.063297
200.610634
194.604509
198.507828
207.116249
212.025783
205.978777
209.082390
196.642684
204.678770
202.657708
206.524729
196.796905
196.382327
200.771421
200.912555
196.768971
198.312413
197.568844
197.642441
196.696038
200.316313
199.656246
214.544993
210.058275
215.620952
209.956430
206.510742
207.573228
168.070038
169.842610
199.169212
193.993024
197.678386
192.521536
193.772082
197.173156
198.494928
197.864406
197.485917
195.408619
207.311774
193.606985
195.548078
190.201693
194.591734
196.226508
192.659641
191.917610
191.884642
196.208133
198.939970
198.618207
210.021747
196.483691
203.843924
191.616156
194.574219
203.742370
202.719541
206.042792
204.839776
189.948656
198.251522
188.387529
190.966465
202.217264
200.173403
207.399705
192.206155
193.827946
204.078945
197.374445
188.386120
190.047797
217.793161
210.686057
208.265787
205.222572
205.730811
196.425127
194.447854
203.898483
201.175653
203.813553
201.581522
202.739650
200.208177
211.287101
201.426637
202.174548
201.630647
196.556624
204.296549
204.957179
195.657972
197.798876
197.320591
197.319612
196.382850
198.467548
195.352403
201.596812
198.451680
189.217250
189.290580
193.137808
200.664977
192.498206
198.630503
193.171334
199.302823
201.386722
204.009383
200.557834
191.419501
192.170552
206.297035
195.763447
201.862049
191.083257
189.242638
198.754015
189.601981
203.975201
201.899455
194.147360
199.295314
203.986979
196.811293
189.210886
188.814916
193.552308
201.948532
199.398594
196.317709
185.846182
207.168958
200.374314
197.931769
198.682277
198.407627
194.243874
203.402301
197.573908
201.093069
191.995331
212.223948
212.271965
208.192849
210.923129
201.873835
204.608291
210.199181
204.580324
209.996311
209.188137
211.912263
212.640643
203.918706
202.155529
195.088028
197.809537
208.836285
200.696678
194.769561
205.708356
196.386398
194.021713
194.772151
206.064047
203.993214
211.019541
194.676025
203.950704
198.674339
190.282473
189.717882
195.741903
203.807795
197.502206
198.712170
191.348136
191.877292
206.965137
210.127498
210.100754
203.664172
208.849338
175.040613
181.700486
175.084138
176.582196
176.424916
177.171006
174.845496
175.494454
175.729022
176.496247
174.171436
175.852645
172.676417
175.058550
173.412921
169.543156
168.816995
185.299634
184.671607
184.707321
186.163131
201.782553
188.111275
189.561445
206.309108
187.004554
192.839779
191.633921
191.012642
183.966818
189.231566
181.375421
187.323111
187.286244
181.276678
186.100809
184.968309
191.716343
181.327045
185.728083
180.719759
180.881518
191.610317
190.591649
190.547965
189.106799
188.484479
181.479446
187.402619
180.747138
180.669400
181.446535
187.337681
187.393321
180.292838
181.006583
193.618098
199.818992
180.980369
181.276540
186.397666
181.405523
192.494377
181.420387
192.474983
192.541863
203.668248
188.433906
189.275860
203.694311
198.116253
204.704526
199.208547
204.801122
184.662819
173.993038
184.972687
174.984449
173.364266
166.543377
183.245348
183.276009
166.653044
185.228113
169.568899
184.077302
168.839423
184.247214
180.066531
186.171993
181.763913
181.051833
186.239206
184.362932
168.634777
167.601380
175.393921
179.456543
181.175219
184.604850
184.615604
179.455720
180.109416
180.425036
180.409412
175.009089
181.800696
186.951711
186.994398
180.821677
181.475048
181.051351
166.479005
166.478091
184.229302
183.159157
185.242692
174.321892
179.024732
178.039678
174.269232
167.471194
169.798230
170.590998
167.495181
179.269551
178.293979
172.507413
184.211524
173.249239
183.276948
185.957489
181.728846
182.450781
186.965507
181.700501
182.749214
181.765749
168.786236
171.540991
169.840097
180.019133
176.550229
175.119593
177.487781
176.751498
174.739887
177.473937
175.740139
174.373731
174.046726
179.977233
175.907970
174.142935
174.399309
175.129590
174.132303
180.034670
180.022537
180.020067
174.859293
181.781550
182.428501
181.721025
181.829661
182.772356
185.980848
181.856413
179.302878
179.981792
179.942336
179.980937
180.324006
190.572407
175.075259
175.419563
176.143598
178.443608
173.248070
178.784775
173.309568
173.339092
183.649941
166.691660
183.674825
168.931805
168.269906
174.903697
183.241675
184.380414
169.541101
170.570644
169.815859
187.964938
187.963761
182.846342
182.504553
182.796172
181.808517
181.816194
183.545512
185.027646
170.539883
172.567372
184.382057
168.794017
181.091903
182.164556
186.131912
180.863177
187.884876
187.220951
186.086469
200.378408
171.531309
162.217320
169.967418
166.721358
194.651416
194.742777
196.732284
175.912248
175.082590
201.228971
182.157131
182.814469
184.347786
183.113142
191.529110
178.652891
179.646926
193.163618
190.727576
215.075919
190.452839
200.986465
181.681493
180.915980
197.210364
185.781586
187.984999
195.551171
182.482508
177.057065
193.196197
188.744359
181.099821
182.178072
175.909658
192.013251
188.670141
180.363812
192.034300
190.892050
185.498496
180.541586
179.494824
184.076205
185.221260
185.665451
189.869041
191.490810
192.705595
190.302861
189.877510
195.325404
180.299150
180.300865
185.639448
185.640818
191.313244
189.119018
183.692965
180.753026
187.285922
187.363333
186.194912
187.964210
186.380043
187.145775
188.579910
190.259213
189.582094
192.059912
189.093792
194.493542
185.669146
207.482232
207.488039
185.495460
187.992474
190.451578
189.352149
193.499722
184.649622
194.176118
191.497002
193.500036
189.074219
189.455313
190.097842
191.780423
182.910710
191.579929
180.398156
181.121786
180.429700
181.980998
191.391375
177.016474
188.257802
186.309718
182.141284
181.748133
182.117148
181.267967
187.243834
180.998198
185.403584
181.580715
186.051850
175.196480
179.577451
183.248838
188.956409
181.195640
188.994999
182.248393
175.937180
175.951733
179.632872
179.663825
184.151697
180.158292
180.276671
188.047388
192.255812
176.954940
182.311433
183.117649
186.149256
170.857982
186.881057
174.904619
179.231067
180.011128
186.424623
190.131638
174.814736
180.139160
179.923610
198.432329
174.359955
175.087212
180.490732
181.254012
176.169561
182.394712
182.438844
177.020396
179.802147
183.930721
176.099560
194.325474
190.409662
190.409159
199.945512
198.824293
198.124875
204.525223
203.830627
212.402911
207.881100
192.698244
193.198839
176.429972
188.355312
188.243806
187.441476
192.562493
178.209069
183.375786
182.281750
180.858427
181.937888
188.222215
186.480451
200.623771
183.999871
187.294608
182.041643
188.298112
176.425819
187.554800
199.125258
193.412930
183.022671
192.347943
178.047165
183.211173
182.694749
182.052428
176.142773
176.830604
184.155064
184.332152
193.840458
184.378153
176.077457
177.152758
176.421022
191.650042
176.135171
176.070309
191.491982
199.312640
183.677518
203.056069
200.308736
185.988964
191.157718
190.020141
206.770720
190.177696
190.591714
192.812564
193.552067
193.599145
188.003863
187.775673
180.279864
180.980255
187.368804
188.079254
196.858515
205.653702
192.645323
189.565140
179.495600
176.245241
193.994977
201.151541
201.091456
189.573982
191.196245
199.251902
199.270516
181.333727
183.073005
195.665872
191.441617
201.170947
201.200830
194.414711
188.391841
196.099160
211.750025
206.418279
204.053299
177.641995
185.691386
185.721776
195.103231
189.530151
184.304609
183.011091
186.663388
195.733280
185.429805
185.358523
194.539755
189.136655
180.878230
188.292372
193.805727
187.129737
187.571920
190.079345
193.866745
188.232178
196.740610
189.739473
182.055990
175.878379
186.127352
186.127496
196.707299
189.808095
205.020641
181.986371
180.262956
187.952531
189.737590
196.057209
187.766064
182.799397
187.387034
187.907367
187.886955
189.821640
182.199004
177.556431
186.170863
186.112858
174.780869
180.904409
181.314080
192.314864
186.571288
182.982377
183.576494
182.084331
190.624672
182.980151
194.483806
192.275958
187.996235
181.954007
181.871250
182.038928
194.761314
194.692488
189.588523
200.785856
206.565709
205.974194
203.001336
206.374058
210.549448
196.207278
196.237060
196.178739
196.885625
197.639023
195.938454
197.962364
202.374863
202.299747
201.707846
215.066068
221.813272
223.668634
223.764088
223.764744
233.617844
233.579694
223.711895
218.431759
218.432268
218.433428
202.730268
198.472248
190.386849
201.217433
203.765545
202.748295
206.958114
204.713891
219.160870
203.707368
200.643942
195.477965
190.665663
200.058529
188.638168
188.163230
192.969785
199.821952
209.539798
199.938470
186.971668
210.334433
193.033806
188.638659
202.859572
204.673349
199.539469
211.427534
195.868229
194.086102
190.789406
204.055724
210.363134
205.109002
210.675651
205.689483
205.407476
190.747144
190.163955
195.043874
210.607356
190.163010
205.681407
190.214766
190.213482
203.058791
202.971873
184.843952
184.887431
193.966743
194.348993
197.896335
209.765397
191.095357
200.922119
191.123252
202.384660
202.169344
185.893911
194.811618
185.893521
184.876924
184.918974
216.811716
216.828438
222.754218
222.720278
228.772912
233.739529
183.068035
183.782360
210.862827
212.831947
206.890692
200.329297
197.700488
202.374086
203.491818
203.447897
204.363850
205.189092
199.127633
199.049710
206.585738
207.170150
207.163792
207.122751
203.446163
203.447615
203.453601
208.476504
201.073104
184.781947
175.019465
178.053997
175.136363
173.650771
188.980496
178.032712
193.346149
198.925313
203.602673
203.548229
204.614667
207.172689
209.438477
206.686991
198.717255
203.291310
201.375765
207.902349
190.333410
199.236916
206.604368
200.772948
190.333831
202.843987
204.986978
202.791020
202.748840
205.071164
214.252021
207.156364
208.843864
206.951604
199.995202
217.517556
219.458261
204.418754
206.679208
205.502165
205.573786
198.014038
208.960715
216.634795
209.361458
216.448476
214.035045
210.585439
201.124610
200.735427
200.692106
202.332875
203.016543
198.708322
198.054969
202.792271
203.942036
204.988655
202.750260
209.069909
197.508455
196.564148
207.819796
205.964710
216.521825
209.049517
197.947868
197.907751
185.786940
217.475093
204.493660
205.616045
204.493868
204.509235
201.156622
198.973360
198.643622
189.426018
188.324827
190.116017
194.579232
201.962791
191.684595
186.481101
186.409708
196.646514
194.319354
233.530279
233.703399
218.433405
182.159330
176.015330
187.209304
186.133897
182.094944
180.304173
182.080275
175.947684
193.554614
184.651319
189.019532
198.750402
195.198974
206.298702
202.878401
178.742389
181.119754
191.340497
181.150577
176.973296
198.739860
198.644022
199.312210
187.575796
195.271247
194.754978
196.491873
183.142112
192.316750
191.139608
197.972165
193.379166
200.855830
193.397645
200.798314
193.134932
193.070516
193.738578
193.836459
194.281485
195.217364
201.772483
204.668179
188.760185
196.028450
195.298308
188.389294
183.791439
189.489820
205.313875
191.179074
182.587314
183.680534
183.770257
185.547425
188.272990
190.139090
195.344315
183.945500
189.250934
183.007150
188.276914
187.319151
188.578258
188.449475
195.323437
189.282565
181.335669
181.333755
182.155353
177.658581
182.016761
178.442633
181.769144
176.661962
181.698891
177.414083
181.048624
180.386893
180.376577
180.977651
181.130097
194.921250
194.926030
194.713331
194.666955
199.872192
201.194866
190.295771
204.937760
194.583636
190.678227
196.374847
187.979047
183.625455
198.784193
194.971032
186.913104
181.022700
181.065569
182.750783
208.875739
207.024480
191.888736
191.175129
192.696695
196.159774
216.126316
195.431859
202.669956
209.756131
194.998328
214.080142
199.010434
185.711956
194.851478
190.124417
199.694855
192.509269
190.960481
196.676250
196.091177
191.788908
175.047571
182.917395
193.895227
192.225082
174.395768
174.347327
198.521018
198.858382
198.872677
196.144923
197.255840
197.093149
187.947996
175.827450
176.901440
176.151832
176.745651
177.148911
187.334750
197.150457
191.532781
185.354920
185.978197
186.280906
185.371844
180.930438
199.495016
186.509844
196.774301
181.300545
181.341075
185.658693
180.328757
180.279141
185.036201
180.561016
182.959150
182.206324
190.480162
188.085414
192.289917
185.549238
188.133683
196.025643
203.314219
203.904557
205.445702
206.672838
187.265817
188.920685
188.841168
193.442206
175.112108
175.785999
189.935676
190.614992
204.642637
179.797287
190.714995
192.661200
191.326748
190.574198
205.140333
176.902810
176.615200
189.705873
196.274349
196.867539
195.093357
195.683707
203.271010
200.040047
204.738254
188.071591
193.032011
193.383755
184.383168
205.017817
195.765020
197.862808
194.982149
201.129364
212.593012
197.806160
197.806586
229.158709
208.422368
190.583573
189.860254
208.828672
213.657014
210.624351
211.409540
208.165925
210.852424
208.655478
209.721984
212.069191
214.929904
205.946233
210.154891
204.514561
205.978024
212.068036
211.862353
213.849582
213.832783
198.773134
204.087524
200.663330
215.743317
212.014334
185.398813
184.629882
196.164989
196.092544
182.699250
192.775876
195.921444
202.920148
194.608423
189.725447
202.191006
199.370011
202.019319
201.186481
223.296401
205.705169
196.690489
196.721702
223.432961
202.787181
203.462589
210.654313
200.299051
202.011988
203.505182
207.661143
206.298649
207.363895
204.192888
206.072048
212.592792
199.311463
203.237509
205.024266
211.636070
200.301306
203.236555
207.004681
200.125521
204.192040
208.109991
216.014732
206.276675
205.725135
222.199041
222.292596
228.253715
203.375815
204.265151
208.526015
207.437362
202.340030
207.760797
206.668906
200.095508
207.218180
215.437844
214.285722
199.941287
204.344796
203.560646
205.022586
199.195327
208.068299
212.888808
212.465981
213.658272
210.944406
199.270798
212.981848
205.503739
197.577251
228.272203
225.938628
219.070513
226.857941
226.995476
227.947019
220.123308
228.083027
200.714927
215.923296
210.869214
214.950178
213.861508
209.682417
224.456367
223.201460
223.519987
222.079807
223.648263
228.089152
230.524319
221.212393
221.448297
214.825526
213.769885
215.911955
217.356575
223.718901
226.878420
236.569651
223.858203
217.356521
226.756684
218.442663
216.985993
218.445946
229.193959
220.360370
223.908193
228.993491
219.240663
224.034078
219.754751
217.047114
214.477947
211.019526
197.869834
198.618295
197.177564
200.302246
215.773950
196.843969
201.495052
202.173630
228.771738
223.403283
223.443200
225.835844
217.162161
216.062505
206.827112
207.346369
216.048898
223.988890
195.604420
204.005545
196.594373
187.858123
195.654745
204.963251
198.722652
205.015705
195.645319
198.684031
203.447143
204.727226
200.695434
201.187665
214.896171
206.330427
196.036378
196.027005
202.304098
193.873370
201.313804
185.650137
205.558313
210.798247
196.986593
198.500099
192.493808
198.873105
184.467946
186.201117
183.667162
185.774055
194.294685
183.511119
189.124148
199.481773
204.613152
191.968230
203.183742
189.233554
196.690831
197.175945
206.256337
197.055549
201.364786
192.820408
197.508409
182.223642
182.229704
183.877465
184.436838
209.195166
201.528645
201.540626
202.296712
203.762743
207.978556
188.548955
195.490028
190.464888
192.964551
188.588915
194.339267
192.879275
200.174901
197.205452
189.122528
195.371476
190.448564
193.524862
197.121906
197.139060
180.627981
183.294635
183.268926
186.923993
188.026581
183.209368
188.806965
189.442563
189.536758
187.791410
193.286307
199.666657
195.995000
189.493371
197.596398
192.285130
189.440894
184.967838
186.891377
183.247209
195.128219
186.533333
201.174009
193.537450
202.330532
197.706715
189.130338
187.454196
183.288340
183.127351
194.642378
189.852183
183.724137
182.928359
194.706828
191.285084
188.702522
190.660754
185.049863
197.051798
189.882561
189.087303
195.224188
187.982850
188.680317
187.638669
189.279936
183.396836
182.213516
182.584607
185.820004
193.384071
214.686451
203.009272
201.151446
201.402732
201.238147
184.543864
183.030954
185.332924
198.360244
182.747010
189.876801
200.749702
193.481199
199.073727
197.631171
188.273575
189.910744
189.239363
205.271566
189.669107
188.212124
204.672295
225.934852
211.358343
207.041711
187.328969
187.327084
196.373340
191.332786
180.606817
179.594202
189.626831
187.319049
187.391172
180.255414
192.020130
190.245094
187.814761
187.556277
190.025952
190.031813
189.303266
197.551047
202.695050
186.222622
191.270523
187.742076
187.899826
185.831000
182.141171
192.736049
195.848579
192.080746
192.717405
197.475995
183.112683
202.712326
186.083632
194.830794
185.068811
193.377278
194.245715
194.086599
202.028167
190.622494
182.334668
192.223238
187.789441
196.803088
188.514641
197.432750
182.325160
188.691382
183.031087
192.317774
195.350427
203.766601
186.475865
194.200021
194.880124
192.525107
192.463230
194.167065
188.284302
188.427046
183.237412
187.643231
191.343406
186.596963
194.866402
194.771914
188.874121
195.951752
203.405459
185.478896
194.264540
185.488757
195.224675
198.826579
192.495661
191.766664
193.464993
196.964488
197.081030
197.666902
187.283656
192.831210
190.940156
191.865977
196.831742
199.118798
198.054329
193.015601
198.115226
197.529424
201.185331
196.070257
190.525577
205.728169
197.114786
204.427513
186.294988
191.440093
190.722711
189.734280
190.879844
188.903313
191.487872
205.175811
196.905212
190.707568
196.392243
195.368138
190.626225
196.680819
196.924938
195.530090
198.653038
191.850282
196.168033
189.880255
196.081284
198.658945
189.888888
195.248376
204.246085
194.611824
196.884232
190.648910
196.324578
205.020002
190.604632
195.465195
187.239400
198.229340
192.270257
187.734364
192.044460
197.245427
196.603680
198.661550
191.796913
181.178440
188.203516
189.056286
187.939727
188.548325
183.557370
184.389529
186.231568
176.925609
185.410059
188.822870
195.404139
182.009057
186.837388
189.197905
189.625163
194.684713
188.784539
188.891164
187.334060
191.693520
188.007985
186.413992
185.762910
190.073935
189.741151
189.219007
182.786269
188.839576
199.169948
182.356957
198.042801
188.954340
187.806254
188.154284
187.579795
182.672749
179.951484
178.133685
185.515244
182.867882
179.828295
177.026650
185.425379
200.091723
195.305699
183.195341
183.626018
180.814153
181.316504
178.813131
185.884510
189.162655
185.176077
185.790345
178.708970
180.210432
196.949555
186.574473
185.832498
187.987017
191.274667
185.948679
189.530551
182.461069
182.491698
189.169144
200.865257
190.797715
190.523238
195.254588
189.627796
182.815990
187.637949
187.610851
198.674823
189.250261
196.314896
193.469093
188.357076
192.716328
188.312272
192.597028
183.149244
183.290449
182.030946
182.845776
208.315613
190.891822
193.364368
191.584410
187.387783
192.465553
195.252472
192.787643
191.611643
181.220260
186.304050
186.931560
182.531095
181.392051
187.281038
187.305534
187.617721
194.781376
187.999314
181.061984
175.190362
180.661055
190.265338
181.881908
192.308173
202.227976
182.989877
193.224330
177.950375
183.399385
181.449559
192.178624
187.112731
196.103957
205.639446
188.842923
187.330435
182.667347
177.671318
191.936494
185.541274
187.381222
187.336780
181.169209
195.146425
188.386030
186.614366
187.399185
196.041209
187.110560
194.624330
203.215394
208.411901
201.660590
203.180388
200.971390
200.575097
200.602298
189.868490
181.849859
206.732976
186.787466
195.386885
187.257419
186.545073
182.016753
196.716903
181.342503
186.745766
184.896385
193.064161
186.426111
190.114923
182.635908
192.796025
190.943869
197.656992
191.747361
184.217465
194.376336
191.515951
183.998869
194.227900
204.876703
187.697829
186.091485
181.010485
180.386611
185.864349
189.220088
192.117057
193.015528
203.765779
186.463408
201.817789
190.790193
196.311837
202.055621
187.401370
187.399969
181.137532
194.170320
186.336728
187.918199
185.454083
190.646115
185.743310
181.415046
185.065891
191.210954
198.325275
185.785908
181.344995
197.188169
192.764783
191.803738
190.569817
193.484561
202.583141
192.767263
181.529974
187.004081
196.989613
190.649941
187.315652
191.606646
182.415090
186.889299
186.068993
187.380423
185.372836
185.428305
189.841667
189.938422
186.167565
189.216617
189.900187
198.197562
198.223774
198.553277
186.448396
186.475498
202.144118
181.537154
186.973643
187.286832
188.866704
188.613325
197.575243
183.141918
188.669129
193.015355
197.882910
192.640894
182.422997
187.949951
192.290325
182.176273
194.028226
179.667481
182.923054
195.052875
190.687824
182.910105
198.018175
199.555646
189.766497
182.392659
194.567096
176.814023
176.815019
186.664368
181.201365
181.229555
187.233946
186.717458
188.963910
195.459524
195.448662
195.456679
188.757662
184.887095
198.674434
181.551942
185.940900
198.736137
193.998835
185.762639
193.497004
185.770752
188.609701
190.323801
185.444314
185.837078
182.227542
180.543637
184.957843
198.703954
191.674689
191.673588
193.203723
194.117357
188.417833
184.031882
188.377467
189.124903
184.639669
201.308127
191.532695
192.089852
186.459604
186.455530
203.134553
206.978357
206.327517
185.425588
190.038332
187.698036
207.958739
191.573146
193.396060
187.327845
188.011142
192.231412
192.104332
190.449438
186.576990
186.646274
187.500505
182.955095
199.548757
189.892670
191.072392
191.068168
176.070275
176.115900
180.545077
188.136450
187.208103
176.094008
189.139448
195.997800
200.040870
199.175468
181.527956
176.134585
180.563401
192.633923
191.665514
181.157289
182.217824
200.367404
193.833219
204.354480
191.405972
192.881215
201.271964
196.341649
189.842803
189.904416
200.355625
192.306192
190.540651
196.402646
200.213285
186.585251
187.324613
191.768707
191.698129
192.238475
190.503337
207.356864
210.212214
200.093493
199.017807
189.286625
187.543281
201.067834
187.577167
194.709352
195.375623
197.162569
188.979968
191.688413
205.609174
199.964510
199.957116
183.768081
188.230639
200.896529
183.247968
204.783829
198.204753
199.559592
202.435834
203.585781
191.578208
191.505710
183.380197
187.819505
193.266828
187.000118
186.396640
191.588089
186.526677
191.642661
190.917675
190.963875
206.507291
199.167320
199.609258
187.502742
202.565785
187.460341
200.522409
194.191538
187.652330
183.246681
199.033369
192.429203
198.711657
202.097980
184.756581
186.085116
186.456205
180.970400
186.387883
185.411220
197.525005
193.107452
180.293404
183.604540
193.793098
191.163998
185.701580
187.384744
185.679622
181.993684
186.400009
196.650259
198.521543
194.038905
182.237872
209.258401
195.055235
195.807597
184.561226
188.962642
195.207863
193.151240
189.155053
185.286205
189.899216
193.903441
212.366846
189.530414
184.753559
189.032947
207.285076
188.286588
192.361655
204.004330
189.855267
191.942674
195.106231
196.117801
209.892719
190.027397
193.421792
193.607613
208.205714
185.450237
190.101283
191.219837
194.304717
191.766794
194.525179
196.344881
194.431055
205.417364
185.526220
188.347818
193.353734
184.957686
186.110084
190.680535
184.745497
188.443510
187.618553
186.131767
184.935580
193.978276
187.079384
191.574954
190.613818
193.820827
190.046727
189.210608
185.628048
198.567494
202.318771
201.908467
200.467191
198.972396
191.640179
193.807762
185.492857
185.493033
186.652779
198.662376
201.510358
190.107778
197.855135
190.161559
194.303651
198.925876
200.448734
195.556377
188.205005
207.620395
201.427192
199.556112
206.429421
197.904520
192.777647
202.487574
197.358594
209.907661
199.035985
204.540281
195.516487
195.978863
202.298490
192.631234
197.243188
210.973795
208.970829
203.879927
202.835794
212.288802
217.268833
212.026767
209.875052
198.967259
205.302189
205.675533
208.522845
193.668979
198.282596
212.013981
209.009730
203.920588
212.058703
210.631680
199.724643
205.334420
205.707489
208.523153
189.642607
192.066644
184.182265
187.103487
185.355256
184.290214
193.281661
188.098885
188.330363
174.185856
184.828400
185.637350
177.717669
178.688556
174.267530
179.695150
179.641585
186.284070
199.259294
200.377543
181.474144
201.934302
213.235975
213.278486
214.139599
219.379544
214.183537
225.368785
204.871321
200.096968
201.165430
205.890156
189.235367
189.236038
199.249738
206.847472
200.988420
200.217248
196.553995
210.862780
212.831518
183.995372
183.010559
183.009994
188.807508
188.781272
188.193553
192.310239
189.182560
182.924034
183.985705
214.254117
207.127495
206.641050
204.679300
204.002870
187.920630
194.739468
201.464429
190.510400
194.786423
201.495223
189.401095
197.882631
214.091148
197.848967
206.265643
193.208032
193.562540
196.468377
196.370080
209.035553
216.364585
213.992996
216.326012
204.504442
204.491048
197.871306
197.871292
208.971825
189.381810
194.111741
190.460951
190.133450
201.188808
190.493791
193.809471
191.185896
199.779309
190.109894
194.115116
194.663735
204.365555
204.442700
216.435892
209.322840
204.881059
211.573399
201.383018
197.181151
196.923228
207.443376
199.613571
192.949654
197.137748
197.040656
198.237077
194.936371
199.612252
192.974847
197.071205
200.301282
197.998938
184.049093
189.354736
194.389632
199.816050
190.022553
194.507274
199.809065
201.357508
201.297075
189.840464
188.877091
188.607592
195.195354
189.202312
202.136787
197.932772
202.152283
201.162951
202.910121
203.221941
194.155007
189.472238
197.142601
208.009747
194.733229
188.219692
187.159927
178.685686
193.055859
191.974136
188.362858
193.255371
193.504328
183.824332
188.001537
197.769082
182.179442
193.382722
192.319062
199.432820
201.630026
187.550696
188.185502
203.708485
207.845309
193.273227
189.738928
181.188814
181.155391
181.640992
186.076590
191.618229
191.560708
198.681353
180.503712
181.428397
182.186136
183.604978
193.370349
183.325917
183.721588
190.850593
207.361954
203.618992
203.629778
202.552269
200.190932
207.060373
203.843847
198.355473
211.793112
196.938394
198.495216
209.505032
209.876753
208.387364
213.063546
210.232620
193.935723
196.018866
201.003506
197.828213
198.918551
186.357088
194.548827
186.527207
189.171032
187.125287
188.029779
196.341354
190.974186
199.378569
199.295129
195.131638
189.792687
198.866040
190.054889
187.111256
195.227995
203.185389
189.472649
188.228724
188.623390
189.451745
188.471584
199.013957
196.375486
188.317578
202.391189
193.074460
184.950559
183.756304
193.114036
192.348959
184.214921
191.484455
184.114817
192.374403
189.010469
193.357306
185.128606
184.033306
193.371444
192.401936
208.868260
193.202332
185.856817
188.323120
189.351808
185.604351
193.371903
199.596983
191.352873
190.491380
193.253418
189.731067
192.135348
190.097893
191.119438
194.004014
190.361219
191.826063
196.333782
196.747145
201.920248
193.534686
190.121983
194.514569
196.599055
194.515404
194.320036
198.475289
194.390465
192.144364
191.159208
195.459537
191.127728
191.055903
189.323155
190.463395
206.585573
200.665828
207.283415
201.287956
193.217338
204.153608
202.233421
197.808474
197.845624
210.622084
201.113488
207.844879
205.961878
193.610874
205.153717
205.163265
212.037187
209.009052
200.825791
198.534030
189.975976
198.462531
190.675198
196.113349
189.496466
191.784085
197.213887
192.411151
200.693583
200.736869
201.202151
206.738355
214.304910
207.202695
204.817946
202.282241
205.285888
205.208869
204.081082
209.679092
209.126942
202.789429
205.387656
211.229203
209.054946
206.891275
204.606438
210.636443
208.456420
206.295652
203.912666
213.087911
207.528651
205.541744
208.709480
213.081917
219.378330
213.090058
226.191775
180.567851
196.850043
189.548168
199.332331
192.024152
197.568431
188.431102
187.092005
194.516455
191.258202
184.905808
201.972963
211.082644
211.084478
221.087031
221.140499
222.425702
201.200944
208.365921
203.379323
206.469492
213.816041
202.234893
198.348197
212.662201
212.671215
215.627361
210.115303
215.754218
206.666593
215.764648
206.660524
209.546972
206.414456
209.683205
207.855056
221.400392
212.683183
212.242105
207.573128
204.873946
210.498490
206.068548
212.177566
207.494231
206.257425
204.158547
196.635385
204.342346
204.024918
226.826808
213.789280
213.348564
212.229646
210.321345
204.325476
198.358026
205.877260
205.806095
206.854543
194.452470
195.238902
196.355566
195.596439
217.521621
217.481906
209.854690
210.072226
210.010220
213.735286
211.091548
213.738766
208.818952
206.703078
207.876325
210.542446
206.180716
211.720233
205.284562
212.149533
212.239031
197.944744
210.706674
210.632875
218.299178
218.256803
219.242249
219.242601
225.272065
221.005627
215.544349
210.841265
209.482320
205.113077
196.211047
196.973398
200.411574
197.464172
218.295382
209.037309
213.288416
204.740625
210.126971
204.098750
196.667475
204.392733
204.024163
226.848229
217.428108
216.907689
212.144983
210.280371
205.326703
199.961571
211.181850
210.118571
202.729203
206.817827
208.148372
224.870497
216.692174
217.200343
217.161403
199.688190
203.040776
216.761505
207.303187
203.125659
206.233723
201.290356
204.422336
229.413511
199.168206
193.776355
197.866587
220.347724
195.792528
188.203198
188.276967
199.174747
197.306515
200.981480
190.351873
191.103362
198.493382
190.041296
194.629923
192.290897
199.769098
203.641659
190.028753
197.212236
198.565810
191.283353
187.088828
188.377609
184.995726
187.642730
195.930088
199.341034
192.025738
186.846124
190.493371
197.791201
213.112435
211.843764
204.077714
204.040466
202.969631
205.865370
205.142082
204.026772
204.021611
202.949035
205.936919
205.142422
192.378626
189.312535
199.611112
193.143637
190.606697
198.804621
200.374736
200.447904
206.877496
197.437311
205.793514
180.742591
201.658149
189.027124
189.849318
210.788349
204.139082
199.906013
201.349858
200.394401
208.400835
207.526582
199.264131
211.524540
208.114298
205.422412
201.208795
205.999186
209.672579
199.948215
212.630451
207.107277
204.375839
200.202163
205.751151
205.642173
206.002424
209.674391
198.941576
208.461069
203.145577
203.827269
200.456837
196.161788
193.167785
191.373787
197.891135
196.681058
200.411634
205.325291
212.603626
197.156557
190.972962
185.487908
186.555459
186.890567
182.222591
181.129580
191.616902
198.563487
195.616293
202.773619
186.992035
194.979164
202.175020
181.404922
182.344379
188.277371
172.697585
171.888403
173.668456
182.794964
173.541712
183.798179
171.733371
176.122212
173.023981
173.192458
197.263347
205.871154
208.863937
202.398760
204.904375
212.939809
198.756576
222.469407
208.437920
202.822281
217.418022
205.220256
212.693858
211.888671
212.334111
210.389070
204.354426
218.996465
206.106059
206.809865
211.547330
216.258503
212.249248
210.347887
205.355786
219.995704
207.146637
207.849818
210.510562
198.102679
195.825577
204.469688
197.439658
203.947756
214.149109
194.461119
203.863461
190.439260
198.787087
190.914924
191.702822
201.103063
199.954703
200.046500
200.192054
201.847143
194.772390
207.920905
195.444604
195.850319
200.219923
196.756805
191.433585
197.373407
190.786487
198.663429
190.266958
199.941428
198.070684
200.740580
202.398545
214.367074
204.871228
208.217302
212.942463
198.724195
203.946451
224.409391
214.109195
196.188718
197.205674
191.315260
197.463945
192.242402
194.983113
200.666854
189.219991
194.568038
210.097737
193.386857
194.151704
194.910269
200.885334
194.937184
194.150373
193.386610
211.030325
188.399938
197.588677
181.931098
197.549744
175.131510
175.871923
173.379513
180.442384
181.801536
181.107995
199.925333
203.110313
206.500405
188.753365
184.971532
205.110028
189.463173
188.005535
188.344548
184.031833
183.694758
183.027322
182.370512
181.326728
181.422736
194.245509
188.659407
182.315155
188.031211
183.090888
181.611431
192.445535
191.659158
182.115328
183.737766
181.200057
185.592649
187.346811
185.401521
190.366451
184.190320
189.483958
188.372779
188.441674
189.200562
179.764851
181.212528
192.077605
175.917631
182.046727
192.063221
201.292137
188.282145
189.211604
183.962802
188.915678
182.952792
184.620369
186.156900
194.434853
185.632747
189.861988
183.199788
184.189997
189.900811
194.904527
194.025137
190.524320
191.170658
195.657317
205.956289
206.644811
189.316122
187.137734
192.221912
199.424752
185.225651
189.658056
184.125790
195.065422
180.922841
190.850152
186.004724
195.890916
175.485540
208.163693
208.106317
215.652608
189.973242
183.848469
189.159837
179.493621
207.041249
201.811604
192.884353
191.731301
204.272907
201.257471
183.592272
191.276388
209.630357
205.035894
180.135948
179.255777
180.850319
187.658138
180.223472
181.139214
216.748537
198.466950
203.798611
215.290972
196.628455
204.583501
191.557699
176.711287
177.424104
177.105299
175.191227
177.828468
176.036085
175.790372
175.337012
174.647420
233.394599
220.433301
223.407281
205.108009
223.383837
210.748358
209.766144
207.122442
205.182842
211.386932
200.114733
211.344737
209.425342
214.863307
214.778122
202.772892
208.706026
208.621320
204.580882
198.384824
202.004682
220.201554
227.817539
227.813886
197.261049
220.136487
207.033825
207.574448
214.021869
214.013142
234.867310
234.652646
209.693657
198.105780
212.737785
200.417559
211.882356
212.435371
214.713736
211.193202
222.314702
213.658893
207.844556
212.385353
215.641214
214.448253
215.102294
212.512061
206.803756
211.344053
214.576050
213.381822
210.660615
225.977129
225.936716
198.097668
199.669038
202.609421
212.074027
201.730885
212.031808
203.759221
202.640110
204.345919
204.337204
211.595954
202.480329
211.552387
239.099416
238.457080
239.075590
204.718803
205.518008
189.202450
183.853880
194.859919
185.658797
202.383983
203.555748
194.435565
203.585393
213.730481
199.274078
199.218212
203.630382
195.868527
202.665947
189.650297
187.714852
189.235702
189.085303
189.180302
188.732782
184.834252
193.520787
184.884246
190.714677
182.331870
210.807398
194.497973
196.317129
209.839512
201.611043
197.313324
203.786284
200.088814
200.035157
209.832350
209.815776
193.591116
209.760106
196.191195
188.121122
195.585628
190.075851
204.873747
211.031520
210.896786
196.003005
196.407329
194.542555
201.272821
187.509223
193.574532
194.256123
204.518608
187.645109
192.492620
192.298065
189.179928
195.272588
190.129682
184.781736
197.627380
184.533848
183.625899
187.367700
212.399858
208.359203
197.955001
185.528636
193.947676
202.494114
190.076054
198.518137
205.427979
185.483792
202.261179
198.705864
209.929400
189.985772
206.842036
189.874866
194.456749
193.672514
196.637833
192.743261
193.533379
189.143845
199.376445
206.800419
202.354830
194.309126
188.076553
188.171457
190.892302
201.641953
200.915430
204.552307
198.674112
184.008393
196.181260
182.390372
190.997053
219.545035
177.974227
216.151960
189.317053
185.437846
194.078162
192.867834
199.317694
202.150373
182.269086
200.476172
211.791900
217.184028
196.679909
204.837119
215.873992
224.312981
183.914303
197.890964
204.418360
195.583050
207.381344
206.025216
212.706072
204.511230
203.789254
204.886686
192.661131
202.411181
192.549730
202.824797
190.884233
199.762335
209.972821
192.363461
192.333748
194.448444
193.222161
197.239190
192.530105
196.547567
184.102765
180.358831
188.056849
180.314889
196.325747
186.307034
190.689922
211.081982
190.166743
207.756574
214.025740
204.217365
206.051104
212.462648
205.687003
204.697822
195.715670
191.954782
193.786786
188.381919
206.053163
206.713574
195.930184
190.480924
203.436969
207.697022
200.831747
206.758527
204.999249
200.459543
195.279972
196.249192
194.594242
194.886704
199.907962
189.449940
199.728777
195.166422
195.236190
194.353787
200.371090
190.404188
192.511821
222.947502
185.768335
191.941331
208.540640
218.968414
208.506201
208.303574
218.971809
198.982087
198.293861
194.970593
202.228050
217.225657
213.303419
209.014395
206.645266
198.771783
210.144582
193.869733
197.574371
194.488004
205.949986
190.100582
200.402729
207.743277
207.986195
215.390283
204.422003
199.816713
201.742547
199.738984
189.074666
190.189504
192.910727
201.869755
211.652666
215.298752
211.234798
195.568708
197.494178
195.417715
203.956286
202.751887
212.312775
201.993068
206.580327
198.846563
197.029023
202.185964
194.872474
203.033592
209.412790
218.696626
195.910337
193.495832
196.370484
205.168195
211.465872
199.867413
190.362732
191.123299
205.083254
201.921470
197.556879
207.126438
202.212402
208.470681
213.765175
199.855950
201.179532
206.084241
196.307316
203.839851
216.159972
191.882723
197.507460
186.558452
187.332541
182.328864
190.320228
188.372461
186.686470
192.677512
196.512700
183.359666
188.371024
191.023828
198.218984
184.315652
181.209295
188.146133
181.163892
196.390137
191.026948
197.253146
205.215827
194.297177
201.417793
200.270722
196.333422
194.580589
182.140960
182.882887
192.519865
177.813650
193.469521
185.467783
188.899549
197.694323
192.464000
186.148312
184.154509
183.393683
186.254828
190.376769
184.826099
201.780168
201.050130
206.355550
186.361300
193.158938
187.253749
187.228953
202.158622
207.268772
204.430166
202.234660
188.295864
192.656875
188.482942
206.693825
197.206993
189.998107
188.123030
187.623059
178.077430
192.079427
178.084184
185.429013
179.190875
192.330058
179.144527
189.732096
190.267770
196.917722
195.194170
202.011830
200.869867
209.080660
205.037009
208.155477
204.730049
196.542430
193.871025
190.168726
185.015990
190.113178
186.565588
193.417177
213.466911
215.997182
195.341181
189.957744
208.617081
199.078082
195.294429
206.707985
183.857457
202.491705
199.226790
195.561973
188.087149
188.423079
191.691121
190.566016
196.000476
213.228609
201.448100
193.763283
195.528278
189.352660
196.578469
205.704450
194.000006
188.481445
199.411780
182.968514
200.316753
186.512092
193.617620
194.398901
216.117655
193.431782
202.310097
191.875822
197.737115
197.811862
188.849969
186.841144
183.397831
193.234551
201.326712
191.435643
198.405239
192.125077
192.123395
199.134718
201.966900
194.780347
196.515755
195.521761
194.648085
193.642380
191.768981
188.439763
198.802699
193.888841
191.819858
191.990692
188.415207
188.066770
181.828657
192.477338
187.271393
191.775399
193.121792
192.427994
195.783271
192.564268
180.367617
186.478900
185.655994
198.713871
194.295133
192.521427
191.670097
189.721546
196.875217
197.933349
192.450575
192.509124
191.669206
197.206128
192.794154
192.776313
187.247790
197.019410
199.659055
193.459266
209.335342
199.151429
197.907423
198.424613
204.234608
193.743969
193.421719
199.695684
188.344289
194.435573
191.922630
200.662626
218.437403
198.818130
197.057190
204.991390
210.281923
209.356750
210.030350
208.229369
205.794321
207.309530
188.368644
204.752072
195.323929
182.784099
184.122583
196.957795
224.038766
183.067451
201.195524
184.581074
194.825424
197.838383
169.595340
202.073159
189.886974
180.272592
181.037192
182.369620
192.415762
184.199078
188.128655
186.938227
181.985927
184.233581
181.258408
183.140700
187.690295
182.750419
184.987574
182.026265
184.887394
179.118859
183.544761
184.734380
184.636381
194.835700
179.297948
179.207652
181.186991
182.140244
183.414810
188.544952
196.037584
186.762764
188.974290
186.700213
188.955942
188.495753
180.159077
205.455575
214.631247
190.604015
194.428248
188.627341
195.193932
196.375521
202.700302
193.619848
199.694424
192.963253
193.324159
195.122952
197.026500
200.912965
205.915890
204.831367
180.055001
181.929133
196.001444
196.069667
179.964650
191.611705
205.806900
201.525386
201.081640
199.998816
200.351077
226.099347
214.203668
214.211557
219.295043
213.128316
213.136618
201.760826
210.593872
205.174857
227.898518
240.747128
233.623862
231.462504
233.620650
202.615530
202.033466
211.929896
200.596351
197.529204
210.212769
206.643488
192.109987
190.546955
215.846829
191.633368
218.431422
218.704424
195.265516
196.916308
197.481843
195.782453
205.784400
198.925204
207.562326
200.427490
208.845053
202.986353
195.144096
196.633818
221.141102
201.593557
199.595164
202.666648
202.692755
198.863289
186.500903
199.595885
199.760730
195.246247
186.538111
199.809348
205.420508
192.825911
201.511003
202.513953
199.154334
214.114748
208.555608
205.383134
194.419010
185.943695
194.909431
202.221093
188.036093
189.402491
195.540663
192.203116
198.513433
192.969306
200.277983
201.335801
204.556965
198.783357
194.507014
206.608650
214.719993
194.509112
197.746192
205.530383
214.637190
206.962170
214.290847
222.982704
200.083765
211.269449
211.351121
212.610813
224.261618
213.718647
213.165437
223.481613
208.791143
205.403436
211.528292
202.354726
212.604224
205.801654
211.306835
208.462959
212.636683
205.215602
207.419051
212.122097
206.667156
214.482655
214.617037
204.600879
218.043000
218.136955
205.720739
215.771844
214.391916
214.328941
202.253112
210.574975
209.542905
208.495944
208.453576
214.005589
217.064697
218.186609
213.278716
213.174115
207.708273
215.508667
215.643933
214.511034
217.049378
205.642001
216.155741
214.904513
213.933301
206.281884
204.766469
203.648447
228.465573
196.968515
207.225893
207.267797
216.818090
207.926872
207.407629
194.906686
208.779161
206.777970
210.120306
214.176214
211.340066
214.178402
203.944445
214.847447
206.182508
205.663371
194.177656
197.472040
197.446971
217.466466
208.551430
208.031015
219.536654
206.677845
204.921717
207.381342
226.522504
220.835602
220.318002
204.944203
209.059697
201.935042
234.010095
235.175329
222.771697
225.920628
216.302257
197.873333
200.197005
188.395247
203.088064
199.109883
202.977146
207.328745
213.187918
213.229789
222.160368
193.680574
207.807138
207.717473
202.003802
202.836242
204.019794
210.618164
210.566681
216.947797
203.073752
199.719622
206.371991
206.374383
206.213403
203.182544
200.777778
193.964831
203.278761
203.779153
202.935355
205.403083
205.319935
207.071975
199.030323
190.159332
217.589664
202.995459
199.608468
233.400921
208.350894
207.252314
207.751734
207.699048
217.550513
218.949361
216.606464
216.650644
183.861706
184.649454
210.105314
224.766218
248.483581
204.657001
218.594637
221.382096
221.934015
204.521777
204.572995
217.325743
216.715421
228.942460
220.080737
205.362670
201.515338
209.874383
207.030333
212.119397
212.041895
201.457033
199.581525
197.913258
198.554614
193.078865
196.794787
195.355165
194.661707
193.583072
194.356749
194.241438
213.046244
213.004297
211.054528
210.973159
197.221030
203.499591
203.556951
209.033344
209.090599
218.065548
218.024532
191.421067
199.380626
207.335601
207.386032
213.601700
213.559332
194.988559
193.799294
202.198742
206.493585
189.339225
212.172402
196.796922
204.096749
191.315732
206.844021
195.698789
195.014269
196.949932
200.799875
189.570803
195.275575
198.471860
193.672077
192.726298
202.083502
200.419777
188.263559
188.281611
188.273094
200.890277
204.053618
192.636300
192.079246
199.860437
200.600850
193.366891
193.427558
187.620430
197.435972
192.808007
222.726728
203.430948
204.180588
202.372258
201.452380
201.502849
214.504728
216.997026
214.463524
201.119267
201.174693
200.312858
200.367994
196.454809
188.438986
194.693581
190.281431
195.488318
190.890058
194.898554
191.029504
200.853278
195.731915
187.334453
194.545527
186.251064
214.844313
206.461197
196.797768
204.869105
196.457459
186.479850
194.299260
188.465513
186.620931
205.803251
185.388720
183.251567
198.620671
189.689092
187.712172
187.725291
195.906570
194.221445
191.074351
199.596069
186.640379
207.440528
187.493830
196.325255
191.353592
205.960313
218.309230
216.046802
201.952482
197.196399
211.461058
190.971520
195.425613
195.285529
198.338869
205.667561
189.255880
193.556611
188.169942
191.709055
197.501620
188.628889
222.917882
203.682617
205.900487
203.643778
209.308866
215.727662
215.145195
210.550544
215.094896
206.248828
206.198786
197.656318
196.628983
193.319941
198.615373
193.452950
201.048830
187.254511
192.388436
187.797990
183.007944
183.098937
195.346451
195.752622
195.302040
194.474900
197.416864
188.279087
200.809331
199.770362
196.243221
204.104795
194.394803
192.675779
197.640786
195.764941
197.604306
199.289287
194.520022
192.719934
186.110768
194.585491
198.154236
199.603959
195.960828
195.142334
193.245020
194.555416
199.918167
187.688140
202.554222
194.661441
198.969923
193.545907
193.703290
191.324005
185.089962
193.870120
190.083942
188.025108
185.932579
190.998867
188.322651
185.085469
190.126127
195.382937
205.526237
219.861734
219.860172
204.721191
205.892570
204.308371
216.291928
217.349795
208.073917
219.245576
219.154406
237.811995
204.066300
206.760451
206.696855
220.893753
220.932451
207.841732
207.800608
206.762550
206.666451
200.059508
207.008534
212.121036
211.988894
222.339194
213.348259
216.823750
213.295748
218.493081
207.271773
204.495864
198.919509
199.815383
188.697251
188.577085
198.558812
189.450941
183.249010
189.211136
204.865481
204.612599
183.702626
187.962417
234.030476
195.241588
187.581956
186.816798
188.408505
188.280611
188.339696
186.733166
188.911784
187.797009
188.377299
184.142909
187.934582
188.328999
182.976822
199.739373
194.276394
195.281918
194.666187
194.552390
190.898603
194.482089
193.607882
189.840572
195.058842
189.125453
189.063535
194.532358
190.202202
188.609162
188.525178
188.392610
184.653570
186.572121
183.592646
205.848599
188.694950
184.781886
187.352919
183.654120
184.008345
212.721198
212.627060
201.121561
202.169575
217.975233
210.864371
210.364688
210.771606
211.568029
202.635324
209.218310
212.502798
228.563102
207.062582
216.470302
195.182261
193.987299
194.026239
194.535558
195.693234
202.192247
189.770706
200.306209
199.386042
193.270524
211.042026
193.282980
193.254142
193.859823
193.761807
194.101124
199.546913
199.650078
192.689712
189.305363
194.175648
201.283236
193.241949
191.963261
192.712747
192.140780
189.614117
194.955491
199.692091
198.025016
201.341024
200.370503
194.550836
198.929955
199.590231
193.717943
189.388235
198.585637
199.380517
188.321130
188.902903
188.962661
196.095234
194.408646
191.604554
186.016704
191.758704
187.240673
186.816042
203.049511
189.221823
187.592666
189.778539
204.866444
196.215377
199.219802
200.595722
198.074889
186.786794
186.883714
199.134143
198.160295
199.198779
188.188018
204.498751
195.787151
194.074056
212.512405
189.194171
185.736652
196.350864
194.516962
195.755040
195.919607
192.793825
188.492524
192.696202
188.095639
189.029842
186.479878
182.088522
188.395322
187.955231
192.422639
193.352040
192.552495
188.147468
193.365966
199.494945
192.688102
194.362813
193.426234
187.324596
215.514727
196.078042
195.314842
189.855317
195.170822
187.153676
208.982003
187.217817
186.477598
187.286098
186.545782
188.978381
207.960333
193.809946
190.098708
183.626237
187.990944
183.196196
181.972835
182.851901
195.356878
191.063928
204.675895
184.351049
188.884566
195.381963
183.669272
204.633424
197.872405
224.185277
224.659165
173.214583
173.242602
214.991619
207.682358
203.581928
213.343640
195.908504
190.016209
190.133883
189.895517
199.787227
184.266779
190.525081
194.157854
183.893343
184.311634
186.042877
186.489672
187.177339
186.420721
190.760868
194.066200
193.073623
196.479291
197.205392
196.500996
188.953940
205.784074
212.776601
198.992937
204.200826
192.244083
194.555999
195.245220
195.239399
196.696539
187.391264
194.013887
180.548151
186.247023
181.264708
192.794655
191.640453
186.832772
192.455922
188.546806
188.404703
187.987669
185.606426
189.532323
187.389229
188.975176
188.249429
193.484453
193.463047
202.588907
182.324490
181.611884
193.509933
194.269613
187.129745
180.852667
194.165170
194.951933
202.797956
200.011632
189.496522
189.279589
187.992771
197.632682
187.261833
186.308839
197.234285
188.341718
190.143811
206.586438
188.617486
197.664457
187.280474
188.917247
187.240441
188.023221
187.279851
186.470344
187.241693
186.460313
194.566722
188.322556
198.707549
188.338398
194.642332
199.433012
200.700928
183.643324
185.098844
184.624157
185.295385
183.046563
183.048820
199.473845
193.296516
182.297355
182.296234
198.733459
193.542260
188.205027
199.968471
210.004469
211.073877
205.921320
198.829085
188.307054
230.940695
233.167753
230.413923
229.785317
221.151393
198.336248
193.258516
189.612498
191.740056
189.046728
185.674620
193.942627
202.096704
198.102608
187.384430
197.594879
197.217037
195.567598
194.731438
199.446130
200.339339
198.024580
197.162145
202.527508
191.621378
193.951507
191.589265
193.954320
192.736570
195.153265
174.097385
173.392465
179.386158
173.481724
175.095243
174.387139
171.887712
179.323174
173.358829
181.077571
173.566884
173.400422
173.310916
179.327163
194.326617
190.304465
194.389059
189.778384
189.198858
191.959340
190.234584
194.695162
194.178633
187.571892
191.440532
199.412633
188.446837
194.935625
193.537843
197.008196
193.920844
210.956247
204.730001
179.162120
185.838438
181.448480
188.427931
194.141575
186.751085
195.636670
196.662842
203.904028
197.762524
191.177618
199.359678
192.030992
190.443670
194.835157
190.222196
190.415110
202.949543
197.666082
193.398985
198.628926
189.345909
186.051540
193.417874
194.344244
193.617638
200.817445
196.082883
186.453635
171.782845
170.770750
185.427290
173.272471
169.633158
182.105480
203.938127
200.894290
192.384716
189.683502
193.644595
203.862364
194.924919
190.938221
194.932566
193.385515
194.505876
195.388345
209.132935
194.053215
194.907573
189.773195
192.436869
195.016305
194.697453
194.968267
194.999001
193.475656
201.022967
193.190962
187.708556
188.525496
190.298293
187.679319
194.365710
187.678137
188.010957
189.538592
186.882307
205.958462
207.476454
199.210893
203.226403
204.883305
198.093386
195.673622
197.486998
212.202098
191.314967
190.903883
204.703187
198.530794
194.163528
204.281311
199.210753
193.170773
195.104586
203.561231
198.458205
203.000669
200.976229
197.579331
197.306949
196.579894
194.434408
207.165825
209.282166
211.690714
216.690887
210.262379
200.333444
187.565946
193.771256
189.400912
206.067369
196.630362
202.859394
194.243269
192.653698
191.503582
200.556470
196.403552
189.082668
193.579765
201.200967
200.199822
194.650822
212.660001
212.541534
203.134786
201.264244
196.570518
187.663696
188.386132
179.553028
179.486521
187.291981
191.653875
175.163931
181.271252
180.254473
188.009896
192.360902
175.863451
194.612493
191.736977
199.867383
208.136722
206.510278
192.388383
175.861153
179.564624
180.201793
180.572417
190.871083
192.696203
176.140371
180.534603
181.190411
209.329371
203.720804
202.647436
191.945525
191.221013
188.876383
189.633086
188.890044
187.471940
187.370254
202.607988
195.513024
198.655789
193.528771
194.234114
189.325902
192.488972
195.590130
209.602915
203.340499
199.467865
194.201329
200.163958
193.912171
217.398744
216.709189
202.953167
201.191495
205.199969
198.802319
185.793540
191.087826
190.580266
189.821341
193.317620
196.416381
196.439013
197.142461
198.417697
194.395100
198.441429
193.363597
198.533177
194.433292
188.006749
199.148397
200.501930
190.553887
195.545906
189.944256
189.185655
192.708101
183.031877
182.234804
190.332973
195.551877
189.169448
190.159134
189.282831
198.352065
204.666548
193.481838
189.772409
194.959147
204.975013
216.862808
202.106002
193.971627
204.303526
199.713957
196.377736
188.212460
188.991078
186.610906
198.852011
191.095216
186.447221
186.541428
197.870619
192.942309
199.297938
199.495823
197.964720
200.395821
192.992026
196.893567
192.979354
183.939193
184.510412
188.359965
188.758622
190.440219
189.166103
192.079873
189.847000
190.188684
194.577578
193.184832
199.410048
195.043873
193.722267
197.259472
188.425290
190.880271
186.617072
188.387134
199.499383
201.742693
184.595072
184.404403
197.743841
199.996758
199.993993
209.925381
201.153382
202.232732
209.923566
224.474035
203.625214
202.703389
216.372910
211.118894
196.406336
200.532350
200.701772
190.787343
194.063677
208.947957
204.427745
203.729275
206.580959
200.145167
186.466089
206.395829
203.326474
192.092978
216.219400
209.604549
202.673435
201.859957
222.601567
196.449405
214.205360
188.775076
183.626820
179.374374
195.885014
187.278986
195.344316
188.406621
191.618513
195.254999
192.642459
190.213873
189.883590
189.655488
189.847770
191.212708
201.684148
194.059297
194.251638
193.737275
195.724912
191.216536
193.206327
189.483168
191.971266
188.363071
189.470037
193.664933
196.676900
203.417598
199.142084
194.711878
201.649292
193.295415
197.911609
195.722959
191.582161
196.196720
205.014853
198.635145
186.598204
210.820567
193.490650
189.030018
201.213508
188.089727
186.967469
180.796851
185.854224
205.066227
185.629304
185.432684
183.768420
216.891529
203.206424
188.110542
194.651577
194.923284
215.452105
196.068512
195.324705
189.582923
201.846497
201.280316
189.148016
194.491454
196.689192
187.805242
199.277001
197.472704
201.912208
202.574892
190.700966
192.415405
187.891898
187.893885
191.725963
189.053754
201.044634
187.427003
187.232465
193.782507
217.070862
201.368047
197.746574
198.052991
202.631281
195.676557
191.809570
189.886675
205.270125
189.842574
185.514997
185.516923
203.879361
203.836577
198.977874
198.675064
194.150153
209.617406
186.625571
202.287428
202.251150
194.847306
212.595988
198.553384
205.653699
210.801682
197.067416
198.633627
195.332593
211.184959
193.028767
190.750149
195.004468
213.220382
196.676406
207.496845
203.380749
205.746879
194.398892
202.868914
203.528480
220.468295
204.814902
199.640342
206.945611
201.743853
207.537655
204.325472
206.743875
214.160013
193.411637
203.978713
190.583630
185.676699
185.676758
194.388386
229.996381
210.702879
211.223457
203.801576
228.071480
219.999996
212.856067
212.814242
208.008877
206.791361
207.880068
206.858594
224.009731
224.011581
228.631280
228.491392
231.139572
231.139032
224.428514
221.781408
221.920836
228.248290
206.185928
189.650059
194.572037
189.914192
192.956037
195.638258
193.131627
208.920529
206.143683
206.173255
204.971367
206.109890
207.355934
220.728499
229.342572
220.730693
225.922109
225.580033
226.061362
225.721818
225.581129
229.386749
229.384468
226.103882
225.622844
225.720326
225.582238
225.964727
225.580328
225.624390
225.718791
220.730192
220.728014
203.202492
208.183475
197.881091
201.122533
200.090904
200.403105
205.708200
200.110797
200.112476
202.596352
210.781031
182.415126
184.090456
199.513764
193.272453
190.970504
189.353051
206.528420
201.333524
189.260576
192.511779
193.152834
181.645653
193.154793
203.473774
201.251672
190.737845
189.979676
190.023241
216.562802
193.899062
192.460751
190.761886
202.165418
207.661015
186.555367
191.118318
186.803792
186.703776
186.557687
188.011354
181.759365
185.517410
186.739736
194.182543
195.384329
191.835595
194.081507
179.945860
192.481522
196.385328
203.228083
217.425191
195.690481
196.409402
203.172055
191.777863
199.231735
197.991784
196.112067
196.228780
199.302381
197.214436
203.312197
188.164023
191.659215
187.861587
187.833107
193.535904
188.514271
193.655409
188.654273
199.255567
195.364439
197.275110
188.221291
191.690428
200.675710
202.100486
200.760925
202.092229
190.176566
193.228610
195.666448
193.272714
188.750877
180.684146
188.766406
207.406969
188.190685
192.951251
183.752562
194.559806
186.226807
190.621979
195.610266
194.897688
191.677026
196.342834
190.623744
199.704039
197.911557
192.961315
196.350203
192.697762
203.689876
193.271968
201.917871
201.273178
202.575560
195.919045
198.247461
192.521602
189.899416
186.237252
198.110186
194.363152
194.561774
186.976354
190.648175
187.605582
192.469507
192.653885
189.025903
192.584779
183.644510
186.745055
188.062195
197.805684
198.021189
197.896192
193.476144
205.523389
193.699084
199.775260
193.680040
201.857446
194.162934
200.840185
199.515616
189.219578
194.570201
204.536767
191.619733
189.085375
187.992790
181.783408
190.958355
200.471477
199.555582
189.971759
201.765321
184.778910
194.230473
188.185391
198.590348
205.593882
210.910312
216.607694
197.132560
196.420899
210.891081
190.205125
195.520797
205.680236
196.960860
198.918531
195.342645
195.371481
188.434854
189.241959
192.677964
190.962905
185.940273
193.569631
189.213144
201.184902
200.880131
199.590135
200.874976
194.238140
197.013207
190.629251
188.078865
184.347043
192.465799
187.926018
192.655972
184.407508
188.079275
186.800375
199.794556
205.078950
206.561593
200.647421
199.463088
170.792616
171.557338
184.282560
176.511666
175.853765
190.598355
202.795364
204.590008
199.482025
203.516330
203.502028
209.576044
207.397325
202.956921
203.937114
204.503255
203.414988
201.919220
203.734830
199.563587
211.353087
194.903607
188.598173
192.724182
192.465018
202.352977
196.073838
191.554200
198.724332
191.561843
195.349320
190.503569
189.341816
190.868081
190.682575
199.823078
193.545488
189.151240
194.253159
194.079723
198.382847
199.522498
198.433491
198.768984
207.511754
203.074104
211.989731
192.193623
192.117619
206.244440
205.550203
206.650624
215.718355
209.785763
201.629691
204.170276
197.834834
204.075633
208.624873
193.291749
207.953263
209.771842
212.146460
203.138875
206.874775
197.645260
212.167092
199.349428
222.047450
209.866251
214.871639
215.513369
220.774783
209.802128
227.032132
214.839768
215.479919
225.270470
223.100184
215.968945
225.292097
191.567186
193.150825
200.657796
203.466742
198.690447
202.179296
211.109076
226.916034
202.502431
201.812447
201.757476
219.499359
220.829162
197.481749
212.775424
203.900413
202.177378
193.261325
206.558847
200.397222
199.416249
193.317497
205.897032
203.633559
198.007073
200.571863
205.835796
203.320579
206.227360
200.466910
197.975679
197.259967
197.232932
206.468095
206.580528
207.681276
198.278831
198.304765
219.551795
213.536352
215.719131
212.062825
203.452979
202.766103
202.771697
198.498972
204.886355
198.467667
196.558386
206.769365
206.018717
209.482301
209.806501
205.206699
216.676251
187.126321
180.887063
193.084123
186.154723
180.941391
187.208775
181.948793
193.138482
202.689788
194.424878
195.186297
193.236750
193.218385
194.834114
198.924229
189.309045
190.334737
183.667750
194.461245
197.913959
192.113042
193.209847
191.116232
184.732739
195.760262
192.329898
198.404239
168.241583
168.885463
174.080297
180.045245
174.010513
175.794591
174.999383
173.957631
173.305739
174.747833
174.039348
175.806106
173.401105
178.625218
174.999640
173.343755
174.107342
179.367408
178.688928
174.368717
176.836597
175.126009
174.011171
174.994924
174.023053
174.273439
176.025560
175.789932
174.744822
175.107442
175.763208
173.390131
175.053440
173.422437
175.829633
175.193926
175.102984
182.044933
182.182322
168.891173
168.112982
170.576297
169.900500
168.182275
169.545951
169.840536
168.278300
168.912366
168.789866
168.060576
170.555156
168.854683
169.758731
168.038908
168.791340
168.123513
175.023939
175.747308
175.089222
175.480618
174.801677
174.777952
181.107764
190.447576
184.189993
194.081953
199.768984
196.527811
195.986280
202.323078
193.435013
191.673513
197.890140
199.718611
189.253437
188.617827
190.293920
194.210447
200.546673
192.343604
190.647360
196.824585
198.626676
188.145233
200.463651
195.319208
185.299276
185.791892
184.682301
196.816189
203.349271
203.125155
196.816310
203.125303
203.712306
201.446457
194.458459
197.487954
194.448993
188.679297
200.496966
194.510775
196.454969
201.493930
195.679454
195.308069
198.262969
190.249677
195.264770
205.689100
196.475292
201.071086
192.638165
195.020755
198.406749
193.210979
198.467713
193.238792
197.827921
184.156788
193.573632
190.058006
189.993080
200.573732
202.696048
198.229339
200.488179
197.901595
198.334548
186.530070
197.724682
203.822449
197.558689
210.686965
201.944984
216.385861
201.814638
202.964586
200.586536
206.948430
200.097802
201.832792
193.158449
200.177161
214.928411
215.407167
189.325743
189.199617
192.709235
194.933631
197.936847
194.519426
205.771984
199.729355
194.689528
189.660413
200.778600
195.316754
193.365204
204.971857
210.031253
196.436972
195.546726
197.079797
195.246040
191.258143
194.554951
191.152403
190.998742
192.994578
193.841231
193.503083
199.969648
194.490442
195.272390
216.726989
207.994897
203.071245
198.826793
196.552073
195.526254
202.799929
198.055536
189.448753
188.964441
189.345593
200.623302
198.601448
204.583584
200.527001
196.473095
199.317480
201.557727
201.625531
189.420623
190.609342
190.051215
200.665047
195.456988
196.305415
203.829464
196.470384
199.256759
188.304866
183.168999
189.111367
189.997242
188.422125
198.318450
183.120466
199.343661
189.646842
189.857107
188.315860
202.252049
189.070303
197.190540
204.053313
198.013087
212.651955
211.377936
201.577600
200.522991
201.623919
187.735465
197.185706
197.376155
189.216162
188.510780
189.172254
193.811336
192.121437
187.042862
202.199544
197.064413
197.898833
188.145592
187.430837
204.401010
204.370873
214.547559
207.323865
206.805230
194.238212
200.723374
196.160300
200.320242
196.303615
198.681824
200.729560
198.720127
190.079111
195.622994
198.703544
197.400031
195.677829
194.324745
191.998219
194.251853
194.173646
191.804098
194.073300
193.431683
195.317955
196.227173
199.158675
195.564501
196.979126
196.785130
195.531849
205.827085
195.526434
206.630461
196.733103
205.659890
202.929948
202.960875
194.361686
194.407463
195.078095
217.308745
213.182883
206.672377
200.985732
206.765658
206.185279
203.397181
202.483871
197.761585
207.633461
208.531800
211.395681
208.546341
200.491296
207.882137
210.237723
205.741689
203.514259
197.212979
217.336297
208.775718
211.937248
211.969990
206.689930
205.780783
213.998287
199.455585
191.173427
201.936520
210.614138
199.164481
190.107459
206.420366
206.450941
203.161808
201.223893
201.275418
214.988579
204.935818
199.785057
204.129195
211.169726
194.099416
204.974677
199.806175
211.239371
195.385823
190.803377
202.980841
210.143743
203.946497
193.067878
220.117254
208.638882
198.391458
198.364494
207.710310
216.860462
205.684396
197.505119
198.101331
202.436908
202.478610
198.017008
201.803324
200.959655
198.069565
198.130151
192.659205
198.706469
197.171588
203.357570
197.079072
188.686613
192.829918
198.768690
212.158309
197.546762
196.766662
192.115225
196.289465
199.826336
199.852609
200.231242
193.849015
193.815641
195.352497
191.020476
198.173211
205.660922
203.203569
210.896085
195.507599
206.698089
190.160604
199.644947
194.487148
191.330284
202.212140
198.019061
196.412393
206.718397
200.464480
195.940190
206.294942
201.186159
197.624977
192.313565
204.655738
199.556186
202.287212
195.110426
198.559804
187.497367
201.021180
204.590320
182.441604
188.645589
193.185152
183.112772
199.385687
205.806615
194.225921
198.245013
198.014366
187.892967
196.259379
193.509471
199.510046
193.668312
189.137383
186.022860
187.565292
195.334004
189.228143
193.590062
195.046320
195.433733
201.723653
210.632746
204.498852
194.229451
200.700302
193.603046
183.499149
183.472787
184.251855
194.222157
205.186277
198.749866
209.237068
202.856461
209.927679
211.807312
212.212437
199.107853
200.725666
208.736869
216.346024
210.753811
200.450092
200.139747
194.347876
204.900705
190.032203
189.350749
197.687640
193.886101
200.588805
195.437625
200.630508
206.942869
195.478450
200.539526
205.883950
189.406175
194.409225
189.324019
198.192426
189.042636
190.488628
194.373047
204.365063
197.871708
208.539596
202.532308
201.280767
194.757575
207.779805
201.496358
203.456817
200.526132
206.741020
197.003730
210.977209
199.536102
209.272696
208.171765
205.337308
213.777535
212.479184
209.244883
202.616842
203.808022
191.287754
192.289277
196.698819
191.972769
192.806616
195.572865
192.126551
194.358548
194.532133
197.737361
193.789822
194.420531
196.302575
189.427505
195.159057
200.076457
204.119244
203.320400
217.318598
190.385829
202.365037
195.646696
194.507481
206.882159
207.466915
196.716076
189.421397
200.239058
195.691118
201.326159
193.990513
212.968004
189.110190
193.245072
195.415767
195.466356
191.208742
202.858693
199.777697
201.812921
193.962561
190.956534
202.502275
200.540012
201.611723
205.134921
215.393905
218.311913
197.456877
195.461498
195.489748
189.387969
201.350570
219.048829
203.058700
201.295135
195.659366
205.582754
207.522199
189.022714
204.677573
199.496829
195.858842
196.828211
201.236182
196.586109
197.421479
200.144583
200.910008
190.022364
195.669894
212.461229
205.601311
206.650777
201.954972
202.938932
194.959019
194.244465
194.320502
191.040427
190.324538
196.042843
199.883791
189.735635
195.025080
198.818334
192.579595
191.865342
199.297784
198.018394
199.548468
200.354658
190.189688
194.989193
185.751439
208.135859
206.045970
211.784754
186.995515
203.319115
205.465643
203.404352
196.118560
196.145360
203.416465
210.101453
207.833854
199.398152
194.519976
191.557868
191.444199
189.576201
188.892309
177.802785
179.435368
176.886190
179.540916
179.849468
180.875247
192.499075
224.667020
197.101125
200.309092
200.217693
211.875996
211.917336
201.991291
201.807578
202.474088
202.285101
202.101416
211.267041
211.309180
208.237227
208.332427
197.038178
206.589983
206.629043
195.963443
203.344847
207.330788
207.371022
203.274968
205.726372
212.852272
212.795306
199.071805
218.147327
218.186529
224.010878
194.558881
214.946144
207.432983
230.229460
196.616008
193.197985
191.078038
187.859194
190.350919
193.266577
193.269839
185.701743
188.001739
193.601046
217.134371
201.089046
198.034270
212.928439
182.000686
181.637476
183.638408
183.345870
181.367770
183.743459
183.819589
179.779962
178.758585
180.275861
182.008928
182.867149
179.569577
187.861715
187.933441
187.889880
187.975478
187.949404
187.961516
192.243989
192.283309
182.057207
181.739102
194.568682
193.212968
192.178727
190.065957
189.173562
213.902619
213.816994
203.558775
190.406734
199.931270
191.704085
195.291215
194.617536
199.907100
190.407691
202.541735
197.251967
197.047958
191.640027
196.961671
201.264647
200.641037
199.356516
190.410392
194.838652
194.789251
199.917597
195.277542
190.391994
192.730550
194.604543
199.893602
202.517520
197.227758
202.386193
202.511607
197.054269
196.578439
207.415715
205.674874
205.036297
209.587150
214.043633
216.810378
217.276935
224.759461
224.850952
209.470463
208.175799
206.261596
205.464273
204.373012
200.177708
210.365608
209.276387
211.159582
211.250750
205.723963
205.814992
214.742624
211.019473
209.931613
211.146625
211.238136
205.222705
202.316815
205.450649
192.806103
197.029109
207.949270
192.506114
207.201822
188.102288
201.477348
188.670592
221.499361
207.305857
207.395710
195.124498
200.405806
196.411970
196.343968
198.611139
199.263286
200.687041
201.601221
196.297053
195.489237
195.060099
195.057316
194.644275
189.123538
187.654585
193.120994
194.897455
198.674646
199.650955
192.882960
190.250325
191.820856
193.577271
194.464255
199.787316
190.248972
188.066381
190.150551
198.450172
212.069974
212.029029
211.990994
211.949652
212.026253
211.986529
233.703459
231.615205
232.155064
206.097679
206.190299
216.749263
207.857964
208.913814
222.190758
222.067099
228.020084
228.454267
195.754540
188.675370
187.992646
196.513453
194.955718
198.871287
215.216613
207.855678
202.531329
208.443047
206.980847
204.563476
204.481157
198.896381
198.814581
210.199462
217.313622
197.586787
211.322868
197.590849
203.494889
200.583570
198.255753
203.475864
205.606150
208.424408
207.922789
202.312700
211.989684
205.987419
208.838199
211.266708
218.026036
203.907954
201.536494
206.821809
207.621132
201.962039
196.619404
206.898541
212.275401
202.861910
204.990365
205.700825
201.076873
200.537703
205.823023
201.237518
196.566091
192.061860
205.286124
203.250326
201.433935
190.205851
192.583020
205.331649
202.270247
195.597047
200.110737
200.071139
205.668014
210.739750
212.185457
201.194351
202.232728
209.880870
202.554548
215.273456
194.018523
196.478142
195.749764
224.669652
204.373967
199.988563
195.026169
199.598229
210.821893
201.958507
192.006796
212.922939
216.474943
196.803797
198.354735
196.510773
202.088313
205.618606
205.661283
201.432157
196.756126
198.273143
190.147840
201.052068
202.292887
200.869548
201.703760
196.608106
202.501185
196.961614
198.502042
206.886412
201.506106
201.507661
198.159858
209.608661
193.359250
194.569585
205.491473
209.784088
204.589714
196.780733
210.863075
200.580468
210.853994
204.027269
209.498645
214.906262
202.122824
198.914028
204.235803
213.715800
209.593268
209.593298
202.942391
202.850881
203.433016
195.629203
201.034148
213.224135
203.389454
195.536896
213.093856
208.832819
203.731342
203.498821
201.111292
208.703355
206.045776
205.959577
218.376032
218.500532
208.739287
200.739581
200.645607
208.020078
207.927014
216.310836
216.306036
203.804527
210.740701
202.759188
211.008684
199.639690
210.121409
192.966736
206.829506
208.991718
211.159077
215.850130
218.145242
215.839097
195.595755
214.413665
213.665662
213.665022
211.931568
211.931588
204.023794
203.888893
205.275113
212.021306
212.018429
195.594785
207.952189
210.275414
212.440668
204.783253
210.654351
210.898939
215.833094
220.377673
217.997111
220.365819
214.606927
220.118131
212.846185
208.941719
207.976689
202.872422
205.923848
217.337077
195.538348
213.097110
200.944027
203.390278
209.030045
200.647076
215.447094
203.922660
219.163661
203.853812
203.904560
219.292750
210.412509
219.083071
219.207945
215.524257
217.338008
218.463728
200.937119
208.829585
213.096502
203.391231
211.682410
216.017988
211.817581
218.135249
219.778205
211.272248
198.332263
202.257622
196.643563
206.603618
212.369346
223.523319
183.776570
189.124229
195.520622
194.523104
199.318243
192.507582
192.568594
207.161810
196.836033
207.151798
200.284303
205.753154
205.904091
195.707053
205.934158
199.152292
204.655995
209.215619
201.605161
205.805415
208.285408
213.053686
210.351191
213.083748
221.163850
203.928195
212.690997
207.373430
212.918767
208.291408
204.989845
211.054575
219.291764
231.513804
230.434754
206.554526
206.470435
185.422058
180.128619
186.443249
179.416301
181.978011
181.122581
179.389681
181.959846
207.732334
209.842420
214.926475
194.154559
193.023271
203.846499
201.189673
204.344837
203.346036
198.421498
197.293777
206.141320
209.429561
205.461539
193.574720
190.314147
205.046498
189.152717
190.000869
184.997943
191.181291
193.176855
190.244158
185.887003
192.058716
199.472706
206.685933
196.667948
208.338444
210.619879
210.508835
214.458378
213.311633
215.552442
215.483217
205.483930
213.351801
212.280275
214.522124
214.435882
220.535851
220.525564
210.666539
215.962314
211.955033
200.630915
211.944626
204.113641
209.499415
190.118297
201.937758
202.168788
205.481608
200.875599
211.240075
199.977846
211.231448
203.391875
208.811250
217.866736
205.322599
202.033081
198.592588
204.678805
197.436287
224.031671
201.292662
205.691755
208.052183
210.344759
212.546917
211.200825
199.938600
211.231681
214.748981
203.351055
208.802888
218.630530
207.219597
206.138459
202.808924
199.368596
205.492728
197.112330
215.237182
204.686627
202.485338
199.130465
204.161872
224.612477
201.885213
206.286092
185.944242
184.143407
185.001141
211.234322
194.567847
195.711950
183.670556
182.840087
196.548185
190.311841
188.481720
188.307002
203.546783
188.923244
179.700972
204.855547
189.558616
190.288284
202.812823
202.825549
189.411460
189.455219
203.788995
206.371760
204.650687
189.624943
203.032718
192.155812
194.087909
193.296035
184.098296
214.909259
193.299842
213.349960
194.211270
189.809761
195.738544
191.336436
182.183843
192.707686
184.023330
178.943489
211.593440
227.627656
227.449136
220.116969
220.120455
214.216504
214.127042
193.901574
193.069325
190.809462
193.984401
189.772131
185.432696
192.636825
196.700851
205.713281
201.391862
195.174510
195.979436
196.950164
211.797872
204.598129
181.661553
179.994441
181.036462
180.965750
181.689928
195.601786
181.148575
182.616559
182.661552
192.805793
175.012151
175.021663
180.166696
180.840074
175.754373
175.743480
203.397119
181.261470
199.220512
182.926571
183.737228
181.148690
181.958878
168.180965
176.835875
177.644891
176.827717
199.457823
203.560894
203.543317
202.808783
199.059524
186.181801
188.445401
187.933111
187.223546
177.541769
177.536913
186.636431
177.636348
186.801014
182.006488
173.358462
172.318643
188.695863
204.103119
175.118583
175.841575
171.277113
186.939808
187.867665
180.634306
176.995780
175.954628
192.376872
184.907851
185.683215
185.073900
179.566365
180.261936
179.668740
176.032257
178.789313
186.366374
180.314919
175.033211
191.798768
173.259819
175.814049
169.845396
186.904411
204.034726
178.475756
174.159971
191.262789
188.098101
190.611862
181.720478
188.128679
183.902676
186.977488
188.488553
186.954963
184.508787
195.324788
206.424416
195.321289
206.429423
170.791186
175.741321
176.034602
176.757109
175.265145
175.562955
170.896254
177.790374
171.682979
176.897393
178.386248
178.470589
175.157169
191.279718
183.149286
182.294716
181.126694
170.206527
163.879314
164.661769
181.727352
173.298941
171.646149
180.028311
169.878475
169.886781
168.227426
168.961605
169.915124
176.932455
178.541387
176.756692
177.870309
179.154312
178.564856
187.897495
179.568589
177.898655
180.297119
181.103315
178.755587
178.911965
179.207821
177.575542
187.897233
195.326393
184.346739
174.184236
173.918245
173.946392
174.280591
175.882289
173.294601
174.290473
189.831962
189.808214
175.163303
180.145024
180.118879
180.308824
183.499295
195.040403
188.898576
180.225046
191.819173
181.276955
185.867503
184.778303
183.713614
185.651954
183.547998
183.723301
183.724491
189.179110
189.216358
193.291331
203.256407
195.931767
193.322427
169.995784
170.811157
172.603009
170.524809
170.802431
171.624394
173.377734
200.675814
192.276038
177.601175
182.109779
192.235155
194.843004
205.826342
192.485556
194.120985
189.654847
202.130798
198.815035
198.813571
177.023894
185.685636
183.321284
195.625603
198.859459
198.941651
188.923959
186.116607
187.640814
210.126431
203.847464
207.107119
208.182325
205.573401
210.539984
207.575920
199.042818
181.071170
188.152804
189.138719
188.672171
188.694892
177.770137
177.024440
188.791733
175.940243
175.144466
180.101373
181.301625
174.802347
174.053051
195.992722
199.016993
192.555048
195.822271
187.388487
195.145359
193.006235
188.223122
193.628261
185.328069
189.537082
189.820156
190.718525
186.533514
186.435047
185.478951
193.430659
181.366769
181.345341
187.503931
181.229145
183.372694
186.454499
182.779248
175.300414
175.745866
176.638111
180.478764
169.985318
182.189445
176.070781
180.541064
197.537574
192.605909
184.786919
186.028045
182.146539
181.396803
178.948687
177.596224
180.174498
183.363873
193.928067
188.062489
191.208006
188.143567
185.489849
177.851188
173.524085
180.540208
178.204995
184.628682
188.139276
184.769867
189.460010
183.762887
174.554137
173.567800
184.410677
191.021738
180.761266
179.736174
190.335248
183.418936
191.048963
183.033793
183.503783
181.499961
177.250842
184.100858
178.659827
183.061978
175.234384
180.903484
176.016859
182.078454
182.641471
188.140317
181.107568
179.035090
169.764394
168.919540
187.649201
172.562955
169.803858
169.782653
173.520424
175.165834
169.140799
174.876443
179.375413
179.416189
174.960326
179.511637
192.855302
180.451178
179.512071
186.864978
168.980105
169.998832
171.767237
170.867785
175.850890
186.328228
181.304405
186.031993
176.868467
184.646686
183.005532
179.529940
181.317240
186.031001
186.090723
181.914922
184.112497
183.499661
188.749568
169.019294
169.815824
170.488422
169.786988
178.657893
174.261627
174.189580
178.507543
179.204833
174.081595
175.923530
175.794979
169.643788
168.942130
181.294578
187.265417
185.116794
170.665704
171.461640
174.442030
175.128874
174.427843
176.080465
174.482922
175.137772
178.603332
173.678573
169.097179
171.043559
180.025616
174.239970
182.139077
179.553503
179.425404
179.160934
184.233469
179.891546
183.121041
181.504981
179.896373
179.957357
174.296531
175.125806
179.319112
180.041001
186.969546
174.934824
184.352345
186.074099
177.786076
173.422382
180.475407
198.767526
205.424183
197.610765
206.136903
196.113011
196.019789
205.792426
189.136533
198.276274
205.679643
202.930903
195.363577
196.668864
196.666991
183.993196
189.300419
192.924961
196.616469
202.108639
199.556249
190.403643
188.522662
185.794579
187.555434
191.074495
189.629055
210.004848
188.836689
193.434715
193.436349
187.490781
185.404602
189.158914
189.158180
198.602843
200.883628
199.469346
199.457623
196.641009
203.786163
184.780961
180.378505
188.600256
190.292706
188.045943
185.913574
182.183709
188.971608
190.741058
182.172377
186.868336
188.492346
195.938964
192.310266
193.500911
186.597218
187.520352
185.101909
195.567314
204.528363
205.486824
194.427076
193.517901
194.608333
186.120067
189.050377
186.096920
192.223675
194.508062
195.149162
180.990944
188.403867
180.934858
183.257826
180.788197
183.248742
186.457310
188.990442
188.221647
180.955418
205.528177
186.554550
202.365115
194.372608
193.814763
193.278529
198.140888
199.628493
197.146951
201.418529
194.212471
195.304128
191.355969
181.984723
188.020990
181.850960
190.999366
191.346801
189.985034
188.242363
182.042798
194.404562
195.130272
187.549219
215.712625
175.510326
181.040659
186.473643
190.957068
182.653070
209.020285
212.507857
216.047250
213.833833
209.347864
208.609422
215.919170
204.306469
187.391234
188.448277
188.333868
188.917564
195.235769
192.986468
206.636556
191.127423
194.837087
184.635230
205.846541
199.761944
191.717219
195.428718
185.220626
186.702453
190.474543
193.241661
183.005108
196.812983
205.010035
197.597828
196.001093
200.018982
191.036310
194.534732
197.682976
199.288387
192.643148
185.997865
194.772718
188.571749
198.723770
183.859333
184.444584
195.467649
200.618301
193.158203
201.882361
198.931878
209.061136
196.006578
188.624466
199.538438
192.829880
189.178268
194.492157
206.805673
200.207238
204.995194
198.895675
193.391344
185.473466
195.753756
209.558751
207.255161
204.592676
201.012108
206.585214
207.658551
200.754079
172.585918
176.209572
171.054597
171.762992
176.919468
182.644747
171.954256
178.147634
175.479737
201.694442
186.123726
180.162353
176.174464
170.988184
186.848970
175.835562
170.681450
202.709480
178.779434
203.329840
201.069853
201.661366
197.890700
199.518527
198.251441
194.424949
201.626208
214.495246
190.247461
202.395995
194.282007
206.835073
192.085135
197.009839
208.612754
213.167261
224.412918
210.980685
199.755376
206.999137
194.569656
196.408014
201.401338
199.984733
200.253193
196.089833
192.884374
195.270789
192.823960
213.380883
198.746577
207.072708
186.015922
201.660453
196.132973
202.632435
196.647070
190.794578
203.180762
205.471120
195.750056
199.441282
198.676918
201.029154
212.215905
190.282727
195.539559
206.009395
192.984613
196.996671
201.245595
201.503883
213.111074
192.084709
207.835409
200.748151
198.320426
202.185230
191.827857
196.228366
207.304531
215.295453
205.131523
190.691450
201.739110
190.338676
191.521034
191.616423
199.955978
196.212339
206.030840
196.405543
194.563371
193.262665
202.627067
207.503446
204.211028
202.974749
222.005143
200.436316
207.808005
207.048000
204.625636
216.890976
203.143342
202.173310
200.655821
201.417139
212.806770
211.689905
204.557871
195.145086
195.268219
206.539586
197.582362
187.866340
181.352205
191.600694
190.435076
180.843664
180.300899
192.610974
185.678568
184.747583
199.942211
197.079136
185.766958
186.765165
187.635212
199.855625
185.705040
198.380410
202.231133
197.925576
195.135893
197.531949
209.500649
216.756168
208.342559
199.558994
200.188297
203.003088
196.876679
209.138228
208.993083
208.078184
199.337408
204.904579
203.773374
189.538488
175.059438
175.402564
176.096822
182.285668
182.961554
183.004566
183.579228
207.773720
210.626710
196.835018
190.564838
196.874212
198.172725
205.592389
194.705386
199.076712
193.591027
198.346946
212.988088
192.931458
195.165392
190.141128
195.561759
199.863173
201.747367
216.657973
199.284136
195.656671
201.177881
195.592178
198.414639
200.210200
201.478105
202.863910
201.418863
198.738327
214.250014
196.934429
188.658484
191.022976
200.158034
189.440316
203.668883
199.130071
197.957071
191.553092
207.692279
214.529504
199.475503
210.967474
205.437986
199.862536
197.863500
196.124403
192.328609
187.759136
207.184214
194.079525
205.971734
208.854855
227.065212
210.609767
221.096547
212.037724
211.227313
205.849569
210.485887
219.824994
211.945986
211.103341
190.618102
196.827027
194.188744
214.056494
196.775816
189.879241
205.806303
201.615638
208.182496
199.882391
197.265596
191.098775
191.174137
213.432622
198.488614
197.703077
198.455945
219.076378
203.102261
202.045637
206.815760
197.365942
197.465708
193.141999
197.465462
200.677225
198.568381
192.328212
201.490356
192.219998
200.643413
195.660078
197.271805
198.910981
197.426564
191.287111
197.810798
193.108606
205.724400
199.592531
190.986858
201.724414
198.550857
197.349786
197.323712
194.226302
198.511425
194.647622
206.869127
198.656332
192.414591
194.178861
200.595702
200.968354
211.131491
200.776766
211.914726
201.832485
211.408224
198.413531
200.635381
199.518957
194.922620
196.059641
208.084356
185.387064
185.637790
207.977051
192.469445
197.862078
192.473555
193.253950
193.821764
191.947883
192.730868
193.351093
188.321164
189.163118
189.523030
194.104191
198.558908
204.878414
203.724443
202.975271
213.026570
194.320491
193.888433
199.614412
203.545483
203.537717
202.656001
218.449932
199.674854
199.326318
203.945113
202.571225
202.245764
206.894076
202.534096
203.107550
195.069971
201.369837
200.266371
195.329748
201.290414
201.915037
206.627109
216.303524
199.134381
202.959802
198.508823
207.820225
195.528000
194.546274
200.028696
194.508982
195.050924
192.731731
201.816861
205.209934
198.942084
196.609889
197.393155
196.944865
188.557993
192.576141
198.754390
188.219936
189.979370
189.155491
200.320366
207.060105
194.388066
194.427993
210.109601
195.217123
195.884084
214.259087
203.671084
185.492658
201.591348
200.780829
183.639926
197.653361
187.204278
189.047131
189.232751
196.040218
204.433091
187.709335
187.749981
185.451716
198.411969
196.399792
184.638001
186.100069
202.495518
199.039345
188.595342
188.619332
190.463171
208.571524
195.653360
198.057880
175.862178
184.956703
180.151739
176.808747
181.671961
181.144365
178.884201
185.337294
225.489177
225.346669
221.106723
221.107156
229.884766
222.131221
229.883780
222.130350
229.882794
215.548790
196.078841
205.491003
196.780669
198.968520
204.452213
206.065415
200.533302
202.190020
197.488750
199.056656
196.154835
189.599428
189.582966
195.144594
190.112266
199.471045
201.187505
191.618575
197.285441
191.109828
202.828563
186.758873
190.550522
197.119058
190.979777
203.767017
186.630166
203.805266
202.960786
210.226385
216.619907
205.070229
202.896636
198.629920
201.197733
201.804282
204.863613
201.270525
185.101519
185.994105
205.385372
223.982747
214.130389
210.437547
206.342107
199.675060
207.213778
216.308912
195.207350
195.186809
202.314473
203.471803
196.546360
211.570088
194.349851
209.417733
213.007615
201.067671
199.907115
187.305133
187.235986
201.190620
199.488318
198.131723
198.916501
196.948904
204.875227
207.127052
207.229654
198.271527
198.400951
197.115014
197.900201
191.885064
195.259278
203.312195
203.936981
207.590095
206.577990
208.394289
205.621521
196.222715
196.814599
195.091557
195.716334
197.067421
197.819465
206.574173
202.210918
204.844130
198.719496
206.011707
196.315415
201.167687
204.789351
203.662325
197.561980
209.877993
204.057979
204.043407
198.949356
198.932267
198.696840
199.500942
196.800389
219.233205
219.600766
226.391384
223.267117
222.637424
223.285022
228.216827
229.651634
190.597389
201.380538
209.406133
217.240225
206.521820
196.379086
211.829458
207.279232
208.982917
219.008557
209.743117
204.313609
205.173142
196.917815
203.949589
196.925566
204.850105
208.335784
205.632243
200.356881
202.441341
194.962388
203.049606
209.284267
196.339382
215.848271
226.087737
210.598893
201.452183
199.053583
204.818052
212.719815
216.675748
222.369706
201.743266
202.488886
201.740988
194.605576
195.356923
193.883915
214.156691
213.885184
213.715989
219.606489
216.473628
231.939430
218.379806
214.505270
213.892299
211.801606
206.638908
196.489790
212.976467
198.564368
213.067563
196.598914
207.304360
201.732987
202.483359
204.954042
204.929584
207.619028
206.975143
191.353334
195.926101
198.747586
202.672236
208.355151
209.393514
197.957237
197.929291
202.678829
204.685625
216.487485
226.453683
227.039918
220.335788
219.518962
219.927374
226.717088
227.101813
228.763085
227.082633
233.829775
224.219884
225.332928
231.024767
224.845712
232.590068
230.966526
225.491037
223.867882
225.300406
223.854280
224.988315
234.090973
225.760825
224.202253
224.235811
225.373637
224.645123
233.553476
231.608572
228.161960
230.997567
229.692152
232.349353
228.103265
194.401410
194.374091
182.456847
186.753122
176.005373
196.650088
193.038563
184.312769
181.080232
186.527785
176.820443
190.201579
177.646005
179.107423
197.705205
180.633891
175.242984
192.486743
187.871142
187.906985
187.999181
187.848010
187.939461
198.290955
200.627258
202.823051
191.771231
192.530468
191.023113
195.100313
195.045656
188.991856
196.815653
195.861503
189.786349
195.045766
204.465951
207.002813
207.832660
196.915585
198.675884
204.785155
196.233471
201.059669
204.699344
199.903506
201.066971
200.690745
192.053808
193.674662
194.391080
206.636732
195.422159
199.995957
187.404623
188.923587
188.446589
189.584246
187.852051
187.324914
188.473346
189.056475
186.196299
187.340738
182.478967
182.462993
176.575630
176.152731
176.559612
176.057789
175.861619
180.225661
193.338596
187.516910
187.385692
182.774718
176.668936
183.436065
181.750910
176.628913
181.735381
178.764562
180.993256
188.876413
189.760372
198.722319
185.705552
187.418350
187.157864
186.445261
186.635316
181.262968
181.163829
183.390271
184.164209
181.428770
186.510134
189.012076
185.822887
188.432880
190.730647
188.283831
192.807015
183.000502
185.159996
191.622801
184.087654
184.093558
186.433738
184.713596
182.101228
181.751865
181.547938
182.063989
181.828077
191.746915
187.533002
187.280611
189.094363
188.638548
188.607443
185.490270
192.431374
193.529960
187.981235
187.757902
181.081956
185.463048
193.828596
187.445356
187.376378
188.476303
188.157515
186.177998
187.633121
186.243111
188.034731
190.375432
187.741329
194.631593
195.941757
189.193268
195.021385
199.847713
195.952974
195.031019
198.351785
193.076255
195.870805
195.533767
192.814430
187.303336
197.601978
189.854343
195.328276
193.710400
194.433068
188.215250
193.595889
193.427594
193.611300
195.897072
199.844244
199.739630
194.024787
195.250068
188.504045
194.412688
195.233394
194.386810
193.606368
193.818894
188.417580
194.642224
192.319452
192.756648
193.350428
187.318792
193.908802
194.778119
187.805252
176.682660
187.248158
181.717514
187.158992
182.064268
186.863815
187.224576
189.080807
187.874184
198.121396
197.702925
197.891152
192.675674
194.208626
192.540004
195.958372
198.232481
188.532899
189.775430
198.263087
196.473677
193.413414
192.743063
198.989959
196.926085
194.677980
194.733528
194.800285
194.208364
194.568251
199.813655
189.991444
194.545393
204.449725
190.198229
196.350887
194.611917
194.817810
196.450139
194.150418
195.281468
195.347307
206.086550
196.890289
192.614177
189.354927
187.840142
189.611242
205.720143
190.777027
202.771902
202.117607
189.137024
195.488652
205.754387
194.367569
187.097164
194.192601
188.889409
184.398095
203.770831
196.813548
197.839643
184.825535
185.406977
193.385893
196.868962
194.840343
189.692721
194.104158
210.195629
201.107701
198.880487
204.651421
206.106022
210.760643
208.062662
214.733062
196.892752
198.443274
192.239490
203.569786
200.217477
204.868147
188.829223
217.749398
211.568492
210.448478
209.132918
218.544119
203.940393
211.003828
212.045183
207.550280
217.951807
205.149124
212.247497
213.288980
218.836176
225.857212
181.736483
182.020542
183.470282
199.931618
198.280082
180.574744
186.235482
187.379928
186.062913
186.820502
198.276513
197.048555
193.513180
193.553733
197.970744
198.706428
197.297439
196.541655
194.365736
195.758510
196.665831
194.569571
190.259499
185.949234
205.186008
205.312096
209.578134
205.238222
205.277980
207.327023
197.767614
195.898981
196.806142
201.193186
202.983081
207.048683
198.668353
190.506214
197.110342
197.960795
184.830697
188.405130
180.520444
184.093070
194.422767
195.924074
198.695074
200.315051
199.874643
195.888728
198.383351
197.114901
196.799724
201.453952
201.708384
196.937816
205.714051
198.489921
191.792737
201.933857
207.512093
214.405699
196.453099
206.283636
196.833259
199.252945
194.683324
206.534615
190.830194
196.953570
213.675528
196.179093
204.812236
206.721400
192.831948
194.676416
194.557031
193.346274
210.230048
195.770410
200.299136
199.460830
211.242825
200.182839
195.727824
201.029431
206.930436
201.908558
201.237725
200.147048
201.062493
201.951510
198.187913
193.467799
194.089665
195.733609
196.290754
194.533348
197.701536
190.272747
189.379012
195.932626
189.655974
189.205428
191.612331
192.814186
188.424893
190.167230
190.751890
190.446885
189.889453
195.160646
195.846366
190.311308
189.152699
199.963483
189.040324
191.260349
190.676929
187.929699
187.886963
187.980284
196.367751
194.564192
194.729133
207.931091
196.165393
195.818226
204.675524
195.132381
195.722571
195.881716
199.157191
193.002331
210.184968
210.145300
199.861321
201.036393
207.267581
194.442294
202.084725
202.397398
209.882261
201.285246
208.675009
208.569715
206.356945
202.592543
198.827021
207.627474
203.507191
207.021495
200.037352
214.007235
197.618062
205.516760
202.692141
201.458326
203.323236
202.216186
198.734238
201.631955
201.656443
223.582131
225.017315
223.526919
230.320711
221.211726
241.644843
190.290670
186.840882
202.185202
204.014147
200.007643
193.225234
195.821604
200.077413
198.812856
207.387215
196.561301
208.445756
204.996014
205.746579
197.834535
197.084505
207.472034
196.560560
209.809563
205.209638
205.443608
200.976610
211.463960
207.257320
193.148527
197.762259
208.503324
203.281653
199.115980
219.502149
224.286626
212.539531
217.448443
214.338570
216.609603
217.447097
207.083163
198.812908
201.071429
194.359127
205.947957
205.946471
215.301454
220.430203
201.196925
195.775473
203.270335
192.543762
212.719624
184.798099
177.859057
182.836592
193.811795
190.322794
196.615003
196.726984
192.601347
195.450828
188.892986
181.776358
182.049556
189.941735
195.481757
198.551502
194.473408
194.539873
196.618479
194.246564
194.319391
198.493633
198.028410
206.029295
200.775041
203.042968
196.261448
202.432774
199.448968
209.113406
199.902555
188.991253
201.460751
197.113712
208.978405
189.745668
189.346330
195.245763
203.655345
216.423378
212.140123
214.571022
200.876122
198.663661
216.363236
197.202368
179.157510
179.152196
182.477455
174.295996
174.769687
194.234608
182.740475
188.040421
185.495980
181.241726
186.542981
186.237019
181.079066
185.728168
185.020592
179.586328
177.792818
174.082886
188.832484
188.770915
189.857739
179.161791
185.814806
181.914731
194.803908
184.462002
186.310367
191.605103
186.165321
181.747846
184.088916
181.747884
188.661089
181.879696
181.150357
194.201589
186.281863
184.736109
185.459318
194.092241
189.669346
182.860187
186.493213
188.711150
180.988575
180.909921
175.213018
185.756542
190.864837
179.577707
194.161927
182.720739
188.077893
191.582331
187.138761
176.572524
180.357840
180.264334
181.647274
176.494899
185.501430
188.385441
187.557148
185.583317
179.512108
180.300129
179.555543
181.724416
175.935365
188.088569
175.191089
181.105722
183.261214
180.275120
179.239238
179.157696
169.062326
180.369440
180.437093
180.346804
179.380328
185.333507
173.462709
179.447332
178.458714
179.495904
182.533794
173.225070
175.815191
175.072177
174.147317
192.402683
183.612896
182.453656
189.106598
190.793409
188.533138
185.885690
187.613273
176.014149
180.489765
185.273425
193.417924
183.615380
179.941242
179.232939
179.258484
179.313896
179.285403
182.482539
182.478896
183.064024
179.959431
179.932464
185.507456
185.430036
179.221551
198.327316
179.312547
180.307791
179.581103
179.612600
180.310400
199.245764
181.078884
180.415296
182.435815
194.681998
194.345805
191.567251
187.090044
181.718733
194.923946
188.829514
193.194878
186.479046
193.676611
187.292989
181.136223
180.839938
187.807640
186.182960
178.474230
179.181196
184.870783
182.505432
187.155701
187.231019
182.463464
186.475716
178.598647
187.854451
179.417244
179.351072
187.881989
189.059122
174.167647
174.051061
179.230725
179.479730
178.608768
178.503195
179.252647
179.483020
187.103199
180.282775
178.590455
187.046116
187.142569
187.125128
186.846758
186.909386
187.939561
189.913214
204.283144
189.957316
178.680481
185.920401
189.258282
178.704675
186.897944
186.867391
197.992879
198.018996
211.467159
188.712362
183.572783
183.579885
182.097127
184.031533
200.464606
200.491350
203.991031
201.074881
183.094036
182.396554
181.050487
184.171768
184.352760
182.837194
183.509875
205.490582
188.026857
190.596546
175.825534
189.659533
191.237323
175.800164
198.555993
186.636780
180.266809
180.302950
180.976971
180.279359
193.097588
190.997867
198.452313
198.863589
182.825103
186.186788
189.680948
205.070848
189.725048
186.101143
187.090812
178.956123
183.093904
184.202130
184.035939
194.400867
185.963914
181.744365
183.413563
179.415044
182.826606
184.537173
175.309006
180.566113
193.489313
197.565226
193.890175
183.567482
184.706411
190.672652
191.609775
191.673699
185.419376
180.430824
184.664325
185.774622
186.449085
181.064359
186.413477
184.968289
182.072413
197.526172
182.707009
202.343980
195.485140
185.204611
194.133696
186.347656
181.311453
197.510712
186.691340
187.385103
181.963924
187.335928
187.878532
191.553987
189.488764
180.392047
197.674765
192.061806
186.743693
190.326867
198.824967
191.921989
199.883865
188.943722
188.997859
190.677327
190.254205
181.520889
198.799909
186.822551
186.641151
181.507403
187.094587
187.885340
192.244138
186.759760
203.395089
191.654218
192.605373
187.249741
189.705835
188.363805
193.184195
188.364149
182.980186
191.384180
184.767359
192.463445
185.790624
185.823955
204.906282
204.989658
187.414855
196.772181
185.770586
194.239466
197.810442
193.399824
189.025550
188.129882
190.586928
193.394163
192.494314
180.426160
188.157152
188.844113
192.398852
182.939052
183.481063
182.877476
184.549134
182.206076
180.490144
211.455001
193.731155
188.123346
193.592750
193.499722
193.260050
193.992185
194.603706
193.383205
192.464468
193.428699
207.155150
189.890488
197.392747
200.902530
196.205400
192.718548
201.897349
192.437767
191.644646
193.297717
185.951612
196.264847
186.631834
191.700058
192.770981
193.441751
201.911613
192.016153
191.902078
191.884030
191.333993
191.663911
191.954314
190.950464
192.692219
193.635022
193.648770
193.373182
192.449920
198.922772
189.353062
189.679293
194.408194
195.931244
194.633302
190.480260
197.329257
202.649604
202.741951
198.471338
194.999240
198.848295
194.059413
200.143971
193.487896
195.719268
194.102590
193.525606
199.010109
190.824275
195.253096
194.122602
195.843301
198.920626
183.144958
192.391716
180.327624
191.443047
187.978822
186.561668
184.934222
216.659005
195.982349
196.625459
183.022038
183.745833
196.372037
207.220170
190.247065
188.295234
189.019513
194.826659
188.880912
196.352342
202.773147
200.942064
187.390687
187.059702
189.658324
184.473429
192.817454
210.550156
201.698363
193.265926
188.758078
201.513019
190.475106
189.449060
194.204901
206.257990
189.289448
203.781918
199.322993
190.126524
193.933100
193.040114
188.186594
194.350527
192.559938
197.122096
185.204522
191.277618
183.610440
180.938169
190.379385
178.023852
183.186910
193.093448
194.227163
183.819638
182.108775
176.876702
181.372916
193.019621
193.044409
183.743612
187.934786
205.550820
207.342961
199.937547
206.750513
199.163767
207.505172
205.559050
199.415335
199.973531
201.897625
183.682031
185.504600
183.977090
202.755239
187.366326
201.206995
185.818023
184.271188
198.518109
199.275684
202.345099
202.333542
195.886716
195.956455
198.859786
199.614421
199.154562
199.148315
182.819041
189.815824
189.723724
192.777136
196.755164
181.280776
180.579957
181.733913
191.563024
186.131912
196.720269
182.226456
203.055117
189.974628
188.480977
184.905198
200.222109
190.029574
192.542881
189.038814
188.396205
205.568283
190.092020
182.230834
191.604942
181.531011
196.750553
191.794023
192.474097
192.438487
192.507775
192.734633
203.018923
190.931433
185.842549
199.108891
190.982552
175.843386
175.096905
176.268086
186.164476
180.664850
192.283350
175.122572
187.215365
182.236986
181.226253
187.169568
185.474739
177.116372
192.517306
182.239441
185.582038
185.313571
187.015070
182.910615
199.414755
186.878179
192.990582
175.373948
186.992487
187.024511
182.754635
188.665341
189.353912
182.222708
189.717631
188.926953
192.509151
203.729225
192.569124
181.309695
180.301568
193.320754
192.501761
179.758279
177.841413
177.438549
190.836520
191.880361
196.387537
206.040330
200.797346
178.717556
188.663241
184.144933
197.053820
196.192544
187.352181
185.930639
188.475509
185.550770
185.939493
182.310896
185.538442
187.747782
182.191415
188.757105
181.871885
178.683438
189.617288
182.314643
180.688994
180.627033
179.740791
183.865853
178.268022
184.589480
185.542436
195.792415
183.695412
189.197989
188.401418
184.397212
182.055449
178.651641
181.748632
182.127243
169.653551
181.746760
174.115359
190.782802
190.861050
195.598789
195.036317
195.108921
185.625627
185.581913
192.505794
190.045531
191.963794
189.385824
200.652935
188.952196
190.186054
200.583934
176.259411
176.197745
175.982624
175.909903
178.820912
179.490606
176.694651
171.380235
171.751848
172.439350
190.298517
199.016509
174.815272
176.411377
175.694246
189.940441
189.896728
197.878706
190.551233
190.089239
199.714556
184.293472
200.136649
203.265563
207.598778
199.150205
207.603823
197.534712
188.860674
194.467095
195.232204
193.281097
196.804558
190.483065
194.204514
194.994403
209.299433
200.894907
200.281669
204.026094
201.006971
213.358421
197.498168
180.160999
180.835032
193.997455
180.967885
180.972596
181.644989
196.507750
179.961205
179.940000
179.974499
180.627800
192.336579
186.906912
181.387742
175.223109
201.920052
195.597907
192.602009
182.552254
203.611477
202.866301
177.539320
182.739216
171.448355
175.075082
184.646337
178.663544
187.131611
183.599336
187.424805
173.236272
173.263074
198.558287
181.784690
182.833306
176.662955
174.753351
177.710421
183.894225
179.449905
184.598073
187.290085
175.196063
197.183501
197.154400
211.232664
208.445943
195.230577
189.008908
198.194556
194.450939
188.228957
187.543991
191.327135
196.522336
194.654034
171.173880
184.686223
188.088518
192.288355
198.624437
189.515954
193.055745
199.422821
207.446851
203.178212
195.001477
192.177970
195.750390
195.950906
195.271276
187.463565
198.295135
204.007897
190.573563
189.072418
202.705985
182.988193
192.389372
203.799140
188.222623
188.384601
197.654413
195.210899
187.608478
178.667415
194.961840
193.121973
199.419790
188.018000
187.994824
198.796359
191.554804
176.902178
175.199883
177.686914
175.988317
200.143655
199.381719
201.950476
195.774727
183.715383
182.958117
175.134945
176.689382
175.700181
182.755109
181.303541
180.977605
183.747644
193.112533
194.146320
191.242223
192.373489
181.004082
181.355157
176.714516
175.159275
186.195561
163.998081
164.432821
163.774065
188.026356
187.320139
181.013524
181.741895
181.022442
181.136839
185.488023
175.045538
175.044713
184.559034
177.887961
185.538797
204.030931
203.405142
207.789405
208.907560
219.296034
225.481849
222.159269
195.768698
195.142716
196.899451
196.271945
200.633810
212.244032
214.436583
187.293728
194.272265
187.261592
215.231780
197.655665
206.748964
195.142851
184.909136
202.046824
203.534808
202.755817
200.643828
200.016315
207.971833
212.229512
204.639430
203.870229
203.785148
215.636806
215.631551
206.131181
198.325036
201.198103
190.875582
197.967498
189.090304
189.099765
196.880958
203.711886
205.736248
189.070633
201.129261
185.498046
197.371019
201.413775
211.075815
203.617143
196.674133
193.955194
200.184051
179.501772
213.827052
196.478181
191.054139
201.126909
210.832317
199.692781
194.271187
188.037328
179.620704
181.486818
194.938736
185.549746
194.547597
186.631499
190.942561
181.094164
186.596037
193.865560
190.693073
187.364153
204.757901
189.339734
187.994822
188.552029
191.569077
206.496012
190.992146
199.455759
196.059226
201.590620
192.318460
187.488068
194.324615
193.693222
195.345807
191.141733
191.386228
196.912294
187.022424
192.547752
207.955781
193.464426
196.079392
197.615440
187.291815
195.157515
203.622758
192.702979
188.277888
186.947360
187.433432
191.087027
198.434464
196.060901
201.681697
186.774117
181.938053
185.591341
192.504581
188.174208
196.083095
209.126510
194.552124
173.568850
190.460453
179.546881
173.514104
191.618468
180.370461
230.073750
222.563149
216.762849
216.759297
224.744224
227.243966
224.744250
227.201514
224.244956
224.198118
224.200511
227.246085
224.741837
224.742353
224.243060
233.724501
237.537259
233.726945
232.646562
235.146083
232.646069
235.105335
236.276239
233.823485
233.858536
236.172140
176.704477
174.978617
183.335640
180.980749
175.780109
175.698509
175.791812
176.676323
169.520630
168.877066
226.986373
227.340315
214.900174
212.971491
210.843412
211.293546
211.341529
201.089153
215.135631
204.615471
210.010020
193.653792
192.810145
194.441624
206.443584
187.340832
208.245538
208.986512
206.750690
199.267321
219.284386
209.047690
212.335463
198.905753
198.855078
207.718392
207.721045
203.069983
211.897902
202.551055
223.976310
200.554503
204.532830
201.289441
198.042835
204.130086
201.397461
204.688291
216.417197
223.970556
198.699000
204.768932
208.820518
201.998715
208.860629
203.507743
199.981510
211.299065
211.249453
205.240166
215.828667
199.750983
193.522801
194.420538
205.130007
201.849022
223.827396
203.471186
211.962126
211.963056
210.295800
206.167942
206.302365
199.478707
205.543098
209.556067
202.739220
208.861048
203.468015
214.760416
199.943354
210.200091
210.149327
206.733288
195.492265
197.380330
206.900156
210.472402
212.593396
208.151550
216.104327
210.674728
215.484135
212.305163
212.122757
214.494994
214.477606
213.462127
205.598290
211.146971
213.479291
205.628893
202.732509
210.470492
206.146324
208.346756
217.332888
217.323271
207.150411
205.974647
215.592165
170.833549
168.941967
171.516892
169.593353
209.992476
169.569839
168.819413
170.585058
168.854474
198.900628
198.922663
201.041274
201.042740
198.890970
174.195208
175.001248
178.617968
179.321717
173.280357
173.276776
174.990878
173.403507
175.808459
173.267170
173.976080
168.794461
168.830427
168.067835
168.102359
176.582165
175.882760
180.096941
175.494618
181.106591
180.070869
178.624073
168.012468
169.780679
168.768557
170.530589
169.842654
168.187033
174.142271
173.993974
176.588410
174.897410
175.655337
186.815319
174.908395
175.666009
197.481287
174.308920
182.831939
170.904000
170.764440
173.393327
170.960997
172.569567
163.973175
169.287799
178.596517
177.002848
175.118140
179.492512
176.923546
186.575853
185.153564
179.494090
180.567202
180.189902
180.200032
190.448515
191.135972
182.091611
176.030523
175.845047
178.797871
191.872573
180.996420
190.249881
182.684321
175.153377
180.146044
181.623032
183.100046
194.633442
169.731521
195.164928
198.845828
196.293719
189.091405
179.690826
184.254983
175.181861
169.026043
198.799307
207.915862
206.755332
202.920316
182.456212
184.639962
202.456785
164.735165
169.040385
169.067371
166.453972
169.652161
169.009784
170.049964
168.200812
164.642863
165.367591
167.473759
205.714954
180.493916
185.001282
178.655856
183.164940
222.577210
225.439953
221.202210
211.928216
221.188051
206.414950
194.722490
204.175677
197.955576
203.090803
203.242674
189.663208
185.069169
196.799321
205.415921
203.206547
204.008369
192.314836
198.784208
212.620032
213.971719
195.578688
195.463285
202.750189
203.769241
213.212466
196.658626
195.822866
195.012477
189.722984
193.273975
183.860394
192.296836
191.667983
192.820481
192.449624
186.568087
190.932284
192.411809
182.122484
196.499880
198.292479
201.640101
205.614249
198.317735
212.525426
205.986099
223.907569
202.547206
208.248094
206.755717
211.024977
207.254521
207.142183
221.487560
200.444105
208.360455
200.222377
201.538622
241.889213
198.506636
195.311942
195.339094
180.943467
191.287059
179.491275
175.767288
180.606177
175.822395
182.231950
176.812382
174.984473
176.506263
182.641762
180.942917
190.231095
182.042360
188.176383
176.992731
182.091149
182.561785
179.601464
179.586750
178.575543
179.585446
179.932303
188.548428
189.980536
184.008444
194.460239
195.875515
195.550628
194.854011
195.840889
196.538548
197.024225
191.159395
193.915396
196.852967
192.070037
195.664994
192.167672
195.613540
193.809891
210.730927
195.097177
191.312466
186.750191
192.624219
200.083981
200.869174
202.028433
192.285680
192.345575
192.316454
192.419784
190.354675
190.261849
191.780392
191.815450
192.366730
187.133949
194.112299
197.280190
195.548604
203.755563
196.003388
200.506447
196.651921
202.821699
189.694517
195.794696
195.055731
207.326419
199.623610
180.606698
185.168719
193.054817
194.250313
190.167342
201.686050
190.318574
195.921999
188.745764
190.612866
189.402304
193.547719
198.773707
191.569124
201.256801
192.878133
201.322993
202.135189
191.319637
207.725722
209.172805
193.992833
195.520919
197.327213
206.138255
191.196076
195.052061
197.439614
200.627896
190.251289
190.184588
194.656762
200.811777
190.327920
190.920619
196.176421
205.360094
190.554672
191.530228
189.881996
192.358714
193.206522
195.909224
190.198182
191.219266
195.960193
201.856788
196.016419
191.184830
201.889816
194.426066
197.401857
203.505242
203.413227
192.149563
188.707800
190.310559
186.031431
193.881642
195.526241
171.619874
172.887224
175.678994
168.450242
172.470663
175.645188
166.513215
200.528567
194.157464
176.798963
176.851458
182.226573
179.018920
179.073122
178.427842
178.456263
193.525935
182.809543
183.538636
184.489889
183.898373
188.882788
181.313038
181.474958
182.760353
182.145204
182.808563
187.892926
179.614064
178.507549
175.102139
193.044352
176.595897
181.164148
182.730115
183.357719
187.225604
189.160478
193.461571
189.220993
190.959574
199.703365
191.020714
183.969000
190.785920
191.379695
189.151030
201.798421
192.441896
189.162941
190.659375
190.719717
190.306897
192.565950
192.007679
208.221484
190.650133
201.653189
187.103108
190.709787
195.713337
206.091750
185.185368
190.678826
196.862503
185.255482
182.788250
186.953742
183.568875
190.106546
188.395136
188.904255
183.472967
187.083626
185.228380
189.061867
189.100153
186.911271
189.855137
189.872103
193.374398
223.849344
199.353413
202.984295
206.006391
204.040331
207.004484
184.679784
186.508829
189.076745
182.292637
184.544910
184.086922
186.333109
196.841741
208.898364
217.340273
214.548081
207.807581
215.149112
203.668284
194.649416
194.583717
201.548080
186.119924
201.891126
192.696754
201.233250
200.530187
191.026577
198.828899
200.533642
193.288241
201.116375
202.852532
190.445842
196.576340
199.537161
186.110394
188.009301
182.414814
189.329237
183.946680
193.643552
190.567267
187.390736
184.398853
192.188640
193.388470
195.093015
207.705118
201.603804
205.690797
198.373631
192.293621
193.222864
191.404469
194.847055
189.949285
188.343268
194.291046
187.511801
194.525025
238.107995
189.662798
184.616451
182.248441
184.839191
189.610631
183.023646
183.947222
183.358291
201.416588
188.163607
178.881716
198.803846
186.756937
179.815854
180.834086
185.652837
189.996165
199.406072
196.531732
201.665646
206.899852
196.498109
201.637972
191.183623
184.744891
185.088716
188.141261
187.116113
198.214505
194.242106
186.259575
198.880092
194.976075
199.552857
180.026055
180.013727
193.122126
185.047390
191.281285
185.034626
199.266346
213.501329
185.275685
191.561030
199.485002
193.243534
190.971094
200.672478
180.863744
192.579173
190.008196
190.314921
190.696898
184.523003
197.406174
184.939038
178.584198
185.621592
186.938860
178.103217
182.741248
202.645971
174.656923
185.150860
194.914543
193.270642
196.515759
196.500349
194.845150
193.186722
188.071926
213.394796
220.647182
196.868996
181.216971
180.115522
175.157217
179.071766
178.402428
179.218593
187.787311
192.663167
188.743565
188.746820
193.775720
197.450907
189.833445
189.773972
203.378725
187.992799
194.405368
195.178800
203.911344
190.376125
193.657907
194.869049
216.566019
194.841842
189.912456
199.493581
190.972940
184.895395
199.721409
194.383544
195.042968
202.870448
207.471633
195.301046
188.296923
198.631117
202.187539
183.882006
199.657360
194.386528
195.015673
202.879408
210.186788
207.435476
195.299832
187.291471
201.195937
182.927994
168.204372
168.862717
169.118272
168.995920
168.979477
169.994564
170.644589
169.646597
189.600964
182.715307
175.823259
182.577280
182.003792
180.117689
186.897462
181.882398
191.604549
188.060608
184.687215
183.729105
183.036746
178.022626
204.868189
203.965628
196.840743
203.622785
201.444691
195.677530
195.640996
184.112375
185.810512
178.778446
185.442705
183.788237
195.813630
185.443471
185.531750
184.503733
187.946853
186.305811
184.419344
186.628399
186.206373
194.743470
185.524941
183.788874
187.981950
187.047218
186.325954
180.312464
180.994011
185.540433
185.553606
180.967681
181.297173
196.547149
181.941090
187.532334
187.330376
189.171321
188.557423
187.961992
188.063072
181.510759
190.666577
185.465140
208.049577
196.937487
197.767901
198.523216
197.805214
176.814086
182.984422
193.996841
194.062448
186.028057
196.810508
187.145883
219.175317
200.898921
197.314663
203.471425
204.505521
202.656637
219.069448
196.150761
201.623322
178.861365
185.801975
182.434261
198.010958
206.364838
188.738618
197.131119
196.487266
195.628172
199.426182
208.887859
208.938308
197.968804
188.664331
197.016435
196.296510
195.587769
199.419998
203.899120
186.400760
183.757484
182.039596
182.275083
192.373200
204.799817
179.657398
187.203833
188.096808
181.230897
187.190337
199.995007
183.525627
183.806655
185.322735
180.982182
180.243142
179.329195
188.701100
178.632484
194.108822
178.967661
179.343447
182.391932
178.226020
181.323971
197.489787
188.205005
190.040444
200.512077
196.445360
200.470182
196.395437
186.902224
181.890056
198.809871
183.394867
182.738893
184.209930
192.492983
190.965541
196.797458
190.889227
188.741994
188.477306
185.113973
183.992580
198.663129
189.510132
203.232220
187.489562
195.380332
189.155032
175.327798
176.937099
187.179007
176.880918
212.463621
207.251149
174.364362
175.081748
175.287657
175.242661
195.235322
177.025301
186.101811
176.115425
186.357664
182.267812
175.236719
176.003281
176.867847
187.831373
200.360823
176.208818
186.075047
201.048603
207.639183
201.088563
206.578833
199.420889
222.103832
200.156281
198.668524
199.709679
197.952751
202.244654
179.568926
194.074606
185.778511
183.267110
212.732408
183.253027
177.728150
193.243270
197.132851
196.339173
196.314417
195.115788
201.382216
193.587168
200.522004
193.795637
210.815091
178.648499
179.479122
184.002289
182.987747
184.821287
183.130260
196.326991
191.957435
186.483736
198.681581
193.889726
182.261161
195.254203
197.983322
170.457604
183.252637
184.039394
204.151747
182.447690
193.128591
176.955066
186.134826
198.522537
168.958626
175.317870
169.673348
169.021502
168.031139
175.290165
177.044448
182.913240
180.477740
170.961877
170.939613
165.540493
176.858499
174.983338
184.401186
182.056069
177.610302
179.288034
177.193386
177.278619
173.743963
170.942481
179.750728
171.736618
168.249845
178.683888
178.605980
176.709606
175.890350
175.179956
181.159620
174.241302
176.429213
177.485488
181.009649
182.784118
178.522959
181.928653
177.511328
182.618852
182.532331
186.374485
200.049711
181.046100
182.699095
187.075182
188.715121
177.805096
186.045018
178.536026
179.443397
178.753520
179.534722
185.545896
174.169611
185.474397
186.174508
184.736317
176.066759
175.836167
169.741121
173.312519
181.254266
187.186880
191.230268
188.867084
175.149734
180.786855
185.003303
181.116729
179.131909
178.485799
174.016899
190.166476
187.892163
178.876071
198.205238
179.223537
176.535997
197.442923
194.990885
197.442551
194.973088
194.954971
177.442030
178.550130
187.059204
179.874337
180.261747
181.134861
181.653408
181.318188
180.989196
175.875250
199.956758
198.989907
198.912373
184.453345
182.918512
187.343319
186.976876
175.945718
181.033980
182.076909
193.219730
189.699390
184.513205
180.110300
192.044177
188.554302
182.981280
186.921503
189.825580
183.459231
178.451608
182.290695
199.104504
200.074543
185.228081
178.911486
189.544772
179.351289
189.180307
189.223960
169.858286
169.067069
194.600203
201.918698
193.592189
194.719820
194.367285
188.292636
186.456242
190.405024
191.833056
190.542042
180.693006
200.100761
193.815823
189.354140
184.894346
193.576837
182.403467
190.316267
184.111352
194.896823
201.142889
190.435584
186.614625
191.073975
190.167842
189.737104
191.875031
195.189469
191.949953
191.195277
193.631562
200.085240
196.689155
195.903325
190.822001
195.504850
194.771334
189.508927
190.407549
188.511862
190.607701
192.921067
192.939758
188.842806
197.408643
187.572791
190.361328
173.974242
175.042932
175.330085
174.346478
168.936306
175.103253
174.312630
174.149637
173.404434
175.145258
180.078466
181.129477
169.778591
188.206791
187.971735
187.950939
180.911738
182.842925
181.735222
182.301812
186.674719
182.158077
182.848190
191.414152
185.480143
186.344186
176.941848
187.183047
182.062038
176.546665
186.654554
175.968932
186.222595
181.281604
180.538982
179.559034
180.520436
180.482238
179.198070
175.072526
179.465422
185.493070
176.629790
181.153045
181.706229
187.053315
185.567423
182.332606
178.489733
179.563130
181.135885
184.048136
177.256171
174.147577
175.893130
174.299602
183.854892
180.298910
179.536136
176.014102
196.869177
186.642477
182.244263
188.257328
187.245503
187.201183
182.780449
180.287080
169.775230
181.786301
181.010372
180.335920
174.889445
185.069242
179.674964
175.165585
184.290045
183.402423
179.389342
179.429144
179.954618
191.379620
196.011454
196.717047
198.396001
198.958633
205.889498
203.158488
207.038717
200.760799
197.829585
186.930504
187.985915
181.962863
183.320083
199.815653
182.202472
190.553286
180.347423
181.117974
181.899004
182.525478
182.860320
186.699812
187.318391
185.407739
181.120746
180.048627
179.854166
179.803775
189.618185
189.135450
192.967885
185.562066
177.554650
179.497842
183.365450
177.021023
176.026169
180.293779
181.110116
172.615853
172.637541
173.258536
173.965641
197.984776
166.490842
161.260236
198.955818
198.900640
169.941096
168.092277
168.881483
168.239724
169.958716
170.611469
168.872156
168.123171
168.100939
181.769537
180.115837
180.063266
174.823779
175.503291
174.776360
179.882904
182.373990
180.575647
179.744142
179.822199
179.677004
205.064765
189.307125
187.781995
210.767918
205.350334
202.648397
213.930359
214.138244
208.745322
206.623792
208.978781
209.141029
203.323993
207.862317
202.568073
217.125770
202.667409
204.474393
206.138188
206.024476
189.857916
191.987528
198.752468
202.860101
189.454952
191.011229
190.151469
188.562098
191.171128
204.422546
191.217103
190.322917
202.053094
209.206642
203.741598
208.742522
178.813869
184.937220
184.125021
174.460223
184.351474
175.831470
187.987375
178.335570
191.973799
201.061516
204.580540
202.092052
196.257807
194.060841
206.952677
200.126241
204.275699
208.109508
205.356674
203.212199
211.942596
199.252862
203.985791
204.578066
180.100200
182.156859
175.700097
180.927056
180.868239
177.575403
177.876191
184.969079
189.144247
194.642866
195.424247
189.294125
196.376214
199.407140
209.692757
200.644261
209.851885
175.791106
166.408299
165.570723
177.259031
171.940599
171.917984
174.580234
197.445167
196.737589
198.037182
209.814185
208.664546
203.997095
198.635724
196.796856
204.881785
202.594734
187.371707
196.314602
201.525767
196.294024
206.838683
207.391898
217.270196
206.189424
201.093200
201.075210
175.923693
175.840961
188.062732
187.217659
197.196439
195.434189
207.822446
196.423543
195.700441
181.247807
181.119093
189.649354
178.618906
176.090176
177.812997
199.911188
182.078969
182.584265
200.235507
183.777646
183.149367
178.004209
183.167946
192.333915
192.376450
194.519582
196.665606
177.372492
177.372241
184.149516
184.147723
186.926529
180.906925
181.610613
176.015675
175.725328
175.657923
189.529772
178.895094
200.029976
184.122804
186.527506
183.881293
189.546875
185.277026
188.885721
176.541353
195.159994
195.216295
195.956134
196.669001
195.914013
195.148829
209.600988
205.378246
202.960836
181.346634
183.088340
188.524892
198.258139
191.208934
196.659409
199.881375
178.427192
187.104230
181.599043
196.844710
201.066484
206.313763
195.943411
199.115767
199.246856
201.873181
200.226333
200.277705
202.621230
200.896511
200.023024
191.630126
193.695875
195.622604
185.508311
213.979056
222.908557
162.181943
169.832952
170.792139
170.882407
171.507361
169.858282
168.989227
170.684673
169.994824
173.261317
171.574433
170.261223
180.639484
182.387711
182.179683
193.187566
213.884546
212.153395
212.246387
197.810703
206.205471
201.528324
190.758284
182.500334
176.291776
182.796345
182.951786
183.215386
177.006080
183.536327
185.258319
185.419005
184.604585
194.996917
208.377979
193.275146
197.896307
189.895251
175.092569
182.237609
181.342521
178.665187
189.785575
183.510695
196.676909
209.530025
210.061370
215.980936
214.152412
218.461757
219.477594
211.334260
215.985971
196.471749
196.564752
201.731517
195.801875
195.332293
198.308908
197.724507
198.401164
198.346069
203.592791
196.488847
199.964031
194.817915
200.211875
194.640897
195.760858
196.473272
193.031344
195.732765
194.844399
189.922813
188.782245
194.298194
192.594319
194.599247
190.091929
198.408259
187.728025
190.792006
192.788392
186.731159
176.555996
187.773576
176.721332
176.859360
177.039537
179.291287
177.633165
186.472310
198.541564
187.071767
172.730298
175.244479
186.344140
176.853294
175.764502
175.945547
176.946671
192.466864
180.353616
186.261302
182.091334
188.262230
193.499986
189.023637
189.580970
187.437808
195.214828
191.558634
181.939732
193.338046
181.230734
186.544417
186.329532
189.597089
186.287341
182.978718
188.005687
193.600471
195.275127
189.865010
190.327664
186.588560
182.003517
176.055760
171.882144
175.005013
180.174215
179.859723
179.124196
181.719749
179.236911
183.324491
180.180253
182.128520
179.119339
173.428026
176.188135
173.467184
173.595594
186.572724
181.710127
182.372158
180.386224
185.883980
185.512142
185.817240
179.878101
182.460909
184.066309
180.175929
182.793385
179.824773
192.462455
178.451598
179.257961
180.282074
179.618236
178.511935
177.765086
180.307977
178.831904
179.213997
184.122077
177.823943
180.337930
178.649466
179.664501
181.446344
180.229905
179.290127
180.030526
184.582524
182.599213
183.136157
183.797457
181.854901
184.849627
184.604140
186.318738
184.034699
185.733406
196.224661
190.333479
210.190098
210.717218
212.427196
213.724255
194.022893
204.647354
210.417804
210.419373
209.488879
193.933876
202.806971
209.588071
209.707907
184.031811
182.194639
184.012182
184.666384
182.405269
186.274150
186.927810
193.608379
185.619839
183.510183
185.256133
183.463334
183.487084
182.955513
182.158709
188.536469
201.573523
205.645258
208.279579
214.898036
211.195003
210.286375
204.781205
202.045007
212.007602
201.845064
206.309712
195.237292
195.960161
192.132928
203.534592
203.904104
211.801051
192.873220
203.037411
189.588508
192.691948
186.515183
191.593459
188.351099
193.098973
196.249196
196.152559
196.359087
191.843287
187.276762
192.465183
182.337910
181.299405
184.775571
188.619620
185.146721
185.759991
179.767784
183.233897
191.671871
181.267464
183.488050
182.012728
187.676975
184.181941
185.766429
180.338959
189.717266
179.469742
182.112953
181.546152
179.421946
196.783900
183.094460
183.829553
186.523996
184.229222
190.923515
189.389018
190.374386
187.662514
192.672216
194.597133
178.075574
199.693873
175.205029
182.825765
179.679247
182.256563
184.547907
175.161368
182.783024
180.559978
182.127892
184.420364
197.573643
189.429101
188.380620
173.380030
185.437330
190.029206
190.101006
194.192976
188.077867
183.783535
181.072452
178.781715
179.572863
186.850435
191.311305
175.158087
176.058542
176.822952
178.919409
174.270148
174.419526
186.134103
186.449872
180.382927
180.470744
188.047012
188.283269
188.140594
191.560732
182.888624
191.655530
182.717933
180.555770
182.078729
188.506744
193.115762
177.663784
181.095363
199.072338
201.151878
187.031889
201.109050
193.132047
185.381809
177.742645
182.218435
204.785680
189.111226
182.761327
176.880427
192.357781
176.182529
187.226038
181.283791
180.585421
181.266095
180.551571
196.097358
177.653297
192.720212
183.583764
182.230669
183.699346
190.706460
177.827379
193.368928
192.919541
186.592332
188.209906
204.585311
206.652554
206.636669
175.864640
175.727492
190.916986
184.004664
189.517090
189.678478
185.029640
199.363948
184.454500
186.901274
186.202779
188.623674
202.224325
199.930586
200.942737
205.649814
187.870730
182.796496
189.490566
191.561760
180.216901
184.857121
185.233976
198.859128
199.907208
191.438202
190.617580
180.255797
181.715125
187.154897
188.156903
196.324600
179.541894
187.215553
185.516666
188.774032
188.088591
187.104221
185.425327
195.196269
187.458017
198.970776
200.094647
185.071535
201.436028
187.481542
185.119601
203.915912
198.926102
180.983354
180.936667
182.051067
199.808076
182.713144
181.988972
190.393604
201.610091
201.583759
211.482795
179.274664
174.374038
175.082077
177.963024
181.097516
173.984298
173.508338
185.398213
181.043405
175.073170
175.114931
182.883867
181.054513
187.215718
196.948017
174.129221
174.066280
177.781361
179.580408
195.260206
196.444408
183.536094
185.626273
174.975326
174.305634
182.786293
179.178298
180.275973
169.059488
179.954028
175.174623
174.324061
180.228832
179.614366
196.408206
196.381862
200.219498
200.234697
201.365767
196.700758
196.794633
200.108018
194.805992
201.372337
202.713744
202.156320
199.990230
203.268546
201.276766
199.060494
191.700150
195.245822
195.372688
195.945805
195.538589
190.684483
210.395287
207.610944
202.306374
217.706864
201.569160
196.240444
201.739297
201.423066
197.084817
195.782124
190.451136
197.046020
194.573225
190.784979
194.682444
193.460726
197.272855
191.767602
206.081952
210.510290
207.691780
202.450756
201.653818
196.327042
182.372184
197.045426
184.672922
185.979067
184.328863
182.628679
198.659610
182.599097
181.551622
181.521993
197.016615
199.356561
199.398204
195.938489
199.594309
205.088776
196.032636
196.271430
207.073883
201.761704
195.902413
201.766599
201.195983
199.889822
198.945879
201.251427
215.486250
200.243928
200.995314
208.645929
224.301124
204.160471
199.550358
204.171478
199.607668
190.783816
197.070178
190.833134
207.031285
201.826266
200.740797
197.838378
198.115199
200.913932
194.811272
201.237757
207.386078
194.870951
202.636935
202.116450
198.374797
208.945026
201.172636
202.724815
214.531801
219.475334
208.652357
203.122884
213.328768
201.366693
184.672347
184.770507
187.533143
195.315245
195.384294
205.936167
187.899817
188.583563
196.686102
204.803561
202.047024
196.965093
202.093587
214.431966
202.104926
195.230325
201.495396
217.473127
224.907616
193.331000
186.602927
185.341389
193.018417
185.804465
199.713737
200.286018
195.612147
191.722776
184.651059
190.564355
192.343430
200.561984
204.384975
204.252889
181.313751
180.231515
195.632721
186.431084
185.382562
187.237326
186.146690
192.408396
199.387969
182.113659
181.190214
186.129593
180.289373
188.253736
190.547517
192.716582
188.378002
182.233716
194.856408
185.829024
197.446609
188.656296
199.425460
204.297999
193.407518
203.417983
181.271906
185.632824
192.040668
181.543874
193.960736
206.512277
188.559337
198.173001
198.183664
204.320896
204.290815
205.309951
192.804056
196.747613
193.820408
197.779279
209.538903
203.222045
175.112774
189.812229
180.418725
176.263989
191.548370
176.918709
181.408950
175.190366
179.410050
179.093241
181.272466
190.576007
182.347085
183.000289
181.305592
188.459788
190.466661
173.723894
184.415576
184.352370
193.889277
197.033422
190.356471
184.226670
189.652885
194.845653
184.890576
184.852651
185.239509
184.716597
193.304581
184.976217
187.458129
184.238609
185.269515
202.520836
184.232360
189.285277
200.383363
194.904939
181.449398
184.882860
183.129608
183.048522
197.487120
198.241084
196.589861
182.201253
204.233213
207.164557
201.452556
191.822814
191.194517
193.032393
201.598441
189.844900
192.202061
187.732464
184.244676
194.817469
185.122216
190.568015
186.146312
196.675177
190.904154
201.943435
205.188411
200.509831
176.567151
181.764856
174.215343
175.897171
182.715822
186.345440
192.502495
195.346709
188.746929
188.743986
195.379498
192.889601
193.527250
197.151806
194.621951
195.608493
210.810799
202.773584
196.446745
202.527737
206.653538
201.744842
205.285840
196.659851
200.851705
207.960384
196.687210
194.753461
200.238731
200.757472
194.141333
194.804613
186.627233
192.541963
193.330947
191.749657
191.787553
191.016011
204.721870
196.706637
202.201827
193.587526
193.696046
197.636383
203.430421
194.755641
207.585390
190.312729
190.309797
206.893324
199.889305
206.786463
197.525371
191.309177
197.345177
208.744262
194.429655
197.382583
195.372809
215.113218
203.569386
207.383261
210.899877
193.320956
193.716890
191.984064
194.042959
193.725644
187.608192
205.832004
208.001257
200.176905
201.129012
196.728329
196.756199
199.159041
203.264513
197.688449
199.863937
208.569026
215.398557
216.889080
195.050790
211.412086
194.855520
192.735213
195.835511
188.787764
206.577695
201.126481
199.541681
194.346846
211.479576
195.461989
195.287963
196.825576
201.253109
196.814743
207.666505
195.833052
200.316943
195.745621
207.402362
201.180454
191.871166
188.214297
192.283243
188.625924
193.133723
196.071141
198.750222
201.936679
195.760484
197.398377
190.793394
206.817401
213.234171
199.347216
224.217755
198.279613
202.061743
204.808400
192.145091
192.144245
208.741628
194.807058
202.436969
205.805959
205.834839
214.354275
215.973877
190.948551
190.688830
201.175005
201.914381
196.789336
183.760501
187.732246
183.760245
201.936002
190.688450
190.005516
204.746764
196.609946
201.421732
202.098569
217.425473
214.382255
200.459344
200.780753
200.198793
192.783236
196.679525
204.200914
190.819274
199.189320
195.584332
205.458149
206.644198
206.644208
212.137402
212.176696
208.259117
208.300938
197.116825
202.201483
202.335015
202.272904
207.829639
207.807508
216.265972
216.074907
203.485014
217.273913
217.276516
198.370812
203.497799
218.880129
197.175803
207.188039
207.093555
216.761639
190.200525
195.604322
199.626647
210.051645
198.984035
193.986462
196.011348
191.248205
216.798168
203.393248
208.157564
203.394634
203.387889
201.339602
194.140526
205.575937
188.269426
200.588585
193.467055
204.903685
206.623215
207.566857
204.048384
202.840944
204.609602
199.058393
197.652151
205.954042
199.753863
211.310779
196.870911
201.330023
201.315114
195.114417
206.664226
192.718273
187.634877
202.373380
196.787833
193.109548
193.341280
193.701152
194.279096
228.091950
195.079388
187.590976
203.017929
194.549591
192.783449
195.753478
201.399181
195.370488
204.177510
193.761900
194.472972
193.390064
188.024433
191.785531
197.471224
199.519850
191.659026
191.585274
209.352814
191.890985
193.787342
189.047871
200.208151
190.160599
199.313963
194.197645
200.954298
198.202616
200.641369
200.298296
201.405543
197.692232
202.567476
190.959660
196.389835
201.155095
198.169575
203.870440
199.193528
204.138179
195.335980
205.230190
201.271064
198.888764
196.139704
189.760834
189.689733
194.466276
187.223666
192.041510
192.554952
197.668695
187.935807
203.217856
203.219280
208.762031
206.060603
207.584474
208.253796
218.687149
203.203213
203.204182
204.292576
205.520889
191.158059
196.389827
192.851013
200.871085
195.669214
200.582441
195.250797
196.002086
196.022308
206.894648
208.502152
211.934593
206.955845
211.070392
210.927827
205.736858
190.285659
194.588230
191.952944
196.670228
194.744329
202.666611
203.875286
207.033048
204.383412
192.258565
204.927321
213.930304
205.080635
187.122343
200.046923
185.407392
194.555970
189.712497
192.146079
200.846524
196.917960
199.905416
188.633703
188.646391
201.936589
202.233221
203.846112
205.905560
204.777866
208.230642
207.844732
191.763893
201.053735
197.824624
195.114575
202.593372
191.278182
198.913890
190.770290
191.517300
194.840526
194.854709
200.084807
196.859716
202.266709
194.808561
194.070011
193.656214
179.936306
186.776268
182.185921
183.792419
192.409666
184.408745
202.687065
185.598413
181.754128
181.693106
198.765365
202.938407
198.877419
205.665582
204.507497
202.917658
185.355478
189.707852
195.044507
200.927237
210.326258
180.960001
174.319784
168.922167
169.068994
168.160917
180.845368
174.261143
192.685267
193.021766
207.883553
179.026009
179.026290
178.311971
179.282519
176.988048
178.437061
189.153528
189.180528
178.456116
196.022549
195.607409
169.771575
169.706511
189.809023
174.251390
173.566248
188.046976
173.521588
189.575788
172.596642
172.545442
192.367352
187.845763
187.737383
192.322122
170.513045
168.910559
169.058374
190.636330
176.990972
175.883713
174.172888
174.138150
180.205638
179.528224
172.578626
179.527001
180.624818
168.178011
179.283030
179.388379
179.236028
186.261058
168.961778
180.730375
168.986770
176.016013
176.091138
173.331903
173.356889
173.438294
175.846208
173.381653
186.269185
181.627367
175.943525
180.649612
174.003511
173.989509
175.729692
173.978027
174.011703
175.732908
174.775187
175.166525
174.021479
175.485430
183.205431
177.883358
183.682503
184.023095
185.273967
182.437344
177.118435
182.926495
183.258266
184.516042
184.052510
184.217705
189.389340
187.493860
185.705793
193.869337
184.135364
199.549593
183.434950
184.053432
183.465789
180.096065
180.188741
183.156888
182.835471
184.397821
181.943140
182.917288
180.322419
196.912677
179.580255
192.473095
191.759807
191.817343
192.752208
184.083539
199.125056
175.510519
175.479462
175.914270
195.361843
179.213611
174.845072
175.554855
174.768298
174.189229
175.020557
212.391890
175.853057
173.270236
178.574085
177.931781
173.418861
178.794686
192.062259
191.372719
191.422905
180.585964
180.223617
180.261346
175.228506
187.969914
187.380520
181.841060
182.050879
177.517193
176.412346
176.954451
174.350523
170.819781
167.409441
170.693446
174.419079
186.010587
191.156260
193.164639
176.923614
181.737221
183.836000
183.881342
181.322644
184.200714
175.868121
180.342354
168.434103
175.387764
175.448975
178.526207
193.285497
175.724521
183.589810
188.070053
188.070461
189.817998
189.774286
189.890731
189.739748
187.264769
188.848702
188.013256
189.646479
187.895493
196.005778
195.242635
188.501747
193.450695
183.398796
177.143542
193.362479
206.754487
195.561119
193.675227
191.754174
196.775174
211.203138
211.329295
213.405464
176.077259
187.187025
171.714307
181.013327
170.027950
180.274810
197.478359
186.899891
185.758894
191.240948
181.362629
176.654201
174.391460
200.429028
201.899598
196.224170
196.902963
200.961196
201.727447
175.036692
186.077764
170.672040
174.244487
185.310964
169.881261
201.174004
197.581730
174.789831
174.727600
181.063530
176.593210
175.893980
175.872047
168.844636
170.609377
168.945239
170.655881
170.749380
170.720385
168.993975
169.272499
169.016331
169.681645
170.731836
171.385209
175.792522
176.578818
175.912416
196.388603
175.062960
175.010987
182.057819
182.170144
174.858613
180.010335
175.587100
174.877639
175.895793
187.793353
175.847897
187.797975
164.189793
180.059222
189.794358
190.468265
195.168313
206.347254
190.445568
192.307408
196.742454
203.199767
193.987723
201.361264
208.787267
209.331734
205.883890
207.052483
191.878529
185.946869
201.382619
189.791196
195.704078
197.877195
195.477860
189.222226
189.784780
195.165486
200.731059
190.374749
196.309013
180.688444
193.393054
202.651366
196.061188
201.458063
185.063555
188.000067
183.964309
218.752472
193.873361
187.674021
203.783691
187.639945
205.056248
192.620423
197.884244
193.494309
180.954353
181.204280
180.773966
203.769387
179.390535
184.528775
195.521225
199.928802
194.734181
189.306336
189.092298
205.628008
201.870960
189.067683
188.096332
200.766821
199.273503
187.227804
190.478145
180.361145
180.913026
190.465476
180.752841
175.070539
179.428514
191.614625
184.719115
185.986279
180.182623
176.094911
180.421784
186.041120
179.472423
187.281481
180.324277
180.316719
175.181810
179.541517
186.227304
187.254114
202.564560
190.968731
183.992532
182.171383
177.643131
181.762606
183.669221
193.333405
180.321663
181.063330
192.522896
200.380369
196.005564
195.246663
181.336002
175.079379
171.770134
177.853214
181.193305
176.104526
181.907548
175.841414
177.057261
178.756124
196.295409
177.590861
195.166737
178.801529
177.661475
195.192288
195.813652
191.984654
191.226011
201.405706
196.923966
186.848951
183.743899
188.131250
189.636827
188.970862
182.768811
193.292082
184.855975
186.633645
193.562968
204.483578
176.818422
169.925685
165.637826
182.783146
172.820563
169.209840
172.861702
168.212425
184.669970
184.700454
184.964785
199.384756
179.310819
189.653085
192.086823
192.017472
189.132687
187.621863
192.262540
187.912440
188.664283
184.891572
184.965817
218.000320
170.702025
164.683815
165.528495
175.086471
186.366894
195.387631
184.321973
176.165373
193.468031
190.106541
190.167073
193.420069
193.376755
189.168781
181.325659
187.462353
191.363204
196.060643
182.937026
187.758967
182.032628
187.150492
185.439071
188.020851
189.296221
188.608010
191.757902
190.705469
179.275306
183.709412
188.818010
191.660977
185.427588
179.336509
186.243119
187.468007
186.805889
187.474768
189.329291
193.904793
193.902869
201.683677
192.190534
183.921178
179.374818
203.066919
180.907408
201.863633
200.443995
171.662395
190.084348
199.889047
185.731425
190.815088
181.484168
193.506309
189.429329
190.123090
190.021540
185.066970
200.762041
184.571233
186.366430
169.685806
170.001899
169.770905
170.757277
167.560906
170.026321
178.588941
179.712306
197.448898
174.383282
173.613604
175.206907
175.244390
169.062397
176.042905
174.427605
168.967790
168.995333
173.899244
163.116688
163.838045
164.597779
176.751604
174.300729
169.958374
181.034527
168.392908
178.182970
173.689070
178.473921
180.084306
194.047848
178.796996
183.817523
193.993617
184.051972
180.227756
178.655787
180.101760
173.630250
183.796643
184.333907
183.581667
178.605959
182.264164
181.231755
181.214967
193.568840
186.660235
192.425453
186.648676
182.094631
189.436434
176.711298
182.843967
181.048970
182.860398
178.200019
195.240826
188.267466
194.222937
199.548388
204.619563
196.471250
189.278210
190.775248
195.742818
200.597658
194.939652
197.332660
202.558093
192.743563
194.450199
190.746405
196.019363
192.246592
194.347007
207.095642
207.131539
185.274617
184.545150
189.143096
202.736392
185.373881
185.393332
199.704208
201.045526
201.079603
192.200456
202.790751
202.094301
210.057517
210.083727
212.191418
208.704412
196.232578
196.203780
194.503539
190.760109
189.610723
189.630960
201.179481
196.311543
185.528792
189.607505
195.342338
189.044787
193.553126
192.538209
200.642667
185.659963
197.363011
191.743265
190.736551
199.855998
189.951996
188.856816
206.895155
193.204859
190.760319
196.929880
195.091341
196.498315
197.633681
197.629848
208.710991
212.246433
207.378595
206.820653
185.276576
189.196635
189.197985
200.552032
200.454253
193.666585
188.960115
193.750040
189.003982
184.596405
191.772740
205.425581
187.442568
196.822248
197.541365
198.309733
202.352906
201.759724
201.310043
198.050807
198.641756
207.085862
192.244389
196.379856
200.652387
197.559859
195.845362
191.017014
199.428102
196.376581
203.938182
200.070323
199.043967
203.538352
210.497612
195.398074
190.203589
183.977778
182.909607
189.183921
188.120838
199.548835
209.315083
202.696638
205.955491
212.719543
205.344885
206.513422
178.791080
190.784137
170.945325
177.157412
171.655499
175.317920
181.226866
178.532549
178.544376
183.821864
180.118378
181.956311
177.089376
181.907747
177.106335
178.299835
176.136858
189.700086
178.387583
180.974400
195.064127
178.297638
187.033699
181.293708
186.375555
172.735249
175.700609
173.032694
182.703715
169.460953
179.730483
177.225069
187.721212
180.750205
193.048860
178.840096
189.009056
203.440446
181.274956
185.813483
186.941419
175.033181
175.075162
187.250111
180.926560
180.253459
182.716842
180.981779
175.802495
175.864887
188.508813
186.412331
179.557934
179.516346
199.254187
184.670608
180.378691
192.466893
195.046227
179.610453
186.510988
184.739284
186.232224
186.165577
196.069796
187.305914
186.497223
198.354824
187.204591
181.275830
198.406300
184.942123
191.593960
198.393417
185.680549
198.763309
183.242901
200.483476
187.575162
201.579063
186.264288
180.352915
196.411784
185.725280
192.329224
180.331670
191.713893
184.688451
186.461996
181.507269
198.728690
185.840881
180.366632
196.940649
184.727667
190.560292
190.524951
181.740917
180.704405
180.011766
187.555155
188.173749
181.727468
180.258164
182.097952
180.985412
184.117684
183.528240
194.688709
183.241387
181.823636
198.412774
201.838716
173.436187
179.488455
178.722743
186.417889
193.959530
184.340497
182.777873
183.363160
182.745129
181.283258
187.095958
187.069482
186.706290
193.822335
193.786057
180.347796
185.429703
185.358486
186.449728
183.895467
185.683300
194.073932
181.287620
186.746127
199.930853
199.828819
182.910977
200.520138
174.427117
186.088231
175.184625
175.222256
190.665923
175.877876
190.556936
179.681553
179.526719
179.437236
180.162011
196.693025
184.042895
179.486984
179.453760
186.996854
186.965275
189.875508
174.412895
175.068889
189.039677
187.373358
206.644330
176.115519
191.527000
176.872427
195.359054
179.903350
181.553755
194.339119
180.558557
200.195391
183.806568
188.380663
189.944636
188.892511
191.587419
193.795562
192.721161
192.458552
192.437784
192.337777
191.693233
181.687506
180.033252
198.230118
174.324002
175.114281
190.356996
176.033249
185.330318
182.058443
181.096393
184.288675
173.436724
177.754375
185.309854
181.534775
185.020292
201.369600
201.310427
198.262712
200.745894
174.032392
175.934088
174.442689
175.096084
184.176647
173.302031
180.290295
175.248150
182.622081
181.160677
182.879038
201.166537
182.097517
181.186611
200.183320
173.359990
175.261939
181.735845
186.037425
175.931068
183.580753
185.789692
176.724005
182.097834
184.324112
174.252764
178.397970
179.484762
178.570096
180.241568
181.009375
179.453154
178.467348
177.886851
178.537283
177.856287
183.570682
188.893366
200.169979
198.901231
192.275204
193.265395
198.507876
186.537841
194.509871
185.700970
192.356521
197.636707
183.845665
183.785719
182.367982
202.329750
189.843529
189.841335
210.600588
207.364949
217.781044
193.389358
198.882230
204.721158
198.764639
198.585514
194.136581
199.661903
187.967068
204.490378
203.479641
193.267808
192.261366
194.443577
187.386644
193.494870
194.190042
199.374182
201.339705
178.173988
194.433325
189.058420
177.202374
183.339871
181.575573
176.240256
192.439218
188.891260
176.282299
180.739415
180.655868
202.001965
202.080372
182.161250
182.224763
192.637441
182.194304
184.729843
182.173912
191.202482
188.430959
191.116842
188.493029
191.161558
202.173942
193.881515
202.056318
202.128647
194.014607
201.257789
183.596379
194.543165
180.369069
192.415258
185.762782
194.358069
177.041523
182.172508
189.103480
188.067316
189.082482
189.017420
202.046018
193.879867
202.122581
178.485450
183.627966
183.569315
172.783214
178.541767
197.545401
168.111526
168.934359
185.439958
186.545118
190.473480
190.253226
185.318505
175.261588
186.557000
180.715748
191.323721
186.446063
185.394641
197.609584
184.681658
194.710972
185.344925
180.686545
189.263748
186.824154
185.793463
183.905742
188.219393
196.771329
186.460129
185.069623
185.420788
202.116759
199.742842
193.169848
199.339369
188.257062
187.334840
191.784168
189.767733
191.446036
198.265186
189.230998
187.369136
186.225379
186.269788
190.705552
180.289321
181.508171
184.021282
191.739599
180.337436
193.872042
186.633338
189.609429
192.501651
178.465900
184.459954
184.431618
172.609665
169.759113
204.220083
204.224318
205.636490
193.836022
188.164682
177.789845
176.973057
179.547627
181.377805
189.182070
180.521952
177.770078
180.304640
179.559684
180.226533
181.443531
182.099680
179.584125
189.956851
179.627914
172.605592
173.430082
177.104614
177.073549
180.035541
178.425246
178.337278
174.281128
180.327450
177.039437
174.924954
195.598435
187.286135
199.110441
184.721085
204.151723
187.941939
188.320229
201.992236
206.181703
205.700990
209.925666
201.345621
199.056290
198.959381
189.313280
194.659641
200.048109
193.523895
194.562064
211.381875
188.224808
205.799272
198.013362
187.767728
203.333158
207.608180
190.123251
193.057641
190.959983
192.845839
185.617926
189.359378
190.329691
193.564459
189.199707
193.674089
191.138143
220.672160
223.068319
188.736757
205.362153
185.036277
201.889226
204.892899
185.646293
207.680719
205.673203
207.564116
208.579506
205.235102
186.008864
187.276806
200.143083
188.133691
188.024175
186.460695
205.759180
188.206475
196.546136
186.695455
204.949911
198.471439
201.351637
201.378024
198.930533
211.110123
194.084394
182.020876
186.425628
192.752044
187.233627
199.176180
199.138604
190.730803
177.990897
193.671277
187.177475
194.468897
192.789380
188.974924
193.706808
188.236703
198.780961
204.418800
196.723036
182.422407
192.254261
187.570940
185.844939
194.979943
196.748224
183.139073
195.304177
192.348219
200.715609
198.002334
181.413736
191.617635
187.620246
186.824436
186.191390
194.512464
191.792251
193.672422
188.908990
194.305669
194.452846
188.304888
198.743027
205.379434
193.906150
192.625302
204.647885
192.961613
186.574898
190.982338
193.419153
187.282583
197.836381
190.100130
203.728313
191.917223
186.536182
181.307765
193.295962
181.251608
185.680074
185.043079
187.461121
186.681370
196.763931
197.716761
203.290935
211.746733
215.011189
199.618620
220.711217
195.461836
195.454974
202.420825
199.725083
194.976393
199.716857
200.342771
207.701146
194.463616
205.476335
196.483891
192.609439
189.796289
194.090713
197.090912
189.538524
198.842303
198.966598
204.604732
203.823125
207.301410
210.781834
209.718370
208.957650
205.096234
218.889317
201.352597
210.073932
200.993427
205.410108
205.882046
201.897914
195.021526
194.051322
199.620217
193.306592
195.193622
205.909898
206.723908
205.705547
212.102909
210.997074
224.063037
201.379550
199.054060
199.362850
197.663676
196.245923
195.488270
213.118915
207.616211
206.282742
204.042052
192.080338
189.358920
187.758070
205.708252
203.500316
203.384482
207.586014
187.952526
207.321896
195.611747
197.115503
210.289944
196.911477
201.491136
199.924471
212.149715
217.419415
208.017158
204.895200
205.884259
213.174879
208.542603
203.057186
201.232902
207.391353
200.061453
211.603030
212.718056
209.153978
208.563630
201.082788
200.056476
208.209464
202.027286
193.176568
193.231913
192.820643
178.996481
188.196334
195.525949
197.807887
199.029886
195.344590
190.813507
194.420571
200.756036
194.486761
189.571629
199.079745
197.264335
194.329381
187.864445
183.429491
192.636720
199.966519
197.096157
197.868919
200.817257
196.253492
201.916669
201.959606
210.633871
210.121830
203.057226
204.013803
204.028980
204.724278
204.832976
204.722465
197.376273
197.345137
201.171433
193.447370
192.237802
187.957793
197.751563
196.379109
193.267568
195.696507
196.352445
199.014811
205.131793
216.142319
195.547226
194.623887
205.835192
211.803072
194.559102
196.063123
206.280589
222.036123
204.054342
193.371212
198.548515
186.084051
207.003118
190.476599
195.453312
196.764431
195.263121
194.711834
211.425039
196.649722
198.463545
190.355878
192.419025
199.727083
203.900914
216.082268
192.255634
194.197967
199.532274
204.690136
205.311775
221.281822
203.034654
195.973056
200.554331
216.360359
198.177145
183.759038
188.198791
200.091303
195.557303
199.877231
202.171771
191.933604
189.262477
193.893605
190.995915
203.914710
208.114576
196.299200
206.731825
200.504822
212.023408
197.986080
196.809132
195.237123
184.421555
191.732648
186.168844
193.432996
182.135301
186.526653
188.225685
188.190173
188.942927
187.148356
198.540154
192.201807
189.485827
193.720232
194.388100
193.850417
187.444907
197.849455
190.567615
188.820212
193.218017
196.173085
192.973112
189.579354
187.152093
194.409014
193.915082
194.428531
198.648725
198.593484
198.527476
188.777637
188.660433
182.412215
197.913055
193.266697
192.307721
187.827884
200.860676
198.943339
206.362991
203.074242
195.124395
193.382597
194.111707
181.862362
181.173625
181.963120
181.927213
195.231255
195.222790
194.536944
193.541642
195.154260
198.985147
185.815707
187.507769
195.295457
204.149233
183.622655
183.664680
176.053473
175.285197
171.755516
181.105645
189.555094
187.317981
198.575629
200.585728
201.301261
205.378050
196.262425
200.407786
212.116361
195.229376
185.884051
195.426202
201.293410
189.529239
198.442386
182.526611
183.312626
194.312140
194.202728
193.645407
201.904725
190.331769
189.154325
190.047141
193.178871
190.287843
194.831297
193.492162
190.656920
189.599391
193.235106
194.158691
198.476206
193.721725
199.507514
187.569844
183.818162
198.410793
184.882572
188.562213
191.270934
205.479070
200.209747
192.874082
184.734186
195.311801
195.498675
191.394815
201.336470
192.092220
192.912492
191.092071
190.252219
191.190290
191.590064
193.519025
204.525766
200.181169
196.414003
194.259000
189.674112
205.704817
187.580644
205.609493
197.515284
188.570045
198.617443
192.352957
214.095055
198.618813
198.607571
218.683032
194.789431
207.564692
204.808155
204.785336
189.393026
198.482603
206.731035
197.039390
192.832399
204.158680
211.170123
206.571545
194.348888
192.783525
202.026906
194.370880
201.595626
211.148591
210.941274
192.652247
189.441448
206.752086
202.197665
198.485043
194.191207
206.505720
188.647142
199.819048
191.395766
193.652408
193.050973
193.676779
197.005032
192.485175
212.089156
197.207772
199.343382
204.187858
206.710835
215.973779
206.686406
202.219435
212.822785
210.470639
213.413819
194.215117
204.278821
217.210927
193.486319
187.720858
182.373149
198.596556
192.321956
187.471529
197.838649
194.329667
197.892510
195.994137
197.691722
186.820374
188.825206
184.155048
183.178160
199.679255
192.454294
198.033359
197.940666
202.999978
202.489553
202.445345
187.533306
187.494777
188.246168
196.401985
196.356723
198.125535
198.132896
203.042158
202.502202
186.532289
187.212405
186.498431
186.503914
187.217775
196.964904
183.443946
184.394613
183.398724
186.748462
193.042684
191.283092
184.277568
189.254246
189.564517
197.487664
194.769622
202.197667
198.629724
200.108028
188.754792
208.413524
189.073959
176.142191
176.272553
192.490427
189.928893
181.670022
188.262772
182.466571
198.068365
190.045519
177.237273
182.015319
189.304812
186.593668
177.995759
181.950056
188.231520
186.529997
193.953830
182.953490
193.415280
198.805948
192.602082
197.117702
203.729131
187.215212
187.972703
198.833994
193.514023
197.849209
204.461444
198.584660
198.558696
185.989483
195.633081
180.545336
193.445125
192.838725
193.284369
196.030497
196.658728
192.834287
194.261649
191.551314
196.015402
180.603757
186.096564
186.118442
190.626524
202.957351
194.124621
197.638285
196.568072
205.425269
198.499130
197.556693
185.993515
180.541576
192.295939
187.415627
191.194177
193.482268
198.619506
197.891396
199.754529
203.760457
197.152604
192.653499
187.337370
182.244951
199.168754
183.388698
195.740833
182.249952
201.172302
185.107896
183.763911
195.642632
178.950476
194.191933
187.564745
193.283686
188.378866
198.132079
198.189715
189.332987
183.177171
198.444566
197.504166
194.427673
192.624098
193.807445
194.561439
188.429422
192.597287
199.841726
210.839399
212.889003
183.974825
177.089538
186.996278
182.579433
193.227697
188.405253
189.790273
192.466602
196.909345
198.615738
207.295681
203.176832
171.712410
183.761825
180.874752
171.804715
182.021736
180.143125
194.834296
192.584154
181.092712
180.419889
186.032213
192.361209
205.229563
202.189514
209.568855
211.633233
197.736209
186.557837
187.979071
193.527808
182.359330
196.895694
188.481136
199.536608
184.101504
195.947148
200.230642
204.670114
186.900605
187.385493
207.388748
203.240296
203.252864
205.366045
182.380291
183.108569
188.133422
206.428550
204.246352
187.348856
182.969986
199.075402
194.337232
200.152062
194.115461
177.980411
194.106660
181.493455
206.289178
197.446793
196.380401
188.300232
201.311693
187.615139
200.145107
206.160198
211.787944
202.665869
203.495225
196.412226
196.447773
206.212433
205.925395
197.294533
200.314576
205.869502
207.305008
187.467754
187.907077
192.391707
197.984850
192.325475
197.888477
189.253233
187.505769
193.257019
193.239949
193.169048
193.153432
193.580128
193.608915
198.145220
200.788068
196.465209
202.569011
201.781372
195.247089
217.328679
203.897492
203.851361
199.248617
210.044066
190.565214
208.617034
205.849808
196.359322
196.325610
201.266493
201.717714
203.653692
192.997186
197.283503
206.527259
198.602938
198.501807
200.836605
195.061958
209.967861
200.855793
206.980171
196.370756
196.499381
207.561716
198.600305
198.530719
214.056857
203.008204
208.144805
191.641486
197.147074
188.305059
187.513162
196.365573
202.743862
194.375989
186.057765
195.845260
195.133925
195.169405
195.338235
195.302910
187.203254
193.397400
184.119387
194.570282
205.872643
189.763183
194.163573
195.319267
187.203516
192.413300
192.790121
208.904048
183.218992
182.308562
182.919842
188.103212
188.476409
194.340255
202.353752
194.365579
183.239930
193.646957
196.671339
206.855580
204.082503
188.361718
190.050396
188.482943
189.168136
187.491408
189.240609
202.750591
202.006578
177.879928
177.193626
177.880212
185.633809
187.525601
201.018868
184.284057
185.762156
192.703568
187.158204
193.542939
205.087892
204.672519
216.531582
199.424743
201.590813
205.347331
194.029545
206.106742
206.729441
195.445651
203.061489
195.346606
206.012171
211.008070
191.385433
189.544462
201.765135
202.400312
199.628408
201.504319
208.541581
201.513625
206.531565
191.736444
196.952578
196.175423
196.977341
197.773041
197.115475
192.565702
199.028400
202.706885
202.740151
205.543133
209.556333
212.449826
194.241349
204.311863
195.376210
193.494560
194.016241
193.505889
190.327330
190.230262
197.538903
195.020785
197.982822
203.195173
222.054485
216.694024
216.452451
215.609938
211.386818
206.702739
210.788354
215.356283
205.977976
200.244784
198.936018
198.315807
192.360462
191.605939
198.851147
203.349155
201.280805
196.613494
190.969057
196.631752
191.079911
216.066195
202.356141
214.542348
211.218280
191.073711
185.580763
206.299718
191.093079
204.961833
186.527618
181.035479
201.712852
186.547636
194.731431
196.894962
196.210736
190.258151
189.529156
196.786898
191.196092
188.904772
199.692493
194.160225
197.543294
193.454722
194.039647
189.206822
198.878659
190.250356
194.390824
193.938420
204.232726
195.320253
183.049585
183.710800
184.402537
203.063000
175.121865
177.675405
176.897666
201.797857
189.904122
190.255683
189.220268
188.547410
189.885894
208.639829
189.261166
189.886894
184.794693
199.292462
184.207497
186.607313
186.605546
205.961868
204.086801
195.383977
208.587475
195.382281
184.869663
178.920449
199.397687
185.954248
184.897134
196.809971
183.127337
188.765159
188.484785
199.068061
198.425445
191.748650
188.941014
193.979524
182.168098
194.119160
187.517526
195.046711
188.034742
202.179038
209.792637
202.075104
183.490429
187.946586
188.785232
185.109504
188.621318
193.166676
196.706535
186.234168
191.291453
176.840435
177.938947
177.207363
190.634286
179.151904
182.992852
189.230361
182.197959
182.457899
178.089502
199.246418
192.761195
192.825918
187.403052
186.612308
187.652536
189.165045
188.414044
187.308951
187.275078
188.057161
186.326928
185.545220
186.596312
191.835013
191.801482
186.293816
191.163998
204.281885
205.670050
186.628641
193.287672
187.427107
188.313242
189.286893
186.519966
205.841625
193.994045
207.607552
187.485688
192.925275
192.207896
189.484047
187.234180
207.512024
183.067481
189.230981
192.209844
186.253917
210.189850
186.571605
197.674742
185.503320
197.613075
186.540868
188.315791
185.858029
183.261895
189.209061
198.618043
189.459190
187.459083
198.654748
186.512710
196.963723
187.680208
205.917804
193.943395
187.345441
188.345046
186.684262
193.269515
188.986381
198.353528
198.380046
181.124768
198.812280
183.742386
180.262114
177.781413
181.851214
176.716039
181.074640
182.850064
199.998098
214.485310
212.192050
209.036180
199.452926
196.235989
203.832099
209.232845
208.309345
203.048445
197.098821
202.605214
202.800148
198.920180
200.504345
199.235871
195.845014
197.506222
196.271904
204.193208
198.608985
195.159940
185.277951
202.266237
196.727280
196.802908
193.293516
194.432685
194.131376
205.898799
200.561882
198.436362
191.072705
194.123835
187.231948
192.719816
188.046212
181.620681
193.559962
192.802273
193.412355
203.966541
194.266441
197.282222
194.247290
197.262749
189.937933
194.654830
202.409891
194.685016
189.936243
207.458045
189.833533
205.814655
191.062934
194.507718
194.413844
198.179140
203.557476
196.720424
202.049422
201.554125
202.903841
201.539782
201.128081
196.824471
193.256557
186.798328
186.520688
189.224178
188.248714
204.665299
218.234606
189.846616
194.405198
203.902920
187.462355
204.671314
185.802806
188.239867
197.556533
198.703367
187.187657
188.319564
188.217304
187.530966
205.857945
186.519921
197.573171
186.426281
198.632474
189.985408
193.302885
195.869804
195.779265
199.592814
220.503487
216.773864
211.489077
188.902862
190.388538
200.597524
194.732902
195.884648
195.778679
200.183163
207.543946
202.270361
214.104035
198.913853
185.672434
206.822410
213.845881
206.378202
203.865157
201.508344
191.280285
200.459972
189.390850
201.780243
203.092437
195.757041
201.151049
218.536199
207.625542
214.029617
199.828698
198.783672
219.449187
200.555603
179.345254
194.912365
194.905101
198.320774
198.298361
197.282603
187.582901
196.448616
187.701874
187.604906
187.565714
188.351296
200.994210
202.156134
210.669636
192.774170
184.401186
185.482504
194.840136
189.257158
193.771949
198.170638
191.589275
184.277376
193.424775
185.995257
188.638352
190.599790
189.289432
189.281484
189.160406
184.388261
182.640125
193.704677
196.416892
187.676792
204.820019
198.168799
186.612417
199.753647
199.766143
201.052107
186.611111
187.468965
195.583794
202.928279
201.271188
188.159105
191.051236
192.940775
192.922058
199.530917
196.742209
183.258573
198.587546
192.729817
182.761114
193.454820
198.599511
197.129366
186.174141
195.490173
198.879226
201.983526
187.533085
201.992946
203.463153
187.053681
193.514581
199.083752
194.633344
200.173107
193.580695
199.170692
199.120597
203.027503
196.387080
187.503885
201.979669
208.953614
212.945096
190.150893
197.427289
190.083993
193.409042
193.775879
193.421492
209.473610
192.995182
195.278367
194.857881
199.836343
191.269511
202.066431
191.214862
198.458206
191.149115
194.471548
194.841206
194.458563
194.029899
196.004219
192.306584
204.277117
203.075221
196.840164
196.845637
195.836731
195.861417
216.436517
201.443567
196.995132
201.340461
208.808773
207.152823
188.621467
188.106822
206.807692
187.641951
196.860036
211.518900
196.593129
192.726513
203.611077
196.933460
200.684152
192.262107
203.396075
225.868368
192.456786
191.974940
196.292125
210.989313
206.236960
194.010572
192.898160
193.421573
192.752126
187.444526
187.013360
206.058301
198.640796
199.108110
200.310804
190.919790
187.962030
190.363932
187.336819
186.613735
200.310949
200.979513
200.823203
196.267748
196.215381
195.465271
195.821005
201.112312
202.906551
196.206036
197.414372
195.833233
196.542549
195.342523
190.731147
187.269202
184.527410
190.787975
189.780663
189.107661
186.175102
185.200421
192.089655
191.766727
186.685400
193.485460
192.499448
192.759488
192.339388
195.172626
192.875462
188.169588
196.876764
190.439421
192.645430
192.089896
189.678523
187.517031
187.192080
186.528045
189.121177
188.364171
186.595869
192.000197
205.531180
191.122479
198.521022
197.471407
198.277765
192.482879
193.239880
196.408903
191.949900
192.706514
206.462846
206.494327
188.083492
188.152924
195.850487
190.151504
197.849082
174.186687
176.560475
174.509665
174.184966
178.631312
179.296655
178.656194
173.435056
175.188594
174.906417
199.461168
194.670644
191.442458
190.953747
199.519984
190.133912
196.544081
200.217130
195.706860
175.593128
185.835136
173.185471
173.907342
183.765750
183.726215
183.688120
189.068863
176.498986
186.479565
183.714903
183.714262
183.750507
181.977354
181.927833
179.523379
180.291522
181.811105
180.350685
179.283087
179.244051
179.563633
182.947707
180.510937
194.883351
186.284268
185.604306
180.979726
181.266101
179.368561
180.260467
180.956633
195.606918
181.295091
178.857819
182.861743
181.908152
182.195404
180.669074
179.546329
194.894247
202.507141
195.093125
195.120293
195.830198
195.776775
192.878634
193.635422
181.899853
177.564918
183.613382
178.471583
185.290866
177.440185
182.504823
178.346710
183.505386
178.576971
183.630555
177.511680
177.134414
182.933005
176.101360
180.789521
182.324008
182.161062
184.609437
180.409244
193.040853
185.306324
184.821286
198.534951
192.217965
192.969804
191.951899
194.644811
190.853135
191.561144
191.593116
196.239848
188.734677
182.634424
188.825338
183.388739
188.177107
183.464476
208.461342
201.143159
193.566690
193.628049
201.462547
188.991369
189.701111
189.677268
194.314156
198.191458
202.421405
190.023538
190.733777
190.626390
195.266059
200.206238
196.833302
184.586648
185.260113
186.181137
200.972886
201.913827
201.335387
203.238265
202.107433
206.014324
195.457928
189.263802
203.300571
202.236624
199.858349
202.034874
200.211770
195.533821
195.505953
208.814198
204.560918
189.555848
189.826170
188.811814
189.533070
182.957002
182.955866
191.797828
193.768380
184.415203
182.965520
186.085261
188.085638
188.691961
192.444129
196.600870
189.692127
185.723719
192.882534
193.081554
188.005647
187.644514
185.503131
185.382951
180.163144
179.611481
175.279139
181.076248
180.927370
182.004389
175.298868
182.818407
181.974435
184.424129
180.224550
176.074419
182.855274
184.460329
193.088715
197.744609
204.601218
204.029952
198.865459
201.402118
195.593091
195.567526
208.839166
173.312204
174.128891
194.968235
196.091134
175.110498
173.416127
175.929518
175.341377
184.513629
178.109473
180.487469
181.255925
182.985365
179.260971
181.745795
180.376530
185.496610
180.926021
181.971605
194.474093
195.178098
194.881146
191.217288
190.820558
192.168295
192.928380
179.447375
195.955764
177.967802
194.795849
198.715232
190.420960
191.102991
190.414397
203.376230
201.146846
214.191529
202.743845
202.895554
202.461164
202.289797
203.497136
210.575147
200.166215
194.633276
214.317362
195.758208
214.074158
195.393265
182.615339
188.800526
203.880871
204.717776
202.158000
202.567618
202.370072
184.523749
184.406935
189.928551
189.203305
200.354053
177.188693
179.812321
173.572502
188.005689
197.107983
202.537216
193.874705
204.154862
194.745678
198.681469
176.170824
176.142964
176.231081
190.539668
176.020498
175.326711
205.238941
205.175289
190.747933
190.819619
194.475292
205.486658
194.557613
192.679528
205.484952
182.712208
186.986413
175.965347
175.947203
184.957421
168.429784
181.727236
181.798675
191.326669
191.398614
182.804426
174.031355
174.179559
180.229312
180.476293
174.781846
182.514093
196.305895
188.608895
188.607154
188.483682
187.759812
196.375811
193.910487
193.780907
174.731455
191.314253
190.385582
175.010379
175.356208
184.679826
176.108830
174.361131
175.083299
186.148590
175.741985
190.339003
186.344639
176.043080
190.546254
190.624383
176.795010
190.511320
175.010673
178.597070
175.876495
191.504270
174.126371
174.889504
191.433528
181.220008
187.767063
186.349607
187.334661
186.233367
186.546188
185.477634
185.551381
188.989583
186.518473
187.986742
186.955744
187.274542
182.027519
188.120381
187.304396
184.887090
187.089978
188.745658
187.773197
186.148803
180.115596
175.543536
192.158214
197.438627
188.736630
197.300161
189.453167
188.773235
193.801684
193.905230
195.339229
195.337862
187.665533
187.619846
176.036616
182.184682
186.593897
187.881212
185.473185
191.035359
190.886658
186.113274
186.489071
184.736157
186.200273
184.749896
192.325335
191.718317
187.334940
186.393606
192.032864
190.990454
191.019439
196.935467
192.478272
192.751871
186.457911
180.234096
185.609100
187.271127
186.196938
186.158287
180.992369
198.252103
187.012784
197.441870
187.250756
192.230539
196.337092
180.037785
179.240791
188.644144
177.612481
183.027549
176.955835
176.159296
187.959456
184.997012
181.863981
187.110158
185.988828
197.526034
198.594325
199.519932
186.224817
185.481151
185.395046
191.587158
182.095875
171.610954
176.758344
175.085220
180.080828
170.773168
175.920208
174.247693
182.950213
180.065077
180.988353
191.920992
183.028765
183.809041
183.561211
181.766073
177.716115
181.044147
180.366043
180.409078
184.582824
189.085679
189.591214
181.979124
190.896767
190.921910
196.079118
187.520272
188.869476
183.643559
188.643637
181.987232
180.911491
182.348413
178.737863
179.489168
179.682532
179.431976
187.059838
179.552869
189.541795
207.650230
205.564935
210.006476
189.892120
211.907843
205.701567
201.162311
184.841782
185.489027
205.404504
189.811644
192.128042
203.339702
176.838520
175.147862
171.606551
181.968053
190.412924
186.507757
185.792609
188.217287
192.288896
200.105283
204.397782
195.551978
194.484611
194.395508
189.309628
199.592848
205.513646
201.131235
190.252461
192.309479
191.567024
187.533712
177.234471
185.417013
191.690493
196.059207
182.678688
201.322729
195.748423
207.372632
185.616877
196.735756
189.230100
181.905397
181.193906
187.185144
181.866650
181.792487
176.760568
177.558490
184.317205
183.558429
183.775246
184.818894
182.327677
183.991082
182.175408
182.962225
182.299269
182.156611
177.803485
178.633362
190.002385
210.943738
190.047028
198.684066
199.376227
200.167385
199.512857
199.496797
211.411123
214.021700
181.379903
182.426935
196.121981
188.524827
182.445915
184.371978
177.013337
179.811558
184.405988
178.028344
179.870887
189.195502
185.515912
178.077831
180.908943
182.005911
183.176886
181.513475
191.101641
182.167816
182.029384
183.162362
180.465253
180.626911
183.128104
180.452712
189.667943
199.040540
194.324930
190.335783
184.901541
186.012440
200.539644
194.780442
187.605755
193.581490
203.734337
192.370621
188.323824
182.891305
183.951191
199.559959
192.826615
203.104876
188.471045
186.564806
194.864308
191.219156
198.594693
194.538534
189.135001
190.183451
193.807018
188.458980
193.879106
210.469833
184.700272
176.180332
180.136399
189.197771
192.320874
182.380958
181.047931
191.688065
184.120260
190.569215
186.496989
177.963869
181.886530
192.252924
178.900445
181.387369
179.688693
179.568501
181.877178
197.697624
183.926353
193.816192
189.181508
187.480819
200.341766
189.455203
212.237042
197.147591
190.618326
184.405087
193.240278
188.306242
186.897285
187.395623
189.200513
187.611855
188.357160
186.591508
187.383902
214.053650
198.657637
198.672051
202.618145
197.028626
191.282595
186.415169
176.896905
180.825499
184.771300
177.255900
180.152314
198.918203
185.473263
188.166188
177.234150
180.886527
202.991744
202.948234
189.185354
188.508719
197.439078
188.468868
190.591179
174.707508
186.456393
187.169669
176.937724
180.898082
185.465353
187.177429
177.966999
180.877724
206.677096
185.679804
185.702237
179.554179
198.637810
176.738577
177.778488
177.553000
177.932928
181.309334
181.298260
199.370585
178.571739
179.567806
177.452248
177.749445
221.435882
202.585328
184.861916
180.699102
185.858532
181.477920
185.640156
191.629923
193.484485
187.327048
188.863814
186.644952
186.412018
186.489271
187.920422
185.842778
181.463525
196.825393
187.171946
191.810380
187.338584
188.885777
184.973161
187.460193
188.204027
187.898905
184.574147
191.434320
184.119066
187.348121
182.975098
190.992495
183.730095
211.560585
202.686894
201.596994
211.654116
213.214679
213.309241
211.207440
211.301154
228.391528
226.320352
203.874468
202.692260
217.243699
213.671018
217.372471
203.379595
202.330390
198.510423
206.974555
205.397398
201.256143
205.923885
205.971797
196.589205
200.878115
213.883327
194.429921
194.483524
209.960114
215.503274
208.973879
207.741533
206.559600
220.277235
204.042559
210.380993
219.177560
199.634925
199.253589
203.873894
203.504736
218.305706
197.966395
215.597118
228.393304
235.567065
196.376617
198.195019
226.356340
220.457250
220.898905
219.245069
221.024323
198.541911
193.237306
202.165741
203.918107
196.016692
197.083590
204.042181
205.756305
204.521477
217.594218
208.888039
211.039698
202.159894
198.473253
202.562788
185.989047
185.990292
202.562014
185.987823
206.787089
204.330568
190.277449
190.324274
190.138066
189.422500
204.184582
201.367100
201.340236
201.259061
197.103262
211.023067
197.047742
198.792085
200.108941
196.558739
196.528821
204.596031
209.247568
214.298864
200.926322
197.441260
197.411982
218.687328
214.173622
213.461128
214.301383
216.843890
197.824433
197.070478
198.542175
194.949041
193.637996
206.652918
198.016620
199.942058
195.970956
207.474993
190.464645
201.130418
195.332873
206.912648
200.724294
200.492161
198.736406
190.539497
189.064717
187.001852
192.773738
188.957441
197.317888
215.445238
197.470321
188.370564
183.583942
192.888584
197.503804
196.363376
203.899649
196.479949
200.120391
210.160184
190.340988
190.340169
205.783526
202.260770
197.653480
191.430111
196.002194
206.556659
212.566784
210.554288
218.287969
213.241863
219.669883
208.651738
210.685731
192.334059
192.335101
207.849888
207.649833
201.394560
216.458206
193.067105
192.870326
197.659525
183.382291
182.274210
208.123901
179.034837
183.238307
194.365261
182.171886
194.312100
183.235540
191.541413
185.079401
182.482095
211.452541
183.244263
185.350269
187.643914
200.124071
178.997878
181.574469
178.894162
189.354401
182.323503
194.962314
194.239997
194.915957
195.028353
195.020059
199.382489
184.817004
185.569848
184.481523
193.926624
193.488585
194.240638
194.175356
191.666194
191.725129
198.697156
188.408142
189.113528
189.599019
187.943423
192.765498
189.669252
190.664819
190.633138
196.923896
181.461228
192.544895
181.371814
187.280557
186.530984
184.840470
186.580588
186.760692
189.028563
196.051333
181.536470
185.826576
182.173521
187.298393
181.183153
186.630478
185.836638
184.858511
184.821053
190.377054
189.004750
186.695625
185.307151
186.058543
185.037574
176.345817
178.883246
176.219489
179.615141
188.965161
182.148882
181.475657
179.667995
188.154150
200.247367
182.268759
201.321682
183.010181
182.710877
175.981249
181.737302
175.965814
188.432990
186.628586
186.272290
179.631475
176.955999
192.331782
212.752600
189.996182
191.571688
194.085595
194.471320
193.554182
201.396144
196.878163
195.311981
196.177911
191.563434
197.897727
192.409020
180.606145
181.278372
191.620885
183.347123
186.137497
182.482477
177.791980
188.734679
181.176174
179.557355
182.917780
202.224917
185.315888
183.694189
182.088919
184.335168
186.407056
183.620336
182.301278
181.356447
182.047054
188.095179
196.082661
188.780603
184.004956
187.277703
189.862777
180.249653
189.695256
179.438551
181.460184
213.202542
211.164362
202.413752
194.852866
189.469422
196.005177
195.316442
196.287186
196.822837
184.723094
170.451136
180.733299
182.150872
200.688048
180.247283
182.553337
190.973787
181.154090
192.616710
183.050737
189.224143
188.399925
179.489366
198.285902
179.472262
180.660466
177.005131
175.910884
186.421639
187.214594
186.600228
187.777545
192.475512
188.386505
196.482532
180.243567
194.022128
189.213240
184.774575
190.203440
194.919525
202.121252
197.062351
204.861331
193.308309
187.682434
193.168440
188.327950
188.707259
188.713844
203.681520
197.590533
184.572149
183.473329
180.699903
182.477286
177.400269
184.834855
182.311271
184.023443
182.964295
190.080313
190.751060
190.067921
184.350067
184.306700
173.336411
175.108126
181.276268
191.857210
191.830300
174.345108
190.550907
174.324459
179.223241
186.130297
178.512276
178.604880
178.555393
183.944109
183.005517
179.249197
186.100943
179.491701
178.581810
180.237997
178.575278
181.012948
187.786757
181.205417
196.871774
180.300635
182.025816
180.294792
188.538164
173.416079
173.401000
174.126086
189.561356
173.289156
178.804374
183.547576
183.571668
173.271034
175.088295
179.735002
178.826076
183.701899
188.055491
180.511585
179.820543
190.563569
191.598743
173.366001
172.620445
173.327058
178.650943
178.646694
173.382928
173.530012
182.091292
182.865374
202.708947
181.129965
194.260422
201.197818
192.499283
193.196482
214.973761
180.914176
180.226395
199.405590
182.924900
181.317678
180.067696
180.032743
197.747262
184.242510
187.995993
183.702890
185.550339
194.319247
193.281063
194.225606
215.728940
215.801272
222.198989
222.313567
192.288341
198.462599
213.094383
200.441795
186.115106
194.468103
193.609451
207.002653
196.493668
190.389229
197.618703
211.222255
194.599164
193.684254
199.064539
196.873152
210.080858
192.317472
192.372156
227.779693
194.057066
205.168012
196.034203
189.833567
197.961954
194.144766
193.033897
202.572322
182.748871
183.340212
197.328020
176.288735
187.831575
186.233115
180.681227
182.425781
187.474532
187.190117
185.660925
176.975882
170.820831
187.018728
176.155594
170.001957
186.163584
194.239403
183.813626
182.272630
181.919980
185.194319
185.874028
185.928709
194.898546
183.439187
181.930182
188.022363
192.213482
193.287394
176.105257
175.324026
186.321263
185.381731
185.446469
185.419403
187.045143
186.101032
180.630315
180.490190
187.343156
182.156149
182.969522
182.962759
184.091037
181.247149
187.963244
182.073352
199.909504
177.636830
193.255482
175.780234
177.661922
194.305249
176.868778
183.963982
185.063465
192.516107
190.166322
206.506214
191.496298
201.433835
181.980072
176.609544
179.309080
183.013260
175.528294
177.680225
175.405356
188.043942
182.031070
188.083542
188.284069
210.527315
203.829030
192.851617
192.862295
192.877224
189.439169
200.822031
198.515569
192.282779
187.480829
194.048831
187.399201
192.368363
182.031085
181.115759
187.028608
203.938472
197.702579
196.014814
180.213700
194.220968
186.081748
184.419067
185.450035
180.077671
183.942231
186.335197
185.429945
183.701025
181.992075
187.316813
182.268201
186.528667
188.077911
185.897927
180.556185
179.337298
183.035018
180.349109
190.531431
190.602584
176.027368
175.935679
187.066022
186.096689
184.499163
180.885888
182.628375
194.615971
177.764953
187.623107
185.667540
194.257802
188.190604
183.835178
183.828522
190.008361
198.382264
197.902045
184.895108
188.017515
183.907763
188.058233
186.292581
181.747414
182.732169
181.418674
181.306764
176.272176
186.369349
180.800329
176.912354
179.575916
174.450544
174.318208
174.060839
174.000414
173.924763
173.915786
182.457779
184.248694
176.120507
186.065327
191.598591
181.614181
170.783457
170.894546
185.145992
179.516302
175.815872
175.823098
191.725078
176.170502
175.141744
200.990993
194.250605
177.722877
193.399816
180.331429
188.155275
188.050503
196.180790
184.316593
189.199570
199.450455
184.873831
191.345125
195.764998
184.250323
182.742558
180.882818
182.447055
177.671997
181.775267
177.717292
178.526381
179.207988
179.642355
183.867414
189.808142
188.033478
182.279621
183.364758
188.918102
186.950840
182.033532
181.502491
185.590866
191.034884
186.623248
185.978745
184.838752
181.309545
183.684244
180.292190
190.962520
193.451467
201.232355
180.297063
182.876067
199.591939
177.610336
181.044853
176.638501
209.111258
187.396645
186.293889
191.409997
190.236500
176.889994
192.516483
187.476047
191.736639
195.743370
183.857560
181.450911
186.414424
186.970844
193.251848
188.097619
193.672562
193.778477
192.055718
192.748932
187.657477
189.429983
195.985830
185.357244
184.619772
196.853540
180.302075
186.912781
188.090941
195.463866
190.040303
191.884335
192.840349
188.290202
199.535100
189.678383
179.448580
198.318112
182.038136
183.147626
191.729096
187.840074
201.446815
190.889034
188.072197
191.043699
189.167274
197.736339
193.896914
188.993847
182.864118
192.391156
181.046145
192.657993
198.569899
192.782801
187.491331
185.600136
181.849957
196.458112
189.847471
182.864046
186.542745
185.585394
203.033019
191.817385
186.444302
183.798537
194.218811
187.874899
189.211814
209.887063
183.585938
195.063900
188.681802
189.050232
186.288513
181.966192
193.249961
198.410196
185.544008
189.289047
188.200387
197.986970
184.064617
189.275437
194.523503
205.704020
187.552079
195.446530
206.594522
198.526058
200.122451
186.500229
183.731555
206.251376
196.692369
195.120076
195.049063
169.742632
175.141689
199.671038
174.312096
175.057705
174.279959
182.032704
180.273079
179.584697
175.839379
175.152161
181.397367
176.214342
187.142040
186.194611
179.620228
187.170958
180.352729
179.250243
183.641109
179.599601
174.914385
174.139096
181.331918
182.887953
182.122393
181.455818
175.325950
181.843449
180.345925
181.609966
182.703804
181.149688
180.558410
181.051062
180.285235
178.777106
183.155545
179.203459
180.025255
180.238817
178.129007
180.960736
179.274800
192.357184
183.598612
186.787522
185.507599
181.668035
191.840902
187.826899
181.109176
179.789530
185.476394
180.982331
191.103455
186.395104
181.049114
181.440116
181.022539
184.796799
175.986331
187.817634
187.096423
195.015159
187.579206
182.092889
188.143349
187.755665
187.038953
185.435031
197.507353
191.677261
186.045495
181.044072
187.095282
192.674203
188.940456
176.564725
180.875268
192.520625
176.418810
182.039050
192.186383
188.797271
176.054583
182.261199
181.479634
204.590610
205.570197
192.422718
183.153344
182.812854
192.367517
189.927855
181.393194
181.762075
181.592251
179.558261
177.015875
202.690378
188.576396
188.238904
194.037191
187.612778
185.814051
185.710418
185.377146
181.442811
193.829635
189.079787
177.688737
182.617697
193.640040
177.494936
187.298710
190.400985
186.999406
185.306983
180.347506
191.554108
184.772190
187.204278
175.153803
181.315901
180.523059
197.033255
188.948115
188.232595
200.902404
205.600385
205.619902
200.867481
205.596147
205.584904
197.232325
197.203298
211.535983
213.003479
180.140307
175.148060
181.244961
179.085168
181.199037
179.546654
183.217306
175.156493
179.140937
179.329303
179.864906
180.337856
186.148462
174.986292
175.986408
187.174677
185.461810
181.957592
187.286306
175.188128
191.526819
184.757019
204.658977
188.310764
176.247417
192.365209
193.688322
194.323244
187.729917
187.346870
180.637051
181.324315
177.717829
192.835733
177.549440
192.664179
182.643155
192.411831
175.891761
190.877928
180.280654
181.733722
181.565121
193.477021
176.935032
182.811648
196.760033
199.086166
182.789354
170.799592
188.158597
176.628352
191.727252
187.289052
170.820429
175.208604
174.571982
185.451742
175.354747
169.264420
181.253599
180.472741
193.938726
175.267456
177.804922
177.028098
186.333096
186.952520
186.928912
185.812203
176.085320
186.530435
186.584778
176.848840
187.343109
189.030184
186.473546
188.205292
187.174599
201.739306
186.597058
186.635598
190.705412
191.748024
185.455571
185.448756
197.876922
180.208980
179.557328
180.238094
186.133853
197.490524
179.512274
179.531315
189.178413
188.479426
181.871185
180.466681
182.661630
169.782985
174.246653
179.509319
182.563584
182.382555
180.291996
182.971491
198.869204
198.837390
184.710265
191.697012
190.422309
180.362663
188.206070
187.537342
182.891980
200.424161
184.490925
183.822319
179.212362
184.489210
183.822247
178.201451
176.797287
214.009206
186.714155
187.368075
187.368766
195.744893
189.443076
175.060984
180.955836
190.551814
190.745922
181.212500
189.048835
181.313648
188.717073
196.872747
199.038234
189.547923
175.206750
182.049958
175.067202
174.321790
175.964197
191.590497
182.643099
190.480326
183.153074
186.644927
186.592658
186.531460
187.255396
187.217426
187.210970
187.450028
175.830709
180.651213
174.840011
180.625584
172.502377
191.192762
180.299607
179.277022
177.766963
178.533818
178.880841
177.060015
186.385318
183.071230
183.856547
178.695536
196.111973
190.727333
198.392828
174.258048
181.058396
174.041196
173.250259
173.279358
191.564972
185.539790
185.556059
186.165176
186.121534
193.236591
192.384067
184.378306
183.662632
184.094032
203.179611
192.516080
175.187505
177.779650
176.936158
180.402487
187.831418
180.944099
196.926726
180.274539
180.235669
189.106932
193.419893
182.737063
176.874068
188.279980
176.175742
192.275183
182.647448
177.538097
192.629545
205.835409
177.629117
188.932940
192.743602
192.434996
186.561799
201.544990
188.184988
206.603239
181.277677
180.579691
181.293738
180.578041
197.797901
207.758991
193.312413
193.274068
200.703092
201.774461
188.924979
191.299955
189.631696
208.764568
184.106656
190.031419
184.909073
200.541479
189.750574
185.096443
203.155752
205.832453
205.910607
196.126929
196.069408
199.689133
200.812563
194.252283
204.083479
194.311353
204.050879
205.114408
204.006499
202.747047
201.675648
199.362304
204.111147
184.826780
183.803076
195.728639
187.130972
183.802638
186.526848
188.802410
204.776072
196.589860
183.697768
200.640157
189.923140
184.791343
202.149354
208.978624
199.364032
203.989642
213.397327
204.777984
182.305950
179.969126
182.043023
179.796870
179.552638
184.132300
196.491257
188.875866
188.926874
202.612130
188.183512
193.414366
186.705346
187.083716
185.765703
186.889804
188.147865
180.759143
187.287413
188.363024
188.301303
187.642976
181.860809
187.810807
191.639663
191.403593
185.460724
205.504461
179.464911
180.269083
196.815322
182.916818
187.865195
175.849607
191.915113
192.305532
194.043529
193.320709
182.197075
175.186766
190.180546
180.542546
178.225724
182.208211
181.199423
176.113432
187.230352
192.541380
181.176838
187.131735
185.619738
185.342744
178.919383
190.046919
176.302440
181.426145
184.667409
192.392360
193.361316
172.718380
202.095533
199.699757
183.205751
177.746010
183.120324
200.816300
201.531091
172.686480
190.648707
178.832055
178.727336
187.111853
180.342485
181.002925
182.820719
182.097141
183.030764
183.710637
177.704814
176.336457
176.308912
198.588417
187.165721
195.835616
189.752788
190.052612
197.598812
189.027548
190.820676
187.197157
195.705904
189.703374
198.533757
199.669198
188.983735
183.606081
200.003088
184.278811
184.292504
188.943777
186.114514
186.138816
190.789960
188.592978
183.837489
179.398828
184.772525
189.488644
196.774750
199.526838
187.522123
201.483053
200.406945
187.542404
187.799319
178.500829
182.116194
181.029788
191.009152
179.581178
191.588448
180.322470
190.653410
181.500040
179.573583
183.263592
180.301439
192.500133
186.650585
183.698963
191.500179
193.504156
185.841686
192.765468
181.252322
183.998420
184.219148
181.363750
191.766850
199.234372
178.533703
186.782041
182.047324
181.058487
178.568499
183.863031
183.885133
178.433573
178.423459
199.413922
201.673191
192.491622
185.684676
178.124210
192.482901
184.364700
181.696536
185.749164
193.140514
193.971456
183.845429
183.835655
204.843298
195.666681
194.305318
186.588116
188.157100
184.074645
195.641782
185.887399
181.015838
180.292903
186.967206
186.642702
181.515910
189.136384
188.564449
190.854605
194.214026
192.378727
188.168068
183.999142
191.370169
186.231396
186.212804
181.430729
181.487708
192.590813
180.994892
180.271652
182.192611
181.482049
183.299223
185.466826
185.802407
185.529392
180.373340
185.431537
183.960494
188.516768
201.266723
201.322188
188.475511
187.761499
193.516731
183.703028
192.444468
201.308109
186.646030
185.974860
181.542851
189.086699
190.809057
188.477656
182.584637
198.698200
187.750678
192.421453
192.374308
184.006799
205.710828
185.912247
181.480409
188.988619
190.649095
188.365440
181.470463
197.565888
185.969655
194.041899
191.607070
195.250969
178.853966
180.585284
179.796495
187.184622
182.131019
181.101499
180.537748
182.751996
182.028112
176.365059
176.336942
194.767772
188.442392
183.790962
176.633550
175.662392
180.356822
178.502830
176.744883
175.772774
178.528701
178.593602
200.608553
191.887280
188.152596
183.713323
201.078084
189.177879
193.860722
202.287783
196.026576
173.384248
181.060190
178.897321
180.598777
173.417179
168.271234
186.590647
178.699723
174.940959
175.911398
186.162238
180.567612
177.778337
177.755301
177.639152
185.517949
177.841071
184.042883
193.920472
193.445322
189.534619
183.501207
183.795301
192.370283
185.411261
183.305770
190.661140
184.508737
192.259344
192.305295
188.521274
183.888538
178.429127
182.868077
187.538345
183.999189
204.221311
188.182716
190.566008
189.264178
192.276789
188.480757
191.109530
188.532187
191.252865
191.200842
183.783713
190.558529
204.240250
204.317475
204.241725
204.318933
180.779806
189.029811
177.096649
178.122827
181.772614
186.099265
184.710397
192.501576
193.922575
190.108352
189.297211
188.353814
182.515866
183.217843
188.348844
186.548385
195.073920
194.855081
194.224270
204.598145
213.776691
212.735710
205.636766
209.258211
211.907116
216.571985
218.806252
217.617781
212.159610
208.760887
208.305320
209.877289
211.119491
204.052918
209.926114
211.044244
225.798910
215.532247
227.246542
220.613781
216.577091
209.512304
209.360731
204.254913
207.399400
203.780359
189.896175
186.463168
188.137709
188.105785
189.098767
194.302422
193.987658
194.404452
190.399328
181.211848
192.793941
192.786172
193.578636
196.037682
186.421547
185.644180
189.184061
195.160024
200.308515
188.481380
195.751883
193.526113
184.236369
187.859819
192.311641
188.548078
188.949057
187.366553
188.080050
195.096904
197.641002
208.430321
207.262738
222.443057
214.155290
213.388367
213.531139
214.744092
212.348127
205.244628
213.632364
218.679322
212.853576
216.227572
217.718567
217.815654
219.091863
217.637075
209.492762
221.428871
212.452914
217.561635
218.846254
220.059073
211.329992
214.709660
214.175529
211.544810
211.335697
215.963314
218.035224
212.076594
218.487423
215.451627
213.957638
216.820852
216.993440
208.806833
227.049022
222.788198
220.479834
213.447056
212.404553
205.267395
222.815634
219.530782
222.479215
213.075243
218.879397
231.075366
213.943773
209.044203
211.702889
207.418664
210.721362
207.819225
190.663767
190.011258
199.135397
200.979993
191.222765
194.303682
212.928479
211.006234
220.645450
215.604268
213.140455
222.952787
215.534561
216.700174
211.926705
215.298881
218.375306
210.872559
211.044158
211.174547
210.496761
198.856389
209.215121
198.268864
207.855742
208.035703
207.882299
196.905423
196.417210
193.740976
210.596581
194.785654
190.173067
205.028421
193.737689
198.241226
194.124325
197.184025
217.340704
219.561644
208.515589
216.020214
222.672504
215.071734
212.670870
212.074819
212.074809
195.492907
203.001982
202.897992
202.854614
210.920792
210.921061
195.586193
213.745266
210.649823
205.252287
210.693308
209.031209
200.646840
208.823332
206.045865
203.607353
205.316488
218.210199
203.381437
198.196573
197.172092
218.208142
203.288021
200.858861
216.327965
216.235608
213.667021
199.114667
204.530213
213.913938
213.911254
199.343156
201.579454
202.760476
199.368578
198.282056
208.523854
208.615928
213.920728
214.130555
202.656471
203.566250
204.221811
199.588686
207.917186
200.645373
208.010529
200.739409
214.907706
210.703773
210.798571
213.172135
197.321806
203.406452
206.022983
211.980198
217.133322
203.632830
212.203229
204.940404
200.620642
211.809800
195.988888
208.777774
200.852362
208.654215
218.533361
216.295334
203.379353
202.604472
201.581732
216.296644
203.431383
201.027703
206.223227
208.916610
203.792510
202.864692
218.104609
219.313122
218.016566
220.963272
219.227204
215.347572
226.543416
220.436130
215.261401
203.196500
203.836726
208.810746
187.745306
204.273565
207.501820
206.744598
200.916010
206.172355
184.313838
201.952637
192.042887
188.611786
210.536600
205.898384
200.674840
218.162398
198.984193
203.695131
199.498705
203.333432
212.528761
202.695056
209.271682
201.495345
208.038690
201.110699
207.721341
208.707239
199.955573
195.836619
213.635559
196.181525
197.546555
196.942663
212.049256
209.902304
200.307096
208.877450
200.236583
194.827320
208.507453
217.530488
203.089684
209.035698
198.911854
187.584239
187.928883
188.688326
196.051174
187.395117
197.162479
186.683794
187.960446
186.716160
201.512082
196.763684
196.687313
201.437278
200.886229
200.983184
202.748266
207.483790
199.525937
193.156797
184.600696
211.118042
212.235300
196.593375
195.837420
189.416263
200.710601
188.957529
195.787386
195.232417
197.772593
200.469658
191.538134
195.040255
196.504952
194.028252
195.000354
203.229113
215.603853
182.971747
192.142879
194.281336
196.333281
182.908633
190.721756
186.848269
198.040034
199.565231
193.935077
195.910370
200.050770
178.940949
183.255945
189.170961
199.383817
189.169844
183.526805
186.014724
198.884569
199.455748
205.771750
197.932371
196.793925
191.696146
184.493312
186.980521
190.624108
187.733467
185.315102
199.043441
188.222656
199.451340
188.255923
192.060460
192.177458
211.202439
206.434282
202.784251
191.784658
191.723274
196.450347
198.822924
209.928151
201.495517
196.688817
229.641369
217.564191
227.937897
222.721251
232.960153
216.801030
227.412616
225.664395
225.576882
225.696471
198.565006
191.594342
192.568252
200.399004
210.144433
202.228111
199.386663
204.705343
200.372067
200.706096
197.148786
201.563250
199.793631
216.394803
195.388850
198.731299
199.479515
197.907041
194.361484
205.398473
210.677265
210.770022
204.957956
220.501816
203.925090
220.331591
208.780758
216.329504
201.919948
203.380937
201.034141
216.331435
203.431680
195.627778
208.915386
202.774421
218.694293
218.692709
206.223338
208.832806
201.027449
206.137903
204.451869
204.652653
204.077136
222.097043
222.130175
208.622716
201.146040
207.515279
202.735263
213.295909
214.234528
203.667256
213.258377
205.135119
204.322064
209.989204
202.792800
209.853340
217.387319
217.384921
225.609789
206.066569
222.314680
205.026558
222.356108
206.390132
211.796261
211.659808
218.186470
213.180862
203.391773
197.292224
198.177610
200.909376
218.183373
213.094000
203.391214
208.738100
212.020512
195.593977
212.017620
210.922315
203.107737
203.010276
201.829973
194.893320
201.831303
195.635870
210.921569
222.756205
190.017443
188.241195
190.939441
199.864802
189.208723
205.827727
201.080264
210.619411
200.657986
205.848855
207.888970
207.779326
205.941059
203.877530
203.835640
202.788690
202.831274
206.266873
204.003041
195.054990
188.403387
189.348809
192.372343
187.139198
187.067373
207.052045
204.763924
210.327709
208.255810
207.035141
204.215540
204.250667
209.062586
205.473325
213.508566
193.847291
198.863441
198.084627
212.663897
186.813729
199.850308
200.952049
186.713272
202.223483
204.624939
206.517653
189.584929
206.810334
188.881566
191.709013
207.173691
189.950625
191.405790
192.601088
191.596623
192.615154
182.968584
202.290255
206.642602
190.676274
207.948634
190.639514
189.661250
195.079055
193.933886
195.610683
202.731709
199.619507
195.630165
190.292677
202.437946
203.968533
204.873070
199.037948
204.521397
207.712447
207.502408
203.415879
203.447931
208.257782
204.604202
203.547709
208.365446
208.369420
203.413364
203.490803
206.445230
204.402953
200.292370
206.267824
204.481557
207.815716
199.090520
198.996406
206.625185
207.211788
199.039912
198.997045
204.398331
202.581289
204.362942
206.531681
205.189873
205.325224
199.183840
206.757572
207.168590
202.468997
201.098393
181.992125
181.383995
191.516185
191.632769
192.660993
185.811035
186.788906
186.768843
198.037306
200.977648
194.468671
195.564304
205.392764
195.954196
189.757843
204.572119
207.259114
207.251580
207.428519
201.344592
204.521805
207.564623
204.488551
206.674878
199.047781
199.089902
208.824098
209.433955
199.875922
203.639543
200.090153
198.975094
203.690919
203.597530
179.525256
178.958220
177.981789
184.798690
177.666009
176.166467
184.572961
184.239566
193.453811
183.890884
173.226626
186.658002
187.406059
187.363300
188.425130
197.808972
186.627810
180.589380
185.971678
201.890844
195.543224
195.586600
191.511208
190.731859
194.157520
185.328115
194.130226
190.105160
181.007762
197.728952
197.760815
192.570567
194.563507
193.532571
199.019229
191.608783
187.456033
194.344370
194.022372
201.340536
194.893531
188.247062
200.490462
198.650302
210.726889
208.524099
199.419816
189.251052
186.757006
183.079776
195.165521
188.762105
200.421198
188.681396
198.580807
183.117340
200.038831
182.759552
200.011616
191.732955
185.499805
193.376418
185.429054
183.014299
190.774497
177.064269
189.088925
182.565632
188.434928
193.562791
190.216800
192.475259
196.908879
187.350104
199.220182
187.200145
186.080319
181.226393
187.336474
186.291150
191.371979
191.608161
184.037734
190.986844
189.171415
199.914184
201.113527
215.569591
208.318616
207.849913
208.937898
207.000867
200.692253
200.659479
210.664870
217.392569
207.981298
206.557398
199.770098
200.237900
200.085596
181.951906
180.251479
180.884787
180.134733
180.903547
180.174604
181.893062
210.707593
211.795679
203.713258
203.041385
195.071413
189.033554
186.462600
183.653222
183.619835
183.030966
194.800411
183.503836
183.470877
202.796612
187.792336
189.807734
194.018585
194.525205
183.055271
189.579358
177.748444
188.224693
182.919285
194.311282
195.601926
194.857726
189.775113
195.088424
195.863131
190.486819
200.561438
198.189584
205.505990
189.197934
199.894279
187.268543
189.633783
193.630885
192.035632
192.896947
194.599595
185.705818
188.947781
193.384156
186.443577
187.345630
189.566519
183.574957
186.096937
196.461111
189.595395
187.493960
234.934014
236.789609
234.705284
208.318179
209.525753
210.233453
212.976387
216.659500
209.244310
208.598519
211.980021
209.887667
191.779459
202.186432
192.339582
190.658361
200.977441
190.559026
211.725470
209.774859
191.731831
200.373448
194.925043
199.872529
192.292539
213.273332
209.790348
215.354743
209.858509
216.074424
212.959570
207.440142
210.609860
208.554685
215.036865
215.441805
212.766163
208.338772
210.093089
212.794692
214.351693
214.295221
181.305223
183.483339
182.898205
192.312789
181.810105
181.901664
193.243641
206.732207
188.354350
188.206769
208.438731
201.255141
206.822889
199.135607
187.015913
187.744568
186.298197
187.033838
186.444837
186.463258
181.724132
181.877298
191.580874
207.716640
190.574451
190.260892
188.768079
208.048767
196.950083
190.836863
195.218481
195.954384
188.075499
191.738455
200.290459
201.922382
194.119884
197.052204
192.741123
196.466104
194.561552
200.194558
195.317510
195.408343
175.862859
181.824969
176.887143
176.933337
181.206264
181.464083
170.010896
175.344764
179.179269
177.537826
174.871709
180.113256
176.574589
191.240023
175.836302
182.945269
178.829175
181.190549
176.337684
178.238941
173.582320
172.651150
181.114250
179.436108
178.359506
195.591624
183.817021
193.957030
194.009507
195.665192
193.542063
192.045763
194.278038
198.308866
181.873993
188.094457
194.537839
195.652161
183.381419
182.643251
185.805329
170.505299
169.027853
170.783233
170.840333
169.624205
169.676953
169.683044
189.702008
201.661220
201.629354
169.849205
170.134766
170.895357
171.664855
170.646543
172.586585
172.238518
192.280011
205.104916
197.408456
198.104977
183.119843
200.001769
189.682950
193.096949
186.380880
188.193167
187.463441
188.005910
192.398740
195.337977
188.332697
192.016343
195.593788
192.077019
188.290101
186.437404
195.593411
194.185912
194.201250
204.572228
205.166305
201.877953
213.231126
205.364072
205.469572
204.135436
204.042345
209.854820
205.115890
205.150854
212.363365
210.091558
207.375747
209.989516
206.634325
215.531572
195.003704
206.641076
197.757308
192.162853
197.675277
194.408013
197.501747
195.159795
197.720594
193.350416
200.093427
194.603782
203.747240
194.291031
194.884476
193.330230
195.751092
193.809029
188.324695
193.174074
196.281516
193.190757
195.006478
189.446961
197.764274
192.201033
192.525130
193.406704
194.100576
194.071779
197.344424
193.479503
195.145068
186.588997
192.366488
186.685828
195.129099
195.229991
192.079264
209.418625
206.461872
191.341426
200.237733
196.400468
195.294361
193.431670
210.284762
189.598084
190.351216
200.405860
191.558913
186.945811
190.965393
199.698204
186.352163
199.531473
196.438254
195.336831
195.452064
194.920335
196.000050
195.405740
196.335700
194.653486
204.993587
197.991019
193.633392
189.598329
197.059884
202.250989
200.309390
195.561662
192.154332
196.662891
189.980606
201.133353
224.809471
209.393226
202.499026
184.754669
189.675500
195.892076
200.318506
208.226668
217.199213
203.639046
190.766388
191.736418
191.080955
200.449926
189.430837
186.508642
201.986277
185.853364
201.482001
201.380390
194.041804
208.162958
195.276522
205.491961
188.262857
189.363192
186.308756
193.169620
195.632290
194.097189
209.110307
213.474929
203.838666
205.693079
199.966748
200.559449
186.610273
180.954680
180.288267
180.241309
186.947089
180.453169
188.297881
186.520310
181.103304
183.415905
189.752657
187.265166
187.305082
198.669755
181.011271
188.946523
188.049332
189.763592
192.835867
187.376166
192.698988
188.057221
194.640062
190.695804
193.144543
189.732470
196.419669
198.199593
192.388594
182.382282
188.593859
198.170763
200.110606
189.137201
191.271707
187.926947
180.994755
181.879869
186.262817
183.413491
189.162756
181.705097
181.645574
184.125666
182.180716
181.176862
186.222461
184.507166
192.378062
182.092238
183.654204
187.993152
183.724989
184.342324
183.970032
181.400189
182.164858
180.987708
182.783816
181.353638
185.097229
185.198313
179.420029
185.407592
186.874565
200.349354
190.271782
193.416435
191.985723
188.073851
187.325483
188.774401
190.447637
192.601337
186.152371
182.881335
186.901375
183.621069
193.190956
187.645975
193.486848
183.429055
192.547306
181.897504
183.432489
184.083964
183.955345
183.283945
184.608483
182.109356
183.937984
182.461717
184.021115
184.674307
187.206363
184.656942
194.231205
187.948547
191.976505
193.746632
198.268825
194.142790
201.628878
200.527981
190.853281
191.640903
186.272929
179.484159
179.504201
186.670157
192.770695
193.494419
188.091677
192.441301
191.354174
191.265172
182.032624
180.473836
193.334002
182.393965
187.213795
186.502413
187.257520
186.639730
191.231968
186.752642
196.441461
191.686884
191.802677
193.504420
188.908964
195.105713
193.641325
193.735366
189.036995
186.166010
186.900200
188.552157
186.170030
186.841495
187.781915
201.297776
201.996382
199.255017
194.283027
199.673850
195.825017
199.215110
192.341042
194.009350
193.253356
191.359248
192.395862
186.673577
186.876393
189.166284
189.935464
191.664198
186.704135
198.688436
197.096269
187.737650
188.866915
188.156114
194.617253
192.622129
192.711643
194.248338
181.582353
185.809232
186.448733
193.423815
188.724788
189.028925
186.406294
185.667476
191.998579
191.572538
186.870966
188.663324
187.915101
189.364835
206.206793
187.147024
191.312978
185.329477
186.255187
191.009489
186.930664
188.019189
189.469353
181.086176
181.104909
188.079713
191.202683
197.297910
188.865055
176.214854
182.138823
180.943523
185.682046
180.999560
185.749999
185.344534
185.355376
184.617328
186.899551
207.374595
182.420472
193.907101
193.449358
200.112718
182.868264
187.204544
193.768518
180.115956
182.894080
190.633141
192.729626
191.542893
188.519403
186.808885
197.162337
186.238168
186.172154
183.011079
182.819148
183.562201
181.001656
180.598912
192.497253
192.634204
203.211657
200.002804
216.030797
219.287879
222.833987
188.468468
201.287169
193.547329
188.172270
195.892755
211.549404
183.750920
190.888230
189.901507
201.356383
195.512243
193.617051
197.448184
200.163672
189.296857
183.868781
189.242788
197.153375
196.689990
193.633989
188.930485
188.859513
196.956161
211.467575
202.456565
201.131236
187.024167
195.893410
210.419330
195.157094
205.890126
200.374449
193.944982
197.890814
204.196698
200.319595
194.320436
203.207680
189.602683
210.614142
195.756674
186.638376
194.179262
204.785445
193.916835
193.590691
192.757243
192.426365
193.542617
194.385428
202.065745
200.455063
194.686711
203.227069
188.736623
209.622593
194.839756
192.730010
198.274058
201.599535
202.679693
200.347167
194.248151
201.066822
200.608470
197.773377
216.438602
196.811549
191.003349
186.256209
186.255587
191.021151
197.795842
191.609474
184.969822
179.542610
183.981212
191.072286
185.644618
190.082812
199.489625
199.304673
209.961571
188.971112
187.947037
193.628929
199.559423
191.708088
197.474475
190.143395
190.918797
184.967844
197.009887
189.617113
188.108748
190.977155
201.549631
193.172117
196.802919
180.626846
197.138180
186.779921
203.316097
196.818910
193.034963
206.722126
195.074182
192.280274
186.450544
176.769187
176.001863
213.302701
208.726026
208.817186
184.105738
190.737068
206.118235
209.446841
205.466495
197.204091
202.532372
183.974938
198.326176
199.839838
212.851615
184.892450
188.558056
195.380846
184.968847
188.123277
188.696367
189.909810
205.424990
202.038297
199.409664
200.113075
222.019402
198.625610
185.892221
199.213109
206.400000
186.509860
192.397334
190.463517
196.881149
195.731100
194.633414
213.802127
196.324690
190.070370
191.221310
198.328275
202.882442
207.809046
212.508954
205.288611
218.307980
196.405370
200.576781
191.588355
192.065163
202.560312
191.342279
195.069820
190.794487
190.296357
194.499353
194.504003
200.741068
192.331695
196.768576
188.548871
198.472615
200.541945
183.955489
194.891662
184.336937
194.217063
191.707528
182.185378
181.415619
187.723428
189.530492
202.848724
200.089682
202.850741
204.519184
197.948248
199.264617
194.922515
188.452733
183.356585
197.773472
192.220987
183.455881
198.461655
198.665532
191.219822
195.051270
198.422766
199.437077
187.845005
184.208698
195.072158
183.167024
186.880361
196.290701
200.732640
195.309928
192.385403
199.709389
189.529886
193.996777
181.277117
176.963771
195.198657
191.194292
194.105684
183.937245
201.246182
189.769442
193.962728
199.025343
208.164140
205.222383
191.927383
188.401050
194.690649
191.981710
195.792165
198.175389
197.397666
201.096516
198.404056
197.234927
202.927714
194.645148
194.475201
195.319051
196.598721
195.433410
195.493112
194.536006
190.977259
196.646862
208.571986
198.261100
198.282112
206.402295
213.804471
210.988202
206.412277
196.709092
198.221629
213.052279
188.342759
187.417065
192.463635
206.444873
207.788506
193.460208
195.121105
194.381819
196.370072
196.279401
199.309117
195.418306
193.535281
193.553585
193.636947
193.746338
192.692120
189.201211
206.728939
201.471588
195.832873
198.825757
198.817101
196.342576
205.646496
190.531183
184.295514
184.293885
198.629485
198.547246
194.549072
198.041171
197.969472
192.780115
196.139301
186.215249
191.860360
192.524345
191.798495
196.279295
190.074639
190.033523
188.432280
205.533424
192.481831
192.712877
197.875816
201.245454
200.589914
190.319992
191.034922
200.207528
201.995302
199.802026
199.843832
196.304622
199.842497
197.333214
201.894214
199.750787
195.666647
199.672437
206.816331
190.390563
189.714640
189.712245
179.667323
185.461590
183.878472
177.135424
202.404355
207.811096
215.119439
203.132366
199.763256
199.677026
191.770514
205.741470
196.289495
190.242164
196.358169
215.778119
223.834584
221.008285
223.992425
196.552709
196.499410
203.611748
192.793782
207.573081
198.263403
198.208801
206.355420
208.432347
206.294391
213.629750
210.773013
194.103415
195.295020
196.906644
195.259723
199.088995
200.863719
197.770439
193.532777
192.558688
198.085265
198.806145
195.240697
193.598382
194.433137
187.007343
200.651586
191.748454
196.334619
203.817711
196.225450
199.621502
190.179835
199.313471
201.423980
200.851022
216.553096
200.224307
202.385347
208.315579
205.456652
187.988383
189.911003
201.788742
217.467585
200.175730
183.185951
201.122268
187.018725
187.892717
182.837316
183.233839
198.876150
190.827885
199.258880
188.259264
187.517645
193.674244
187.642750
205.585501
198.465965
188.062164
192.595317
193.322475
192.483217
189.182001
193.043127
195.517269
183.343502
183.481113
200.809570
200.165625
194.138637
184.851407
192.255825
198.075535
181.813069
180.216117
194.011062
193.969069
181.954800
182.663965
181.966249
197.488538
180.871034
179.985572
179.926875
192.340733
216.734846
208.455452
194.039506
208.326742
198.251510
212.961783
206.846665
192.870477
197.162149
206.972934
207.816892
216.732623
200.999935
212.390559
204.415424
209.832394
215.009226
212.381325
214.777922
210.669441
212.925836
228.503609
226.170687
212.259287
208.998999
204.475021
188.543429
189.586010
193.472678
203.500541
192.293812
205.215848
189.864184
190.968165
191.190478
189.406560
193.107471
190.611072
191.240929
205.453220
193.393988
185.531443
191.704157
204.591139
189.967650
199.727063
189.360051
193.467963
193.506401
190.308825
188.828650
200.359067
211.212054
208.825843
201.087503
199.818235
203.192278
205.639852
200.025651
200.124571
208.287682
212.598353
209.786008
213.707311
201.074308
201.171162
209.336572
194.931878
196.105922
202.987837
200.929407
202.563152
177.707878
191.903033
181.918539
194.561500
182.660160
192.470655
198.585493
181.329933
182.119658
197.347701
193.596642
177.674557
178.464698
178.024437
188.174002
176.836401
184.975689
186.557531
187.375094
196.051990
200.249759
187.453513
194.080980
193.796742
201.171407
181.114248
192.383111
191.306410
180.460685
193.104207
192.008750
208.530683
198.576014
193.377523
178.879395
189.050221
177.029747
183.127782
199.185555
196.420069
197.025035
200.883465
177.717905
178.432683
181.396682
182.113144
200.882936
186.521005
186.457739
187.218452
191.930909
182.214369
201.807997
193.103545
203.841220
206.163218
202.132757
213.030429
214.188967
204.200854
202.471037
201.562353
195.954087
191.230954
192.282881
191.572200
225.471492
199.692908
204.819250
209.771704
223.893907
222.048242
231.128136
229.347868
229.488817
229.952471
226.895850
226.892080
226.894141
226.892597
229.952967
231.262173
229.487172
222.052571
222.050653
182.525463
190.186494
170.281085
175.489793
175.301611
177.104048
173.248972
172.477977
183.988590
177.819697
184.846236
229.390427
231.027168
226.893975
226.936385
226.936408
226.891771
202.624838
190.423022
196.051862
186.974490
227.360953
227.242261
203.494078
200.169228
239.772588
213.979372
202.779757
205.549065
210.967879
220.642358
213.784632
211.665913
216.712839
213.030200
223.014273
210.387855
209.732006
211.262081
208.318387
214.596989
213.736987
219.088516
211.832291
208.584899
211.405736
208.143321
209.727113
212.425936
208.696208
201.870811
191.390589
191.948522
190.839083
200.660737
190.286116
190.744872
208.173411
195.131856
195.076348
194.053714
197.520314
199.107779
205.294650
206.012333
197.394726
197.881490
217.532541
209.065557
209.288082
209.271459
209.091258
198.805669
214.938370
222.920207
209.241801
210.591287
212.717747
209.345533
237.934774
208.905665
214.060391
195.894878
194.175393
190.279473
222.326942
214.269531
221.142561
234.192678
234.889301
234.717330
233.033695
239.792835
232.856835
240.310918
215.955343
200.352784
205.780055
206.893791
203.840793
178.917560
184.196741
186.550383
198.321659
187.115752
187.147191
198.435708
187.998378
181.075904
176.014455
192.136952
191.005768
181.186792
186.528557
182.678022
194.736479
181.025986
186.473114
188.362857
184.603944
187.275853
187.911983
189.552910
180.757886
186.166709
187.994253
191.341552
190.337218
186.350273
187.624644
183.053109
189.266611
186.532501
183.787600
193.588171
191.375042
185.458153
194.514336
197.288213
197.375353
196.863856
205.601040
181.362857
185.850259
181.773277
191.260621
188.143108
200.300412
196.978682
198.931395
200.272547
196.946869
194.584653
198.897672
207.715461
205.889905
207.455933
182.075009
197.760284
190.163185
189.404883
194.076973
191.821187
209.227323
190.156977
194.830755
192.572911
190.807676
190.092815
194.714231
192.517146
188.316666
195.519743
199.628945
190.225102
193.761303
198.832633
199.271745
205.575809
195.446721
194.731365
199.266522
209.696827
197.078706
182.425895
186.307995
192.498915
188.501928
196.735586
182.173146
191.465476
196.858034
201.913211
198.033999
195.325645
198.625626
187.443243
187.929652
195.221081
188.602438
195.973399
189.644922
195.991405
190.339696
189.674518
194.185514
191.461096
194.249924
200.512913
193.633125
185.830905
182.101815
188.207927
183.089554
187.667518
182.462153
187.623984
187.566956
189.955334
187.705864
196.925468
198.029463
196.046743
196.657051
211.529652
180.485862
187.355843
185.567303
185.855040
181.560663
186.682927
186.551255
186.709743
189.052871
192.607256
203.211327
197.027957
211.622404
210.651809
200.686244
188.974153
194.690490
188.642942
198.134618
199.318381
201.386710
198.108186
199.935813
194.078162
194.060803
202.802453
194.082856
194.744836
193.294242
199.422981
203.674441
215.566046
208.356142
200.499304
178.545222
179.329396
186.172889
204.828068
176.675927
190.969886
195.765961
179.198858
178.748205
180.445363
184.795851
183.003504
184.984495
191.332196
189.734505
196.713017
180.135034
180.412929
188.685101
181.188793
179.507967
180.125719
190.657528
180.436558
190.556399
186.207024
184.867248
180.296484
174.187585
179.445671
189.525459
176.087720
187.308929
180.439521
192.432816
181.727759
192.460218
181.723945
188.689940
189.762888
174.866880
191.299735
179.975419
180.253305
185.471217
186.032403
202.743559
186.597333
187.248219
192.502878
191.803258
204.307093
203.539797
208.219216
199.365316
201.862622
192.939539
181.047772
190.925150
194.481221
191.153423
191.205437
194.318232
198.401441
194.337683
195.547513
194.463374
201.255185
196.758986
195.073810
189.559914
189.166117
190.145393
194.313513
197.458069
206.302250
194.570543
190.188395
195.492352
193.468089
186.192947
195.620771
197.756779
189.853625
190.538081
195.883271
195.096362
194.141208
194.873242
190.563023
189.032047
193.522614
190.229793
190.721593
188.322812
184.096727
193.277942
190.211056
188.340107
184.116111
185.301951
189.212465
195.575612
193.631946
203.942015
206.234143
197.174903
187.031037
190.842970
202.147241
187.447204
183.091196
194.137827
189.244445
189.139226
192.449794
192.866730
188.509259
188.269779
187.902291
187.205311
190.345515
199.594671
189.790266
190.444940
190.441335
189.429798
208.671584
204.185700
204.289225
195.509583
196.326513
195.550962
204.540663
195.924833
195.389231
191.108175
194.209487
203.506151
205.930832
200.624949
173.637876
175.083459
176.692576
169.853994
180.984376
174.197636
177.442432
171.624765
180.693557
176.006458
165.572457
170.852720
169.093802
165.529240
190.757541
170.678503
171.670858
170.961358
179.978966
184.688842
184.693302
176.603325
194.766255
195.732635
194.736772
195.728879
195.265350
195.329419
165.527330
167.249188
178.714118
179.328074
180.890829
180.493307
180.090431
176.897833
174.215045
177.500698
175.179533
179.607409
179.106503
169.042421
169.956808
169.139706
172.365130
179.621808
181.175533
192.267316
185.854069
186.505546
185.675579
187.932492
189.624435
180.295721
185.473248
181.106805
178.506792
187.231334
185.656576
186.887557
191.112689
196.779066
196.769969
188.923730
190.540012
186.526199
197.004750
195.890798
186.208957
187.296454
188.387110
187.280061
185.534935
182.249006
186.905555
188.066964
181.271581
189.744707
184.073369
184.484430
185.504827
184.853795
192.419049
181.903082
186.991916
180.924106
188.669721
179.622263
181.163750
181.175982
176.774891
175.840722
186.558299
181.430162
187.968457
188.906260
194.050176
180.411130
181.057070
184.958128
184.653143
179.569748
185.329232
186.291088
185.588322
184.829908
185.527932
185.503866
191.836511
184.860066
183.014592
187.367934
192.327765
187.744251
189.049591
187.374416
188.108207
183.295805
188.036061
187.597546
184.309997
187.970442
189.300351
176.987755
175.323520
181.449576
180.785945
183.457907
189.520315
188.909390
194.586597
186.339619
187.127245
185.885365
185.461918
195.726153
184.771538
195.761454
186.647992
186.526464
184.824429
187.233482
184.945657
189.373477
188.892803
185.295997
177.039039
174.437901
189.635225
179.599489
182.061333
183.020016
188.539232
175.235150
181.355469
183.696090
188.423209
185.945641
177.708935
183.881246
184.632770
190.847734
189.025817
191.916021
181.723527
185.998582
181.906669
198.340647
192.128735
191.054878
191.393153
180.251373
186.039044
176.835001
184.981761
181.264481
186.223598
182.393458
170.772547
187.333654
188.370227
188.062212
192.406532
190.134361
176.921159
193.499285
181.281527
187.321672
198.192045
175.131085
189.204302
189.229530
189.825310
182.860590
183.211525
200.064573
172.463878
183.513941
183.584880
189.015590
188.045999
184.666445
176.728060
182.218356
192.720603
182.161994
178.491857
188.964758
188.971788
174.839273
169.841898
181.108111
176.362210
172.417605
182.678702
173.258473
173.932669
180.976380
174.940497
186.203563
182.616428
175.786741
186.771798
175.814228
174.844160
171.688763
169.872308
183.376910
183.433907
182.001484
196.487744
179.965887
178.963107
201.148734
182.633631
176.901827
186.840239
175.096168
174.354582
175.290279
186.219977
200.116664
175.899817
170.863850
181.056209
175.290445
177.338980
172.586823
182.583678
171.707781
182.626674
195.140769
169.966704
176.135719
175.817187
175.072055
181.537255
182.355570
177.369754
185.996993
177.473121
194.103017
193.380563
192.444388
180.224156
180.556141
181.361193
175.206570
196.708616
180.288320
179.576261
204.301476
192.316920
192.252962
179.368167
185.166774
185.522287
184.742494
190.910302
190.860771
189.841662
182.959825
185.498230
191.659273
180.087609
174.235424
176.779209
176.994150
187.867212
187.603884
188.597933
189.251673
186.796475
187.556047
183.654859
191.325839
188.638548
189.615140
190.323363
209.435511
171.462564
183.386815
181.658445
182.434094
177.402396
184.392748
175.743047
191.387523
184.746045
201.301614
196.468415
196.444051
194.852170
193.819827
182.107522
183.553104
181.978644
178.508815
174.218942
185.314578
182.707618
175.980244
185.002614
195.303111
180.981221
175.220292
184.259071
195.322345
193.014445
192.025507
175.880930
186.823111
174.874344
185.021592
184.427814
185.528059
174.221643
192.428776
175.105912
175.092312
173.333216
186.010544
184.264956
193.006689
181.958300
183.375241
183.369640
177.832502
182.842059
182.642769
183.307944
175.841349
175.842407
171.555557
170.603600
201.384399
195.061988
194.327787
195.385363
196.176008
201.385591
195.101241
194.364362
204.517281
181.567633
191.817079
199.889774
198.732414
175.142437
192.038582
176.662526
174.980728
198.290691
181.082894
174.260466
176.031897
186.376817
186.278759
175.110505
174.343687
182.866626
191.052780
181.115688
175.950138
180.164865
181.178445
180.222805
192.754500
180.216092
179.430202
192.024988
181.868192
190.248314
181.220091
179.509830
209.640405
181.816574
182.136580
191.350243
196.546964
180.586135
180.214839
181.914109
179.497763
196.546366
180.864175
190.964046
174.991771
214.413248
213.416493
200.456833
174.653536
174.707283
178.464202
180.400119
176.459027
181.175081
173.969297
175.746202
174.696097
175.737122
182.145920
178.225048
176.729447
175.708060
186.878349
200.461603
180.878076
183.101401
187.970072
188.689650
185.845585
177.008537
176.163094
180.875673
185.861172
185.100996
184.213536
187.963485
188.720014
175.270859
190.847901
181.346901
181.324183
179.719437
181.037586
180.325850
187.310757
179.347874
180.579405
187.189430
186.172622
197.822979
186.988694
182.316545
187.951896
191.699616
180.610747
183.299820
199.462995
190.711234
193.092708
193.100512
180.403347
187.229904
186.937389
180.613042
180.973480
181.157493
200.757885
199.993757
200.222568
187.835623
175.926484
175.274500
176.876975
187.141235
200.215350
188.526289
178.621721
187.729504
196.953393
200.189739
206.288920
197.492944
197.800792
199.211912
208.293952
198.580001
200.337583
199.009462
196.850283
196.673687
190.754511
190.800719
197.993067
193.097373
193.176289
199.459012
196.383174
199.503610
190.030154
188.191943
196.435731
175.848637
177.456046
175.741872
179.626868
175.368989
185.122792
178.189443
176.833988
186.812692
180.467592
179.521108
175.237649
181.077064
184.350074
180.321985
176.750008
186.760863
194.179280
182.448937
191.355289
179.457536
178.465659
180.125863
178.810869
184.312136
176.673613
181.059950
181.828179
181.913337
181.101594
192.242698
188.660932
177.701889
188.682480
176.715626
197.734918
206.350723
197.683657
196.098958
198.230855
187.792409
188.843575
199.401863
181.746380
200.337370
183.515615
188.168271
191.174136
189.115164
189.270191
193.225921
168.826068
169.055579
180.241375
203.003998
204.491747
203.789134
226.404724
177.524538
186.060541
174.990144
175.838975
183.659950
173.259289
192.278669
168.160487
174.128189
174.865746
169.871161
169.002853
186.906977
175.848840
176.543018
174.013986
189.667396
173.271055
173.316393
175.013920
174.202658
184.448545
173.311738
176.639034
185.879572
180.182453
181.541779
199.347376
175.058275
173.988229
173.255755
182.901106
168.473142
174.810433
175.549444
179.874581
171.842106
188.419079
178.493680
188.946465
179.648400
194.169065
183.302340
172.378545
172.474781
177.196492
183.376716
186.044286
175.836487
176.605922
174.775885
175.513328
192.147103
180.182928
171.801187
180.527691
180.306110
174.980387
175.081346
169.428523
175.805762
176.575013
164.073974
174.092374
174.829635
174.108670
174.453607
167.445445
191.782711
220.204032
193.889007
177.699803
176.696566
192.051949
181.251350
180.293220
193.790691
193.006697
180.194301
197.454233
210.632685
182.034584
179.557124
197.490849
188.391284
190.892190
188.402402
186.517416
188.333336
182.895426
189.061438
187.280584
186.584620
189.085306
201.722713
207.519904
202.763028
203.522831
207.554486
197.272767
190.422862
197.284999
192.315980
199.009913
197.628413
186.411125
188.142083
201.732240
207.500999
196.572604
194.948763
192.701995
193.448168
203.995262
192.139144
192.139343
204.259117
198.592145
191.358459
191.358251
199.068774
198.798188
192.136220
192.138505
200.654734
196.560065
200.629847
196.529168
195.093076
192.326780
198.512677
216.981927
186.141901
191.666168
188.512096
185.455826
189.161288
193.800845
198.586605
188.054403
193.504593
193.473604
179.800881
198.831453
198.863603
201.123170
209.358361
200.930246
185.604749
185.638679
198.463722
199.959100
182.665799
183.130812
185.392099
200.253185
199.684769
199.852501
192.641695
183.892178
189.016752
187.403597
193.337230
187.201114
193.546926
187.389883
192.737196
204.963245
187.209991
191.330555
193.147443
193.743732
189.983842
196.075541
193.145270
191.407754
193.672254
198.389548
183.969922
187.256968
190.039829
189.807072
192.987649
196.131306
189.208355
195.348616
192.640426
190.316706
187.440009
193.124007
194.665758
186.488692
190.061705
191.686979
190.368356
192.104741
204.615782
198.392342
191.969000
193.051442
210.668048
193.022572
190.788723
192.155257
198.232445
205.607524
212.872641
196.248513
191.586505
190.109607
193.034188
194.498074
203.762919
185.658654
199.617273
186.077430
188.239854
187.509989
181.450227
184.297523
179.127389
192.051346
194.874256
189.970714
190.119764
204.630408
196.195925
171.543770
169.885374
174.234388
167.392972
176.952202
190.218927
191.234037
180.242208
182.359058
180.252204
180.893185
175.156417
175.344913
173.637584
173.588829
187.195636
181.749167
181.149838
175.963821
190.485924
172.843205
175.116163
194.148028
189.211703
193.375225
187.992100
193.604196
184.597155
188.375684
189.862746
183.847478
189.939065
183.446115
189.686361
201.254091
201.883623
206.711442
201.916392
207.212012
201.894314
195.432199
194.723593
188.267816
183.880097
201.161736
198.605418
171.516436
168.962473
171.507224
174.274567
174.998046
185.134372
170.464912
175.254738
171.645365
175.819203
175.153328
178.696755
186.395104
170.645544
175.336809
175.820784
173.380560
176.843235
175.005926
174.325309
174.403801
174.040347
189.541074
180.268966
181.073798
180.427633
179.886624
176.230651
181.354386
189.920445
175.232230
178.096398
179.978351
195.134037
207.401293
177.602416
175.908499
183.065704
188.481426
181.424407
187.870945
182.041798
195.335290
190.719830
192.096491
193.833281
189.606097
199.481788
195.758293
217.408482
185.288114
187.026155
191.025379
189.321070
192.794463
177.543161
174.989758
207.337820
214.609283
188.831384
184.498824
200.624544
183.879842
197.038306
172.684126
172.729663
177.751585
173.627611
178.649762
188.897716
189.613147
188.941686
176.948343
177.915273
191.561506
184.992703
186.280665
177.707675
193.331632
205.171389
197.682086
194.875649
191.550308
185.576709
184.173183
177.964522
178.676749
178.422845
173.736481
194.757877
211.529840
182.851010
183.565051
193.904586
195.869852
212.370678
196.074233
195.055329
184.152999
183.811455
183.947891
184.672662
195.683547
197.695220
198.634559
197.912089
184.917923
189.512061
191.559872
196.987095
211.741457
187.591716
201.163001
197.812267
206.533541
192.960635
200.966959
196.524190
211.712673
197.717734
196.965019
189.282450
198.897504
204.781902
206.643251
183.964962
183.260467
194.888857
186.475654
187.152624
185.309230
194.060253
194.188433
193.611049
192.826596
211.706061
214.279196
214.237832
215.462515
215.326842
168.278291
168.302424
182.186610
181.417341
174.149036
173.268244
169.871947
205.584469
192.288712
182.381341
176.167267
185.663682
185.654194
193.395579
192.204778
182.780318
192.305475
182.859224
182.246839
180.457490
193.244956
183.823601
194.030115
184.586972
192.227740
182.111586
182.315109
176.099358
188.463502
168.366639
198.367063
199.406307
188.654480
178.407063
188.497817
186.523705
185.336142
189.173308
190.335753
183.679681
186.434778
183.866663
186.274469
186.912519
185.906251
185.175841
183.143111
192.134854
187.641678
185.549541
181.213298
186.155540
189.911719
196.790771
188.604622
191.007834
188.215939
189.364911
187.181605
185.398393
189.127521
196.114935
188.636265
186.506240
193.266588
183.748557
188.742736
176.014336
181.104003
187.085473
190.123299
185.802989
190.552698
178.408965
184.180421
197.621076
192.709490
195.120742
188.241986
187.584892
185.380722
187.133820
186.266163
195.982361
187.335582
184.049139
198.559648
198.483549
190.433914
189.829875
192.567554
196.551914
195.469566
199.174747
206.293115
196.583388
191.942637
193.068550
192.315209
201.931454
192.085341
192.107932
191.355869
194.870526
194.924130
197.913088
195.643330
190.033999
189.344101
203.985513
200.394403
201.496114
200.742204
209.230626
209.115027
200.488274
199.809281
193.961122
189.570792
196.386172
193.956483
195.081399
189.085178
189.603238
189.978108
191.549167
191.969158
189.328165
189.425796
191.866728
192.052481
182.153945
185.855711
188.782845
192.496317
186.587641
193.229249
192.811770
179.469676
185.118119
180.190667
191.683827
201.116242
201.254434
179.543528
180.260077
191.380526
197.587972
180.327024
190.887735
176.656438
193.543254
180.933808
182.619894
190.613788
185.715699
186.457619
187.448810
197.664784
191.427481
192.553369
196.340931
192.412982
197.547739
188.244400
188.859914
193.907489
176.636819
197.031824
183.020884
193.924181
182.276583
176.743136
188.095921
187.306136
187.096314
177.018175
175.785170
175.802218
183.987396
187.067888
187.769175
204.634960
186.319797
191.324765
188.699986
185.617875
181.558690
176.209175
187.197150
186.667299
186.745831
190.004638
191.389096
181.589522
194.141726
176.932889
175.902210
186.990308
171.507803
170.530453
180.400577
191.655956
181.970509
181.741793
182.558920
190.406684
178.516979
179.626614
174.254853
180.991714
177.741501
187.794045
181.206277
191.480826
182.163521
181.934163
187.385946
197.568913
186.640227
180.380755
191.899106
207.870445
188.022069
188.800300
205.675842
187.306820
200.727795
192.379503
187.822515
196.102906
182.651915
177.979942
177.001922
180.690791
187.319676
187.684021
173.231858
187.831744
172.307169
171.383683
175.996166
175.025973
191.420632
187.889625
178.668280
188.380304
195.457813
188.050926
177.944863
176.050249
194.810422
194.031705
189.743968
196.045310
194.311199
202.454720
190.977859
210.734080
184.319303
187.890234
201.021597
208.275593
189.603056
188.953759
188.917379
188.927727
201.120435
196.160250
194.352329
202.493836
191.091157
195.916784
195.159239
196.687123
193.528000
181.052546
175.053343
176.820995
177.627029
182.187624
182.816015
182.561518
182.509181
183.003466
184.669170
181.576432
191.403772
181.389893
179.242459
169.805435
180.273990
180.492236
186.939460
180.487654
175.184062
182.853824
184.443863
184.219947
190.319248
195.783611
185.940535
181.627095
179.979423
189.257537
174.666599
174.733431
191.278270
175.096115
174.884707
174.889326
177.372188
176.428454
197.754775
190.791490
202.136061
197.066859
195.020950
196.526077
193.450691
192.896670
192.889053
186.923307
182.200690
190.582946
196.076744
182.103976
192.691586
187.622622
189.981439
187.763459
196.774803
202.387190
200.259708
204.401404
195.198620
189.278759
197.120388
197.093336
199.341971
198.795019
197.730366
199.238192
194.043413
196.158760
187.188557
175.782289
175.865020
188.034035
193.274334
194.424644
193.211327
192.458575
192.486243
193.110288
182.145217
170.545603
163.189065
204.255641
206.200577
204.212411
202.428996
204.150020
197.024819
207.390249
201.089608
184.626029
187.044972
184.639838
196.816463
195.366485
195.339413
192.415556
196.072479
196.693401
191.470803
195.650071
194.917870
195.887450
193.258474
191.081096
191.052593
193.238559
192.372040
189.544327
195.094395
195.846796
199.279035
199.211270
200.327945
195.772418
198.600033
185.419966
186.137448
187.178204
205.883308
208.017550
182.822538
187.948738
189.625260
191.394064
188.257606
189.094973
183.790707
188.918502
189.616563
198.593760
190.708039
189.303430
190.960618
191.345742
191.734158
190.533432
196.318270
184.296922
187.277728
184.607185
187.873113
189.565445
191.693228
190.640828
186.350686
187.349323
181.171469
187.266860
187.821205
188.836212
187.274107
188.272609
197.477207
182.056604
189.540869
188.553110
188.076949
193.056959
189.133735
193.999147
199.766726
187.870843
184.307171
191.720500
186.665033
198.845804
181.574085
184.793335
185.788186
187.311228
187.740316
183.905795
195.478578
193.686617
190.098154
188.274935
206.861381
191.737846
192.704904
193.585856
193.414015
194.883861
193.511847
188.169802
198.401754
197.376461
178.582903
178.568142
181.020093
182.770765
187.246676
187.945804
198.464908
180.182581
174.132455
180.462430
178.373426
178.341278
185.529718
179.453746
180.122122
178.454830
179.406380
186.565606
187.582196
182.584258
182.616700
188.633437
181.848632
174.142140
178.541370
189.055666
182.195194
189.544088
175.194567
180.272714
179.559840
175.776038
175.532213
174.009852
181.002037
187.184078
187.909274
230.906573
230.557826
230.734084
235.636997
236.325187
236.152758
235.810080
238.873896
237.020508
215.478276
215.524770
202.584355
205.837524
211.432328
174.005969
174.062526
174.729086
196.727257
198.040784
197.431448
207.096647
206.180476
203.227953
201.885926
200.913756
197.032497
202.790726
207.912160
203.855545
206.619092
198.535014
207.863088
207.863309
208.120876
201.431691
203.369768
203.122363
201.419045
191.529291
188.321475
195.960438
196.604061
202.815748
199.169028
187.425871
189.136524
187.399662
188.448134
182.700802
182.845123
191.529486
192.552500
182.341470
192.309461
204.317823
207.382997
207.253501
207.512665
207.140200
196.139946
197.509309
196.846731
205.349478
199.261142
202.502903
207.414372
208.155722
205.308453
211.455111
198.041325
208.385741
203.445526
202.019927
208.172468
205.410322
211.557174
207.192909
198.088073
201.416804
196.473254
195.880145
195.172686
187.231407
182.091703
177.749684
184.999619
192.326188
175.788542
228.336753
251.682921
251.655538
251.655571
251.682905
241.229787
241.887956
248.999030
247.441879
249.472148
246.966286
246.492566
222.900627
217.338555
210.364916
220.427811
173.968250
172.764647
172.720453
176.298043
168.278273
172.552555
194.022383
173.218634
172.490356
184.116405
185.723986
177.180697
200.040632
199.369423
198.298605
207.684640
205.565159
200.052287
199.382527
200.030485
207.205373
199.165338
206.535858
200.627393
176.038391
187.121524
177.821164
172.854999
178.970009
176.790396
175.999414
190.488172
184.524526
184.557919
195.757753
181.313947
203.274388
203.305219
187.397450
183.221920
193.456429
183.716380
177.844655
201.209823
194.020028
208.361746
203.056885
189.426224
201.459143
184.042798
193.029631
191.229674
203.394990
186.961464
189.842520
210.952840
210.268552
203.939930
202.684704
194.055410
189.735905
206.609533
205.778605
200.778180
198.442604
209.585218
191.798013
201.485647
189.664512
205.829275
204.923863
198.440834
201.960810
198.439449
196.368250
195.258317
211.897643
203.031643
216.759360
212.112823
209.377668
215.251858
213.825715
208.248218
211.812184
212.798511
207.142034
210.908080
209.899631
200.223278
212.522565
204.215658
177.539171
181.789762
182.216849
183.617146
168.765482
168.104519
170.576424
168.124479
169.841660
169.832689
171.499145
169.495325
168.852732
168.146260
168.790294
181.396405
180.745544
181.395691
174.753557
180.718901
174.753272
193.161228
182.898556
182.060918
176.349510
177.352023
193.558917
202.914110
183.743317
182.968947
185.510711
175.944104
170.094709
181.073080
174.460116
175.045402
174.276104
184.403325
219.160819
203.709277
189.521971
201.751838
194.312443
199.111691
201.930351
195.728329
189.763114
193.211916
191.630211
183.674286
182.992855
197.677395
184.776673
184.766097
197.683472
184.077724
196.040473
191.107178
185.706369
189.886061
202.967981
196.083451
197.202599
198.175180
192.075902
195.514021
181.883858
180.143110
183.591314
191.705642
181.998039
182.604569
201.292591
199.099131
181.955428
191.675788
181.954102
182.642980
200.535220
198.405029
180.918445
181.153675
194.781161
186.583657
201.990058
204.852900
193.621953
188.747609
191.293077
193.049727
188.266061
194.334705
201.676899
193.612406
188.684202
198.717471
192.316305
193.115439
193.556962
182.863669
189.772123
193.159748
196.150672
188.770745
188.890251
196.659858
184.079135
193.916803
186.142562
195.021901
206.986339
207.814100
202.421971
200.009932
194.396557
198.489353
192.230015
197.511894
200.810577
191.096507
199.743182
197.617244
181.792756
180.997594
199.234483
192.410496
182.817861
181.051227
205.350163
196.921572
198.069619
198.379111
200.266806
197.113921
195.630401
195.308657
188.853459
188.930260
206.727948
204.019880
197.439527
197.704293
202.414132
193.260132
203.238756
196.654376
203.827129
193.611761
200.418730
196.045656
207.782298
207.578685
204.880809
205.432096
204.229125
211.059261
217.791128
204.955409
209.363893
198.325544
204.095324
195.463868
212.219124
218.562734
202.535748
204.972110
207.605008
208.455610
214.271941
202.303870
208.879765
200.683038
201.110190
207.580367
204.903773
205.453216
204.251667
218.942172
207.659970
197.760512
193.925402
212.576469
197.200189
192.412809
204.659784
209.398422
203.022671
207.567737
208.261912
198.727917
199.249835
203.073970
207.732618
208.542201
192.844194
216.751667
203.985714
196.346669
188.121775
197.726677
199.984287
191.147066
190.025519
191.792461
202.320692
200.988039
202.742021
175.657829
174.921289
201.357362
206.933164
203.321715
202.141275
207.716859
204.378562
200.534034
199.830345
207.190888
204.776381
207.912558
208.522313
203.770050
205.226369
205.130195
200.214505
204.122374
201.205883
190.941327
190.963125
201.783821
192.614624
193.194419
193.196522
186.353978
186.374960
201.011644
196.392689
202.680555
201.446406
198.031848
205.327039
203.827088
206.482646
213.599657
214.624249
209.269586
207.260083
215.794061
211.008514
205.778948
189.516910
199.619712
198.580230
204.882529
199.090783
200.145926
191.048396
198.023105
191.092323
207.239734
214.384968
207.887064
214.342468
207.207005
206.691147
182.858564
184.619119
195.412811
193.856112
189.385201
188.473000
189.503161
195.131009
206.294372
185.180275
188.063783
189.211444
195.345442
202.256326
195.389020
198.845151
196.668574
205.820474
195.197738
201.323561
184.310501
189.964084
199.910921
189.624301
196.889564
194.158079
194.862560
196.180406
210.905085
203.272799
209.407854
204.932615
211.617409
189.011729
194.239719
185.506949
189.019909
194.219560
190.549079
186.295952
193.237690
201.310741
191.377762
190.329553
184.554419
189.476134
184.755965
184.023118
194.070319
193.687424
212.305864
190.029873
189.297352
203.063857
189.004604
187.617871
182.454017
196.777523
188.333103
189.927364
187.587286
187.428696
187.726911
182.584954
180.800272
188.236795
195.900033
186.157171
187.660971
190.291019
189.912374
186.438475
187.112747
187.547104
183.727902
189.001414
199.235519
196.352242
190.295856
206.986599
195.606512
195.858032
196.416049
202.478996
195.509210
199.131453
193.690336
188.085830
194.022350
207.337289
203.586871
203.630061
199.034331
189.993106
199.757155
193.399397
196.082166
202.217551
197.711583
189.236286
205.040440
194.622059
207.691346
206.682114
204.419636
219.457982
216.455060
205.687826
204.416626
208.731076
199.993852
203.169334
207.295104
208.697405
200.037044
201.281150
203.151834
203.220733
200.885268
207.338788
217.472285
217.306037
202.786983
202.925000
203.983021
202.833573
182.880117
183.859258
189.497096
181.373422
191.559112
195.644042
180.899914
185.763868
184.721614
180.377668
192.664104
184.751604
197.072060
182.678593
198.104007
192.702570
187.769919
191.690104
186.462062
185.662653
195.652410
188.695318
196.554141
188.624560
195.943116
189.647223
187.389592
192.998302
189.285242
200.418071
187.113936
193.708730
187.621760
188.234283
185.781194
182.889370
198.054615
205.516033
201.227103
202.427187
207.169765
207.343686
191.657448
181.452497
182.217424
189.170564
183.854499
189.766571
199.903413
189.133508
179.332697
179.433275
194.959866
187.376827
187.287307
189.164987
193.542623
193.454108
176.074509
176.852275
174.322090
180.142644
181.275461
175.863151
185.027842
184.925306
187.358721
180.372599
187.980838
198.106339
187.298206
194.568566
196.688085
196.722087
192.521904
192.561174
187.318831
188.298065
200.092076
199.874892
204.755930
200.056342
199.918497
199.840776
185.625679
196.549820
205.827494
189.246133
190.223576
200.556737
205.197433
203.381005
198.899911
197.751570
205.061680
193.520017
215.450963
208.210082
207.807640
200.690780
207.845295
217.386638
215.251356
217.584400
215.162301
222.393998
228.182126
204.032349
196.858652
201.185633
206.570650
205.530827
203.134580
199.477902
195.132726
195.962046
197.945768
197.561016
195.111081
192.990624
195.277998
195.148206
184.663149
184.707349
212.393939
211.119928
189.421287
200.745835
195.812588
195.958996
194.143700
189.395571
193.478414
188.671203
194.084102
188.663274
196.716183
187.710444
193.751712
200.739331
201.476557
200.572196
193.731352
188.991992
189.037518
184.277055
179.929664
205.730778
196.762370
183.918318
187.925710
181.077407
176.015699
182.053483
192.227897
183.087595
178.481244
181.374204
186.468936
181.129596
191.015330
184.253580
178.964075
198.316764
188.151210
188.150557
198.431891
185.878305
187.603182
190.339177
196.623248
185.892075
196.151214
204.387889
210.666654
190.112384
195.260500
194.590174
184.841502
189.989667
189.317912
211.077172
191.621544
191.589942
190.892734
202.698419
191.686407
206.350183
191.644453
201.573653
198.789419
190.242926
195.625680
190.059502
190.686861
200.861657
208.632427
195.044403
195.056477
189.631379
193.932011
196.413890
198.814852
197.075384
191.462584
182.264063
198.807231
186.695220
193.607618
197.760964
185.310968
201.866488
200.209521
209.282487
207.618377
201.769252
202.919334
200.173034
207.469215
189.608892
188.578083
192.009078
188.558190
188.559635
192.164599
191.770632
203.021400
201.643334
197.084634
196.437982
209.777553
211.931462
208.062608
197.191370
210.512118
204.630799
210.194222
208.937982
211.431762
206.349011
211.501382
212.686215
213.095994
205.631409
205.920509
208.713644
202.031461
201.888545
197.938385
195.661083
212.620028
202.904480
192.748192
204.574783
203.373525
195.959699
203.628124
193.317805
196.552406
190.444116
188.049836
211.314745
190.433467
215.114629
169.630133
174.052144
174.779619
170.553225
168.979471
162.267770
168.939889
168.955145
163.118828
168.234451
169.923582
162.172793
191.323673
180.766503
173.394911
174.898388
174.283033
179.067202
168.965847
175.739785
177.711694
186.758757
193.161505
187.677913
186.755642
176.748918
191.365651
182.053152
184.634952
175.994725
175.810200
191.449855
203.109263
184.081020
192.607352
188.397494
187.186493
191.722600
188.330110
182.963075
200.051148
187.312902
188.998061
192.394700
197.660638
181.969826
186.131009
200.930748
213.872273
208.513374
212.728898
207.308753
212.097289
207.308837
212.100529
215.974650
189.597404
195.660533
201.575516
193.813058
202.363686
198.912325
204.115629
202.703167
201.552253
184.049853
189.428887
198.753298
206.614862
206.527776
201.349554
201.389527
198.556076
207.798016
214.418478
195.418211
190.818274
196.969585
201.298766
201.341460
181.204401
179.520246
190.590444
181.302458
179.541515
179.581746
190.515962
191.243750
181.959230
180.227878
180.267726
191.200209
200.084393
200.876837
179.504373
179.464857
180.226533
190.511962
181.225603
179.521267
179.562773
190.499525
200.085749
187.641772
193.171586
191.411229
192.401052
190.670622
205.152418
183.250408
187.311580
185.575918
182.766736
190.692930
190.101957
192.747538
188.657693
187.894029
174.982866
179.300888
186.359479
193.043098
184.701723
187.066212
181.072483
179.193789
200.118987
188.017102
192.375827
195.769917
194.625671
181.997986
181.264621
182.709687
180.930582
187.742341
188.144100
187.338192
185.598970
182.707663
183.275973
191.169684
175.103169
173.297194
188.843767
194.356106
194.327360
174.461370
189.269197
188.504105
197.963855
180.592929
187.838165
180.566619
189.193046
188.909987
189.074586
184.410898
184.450348
188.106876
187.369874
206.806866
197.159714
187.131152
200.077668
187.397273
187.298072
187.527696
196.395745
191.758687
182.252523
190.918255
179.745050
181.342463
184.060181
184.723130
181.318071
180.327269
184.602156
184.523777
201.029092
183.481628
189.195136
187.196395
187.136100
181.894517
180.885754
186.557727
191.754333
185.652384
185.246582
187.378821
202.329584
185.233737
185.490577
174.364548
175.872516
178.679744
179.352032
174.217441
174.903335
179.276949
176.255331
193.401347
175.869612
174.374579
191.630186
174.064382
191.373968
180.415174
193.159172
193.430956
181.823086
197.460633
182.859664
187.246770
189.071802
186.441898
204.852014
185.523351
202.026341
194.531303
182.841912
198.578009
183.962005
186.377542
198.055248
187.542494
192.524079
187.417898
186.000356
185.999177
188.892898
191.426304
182.248568
184.466338
189.909640
182.921157
186.348416
193.421035
179.311301
187.315192
190.293616
184.745018
192.750030
195.363930
191.673352
187.389637
180.513973
180.337296
179.552330
187.920284
190.738241
181.357229
194.333307
188.309941
194.379658
194.099830
197.479855
197.417936
191.704377
187.342668
204.828078
186.306173
188.056177
186.562045
177.631243
176.590541
180.468005
178.656135
174.919247
174.237170
179.172544
169.059578
187.837786
192.765345
194.020965
186.335018
205.758882
194.910552
194.952724
180.577948
181.236378
180.502031
190.801929
189.985316
207.961259
184.021631
201.269390
194.185407
196.925868
181.995466
188.331022
187.585205
195.365016
199.269324
176.659932
193.132101
176.658731
181.437304
180.300608
191.454620
176.832080
193.716806
182.281797
192.294758
180.968964
181.757362
193.240358
206.167152
204.142957
195.992861
196.032514
187.622367
173.441262
182.684348
181.990984
201.375387
190.784002
173.607643
180.635721
180.269817
187.263432
175.192841
186.114100
174.902630
185.142998
181.725337
181.012310
195.365668
192.149070
191.468404
204.405198
170.069975
168.242074
182.663246
181.969508
196.867720
181.809855
170.231645
169.118960
179.994350
174.508802
187.978760
193.968087
186.216270
186.135904
180.296290
180.280278
194.297689
186.253325
174.445990
172.609381
192.252410
194.219450
194.261693
183.623737
185.420488
201.254713
187.169778
187.970624
182.580961
182.813320
182.893273
185.702135
189.014855
181.041480
182.980892
195.258244
198.815116
199.933385
204.796862
204.704716
212.971148
194.358964
198.902296
217.363286
218.563057
216.302112
208.150330
201.466020
209.342613
201.888710
200.138261
211.339760
216.262885
216.246381
210.964089
211.862867
210.869609
205.899581
201.914342
210.107312
210.612286
195.671313
199.029699
199.557307
198.939959
198.155494
193.658394
217.384207
201.813436
214.041163
215.213624
200.224734
200.333683
208.292400
214.054623
207.186463
209.918120
200.778108
202.942899
216.732010
211.932792
209.580951
208.097909
194.376028
188.495195
188.220090
195.105196
187.559410
199.455616
200.015204
198.386991
180.942963
175.828561
181.297590
178.693318
187.734463
182.684516
176.518247
176.038932
187.242484
181.123246
180.442073
179.453589
188.686782
180.792428
174.833065
183.568577
179.502779
175.155822
169.718857
173.299296
180.991416
175.849136
187.106659
185.835815
179.258491
175.071818
174.755500
173.196385
175.042924
187.957552
193.123534
182.495605
200.423154
198.210614
202.330131
203.872935
188.929958
182.592453
182.798180
186.484853
180.345974
185.729593
187.732334
180.311396
186.732355
202.684956
186.839401
176.462144
192.790803
186.737146
187.784097
188.782813
183.043280
185.753335
182.064177
187.853246
176.666255
187.952002
189.743908
189.474474
188.687081
182.895898
189.565214
188.779356
178.309703
194.291120
201.209783
207.905650
175.967133
174.890744
176.834917
176.546840
177.553502
178.525562
176.089606
194.082374
192.956267
174.122982
180.060094
169.989543
180.116786
180.808597
170.666849
179.785026
194.799379
194.272390
196.690363
196.990838
203.592099
211.884417
219.440339
212.018765
207.860404
213.402188
215.982672
217.020469
215.945056
208.477713
197.533279
181.933911
181.800115
192.654951
191.575329
192.616445
187.342878
189.015129
197.626425
189.342235
190.647602
200.409961
189.987807
190.691979
206.427076
189.580255
189.267383
187.888195
204.954511
204.745018
202.222894
192.407177
194.454913
200.217633
192.167938
199.179204
204.660244
207.452234
201.086828
187.332974
188.965371
188.344270
190.395326
190.641227
199.380410
190.587538
188.451668
198.983895
210.858342
191.841752
191.804730
205.533625
209.057412
190.748097
192.963464
194.059383
201.215408
194.593032
213.692750
207.115525
206.034305
210.288154
186.362261
186.444081
200.934640
189.142575
185.693055
200.587042
194.130269
194.716934
193.368179
194.623523
188.497658
192.578361
191.866608
191.830337
190.783910
187.415368
186.332776
194.416045
189.715111
189.039150
189.234103
184.751897
211.047558
215.443000
209.910404
208.033586
206.667021
208.536625
209.745319
212.847055
210.588175
212.685358
212.865885
214.056921
192.448608
190.757236
216.033130
212.174420
214.442085
212.349650
212.346895
204.903457
198.939989
198.865730
194.358901
203.675428
203.673913
210.735353
232.632490
232.804992
238.228311
237.708506
196.232075
191.391104
191.463961
191.427698
190.418002
208.124662
209.240884
195.204289
193.336213
189.537511
196.888482
186.995067
205.958046
187.709402
194.456572
205.290681
185.836688
193.739936
200.389746
187.950437
188.707776
189.388869
182.323423
192.649999
183.846391
188.462086
187.017117
188.083169
185.657706
189.987789
193.530578
184.440456
182.978001
202.546971
184.097220
174.613642
180.572893
181.031368
180.267146
182.070228
183.551376
184.739543
188.185494
188.853847
180.294484
192.118267
175.935856
193.089089
186.762502
197.631188
186.782273
182.077555
183.080830
198.529823
177.831053
178.545520
195.051005
193.233980
182.730791
189.262983
181.152078
181.866033
193.908114
182.868436
183.583031
200.113299
191.422255
184.104408
183.125315
188.999083
178.048958
176.025893
174.332597
165.685112
181.685749
183.375285
181.902019
181.681085
182.691492
206.218951
177.894895
190.709875
176.955333
176.665297
169.758844
168.999759
173.924005
174.257546
179.501953
179.483654
173.405962
179.513007
180.411777
180.355573
181.319731
180.394553
181.130420
179.681787
184.427653
186.524334
182.986879
185.650633
186.319458
188.780967
188.028513
173.991623
174.146351
183.152829
184.646576
182.891262
201.111275
194.780112
199.012230
177.411458
177.507368
198.311989
177.718344
179.211743
195.673173
177.770356
179.263311
196.870679
168.995202
170.710702
171.542150
182.989072
193.849951
182.851665
182.493574
184.019154
182.261611
201.551704
182.718342
191.864378
185.439502
191.699289
186.660257
189.203730
198.223992
185.027075
183.078056
198.875906
182.706603
198.600879
197.646224
196.789107
188.147969
198.463452
186.612403
198.323884
181.181854
181.100741
215.952975
192.290388
181.995326
173.227790
173.343472
173.973256
185.053973
169.655215
180.380633
181.189963
173.219611
184.291112
168.900004
193.687336
191.267509
192.003190
176.628629
177.437671
172.536250
179.140811
168.216516
175.123640
176.634393
177.443118
168.173694
169.926839
170.719237
181.159357
192.679242
181.039894
182.086267
193.290187
183.214574
182.398570
177.069381
181.322083
181.381543
182.222879
181.913651
184.658393
191.559163
184.578645
192.382424
203.324451
190.624982
175.150014
179.511149
179.529274
180.286602
186.164031
179.433416
175.167778
185.375849
192.356598
184.692809
219.518390
196.671380
196.028199
174.947521
176.644346
175.903993
193.745684
175.480610
175.592680
177.179585
193.579650
181.046586
181.818930
182.386077
182.760546
182.863047
183.706180
177.800092
178.641755
181.227229
181.273125
189.301120
190.012508
183.710029
177.082355
194.278437
193.244126
192.889325
178.540933
180.239873
188.643485
186.414985
177.831274
179.483451
189.754663
184.741827
178.779302
179.445910
178.457249
183.746055
184.760611
173.476041
178.803914
184.802948
187.833479
186.881441
180.086611
180.161047
187.607300
181.820349
187.250636
179.433084
181.992214
180.294886
196.617117
179.460962
184.759429
179.171681
179.306292
185.669499
185.502420
186.712934
186.514604
184.649123
194.032052
185.541148
180.422815
179.478420
181.214699
189.692055
179.533409
189.645119
198.660443
180.479965
190.872750
180.456373
181.225436
180.166211
175.154355
180.520535
195.708354
180.224195
188.220331
187.192460
175.068544
190.747894
204.740501
191.343222
198.423508
179.775287
180.191097
175.821621
188.033423
195.732263
181.213409
175.121991
191.957123
181.928405
181.275243
187.936561
190.944714
182.121994
187.591190
186.181586
175.099337
179.453216
179.567462
181.188119
180.466022
186.245674
199.685573
184.358528
185.423337
174.985057
186.972754
181.070615
174.900353
181.273430
177.867585
180.304514
187.057098
182.472532
195.588755
183.632504
186.506046
183.728099
181.556498
194.665320
176.188457
171.716226
182.010074
196.883580
182.702395
176.918193
172.581675
173.487413
173.232557
173.368077
192.399494
186.284218
183.968398
187.030124
191.294913
200.141310
192.917900
188.025784
194.127155
178.461896
180.960508
179.281725
175.253582
176.049299
175.365564
179.497845
170.791376
175.116305
175.842077
169.060378
174.263698
174.994501
177.328654
171.613735
184.131551
183.988955
184.742419
188.912517
184.262420
184.224307
188.974218
179.746275
178.721745
176.386690
187.336018
176.021151
187.590229
176.830358
185.458073
187.986624
183.745767
178.463704
179.187537
184.770046
183.674304
190.625267
185.013927
186.548114
180.419331
191.005630
176.607289
181.568151
190.906858
179.867115
176.516070
181.688821
181.521549
189.796764
192.338229
181.347639
188.697703
181.658045
192.363478
180.321696
185.584019
186.252087
201.658882
187.300104
186.571510
186.947332
190.629766
185.525318
186.856519
187.785887
192.267974
191.632255
187.512523
182.773019
181.793820
186.992454
178.558312
186.973539
187.270836
175.972321
175.029563
174.375853
187.478995
202.419888
188.145213
184.076162
175.838850
175.184709
187.248919
187.273609
182.189471
191.544009
182.115139
180.424144
176.959526
177.097220
182.052858
181.368988
182.407281
180.280024
174.977737
174.615549
181.094582
181.090065
181.001135
182.705989
188.963720
190.103504
190.906794
189.117354
187.226527
191.456920
188.989031
189.125347
189.660347
192.924238
190.868405
185.690018
193.138649
178.325811
182.165171
185.514345
187.909771
187.248833
188.027017
189.762383
188.367973
190.092887
189.737781
187.976190
181.774210
183.316648
186.506276
188.404970
172.566363
184.457812
170.010777
181.871309
178.796958
180.338410
172.546679
183.707208
175.114798
170.889953
190.754175
186.371845
193.781067
192.627373
195.694996
190.676187
178.733822
187.962440
176.176610
186.409028
202.701897
208.574051
189.422365
190.917222
188.082541
188.251181
187.338474
188.194647
201.781481
184.786719
186.972801
196.192020
184.207796
192.708936
189.699292
195.434129
189.397659
200.525762
190.346545
183.227091
182.565840
193.782196
203.639082
195.423999
194.587548
196.269818
195.413398
193.710792
203.174207
184.065486
185.559975
212.607763
178.766317
177.063424
189.019883
188.365137
185.431400
184.348019
189.175914
189.126362
187.464694
187.600424
198.357266
182.416643
209.390652
216.621279
217.449706
186.726357
186.728849
193.366785
170.739145
198.814632
179.711615
181.204922
198.916159
193.643418
198.586845
189.208165
182.730330
184.456477
184.968519
192.308146
183.372221
183.207391
186.286906
181.797794
174.080680
175.905499
181.854224
199.684230
182.878004
192.974381
187.507326
181.672199
183.336938
183.850104
183.087114
174.385859
174.388920
175.029225
203.244319
195.559417
210.276620
201.953597
194.942285
201.744341
203.926827
196.949673
202.725353
199.099424
188.876931
195.018573
189.117404
194.424866
209.024300
201.941713
199.966948
189.822812
195.128591
210.092919
196.645333
195.949512
204.265544
202.953389
195.891261
201.797780
191.490632
202.674810
197.726710
196.397070
191.161936
187.173793
200.759193
196.886877
189.356205
193.227785
191.284660
194.977863
194.805677
191.608891
196.694244
191.596990
189.771729
188.916050
183.948283
188.263760
187.150800
189.231804
189.991350
188.956399
189.132994
189.054615
195.249811
194.567836
185.601765
187.234239
186.362801
180.277265
186.851821
181.966336
182.846772
185.187948
183.887830
182.904213
182.104025
182.795723
187.740333
192.481048
188.120144
188.650896
194.964441
189.481260
186.068523
187.468382
195.949804
205.369876
195.815431
193.530505
194.207382
191.167743
192.620300
192.859195
187.794893
190.808495
190.295668
196.474323
194.714041
196.226509
194.726037
186.815866
184.573062
188.129160
188.360999
181.576840
183.170705
181.426144
201.122940
188.459880
186.178850
180.112677
183.444911
187.607921
181.160247
186.577138
187.309124
188.270422
189.027286
181.776360
184.572305
180.049755
180.076738
180.131145
179.451963
175.171538
186.156228
186.151747
196.769057
189.062306
180.728131
179.715933
174.514365
176.106000
174.421642
187.873236
187.119779
182.100857
187.955691
185.428569
182.846261
187.095002
186.170737
187.216253
181.543839
183.269214
186.665271
182.974539
184.902113
187.381996
186.059521
181.248237
182.224346
185.525947
181.157660
192.257649
190.607796
185.553447
181.080126
183.326034
193.932128
182.741374
182.505688
185.666699
186.249511
184.282711
196.264444
189.531242
188.850109
196.365710
178.668860
178.576730
177.224075
175.526688
178.103509
176.303811
191.729670
193.842053
196.027148
187.871055
176.689068
177.137222
187.258277
175.713052
176.831927
176.082193
201.893031
217.544545
188.958308
186.763864
193.796813
193.795511
198.430324
190.393559
185.669238
192.796483
183.901185
183.801375
190.501094
181.208775
181.158176
186.917498
196.474299
188.362059
186.955596
186.387103
193.847134
184.222514
183.133027
195.353376
189.960708
189.832262
197.201623
189.871865
198.161512
198.226299
187.989775
182.074465
183.497241
188.052307
189.091611
189.137952
183.672446
178.251395
194.148625
187.124737
182.768870
176.088149
181.761448
175.027140
181.736385
183.655561
176.040472
183.559413
179.219867
184.960615
186.856050
187.796550
180.428459
186.447719
176.012156
181.063041
180.193917
180.284397
186.233725
196.216183
170.188447
182.870617
175.262183
170.933533
182.830590
196.009867
193.247848
195.342277
196.917071
192.085827
197.487117
193.997121
205.383375
204.471413
189.064965
189.044360
197.437516
186.555054
189.835775
197.536986
187.184108
183.678782
178.980335
191.826540
179.983601
189.176254
184.519138
183.014489
192.593360
206.381751
187.296519
184.658448
196.114263
211.086371
213.344064
208.797013
182.070503
193.312679
208.968416
216.643512
185.299470
179.930956
198.960396
184.545964
191.693122
190.590969
189.485866
189.602526
205.425843
196.821146
187.396606
186.327767
197.681508
192.867713
193.951561
191.919893
196.463411
182.742567
193.131412
183.454495
195.425500
195.497325
176.067849
181.524226
192.206293
182.746185
175.140325
181.276076
180.442424
185.372156
181.136120
187.296589
202.501908
183.049713
185.083990
185.526596
189.755980
188.769044
184.566587
194.363507
182.839231
189.152980
198.312012
199.068832
197.384908
183.156083
182.108449
188.762456
176.836742
183.019041
191.940850
182.184664
186.427782
191.917952
201.206250
186.357872
185.370885
203.809077
185.407634
187.498026
186.142304
187.035541
186.401700
189.871850
196.843961
184.262471
183.865391
186.458574
180.359526
187.017077
187.077094
186.693077
214.882256
194.763725
188.146237
204.360522
186.995980
188.660792
193.462993
182.303293
180.818639
183.305080
214.995286
196.533459
194.111795
183.316861
181.825683
187.687514
187.036152
194.558365
206.026664
199.042902
198.017582
192.765309
188.681114
187.015742
186.948938
187.707022
197.985711
196.922051
195.446706
194.759212
193.861008
193.037972
196.713765
207.460596
206.992912
175.409664
177.063820
184.949817
223.215079
202.327520
204.016092
207.263667
196.673981
200.301779
201.676176
196.630695
191.210125
201.277182
208.693890
208.740332
205.175085
207.916708
208.804575
207.960915
205.723302
223.259048
208.613353
199.121631
208.522953
197.729147
203.090145
203.207467
203.158776
213.292056
204.556457
211.297280
199.392301
213.259187
212.383624
206.725446
205.764111
203.605306
201.368448
184.833862
184.833200
204.987106
204.198037
198.397850
197.382559
195.068556
191.109541
202.144920
188.788098
198.224993
193.004260
205.630910
197.549624
196.067687
194.084813
187.302538
200.225067
200.795256
193.942183
196.466327
195.679601
202.053162
202.790970
194.706727
194.604642
201.998950
202.160525
195.913051
194.690624
196.573775
194.707567
194.564946
193.979777
180.609411
185.791997
180.214827
182.023341
182.617658
179.553750
181.463411
180.418994
186.201953
176.638310
185.455414
195.847920
185.294693
183.090485
183.398383
183.599086
181.933129
178.652784
177.672046
187.874503
175.924380
201.262977
179.338104
180.049996
180.055013
182.788989
196.399652
205.091729
197.023720
190.966285
199.483686
197.837800
195.608337
199.459965
196.436726
196.578764
191.056332
195.408404
204.289127
187.310923
183.124329
182.690604
183.825616
184.382984
182.789996
182.432573
183.582166
184.094412
185.591694
195.963548
185.357516
183.186802
182.973279
183.084114
180.213105
181.869944
181.153323
186.582883
187.185161
181.250552
182.228588
188.825795
188.944640
188.316928
188.836349
189.488366
200.622125
183.550827
184.602411
178.462546
178.446552
185.591218
184.839719
184.570021
187.884741
188.548516
188.438659
177.042564
181.468439
176.302361
188.880736
188.163146
189.922001
184.651296
178.579676
178.563825
188.385347
183.916589
185.646093
177.108433
183.324889
177.117437
191.764469
186.380274
183.157561
182.416999
182.264106
181.249761
180.794555
179.934880
178.156722
182.409345
188.229478
186.697295
184.021866
182.994285
181.344464
180.608147
180.604698
184.569109
184.683659
183.818050
183.931144
174.458799
176.249632
183.230896
185.432123
189.252066
189.091385
205.713704
189.130717
180.770393
194.528335
184.797524
189.782084
183.304530
181.856605
188.248484
181.372644
194.536066
182.295722
191.280600
176.198671
181.591474
182.087548
179.685711
192.229470
176.194174
188.976621
180.652664
182.139571
187.148119
186.438791
191.533024
185.821959
192.739848
183.814187
185.210930
188.516120
187.080731
187.112651
193.001328
176.915821
182.834045
200.861763
198.624977
184.491938
184.530838
201.856648
201.860375
199.917595
197.768068
204.004222
200.998319
202.844149
202.919595
199.882788
186.808874
181.982040
186.643604
189.101610
187.351554
198.699890
193.410369
190.067850
190.653093
188.363243
187.919466
192.483613
192.716406
188.431070
192.996979
186.193578
191.749827
213.046966
183.612184
184.541341
191.726874
194.726946
189.082556
190.688337
188.430098
182.277278
193.241832
177.772901
190.834843
197.054748
202.144787
190.260715
192.642666
200.438782
202.806388
205.657465
177.696953
187.652901
177.537499
188.591696
200.693708
188.482367
198.868636
188.505440
186.054336
192.254027
199.653756
196.792512
185.687886
199.268931
189.063460
184.982230
194.114113
190.332808
189.330240
194.139981
195.896549
199.515041
194.596152
190.193730
192.581072
187.609391
194.347001
201.731162
190.922135
191.930022
191.235450
197.619890
197.949472
199.307083
192.745333
194.099357
199.170593
195.715260
193.500772
190.617457
183.224391
184.239521
176.717886
187.475137
193.333892
193.263296
186.565131
186.687319
187.619483
182.269211
181.670299
197.092964
193.012780
185.344226
186.750305
191.711684
184.456320
186.485363
186.745339
191.660959
186.389585
180.780186
181.744119
174.941039
181.817649
183.458440
175.002546
187.299536
187.469136
194.943031
189.102940
183.754175
182.201306
181.147759
195.139479
186.493662
194.495445
187.615419
196.608794
194.872189
186.267778
195.327714
187.388722
187.327728
180.320096
180.337818
183.015207
182.516003
186.964221
181.143160
187.070690
196.145730
185.230605
193.185127
187.216203
188.322330
189.790068
188.397768
182.938441
197.804197
197.732641
187.881360
182.318139
193.985664
182.116905
185.700242
176.066265
194.255442
197.597093
194.550790
183.635247
189.426214
191.677247
186.236274
187.849620
197.541414
191.099837
185.636069
190.569196
192.620527
187.249709
188.931318
198.622978
202.970949
181.404274
186.534950
192.752174
193.464314
188.136780
191.073525
190.767905
187.641986
181.590540
189.172698
193.643392
186.601363
205.123236
187.310720
184.250724
176.768752
183.471088
185.164069
182.882007
180.689050
175.277294
191.402829
185.943185
183.623919
181.201004
182.182043
180.318527
178.851756
182.174815
185.384014
189.276018
192.354778
183.713572
180.596774
199.637257
175.239577
180.594078
181.148173
178.708497
176.847950
189.545017
181.267847
182.809858
192.216783
184.752711
182.777094
184.096745
186.122351
186.106242
175.900298
181.857250
186.041153
201.408324
205.456448
176.288438
195.712313
199.269538
190.469758
189.826554
186.863586
186.076504
178.271054
188.367543
187.156765
189.085640
189.083597
198.987162
198.993846
181.821222
201.118116
183.510590
182.061299
198.344315
186.860388
175.204161
181.148405
177.851261
184.446774
189.865568
187.246975
190.783521
191.169462
167.367915
168.076054
167.431284
166.705019
186.201527
187.996566
190.584231
181.268221
175.100043
181.092928
186.343738
187.829732
178.531348
188.915887
183.172511
190.722498
182.044414
182.610740
188.927710
175.868157
187.114880
187.172855
189.136983
188.865217
184.496141
190.694311
187.230447
187.192283
182.049054
175.872865
180.233461
181.982015
175.189831
174.091136
174.419985
174.368520
175.853466
174.841636
175.189801
174.868660
175.897870
180.070384
175.129046
174.814728
175.144499
162.155407
169.946116
168.111322
186.673839
174.846484
175.545716
175.839587
187.726761
180.071585
181.133710
179.309238
174.746047
175.035014
173.993332
179.298624
173.921333
175.805986
174.894485
173.413639
175.094148
173.326064
173.311071
174.790482
174.779137
175.057200
175.066741
174.137196
174.041561
174.949783
174.034951
174.789790
175.076209
181.690070
176.460163
176.819125
206.175922
205.217484
204.625586
194.934308
195.928013
192.351844
194.231124
206.433509
197.090767
214.845185
193.976787
201.084674
194.859686
203.623499
185.275275
187.071320
182.710789
183.537283
181.913104
199.634988
200.395018
206.430762
195.213731
196.225831
198.693034
208.299202
215.531912
195.849465
195.310369
201.882694
207.238040
199.082673
195.188567
207.886591
199.815895
202.185242
206.453244
198.300733
192.610242
191.612020
197.649210
182.777993
192.612017
183.013484
209.232352
211.669122
210.612567
193.942255
194.776160
198.672013
202.926412
196.442719
206.883221
199.872313
190.835562
193.531305
188.423252
188.203200
187.457206
190.709550
198.877505
190.219575
180.482278
180.466083
181.172423
191.552763
190.529022
194.833165
200.003065
189.055561
188.032562
188.069794
194.273739
199.514308
193.428913
205.084059
203.366602
182.953933
180.205978
182.897836
195.405673
189.117857
196.865715
186.330788
191.804384
190.769056
213.821576
211.028045
208.152982
210.018757
201.291579
192.992006
181.543629
191.774798
198.702450
207.380304
208.489796
213.671996
206.511500
199.347854
212.624657
205.464218
199.257507
201.973018
210.700090
199.216778
204.185227
203.491397
183.959269
183.627883
189.083568
182.710746
181.595673
172.370928
175.805982
181.947143
181.224098
182.913432
183.500977
181.683260
183.947964
180.301541
179.308232
189.694995
180.985845
181.342785
189.765119
182.695386
188.881666
182.872145
181.278974
187.901239
175.846900
182.015604
188.998166
176.655575
182.780111
188.955949
182.787440
188.892797
186.091393
187.929402
186.149463
186.176060
189.804686
186.804809
187.175425
187.198231
181.565181
181.071327
178.761748
181.941786
175.802362
182.141762
180.530300
180.250176
186.211739
181.128276
180.272952
189.663828
191.411523
184.362495
181.755330
181.163168
175.732216
181.899503
185.319319
185.372083
181.725726
187.884287
187.883565
188.467104
187.759143
187.054797
187.091030
186.410543
185.464010
185.227419
196.095086
189.705370
201.218739
196.094269
194.675796
192.953445
187.983388
196.949573
184.713134
192.750668
183.212011
182.976864
186.357894
184.011694
184.478115
183.966068
182.786811
195.377199
180.438687
195.856853
180.448399
184.021208
180.395174
194.238203
191.244590
192.068440
197.476683
197.270082
187.027916
183.265991
177.857541
176.805478
184.672371
182.843222
184.800182
180.269905
186.748245
177.697028
182.030374
173.505348
187.163849
176.885141
175.224418
175.321629
190.513294
175.901638
175.223284
174.286537
174.289029
175.062771
186.481134
188.303950
176.546803
198.982150
186.546616
195.752015
201.137713
204.669900
194.110468
205.008234
194.857767
206.726491
206.100583
204.141646
197.005217
204.953561
204.265847
203.039210
200.148478
204.150363
206.230802
203.182303
198.928023
198.726129
204.298903
187.191191
191.787750
209.597005
180.455143
190.557452
184.451990
180.739998
188.122433
200.016514
200.022916
188.129470
181.728106
187.373255
198.271036
198.269870
188.121008
181.013418
181.487908
191.507028
185.408541
193.808928
185.551722
195.555406
181.833307
181.102992
181.109568
188.070374
192.597017
193.579116
203.480713
205.311935
192.497822
185.453387
193.534050
193.289281
182.405195
180.354734
187.327651
187.317002
170.829105
179.583356
186.326877
198.167744
199.221934
198.133554
187.321955
174.337180
179.906091
180.307660
185.012592
186.034817
175.859780
180.139662
187.197356
197.144728
187.924631
175.187404
188.727111
184.263414
217.243793
194.825910
198.046043
202.905047
202.875523
192.179264
202.624939
197.771515
199.227670
199.265292
195.635503
196.374717
196.689108
193.360844
193.254062
194.775235
204.338263
205.825362
195.044432
192.222349
201.408989
190.821750
190.176419
189.892280
188.271064
196.370118
199.916946
198.220782
196.104125
195.390654
200.735102
193.827138
198.876281
203.383456
198.629510
199.037394
195.977825
198.176526
208.004874
202.898233
192.379542
190.356398
190.417070
192.835160
192.835118
190.433714
190.451027
181.828551
180.113001
174.089216
174.083289
173.951721
179.625827
174.271808
175.065679
174.041113
174.813062
175.166483
191.356262
174.027169
174.266477
175.051962
174.099305
174.040151
174.012283
201.191658
176.869002
175.774322
178.246255
177.194456
177.591524
186.131595
182.432493
183.381744
169.676095
174.107413
168.947827
174.314957
173.246436
173.246560
180.873231
175.064915
175.851028
173.314535
173.310032
174.995986
173.258635
179.884768
179.206590
173.258282
174.349654
173.300207
174.088565
175.005156
175.866582
175.844154
174.793958
175.147836
175.796097
183.995801
170.574295
168.948936
186.806403
184.918983
187.222198
186.158477
187.752422
187.260024
180.381621
181.828547
182.489208
180.358397
192.362964
182.040567
184.647346
180.332977
179.806522
179.790441
191.199407
180.958101
174.093338
174.095087
173.283296
188.591298
195.618235
196.637431
183.757950
202.534818
199.488585
202.153686
193.231064
191.676879
211.835123
197.098105
196.372171
194.707512
217.927751
195.897112
200.649610
201.364909
200.245154
201.296037
204.129667
197.627636
202.151317
197.353996
200.505635
198.619030
187.390012
187.539500
199.876696
200.725892
187.692541
201.485937
207.317101
206.500024
196.224672
195.972226
187.495462
188.567425
199.097276
196.019115
186.783942
195.669478
196.561250
201.768063
199.959776
204.683650
192.556267
195.823172
195.731733
194.811013
184.439200
184.619925
194.770037
185.740862
184.039600
183.687806
184.414735
207.096948
207.418713
205.252873
189.555396
202.532829
191.527725
190.737116
197.248958
197.154576
198.555612
198.512004
188.390922
188.166966
186.309196
185.478306
186.961488
179.659066
179.807432
188.985819
182.955654
184.406240
201.178760
182.691890
188.121807
190.085566
187.361128
189.294876
201.005171
202.006374
191.878720
191.847565
167.411480
167.296520
168.064312
173.276092
166.627161
184.299417
173.338334
173.364835
179.357138
183.779556
183.699119
184.722403
188.820979
182.024065
177.700072
188.102616
180.181009
180.738392
189.874837
176.149380
182.669102
175.076587
175.372074
193.956843
196.064797
183.281968
188.359521
183.068232
188.491328
181.762411
174.994675
175.846874
177.499410
177.394227
168.272686
181.830125
169.878052
186.130191
169.608509
170.013930
186.162110
169.674413
168.484734
179.233802
173.466806
169.151493
196.035361
181.931449
168.841436
168.908084
181.074410
170.344095
170.400054
182.387832
170.714523
170.725460
182.730883
175.068331
175.865884
176.872941
177.671140
174.159092
174.484499
175.172566
182.799331
176.965761
174.460891
186.159419
175.831084
176.629555
183.444015
175.879464
181.044429
174.058284
182.825792
183.801158
170.705808
175.816035
169.055136
175.101168
173.327755
174.006674
180.343086
180.218205
175.803386
174.253935
173.394317
174.117393
180.152353
178.551660
173.300657
173.979799
181.188851
180.826861
174.032177
181.537180
175.736543
174.402855
175.193171
174.141142
175.938479
175.834390
174.198749
174.822555
176.547139
169.663538
174.774033
168.939311
174.049800
175.043532
186.166479
177.582038
175.761092
174.037822
174.752659
175.054281
174.886836
185.159337
176.519943
175.708153
199.700766
187.130679
178.581580
188.169959
187.455663
191.909205
199.324110
195.012921
197.298835
202.290480
202.150845
190.015688
199.728957
193.710400
197.141085
191.643893
173.373351
174.035784
183.695886
189.934926
183.541951
203.868563
201.260326
202.281640
197.895518
199.130703
197.470336
212.923977
206.254620
209.487151
209.049946
201.105312
202.268960
190.701269
201.667352
197.926130
196.683229
191.910979
202.543530
217.018094
200.615710
198.480493
207.508534
195.592776
191.561864
196.343208
192.644474
201.758660
205.991596
194.365613
193.363138
189.737486
200.581680
194.165823
195.558567
198.329692
197.095923
196.489287
202.842875
190.527702
217.395640
217.595801
219.482735
216.056232
215.721036
217.461015
217.039935
196.605764
194.288944
195.270758
194.265622
192.377794
197.885548
192.480770
197.229019
212.831266
194.017691
201.031154
202.919006
207.427745
202.779132
205.009366
203.133697
187.330183
190.837271
183.970993
183.899542
189.234168
188.705830
189.730121
202.970925
187.565118
187.602160
182.863496
183.906332
197.498051
190.956987
186.461131
181.786466
186.478178
185.503438
182.768213
181.167391
196.481517
184.608618
181.092144
180.974385
201.146015
184.442470
180.072172
185.308318
185.004667
181.578660
180.510126
195.444658
196.141970
195.386312
194.912010
195.870689
180.958897
169.914628
175.060262
173.380899
202.198005
200.052749
186.099359
180.370395
176.981837
185.293524
179.413633
179.344463
199.242663
180.812408
181.908968
193.631664
176.455485
193.578551
178.857095
182.555476
178.570907
178.626029
199.417713
185.090831
175.939393
178.189304
195.443652
184.296423
174.175398
186.943447
176.755461
184.969039
174.170643
188.442903
185.356003
179.548469
183.014717
189.363120
180.277295
180.999738
195.380553
187.160627
175.377712
192.332304
192.035826
177.832026
181.701312
185.403439
182.199609
191.638987
185.758167
181.524040
188.031474
181.160702
180.439033
187.218505
197.697908
200.501028
185.408805
185.468584
196.934837
200.508471
183.625339
183.896125
191.225369
179.451172
175.161825
190.201683
175.109840
187.464654
181.271117
181.354062
193.054241
182.331355
178.719347
191.386307
177.640525
190.716694
189.926167
177.902920
197.233854
196.623316
184.562628
183.833393
183.759605
191.472028
190.204050
186.701818
185.614035
185.950308
179.706388
178.718210
185.394599
188.855292
185.409110
186.519753
191.470378
199.526925
199.573227
189.427939
194.618822
193.538399
195.970054
197.915828
189.352407
189.760861
200.671374
187.784800
196.091993
196.028080
194.430157
188.843649
188.739327
191.263054
198.296512
238.497645
244.229022
243.046584
245.386998
263.613256
199.461880
195.157469
203.307665
198.444366
198.130225
190.908393
195.066528
205.325209
205.077135
195.170848
195.233977
207.315848
196.371259
200.276204
203.688021
201.497576
205.855877
198.766418
186.217416
195.230370
197.358179
205.680288
218.297403
190.543074
199.463780
194.832846
195.103778
199.284405
202.202400
205.709417
199.279232
198.038239
194.093771
194.509894
209.615854
194.890088
194.095127
204.873229
189.811711
194.385902
195.320453
189.251917
210.898133
205.851426
203.328688
201.836389
203.204065
203.061149
193.757261
193.089166
193.066499
194.490267
211.320976
193.790593
196.946929
199.158768
189.138137
182.431442
195.822448
187.544112
187.570158
187.577785
203.041683
188.233705
189.825956
186.618274
188.375515
182.291998
188.282229
197.485662
192.654850
191.329225
198.314100
189.616566
194.081442
192.284699
181.485427
195.828556
186.578013
186.615584
188.874116
184.674114
184.984370
187.248028
198.226019
186.700847
187.747079
183.695363
198.073075
185.959871
186.705289
188.483028
192.796316
187.416019
186.260194
190.207232
181.381146
191.493878
184.853678
186.563859
186.545669
184.085881
187.226350
188.755590
185.699678
187.505203
181.358793
189.788461
188.837355
190.523693
189.426074
191.266987
185.135921
188.254102
187.928931
192.698406
189.561426
191.354182
189.494042
185.284928
189.787147
191.376959
189.697772
194.117982
205.365630
210.413473
194.553258
181.638740
192.807202
187.250080
193.247340
190.110276
203.861489
195.721522
199.028683
197.204262
191.680033
198.259699
206.708239
188.746389
188.215062
194.201430
186.773738
181.297992
193.692303
198.589544
194.501510
197.427098
188.571605
196.452766
200.851290
197.956358
193.457026
198.374450
200.906435
202.696006
199.150446
197.239132
195.314186
202.940289
194.823852
201.133046
202.549960
209.945381
196.788052
192.987584
205.672029
198.554085
200.159152
191.261387
188.568775
200.437246
188.424081
192.778528
188.786577
187.266247
187.648070
204.888132
193.592932
182.855138
202.831009
187.025046
177.732155
192.076276
185.883286
194.980468
192.235009
197.368687
186.840387
196.552982
201.020800
193.717930
201.968239
192.067096
200.014448
201.223731
203.595667
195.973199
203.266751
202.210840
182.455211
175.029944
175.013402
167.398413
168.050127
169.079159
183.545721
174.304709
172.659309
187.312553
182.027602
189.611964
175.903978
185.759127
180.325998
185.045145
182.632999
189.843901
201.829059
190.869270
169.570770
168.162780
168.156734
168.955087
174.321698
203.455594
204.052750
166.607593
187.263934
183.003318
183.725410
178.935823
178.570719
179.687571
184.835217
178.659919
178.243615
177.900309
177.821005
178.606470
177.759389
170.707014
168.975880
184.711153
188.078181
188.756428
190.667335
190.773654
174.829253
174.123793
174.148986
179.394239
178.635565
178.687485
168.918354
176.602140
175.896898
175.965676
181.265031
169.629884
189.129949
189.130036
201.193826
183.492747
202.277733
200.197705
191.023500
183.561948
189.828521
189.029170
184.617933
184.579183
187.218336
187.148558
187.637412
188.671334
199.016128
195.019486
183.988098
189.048121
196.739349
189.665745
187.269111
174.290432
175.013954
184.414716
186.724128
176.807396
182.333666
191.287453
185.068846
170.742265
170.000347
170.005105
173.923174
174.218220
176.156854
170.657594
176.808018
185.186592
171.044834
170.724049
171.822202
192.254001
176.073791
192.717823
175.349944
193.861754
184.985179
186.049319
184.994939
186.033145
213.275606
195.322155
195.323492
203.611865
189.805973
192.670178
197.956897
184.154586
188.523623
192.821479
193.912018
192.952846
194.738098
183.166487
184.667046
178.762953
173.389586
178.839910
179.835666
175.134881
175.124491
184.681027
186.876828
186.593526
178.778436
180.225082
180.456842
180.487178
196.136281
187.455059
186.947726
179.515093
179.455752
179.511756
185.424351
176.717375
175.946706
195.265831
176.797717
185.593578
172.611454
179.462723
172.544681
175.535275
174.796580
194.158497
167.460344
169.943136
169.199533
198.782622
198.800609
198.876324
193.583721
203.992450
195.579460
198.203641
204.433738
189.382276
187.656066
187.876650
194.477913
196.558015
211.785611
186.887176
192.264266
200.444175
205.578254
194.944389
192.408125
187.936098
182.259868
182.561596
191.789942
187.292041
192.729486
194.050725
192.670742
193.916335
201.956803
192.342922
182.370099
176.206171
192.372845
187.466277
191.970975
191.103239
171.719457
170.897267
172.543656
169.926919
170.066794
182.079291
181.279943
182.093418
176.908690
181.914568
185.995783
187.287206
182.095350
181.421771
168.046194
168.892667
174.285179
175.061102
179.978998
179.253377
181.149438
176.827905
184.926527
179.904279
186.190955
175.275661
180.507282
180.166363
182.692661
181.756504
170.858539
188.960335
191.027117
174.929876
180.059248
193.337165
195.115022
202.211985
195.112256
202.211550
193.386427
165.574843
165.713071
163.107870
193.852978
187.959874
187.983473
182.959103
193.384902
189.180632
186.340411
176.652721
194.151997
184.910653
186.011646
191.114719
202.919494
198.420613
192.761956
184.728784
185.285034
185.019176
187.912818
187.940751
194.438618
190.207841
187.998714
190.352973
192.510180
190.325142
185.178120
184.648685
184.992440
194.329786
189.084975
188.263612
184.639036
189.089661
202.182325
202.180249
186.739318
199.164489
188.920387
198.261379
204.662066
196.499660
201.650330
201.168127
206.308134
196.450528
194.008867
192.194636
204.625246
204.797567
195.456111
196.428541
201.615529
201.172130
198.332382
192.707266
180.379201
176.212585
182.342318
172.089065
182.816962
183.757751
199.811813
187.063012
176.172786
178.022704
176.145158
200.016988
199.945116
175.624192
175.149415
176.088937
185.478395
179.183459
180.325217
183.544396
184.717113
175.312306
179.625481
181.410712
178.391186
177.892961
163.824933
165.655177
187.302638
187.229443
169.250506
170.003495
171.764301
193.001172
175.307010
185.104584
179.398597
180.540678
181.274476
179.567219
180.491924
179.516376
180.469964
173.351972
182.782568
174.435957
181.716688
177.314787
185.493208
185.222569
177.815678
187.887799
173.083933
170.108323
170.145692
181.698802
174.946126
182.798327
181.478322
176.722863
183.644585
177.828047
178.905792
182.799012
172.690679
173.443491
177.879571
180.625351
181.429453
180.557478
180.592775
180.290366
180.740446
178.493598
180.646918
175.280878
180.952081
182.408646
175.005474
183.504998
182.166031
176.771568
184.328857
187.172085
186.307882
179.587147
179.377928
181.077411
183.846456
177.803904
180.488823
178.887943
178.555159
180.250943
191.464520
174.447682
176.208673
173.648213
183.534449
173.432052
175.322704
179.654057
174.255270
180.798294
182.050334
182.668542
183.414065
169.901131
175.298030
173.225103
180.255186
201.253209
205.069644
212.586418
207.339321
213.630702
209.179457
200.394400
203.206487
198.869796
198.786337
201.002110
204.229724
181.092110
182.520151
180.067731
180.002092
174.938685
174.222391
175.100320
178.533756
175.027714
180.499822
180.564558
169.692806
168.847845
180.136503
184.743839
169.972828
171.005549
168.968949
168.181400
168.089616
168.123772
172.209163
162.996252
196.415999
182.844687
188.030729
184.343024
183.469057
168.969365
179.103944
168.233107
168.934374
197.511133
177.005103
177.702630
176.949048
169.692715
178.173928
179.910312
169.720656
168.961231
177.561778
168.148898
167.408054
167.390198
196.402632
175.854814
180.306049
176.596206
168.184476
173.267686
168.068355
173.980330
168.857371
184.972398
173.270246
166.522090
173.923054
181.129148
180.412618
197.428892
178.027654
181.121145
180.480904
192.415771
192.375277
194.143342
191.735681
193.418302
175.762549
183.490286
182.656572
179.792678
175.833698
180.999162
179.128348
169.747002
181.794661
180.285201
179.972772
174.859882
198.555322
198.167792
197.525993
195.099314
189.663739
195.579014
207.319212
197.820748
199.612707
198.793129
197.854970
197.093287
204.253982
197.630998
212.459986
205.369322
203.988955
198.902145
192.674408
207.360743
207.167031
197.269913
192.706498
193.428604
196.344040
187.282914
198.019438
200.785967
190.469084
191.705276
194.771549
191.498582
196.663358
191.349791
182.750292
187.622638
188.394910
187.658940
182.986942
181.797438
207.539553
209.382535
208.299390
207.553195
216.146176
209.104489
206.022637
205.932889
189.898238
203.271070
200.398740
193.036878
199.301126
212.011143
212.586527
209.294353
215.851776
186.716482
192.933587
200.841556
210.408718
202.902306
192.519565
190.156628
190.296253
190.968915
203.068597
201.565826
191.961705
199.946874
185.250777
185.344136
195.998307
191.500087
191.783788
192.653276
190.286100
191.315522
185.463378
203.254025
202.141706
196.629577
205.532406
196.753567
203.550644
203.873355
191.198054
205.153462
215.988147
203.978630
199.677106
207.506030
207.568398
195.020022
208.936019
209.966262
208.867433
190.948108
196.523764
192.142629
198.403164
195.779315
201.630982
201.423492
203.271812
199.101311
194.303193
198.667048
197.125306
196.872833
197.011577
197.533697
197.765858
194.783094
191.218715
194.755934
196.094054
191.239541
196.167875
196.332318
198.313960
191.361674
193.772792
185.097130
192.846232
180.809782
186.250249
179.179905
179.850686
180.845163
176.197820
182.560146
182.716702
177.234280
176.593470
187.889689
188.642958
194.617995
193.585126
180.872651
181.248958
182.028801
175.905644
180.353024
179.593476
179.126749
180.848291
170.066312
176.227740
179.450204
171.723535
187.190274
177.931279
205.735503
205.692466
196.960213
202.147713
212.418614
209.904026
201.932283
197.371458
188.912790
190.382210
201.991581
183.370559
194.634919
187.588350
190.030991
188.147802
187.394270
183.904296
195.043587
184.337925
190.372901
195.914136
196.531771
187.431882
181.654848
198.022310
198.104635
186.739786
192.771966
187.713305
191.652333
184.624787
197.831043
190.574958
200.328449
186.571381
192.205850
189.079551
188.326962
193.696255
190.073720
189.132034
201.073262
193.756139
193.553390
188.529509
189.853674
196.322864
189.216812
187.258979
180.390926
191.782883
181.507379
196.977321
186.600904
186.631503
186.396757
186.544382
188.886457
194.861301
189.131502
194.458164
195.269134
182.460996
197.885992
196.858974
186.550988
187.622845
189.883256
187.667475
191.885903
188.174332
186.601670
187.307761
183.903521
186.255120
189.312958
195.044425
189.469744
201.036857
200.517700
193.588181
190.179028
194.760827
190.207450
193.722403
185.942213
185.354473
184.614818
208.006016
203.876940
215.428487
188.001764
188.273985
188.870833
188.320693
190.157123
188.293897
185.372900
186.676333
182.349376
189.879129
188.207202
183.786686
183.225727
188.349518
205.271198
208.318365
194.859425
222.031249
198.989781
192.258242
199.129903
197.336501
198.037417
205.019507
190.241602
190.563649
191.320521
188.565514
188.706418
203.886677
193.905597
194.991248
188.796884
203.850169
195.415457
193.834202
190.180642
196.689873
189.073540
195.108386
187.608872
201.802186
187.629440
182.097539
211.974984
195.499810
200.718758
190.031972
214.791713
200.952042
191.090877
201.657072
184.861879
198.978734
191.259922
200.137877
197.413875
191.317161
197.854480
190.980088
195.490238
200.014808
200.744178
194.485003
190.183577
189.984813
225.404880
219.245180
202.706478
201.952203
203.406881
193.873153
191.832715
192.075429
182.748788
180.307300
192.887563
195.847844
189.201345
195.263148
198.007223
189.194173
185.544389
200.275798
190.995746
185.617281
190.206915
201.884933
180.105118
194.562197
190.978434
205.865794
193.094068
195.553555
190.903776
206.220869
185.444998
199.217100
189.188032
194.649686
190.052507
196.867650
189.388368
190.210562
196.234374
190.187005
204.897903
197.984514
187.924585
194.299366
213.751045
195.041382
181.826526
181.983629
183.215525
192.226106
193.240100
194.736742
212.351450
177.016495
180.174885
179.515903
180.364475
179.471581
174.285674
179.199075
179.451657
178.665010
181.988778
175.874636
180.109668
180.850947
179.148725
180.240272
181.966104
175.852384
195.301718
193.713133
193.544288
187.477902
180.164204
178.500703
180.137254
180.899486
179.234598
179.573337
181.324377
175.179194
175.682118
177.357876
193.564328
175.424023
175.483055
176.446991
193.008248
175.344237
175.980553
188.773540
176.769895
175.913667
188.667667
176.703426
175.965234
188.680935
176.679782
184.837999
185.683210
184.834816
185.662358
204.688842
173.554834
179.756849
177.950241
183.121541
173.683418
173.540171
178.737079
179.569811
192.473532
175.282015
190.552538
188.968160
171.750380
188.398905
189.110620
180.322433
197.532505
195.023454
182.512868
188.744955
182.551918
206.594757
193.401042
192.954810
182.607121
194.132562
188.794130
182.548297
203.139411
177.904783
194.408512
178.902210
192.538864
188.792175
189.704062
201.505640
184.091865
195.221216
200.687040
185.135830
190.862805
177.899237
194.449548
178.942725
193.768675
204.253850
194.481560
193.203501
195.160718
177.898511
201.215679
195.810384
183.002620
192.495330
182.815370
194.492450
199.074331
188.911188
193.563108
194.491837
196.359253
200.079826
189.899757
208.705421
206.418058
180.248882
180.294210
182.998726
178.638530
183.058394
183.711063
184.792892
184.317433
174.701050
174.017536
174.325840
183.562959
175.010285
184.332343
178.628376
180.269016
179.557763
183.862294
199.195637
183.935730
182.661189
174.282794
173.424013
189.188104
189.192790
179.529559
170.002611
174.474949
174.432005
169.961094
195.367079
195.469522
202.653218
191.458709
181.786262
180.094095
186.961429
181.073429
175.678632
181.597024
175.649593
183.594801
175.974860
178.451226
188.655134
182.813601
184.308811
202.934574
176.031867
181.928195
181.891220
175.969788
176.694138
175.934291
171.151039
185.260687
180.663874
175.467080
177.272449
165.686999
180.825621
171.124420
179.175016
175.380494
174.358881
179.170615
185.778573
173.479821
185.853609
184.375195
186.264286
196.155696
197.027642
197.791985
203.666974
196.973718
188.048019
189.157277
182.200375
191.587034
189.396609
181.432546
182.158825
189.471921
184.072777
188.775105
182.943852
191.118686
189.702797
194.855803
189.388587
178.568401
187.692083
177.490997
196.347916
181.035715
182.882470
202.366331
179.954763
181.847711
198.317805
184.112942
208.771354
188.468581
184.154485
186.525436
188.484004
194.650419
187.625493
186.386838
176.896246
195.642889
181.998238
189.412649
182.096322
191.897165
180.189682
180.262703
183.648185
193.509675
185.250156
189.819547
187.727869
182.259746
184.715761
187.555154
176.153114
190.571041
184.655898
184.802285
181.339184
185.679143
179.613238
196.620759
182.777353
198.863938
187.987697
189.183343
193.316908
181.831267
196.886087
198.961112
176.877509
191.282372
182.063930
180.337366
195.032446
182.218702
187.429664
181.305975
192.759840
184.569272
187.605410
187.023390
190.620926
173.296964
186.250636
174.056314
186.604823
188.272416
175.672277
192.058863
202.749236
175.070605
178.398169
180.232867
177.831930
180.714857
191.336913
181.154688
177.730531
175.535760
191.923383
180.579553
192.469047
179.413928
188.832156
182.884183
185.705124
185.466171
183.205180
190.390468
192.906630
181.248854
181.294155
181.999831
185.253790
189.915713
183.446811
186.486832
184.081921
183.107446
189.425856
201.232301
187.507387
191.897074
208.653467
183.584163
187.615604
199.379002
183.561166
187.235896
183.106624
187.198955
183.020645
181.475210
176.075029
200.021562
199.009035
183.613615
187.448698
191.317647
191.941872
192.571171
186.630116
188.080155
189.673010
204.966201
186.266949
181.571664
187.655849
187.447480
185.555217
191.975130
185.851224
177.631458
191.310894
182.819331
183.024143
184.218712
187.597941
187.167792
187.719102
189.413936
182.265155
183.626880
185.563900
190.318807
195.380772
182.702125
194.219551
187.872729
181.716106
181.060696
184.505493
180.881520
202.411879
180.868279
177.011879
176.038173
180.703421
180.695910
177.810803
176.834537
181.502514
181.524286
181.143449
181.778342
196.657804
186.429319
184.092049
190.602371
189.597447
195.392119
199.740061
195.647202
199.624378
192.633587
195.268874
189.634594
194.021112
192.375055
188.089491
196.454368
205.652890
189.794408
193.860964
194.629276
195.206972
192.684283
188.960689
192.642078
195.109512
195.105102
203.152760
188.618692
199.666029
195.779886
188.935295
206.915854
178.342860
195.576962
183.691661
185.273331
190.124712
188.212012
192.536884
192.565756
202.400945
199.549517
177.063215
192.417648
180.461967
186.283779
184.748228
198.848368
198.555531
183.145927
189.116136
191.603796
182.986622
181.380506
185.671949
188.714609
187.261059
201.675447
185.509448
187.377357
194.301640
194.296981
200.130099
169.873585
174.242270
181.066023
182.516444
180.802074
199.278472
170.709713
175.078569
179.247772
181.353821
187.080021
189.929945
189.958509
174.508139
176.091939
192.557556
181.448605
184.485019
184.511893
186.245375
191.731357
181.882092
182.188481
182.932984
183.055897
182.567409
181.539970
187.280687
187.733206
188.479539
186.230639
188.292877
187.414906
186.222889
185.996387
186.928239
193.585130
188.714420
194.306803
186.842378
183.539631
191.115621
191.853375
185.680621
186.623553
189.684978
175.422996
186.733020
179.756159
190.022951
192.463115
194.481231
191.432781
180.055940
173.690657
181.277763
180.405591
181.401020
180.439459
187.328176
187.359551
181.156016
182.182930
180.435401
182.314417
179.750214
181.345377
186.359065
186.362788
181.849373
182.562476
183.649384
182.935646
187.295461
187.291158
200.415793
200.312695
200.280168
200.382703
212.219088
207.052615
198.433026
213.730740
192.905650
200.047050
203.112815
202.780277
197.322383
209.645203
212.121831
206.020499
212.162889
219.598809
212.252680
209.278361
196.862540
194.977487
188.567509
184.656688
201.409532
195.257357
189.970592
191.425993
200.929273
180.068230
179.098381
198.631174
193.619312
184.780923
188.879306
182.583332
183.401335
181.614024
188.787458
188.790010
201.626393
203.872023
196.063221
196.121830
200.145743
190.923636
190.716306
195.227289
203.962447
189.659687
189.601997
201.284565
188.911356
201.339459
195.934327
201.798153
192.843947
191.849333
199.246656
194.270063
183.531120
203.971185
190.094828
189.735040
200.346784
195.941561
189.675466
196.306018
201.222102
190.720318
189.935589
184.621756
195.841433
194.858924
190.788956
208.163390
201.548303
190.037558
184.545770
193.985586
186.461568
190.116540
200.407757
189.653178
206.868174
203.877737
190.041736
194.368291
200.626579
195.925181
192.950132
189.369199
184.064967
200.305086
196.905361
192.816534
194.760738
204.678766
185.506844
184.731837
206.232158
192.423133
192.422975
211.854314
205.519229
214.909770
206.469216
210.888648
196.172659
198.823298
197.581728
197.615900
205.606245
198.348582
190.323078
196.415008
200.138172
186.070782
191.926754
194.976953
203.337268
190.988442
197.322216
194.848933
191.183531
197.525802
200.323571
192.125096
199.220199
192.079406
185.079010
186.641777
213.672313
218.730350
200.330569
188.321430
192.755297
192.607035
194.632847
192.836447
189.117474
191.038882
190.286231
205.537953
208.422614
202.384958
203.658427
196.552618
205.666469
190.259214
196.350284
189.719492
201.667056
202.450705
187.406172
181.354777
181.050547
188.119145
186.221066
206.396689
197.531648
196.090184
193.584312
195.834747
194.691508
200.693013
193.016538
192.700226
194.328618
184.889902
192.383650
193.121511
201.590085
210.240074
191.067532
190.255190
189.115125
188.461950
197.927354
180.965841
202.108449
199.963735
182.864439
189.240798
187.410606
187.877567
186.018815
193.530251
192.448259
185.157017
187.078823
189.251644
183.992184
183.656016
185.404782
190.459236
197.012106
186.025323
187.090495
183.290424
183.062258
189.361435
185.861304
191.754553
192.677195
186.498698
187.271272
200.578722
197.276841
184.348509
179.137099
193.035699
185.369053
179.084435
193.384083
178.116447
193.143783
179.813194
196.564852
183.046005
181.155167
192.145355
185.269000
179.763989
186.249721
208.934495
209.010478
185.231953
184.685887
191.525775
187.126869
187.053909
188.800741
180.974438
189.865837
214.772830
192.644799
197.135223
205.713406
194.304856
200.250790
195.231765
200.000566
177.847974
186.542051
182.381684
187.232515
187.556571
181.323907
183.888556
192.494003
194.045763
187.335271
185.414314
184.136700
191.588487
205.562071
184.413195
185.328143
183.066617
192.953571
192.367191
193.248379
194.645198
183.427173
177.947718
188.940651
186.306763
186.055547
190.079471
201.396443
191.036074
181.330608
183.105776
190.923652
192.429553
202.600230
212.752501
204.403677
193.117943
186.124480
188.485662
192.491347
192.883076
202.095180
192.470122
193.862597
188.481634
188.747754
193.824725
190.007884
208.559006
202.452997
185.655747
201.117081
185.045940
204.857742
201.054959
203.471459
192.545785
185.071997
188.180145
188.861703
202.695606
187.129677
188.176296
186.055474
192.067845
193.512929
193.114302
189.083404
189.219907
191.275199
185.654117
188.263192
194.684006
185.423578
185.642398
190.979120
185.778695
181.141131
184.752255
181.083007
206.772009
194.435182
188.252488
193.655866
183.611833
202.736736
188.136080
188.128567
191.231153
186.511689
197.907480
183.882934
183.818513
196.535854
192.434647
188.381009
197.665435
194.543297
193.678139
203.243947
191.987715
193.473100
190.252103
193.848443
189.186695
192.875540
189.175835
195.749998
193.513665
204.984452
193.496526
188.567297
193.743049
183.931783
200.300668
200.281132
198.127353
199.469318
189.851899
198.003504
215.598036
213.155569
204.065913
187.295727
189.323450
203.920566
188.270598
187.571907
196.895410
200.763930
196.339047
194.215029
199.538847
189.962125
184.054977
193.661004
198.278629
209.923604
200.646755
205.803769
194.814799
194.045200
190.896770
182.379318
192.455626
187.536989
185.746623
202.083860
187.601412
188.832213
188.241594
187.644738
191.631636
195.456871
186.464462
191.218538
191.020408
195.052898
201.043690
190.787862
183.951781
182.130129
187.277091
192.379638
187.923602
193.957453
183.644922
180.447728
186.530412
185.709194
182.258967
183.664245
186.197877
185.492640
176.982444
197.959195
186.455232
185.407586
188.641978
188.051290
186.202531
184.490003
190.674966
189.575613
185.488129
184.723273
192.450983
187.550278
186.862504
181.083848
186.353413
187.189064
189.908376
189.275173
187.985022
186.430465
187.175394
185.829139
187.327398
185.567985
188.699041
188.108969
187.528816
191.752932
190.027238
191.593050
191.445308
192.336441
192.337466
190.620062
196.306146
189.549861
189.179421
194.111936
192.427108
186.593497
192.871887
185.496474
183.757528
186.126424
179.410899
187.688429
186.417306
184.631674
185.481976
190.730278
180.348157
187.947082
188.325991
202.189060
194.589080
195.627391
195.088194
205.394005
202.412076
198.627601
187.279913
188.957233
197.445694
182.967861
194.219882
192.758557
194.528682
199.232734
198.299575
195.611579
202.276694
202.435454
195.562229
188.366058
193.334430
204.824765
188.935042
203.512177
190.623951
186.843871
190.018827
187.688808
176.690049
196.121667
198.312931
193.257802
193.376446
193.300182
191.564399
180.456918
191.674536
181.251797
188.476808
199.053998
189.191241
183.772142
183.059238
188.231925
199.349079
200.386057
183.942290
189.073976
185.318227
188.187356
189.006239
190.291945
205.137137
184.189937
206.541001
206.550584
200.573702
190.170928
191.997487
205.618680
201.517917
196.503656
193.020326
195.875345
195.547969
195.685377
189.766712
186.012660
199.369184
199.465391
190.978161
191.021741
186.456926
187.918535
205.781547
206.462000
191.304394
194.634540
180.869956
180.869533
188.385903
197.590610
189.778992
193.108597
186.819988
185.349328
188.475502
187.005105
178.370311
177.537004
179.176737
168.344805
169.405375
189.214078
193.426250
184.810156
201.998267
189.526045
196.241812
193.388860
191.612482
188.043220
193.459933
187.979602
202.332976
189.234489
200.356013
193.479241
194.236579
194.935690
199.417633
192.419910
192.406515
195.692675
195.740773
196.624023
193.539273
197.057058
187.980311
193.458363
190.215402
192.468847
199.342251
196.129811
197.165548
200.537945
227.008176
215.449023
223.977554
191.927141
185.040853
189.974166
193.031325
194.130636
192.590234
194.781684
194.424335
194.423615
212.858308
197.023238
211.346450
208.144424
202.865868
190.111973
188.228063
199.998949
198.657188
187.766558
187.546584
193.916262
182.596346
199.818994
193.437371
203.000807
197.867901
202.984947
213.255834
196.459077
182.132961
176.750092
182.010385
176.948022
187.092830
182.015346
190.529145
189.684301
182.242999
182.086501
192.551500
177.074277
182.430384
183.251797
195.095244
179.516755
184.876019
185.694215
192.381107
190.851742
189.868578
209.920552
187.303511
188.185311
195.280521
189.029771
192.728371
191.936171
205.362128
208.369895
178.799066
193.963195
184.976386
182.467177
194.490331
192.997237
207.036866
209.229542
209.440676
176.765487
175.119703
177.550641
201.870237
195.271785
195.195526
202.161573
174.872605
181.899732
174.900548
203.848354
177.979563
182.417689
182.396209
181.156622
182.744981
183.043839
182.942320
177.903481
186.673224
181.482542
182.122660
197.003116
210.089350
202.704063
198.380930
198.577461
181.396460
183.092216
183.021424
175.928569
176.541381
180.232354
180.967466
180.894727
182.666864
181.910260
190.521765
191.274146
189.838588
184.847684
184.885530
185.473600
185.456209
181.969455
181.198321
176.137664
184.328678
196.565991
176.216774
185.159507
191.690529
182.790086
189.376243
189.336159
187.124522
185.975257
196.270760
188.969559
187.931105
195.408011
189.831759
189.869272
192.772021
202.850123
187.212538
177.275628
191.766451
182.771030
195.987509
178.021227
188.745737
188.482344
193.809726
188.129459
187.358060
194.927536
181.557451
189.916181
181.224766
181.259126
194.998322
180.575941
192.680190
193.525670
194.167147
193.472979
193.515420
191.783072
184.893616
188.099074
189.857338
191.540263
186.298082
180.504961
180.440055
191.818416
181.566238
190.562319
189.751190
180.478062
180.520209
186.964197
199.481471
200.695785
192.410016
196.824051
176.148754
189.562914
184.659900
184.649240
182.270182
176.201875
189.580877
182.386627
201.614766
182.917036
182.145758
194.680629
196.575029
190.269933
194.984117
204.494920
177.322436
186.930301
180.517400
182.282104
187.871252
193.173599
195.326110
192.433746
186.760599
207.718367
191.546815
191.584590
197.008802
200.951044
189.539235
188.026604
192.699037
189.942485
199.470610
210.910556
200.504070
211.664772
190.509111
196.014846
195.087943
184.816809
193.289534
195.446630
188.008117
182.876097
190.900899
195.427507
196.417904
196.151817
200.317268
190.913144
201.105672
196.463095
204.320310
203.985146
208.601748
196.181923
196.137372
196.820081
202.884915
203.728516
197.654482
194.685438
187.996737
188.651979
187.966355
186.169449
182.153565
182.911447
199.896350
193.590323
187.371229
189.141894
189.357925
192.489556
176.123778
186.285162
176.146181
188.427894
195.067216
188.378756
176.904935
185.040604
184.991979
182.363536
181.334203
193.512069
197.910935
188.259136
187.348067
187.350425
192.397784
181.618202
190.743923
182.307469
202.224307
191.356209
184.379810
197.883565
206.839396
195.418984
195.343477
196.101473
186.100745
189.093280
188.321924
201.117649
202.569180
190.967921
185.714524
192.922127
191.009542
182.158208
196.271128
190.916670
183.561774
190.288144
190.069914
186.898154
192.450283
187.621794
186.935600
186.593543
187.351407
206.254509
200.385764
203.970646
196.246943
196.275542
193.118853
204.979216
206.012779
206.231967
212.761983
208.279327
207.378826
204.607931
211.254889
209.812167
211.234903
207.620620
215.812421
213.235895
209.114654
210.300950
212.715557
198.876236
193.477037
208.038249
209.223369
201.684619
201.769283
199.507621
184.391197
179.010890
185.919081
184.079401
197.721035
191.022702
192.822338
192.759122
192.653126
194.914612
187.414420
193.531542
203.244689
192.518277
196.590407
189.237342
189.250294
191.975198
190.906772
193.955352
192.927849
207.795822
192.291736
187.321840
198.561454
183.960142
182.957087
186.350084
190.848783
187.373168
192.621905
196.787579
191.586055
190.148279
186.570433
190.936264
186.353148
191.892029
187.229679
186.570141
197.816604
191.183630
186.516343
192.716887
185.396715
186.477239
193.303663
178.701495
177.621127
185.504071
197.803420
191.204988
183.883470
183.864567
204.819230
186.587588
188.090483
197.501284
189.098967
214.627598
200.661658
199.696020
203.806487
192.829834
187.469221
187.130018
186.086290
188.251066
200.622205
211.195687
194.488398
193.365386
194.309590
189.140657
195.005132
194.062197
194.513459
199.578399
205.098867
188.435489
183.099840
188.612786
195.253260
199.334640
194.374926
196.622908
193.111217
204.285079
187.616263
182.355937
187.572449
194.208264
183.737629
182.196891
173.936385
173.267976
185.802393
176.019743
174.987186
174.422716
186.243696
175.234106
189.787766
190.562423
193.593469
180.118492
169.985361
180.827618
170.725881
202.317761
202.338317
208.419121
208.196051
209.475251
207.907833
188.726387
188.798120
197.838967
197.550018
209.358758
191.439145
190.377611
189.619029
185.061102
182.248915
191.731147
189.955306
189.384832
187.638853
194.164001
189.707810
191.217671
184.059495
208.602953
204.919027
204.939384
202.936690
207.217810
206.539314
199.994267
201.059332
185.215437
189.849458
188.890124
190.573510
189.946878
189.937786
185.350387
190.775544
202.277135
195.118582
203.020821
196.065942
200.333336
195.783354
204.310263
201.924017
194.673738
191.613919
185.498726
203.767935
197.176156
201.363279
216.018245
216.490584
204.429632
210.405611
210.354541
203.520791
206.875952
207.921736
206.144131
211.478035
199.139111
195.192888
195.067851
194.073444
190.751657
193.188512
196.966790
195.160646
192.030779
197.447067
192.562812
194.239218
198.826816
196.987528
197.852971
197.818892
201.549005
202.610121
197.710204
185.667877
204.304953
204.441922
202.171473
198.839026
202.137287
180.659180
181.894680
178.322284
198.963948
201.669109
201.742986
189.263031
200.884337
182.207572
191.084064
180.271516
198.478508
199.226521
178.703281
190.067250
183.198891
180.479598
200.732996
195.129528
194.381276
194.455828
207.760659
187.350116
188.419711
199.246672
188.441981
181.271836
196.074330
189.088628
188.389931
186.109941
186.032904
181.250848
186.294592
187.385587
181.523641
182.433701
182.337844
189.032295
189.703210
188.987182
185.530066
184.705048
179.505962
177.730460
199.901222
199.399993
199.349163
177.017054
182.504211
182.519479
178.858538
185.030412
177.071426
187.916342
186.519636
182.421177
176.248021
176.294474
185.291123
184.592523
196.290075
191.664136
190.907119
200.082616
199.074222
198.316098
177.075645
180.367842
187.847822
186.838912
179.368272
175.609926
175.636751
177.062504
179.590916
185.425540
187.189245
178.622887
174.864616
174.891700
180.967351
188.438056
181.942540
178.262352
191.814751
177.258562
186.531306
176.594328
189.616788
184.216890
184.212675
193.327885
184.214608
183.656017
193.350807
182.301527
193.334480
168.177656
168.234100
183.748996
168.908195
172.631965
181.192825
189.081087
183.582237
183.576694
196.624939
175.013355
176.860882
185.853705
174.986997
180.256817
187.385077
179.957293
181.919103
177.225760
189.814562
176.276850
186.221853
185.476678
180.594883
179.589399
182.496426
177.791616
191.380766
176.842167
179.598449
185.897834
175.983377
173.320726
173.357817
179.513043
181.306458
179.652304
179.517549
174.415204
179.468693
184.440975
175.252845
174.375111
175.147337
174.311827
188.862723
174.050550
179.468815
187.619336
178.880289
182.561158
174.527022
185.638955
198.652230
175.059709
174.418392
174.086898
194.914741
197.854612
175.116953
177.102373
189.866701
190.881649
199.141974
176.396683
176.183670
176.690564
177.592299
175.541375
176.334441
176.798978
178.454166
190.679287
192.406182
193.237842
173.225477
174.437535
171.942414
175.144310
174.137295
175.072161
174.808424
174.038991
174.746253
175.885164
175.131499
175.141631
174.953881
174.918087
174.839544
192.506709
175.944049
174.446864
175.044960
175.509466
174.176397
175.855186
189.096115
188.115907
187.462409
189.284658
189.329868
190.044308
201.295165
185.074174
186.623185
184.797754
183.200367
184.728587
182.942312
206.408539
206.382668
208.071643
200.162173
209.177969
205.374808
200.238372
202.795166
203.532967
199.476892
196.557451
199.438431
196.524211
175.962875
188.244207
176.704230
189.587782
179.316269
171.637323
173.576214
188.341045
197.477253
187.902169
182.740454
181.257168
181.107850
178.820562
177.811265
182.491335
183.264446
177.784138
177.984891
178.002891
183.483387
182.222113
181.851591
188.964150
176.526549
181.218052
179.361573
177.603518
176.405939
176.424262
191.505392
180.893443
185.624003
187.161833
186.913612
186.602971
181.938491
184.532500
186.146200
187.874129
185.564657
180.222783
185.461488
184.415000
186.113710
186.403580
184.344216
181.117561
182.686574
178.530848
181.113425
179.300302
175.821509
180.004376
180.977935
176.595544
192.002524
207.239194
207.983901
206.325233
211.900275
194.420207
197.003922
211.273096
212.180734
219.386468
220.612165
206.062115
210.263281
210.462427
224.379796
210.270625
219.374394
210.477238
207.997373
205.079679
206.837007
210.673170
210.736864
213.312933
211.826890
213.296505
194.036943
202.547027
199.004481
191.938565
213.020130
196.478016
190.548166
199.387955
195.128503
203.511513
194.008032
197.544932
202.388948
205.439602
201.732953
198.299583
205.099685
216.042089
207.941215
201.380466
204.599438
193.595463
194.061499
212.728754
199.112981
197.929838
200.834878
194.711647
193.199388
214.186429
198.580778
220.356675
202.403193
198.917464
197.851313
195.133854
204.671648
199.520118
205.730045
189.717687
190.200982
208.814120
199.829681
187.343309
197.191785
193.682279
199.078674
210.116661
190.895746
191.711523
193.360153
195.127360
203.841150
193.426750
190.060997
198.187078
189.086807
210.218645
193.825202
193.752415
193.388573
194.472457
204.915765
201.221802
202.500428
198.807747
196.314714
218.322656
203.317036
201.426336
207.624309
208.029476
206.086983
220.620835
211.305150
212.205333
196.753412
220.125020
200.831534
206.635542
210.931219
200.374954
199.403236
207.858037
197.938654
203.673768
204.110283
200.097779
199.192538
193.595270
196.901842
193.564615
192.581208
201.249656
197.911399
196.162242
198.226073
205.598228
207.655386
188.521405
188.953591
208.927881
198.972945
211.115458
203.003624
190.869641
192.331896
196.199594
195.617544
199.753639
212.169316
204.159505
209.260608
206.921106
191.886295
193.348586
197.216504
196.673991
197.608914
198.766197
190.858362
190.273930
193.534702
193.463731
193.239649
180.968796
181.996451
203.274393
207.083177
192.642822
192.109205
191.325979
195.390477
193.140034
195.927580
195.144064
176.804004
197.516423
177.849883
182.851153
191.969601
182.093368
201.906418
210.382032
196.933432
212.403922
196.341955
202.896750
200.024294
206.032569
197.951446
204.831519
196.425116
202.982255
200.024059
213.735775
192.821722
203.066477
201.372811
200.622317
205.634023
204.000948
199.905161
204.611984
194.629924
196.638122
186.823455
196.289888
194.713480
195.439022
204.773272
198.360670
199.250236
189.343211
200.651740
190.540775
193.195407
187.305772
187.485441
193.764814
182.913040
183.938132
189.091300
187.323197
198.495296
205.613993
185.132074
194.576443
198.586015
188.358925
191.999584
202.804357
191.103814
188.282080
189.413963
200.206059
208.729765
196.071217
180.080113
181.373384
191.446277
189.394137
180.315990
192.535691
184.699796
185.725917
206.459208
201.184718
193.552756
191.033924
200.284090
202.094283
195.575640
194.600443
190.087860
188.238460
205.461131
193.913080
193.563999
189.034791
197.851835
197.596248
180.662912
197.641922
185.894259
181.412629
183.188983
198.579755
182.401070
196.999322
199.489550
199.367097
201.736785
175.642540
188.886487
200.371086
207.349519
193.576807
190.407577
191.072638
200.379998
184.929172
194.525433
189.081912
196.114856
196.946506
180.432488
188.676876
184.686620
189.835152
203.782072
200.367536
189.128826
197.551557
181.049777
185.304053
190.452518
189.902400
189.118011
190.843000
178.784775
183.038355
187.482890
188.186455
198.758235
194.687625
187.022625
190.023262
191.642754
189.955584
186.307759
187.294323
187.413118
191.885321
193.602417
192.472033
190.629349
188.129680
188.132483
186.790968
187.465881
182.401732
188.580385
201.284668
185.083422
196.232112
190.633541
186.448142
188.135301
186.843992
187.386350
182.440845
188.681259
191.973943
196.205174
194.819457
188.134101
188.445739
188.145583
200.594721
197.587200
189.800433
189.211478
195.467737
193.491755
195.366200
210.119245
194.567822
205.033828
208.021533
198.855781
194.521243
199.899535
193.391614
192.497375
189.287291
193.446654
195.394527
210.024823
201.716289
197.135038
195.500587
200.922676
189.314756
199.823234
200.774240
215.528797
194.673048
205.056249
184.103772
190.257248
204.747292
180.420318
183.845402
186.568223
195.366642
203.842332
187.775284
192.237946
187.915856
193.549068
192.310345
189.243962
189.997645
198.470035
191.029625
190.385872
183.926686
184.573506
186.755225
186.401892
189.610120
204.762393
194.060129
189.169222
190.987915
183.737006
202.681376
192.157354
186.829926
192.657320
192.439117
182.772866
179.237612
185.480548
188.094922
192.587259
199.434189
187.328424
187.445423
195.833960
193.199941
192.588680
188.041894
187.463479
189.286932
196.862794
188.571549
184.152931
185.821488
184.000575
188.370612
180.408221
185.923185
192.631841
191.586905
182.183064
196.535930
177.056813
183.248513
180.630105
182.224098
186.461183
192.130010
194.984909
193.476785
194.173641
186.958003
185.696725
185.686127
186.859569
191.569313
185.677669
191.585167
191.687969
195.827768
188.441219
189.160670
189.117555
195.904219
187.810617
189.352353
185.695106
178.687446
180.229355
189.841204
191.572379
194.665283
181.921965
188.204790
190.756751
192.696974
187.640961
196.903639
198.078623
200.494681
193.134109
201.249828
193.813456
196.946452
197.554403
202.007361
190.892584
194.990032
195.631321
201.883121
201.595002
208.979940
189.009063
188.936581
189.556640
193.486325
191.639369
181.316625
187.486801
187.334625
189.673545
190.293931
188.071318
195.937218
196.576739
202.875657
189.956043
199.562573
191.548550
193.125293
193.219213
197.199917
186.561754
173.505660
189.613022
188.595411
189.284497
189.753272
190.373516
176.405257
191.386088
188.913970
175.797857
176.539152
174.163391
186.168262
169.977478
168.269943
168.297707
168.224158
168.205925
177.452796
175.058676
170.850681
170.509465
187.991234
169.800991
189.174425
189.128144
189.248291
189.203331
163.887060
173.865713
174.368723
170.078657
173.617761
180.800705
171.865613
193.007678
187.850563
187.656599
187.327763
180.196446
180.444150
184.583773
178.019277
185.157087
182.420719
174.535158
181.032488
169.936725
183.897684
186.239005
170.703649
175.142786
180.354033
194.132877
176.615396
169.976372
170.860737
174.376044
175.399642
180.239992
184.956687
182.542552
176.904964
181.377007
184.415669
198.201395
188.777469
188.152748
187.089862
189.080368
194.863558
193.816062
170.922032
186.349270
186.364865
175.326759
181.139723
180.453068
182.454021
181.111312
176.065319
185.179624
184.162930
180.391635
181.097874
180.027679
175.046267
212.847255
212.807199
178.240149
193.641021
194.684129
177.207572
181.920058
180.919566
182.977533
187.283938
187.150841
199.333981
186.211485
190.835580
187.222940
202.685150
207.147579
188.030477
187.330891
177.764972
192.366006
181.445709
195.636130
195.619540
213.775451
194.643373
201.142684
197.636575
183.708581
178.604223
201.092407
194.426109
189.026412
197.711558
176.050389
187.266726
186.147834
175.230852
181.600767
199.656080
188.937510
188.210194
187.902131
187.902100
174.561294
198.587656
181.289306
200.408400
178.544760
178.569336
179.748490
189.911885
199.980182
184.563966
188.796601
188.818829
190.596864
189.914066
189.882731
209.759434
189.196741
202.665978
203.737999
188.104644
188.783449
183.603899
183.659559
188.870252
202.664064
204.994143
190.847978
169.301021
181.886226
193.657126
218.345034
188.206095
183.767140
192.931535
195.007048
193.912580
189.279939
200.284412
194.461011
182.806454
183.961189
200.459442
185.337461
191.979095
189.850717
189.275547
188.918092
188.096076
192.486909
195.398966
203.888114
185.693587
183.964332
200.357509
182.778749
188.796903
188.869508
178.181071
179.496698
175.959086
181.129668
180.242161
177.563215
192.326974
197.219482
208.875017
207.547803
208.253257
202.445590
199.203010
209.659037
194.382451
194.338602
193.155903
185.417986
179.479732
181.568653
174.380424
169.939778
183.229877
180.228865
174.131291
184.218875
178.516532
179.451575
175.089510
179.916087
184.010879
181.022100
178.678747
174.223813
182.821183
178.791905
185.364530
187.380956
181.221537
184.345740
181.322712
182.053050
183.124822
194.556048
187.416265
181.331429
181.347104
182.026239
173.309608
173.999159
174.353779
174.706784
175.367927
191.976594
175.370589
173.385906
175.127208
174.837809
175.850751
175.227749
180.288754
171.943907
174.363978
173.275189
172.684935
169.207262
169.939235
181.936820
180.401304
175.921657
176.644594
175.673061
175.991130
176.781687
170.703212
179.197665
175.184913
176.000678
169.890737
179.235514
179.084277
184.015490
184.260804
180.573016
178.639562
178.601386
172.705611
170.889623
170.937142
171.681885
186.232481
188.026584
188.142835
188.071652
182.665282
182.606066
176.521113
176.580069
188.651837
191.570864
185.717914
194.854715
194.306712
190.585100
193.581476
188.401383
191.951033
210.148419
193.301912
198.743768
201.018771
201.127083
187.372010
192.496025
190.780354
207.132798
184.464558
190.220514
201.029585
205.289161
207.148025
184.791665
202.050513
181.171290
186.186192
190.765041
198.184063
192.359231
202.203867
194.732118
194.807939
204.775318
204.813912
195.201186
194.368267
195.880558
191.506593
196.611192
190.406564
198.499399
199.658273
182.106632
189.991622
184.729109
193.774526
187.603328
215.445628
194.343365
192.528727
192.924349
193.497767
197.689074
190.952937
184.682762
192.260589
193.320904
197.884958
191.801375
185.739314
183.210046
179.234466
181.148376
196.009890
199.271179
194.411240
189.034251
191.982594
193.695230
193.689326
187.550969
199.523664
193.953884
194.041730
204.729186
199.451292
193.167630
193.922204
193.894266
193.141567
200.089888
193.381922
195.212817
193.361235
193.890315
189.058103
187.567635
186.786074
194.545036
199.111413
191.010064
189.106702
180.077268
179.437511
179.422812
188.319451
189.117353
195.996373
181.160884
179.476104
190.361484
192.800351
191.062388
169.635660
186.115401
173.954028
180.449947
169.889536
185.309592
174.254621
182.100425
183.594861
170.673401
186.757772
170.032053
186.117543
174.366507
200.535579
182.142578
181.923186
183.636594
175.007994
182.779033
181.838973
181.021790
180.292744
182.732062
188.122334
182.115394
176.689034
176.784774
179.989957
171.262620
186.857256
181.871198
183.446839
187.299862
187.625875
183.035552
186.529138
192.462721
185.334979
181.504352
184.823575
184.719236
187.201461
176.025154
176.063261
180.785303
171.358612
171.396393
173.141876
194.149397
183.945253
178.515982
183.890090
185.348293
186.293570
196.804970
188.278656
195.805232
190.990950
190.081383
187.475472
183.188708
188.617798
190.286906
202.122817
193.266445
193.290291
194.292419
200.346473
194.592421
203.198209
188.616333
182.617190
182.646841
198.162255
188.415971
187.406668
187.127921
190.482231
199.304640
191.410658
187.518349
194.815955
182.056629
194.316571
190.332389
188.365184
189.736576
198.877048
188.296435
189.859420
198.749007
197.962578
193.207007
194.067847
182.194026
194.574932
193.706717
204.263364
195.302859
203.721023
198.787990
183.021168
181.952755
183.787679
198.325678
191.221816
196.300211
212.488702
190.045833
211.842159
196.828306
200.942330
188.933005
188.071837
180.474413
182.161361
196.892984
188.111921
188.833228
187.277666
189.764343
190.754221
180.451760
181.217623
196.747686
188.780932
197.574335
207.372352
187.390025
186.010924
186.126372
185.683794
186.488845
186.458020
180.389822
195.806432
186.727014
191.097208
181.385562
198.782039
181.389972
188.971583
187.658076
189.082222
181.888992
189.076570
183.120291
227.638593
188.818538
189.107605
194.464841
192.465651
192.409500
192.525018
194.567087
195.314357
208.926926
207.037398
187.317772
186.490108
218.277447
208.865923
198.639351
192.495456
192.672153
197.951402
202.524078
204.867972
197.523517
190.754572
194.514429
200.747211
195.222376
198.207818
200.399751
206.719932
190.450357
200.455643
198.280422
200.529449
196.737038
196.078061
191.719658
192.382430
190.980478
202.067480
201.029163
194.517792
184.837792
184.897110
186.102085
182.450241
196.322536
195.376493
198.292203
196.271105
197.109086
192.798123
204.841403
215.241565
195.254174
216.197917
195.893055
204.799050
200.508227
205.788063
190.077525
189.983420
195.335550
195.367796
198.425554
195.396216
195.342229
198.472515
195.730283
194.625828
197.804223
198.661163
204.776466
188.293370
196.418955
199.271332
181.539562
190.878597
190.659212
186.863409
186.775938
188.556214
191.713703
202.587889
197.073586
199.101357
196.362861
200.379143
188.467519
199.410418
199.473986
204.632853
188.230976
200.486909
194.831056
206.423151
200.453267
203.806055
208.981647
195.322964
196.368431
200.314152
194.690826
188.319426
190.669752
188.294346
193.580690
190.831570
188.132443
190.046842
205.633656
198.974604
193.663222
203.326304
193.659034
184.129246
183.010330
184.847083
207.433109
192.280191
197.358779
191.156078
191.935397
197.024250
201.113288
189.018153
200.041605
197.859150
195.202324
195.917023
193.435470
201.192036
193.942859
191.707827
193.579864
188.895813
191.935638
190.014780
185.542582
198.099635
182.906203
190.037938
227.388911
216.126166
185.724753
180.295483
229.892124
193.932375
187.015732
187.238573
192.455068
193.528063
195.773699
195.782285
191.427346
191.417593
195.450203
194.249958
197.373139
190.175914
189.231600
177.298384
188.039857
182.131428
182.961337
187.262796
187.269563
187.404218
187.386509
199.724205
168.082417
168.817129
169.526733
200.785314
175.811329
175.043907
194.898963
205.006603
198.362858
195.026613
194.334730
196.017317
196.236293
191.977192
202.248754
205.317281
193.751533
193.976017
204.724908
194.107716
200.281202
193.703387
209.483109
194.874182
204.973856
198.367178
194.999018
194.343767
196.025592
196.320584
202.257933
178.802930
193.103227
185.012855
198.794427
194.911678
182.468065
188.033647
196.925303
192.388737
189.229184
197.710321
186.747248
196.883019
176.626467
175.070946
180.331367
187.794961
179.980326
191.368347
190.243516
185.375400
193.006809
193.042500
180.920889
181.291270
188.501233
175.612167
176.645809
175.090975
197.180897
197.151615
190.016696
186.168493
185.473372
187.395948
185.449082
200.115314
181.846605
184.106605
183.539490
182.495064
212.961740
185.509053
186.187852
193.134390
186.354779
187.091958
200.322887
180.307552
179.570250
181.126699
180.482693
180.538354
185.492157
181.968216
182.705272
175.948569
180.097091
184.252057
181.238266
181.127318
180.182009
175.088138
187.128992
187.183045
181.170320
183.427094
176.160603
196.014535
176.933191
212.068574
194.542905
190.132072
184.580686
197.632186
196.841287
194.849729
171.767794
173.579026
185.596233
182.740253
182.797204
171.733168
176.136755
188.916777
188.917856
173.422430
177.825458
181.525305
186.519805
187.780370
185.899863
177.880023
182.316329
181.130399
188.015793
183.018359
184.988918
181.254467
176.880635
182.979306
180.819339
181.893752
193.394515
201.177230
188.245059
188.128796
201.281003
196.131675
189.320998
190.122350
187.556255
204.937699
199.807681
199.048365
182.954578
183.733253
196.081577
196.942536
205.715644
199.576717
177.649394
177.613022
186.453331
182.954760
183.734763
185.454778
173.329055
173.291474
174.579452
176.777501
177.513539
175.882996
177.761891
176.809941
191.357667
191.752195
191.291913
190.868182
190.071785
188.950053
179.534567
176.953722
175.952849
188.741177
183.054202
175.336414
179.859032
173.644777
179.721601
172.518046
179.718642
171.549062
195.255470
193.235753
170.226729
179.126302
170.931314
174.261166
180.055209
171.707281
197.018209
184.735429
177.904933
177.970239
175.635819
194.917620
182.787526
187.791431
182.802440
196.024953
187.834761
180.123968
171.817055
192.432718
184.372814
183.613764
199.332712
188.675439
188.676779
171.904043
177.394510
187.076836
181.607062
182.361959
185.473693
184.762097
188.334725
182.150539
182.174385
177.970541
177.963689
184.156223
185.790454
186.782761
188.779442
188.391443
189.023925
182.243625
182.877611
195.836506
182.200226
182.864911
195.811985
183.237816
197.796615
195.213856
194.576800
193.798464
188.424109
177.593657
176.820144
184.978637
172.591496
188.757617
191.757030
185.471224
193.841296
185.125432
186.788670
185.059744
186.068346
172.910633
185.378190
181.228632
184.419260
181.805792
176.803484
181.115755
182.871066
182.533671
181.031965
181.760209
181.094411
202.637108
193.788765
193.941770
177.531379
186.234698
183.823409
185.555672
175.630635
188.056370
184.668415
186.361523
175.432502
176.767842
176.840992
181.269791
193.069871
184.370084
185.043387
184.301161
184.319867
181.618256
181.556964
183.652495
195.258057
195.905911
195.522279
194.945916
196.108014
189.933345
192.700955
177.838039
197.745420
197.643096
181.774691
182.196639
182.966417
182.142451
183.123541
183.949247
182.154737
182.773515
183.530192
202.545205
178.534630
177.452186
177.524616
177.516422
194.043955
172.169822
194.042655
182.226636
182.173014
195.374371
187.214959
187.208657
182.112699
182.832430
182.108073
201.360184
194.140877
171.974406
187.018197
185.303597
189.093639
180.827635
191.374646
178.859280
204.495659
179.652378
181.349029
192.187649
194.305692
200.473889
193.180948
193.858297
194.182608
196.591902
189.931077
189.674303
193.243557
181.426124
177.092577
187.692536
199.359775
194.456526
208.574948
211.344012
211.396941
183.627022
202.040606
185.380011
183.868428
188.797451
172.649279
200.885791
192.616778
193.598742
187.401170
203.012244
188.112884
203.141612
198.685606
195.230949
187.902777
184.246270
183.201611
187.938173
194.930283
191.965214
187.403567
190.430664
187.558282
198.698065
186.616354
190.969023
192.654441
192.631623
205.539289
205.536445
197.083844
198.208834
194.277078
179.839989
178.798014
190.926888
193.748391
186.356738
183.495781
188.101618
199.044420
187.274581
189.077342
182.702793
183.107866
199.890102
199.845765
190.575621
201.859466
188.183784
192.613032
199.183990
207.591394
187.192264
187.995748
181.631203
190.870532
191.711872
196.089645
185.342899
183.501926
187.604079
186.997864
199.435475
199.351557
188.645386
184.989082
183.842887
188.664489
198.756223
198.659102
197.936290
188.668229
185.013190
193.620695
194.697838
183.903125
188.760871
194.742733
200.048530
201.070024
196.986116
199.054207
198.096819
188.198213
185.206875
176.982110
192.577608
182.849637
180.875834
175.242282
202.082295
207.338980
204.409955
194.545377
193.393110
189.019362
200.776046
207.678327
186.676957
173.686840
179.767894
174.715294
178.740938
194.802216
199.626775
178.585902
171.882347
173.577610
193.741839
195.030481
177.892736
206.915374
190.770353
193.185956
196.228128
183.480554
186.114154
179.873368
188.374735
201.913158
201.952798
206.482927
196.046991
207.096467
183.969279
182.254552
195.769373
184.691403
180.616953
188.982610
183.059825
198.389808
181.437853
197.560001
187.303025
193.956821
182.199827
189.910860
189.981694
182.225908
181.394057
188.042844
189.146576
181.420289
185.603901
191.332623
211.441356
192.047567
192.692327
178.400731
198.399701
193.522991
193.354380
198.541389
182.879860
183.592095
194.810073
194.983684
183.086642
184.717426
195.955427
194.199802
185.434656
193.820438
182.496334
183.219149
196.166725
185.051967
199.223705
188.027803
193.623565
183.290274
183.158754
190.597548
178.127277
182.074756
182.360965
176.996873
188.247302
176.955209
176.251858
182.945755
194.211652
177.726050
177.945695
183.757961
182.148930
198.536673
198.581393
190.843776
190.904308
198.758718
172.543219
182.909585
168.269407
168.887312
196.107160
191.491535
199.155181
191.429305
180.886444
180.122592
175.865448
175.132706
175.811904
172.649555
175.811287
174.283624
175.115704
175.785328
175.935573
174.808873
192.051437
192.050350
199.698349
192.696883
191.350517
193.032105
193.325013
194.410802
194.511904
170.043436
172.622217
187.995894
188.043644
188.031627
189.814507
187.618458
197.538435
189.093659
192.373731
191.226454
182.816473
187.147214
184.806991
192.422285
182.209965
182.301003
181.665868
182.784347
184.868431
186.273025
179.637405
192.476479
181.984369
190.701911
187.869767
187.186768
194.249854
194.249754
194.595318
180.251515
179.919716
182.195225
185.555570
187.995988
187.264186
181.772777
188.720831
187.228254
187.949483
181.046796
182.804741
181.330021
186.437576
191.414097
186.467000
186.107672
184.671801
183.907292
192.447176
187.219800
189.003351
188.292492
182.279035
189.136706
189.320921
189.119162
199.382843
183.636045
194.284893
188.624642
194.202430
205.644498
203.463522
190.590626
185.144350
195.339003
195.430791
196.720471
196.676873
187.235682
202.366388
202.805656
209.940968
188.990604
190.794912
190.051929
192.048018
200.209938
196.701791
200.548882
200.353628
190.234362
199.448605
185.074708
184.112946
190.272522
190.530573
193.828067
206.585786
198.458860
188.837705
191.279371
201.184295
193.031583
202.217198
173.456209
175.283947
180.081003
175.238342
179.080188
175.504669
175.414750
185.340076
172.673806
180.784470
181.768900
177.068172
192.502413
178.711775
176.953671
177.967149
176.856743
186.142127
187.117654
181.049615
181.007293
174.971134
175.299606
179.631932
180.567721
190.766387
177.021686
175.167175
176.274580
175.144471
185.470317
185.419143
174.246771
174.213062
175.872742
175.105170
175.969459
175.127979
189.967462
186.890848
192.429245
187.601152
193.171255
204.272223
185.048318
181.159450
190.649054
184.619648
184.624265
170.751471
169.999395
173.329874
187.885585
179.317659
188.408226
188.746519
203.388870
187.232151
186.810985
183.578169
193.732910
192.345158
180.758205
174.423915
180.783778
175.485939
175.916596
191.338060
188.671135
189.451059
184.300926
178.879377
173.995932
173.234037
172.622387
175.459898
191.337424
173.412090
175.820014
173.296791
173.451838
180.674284
180.511478
185.489306
182.971935
175.371782
174.605142
182.369889
183.951776
181.152516
182.080682
182.739703
185.725398
185.190831
175.508884
174.017596
175.482282
183.369601
183.929521
182.784763
169.980304
170.812198
168.220821
174.782061
175.075871
191.586330
175.104731
174.786229
175.150261
174.994058
174.803982
174.808712
180.394358
175.987193
174.337576
174.274465
175.239578
180.508539
173.264212
173.214799
175.136197
175.228562
176.919787
170.908204
194.462741
189.607920
186.559838
187.886199
180.472869
191.343341
188.296636
186.562969
185.485478
184.739781
186.794383
189.230197
186.491969
182.059145
187.338516
192.396699
190.916186
189.780439
180.848473
176.032399
175.078554
187.411477
175.939279
194.687470
195.701555
185.315111
181.253279
185.360664
180.556656
185.568788
184.598529
175.100571
175.170634
178.856336
189.931861
187.676001
188.486879
182.401403
189.896200
177.008819
187.929540
190.333427
193.383652
191.938822
190.960712
186.465128
169.984666
170.063457
186.379388
175.195171
179.573755
179.196633
185.345869
179.592996
181.295041
175.213875
185.086074
181.449560
182.019892
177.032317
178.785621
184.234621
179.586686
181.245910
175.169434
169.202927
169.913818
183.753251
183.748794
176.653462
175.912593
174.989495
169.714623
174.347260
175.465653
179.215192
180.227698
174.324509
183.792707
177.002615
179.999566
176.235378
179.985381
175.114822
175.211418
176.004895
175.125564
175.291986
186.041499
185.388147
181.114154
180.400751
182.349956
179.309841
175.821268
176.683645
175.476628
191.387905
180.500079
181.269071
176.246158
181.463094
187.614385
185.875008
196.846755
198.502134
180.374091
182.061698
181.991160
185.687848
176.854839
176.808519
177.904971
186.911546
187.914553
188.285569
181.314233
199.613508
188.684096
188.691353
178.812616
173.648459
174.303841
189.775196
189.780955
182.740138
183.729205
181.623501
198.436145
190.650229
190.945337
185.553724
187.261769
186.552376
185.831502
184.821987
184.752011
185.574466
184.938493
184.225123
199.722780
182.715203
189.092027
188.615707
188.037035
188.695706
189.154986
189.086374
182.087118
199.360642
184.457490
185.297743
185.283407
176.829983
176.107694
187.065474
180.571092
201.205835
181.343410
201.151250
179.654138
183.584402
174.341581
173.640602
184.519902
174.337512
199.174932
182.821979
182.112568
175.062787
193.063175
185.352053
179.804436
191.413262
194.599874
195.316414
194.531599
194.584263
189.008457
193.872897
188.449164
194.456623
180.919299
180.245996
180.893812
185.809935
180.413375
182.370751
180.489752
185.334708
180.450286
180.242808
169.687407
185.257383
191.051781
192.851050
193.605343
191.412183
192.511380
192.657779
185.479093
180.111853
187.615085
187.985787
180.392260
184.804868
185.520572
188.431665
189.704348
192.371840
186.540938
181.088512
180.430498
175.096470
182.817890
184.725201
177.572306
187.113342
186.162342
180.025585
180.026003
188.008512
181.088876
178.408226
180.283705
179.385307
192.481550
194.190554
193.433277
198.882646
183.742471
185.763006
197.559765
198.600111
187.564302
182.306480
195.415658
188.786029
188.462621
183.335570
190.413494
192.777990
190.990066
196.936269
181.344523
187.209317
189.469892
182.908687
188.357447
186.556987
191.542423
179.892380
181.621162
176.434903
186.179402
174.545249
170.042986
180.485201
185.599936
174.293836
179.820946
178.701302
181.592000
179.643286
184.616179
174.308382
175.430770
177.192431
186.070797
174.548423
177.171879
192.304015
188.533740
187.677022
187.454938
194.704452
188.090080
190.781476
193.252935
196.476557
198.322938
189.839517
192.275000
192.319821
188.498055
187.639808
187.016279
192.487531
181.438724
187.429228
182.934134
182.212337
196.473780
182.025173
181.973620
181.294330
195.750111
186.576263
186.625858
186.239703
187.036306
188.052520
187.248985
187.445126
185.435239
204.433315
201.022134
202.699904
202.668205
201.800437
199.105200
184.713103
191.365315
212.370237
209.498227
209.616665
195.257814
189.035862
191.414861
178.756180
176.136479
176.247242
190.602494
176.278991
174.394036
175.393956
176.186843
188.599595
188.597173
171.954345
170.071243
187.805263
178.341826
176.409438
176.356986
176.446912
178.338696
209.863297
188.341543
196.771397
182.175395
184.701611
183.902066
182.780884
189.583596
189.138656
190.405784
189.002133
178.615090
178.890952
180.416984
196.810185
175.852309
176.510638
176.099738
175.835000
177.659436
173.671661
174.623741
173.633502
177.640097
187.585107
187.801694
187.463179
194.379911
194.396056
183.989914
185.504046
183.656641
189.943594
197.801421
188.686668
188.361633
198.202090
194.715567
190.253868
187.312411
187.349988
189.147338
189.063896
181.592206
181.689694
183.862069
200.228754
195.979106
190.914401
190.145340
182.128888
184.120430
184.212820
183.961160
183.646447
189.218779
193.261729
183.903990
188.725137
177.730843
182.911135
188.266243
182.711701
200.988627
200.393905
224.164308
170.113146
176.243419
176.624754
175.483321
181.338947
177.485046
176.684124
169.018109
174.263969
175.104232
179.482334
176.258270
177.193719
169.765179
169.768364
178.481734
171.556724
170.761132
176.842300
175.131106
172.414858
177.560224
183.597964
175.925494
171.619988
172.306977
174.072426
171.773286
176.242654
174.988917
177.607616
170.577377
170.650018
170.923739
171.631359
169.919030
180.247242
199.812941
199.813309
185.387391
200.444506
184.793753
185.504337
195.314928
190.344206
197.376877
198.616571
197.788649
214.953942
194.717605
195.074004
201.325085
195.915479
198.309988
204.824720
198.557590
202.395635
218.695969
220.554575
196.253749
185.687833
188.957549
185.627217
188.853944
200.611336
200.608516
192.066307
197.571630
192.031593
191.314718
197.851047
191.282604
214.254912
212.158813
211.370914
222.830901
203.271100
185.713913
185.599035
186.695399
189.915552
193.029193
182.306740
176.913646
192.356178
191.602060
190.827528
190.770214
181.686096
180.920260
197.194960
187.290572
186.457074
190.655126
204.944515
182.796090
182.980913
182.714811
176.841128
182.033193
180.202094
181.618926
177.082201
189.807883
193.219363
182.204432
181.101036
175.879355
189.678600
191.992730
180.334733
179.887690
180.198926
190.865852
189.778194
189.614114
191.381362
184.516988
184.845413
182.750765
183.742465
170.177449
186.209184
177.811217
178.602923
182.848024
183.641071
177.079084
183.187008
177.656491
175.079187
177.872345
186.758411
171.654449
201.233624
185.207510
186.080942
186.830832
181.800522
200.661946
194.008707
176.730265
178.116253
183.243578
190.090445
183.239373
193.158744
179.612164
178.493210
176.191394
187.728850
172.397355
173.368754
176.086366
201.605750
210.728990
192.305666
192.365969
210.361991
212.647957
215.133048
210.122458
204.574133
201.839663
211.983796
219.502879
213.370611
207.906158
216.373924
216.410820
198.727368
190.955730
201.374792
200.371548
200.394721
202.166723
197.665587
206.174260
193.225319
194.871017
214.613372
213.105220
207.591031
200.716980
207.338297
209.245648
208.122486
209.988800
189.542906
192.022727
186.940353
202.037747
194.743893
211.203688
204.865551
204.851186
204.876173
215.268613
206.250316
205.666835
197.397035
197.493579
198.316553
204.002803
201.962526
201.934967
214.165936
200.919799
199.827719
190.759254
205.118507
208.207726
205.138728
216.273688
212.521559
214.881307
199.226869
210.350638
208.506923
198.275398
199.734824
208.479860
197.196381
201.292740
210.267088
203.962368
184.406954
193.309518
195.417733
195.396336
186.446286
200.738766
224.011008
228.492193
228.247779
231.137886
228.252542
228.251273
231.141236
221.826571
224.426846
224.430146
221.783344
224.009753
228.535283
224.427958
204.332904
201.031980
208.048655
211.983357
213.066139
194.820342
212.500978
213.585050
229.290076
225.625993
225.580355
204.876560
216.108936
230.274121
200.516263
206.346604
199.114929
210.721908
202.412147
211.942732
211.966562
206.210131
207.462876
207.487586
208.474623
189.359538
196.295230
203.258516
189.257249
194.332427
200.757488
199.738951
190.289517
195.390880
189.220734
195.144400
194.691919
194.115422
190.871970
200.501115
186.215524
186.309886
194.678084
184.975328
182.027410
203.065628
182.942174
189.806508
200.697301
203.974229
200.692599
209.205007
209.946983
202.338866
205.641134
202.343644
205.678775
208.079750
206.516858
206.187797
206.971632
212.039140
210.437981
211.538642
211.406775
213.774987
205.876599
204.921897
199.706470
198.697323
196.042834
200.411845
195.837378
194.871851
196.247598
197.028754
191.987968
209.238966
195.967763
198.123896
187.655362
209.966946
185.386180
196.175179
180.652851
192.178852
183.144749
210.799433
195.354493
197.239000
194.326891
194.349801
191.226989
196.455371
201.493220
189.307932
189.859038
194.771392
199.857455
187.427039
193.604322
193.415638
193.555843
184.207516
183.018084
182.035868
180.584749
192.661161
188.659233
199.760415
196.188059
202.896432
186.471757
192.409509
199.033541
206.244363
209.185680
192.655315
195.280755
183.956535
188.979363
187.132432
199.020696
199.030332
197.943119
203.683266
195.193615
198.572310
210.124485
203.027101
215.406948
212.375428
192.990934
197.530346
191.957962
208.862290
200.775158
189.854246
202.903031
188.701749
203.863772
198.911313
184.794164
182.914977
209.320889
214.959214
206.816602
202.958882
192.684796
190.368014
188.592832
183.216924
187.601580
183.827274
184.546177
185.561146
190.115500
190.973310
193.295418
196.241336
194.242932
188.997014
187.966967
182.734869
195.555525
202.312935
202.443754
206.458741
189.077759
191.349361
197.138537
190.572203
189.445246
195.950409
191.622392
189.599631
198.498898
200.665363
208.802650
211.952790
207.372014
196.892464
198.032729
201.947830
195.685057
189.646841
199.294346
200.381443
200.763271
206.566443
200.256827
201.994038
201.337492
210.609267
211.613964
208.354247
215.513537
209.262177
200.294209
199.880105
208.376121
194.432109
191.615081
208.242216
201.584888
208.217092
202.643196
208.207332
205.110481
202.632175
199.829435
189.248735
190.306643
188.587590
208.992802
200.469430
204.638441
205.580576
199.764631
203.997758
205.509705
189.249527
187.522428
214.116610
219.426815
198.761008
200.502076
206.531646
198.794882
199.816820
204.309700
194.323675
205.344612
187.780900
187.818214
205.378686
194.352238
199.149928
195.309149
195.411396
197.846128
193.679979
189.986425
189.954604
194.684821
202.485239
204.122374
204.158989
190.032250
185.451644
193.064498
201.836455
194.306453
192.780835
194.784164
196.018982
197.106127
204.312406
203.660903
207.812505
201.979858
183.451691
199.998630
193.447878
181.686892
189.963562
192.177800
190.561871
185.090471
184.151640
193.697133
193.710321
195.843200
206.855942
195.858031
197.968708
200.984286
195.224066
183.765875
188.907808
187.764079
188.227383
192.839709
187.458346
197.760810
184.424443
188.899641
194.386004
189.078619
198.647071
200.943306
192.363568
186.001753
205.749006
204.262958
193.796844
201.824977
196.607575
192.066618
195.168938
198.982427
200.655753
186.488651
180.253774
188.576428
180.125061
187.124786
194.042511
181.330153
182.004285
179.622728
180.296212
206.753157
191.906885
183.747567
189.246844
199.971004
200.699582
193.845653
187.304161
206.909923
207.406673
194.855590
187.470300
181.707671
178.814942
191.495035
202.902855
191.801533
192.553836
192.433263
192.530079
197.051907
192.466060
192.442270
194.105686
187.897617
188.892382
204.966332
190.980291
182.616977
182.590526
186.305943
194.046663
195.714942
192.964137
194.581918
199.152211
197.346526
196.189005
187.777389
192.139850
205.983775
200.867119
201.688738
190.868551
186.245848
181.404760
186.526000
186.989757
185.563610
190.010070
196.875752
191.719014
186.599521
185.344499
186.636913
188.860211
187.140179
195.037837
185.901145
186.423245
197.737072
189.606261
195.696671
200.547384
195.998214
197.147067
186.729822
197.910617
188.413615
198.937497
187.663354
188.656377
187.456469
189.052504
193.456927
190.296386
207.439799
187.650740
188.301244
194.781986
188.448435
191.347556
189.173721
206.325645
194.263235
193.773340
188.841498
195.082399
193.284762
195.827499
202.545300
191.434420
195.807046
198.038259
195.536442
194.848218
199.214074
199.326221
193.454668
187.118117
194.207439
187.838132
194.173787
188.800099
182.248912
179.601440
182.533574
192.453329
181.359908
182.390086
193.511892
181.293206
184.972590
192.640082
198.770854
191.000484
193.398760
185.942456
205.080454
193.083085
186.385254
191.410641
195.399287
201.654911
187.709383
185.988326
177.122666
184.181553
181.367369
182.074608
187.979846
184.589184
186.525191
184.003885
184.699583
191.060912
184.777153
182.144756
189.382441
183.096317
191.304646
201.715166
205.051727
194.886667
189.550911
203.944547
207.200978
196.189891
190.758806
195.294212
186.799132
193.764664
194.404867
201.707562
201.838334
200.354829
184.617800
183.038817
188.520409
188.513894
190.694907
190.101097
195.917638
189.128134
183.570587
183.653408
185.729335
189.868333
189.031906
187.896864
189.626209
188.979013
189.549042
191.809337
188.968140
189.416284
182.916051
191.004745
181.912027
176.274687
180.605347
199.638484
182.174852
190.969163
203.841860
205.445642
205.685675
211.553294
194.810516
200.015698
200.227445
194.816007
193.532737
200.012091
200.232191
190.853625
183.602399
193.798634
201.105676
199.011770
181.331134
183.049996
184.523289
184.176766
194.278377
187.770568
188.783646
188.041283
190.300798
184.765703
192.786867
182.289300
180.541310
183.084049
182.585558
192.445421
192.421348
179.770439
182.935303
184.132535
185.783486
182.147344
183.866890
186.511204
194.529572
188.601004
188.457841
182.432260
183.459186
189.226562
187.112150
187.043534
190.973580
187.714801
205.234883
182.271489
177.943178
178.931146
182.195290
199.665329
176.601778
193.023010
182.790300
193.576674
193.630508
200.947863
198.849401
188.865291
189.947414
189.877846
188.407041
189.869992
208.480131
190.132971
203.590535
188.476272
209.703064
203.723611
200.488838
194.293197
194.300595
204.163668
202.267745
193.537225
194.185937
208.131721
189.917992
191.647686
199.512695
194.680749
189.876626
188.120588
183.682093
192.873074
200.275900
193.429527
196.127580
204.885254
187.873356
182.905543
193.694152
193.814647
187.371326
196.846412
198.583682
191.515958
181.253534
180.301464
182.442507
182.442788
185.947731
188.161286
190.517460
190.531191
188.133103
187.583441
183.225156
184.923468
192.352987
193.334753
187.314765
185.531768
186.374375
198.538455
187.231181
187.117561
186.778780
185.757229
185.657735
193.405114
202.374210
196.159708
180.593433
183.092585
182.315964
197.101858
187.586166
205.576117
190.285990
184.623486
195.603393
200.638319
186.456877
188.265904
187.202907
189.991421
195.739526
188.280412
198.464167
194.021686
189.041200
177.653394
194.855816
194.953604
182.622567
177.491841
194.664498
194.695635
202.073607
192.505707
180.497359
182.352734
177.051746
186.946557
196.432690
182.784466
192.284659
183.229991
193.533789
187.076011
190.610137
191.532926
188.369012
198.144138
203.858983
190.316801
188.712002
206.703257
185.625928
184.586403
179.545897
175.154389
191.639377
184.660261
187.398595
189.597476
186.677058
185.708846
186.626742
186.687011
195.983260
179.770696
191.627069
175.405614
190.845273
185.679677
182.554671
192.468870
175.879974
192.372208
193.601683
202.949017
200.191215
199.871998
187.218912
199.762835
193.523077
185.436238
188.268969
190.026286
197.937040
188.309492
186.607153
182.168895
191.377656
185.375213
186.097765
192.662495
196.863175
189.918607
185.037912
191.669626
191.105589
186.769932
190.302455
186.447209
187.095704
197.883359
184.974533
187.731238
187.555411
181.409727
191.332168
186.827827
180.273409
196.361727
190.916439
188.738285
189.478635
197.419990
193.568382
187.762984
186.100610
181.702270
190.798414
181.155695
188.298177
188.362776
206.366461
194.862134
189.099707
207.428470
198.954134
183.848500
195.498082
201.460341
180.995475
191.771395
206.764057
188.544313
188.456516
186.627392
199.244641
191.031035
182.950717
182.923157
211.060005
208.957299
203.001914
203.273424
203.306169
192.862933
188.767009
189.859258
187.786023
201.349154
185.538678
186.221236
200.170684
182.906256
181.253005
200.198175
183.962113
200.195736
182.862248
182.190492
200.266755
191.656662
201.671663
191.577490
188.243658
188.925512
187.195692
181.404814
200.534586
204.971734
203.621989
200.408031
227.657959
221.767598
219.679554
220.703113
219.638558
220.662888
219.639183
227.618025
221.686181
222.574825
222.574820
188.094005
193.466417
185.617396
192.591663
190.863713
183.625696
182.873107
182.025529
191.307449
182.000472
192.296518
180.264825
180.237924
181.219936
181.900999
182.049971
195.826463
184.790050
183.772673
213.268562
194.689731
183.607549
208.168891
201.451246
180.311966
194.114898
214.985316
194.565751
196.047725
194.164730
185.969759
199.754370
186.747484
195.657283
190.222585
208.463545
196.588809
201.564939
197.231579
200.617125
196.468363
195.744022
189.193619
189.240373
191.761361
208.931295
206.998925
188.157186
184.311198
211.415187
192.520212
193.237722
191.765940
176.712675
189.807003
182.997184
200.514496
196.946995
186.826416
181.399764
177.002571
179.477740
180.151594
185.262419
180.630266
176.231756
176.048088
176.786832
186.196546
176.041495
183.135209
188.309995
191.395224
183.238485
188.191552
178.099320
182.855487
184.606829
182.258173
183.914642
193.612872
176.971971
190.445084
188.146501
190.373904
195.918895
193.771851
195.605018
205.156519
199.394515
202.772035
186.885803
188.108467
191.591516
181.533322
195.109763
187.264198
191.624140
197.421519
186.636565
180.553059
187.115980
181.277951
180.533117
191.663918
181.658335
174.356290
186.843489
206.643974
205.538627
182.172724
185.854155
185.986268
181.169304
196.792152
177.877601
176.842192
181.447100
180.272914
191.448125
181.318297
188.181825
179.996061
179.873370
193.938496
193.637369
193.244837
183.311673
177.808743
177.572502
181.261089
182.405492
177.574906
192.336346
192.974465
199.243290
195.285818
181.880146
181.052234
198.681965
197.963002
180.953760
181.272720
214.905121
198.231351
181.917235
198.597111
180.239815
182.925464
190.045985
189.364082
202.540339
201.670930
184.314234
195.293088
193.851198
195.040782
189.159886
188.415327
189.148780
187.735295
190.447790
188.503155
187.313185
184.400452
184.652690
183.539171
192.563073
195.515772
205.265508
204.476066
194.585975
202.221292
199.624157
194.535375
200.426448
190.199431
190.106443
193.272223
201.481904
201.355414
198.215209
197.080315
190.950771
198.639800
190.889941
198.534484
193.533383
205.715082
203.564746
197.017063
196.989590
215.659197
211.282901
195.935290
207.579785
196.194593
202.857473
196.231240
197.074287
197.042649
195.678481
196.311429
191.081249
196.389775
196.258949
196.043872
206.604306
215.689362
207.612821
196.158396
202.891806
196.164241
197.007292
202.337975
199.638699
208.409232
200.750958
195.948480
202.019000
195.892816
195.738915
188.303185
190.124163
195.576302
190.928590
206.576652
180.859855
181.886091
188.825803
188.812150
190.613416
191.746176
208.949629
203.521745
206.964462
188.144348
185.337605
208.761935
190.746180
190.721980
195.240521
195.272130
209.492983
206.009760
187.400005
194.183831
203.099550
186.273628
195.221913
201.370552
195.856639
200.265570
189.173152
194.043179
190.992554
198.679630
190.933329
198.575515
208.416294
196.774501
183.765243
191.077094
189.207052
191.675859
182.888771
184.617701
189.262607
201.986194
190.665099
197.985574
198.011652
187.926920
187.980598
183.718803
182.992049
182.687654
183.666561
197.392862
196.525027
174.897998
175.533371
176.644645
180.369292
180.669908
182.408491
177.668784
187.765445
181.325180
190.216836
186.838618
185.700868
182.307212
176.890116
183.286952
188.675880
176.907648
191.180178
187.785704
183.084413
199.883298
176.625670
192.759065
198.429404
183.049518
177.038149
190.299909
182.086604
182.137887
182.066990
181.653330
199.927350
185.401685
183.731393
193.405355
201.096747
193.344317
184.984995
191.105715
194.354643
191.045297
193.756661
195.026260
184.619056
184.852286
182.929521
189.618430
189.768280
201.946521
202.068417
200.737772
204.272183
193.568486
198.220231
191.167159
197.057047
181.806675
181.022010
180.208240
191.213277
180.152504
191.222120
180.256392
180.871142
181.943728
196.741609
190.146169
189.177052
200.096541
198.889015
188.909863
182.139752
189.341574
183.046822
184.617483
183.902868
197.027443
196.191825
190.992377
184.736659
183.765180
183.721348
182.989513
185.923685
190.829777
195.057617
189.542281
188.629668
193.947984
199.819288
191.971959
191.973052
203.072285
195.045193
194.864558
206.658379
202.201153
201.017258
188.148470
206.885715
207.305108
212.533547
213.611283
215.437043
192.234896
192.334497
182.757044
191.189136
195.988579
182.906186
194.642429
189.609761
189.788462
190.243288
194.640630
186.960586
201.039993
170.734233
170.712745
168.859181
168.919939
169.042279
243.381764
240.395383
181.679004
198.370857
201.715574
192.526093
195.797781
183.774384
192.430617
182.144579
184.364921
201.410745
191.734138
186.146375
186.556901
186.227234
181.799686
191.206026
189.712971
187.874499
181.767063
188.955858
191.149863
189.607623
181.700099
181.087588
184.296120
180.017376
186.126074
180.020407
184.593577
187.852047
177.598632
191.209393
191.260340
189.817209
189.751662
198.797146
206.757040
202.553595
207.822064
182.904175
186.259405
180.637127
179.591294
191.273267
189.767803
189.904156
191.957992
185.380014
191.655917
193.446184
189.226498
190.029612
188.369504
162.132372
162.790753
180.213268
181.252739
183.485134
184.829445
180.980060
181.861316
181.879469
191.485916
183.498504
218.733603
218.933372
203.971668
195.587761
219.461671
198.484197
202.990664
202.105571
220.912317
218.903470
218.701322
224.217635
217.259936
217.059798
220.882647
219.239937
218.584666
217.124083
215.385413
180.587477
174.390213
174.263635
169.808628
177.330383
180.953356
177.664994
169.095703
164.704776
192.625671
172.586831
173.113208
170.895811
173.039350
218.328464
206.654655
206.061032
197.453726
193.757219
202.036094
194.128083
178.719710
191.984829
193.992191
182.890942
183.664807
178.526002
191.884730
185.400176
191.000899
186.475990
187.998245
186.901301
182.462276
185.731558
191.583201
196.395145
205.863259
182.761746
188.274224
188.009806
181.690671
187.247315
178.034544
187.945041
186.440516
192.945620
181.437054
181.722588
182.136149
188.577467
188.032501
191.661314
192.193900
193.210632
183.722219
193.393377
183.360089
190.830611
191.651843
193.326360
183.858963
193.481125
182.472219
188.187237
192.566545
188.316477
203.831705
187.651977
203.783203
188.209092
196.481920
190.380836
184.694990
194.163267
188.781764
190.830512
185.420909
193.481513
195.288509
189.693643
192.176770
186.732402
189.775586
194.570210
187.841222
195.880842
194.088577
189.657351
184.699392
189.152028
200.101990
209.861912
196.603660
196.558584
201.824565
197.244070
189.304248
201.930943
197.966715
188.659567
198.779120
188.620287
194.549868
196.899616
211.466804
201.526095
213.820582
198.074788
197.979383
208.372930
211.650243
201.139148
212.409905
212.383506
208.797128
202.138355
195.039438
202.285138
203.584892
198.101110
189.574202
188.066760
182.897229
207.061273
209.930029
203.366737
200.096048
204.390570
183.083124
187.647567
190.388374
194.329786
178.940970
183.265292
189.439978
191.531994
199.978171
199.271816
181.716532
182.341837
189.133501
190.741717
188.480925
194.767483
191.284193
177.867276
183.692374
184.623965
183.294504
189.784465
193.808378
191.793920
195.563962
192.260334
182.439316
189.030655
188.204302
182.140696
188.025415
188.363882
197.472791
190.129837
189.787666
185.468812
187.995710
182.816925
187.134854
195.077142
194.391961
187.600034
195.328563
199.704695
194.459567
195.099333
187.541294
194.387396
191.866469
186.114629
178.582942
182.878151
182.773820
182.939332
184.949247
177.713603
182.174835
183.303438
185.383169
192.292062
189.129858
189.134454
197.856363
197.761814
199.154688
185.375788
189.819888
190.583389
186.193786
188.652101
187.191537
187.873680
186.516748
188.379807
181.165584
193.144584
193.309227
191.110791
182.950906
194.517354
191.256412
218.229132
215.583430
207.431664
199.095791
197.792419
207.535426
206.208693
214.345968
206.197911
207.443607
199.063798
197.760803
207.379477
192.956326
194.824155
181.987353
175.791141
181.779429
177.576317
176.571275
181.912173
188.029660
186.241045
183.744155
183.684497
201.888491
181.206216
191.621591
183.975630
181.256826
190.603076
197.559981
195.579798
190.476288
187.677639
189.839962
183.182620
187.084283
194.344213
184.214442
192.814066
185.686029
188.379509
198.294899
191.014454
190.056742
189.941479
202.753212
191.247347
199.482370
198.368335
188.813173
187.749525
182.447881
185.346554
181.000657
180.026409
175.011014
190.375822
175.853016
175.023687
187.387117
188.022698
181.792642
181.135257
201.146946
196.667327
193.879753
186.502804
189.039171
187.184196
193.586980
187.274479
186.103834
191.103649
193.509726
188.378138
188.382574
181.883894
176.111799
177.005118
182.691199
182.651958
187.125003
187.085763
193.610594
203.119316
192.796521
187.467421
187.985586
175.280584
174.336730
173.708052
189.030870
174.273225
172.659120
173.315649
172.507166
189.846791
209.575194
192.300007
186.409822
192.365008
181.891611
181.290014
198.223276
174.273812
175.926500
177.910936
176.664505
186.774214
175.874944
198.766864
184.787051
184.713804
185.473385
182.929347
182.247207
190.243886
188.450715
188.140383
181.867614
187.459749
194.630602
209.428419
193.937231
187.832598
180.281836
184.113457
171.661014
198.209622
176.955663
182.016649
194.035293
176.865447
181.303810
192.264434
181.722142
187.114337
182.096454
186.301441
179.611086
179.255633
178.555210
179.221883
179.207790
178.570616
180.339741
190.634277
185.477517
185.548164
184.388483
189.546847
180.027074
188.802346
178.764743
182.831659
171.832577
178.828521
193.260832
182.739917
192.671478
191.326566
193.008447
175.847953
194.322275
194.350316
193.152258
188.773566
188.030853
181.801907
181.079738
186.168611
193.336752
193.238079
188.131272
188.134200
194.206703
186.892207
187.676280
187.287735
202.300969
179.469870
186.205556
186.156956
194.276910
194.302672
191.024634
191.059174
190.635005
196.894011
196.926505
206.389507
195.372721
196.174986
195.473098
195.416434
196.974539
201.431994
193.400976
188.997735
194.198140
202.213560
195.212302
194.320643
194.378786
199.727689
199.651054
176.916826
176.645881
174.118172
179.443066
175.072092
181.772357
189.014219
181.546254
179.069932
184.703802
180.270941
174.351723
174.190316
181.513245
200.391150
186.257497
184.321269
181.272669
186.474001
180.515411
175.201880
170.762900
181.028011
182.807427
170.732057
187.990776
183.690807
171.476044
175.171546
175.915343
176.588621
196.964957
177.933491
192.002844
192.029196
181.479237
170.791130
175.912432
175.252259
169.060855
175.562882
171.613968
177.304934
204.494347
192.588152
185.398058
184.556462
182.677377
187.613225
186.167835
184.091278
196.702369
196.728707
183.422350
189.907077
202.501154
185.091687
181.270091
180.322180
189.621710
182.358782
182.162132
176.032584
178.728755
187.848268
181.518241
181.278049
175.180344
192.708646
180.543880
176.818349
177.807924
187.297483
187.314216
181.457422
182.293656
177.172467
186.364764
185.535933
202.908017
187.303912
187.650538
187.343731
192.103690
186.484745
177.732483
189.815783
192.465840
188.132818
182.855420
191.870091
182.618382
177.496911
189.572648
187.276023
182.745961
188.346001
176.188811
176.175631
186.966733
184.620239
183.677886
193.916954
195.000078
187.594753
183.640522
188.072305
185.554083
184.163124
193.526818
194.814667
196.004245
205.571728
190.889083
198.249614
182.728490
187.580632
187.517204
187.887792
187.171206
182.991437
182.999713
191.309123
176.918208
182.105249
184.755422
183.979441
198.247730
189.414674
189.257701
182.999338
191.555035
186.145267
185.433320
176.132245
187.976913
181.279372
193.693485
175.193366
181.275874
185.582317
184.817612
176.837319
188.004494
184.482774
191.412802
189.207552
189.052912
189.154933
187.948598
188.036167
181.025687
189.602756
181.984025
180.275457
195.810373
188.895840
179.601678
179.524026
180.308884
179.255538
179.328150
175.885997
181.033895
181.184682
188.648383
186.696455
188.377727
188.234396
188.113433
175.921166
181.069887
185.369358
201.209763
205.005403
188.344882
186.712467
202.865556
179.586455
180.377384
187.353618
175.098605
184.420419
192.155167
175.671884
186.015744
192.475595
179.441849
183.783861
180.715341
200.554673
181.969399
190.021596
199.801571
190.080923
199.723850
181.494660
173.408385
175.931683
175.162301
200.417575
174.331829
175.044934
178.022606
183.185806
194.194689
194.292220
182.151972
176.830410
181.326891
194.039454
193.028083
184.457189
184.411624
202.747130
203.871198
195.004659
189.150757
188.131075
188.459216
186.170413
188.371840
183.780825
194.947187
219.132388
174.327506
175.094812
175.094096
174.355598
200.730475
184.372227
180.330648
179.938922
179.202434
180.987134
177.818906
210.036380
182.136339
178.442021
183.045137
190.231132
183.884968
188.570453
178.450448
180.906834
182.084997
174.231634
181.857295
176.231980
185.860068
175.693724
176.743710
180.406538
181.124939
177.347884
177.329566
171.531192
170.507229
174.384473
186.921972
175.965156
174.909356
178.634240
180.622379
177.755264
185.490571
186.983273
187.816103
178.516758
179.511110
186.811197
175.591282
173.303505
181.811659
175.216868
178.500606
178.444375
180.264426
179.171624
173.501326
180.501319
179.607625
182.368573
178.455360
178.506819
179.512274
183.478303
176.622468
184.595982
169.838692
176.087669
175.846580
173.285634
180.206937
180.912312
185.362212
187.070197
187.106923
181.739596
182.556558
186.926179
174.237226
179.571899
179.434699
178.516582
185.458684
187.873873
187.783657
178.508873
179.459747
187.699427
180.329249
182.103549
188.284617
175.732421
179.471538
186.960784
176.726631
182.932398
186.169834
191.016326
190.148674
192.918170
193.445229
177.992890
192.312154
188.215332
184.209996
189.688679
188.966069
182.463452
194.335715
192.036582
188.149748
176.292513
190.631585
198.262272
189.274997
193.095478
189.921940
190.300475
191.754611
193.363583
184.219316
178.054382
194.237819
188.398230
190.203840
171.891083
188.057467
207.434067
205.870863
170.852085
170.827975
164.898650
164.745771
273.186615
157.867064
157.084297
158.274891
156.348198
158.070506
157.061065
158.767200
166.927618
163.233656
159.791397
159.664992
157.905123
163.295681
157.122732
159.666949
157.913063
158.733779
159.568738
159.554385
156.302334
157.819485
156.348671
157.920746
245.699686
242.735838
244.542241
245.076250
218.282412
218.167993
217.750906
216.703419
220.369672
201.005496
204.932978
195.228267
199.279459
204.948202
210.252746
200.509938
211.330346
210.171021
197.694590
204.331537
215.413934
207.372506
208.113979
199.153668
200.898578
216.531661
209.517529
183.588181
194.356233
185.697538
195.105883
185.698183
188.045184
190.392183
184.926498
189.490326
189.425617
183.214884
194.477407
217.393496
217.321118
216.903414
215.763719
216.100127
219.617495
210.221983
209.526090
196.881977
189.277857
195.827283
199.337322
194.471742
194.312618
217.887405
205.422384
205.504676
203.278417
203.010076
203.854639
220.221257
197.493626
219.453748
216.557924
210.159043
202.300911
199.236621
202.169456
194.651765
205.318677
203.100469
200.347534
207.438343
204.853265
198.961961
201.900887
208.445711
203.812007
190.409187
194.865318
202.087718
199.119640
190.337579
188.309046
187.880714
189.636704
203.273730
202.520468
189.191848
194.583779
194.089764
194.763687
205.794765
205.491069
205.437337
210.258076
214.936684
217.106187
216.053933
190.979863
193.725758
190.809389
191.715917
198.300553
198.228151
190.565448
194.079913
200.908249
189.657495
194.115410
183.137994
197.876550
200.389120
202.455277
197.497365
185.495354
190.142934
202.650468
196.266586
198.941374
198.678457
190.841296
191.816769
197.472015
202.050686
199.451387
195.903617
209.020909
197.781726
194.956233
214.132360
197.495705
192.956309
200.978954
194.292262
198.124965
194.290405
204.812275
192.675489
196.058365
188.308799
207.433835
204.251685
199.161939
194.360984
205.928273
194.758758
194.858706
195.445154
191.068867
190.069264
202.890068
200.816188
199.455551
205.647651
216.195697
199.999368
201.406364
200.487285
201.728717
196.190392
204.108894
199.008663
215.408871
199.708138
195.839063
194.302497
197.572448
197.058051
199.364354
206.560775
191.728936
193.902287
199.231635
195.980969
196.145160
183.326873
188.754871
187.600540
187.712401
178.552679
175.131413
176.003122
170.346583
182.745674
181.725689
170.403024
173.160838
173.896335
169.618347
169.673998
175.079077
174.315123
181.836807
180.384703
178.528004
173.281007
173.956744
175.025365
175.804200
174.161747
173.217333
174.368536
173.278308
181.947000
175.055671
173.304605
178.598153
181.433753
180.124984
169.228051
173.730201
179.424925
185.373400
193.164150
189.592954
198.599091
196.075143
196.213583
170.387260
169.655493
168.826402
168.095061
173.335789
179.717784
173.280669
180.564236
184.168443
180.765632
175.134433
175.254493
171.554372
171.803227
175.087079
175.160056
199.655953
195.877962
202.093347
198.093854
196.932312
203.096038
207.437497
210.682679
203.888396
190.160541
203.228865
204.356978
192.999739
207.647654
200.230085
188.809737
193.232151
200.266497
211.348961
189.177242
189.253103
201.882219
190.345873
191.099549
194.599881
189.927358
197.512972
203.383248
203.445589
191.157863
197.980839
191.007784
199.564485
188.209841
195.272914
190.718633
188.882019
199.538503
195.240852
188.991969
194.446389
192.661618
187.839864
193.467387
194.692903
195.454143
195.989104
189.690449
190.987859
193.646751
193.472155
196.024815
195.178711
188.215498
195.990492
199.782889
185.000980
190.268270
189.217297
187.072065
188.838665
185.529464
204.389342
200.345047
199.998614
202.119227
204.698716
202.462489
198.550606
207.180440
198.940302
197.894914
201.336631
203.572054
201.404343
197.423185
197.354615
185.563954
190.160035
205.705096
197.464018
199.213621
200.212383
197.903390
197.148974
198.199852
201.557543
195.182947
189.839773
188.182444
190.582256
201.729284
183.867509
185.652791
185.495132
198.580017
200.058096
197.199256
200.464810
204.881325
195.425042
203.542212
192.658262
204.591673
195.941443
195.226756
196.720699
206.534066
196.723990
200.095955
204.620028
195.055950
194.309106
197.233816
200.509350
195.463781
192.691326
184.351769
181.874682
182.943003
191.519941
183.895367
188.094156
188.416000
180.951073
180.239505
187.243636
185.241491
185.884489
190.566349
186.187192
181.973860
181.074483
182.821209
183.682076
189.788780
189.532818
188.852523
183.740441
185.594809
190.945551
183.632653
182.984076
186.489936
187.197000
201.529708
187.923609
190.609313
222.635379
214.048671
217.053070
192.494668
189.940355
185.805140
184.462355
184.250673
178.041010
184.617205
211.718846
210.706323
210.001585
212.702982
208.645276
183.806427
169.164843
169.155383
169.859040
193.428719
186.305971
186.497497
185.751113
188.098592
185.706500
182.219715
184.012239
182.621967
171.832650
182.779873
183.912662
186.305243
195.918957
205.039192
201.812166
205.068002
202.972353
184.527852
196.642416
195.500957
173.982779
174.871217
182.006840
187.329805
192.307493
191.193668
191.281462
188.038874
189.080640
177.561717
174.999182
173.981704
174.869869
191.218037
192.303708
177.620910
182.891065
189.559577
184.898788
184.899134
202.081319
189.613046
186.330331
187.367120
186.629100
181.965919
169.567648
169.211589
168.834758
161.396059
168.164511
168.218665
162.422568
169.874427
170.207203
167.472687
169.081209
161.475384
168.819400
168.847619
161.446574
161.423967
168.108442
168.196597
167.462984
183.657592
182.905836
202.910300
193.019716
191.836767
157.843403
250.655836
