15096.044810
15094.771756
15084.875183
15085.941736
15110.795394
15099.837569
15097.583986
15110.570889
15097.438697
15096.447456
15098.669428
15107.739465
15097.830152
15120.685685
15094.346346
15109.786359
15098.814855
15096.360920
15097.870533
15121.415254
15096.284700
15110.516151
15099.866318
15121.221764
15099.825710
15109.390102
15098.115449
15097.347565
15098.475616
15078.513496
15066.679860
15072.037834
15093.047707
15083.866685
15082.055365
15072.742179
15094.499071
15082.653760
15108.964574
15105.228744
15084.698511
15082.784629
15083.460626
15081.495492
15070.910412
15116.320938
15080.730041
15081.454532
15080.089001
15070.910259
15093.655187
15082.397387
15093.143487
15083.086244
15094.363782
15069.609534
15070.938582
15084.275544
15107.001675
15082.628934
15082.721142
15093.001500
15081.973762
15093.612370
15095.092951
15091.129992
15081.113166
15107.024392
15081.988168
15079.931697
15083.285733
15084.031414
15097.597107
15084.731626
15083.626547
15074.135359
15083.235000
15084.022670
15107.705307
15093.624177
15096.277043
15071.744895
15082.312183
15107.670421
15082.315193
15095.666850
15095.738332
15071.882374
15082.422955
15083.209282
15082.631862
15073.322801
15073.264396
15061.341432
15072.046943
15063.594971
15059.574841
15061.493764
15062.338389
15062.314992
15075.803611
15051.770830
15059.844125
15071.087771
15074.534123
15061.074649
15072.564213
15072.604961
15071.996150
15060.353327
15050.321075
15062.648590
15062.658042
15062.496903
15061.912739
15061.629156
15050.443724
15082.060418
15071.498526
15114.157986
15099.318718
15071.395226
15083.185962
15071.364454
15074.849849
15076.253755
15087.687490
15059.612291
15087.064097
15073.885822
15073.114325
15070.978762
15069.640986
15092.911348
15070.454043
15060.603920
15096.347782
15071.261170
15071.982965
15070.095020
15070.218909
15080.713545
15061.128966
15096.857592
15070.563290
15071.089906
15061.238835
15097.541091
15070.063058
15070.186425
15084.589902
15070.861023
15071.682954
15070.721377
15092.930059
15130.775412
15094.017794
15094.520294
15093.971724
15094.036668
15094.622934
15093.435571
15072.372399
15063.034198
15062.386456
15097.578247
15072.391636
15071.497447
15070.415647
15105.334992
15080.768573
15062.345329
15061.673724
15096.874988
15071.895292
15062.556451
15061.911142
15097.656015
15071.356627
15070.229946
15104.776063
15083.473345
15082.226512
15106.213991
15071.720135
15071.956244
15099.521323
15075.418497
15074.759980
15075.524683
15075.392247
15087.073497
15087.683627
15100.678952
15085.858859
15085.853497
15099.943939
15096.291129
15084.836700
15075.368542
15084.358432
15074.794968
15085.485486
15083.741171
15084.409970
15088.532925
15087.779550
15093.768040
15083.872093
15120.037671
15107.699736
15094.134594
15130.807607
15094.204326
15093.899638
15084.516767
15083.848622
15119.482617
15107.133230
15105.232461
15103.949159
15093.894769
15093.651606
15093.612097
15093.895173
15093.773047
15074.075744
15074.833461
15111.122739
15086.771137
15097.966703
15087.370166
15075.517778
15087.482561
15099.819164
15097.433056
15086.523942
15096.629083
15096.139756
15109.987975
15048.492815
15048.969547
15049.554750
15049.050703
15049.503629
15048.992789
15048.413391
15070.118980
15070.193363
15070.251399
15059.658719
15061.065823
15060.301559
15060.906957
15061.640978
15059.706654
15059.140823
15060.966801
15061.015412
15072.938435
15061.782192
15063.494807
15059.575049
15058.794316
15082.583699
15071.928221
15083.539108
15076.313084
15086.773674
15114.777957
15114.779477
15102.926365
15100.500940
15123.775649
15112.107887
15113.332373
15101.060488
15099.540825
15141.105008
15112.859670
15127.407519
15111.116041
15141.796700
15113.624513
15113.160620
15115.977586
15103.215788
15137.886654
15125.052146
15127.151527
15101.102868
15099.581526
15112.901173
15101.694316
15141.526882
15101.346268
15167.103103
15113.316538
15100.457721
15140.233403
15112.064105
15123.728196
15101.054915
15102.889186
15130.605451
15102.421811
15179.060101
15121.214043
15112.435883
15096.812889
15120.956007
15096.858541
15097.657882
15097.999692
15121.459597
15120.764732
15110.381775
15101.115095
15135.969759
15122.377200
15114.131812
15113.672441
15126.726869
15170.032411
15126.725820
15142.420983
15115.979114
15115.083310
15168.550279
15124.763290
15112.320802
15142.384634
15142.427914
15110.947030
15110.888599
15112.919949
15140.329090
15112.905805
15125.463959
15152.917936
15125.387825
15110.127528
15111.310349
15125.484091
15152.958161
15110.158799
15111.383577
15098.430144
15098.768561
15096.859243
15107.892772
15095.644020
15097.788827
15095.644022
15084.429146
15098.018469
15098.043616
15098.021310
15096.507942
15095.900334
15138.176026
15111.230026
15098.600154
15140.057535
15112.596472
15099.389552
15140.955453
15123.910666
15112.763755
15098.119982
15088.840924
15123.766093
15095.581877
15094.258105
15097.140845
15097.172101
15125.279666
15108.931076
15109.441607
15100.418700
15096.791982
15153.991740
15097.978123
15123.018314
15108.629216
15098.702815
15123.081404
15109.862081
15107.931934
15113.000772
15098.513462
15109.508882
15109.559008
15111.326874
15097.650263
15097.021314
15097.165073
15138.608944
15108.816013
15125.164269
15099.865881
15099.869273
15127.069610
15100.315263
15127.177207
15124.166218
15137.587057
15088.437626
15100.707924
15111.160236
15111.203971
15097.241608
15097.295844
15101.261722
15101.305255
15087.343341
15087.394924
15130.519695
15129.053976
15169.208321
15128.946597
15119.034138
15118.388261
15114.006239
15126.396439
15171.532944
15183.272675
15137.657316
15138.284356
15127.123460
15126.490407
15132.452061
15148.415727
15144.626151
15148.226147
15122.426849
15110.168368
15143.119845
15114.020473
15126.411460
15137.688205
15138.317566
15127.141259
15126.507903
15142.985916
15133.098310
15137.734395
15137.061279
15103.199109
15087.644103
15129.819837
15101.652883
15101.630008
15109.994928
15109.312636
15125.486207
15125.461096
15111.129547
15152.443591
15126.040767
15126.209282
15110.591142
15099.323329
15088.849106
15113.912286
15129.219794
15101.109502
15101.170959
15099.181049
15140.160738
15112.009854
15100.138081
15094.409522
15095.081304
15095.514158
15108.458698
15084.264331
15095.764742
15111.376481
15109.717253
15086.459795
15098.661266
15109.604921
15073.990408
15085.256988
15085.772918
15097.330651
15126.045912
15078.435498
15110.299756
15110.278709
15101.964481
15111.792028
15111.772735
15126.690451
15143.625487
15113.782449
15088.098613
15111.221841
15122.412943
15098.304446
15089.325561
15113.802160
15097.832963
15189.368404
15166.413283
15131.477037
15166.034806
15188.242946
15203.084557
15090.133808
15140.397459
15151.242121
15162.795308
15125.207090
15133.822576
15111.232758
15111.095052
15110.642377
15122.411071
15099.350852
15100.055619
15133.824405
15122.368553
15098.236544
15098.826022
15098.936921
15144.927389
15109.464867
15146.823854
15109.944074
15109.288111
15109.246292
15110.460832
15147.339788
15109.943168
15114.677634
15111.747650
15087.293996
15099.382084
15125.242057
15111.296463
15133.855905
15121.717653
15098.479783
15110.039180
15098.363343
15146.396736
15098.320909
15123.001531
15101.236817
15136.426713
15111.267601
15108.465042
15108.494132
15132.702847
15110.650711
15111.291982
15122.798749
15138.852400
15133.257010
15124.483135
15098.719180
15109.177103
15122.372324
15111.583759
15122.606951
15112.230994
15101.419290
15111.586400
15135.093239
15122.821494
15090.035525
15088.816486
15099.973693
15151.313603
15104.724271
15115.237215
15111.814015
15099.986893
15089.341183
15134.085930
15134.157414
15110.897563
15098.153578
15121.954354
15098.442412
15075.141965
15087.400441
15062.958459
15073.469461
15085.764713
15051.029574
15073.198892
15085.961693
15098.895752
15074.450080
15085.582458
15086.129616
15075.106659
15086.187073
15085.575167
15062.215514
15062.256407
15100.396522
15111.469968
15107.448233
15148.028927
15108.106871
15123.594272
15084.246690
15084.674011
15084.151697
15084.649684
15073.705984
15108.045709
15085.739863
15097.104508
15097.099797
15073.771776
15073.208611
15123.868437
15123.315142
15084.151863
15085.152164
15094.742003
15095.526415
15070.863658
15083.094612
15082.099485
15072.006036
15072.602042
15072.488936
15084.167907
15085.623798
15061.601527
15085.024259
15060.997864
15117.840673
15107.641302
15083.089504
15083.682035
15117.851757
15083.194995
15096.957587
15107.765244
15146.283925
15108.405096
15120.230373
15120.834387
15097.186093
15119.997786
15095.543768
15106.702261
15107.164586
15136.415432
15122.874369
15095.930914
15133.330123
15106.374524
15123.888070
15151.545067
15133.296924
15121.393781
15150.854619
15163.313791
15122.638819
15107.155041
15107.796347
15094.670837
15085.428657
15130.262570
15096.602721
15108.388288
15096.297449
15134.079601
15097.866246
15122.942622
15085.727893
15140.424384
15096.574929
15095.814747
15133.370732
15096.832227
15107.427456
15106.457494
15096.704598
15107.215787
15121.457286
15123.328466
15088.225717
15088.334955
15146.296371
15095.461505
15124.399016
15096.217510
15097.175975
15097.871511
15111.895211
15087.589164
15086.019100
15085.797066
15086.541448
15109.428656
15087.578116
15109.450981
15109.569503
15094.925397
15094.822079
15095.815973
15094.368318
15097.545239
15097.540621
15132.080352
15096.483951
15132.024210
15095.792130
15095.279465
15107.417280
15082.212835
15082.188209
15106.857140
15108.131202
15084.114330
15082.391581
15083.580466
15107.588814
15138.693101
15096.102719
15124.914863
15101.249184
15087.029721
15137.006502
15097.009570
15098.860179
15123.373100
15088.355617
15098.779277
15088.279320
15122.221087
15097.343794
15096.225782
15121.181315
15095.710465
15121.770553
15148.633131
15124.374482
15146.889111
15108.107940
15084.399508
15120.720686
15084.455377
15109.113956
15085.695561
15084.540466
15094.904303
15095.883302
15132.005130
15096.343868
15096.033911
15108.956168
15158.116332
15108.574923
15107.978647
15107.975038
15108.869985
15088.194551
15108.053782
15094.226354
15120.678497
15137.327110
15112.459211
15077.271299
15135.515138
15087.321643
15098.525123
15136.099986
15124.980295
15100.745191
15076.120143
15133.746104
15086.230345
15096.745428
15097.439010
15097.515670
15096.942956
15096.907531
15123.566180
15121.872919
15096.973242
15121.875821
15147.427358
15147.547168
15107.314519
15138.046019
15097.446632
15108.594139
15097.474497
15107.383357
15148.137022
15107.459564
15118.602124
15107.512621
15082.824152
15082.776561
15084.659845
15108.194756
15073.529086
15107.628804
15072.979109
15084.103255
15107.608349
15072.269034
15082.891573
15126.093918
15134.760304
15101.291317
15076.728037
15134.885466
15086.802843
15097.348363
15098.006642
15107.225546
15107.155228
15076.944257
15109.536260
15094.801797
15084.277949
15086.419642
15086.341365
15097.622376
15111.218751
15111.239897
15096.307087
15085.133905
15095.603079
15096.214392
15086.956210
15094.505455
15107.321341
15121.247496
15087.630834
15098.360135
15083.016639
15083.827230
15097.064554
15123.511491
15085.405624
15085.121552
15083.441148
15081.975519
15082.746796
15071.699627
15070.908781
15085.296199
15095.296035
15084.082417
15085.450097
15074.398612
15072.419273
15080.909488
15062.394625
15062.901806
15072.272110
15086.043061
15061.863699
15072.855722
15085.989210
15073.740826
15071.545227
15086.056633
15063.673110
15064.178681
15122.379804
15122.386477
15099.221450
15099.231767
15098.962704
15098.423513
15111.189682
15111.171271
15098.387917
15097.526318
15087.682519
15085.360684
15097.695615
15081.420535
15081.278698
15080.659666
15097.431343
15098.005575
15097.466327
15093.503356
15072.373221
15097.692030
15098.249133
15073.650025
15123.285450
15087.139603
15087.248619
15134.431153
15098.177144
15135.601934
15098.696159
15098.713654
15135.644270
15098.180670
15100.145107
15075.123436
15087.466046
15087.608172
15085.993039
15085.289778
15086.058045
15086.508620
15076.261558
15096.901895
15095.704740
15096.448174
15098.224333
15098.184352
15087.243803
15098.797199
15087.152866
15135.161007
15084.692991
15083.817295
15108.788977
15096.217195
15095.618778
15108.274774
15084.735353
15097.049201
15084.694166
15085.434326
15096.978240
15109.480995
15096.940462
15097.609257
15096.424808
15096.931142
15108.355066
15096.944742
15085.420299
15084.540610
15096.496149
15098.295422
15100.816466
15075.081342
15087.067789
15096.340243
15095.879961
15087.959658
15121.935791
15075.575106
15083.366684
15083.364369
15076.739266
15086.010953
15077.487267
15074.442429
15073.672095
15095.566797
15086.933503
15088.226026
15098.350370
15085.997534
15087.053118
15111.599297
15094.333022
15084.278440
15084.522622
15081.619586
15071.082589
15085.985321
15086.776389
15085.322905
15097.384998
15084.887188
15096.274506
15095.203498
15096.333439
15073.654277
15073.159956
15108.751564
15071.801660
15071.827488
15107.451645
15084.980890
15112.271242
15101.590704
15097.787974
15098.331766
15074.287107
15111.439571
15099.293292
15096.364450
15096.903866
15096.420641
15097.267872
15108.972942
15096.296318
15131.584177
15121.675184
15109.004023
15095.941326
15097.715701
15095.919073
15095.811862
15134.284443
15124.910794
15073.661525
15099.606485
15098.867987
15123.622213
15149.909791
15100.605984
15108.107232
15087.525653
15111.013153
15097.506733
15095.705156
15095.653004
15098.058861
15096.366784
15096.411308
15095.706890
15102.721086
15114.258277
15124.516960
15152.042568
15110.854600
15110.345593
15138.616457
15098.532185
15138.054193
15098.095433
15097.980062
15097.542688
15098.043239
15097.400841
15089.061398
15110.770197
15073.317313
15098.384250
15111.540720
15111.618889
15085.861003
15110.717518
15089.321825
15109.585572
15072.631712
15117.389254
15124.518796
15188.672947
15115.982315
15114.190553
15121.557048
15111.684128
15122.094937
15156.036642
15116.324501
15117.111226
15117.423872
15110.812739
15073.933465
15137.224994
15095.947082
15108.819023
15084.328251
15073.088161
15072.073789
15137.171342
15136.785559
15123.097053
15073.838822
15072.583729
15096.861609
15072.274338
15096.818934
15082.297799
15098.019724
15072.865225
15097.947880
15098.145878
15098.043633
15073.503750
15101.084912
15061.553350
15060.339984
15100.401950
15102.293094
15051.502481
15102.307800
15124.257357
15108.625916
15097.231023
15109.186928
15094.664727
15118.489375
15083.504145
15108.087735
15108.088741
15109.691433
15097.458841
15109.459990
15094.065894
15120.340417
15119.767575
15083.528045
15095.726392
15109.065928
15118.779792
15084.079239
15096.900320
15109.612262
15108.909451
15118.847149
15107.907883
15097.523028
15108.011371
15109.271406
15120.056568
15098.099018
15120.016437
15104.952509
15094.462266
15085.755614
15118.943890
15093.869183
15135.213521
15072.945022
15108.424997
15135.219429
15107.924770
15108.110512
15106.361701
15107.554736
15095.128150
15128.881082
15106.534396
15096.397714
15119.627280
15120.153631
15105.645416
15105.725054
15095.102843
15096.138887
15110.214258
15120.668241
15098.076581
15107.951498
15084.689449
15147.109416
15085.678227
15095.527545
15085.066484
15110.224743
15084.696353
15108.573908
15109.217798
15095.769534
15095.169138
15095.329954
15095.309821
15094.734473
15083.222496
15096.504280
15083.136344
15073.194506
15108.824795
15094.439083
15096.527322
15095.884168
15095.390566
15095.761820
15083.677221
15082.722028
15084.136472
15084.335532
15073.823185
15072.207909
15111.250367
15111.205775
15124.930354
15110.004002
15111.726598
15097.578042
15112.304787
15097.559840
15109.967611
15124.326162
15072.686830
15073.944524
15073.714197
15098.162034
15074.534404
15073.744092
15098.714365
15086.652116
15085.556528
15083.729009
15085.372178
15085.871051
15086.511304
15074.666719
15075.827251
15085.059163
15125.320493
15097.524539
15087.108762
15097.174518
15096.016520
15074.320439
15096.644036
15100.267770
15086.027817
15108.047744
15084.818402
15097.618402
15107.316525
15106.841319
15084.810260
15096.999137
15097.426016
15071.815851
15073.682125
15097.484295
15073.705691
15123.621990
15085.501468
15081.591415
15082.154537
15082.623769
15083.845086
15108.163067
15084.387872
15108.613509
15107.402458
15083.185080
15083.587337
15108.024049
15083.263599
15083.655455
15083.081640
15107.989513
15083.688674
15107.979837
15108.825123
15109.323455
15108.440528
15107.354689
15093.187857
15093.646212
15093.631455
15093.598699
15093.000905
15094.235499
15106.069742
15106.548666
15106.559872
15071.442350
15094.763360
15084.262966
15110.866923
15094.737102
15086.371180
15096.879984
15096.288628
15107.383536
15083.216560
15083.678469
15083.685826
15084.287970
15095.378359
15070.372050
15060.879452
15072.765271
15106.846402
15100.605007
15071.526300
15111.755081
15101.037702
15122.948565
15100.742801
15099.283806
15099.401575
15098.115891
15100.368311
15100.665319
15089.079412
15126.242177
15076.754339
15087.700951
15111.169204
15094.446309
15086.124452
15085.997134
15085.661108
15086.137892
15094.435276
15125.019534
15086.768409
15107.844040
15086.164407
15084.983483
15073.636185
15084.338045
15063.669457
15085.324614
15072.516408
15073.543370
15084.353646
15083.679613
15083.251740
15083.917075
15083.758398
15082.046436
15106.121549
15106.655062
15106.754880
15107.274585
15084.232935
15084.852154
15085.397922
15101.210606
15101.211159
15086.682458
15120.950875
15086.034419
15096.060866
15107.970817
15096.776349
15098.469906
15070.300003
15071.054631
15121.126899
15083.222055
15083.720210
15083.257722
15085.619084
15061.758659
15085.600090
15062.304287
15085.033234
15061.703029
15072.469930
15074.088568
15109.589382
15073.369344
15073.998232
15074.094684
15097.310149
15097.793171
15098.374168
15137.303683
15177.993086
15139.463753
15112.669507
15123.919011
15100.236465
15100.497066
15098.201018
15112.599451
15123.172786
15098.976287
15139.583840
15108.183788
15099.759236
15098.160873
15142.139749
15150.903498
15136.775815
15124.216256
15125.035652
15138.923972
15112.188585
15123.389735
15099.751830
15139.184527
15100.012340
15108.438846
15097.697264
15122.929749
15111.698380
15163.768878
15139.122175
15139.138189
15112.597154
15123.127528
15099.759208
15098.141742
15123.750594
15113.848855
15106.678226
15108.919926
15107.063748
15094.577387
15097.722911
15095.683599
15095.709152
15084.494994
15093.375439
15097.426589
15083.375389
15085.494572
15085.499058
15112.007412
15096.426156
15095.504278
15084.265074
15093.249085
15096.642284
15083.249842
15141.542268
15126.377461
15122.197567
15136.855127
15122.157013
15088.008072
15096.829524
15097.285689
15097.484244
15098.510483
15084.666494
15084.458049
15083.015501
15097.307612
15086.801962
15085.340164
15085.644616
15083.620630
15083.028192
15097.118255
15098.083112
15097.834809
15098.012595
15110.091711
15098.509511
15110.047923
15094.776368
15122.900843
15099.020069
15097.367225
15109.625188
15098.966402
15108.801780
15108.363244
15109.537410
15109.503126
15107.212306
15097.284518
15093.680250
15108.927939
15120.515979
15108.982796
15108.290818
15098.332647
15097.925084
15108.937170
15098.382724
15070.321572
15096.777783
15086.430149
15093.914395
15094.561953
15120.314150
15096.838047
15086.447645
15117.708573
15081.589025
15096.351071
15081.582876
15095.196515
15106.873693
15096.500586
15083.216492
15108.607773
15084.586079
15094.500954
15096.685033
15097.889784
15109.103330
15096.941175
15094.890539
15106.262993
15095.830516
15083.010490
15094.254770
15083.055038
15118.118282
15083.611713
15093.115358
15107.582475
15092.948251
15131.235667
15107.992945
15085.112551
15119.568181
15085.701489
15095.191416
15095.036167
15095.483020
15086.374449
15120.152406
15086.963992
15096.478590
15096.323728
15120.227945
15073.159893
15108.237837
15073.672823
15084.449214
15083.793727
15122.535300
15099.966255
15097.909529
15097.200522
15098.168449
15096.944658
15110.651941
15098.385721
15119.005912
15108.636926
15087.295605
15109.653445
15110.741483
15095.399776
15096.696096
15096.075826
15097.885344
15106.752655
15084.571352
15084.324431
15072.226361
15083.328017
15098.039280
15086.255762
15098.273248
15098.182379
15085.269049
15085.534903
15083.510229
15072.266808
15083.344138
15098.550390
15086.225918
15082.752440
15082.768908
15097.195984
15131.718833
15132.868412
15108.354707
15108.345326
15107.807303
15121.442932
15109.126258
15109.154947
15109.676525
15097.042112
15097.202527
15097.901065
15097.684276
15098.889201
15098.748536
15098.569098
15086.260988
15088.490364
15088.430209
15097.716996
15107.769177
15108.339509
15076.181682
15076.120866
15087.184376
15087.100897
15096.555658
15107.023723
15107.634060
15132.963444
15097.699659
15108.099627
15088.173955
15112.800187
15116.865038
15097.487557
15073.816292
15064.009085
15063.265349
15073.834480
15061.668438
15073.996577
15071.655804
15119.280617
15131.069991
15140.138747
15084.507715
15083.831835
15087.010492
15097.050642
15095.785445
15094.094949
15097.288514
15097.048744
15083.276741
15094.198826
15084.204233
15084.206195
15083.518920
15082.248313
15084.522867
15084.338113
15071.457339
15085.081282
15082.449552
15094.916507
15083.838396
15083.630146
15085.666083
15094.354349
15109.218641
15087.956638
15088.268790
15085.815215
15085.630634
15073.314541
15108.118196
15119.175780
15108.082346
15107.347937
15107.207807
15094.216536
15119.176500
15117.742844
15104.220660
15123.348888
15096.642700
15122.621694
15153.890473
15121.399374
15109.961279
15110.536939
15109.363707
15109.292633
15085.193605
15164.461944
15121.943783
15110.506551
15119.881084
15109.073941
15121.104961
15121.042514
15137.387831
15082.996358
15082.374462
15083.964512
15083.267807
15072.126929
15082.108142
15122.740795
15109.111287
15102.321074
15123.780767
15140.229066
15124.120893
15140.053464
15149.817980
15113.311556
15126.867364
15123.826967
15129.510058
15138.918968
15138.202613
15126.124862
15124.018620
15123.369409
15112.845373
15114.403244
15114.184662
15129.602299
15155.356333
15135.474621
15123.849930
15149.680163
15123.580959
15138.112511
15149.679900
15122.903810
15138.098495
15136.348850
15142.196621
15124.580634
15156.262733
15109.202531
15102.284920
15130.646121
15085.117523
15083.763474
15083.071737
15072.362135
15081.954820
15109.813980
15109.014495
15074.569862
15074.383657
15083.328843
15071.984635
15138.713241
15101.698134
15129.395291
15112.224112
15113.795290
15113.577611
15129.456032
15129.701819
15126.859676
15139.577516
15111.241779
15110.657412
15094.998151
15095.644820
15096.914740
15119.070541
15083.430237
15083.484500
15111.468649
15113.744732
15112.059110
15113.725777
15112.608656
15112.170482
15110.084762
15112.906209
15109.376067
15102.127693
15113.419222
15112.272962
15112.314931
15119.258802
15114.260708
15074.222031
15101.966651
15128.401192
15118.142703
15131.411628
15130.356017
15129.348340
15137.288270
15125.355552
15089.767464
15110.590485
15115.132233
15117.747782
15111.014958
15090.272193
15100.279096
15124.045537
15107.778410
15108.944355
15107.038995
15110.116909
15108.853029
15099.140713
15120.646238
15085.256177
15096.465221
15085.292725
15096.413974
15097.346150
15085.238192
15095.940486
15096.685437
15084.261348
15084.239865
15097.458962
15098.328023
15097.513232
15096.670863
15095.381519
15084.446580
15095.552999
15094.347528
15096.387223
15094.470355
15105.092172
15095.860489
15097.163324
15094.534929
15104.328273
15106.363839
15105.444897
15108.048420
15108.296499
15120.393734
15104.925374
15094.207074
15105.371431
15094.227496
15109.665668
15108.245874
15120.026152
15118.900471
15109.201519
15121.350832
15107.372800
15108.283265
15107.927841
15118.480336
15107.801020
15094.269408
15108.226259
15107.063941
15096.344585
15095.428211
15107.941924
15107.680385
15123.350707
15111.805101
15112.419709
15110.060816
15109.723525
15098.145913
15107.851515
15109.159800
15098.080050
15110.750925
15119.898071
15108.494536
15119.564380
15094.967324
15107.002404
15105.794638
15105.010916
15130.761127
15120.651954
15095.095976
15132.458241
15095.800966
15107.050369
15095.883312
15131.022559
15151.047817
15085.609139
15110.608992
15121.525991
15119.785716
15097.644826
15122.721274
15109.706649
15096.437655
15111.489965
15110.071163
15111.817360
15112.681795
15153.352993
15101.063610
15110.722504
15154.128325
15121.534963
15099.576234
15098.819386
15141.084710
15088.824524
15111.404264
15141.335256
15099.046039
15125.644455
15123.335113
15149.298475
15135.547710
15124.457475
15123.733643
15113.601195
15122.745467
15126.489151
15126.461270
15124.653442
15135.842191
15109.148327
15110.424927
15138.177273
15138.135044
15112.413566
15124.187536
15125.650799
15122.567106
15126.789417
15098.026883
15120.742978
15098.617892
15110.292895
15108.681863
15110.108023
15108.683231
15106.022348
15106.750156
15106.800722
15108.064722
15096.026180
15108.043743
15096.748038
15084.127948
15095.321519
15097.018205
15107.670148
15100.482619
15099.575133
15136.548076
15135.345694
15098.771828
15120.764743
15109.210712
15136.253501
15099.018216
15098.099670
15109.474270
15109.721068
15096.167228
15107.336831
15112.054129
15107.705829
15085.493431
15110.681690
15119.865319
15123.302879
15111.686680
15096.662690
15110.335444
15122.650406
15111.188906
15085.469248
15120.339835
15121.619847
15099.190404
15153.745503
15110.165543
15108.903251
15138.526187
15162.838205
15131.947675
15166.679563
15098.872059
15154.332890
15110.769144
15122.272093
15150.752981
15148.230949
15149.605148
15059.699559
15059.024588
15096.391427
15096.415964
15095.853334
15097.142945
15086.692421
15097.063316
15111.733959
15094.648208
15097.227097
15086.300856
15097.253814
15086.803544
15123.698599
15123.775459
15113.286819
15125.605458
15085.554078
15114.516983
15126.207397
15086.859729
15153.835240
15124.277841
15086.072464
15084.963849
15110.824371
15109.483451
15139.102898
15140.764684
15140.574471
15141.488901
15111.315216
15132.333792
15100.495275
15099.844353
15137.740618
15099.601815
15133.720249
15111.729462
15123.367761
15133.661716
15111.058152
15135.398386
15134.837272
15120.985886
15109.868612
15149.841858
15112.896360
15148.309459
15124.199080
15120.772957
15112.066098
15122.135537
15121.598339
15121.666540
15129.410097
15096.648612
15086.026227
15120.280423
15085.983472
15098.961662
15095.964453
15095.749696
15084.607479
15110.476484
15111.240958
15099.498511
15098.303239
15097.145272
15097.103098
15106.426809
15086.038894
15086.066640
15047.725236
15082.758409
15069.734853
15071.484620
15071.001886
15070.946356
15071.535729
15071.054329
15069.823029
15069.723121
15070.395057
15070.215616
15072.024915
15071.568106
15070.975095
15071.541651
15072.159196
15071.120792
15071.645790
15071.025843
15049.080477
15059.098314
15059.081240
15060.273298
15060.288599
15060.955069
15059.737569
15072.957110
15072.360742
15100.427899
15071.725168
15071.610675
15082.726284
15082.167376
15050.329675
15060.903653
15049.090211
15060.946699
15059.712632
15126.683214
15164.721868
15112.180253
15101.985469
15111.158510
15111.146462
15113.766005
15112.841230
15113.751184
15112.311993
15151.644801
15089.551919
15125.089192
15098.832379
15153.116501
15125.610185
15110.857658
15111.585836
15125.205200
15100.164435
15110.987581
15111.674052
15098.817327
15098.752276
15100.117100
15125.617323
15063.732095
15051.844797
15082.528970
15082.500298
15083.268437
15082.462052
15083.078310
15081.888377
15095.573230
15094.479234
15094.190940
15094.794858
15071.589240
15072.197688
15106.896427
15108.014106
15084.318622
15083.033668
15083.635605
15070.351730
15070.960680
15096.894849
15071.724957
15081.594517
15082.425285
15082.473690
15071.461211
15096.772555
15071.016315
15080.884408
15081.065034
15084.074505
15083.520709
15123.874104
15094.451926
15095.094330
15071.756856
15072.343668
15108.101586
15073.073030
15083.490558
15113.737024
15102.273815
15115.316230
15079.099909
15078.411418
15090.082461
15089.396557
15065.262547
15088.123960
15103.042330
15096.629985
15076.564453
15071.447575
15108.739103
15098.275440
15073.951149
15083.451113
15074.563149
15096.831684
15084.038393
15095.456279
15083.351448
15072.140751
15094.151596
15072.050960
15095.543826
15094.737529
15082.037837
15096.250590
15074.413006
15084.280118
15095.459589
15097.642945
15086.231800
15103.675406
15129.047179
15129.673625
15129.048889
15129.632461
15129.641037
15130.558006
15150.043247
15140.992862
15110.979445
15133.770008
15129.926539
15127.990857
15145.675928
15146.208766
15127.923437
15116.219420
15103.672949
15128.465831
15128.973899
15128.989723
15128.438598
15110.328317
15112.583744
15109.844511
15124.259515
15111.766443
15114.576088
15114.586871
15115.479177
15149.825982
15110.379679
15127.119842
15114.630572
15115.781811
15122.227141
15112.223730
15114.600581
15115.694966
15114.561037
15114.620402
15110.997628
15113.816319
15146.818948
15112.898443
15111.445726
15114.605239
15122.257477
15112.287519
15114.644795
15083.769822
15083.733317
15098.309575
15083.093543
15097.150751
15095.775206
15123.019213
15098.452089
15108.996586
15095.904112
15095.251631
15106.683359
15097.186398
15122.482626
15086.688140
15097.575119
15086.540088
15098.508284
15094.553083
15095.231780
15109.249249
15084.405433
15095.165892
15098.804624
15085.604770
15097.068104
15136.329991
15137.549769
15132.581423
15108.209320
15097.839475
15084.963131
15120.202529
15098.298014
15110.604536
15109.832110
15096.451803
15137.973417
15096.568541
15109.783078
15110.852424
15121.041845
15107.281816
15107.386192
15109.065250
15107.151584
15107.056204
15109.040918
15096.609526
15107.781981
15120.713642
15095.911473
15107.101839
15106.576097
15105.875154
15097.600108
15086.462410
15110.391739
15109.660820
15084.403249
15095.883403
15097.917506
15096.496870
15083.645615
15099.511938
15087.279308
15087.817808
15110.558825
15088.314544
15086.068918
15098.470316
15086.622404
15099.019328
15086.461623
15097.786873
15097.408177
15099.255511
15111.504043
15114.198780
15123.729128
15113.503566
15112.197840
15110.294322
15121.048061
15108.458267
15108.508223
15109.677916
15122.223848
15106.545588
15104.495940
15107.829558
15094.604923
15118.309012
15107.918603
15137.353905
15097.941571
15097.661867
15110.194385
15108.339700
15099.111063
15122.466492
15099.931931
15088.346285
15088.999779
15096.109440
15096.168069
15124.469576
15101.103308
15085.744560
15096.000431
15086.322516
15109.581184
15101.752504
15099.081118
15089.776984
15111.176383
15127.213426
15142.365773
15143.524779
15114.460236
15106.251141
15121.346826
15137.212646
15184.725163
15155.256520
15126.654680
15114.188795
15144.358137
15137.796938
15157.003437
15143.582005
15139.735258
15116.733460
15129.935849
15130.302577
15117.127236
15173.653305
15170.207576
15154.459813
15141.236122
15162.529599
15153.817238
15140.593078
15169.288736
15129.591381
15161.499771
15175.978127
15161.429794
15146.881548
15143.027373
15162.143038
15130.235107
15155.255522
15118.325897
15131.554048
15151.262479
15138.143278
15153.013587
15129.767685
15146.069055
15141.187625
15130.291551
15130.383825
15129.783211
15146.349762
15106.123947
15138.592248
15159.539404
15174.146986
15173.630484
15188.754882
15127.125973
15160.253815
15160.364241
15129.139731
15145.407710
15088.097836
15111.975169
15145.529841
15136.166430
15120.651972
15120.661605
15113.278169
15114.057196
15130.060036
15115.811342
15130.380346
15099.431704
15076.883790
15085.595986
15109.316297
15098.979668
15110.037625
15084.871010
15084.220070
15107.905470
15097.572805
15114.561532
15142.708149
15115.243709
15114.858396
15115.638644
15141.465301
15128.294018
15136.915878
15136.997715
15114.665229
15104.809157
15100.059148
15110.165323
15111.262154
15149.457338
15139.085074
15128.978493
15137.977199
15115.154813
15105.277233
15084.767455
15096.808996
15087.275994
15097.313559
15087.379887
15122.404385
15088.162291
15089.352763
15101.583589
15130.497135
15097.169786
15110.338011
15097.894560
15097.737631
15096.485553
15084.475905
15087.206763
15086.530008
15111.547283
15097.201572
15085.189005
15095.887785
15086.521190
15086.562153
15098.399570
15110.684153
15074.510874
15074.551132
15095.310356
15085.318609
15096.524030
15085.248196
15095.203370
15108.068503
15095.777260
15084.273409
15085.160847
15086.576262
15073.115672
15084.618058
15096.503748
15095.173416
15099.094043
15097.156270
15096.587396
15096.160281
15093.581281
15093.619621
15096.376263
15082.426552
15083.107170
15096.774328
15093.970742
15084.501068
15094.954671
15084.926155
15095.991259
15095.745399
15096.079448
15096.236012
15121.061597
15120.775196
15083.670520
15082.992483
15083.668380
15074.156294
15084.723764
15074.036998
15096.677070
15108.428761
15097.817844
15126.312397
15099.657998
15109.967976
15111.281510
15095.988628
15099.086165
15110.146141
15099.061026
15099.317387
15098.041572
15121.986138
15099.171277
15088.126366
15101.297206
15108.750878
15108.077435
15107.427014
15097.092267
15083.150951
15083.829526
15096.568739
15096.023271
15108.078391
15096.293242
15108.769512
15094.199268
15083.007100
15085.306469
15107.660849
15097.476228
15087.094420
15107.614939
15106.433605
15092.295283
15082.324113
15094.340810
15095.026383
15084.092011
15083.347273
15106.984865
15107.541024
15084.079140
15097.061402
15097.136573
15096.892222
15072.888882
15086.486289
15118.394820
15084.585432
15095.241230
15094.088174
15095.778627
15107.400314
15107.975264
15107.349149
15074.660956
15096.122123
15109.698130
15073.875835
15084.520469
15084.430314
15083.306409
15108.963478
15096.787867
15095.191160
15084.543727
15095.692252
15085.264100
15094.422085
15084.718634
15118.584427
15122.888326
15095.034486
15086.599605
15094.372758
15086.001038
15097.526601
15094.677647
15084.522029
15095.624466
15085.205971
15094.357659
15096.020701
15095.246723
15084.656107
15106.761746
15095.818271
15124.768800
15097.926618
15098.630263
15099.429220
15087.034388
15097.728875
15097.729026
15108.318652
15095.084428
15094.942610
15094.298496
15096.342457
15096.557165
15096.237756
15094.453738
15097.602209
15095.003241
15097.305283
15082.169993
15071.060226
15081.999159
15081.892041
15071.494199
15071.081200
15070.995629
15081.961045
15083.628590
15070.931978
15084.482055
15083.164604
15071.658054
15070.901949
15083.480839
15072.354262
15070.370033
15071.705762
15070.401316
15085.527221
15121.360732
15075.555680
15084.047017
15096.921627
15085.621783
15075.020113
15071.621607
15082.797842
15071.624100
15071.571909
15071.038346
15070.996875
15109.566302
15099.391176
15132.921140
15109.303330
15083.028307
15099.171823
15072.869552
15072.225305
15069.694721
15070.386943
15060.894302
15070.913100
15059.856996
15060.271845
15069.608330
15069.796094
15107.190756
15081.608072
15094.107792
15082.559188
15081.561747
15083.970223
15083.780206
15083.006253
15083.090551
15094.198918
15081.259964
15082.415732
15083.227030
15083.358813
15085.215334
15085.023721
15083.567084
15083.620596
15083.675375
15097.199918
15082.854718
15071.599937
15070.966044
15083.747445
15097.501718
15085.527762
15076.051659
15086.133781
15075.485082
15095.593249
15084.467725
15094.978739
15120.720160
15093.058737
15083.325812
15084.560272
15083.469500
15096.510005
15093.083505
15109.222481
15122.502784
15122.772804
15085.096226
15084.467900
15093.822593
15083.084359
15083.872519
15083.248624
15081.833020
15096.974371
15083.744603
15096.803767
15108.552587
15084.840131
15085.433154
15095.972199
15074.231711
15074.155423
15094.680665
15085.201499
15084.975360
15093.381737
15082.194004
15095.604084
15094.374368
15096.876812
15090.920847
15083.908906
15083.723877
15080.910004
15098.578870
15112.266998
15084.900457
15084.852179
15111.026605
15109.586932
15085.881568
15086.555979
15156.027098
15141.963912
15124.024187
15163.919308
15114.890272
15114.240930
15114.905202
15114.229629
15095.262830
15099.150867
15108.310089
15095.454979
15111.467209
15095.531390
15094.980669
15099.660264
15110.905357
15094.361324
15098.135027
15099.332882
15111.004009
15100.060419
15088.091936
15088.601135
15089.025392
15085.298185
15095.784685
15094.867932
15095.744544
15096.694282
15119.012181
15096.881240
15138.425992
15084.712202
15095.198993
15095.114247
15097.278909
15095.224745
15096.953138
15140.857208
15127.683800
15098.227459
15085.208242
15082.861294
15072.861833
15096.795465
15082.692811
15072.122476
15092.616328
15082.692040
15081.472539
15082.713685
15107.695888
15085.535589
15071.648871
15061.652467
15094.442588
15083.305072
15072.645480
15083.268245
15083.263814
15082.112357
15108.301343
15083.795921
15094.919467
15082.554876
15072.600686
15095.445762
15095.556518
15108.863067
15085.214659
15085.152136
15096.035484
15114.253118
15124.179962
15111.263388
15101.027092
15139.912795
15112.038783
15138.053069
15110.817811
15110.691108
15124.614768
15112.155880
15112.496993
15112.759583
15133.712086
15109.526140
15145.801731
15127.077287
15099.725346
15110.008840
15098.412059
15110.702032
15099.637498
15110.014632
15137.801254
15098.341559
15108.714641
15112.058350
15127.538680
15089.544998
15099.466893
15100.107115
15087.456170
15072.975127
15062.965103
15077.023478
15088.732921
15090.415747
15104.228149
15102.268934
15101.618705
15104.362183
15101.325821
15115.149248
15110.875215
15103.270950
15102.518606
15114.291937
15110.151751
15087.233895
15108.621983
15085.915110
15130.203107
15111.142192
15129.463565
15127.302237
15141.248161
15086.517312
15084.632941
15142.173850
15128.173239
15126.601039
15113.923031
15125.900192
15112.999697
15155.166569
15130.636459
15144.659350
15128.712074
15125.913983
15155.691552
15100.575314
15082.772794
15076.286265
15096.891335
15072.735854
15096.182280
15083.967144
15097.851583
15113.502045
15098.112122
15098.790239
15099.355546
15109.946396
15097.591497
15096.179817
15108.584684
15109.087807
15108.537030
15106.257624
15143.918953
15106.209807
15150.485626
15140.092854
15126.071326
15126.723834
15128.313320
15101.725206
15101.045696
15100.243027
15100.881557
15104.141744
15119.585099
15133.624627
15101.484398
15113.294007
15125.219625
15082.774934
15114.205417
15108.238328
15108.319577
15111.563713
15113.788445
15110.438804
15110.534042
15112.072613
15077.315326
15131.963358
15166.454123
15150.836153
15168.270540
15150.639861
15150.907770
15144.828705
15063.793947
15092.645845
15063.149337
15063.215099
15062.466795
15061.107060
15061.538066
15061.700560
15061.048191
15075.424953
15119.072585
15143.110148
15144.095119
15141.872007
15120.451737
15085.868714
15095.511278
15094.842914
15071.876935
15097.576360
15073.799551
15133.976284
15135.855626
15095.141861
15096.276428
15107.417020
15121.842928
15098.065337
15120.759470
15121.772608
15098.382189
15121.544907
15109.743852
15110.490502
15111.671698
15111.079134
15137.255674
15122.138433
15122.888368
15112.348241
15113.417364
15112.836211
15133.485458
15148.036853
15133.526026
15109.895227
15109.339748
15124.702152
15140.756229
15141.508103
15200.194648
15179.451132
15146.212493
15146.186791
15115.699646
15147.439445
15147.413534
15116.967099
15159.136625
15158.611105
15167.801458
15130.914076
15200.829398
15189.567143
15161.179768
15155.025785
15146.534262
15143.071612
15160.655210
15161.384386
15178.452139
15143.576267
15148.594224
15177.356037
15178.169220
15176.845418
15178.730778
15145.723598
15115.825598
15145.234307
15156.992809
15156.950551
15127.106128
15157.750878
15157.709521
15127.843918
15193.551269
15216.135824
15142.240596
15158.515622
15159.061933
15145.494589
15142.508324
15171.896103
15170.631331
15172.441222
15170.104765
15154.459968
15146.009488
15142.504670
15155.619702
15177.899393
15142.380331
15143.009697
15144.219097
15157.857029
15158.445170
15158.628676
15141.552999
15158.104942
15130.410868
15162.665629
15162.155076
15133.948113
15140.114391
15183.846789
15183.373779
15140.771137
15138.244646
15145.279603
15115.887322
15144.776083
15155.890480
15154.516349
15115.557810
15155.849234
15126.516319
15154.144168
15154.088326
15121.870781
15122.554360
15137.824252
15126.772355
15127.338875
15144.200250
15114.769110
15143.686036
15117.227865
15166.221545
15127.590348
15127.623258
15127.262005
15145.026772
15144.496468
15165.345891
15216.209657
15192.999517
15164.655558
15199.893684
15165.703932
15128.198651
15127.528607
15128.936042
15199.480425
15212.638073
15203.751133
15070.335644
15069.670685
15070.253433
15060.526028
15059.921288
15059.879648
15095.477720
15061.061790
15062.482916
15061.773319
15062.443003
15071.465886
15096.163141
15070.362025
15071.577069
15061.128694
15082.716687
15071.415273
15070.931888
15083.420529
15069.694201
15070.324491
15070.321417
15060.588065
15060.083807
15070.393057
15061.090422
15071.500795
15070.325334
15094.868345
15062.311185
15061.701861
15061.156714
15072.605582
15095.452293
15082.266168
15060.401455
15059.583079
15060.858141
15123.198221
15125.270426
15097.515283
15083.550698
15072.289219
15108.620812
15109.370571
15107.674056
15108.387267
15123.232953
15125.319877
15139.549844
15096.222257
15096.960923
15073.412896
15072.036116
15077.311667
15101.177173
15125.395609
15112.229836
15099.353778
15108.734084
15112.345226
15100.613934
15073.910947
15073.720146
15098.191360
15095.091945
15097.995832
15098.581224
15125.798086
15125.797512
15140.389447
15112.242828
15099.377469
15108.760285
15112.374454
15128.776873
15112.205195
15100.628014
15138.936472
15095.028759
15096.182299
15139.620777
15072.871578
15097.412899
15061.608903
15095.702241
15085.000387
15084.343613
15096.078039
15084.833748
15095.001380
15084.999917
15097.860766
15073.789124
15085.493026
15132.669695
15117.018454
15111.431819
15126.440502
15119.462492
15131.144710
15116.003512
15122.858689
15155.675766
15170.792212
15131.954626
15116.760506
15132.210108
15117.105536
15140.520767
15071.965213
15070.801442
15070.068467
15070.740553
15083.165670
15071.408028
15070.318340
15083.240224
15072.184575
15071.002583
15070.359833
15071.485956
15071.524334
15070.390695
15082.053668
15071.371923
15072.578703
15107.193280
15107.182873
15083.369207
15082.143741
15095.308213
15070.755554
15070.902373
15072.090007
15071.372391
15070.726184
15085.179006
15085.241373
15109.767942
15086.557847
15083.620308
15085.198778
15084.648542
15098.271424
15083.591899
15084.604399
15086.204439
15084.379905
15073.074215
15085.077616
15085.971301
15071.334736
15070.811936
15084.883021
15083.085156
15083.775512
15082.326864
15109.497861
15097.707607
15084.651884
15085.916360
15108.562440
15110.454503
15109.170971
15107.787337
15110.246527
15113.460311
15110.132398
15102.349533
15072.272032
15071.676414
15072.802013
15105.368133
15072.156222
15081.501489
15082.606904
15082.021391
15082.981323
15072.206919
15071.668733
15070.163867
15051.583241
15051.031942
15048.469819
15060.441541
15050.878253
15052.128700
15105.935902
15094.829458
15094.367225
15072.668611
15072.207823
15073.338986
15072.792446
15073.388853
15096.553769
15049.840076
15050.488743
15126.332769
15070.552940
15058.579602
15083.320451
15072.134126
15098.219497
15097.455137
15111.014401
15097.543947
15107.807842
15111.014525
15106.523932
15096.390621
15084.357264
15085.917291
15085.693397
15086.313980
15085.440620
15129.929721
15145.682567
15130.184802
15130.853202
15114.729422
15154.078726
15139.563309
15128.172125
15101.323979
15133.949487
15112.178767
15140.388268
15083.093434
15072.107805
15083.761598
15086.280351
15098.763296
15085.790232
15110.809824
15110.666585
15085.085637
15102.475083
15102.402517
15097.506281
15100.367090
15127.804896
15101.107044
15124.273011
15112.752042
15111.106223
15111.354648
15138.287354
15111.103307
15120.093860
15101.740094
15100.603598
15111.644153
15111.697297
15138.700284
15111.486604
15098.180568
15087.022229
15085.123363
15127.529725
15116.281663
15126.936729
15112.043849
15110.707289
15129.024121
15112.621865
15085.346801
15111.037271
15096.315174
15127.628410
15093.866569
15086.673308
15098.198623
15084.553814
15109.952553
15085.348711
15096.791187
15139.181721
15110.535784
15099.655388
15088.611938
15108.385280
15089.532783
15096.476052
15087.423664
15111.053478
15112.348397
15100.833301
15109.713464
15098.707008
15111.077994
15098.915301
15098.571178
15098.371466
15085.084219
15096.495217
15096.387352
15096.482081
15098.141403
15098.454179
15083.997077
15084.770726
15084.776001
15096.377060
15094.825497
15096.501106
15095.714664
15097.783043
15097.470154
15083.350452
15094.995709
15094.842726
15097.236074
15093.934525
15097.435487
15083.973395
15094.901143
15097.638313
15084.266040
15097.668865
15084.268614
15109.351073
15094.789845
15093.046707
15094.227500
15095.926624
15097.166927
15097.125458
15093.344322
15097.364950
15083.378517
15083.889322
15084.568333
15101.554691
15109.924464
15121.868870
15112.697627
15120.552931
15096.828658
15110.005555
15096.827955
15121.933436
15120.609078
15121.460556
15122.060470
15111.824320
15122.502049
15109.747007
15096.235022
15112.692544
15112.278893
15111.740233
15114.641394
15114.908813
15143.275342
15116.233020
15140.385141
15138.952806
15125.923197
15123.760413
15127.923909
15142.601443
15140.427249
15138.954897
15128.447269
15156.598721
15085.608005
15096.185327
15110.026411
15109.973075
15100.344604
15100.946953
15084.994896
15097.379733
15113.186439
15113.419667
15141.460814
15102.390112
15101.973567
15112.910540
15140.954596
15112.774450
15100.624900
15110.864353
15111.546486
15126.580875
15084.704470
15086.720989
15087.041565
15086.273893
15101.846324
15099.873666
15096.765475
15096.631996
15112.237513
15112.367309
15126.105912
15111.670355
15123.370518
15111.535788
15134.274230
15112.051006
15110.776096
15110.982203
15109.498296
15110.066246
15108.383878
15112.424674
15111.861546
15112.432567
15109.728016
15099.428698
15100.306376
15086.007229
15087.999074
15088.320874
15086.359162
15116.514384
15127.686081
15096.873873
15095.572031
15112.904449
15139.678250
15140.293414
15096.104778
15095.393337
15108.422284
15121.639888
15094.133938
15109.320942
15108.847738
15107.179909
15096.668246
15085.957495
15108.673032
15113.989086
15110.213531
15140.937456
15125.056890
15114.613848
15110.275388
15109.928554
15110.086088
15109.841949
15108.165375
15088.333798
15098.219919
15107.135002
15107.655973
15110.461357
15109.978693
15108.414631
15096.956943
15133.319456
15120.508019
15109.849595
15109.883968
15105.203578
15107.159001
15095.675459
15108.749750
15097.175085
15108.412161
15097.818308
15110.761951
15096.718632
15084.330974
15110.106816
15109.386864
15097.159385
15110.743197
15097.499537
15088.129582
15101.638043
15101.486863
15100.621535
15095.844335
15100.012670
15109.651619
15136.734261
15112.379574
15112.417874
15112.072396
15084.550345
15086.606047
15086.942238
15101.731373
15086.265828
15098.088999
15100.082759
15139.516826
15111.986848
15100.412826
15140.756338
15112.598507
15139.148056
15139.104459
15111.690182
15111.121112
15113.032832
15102.097488
15100.319247
15100.284616
15100.560038
15114.280769
15112.353494
15114.969099
15115.460794
15114.738024
15118.726088
15082.179821
15083.925008
15084.621598
15081.600505
15082.232573
15082.928574
15082.741468
15087.897960
15096.900210
15083.474010
15072.239624
15095.678016
15095.467586
15094.408215
15083.393389
15082.041263
15108.469379
15112.420356
15071.582863
15082.181081
15082.159622
15082.615290
15082.639115
15081.586909
15083.330930
15082.845661
15082.740591
15081.570960
15082.711585
15125.587946
15113.676073
15123.584246
15124.797523
15110.944514
15110.987558
15111.532511
15097.922564
15086.149057
15075.541093
15086.049266
15085.340153
15086.591969
15096.701382
15106.651486
15074.905452
15085.384598
15085.809447
15086.006655
15085.193268
15083.407669
15083.484480
15099.445715
15099.521296
15110.522696
15112.764081
15130.139315
15103.165514
15125.266711
15125.309866
15111.906070
15084.973561
15088.125173
15109.464829
15085.011982
15097.482534
15097.383885
15096.723677
15132.668934
15110.096796
15097.016063
15095.721387
15088.163213
15109.501350
15100.123051
15098.293298
15100.569524
15121.881448
15098.914659
15085.012321
15107.420182
15112.601310
15112.027749
15133.853035
15132.148700
15084.953251
15107.418478
15096.655311
15096.039544
15124.690979
15095.043240
15083.728704
15083.098117
15121.993358
15121.286199
15126.902121
15084.351640
15083.044777
15125.399838
15098.378160
15110.225202
15110.815097
15101.767737
15112.846880
15113.755754
15139.428121
15111.001376
15111.021898
15110.486213
15128.393210
15116.775541
15085.762512
15075.288043
15110.609968
15123.800469
15127.273615
15085.551464
15108.843982
15095.660568
15095.557675
15097.059345
15096.492998
15109.817815
15094.352557
15138.580282
15095.511111
15094.897116
15096.423429
15096.376409
15110.397371
15098.817689
15127.552072
15099.371322
15083.739972
15084.452865
15119.969691
15120.629473
15097.307023
15097.939033
15097.329058
15085.488146
15124.886463
15072.847710
15096.758994
15083.997238
15082.722983
15106.669284
15083.679599
15083.675766
15073.505264
15097.470261
15084.638094
15083.390957
15107.856949
15083.145090
15115.835837
15137.030101
15102.146437
15078.282798
15126.323203
15089.944432
15136.839939
15112.618404
15084.057400
15085.240564
15096.539315
15097.161668
15083.172061
15083.215655
15095.705068
15095.827394
15097.278498
15096.287932
15097.433077
15108.259205
15087.832356
15087.880054
15073.840874
15112.441760
15111.390332
15116.415148
15074.410392
15116.991683
15085.928122
15073.190145
15113.039310
15089.626934
15098.613829
15101.242378
15128.691035
15166.686454
15124.041934
15138.431881
15110.389164
15111.040974
15113.655134
15111.565214
15126.057433
15110.687856
15106.451713
15106.558943
15098.036760
15098.131996
15121.731161
15096.005683
15087.282485
15087.403930
15111.022506
15108.151025
15110.136895
15109.541479
15107.763864
15128.422272
15138.061913
15096.342462
15107.012980
15096.466883
15097.018873
15106.936365
15096.554962
15096.207902
15109.504933
15114.577427
15105.844027
15127.614879
15122.918164
15114.100076
15122.837527
15115.291986
15114.050324
15128.623653
15150.803957
15138.607798
15139.354060
15121.600028
15122.363921
15123.156624
15123.814089
15126.461179
15112.581399
15113.238641
15115.812594
15165.926869
15099.496102
15141.081127
15112.247747
15123.548620
15108.027378
15125.955756
15098.165601
15098.587262
15140.148062
15111.401255
15121.962684
15125.134645
15126.974874
15083.788154
15152.639252
15110.328171
15099.805914
15095.985155
15110.360240
15109.443280
15110.258938
15098.380807
15127.656970
15084.508865
15096.363109
15138.285637
15109.431297
15095.160354
15108.906325
15137.547105
15098.683165
15099.431855
15098.876586
15109.644064
15121.145528
15152.230786
15134.714954
15098.620183
15098.576188
15110.075547
15134.457441
15125.293096
15112.534913
15111.270562
15138.980553
15141.756762
15152.025112
15110.586052
15097.390245
15096.280183
15096.624790
15106.679333
15097.466466
15100.123342
15111.185027
15122.613011
15128.267855
15085.107479
15114.783121
15125.085841
15137.015646
15152.286504
15112.270902
15113.043313
15110.460400
15138.795179
15111.828547
15139.511013
15138.259295
15110.073295
15125.776980
15110.174438
15110.838564
15152.301817
15110.465630
15127.634409
15086.471722
15114.850951
15124.869591
15111.240909
15142.087725
15128.400961
15115.599507
15113.744528
15101.079271
15100.367569
15101.266929
15111.461702
15151.357163
15138.014363
15140.284568
15137.722062
15143.281756
15111.604697
15127.536040
15138.608752
15157.243951
15124.459828
15136.291273
15134.621978
15157.732546
15114.371313
15159.181484
15129.217989
15143.710997
15112.803108
15126.139978
15112.414758
15124.597169
15137.678065
15142.354091
15156.434428
15127.490535
15143.204445
15111.778473
15100.699821
15085.678699
15097.979847
15099.159442
15126.394960
15103.224157
15099.378817
15108.364420
15109.505964
15096.832782
15138.375021
15108.557630
15108.950805
15154.010221
15108.684242
15110.531168
15119.493127
15121.124149
15111.020081
15109.375364
15149.500846
15125.783864
15113.712710
15084.353716
15085.031762
15083.409130
15083.305891
15088.564884
15141.002359
15126.397635
15137.545480
15138.188026
15097.197070
15113.743535
15097.273677
15097.293054
15084.788035
15107.977671
15108.633591
15096.908245
15096.793907
15123.794537
15087.354529
15123.138208
15084.909064
15097.873662
15131.028934
15108.570837
15108.592712
15108.490417
15107.548113
15108.034853
15094.833030
15094.805627
15087.364932
15122.451284
15110.594133
15097.940246
15097.913629
15120.469519
15096.519284
15086.066164
15084.764048
15108.729388
15109.359000
15109.393002
15097.532981
15097.517551
15095.820763
15111.292157
15121.558085
15147.713940
15107.679288
15120.780491
15109.649934
15096.786952
15096.785907
15121.274455
15123.613264
15112.632120
15086.854416
15098.194978
15099.382943
15076.583462
15112.419135
15074.839594
15086.583903
15134.426884
15137.490315
15109.903763
15108.688704
15120.220335
15110.300450
15062.190905
15072.189807
15096.177613
15097.958335
15110.450654
15096.448454
15121.929749
15112.048137
15062.869938
15096.807479
15098.613764
15121.251080
15122.961838
15132.857388
15123.091607
15085.011368
15085.761470
15098.297597
15109.316145
15136.443420
15072.872488
15106.693432
15117.710022
15104.943231
15105.539499
15105.031340
15099.436534
15100.137884
15137.843297
15098.607044
15099.700523
15110.483999
15110.626495
15143.992662
15134.224841
15123.288676
15119.467233
15109.878543
15110.003377
15110.063808
15099.575939
15128.947813
15100.724605
15100.728865
15126.085949
15073.682717
15073.908570
15098.304072
15125.238028
15087.005763
15087.619573
15124.016177
15125.737292
15086.546565
15087.701614
15108.395100
15071.690679
15081.642025
15097.617171
15097.598688
15084.548942
15073.178259
15083.149720
15097.362224
15098.537678
15105.382653
15085.149335
15084.271766
15093.926042
15072.702180
15082.658797
15083.974455
15107.902881
15107.367180
15108.528184
15118.976776
15098.142808
15072.955765
15082.907564
15093.241593
15108.871669
15108.887340
15094.582430
15123.391058
15124.637448
15095.720694
15095.859279
15125.212964
15125.882447
15096.401404
15130.500663
15095.319357
15105.219890
15104.497073
15092.865883
15121.030945
15093.493747
15125.186002
15125.890825
15087.513585
15108.493898
15119.578848
15095.227117
15073.545056
15073.167552
15125.306534
15088.257167
15088.350946
15083.496606
15118.432393
15104.387497
15119.506715
15104.885565
15083.705446
15105.708243
15093.791861
15084.388652
15093.197396
15094.983691
15092.470655
15100.954268
15075.787162
15087.746262
15101.279070
15075.517921
15100.010118
15085.544777
15095.560180
15107.368904
15096.173012
15133.043065
15119.800983
15120.880013
15111.026695
15121.655293
15111.030131
15121.661992
15111.303562
15086.681237
15089.235517
15114.920444
15154.299094
15144.411796
15170.143263
15141.990061
15159.844626
15156.053619
15113.008996
15126.761242
15152.586066
15136.088129
15113.400011
15140.818041
15124.321357
15168.363144
15114.348655
15125.777098
15167.520850
15148.829869
15156.030682
15135.005135
15123.176181
15126.064642
15115.174347
15115.435307
15167.726403
15125.690598
15158.433497
15114.993430
15184.207518
15152.473655
15126.535796
15140.329614
15156.472541
15142.392058
15114.333873
15125.776909
15167.516656
15148.799071
15141.991033
15126.062001
15115.157183
15115.417593
15167.720301
15125.672750
15152.484594
15152.494562
15126.547615
15140.328360
15112.285528
15126.639895
15137.481232
15115.305408
15103.765867
15125.547219
15113.574820
15110.988259
15112.318467
15126.316650
15110.600332
15109.807905
15111.858117
15125.821049
15139.493175
15113.042894
15111.776283
15112.285824
15113.226459
15096.860999
15109.902476
15109.375681
15085.334171
15096.177971
15122.987339
15121.378198
15152.656897
15135.136284
15108.497989
15107.322313
15134.002490
15138.532079
15110.741053
15120.336345
15110.143309
15108.331847
15110.265385
15127.846540
15110.348491
15138.740069
15137.391519
15119.306473
15107.597651
15097.092266
15097.668276
15136.666515
15108.646074
15097.204237
15119.152704
15097.419032
15107.656889
15110.132965
15125.551814
15126.817817
15109.285528
15114.727045
15115.653305
15101.675798
15114.351460
15140.178323
15124.231146
15110.215773
15116.266380
15104.630823
15124.959186
15125.559682
15141.319874
15124.892267
15166.598385
15138.655332
15135.419802
15125.848857
15109.486433
15096.388484
15097.567074
15124.240372
15115.518176
15125.519521
15139.272682
15121.171626
15121.899545
15122.555752
15124.695454
15113.215828
15113.871921
15115.957986
15113.054388
15139.695057
15123.785215
15101.322225
15141.755983
15125.834238
15112.416975
15139.039937
15123.134552
15141.064859
15099.319420
15109.093951
15102.021257
15089.762920
15113.539003
15072.040162
15087.649199
15087.671728
15114.284085
15094.445906
15071.464603
15100.837356
15111.899428
15108.534632
15108.502407
15111.922961
15085.820744
15108.498065
15085.877336
15077.201235
15087.655147
15088.358552
15098.787689
15088.644751
15098.555425
15087.537638
15098.142842
15131.583370
15132.858832
15130.126789
15135.172274
15132.184947
15155.962917
15149.172875
15144.665099
15138.492797
15164.394933
15138.516536
15113.801000
15124.367332
15111.742248
15123.022525
15139.536389
15124.385236
15123.655578
15137.372268
15141.585306
15128.997309
15113.789907
15114.607510
15141.572707
15140.075808
15137.898614
15142.182688
15165.859451
15166.143984
15148.677185
15181.613268
15166.070025
15179.813501
15148.618993
15164.178671
15183.425913
15164.252418
15129.120430
15130.375214
15152.708554
15151.762999
15138.572083
15118.533052
15131.719602
15143.530954
15133.733070
15161.271256
15139.034159
15152.873820
15153.681734
15156.908020
15140.466217
15143.788305
15144.904398
15148.749860
15148.209731
15114.871900
15129.462005
15132.743404
15127.713973
15142.808322
15143.261607
15126.549566
15127.848469
15103.318867
15111.319690
15088.112783
15100.490337
15086.548589
15096.600871
15096.864725
15097.607341
15113.548012
15099.996812
15118.048398
15099.816367
15085.964360
15088.653838
15099.189924
15083.408619
15106.628086
15083.545908
15082.220550
15083.411301
15084.833026
15107.980712
15085.344561
15083.035626
15082.976098
15083.641284
15102.744405
15109.703739
15097.605896
15121.441611
15139.094368
15110.041394
15108.537575
15099.123206
15138.410168
15153.047641
15136.044458
15096.596444
15098.365704
15120.030928
15097.176516
15111.454617
15084.874514
15120.400159
15118.299694
15107.247386
15109.026381
15119.773090
15107.822179
15105.672084
15095.763065
15108.581175
15119.242783
15082.974659
15107.200475
15093.566464
15111.593073
15100.336789
15105.747712
15121.255994
15096.121230
15106.744140
15122.130974
15119.921003
15111.368098
15096.226209
15106.849765
15136.039610
15122.032862
15136.679452
15122.048320
15098.191635
15108.575362
15107.033228
15110.209065
15122.220446
15106.355391
15121.300666
15094.727148
15105.370980
15108.831441
15095.521736
15108.116814
15119.231692
15108.147067
15123.944550
15123.902816
15096.218462
15083.507282
15106.587690
15107.341461
15105.604535
15095.070751
15119.546631
15117.879263
15103.978842
15094.082392
15107.505051
15105.449057
15106.738639
15083.380052
15083.160186
15083.638124
15096.350383
15093.508220
15117.012747
15080.880004
15082.075483
15094.933353
15095.337670
15118.733794
15107.181027
15108.903739
15107.749043
15097.385388
15108.527842
15094.573205
15084.678216
15097.877229
15080.838249
15096.581320
15121.215998
15107.512623
15096.094964
15104.745377
15138.815471
15085.040687
15096.444011
15094.818628
15096.108678
15110.699834
15096.808272
15135.499463
15097.922564
15087.736834
15120.390755
15087.274360
15097.767614
15096.630585
15093.651988
15139.195910
15095.383963
15096.687756
15106.830942
15108.531978
15094.406995
15095.667807
15107.913111
15085.701184
15084.654736
15108.457573
15086.275472
15085.150156
15151.133338
15108.513736
15094.950425
15119.903635
15096.241128
15095.115100
15095.639467
15110.845931
15109.705855
15097.606395
15109.943776
15122.589766
15109.500115
15165.486541
15167.235309
15097.527533
15107.913557
15122.911257
15111.908288
15097.519358
15123.681086
15136.571783
15098.660055
15108.565681
15107.878716
15086.247036
15086.023393
15108.140034
15109.337548
15097.539128
15095.741312
15095.780795
15097.827277
15084.589038
15098.295733
15095.964199
15085.154177
15096.650978
15098.059463
15095.658982
15108.829012
15120.640049
15083.524801
15083.311092
15071.531637
15098.642767
15096.545718
15085.019698
15121.863758
15121.788033
15097.606014
15137.502539
15138.620865
15073.588688
15089.214754
15072.868442
15087.995828
15085.036876
15084.399914
15094.990205
15093.255194
15082.712138
15093.447828
15093.567888
15094.395392
15106.371665
15083.294452
15082.748956
15072.063211
15094.071145
15071.513979
15094.543902
15137.823303
15077.661753
15076.444940
15134.831336
15126.661063
15102.225731
15110.021729
15121.881319
15112.708167
15124.678982
15127.002714
15150.692726
15112.486014
15111.786222
15127.356474
15111.415748
15110.698146
15134.398953
15109.205339
15109.851088
15111.934125
15085.517659
15085.516836
15119.199010
15084.583366
15095.095997
15096.402422
15095.859380
15095.179825
15092.262519
15082.300729
15096.902737
15097.245182
15084.422831
15121.676024
15140.776345
15141.381399
15126.263829
15122.520979
15111.723733
15112.002360
15137.121693
15137.132820
15099.664322
15099.617735
15114.289368
15110.987804
15099.964079
15120.734211
15108.242106
15136.932477
15144.935568
15109.875620
15122.011749
15108.881227
15105.881805
15149.440486
15096.167508
15118.247980
15107.601782
15122.627016
15162.557929
15136.866347
15126.885913
15137.749136
15097.757419
15099.318861
15110.345267
15121.435543
15099.603266
15111.582538
15138.449634
15136.355896
15162.610681
15123.184568
15120.174407
15098.439846
15109.576290
15109.207512
15094.210105
15137.707708
15097.312071
15109.271563
15109.470652
15150.055454
15108.172778
15111.585506
15122.093899
15135.720252
15125.345886
15113.201841
15102.679305
15061.661715
15112.902630
15098.652466
15127.021563
15108.217398
15108.295468
15107.742553
15163.346121
15096.822400
15127.012898
15084.957145
15096.828131
15085.164412
15127.073731
15163.950258
15127.586562
15084.882815
15112.402309
15098.628394
15097.052250
15096.480558
15096.472146
15127.073422
15125.844639
15123.142424
15134.677277
15112.501400
15152.842115
15125.036611
15112.112301
15141.293006
15100.289581
15111.129459
15100.417119
15098.801497
15098.713431
15107.927815
15107.357353
15107.349177
15146.244702
15096.419550
15132.079083
15096.371956
15110.415004
15098.176498
15138.572375
15124.514235
15095.919729
15095.903821
15112.459664
15098.794868
15098.757601
15109.570279
15123.815002
15109.557718
15098.738376
15113.501629
15098.726586
15131.770477
15153.614210
15148.881104
15142.798420
15099.436128
15098.900368
15113.533479
15102.197893
15112.829664
15123.139875
15124.041123
15123.753253
15113.291377
15124.608245
15123.204443
15112.769495
15124.062351
15112.868160
15099.987750
15099.938351
15097.318559
15097.271694
15096.003329
15098.108135
15099.269619
15095.948146
15096.945295
15088.340125
15087.959477
15087.447354
15109.930490
15109.693552
15086.156061
15097.648485
15085.093359
15127.785170
15073.949493
15097.910064
15085.796494
15097.715414
15084.626459
15105.785422
15093.721611
15094.198304
15097.633674
15108.862943
15096.639280
15138.724874
15085.397666
15085.976133
15099.753706
15083.372779
15098.497382
15139.857060
15086.077571
15097.520550
15125.173475
15111.344103
15088.161120
15099.187821
15114.891175
15088.562306
15077.012311
15111.620083
15137.912615
15097.980300
15108.940720
15111.612064
15111.057039
15097.907307
15108.881499
15072.937198
15082.830283
15082.978359
15096.587671
15096.556060
15107.063898
15121.269021
15098.978519
15096.956391
15106.963189
15098.669601
15095.235818
15095.326263
15108.247047
15072.333196
15109.348306
15098.326062
15073.221354
15083.679481
15098.704863
15137.499105
15098.616849
15098.784548
15111.481927
15086.569694
15084.818123
15072.767087
15085.973489
15097.196975
15083.064245
15083.239211
15063.835594
15084.403117
15085.107956
15099.452838
15063.218786
15086.478257
15085.768745
15074.292455
15109.956347
15073.693993
15111.997862
15111.440064
15125.498814
15099.982469
15099.426805
15084.767831
15083.727613
15084.338498
15084.456226
15087.502175
15098.506614
15072.317432
15082.961587
15084.271722
15095.776077
15072.894944
15073.626872
15098.202998
15098.641732
15109.029376
15109.266641
15096.312259
15072.267803
15107.368737
15096.300295
15096.115918
15083.834449
15083.095924
15061.917016
15096.349890
15073.263445
15073.893745
15086.406864
15125.099793
15073.043231
15083.854094
15108.192898
15097.485201
15124.529023
15110.746703
15125.654952
15122.239886
15108.841606
15083.729250
15085.573427
15096.895411
15136.287700
15084.979787
15084.244508
15119.491244
15083.742802
15107.461328
15122.580170
15135.677594
15113.586173
15123.082310
15082.880660
15113.502974
15136.665984
15097.590583
15098.224114
15098.318138
15081.623459
15071.229639
15071.753356
15071.162524
15094.695516
15092.091212
15081.528868
15081.385404
15081.356523
15106.125996
15120.598857
15095.481001
15095.451259
15106.494825
15082.594904
15119.246742
15082.677127
15082.543561
15107.399010
15120.643578
15106.693337
15095.246708
15072.508036
15083.088707
15083.696410
15095.836601
15083.856312
15072.763518
15094.857754
15107.149563
15083.522550
15084.319072
15073.175790
15093.903626
15118.192985
15107.560114
15082.213152
15082.904978
15071.807384
15117.494448
15106.202172
15122.905468
15070.904141
15096.238571
15094.128840
15105.960620
15094.035914
15105.783049
15096.942006
15081.449371
15107.176710
15106.002666
15070.384488
15069.776739
15096.051877
15093.892776
15095.050557
15094.470871
15131.224562
15081.712837
15082.336821
15070.354921
15095.712517
15120.732573
15123.459975
15109.046411
15084.346451
15107.913223
15085.497647
15085.427719
15085.246421
15074.320991
15085.930167
15083.252167
15098.684362
15087.611072
15087.690679
15087.783840
15135.689281
15135.718526
15098.806875
15098.246000
15106.501462
15123.281344
15114.161250
15124.044479
15085.212864
15085.299022
15124.221145
15072.731385
15129.619378
15114.988924
15097.112766
15086.283926
15111.670330
15097.229087
15126.783092
15098.211055
15087.362985
15111.232952
15097.611655
15086.742900
15123.480267
15093.639028
15123.873001
15095.561131
15095.543697
15123.835786
15086.029919
15110.037022
15108.920461
15097.456296
15085.669144
15083.633039
15119.372562
15071.738044
15085.353980
15083.074028
15083.098593
15081.678524
15129.110765
15099.173875
15098.077397
15115.833172
15123.577099
15124.091353
15126.035662
15125.484968
15086.590261
15086.330634
15126.259923
15086.232168
15086.952839
15098.566784
15096.906668
15094.950694
15096.638564
15086.889087
15110.216622
15100.041816
15084.915267
15108.828422
15098.031083
15086.357082
15134.611568
15123.751570
15088.341345
15123.347820
15088.655072
15086.605799
15110.522926
15100.340564
15109.510534
15088.204062
15109.994953
15109.395551
15096.086051
15096.070699
15099.146700
15098.527612
15112.441412
15134.602529
15112.326412
15127.055827
15123.033404
15135.285531
15125.539008
15137.132242
15141.136663
15115.989219
15099.552640
15099.506290
15134.822531
15082.146533
15124.160335
15097.557412
15096.231044
15085.292594
15108.048151
15084.019340
15074.746163
15110.318293
15111.038163
15096.877008
15133.998938
15135.101985
15095.819673
15097.009430
15135.919018
15072.919225
15108.682127
15083.067462
15082.984586
15094.100883
15109.236554
15094.292498
15094.844978
15129.326474
15118.692368
15094.085710
15108.138970
15094.329997
15093.721382
15135.242262
15125.490723
15124.354232
15086.479759
15098.070906
15109.837026
15099.601054
15094.740287
15095.428293
15150.657286
15149.861845
15149.925296
15120.195429
15119.604024
15123.637623
15087.941301
15138.966966
15094.354255
15094.937678
15109.627533
15082.504035
15096.297065
15082.699500
15095.207455
15107.460643
15118.169506
15082.303239
15073.209499
15073.917604
15109.460532
15096.944870
15072.165245
15072.429875
15085.289832
15109.719830
15110.409828
15123.356755
15124.553743
15085.218008
15125.292654
15098.147728
15073.180575
15125.167083
15093.786946
15083.841276
15108.498658
15096.120056
15083.165697
15119.838182
15083.115748
15072.215691
15094.805652
15107.270706
15094.580617
15093.059678
15135.689808
15092.418762
15082.546753
15093.800673
15094.352639
15108.204450
15082.652404
15084.495056
15084.399568
15094.667957
15084.705080
15096.507828
15122.497252
15097.647043
15083.384058
15082.763432
15082.836045
15082.326404
15106.695032
15106.165169
15107.700698
15096.146588
15073.409225
15097.982144
15108.617021
15109.238468
15072.780755
15107.873996
15107.304461
15082.831557
15072.855197
15108.794232
15096.044365
15107.986311
15108.027244
15107.723600
15095.464971
15072.834388
15108.523261
15107.324575
15135.148218
15134.525958
15072.352012
15083.324306
15083.286110
15097.534809
15098.191063
15133.987708
15132.805525
15121.358974
15107.360373
15083.453098
15083.401551
15095.477595
15072.822164
15072.927258
15072.906524
15072.844958
15107.188352
15073.470979
15086.708618
15086.093539
15097.754901
15098.427167
15075.720727
15099.341397
15100.773944
15114.149080
15109.794247
15121.237524
15086.529435
15112.444404
15099.899631
15107.078347
15095.843209
15096.810939
15109.147243
15120.577430
15111.313239
15111.197378
15113.696002
15087.732597
15113.676961
15125.149514
15122.652294
15089.643309
15114.629735
15126.481254
15128.825215
15104.491362
15104.918329
15108.986041
15119.056586
15122.790699
15111.137282
15111.604625
15111.601026
15133.717879
15110.531583
15110.286867
15099.761745
15099.385529
15138.896841
15128.279952
15113.545067
15099.145446
15127.177059
15127.175483
15102.681485
15113.617895
15136.730165
15111.677829
15111.100091
15140.135088
15132.850499
15146.881242
15130.675494
15115.938920
15106.749449
15096.552243
15111.078884
15123.958718
15112.303886
15100.076544
15130.889421
15084.970135
15098.724911
15098.992724
15096.051135
15100.491893
15100.766209
15138.799924
15124.672721
15099.899161
15134.402436
15121.539201
15112.133865
15108.024970
15113.078690
15124.657157
15126.021226
15111.260819
15113.496603
15123.923777
15135.489933
15136.276598
15109.739086
15110.819905
15111.120451
15134.234681
15098.123558
15120.611034
15111.169455
15135.435453
15167.059473
15100.828548
15124.560557
15136.144135
15100.135926
15111.150332
15100.748614
15111.239580
15097.303532
15097.945963
15153.563672
15110.846684
15115.642898
15098.868565
15100.264530
15140.472128
15100.581379
15151.647690
15153.444479
15109.708509
15111.153864
15127.429427
15135.610120
15126.740159
15146.641693
15111.080710
15111.420573
15110.024176
15122.718324
15108.911609
15120.645431
15099.609923
15136.038577
15133.758742
15109.029540
15099.638159
15089.031593
15150.867577
15121.914004
15163.015024
15122.509151
15111.018407
15122.414416
15122.107333
15111.869908
15151.893522
15099.964229
15100.842979
15152.255501
15122.101670
15106.672220
15111.083362
15121.165368
15122.016276
15110.305526
15106.896666
15106.157221
15097.105853
15132.131528
15106.467362
15111.502425
15152.451016
15140.367805
15088.057586
15110.233098
15111.129814
15120.722893
15136.976361
15136.929705
15141.064251
15111.522356
15099.403538
15088.783029
15099.536590
15096.845085
15096.950230
15109.095479
15119.621900
15096.860619
15096.614348
15119.500295
15097.410063
15096.771361
15096.182203
15109.024538
15106.597383
15096.156480
15096.547580
15119.426580
15097.343192
15111.872737
15163.470911
15098.854612
15122.621942
15116.499330
15099.787159
15101.182992
15138.178517
15096.465642
15130.586222
15116.761373
15101.431380
15100.035316
15101.116311
15121.194617
15100.178980
15126.413491
15124.698741
15133.114566
15114.055888
15113.537028
15133.068155
15114.658169
15113.528321
15125.813550
15122.612203
15111.441483
15147.320598
15137.563879
15146.032421
15102.679434
15086.269197
15125.387398
15135.760774
15119.489696
15119.448909
15182.451948
15120.107254
15120.050028
15119.463470
15119.394035
15164.232339
15133.053122
15122.081192
15132.501011
15134.287589
15095.362808
15122.147974
15097.082863
15132.463422
15095.288229
15096.359779
15124.397326
15098.007479
15098.622147
15097.982077
15114.876861
15087.974527
15134.821500
15126.358440
15100.385024
15111.420261
15136.099618
15129.848191
15112.302491
15085.723048
15100.562840
15114.730934
15103.385569
15096.801715
15097.396457
15096.802151
15113.202143
15086.814585
15149.165923
15109.851527
15102.770390
15111.701528
15098.586805
15135.689051
15110.080540
15112.431002
15134.236922
15109.195902
15151.916060
15097.704493
15135.384375
15143.984753
15144.484779
15168.482857
15168.441244
15124.338841
15165.425362
15123.155749
15113.962596
15153.592128
15122.517867
15154.049399
15125.086234
15134.659254
15114.845046
15143.666211
15144.166361
15122.051111
15134.512447
15137.096873
15188.600396
15167.807653
15169.831727
15167.764398
15170.403917
15155.148270
15122.520716
15123.921338
15147.631745
15123.605422
15136.199660
15098.603273
15136.301359
15132.863586
15110.097990
15123.316747
15111.066447
15122.426162
15111.667852
15122.889996
15147.675892
15111.423093
15136.115358
15122.264790
15139.344218
15125.424612
15114.361780
15156.778156
15123.057240
15121.602571
15122.406393
15120.951517
15122.389995
15107.177894
15084.542018
15085.121809
15096.622649
15097.868885
15136.694699
15097.075724
15097.781066
15097.177339
15108.895640
15120.673172
15096.098922
15120.628301
15106.766315
15107.742463
15119.017343
15097.654417
15120.453003
15108.082671
15119.081352
15122.085990
15121.286756
15108.310747
15149.696415
15109.230090
15107.668691
15105.336393
15119.337625
15108.048338
15119.882991
15118.735752
15119.222578
15120.448086
15107.870607
15119.308681
15107.898915
15097.336932
15085.895090
15098.043704
15124.642937
15118.795017
15083.772177
15084.295352
15084.565658
15083.795573
15118.152116
15083.748640
15118.710529
15083.662872
15083.665287
15085.142762
15084.328616
15096.415929
15109.004466
15108.906654
15109.509395
15108.862437
15084.317350
15084.321033
15096.508245
15109.021544
15107.602278
15095.640705
15094.405888
15123.877316
15108.692693
15108.076817
15108.229660
15084.151766
15073.062521
15085.941340
15086.224910
15084.112361
15108.467103
15096.935723
15097.168500
15106.716801
15120.679169
15086.704818
15094.611955
15092.416882
15106.241395
15086.950939
15098.150812
15119.917315
15086.664980
15100.110456
15099.810598
15094.846984
15096.622851
15096.335397
15094.561327
15095.345802
15094.022903
15083.562150
15119.175655
15094.577844
15096.833007
15096.567185
15107.990054
15117.659997
15097.534235
15084.975876
15094.966152
15096.175536
15097.839272
15108.761009
15107.531919
15082.306228
15107.431865
15081.703323
15081.673327
15107.388269
15082.332850
15092.221496
15083.506679
15085.008237
15084.695670
15081.722194
15119.306186
15085.657841
15085.345566
15082.324170
15094.067490
15092.333785
15092.286268
15093.471244
15117.393220
15092.346267
15092.326839
15091.685268
15096.725786
15086.267458
15083.319102
15098.488983
15108.843208
15085.975430
15108.690977
15098.201037
15108.529200
15094.448071
15082.256187
15093.211849
15096.721186
15096.660369
15124.028078
15083.271100
15081.581627
15106.674832
15106.631124
15082.888795
15072.342469
15084.658925
15084.940690
15083.392128
15084.385062
15082.705216
15097.192404
15107.547599
15082.789088
15120.683967
15106.235245
15095.408357
15097.283887
15086.795637
15110.156745
15094.837771
15106.814629
15097.311997
15072.402483
15084.064526
15083.833997
15083.476336
15085.530571
15098.663259
15086.382168
15072.990563
15085.214887
15071.280934
15084.014429
15095.667787
15094.378489
15083.744361
15082.328936
15095.420142
15093.682733
15084.986230
15083.683966
15083.656969
15084.064559
15087.521282
15100.065794
15087.183564
15108.903064
15099.731473
15120.593226
15083.441501
15123.738845
15124.866471
15087.766988
15087.448139
15085.985381
15120.377797
15150.460137
15136.691357
15121.663573
15139.202108
15122.851700
15122.558127
15111.831760
15120.989146
15133.353892
15133.792881
15151.294100
15123.820335
15111.528417
15109.427573
15110.349286
15117.852008
15130.392778
15120.073330
15119.255505
15117.572984
15095.245781
15108.367340
15095.254580
15120.062032
15107.978648
15119.332201
15108.055569
15106.415432
15122.209795
15140.046451
15111.226501
15120.369605
15166.022033
15133.059142
15133.269411
15121.553777
15110.892639
15110.830475
15120.049379
15120.033647
15087.362886
15111.853866
15098.272428
15074.645033
15134.526269
15108.125664
15084.707818
15107.725006
15074.202687
15109.170753
15107.516897
15084.668741
15081.755338
15097.058544
15071.871938
15072.473857
15132.608025
15095.206173
15094.609016
15121.090747
15098.640591
15087.124277
15085.499079
15084.430957
15122.586314
15097.606863
15109.164488
15121.405526
15084.563653
15085.724231
15096.519130
15061.808965
15072.899412
15082.497410
15070.935145
15082.526741
15070.907144
15093.545143
15084.706136
15061.731674
15072.776213
15084.206659
15071.528491
15084.854974
15071.558510
15072.208762
15082.717291
15122.900035
15072.657024
15082.317420
15072.452370
15083.543811
15073.003640
15118.141919
15101.146020
15093.820441
15116.419882
15092.477173
15081.346013
15093.522473
15093.231368
15117.559953
15092.501808
15093.241969
15092.532848
15093.329187
15093.251319
15092.390618
15090.293294
15092.209631
15093.134763
15094.410612
15103.846050
15072.406725
15118.091997
15083.455069
15091.394724
15091.368025
15080.853393
15082.825419
15082.287166
15106.149546
15080.797065
15081.580900
15118.126938
15092.093381
15132.310884
15120.622321
15095.136125
15121.754680
15095.142231
15095.887026
15086.052798
15097.100584
15117.525797
15081.488209
15083.067150
15081.440279
15082.591994
15084.097886
15117.958590
15134.891395
15134.821230
15125.425140
15100.085432
15098.836718
15125.004526
15136.531404
15121.849753
15096.594560
15106.567493
15109.005574
15121.209744
15083.968017
15108.910357
15121.354629
15093.887744
15133.544020
15095.652900
15095.649728
15111.302275
15086.563526
15099.084446
15121.068922
15084.329466
15096.053976
15095.996705
15094.234221
15108.751373
15120.034939
15131.280387
15107.536604
15083.389552
15106.557723
15094.132836
15094.025599
15093.292197
15085.700307
15097.709522
15098.656293
15085.575755
15085.759237
15125.679272
15084.577220
15096.441635
15097.661681
15137.038811
15122.297346
15096.463468
15098.050618
15125.283762
15107.897881
15107.815963
15097.751368
15137.718852
15123.709464
15096.570460
15124.853506
15125.983080
15097.726124
15132.936996
15123.565260
15084.313466
15108.758673
15096.857268
15072.820175
15062.205903
15084.497297
15119.341289
15084.399482
15083.043481
15085.625684
15106.891927
15084.058884
15082.781291
15072.936016
15100.391300
15097.491519
15097.745224
15085.751931
15108.262434
15086.600016
15110.958629
15096.947868
15096.950022
15131.767831
15095.076829
15094.585661
15094.427376
15104.930481
15104.906093
15123.642217
15071.655236
15081.458960
15071.636379
15082.671357
15096.178602
15085.254596
15121.253469
15096.395926
15071.078771
15106.429303
15070.803437
15071.517845
15070.832335
15072.186894
15094.719460
15095.294447
15137.022769
15108.347876
15119.213592
15131.211946
15126.006427
15136.883900
15097.460393
15071.725703
15085.214436
15107.036231
15072.600860
15081.673436
15072.684455
15096.304349
15071.805620
15084.652532
15072.767874
15107.104296
15072.685181
15081.781520
15108.208721
15073.289897
15124.759554
15109.395021
15108.509251
15108.202007
15119.804127
15108.710921
15109.443223
15097.077432
15108.917912
15137.647999
15105.899985
15097.609766
15108.351994
15094.919956
15106.990328
15108.318271
15086.344772
15098.462777
15108.663912
15086.057314
15098.808568
15109.854914
15093.832991
15094.978776
15072.370225
15082.860956
15106.888708
15084.380286
15096.559591
15095.425835
15093.396600
15107.077620
15090.925890
15092.117711
15092.091285
15108.563085
15108.506667
15107.978458
15123.438892
15087.802865
15088.100493
15087.594678
15087.261613
15110.065690
15073.570268
15118.207727
15082.771213
15107.176249
15093.709014
15083.375779
15082.702303
15108.283007
15093.688770
15093.760447
15083.350111
15084.487411
15094.449985
15119.287998
15085.618283
15085.332780
15083.603274
15083.444984
15083.932887
15107.138815
15083.342077
15108.286819
15093.647800
15093.765624
15082.681195
15083.303984
15108.368902
15109.009496
15108.523080
15082.618315
15084.471348
15084.207844
15082.189238
15084.022640
15084.287780
15082.776802
15085.288618
15085.538174
15082.284404
15083.561243
15119.334884
15082.446402
15083.664299
15093.052937
15071.774715
15082.213251
15121.894557
15108.691734
15096.722574
15106.183607
15094.708523
15096.773734
15122.500815
15086.306696
15098.058003
15096.699411
15123.010969
15086.753801
15107.871869
15082.135224
15083.312658
15083.065219
15082.382158
15071.624150
15096.574153
15097.000162
15096.683565
15117.782349
15084.227122
15083.614951
15095.016899
15104.090335
15093.448779
15107.751543
15096.124759
15094.355696
15094.210792
15107.715105
15097.951590
15085.493110
15084.856693
15074.342906
15073.758008
15094.483748
15083.608268
15094.072304
15093.070104
15096.598818
15096.303364
15119.090189
15094.590235
15093.803099
15103.762654
15093.025558
15094.585969
15093.092791
15093.346855
15096.662974
15094.987853
15094.799001
15093.212716
15092.732517
15105.372930
15083.539354
15082.918180
15098.313754
15087.091708
15096.303845
15096.196254
15107.407678
15086.732012
15119.968432
15122.172483
15122.705708
15099.594362
15099.272744
15095.226293
15105.215897
15109.627747
15110.130588
15108.154708
15108.975469
15109.439072
15093.061028
15093.683421
15118.952517
15118.939446
15094.303189
15083.203768
15094.270736
15092.866509
15095.647244
15092.454985
15093.905731
15092.291895
15107.429064
15105.604004
15094.422949
15092.702719
15105.451220
15107.901707
15083.415485
15082.798898
15094.206325
15119.574417
15120.078702
15095.430835
15084.283127
15093.466272
15106.617307
15118.625014
15108.118748
15093.388225
15096.226221
15085.049780
15097.558302
15094.951016
15094.838646
15085.766621
15085.525800
15082.986737
15083.685238
15119.452008
15104.704527
15119.414584
15104.841018
15119.140493
15105.306948
15105.826731
15131.449505
15132.526264
15095.679006
15070.952185
15096.711451
15071.579293
15105.990514
15106.588188
15131.959740
15132.002365
15106.732981
15107.804427
15080.005192
15105.908819
15105.954980
15091.551681
15117.775863
15082.242145
15092.103234
15107.299674
15080.924736
15107.298372
15092.743822
15108.421425
15121.480904
15121.320563
15081.660879
15080.825962
15105.265023
15081.499855
15081.018364
15081.047721
15081.453699
15104.674269
15082.069831
15080.807863
15070.946054
15095.419206
15071.213791
15094.828978
15072.241478
15081.894243
15080.914978
15081.850164
15080.913393
15071.329763
15081.647560
15082.330331
15070.311204
15094.764824
15070.589667
15094.158933
15071.616899
15117.988373
15081.510476
15081.506171
15081.459240
15081.688249
15092.152662
15081.474564
15082.695947
15083.154014
15080.936332
15082.588342
15080.963725
15071.410625
15081.669555
15082.457164
15082.810038
15082.737108
15119.605629
15093.831117
15097.480275
15083.843647
15095.765310
15097.726292
15132.999139
15122.623269
15110.145888
15133.547592
15119.427644
15094.196869
15083.693758
15094.115925
15094.301752
15119.520077
15094.272876
15093.057879
15084.471337
15130.276824
15094.296868
15094.384413
15095.589153
15120.350378
15095.137717
15094.608760
15130.998228
15097.603729
15084.630722
15095.829981
15097.895585
15110.441877
15106.988547
15070.317075
15070.971369
15107.525273
15117.601873
15091.819410
15128.679905
15129.854048
15092.296070
15092.149155
15092.200219
15092.729970
15081.622100
15106.673308
15081.628102
15105.573177
15082.371910
15082.409882
15106.192355
15083.542651
15081.632721
15106.637926
15081.675386
15130.989361
15107.775867
15106.708658
15084.671039
15080.947041
15080.925865
15105.955348
15104.888731
15080.972767
15082.747137
15082.798445
15090.234660
15116.538903
15135.882430
15109.906895
15122.599424
15096.764009
15094.835731
15122.889189
15096.999376
15107.486853
15095.104308
15082.083611
15071.520638
15107.846645
15107.903015
15105.692375
15105.637473
15093.866139
15093.709087
15092.383595
15094.885260
15093.327056
15092.053516
15082.255462
15105.141748
15104.694158
15086.173075
15096.453038
15097.191577
15122.802571
15086.008889
15096.543274
15087.204321
15097.646784
15084.018058
15084.645228
15109.739055
15110.255434
15108.588380
15098.251774
15109.699200
15122.424303
15085.508797
15122.687997
15085.724663
15107.609050
15107.682719
15106.284529
15106.881319
15106.313596
15085.285669
15085.522527
15095.942090
15096.463675
15096.984129
15109.390535
15096.665115
15095.597679
15122.538249
15098.943255
15086.483164
15085.842608
15097.801130
15135.181005
15098.148623
15083.049437
15083.633805
15071.696044
15108.662833
15096.802694
15072.189380
15084.641269
15074.175375
15109.184879
15132.594099
15094.704139
15095.206265
15135.089608
15081.648190
15082.141323
15094.549471
15073.300581
15083.766881
15108.317083
15086.595580
15094.923381
15094.302517
15111.374819
15087.133853
15099.111666
15086.596192
15087.211570
15135.910005
15122.912139
15098.119138
15097.582915
15106.574278
15122.422668
15106.656576
15110.144606
15109.439664
15109.122476
15095.862880
15109.500496
15106.410503
15097.882811
15086.655075
15095.814807
15122.147790
15133.125204
15098.147831
15098.249535
15098.806704
15095.071044
15096.673373
15085.804299
15105.510149
15106.306382
15086.395531
15096.849876
15098.510336
15098.612807
15099.170400
15107.736005
15108.301510
15096.534141
15107.141100
15108.766737
15106.377187
15108.432770
15096.375728
15108.485891
15106.386012
15096.965611
15108.097545
15088.233856
15112.767392
15100.417058
15086.054523
15097.707885
15085.690114
15096.230975
15096.297291
15097.556171
15085.521274
15095.554281
15095.614933
15074.949721
15087.784771
15088.028580
15110.562446
15120.918944
15097.121659
15084.146013
15109.452871
15109.399962
15111.310106
15097.574649
15096.243801
15121.610373
15085.375281
15098.696818
15099.145449
15098.714328
15099.771860
15129.772334
15099.037254
15098.678269
15100.735133
15096.925315
15097.033418
15077.534826
15085.033290
15088.329720
15086.781187
15096.288942
15096.922075
15109.009594
15097.311951
15094.352383
15093.644945
15095.245832
15096.374988
15096.903082
15108.952775
15097.281949
15095.044278
15094.852846
15094.264181
15096.472479
15086.693746
15086.919104
15087.573446
15095.513389
15095.480531
15094.469887
15095.015864
15083.809424
15097.389058
15094.507040
15109.589867
15108.443560
15097.103281
15094.888470
15094.254186
15094.961182
15096.074721
15073.738983
15074.289595
15096.911767
15097.267755
15096.427461
15095.701721
15096.710422
15096.403776
15106.289294
15096.411249
15096.735823
15095.604647
15096.990586
15084.812813
15085.389192
15096.337261
15107.960972
15105.622775
15094.992734
15095.952599
15097.337797
15096.951202
15097.866267
15082.476274
15081.831797
15071.886320
15106.659821
15095.104480
15096.228855
15105.199206
15105.112786
15082.336636
15117.487105
15117.447631
15093.354846
15092.726103
15094.860573
15095.973989
15095.678203
15092.355382
15082.923868
15105.652790
15093.987131
15106.687034
15107.410795
15098.062175
15087.533392
15110.462911
15107.949845
15109.919468
15110.228221
15098.107280
15107.613116
15107.477320
15107.432876
15131.422686
15118.190466
15092.952811
15117.659369
15095.003057
15094.139693
15095.048730
15108.316149
15108.261601
15118.122159
15104.989678
15104.679535
15083.525980
15082.992643
15094.553218
15104.270479
15104.294373
15093.022529
15118.133663
15097.791232
15097.710255
15107.364685
15095.273871
15118.166465
15095.541601
15118.127923
15118.796903
15084.712889
15084.181220
15095.725576
15085.653089
15075.143475
15108.610385
15085.693998
15085.152676
15074.646845
15094.813399
15094.331980
15083.758305
15095.463055
15108.317082
15108.237594
15120.331942
15096.709304
15086.836473
15076.282632
15096.203954
15109.143256
15086.809505
15109.792051
15097.419336
15121.344413
15109.765678
15097.203804
15097.218518
15097.581767
15097.506363
15085.809651
15084.600010
15085.244303
15095.704007
15106.092650
15093.813480
15104.921536
15120.300748
15105.682642
15095.761119
15106.359641
15093.861756
15107.502899
15103.780482
15095.199333
15104.455701
15105.208106
15107.746909
15097.799933
15098.133550
15097.244161
15114.843550
15125.470055
15113.661402
15077.428825
15112.271505
15075.358134
15085.445294
15096.569002
15115.809203
15126.394405
15124.145761
15134.852842
15113.888728
15140.065288
15134.517321
15112.980728
15157.570279
15141.937983
15142.981886
15115.848986
15115.054587
15143.417194
15144.421671
15127.010699
15153.514212
15135.220236
15124.739841
15111.158865
15109.738288
15127.170584
15136.371518
15127.693113
15135.861354
15125.397374
15111.814971
15110.393163
15127.846190
15135.783125
15125.344694
15124.116070
15112.550157
15114.399523
15129.867018
15145.924377
15115.940246
15141.927796
15130.648813
15099.052697
15152.798184
15188.066453
15130.849561
15187.730092
15121.636979
15142.086642
15188.861681
15231.650818
15139.216783
15126.256695
15133.207376
15129.967001
15140.478119
15128.049139
15140.946198
15125.971786
15112.188147
15092.700484
15082.881722
15083.432364
15082.948984
15113.492529
15111.776658
15084.958632
15086.048545
15061.029354
15085.612379
15086.124842
15062.325474
15061.054577
15061.024747
15113.539936
15074.785050
15073.699265
15128.698731
15154.087515
15111.987773
15085.187435
15085.245435
15086.437211
15101.240640
15122.491229
15110.460031
15122.486765
15086.639871
15120.285634
15110.083790
15108.333030
15084.992677
15094.937257
15111.850968
15150.503567
15133.055281
15125.654337
15097.259599
15098.471143
15097.267114
15137.135849
15124.710539
15163.895038
15138.523619
15146.437738
15108.408860
15099.189151
15139.705398
15123.407476
15138.412045
15122.116472
15095.950708
15119.398305
15130.808025
15106.619068
15094.248640
15104.303612
15121.829537
15152.347638
15135.276485
15111.808306
15120.891629
15106.968479
15135.621807
15138.893142
15121.870275
15121.395331
15139.192902
15121.614493
15138.879185
15107.981396
15108.019341
15148.891179
15106.340347
15121.803780
15108.107154
15105.598016
15108.013457
15137.412793
15125.132205
15121.136002
15120.494604
15157.633074
15137.407406
15119.575095
15108.911392
15131.795283
15119.278305
15115.159212
15104.139565
15103.475832
15115.097994
15113.213960
15122.681937
15097.683534
15108.346737
15097.233531
15086.451411
15085.925116
15085.795402
15120.613911
15095.766810
15125.631512
15153.695107
15149.851071
15094.297524
15095.295075
15094.142335
15093.561983
15115.237016
15115.108929
15075.193806
15089.936676
15114.695669
15117.004042
15113.987400
15084.124178
15119.269741
15109.910677
15084.880546
15095.406918
15099.999251
15110.559272
15151.424351
15126.742796
15074.962765
15100.739679
15106.093823
15095.484228
15085.030408
15096.135619
15084.320493
15110.073933
15122.441682
15086.353311
15087.641282
15106.563398
15108.305694
15107.736621
15105.479030
15104.858092
15105.548239
15094.391507
15105.512730
15099.910482
15096.404541
15134.384365
15132.945068
15097.746835
15122.774881
15122.146033
15101.283872
15123.840044
15134.410091
15114.206360
15114.201325
15112.981100
15102.009499
15113.315454
15111.936973
15107.857863
15107.259019
15109.329230
15125.583874
15109.601049
15128.775991
15189.923964
15075.143847
15075.097876
15117.463668
15100.183329
15101.061208
15125.061809
15148.279907
15110.568896
15112.303384
15123.558317
15122.022137
15120.045369
15108.657194
15119.885176
15120.395354
15111.641891
15111.290870
15120.536335
15111.601430
15112.558738
15124.748929
15111.063409
15109.620765
15112.312870
15110.669918
15111.002850
15122.893905
15110.476896
15109.771102
15160.351724
15144.872396
15139.275077
15112.556031
15136.885561
15101.746598
15126.812863
15113.380674
15125.575856
15097.872100
15097.237535
15097.932537
15147.789672
15112.658940
15087.805304
15086.626072
15114.624286
15137.540029
15153.901309
15122.668408
15122.641401
15097.087577
15087.267504
15095.447366
15095.380002
15096.630986
15098.391280
15097.777418
15086.599755
15099.622622
15086.732967
15097.125106
15086.543649
15096.224677
15095.554652
15097.701427
15108.218193
15098.743128
15135.952926
15134.091325
15097.039545
15119.542838
15096.665977
15097.005197
15095.747582
15107.758461
15084.513744
15083.917608
15097.665409
15073.313124
15073.244471
15098.889532
15083.515040
15084.259144
15096.647624
15106.430311
15141.913806
15115.518040
15161.496215
15159.384374
15179.259123
15161.470634
15159.359460
15199.309777
15176.963945
15191.740394
15121.235111
15108.147862
15097.373079
15150.525925
15106.572632
15109.413360
15123.240365
15151.263061
15110.710539
15119.863190
15110.423674
15120.367706
15121.554177
15120.518076
15120.232400
15119.035975
15117.640237
15131.975256
15131.496352
15142.315548
15156.188919
15156.187553
15128.643668
15127.933928
15158.720018
15156.883991
15158.247222
15156.857253
15129.263347
15128.514016
15165.452837
15126.954719
15144.320872
15144.321094
15138.194738
15144.540138
15144.066273
15173.355213
15156.188479
15126.856559
15156.213603
15127.966012
15116.264749
15145.156387
15145.645873
15143.944654
15143.902068
15144.524975
15115.155305
15144.550666
15137.451083
15154.717624
15154.760076
15155.068860
15155.053440
15125.021313
15115.172561
15156.053508
15156.055635
15124.975577
15125.732351
15136.699542
15128.475178
15133.493390
15133.533855
15144.258816
15144.258282
15103.432644
15103.460066
15114.078607
15143.577146
15143.578143
15114.078636
15151.379454
15110.967530
15132.584093
15126.337403
15126.305291
15182.441180
15182.326045
15112.954380
15126.121600
15136.579185
15135.930827
15122.883308
15121.805318
15136.069029
15121.216511
15152.688090
15152.631581
15142.409776
15142.354901
15151.798498
15154.509234
15154.511032
15151.334725
15110.269087
15121.878372
15152.927363
15125.028914
15121.320146
15155.469632
15155.468815
15152.916580
15125.046075
15115.240577
15125.819824
15122.509316
15164.663001
15136.787488
15121.883778
15136.789801
15164.626500
15136.729719
15175.197709
15139.521307
15138.771074
15173.911870
15173.381954
15173.887612
15122.548173
15178.963103
15121.737226
15111.078101
15106.562281
15118.855734
15109.487968
15122.067576
15105.912427
15119.997953
15072.992732
15072.321746
15073.239682
15072.413247
15073.607796
15087.797906
15102.936645
15124.744998
15099.222916
15112.961057
15097.370229
15099.316129
15097.527057
15095.809619
15113.080722
15096.500226
15099.343714
15113.042330
15097.405942
15072.515197
15073.716184
15096.273863
15084.864838
15111.927460
15108.519440
15109.731827
15113.926561
15111.428575
15087.006862
15111.426448
15112.117618
15112.550554
15154.392447
15112.324432
15109.725721
15108.971711
15137.012719
15126.370385
15109.090202
15102.698660
15137.429835
15126.829530
15109.826906
15084.019106
15085.802816
15111.152782
15085.376864
15085.170915
15110.568070
15097.432818
15105.930115
15095.000406
15120.470660
15093.268804
15097.725001
15105.877852
15096.447489
15106.976047
15108.186526
15083.939134
15093.594777
15108.282854
15082.680572
15082.752012
15107.763207
15093.708360
15094.404959
15093.722676
15083.968851
15083.867111
15122.824320
15083.801775
15122.030926
15084.839303
15084.176508
15082.551177
15093.618903
15107.412364
15095.100229
15117.639047
15083.807779
15107.899056
15083.140734
15083.034781
15107.965538
15095.681425
15095.738998
15134.490091
15094.278741
15106.901412
15080.102083
15083.072409
15083.650252
15125.369103
15097.548709
15120.118634
15097.881833
15098.566390
15096.411997
15096.469039
15094.914179
15099.460597
15096.305564
15122.494586
15099.754708
15111.842525
15111.816998
15099.322808
15099.247762
15120.593152
15109.875552
15095.981837
15088.430686
15109.752461
15095.293098
15100.988442
15129.434865
15111.900484
15137.382385
15108.991459
15151.952619
15111.640144
15134.892119
15108.020402
15125.387803
15108.742155
15112.929469
15140.548178
15110.012197
15123.546390
15110.125982
15135.967277
15110.992641
15152.561576
15112.294128
15126.490634
15140.568111
15112.423571
15110.933655
15140.020250
15109.489334
15123.021278
15135.416309
15110.967792
15152.002046
15111.744125
15125.939274
15098.959947
15122.668552
15122.137720
15098.939892
15086.096799
15094.326232
15108.001248
15108.730070
15108.901363
15094.311610
15097.429141
15108.757869
15098.180488
15095.825621
15095.858936
15089.253613
15095.311692
15100.272026
15110.623091
15083.071229
15082.342216
15072.381401
15106.772675
15093.969215
15143.144446
15094.547234
15093.935762
15094.495183
15093.809527
15093.836404
15118.800833
15073.678003
15094.648228
15131.645995
15094.674052
15121.862511
15108.413622
15094.994531
15094.424316
15094.437320
15093.369740
15093.454195
15094.478248
15083.269684
15093.405163
15096.851314
15095.072712
15096.034817
15106.544107
15084.388398
15097.420701
15096.116227
15096.749211
15072.280563
15071.108898
15122.482595
15069.848700
15071.028395
15071.095400
15070.977941
15070.939333
15094.326351
15070.993550
15083.601247
15070.427147
15084.190529
15072.253008
15070.454723
15073.644462
15094.343857
15094.317998
15094.983323
15094.384196
15094.857179
15095.510252
15082.426381
15082.273091
15118.997765
15095.369814
15092.321683
15106.071373
15093.391240
15081.703219
15092.852623
15093.458773
15105.527377
15082.359601
15082.366403
15083.178752
15082.040882
15129.972912
15107.011589
15119.076010
15104.752047
15106.225121
15094.874657
15106.309665
15106.249677
15106.214071
15108.257870
15118.209702
15118.833863
15116.741107
15091.626438
15107.008998
15118.251738
15108.494670
15107.654927
15096.354877
15109.096179
15095.661083
15106.864765
15082.919197
15081.677750
15108.345863
15108.310144
15097.131764
15084.993447
15121.157483
15119.714712
15121.206848
15110.661403
15109.988199
15095.965242
15096.779675
15118.415972
15096.512677
15096.379104
15109.355527
15107.991406
15108.663596
15118.901165
15107.726040
15108.557832
15107.637588
15096.383133
15109.166914
15119.107816
15107.879744
15118.967175
15119.195716
15096.390111
15109.292715
15107.882889
15108.628504
15104.587353
15093.097633
15093.299723
15093.276556
15132.161902
15122.523916
15109.264758
15097.179201
15084.198515
15092.681467
15103.335157
15117.129139
15106.754343
15084.172335
15107.480944
15107.857934
15082.321223
15082.834589
15095.475709
15094.765844
15096.084316
15108.005035
15082.322934
15106.876411
15097.772467
15072.411394
15085.428887
15083.818361
15098.052053
15109.659756
15082.194103
15107.220841
15096.318395
15096.313087
15085.935012
15098.707508
15109.269306
15081.879504
15092.675879
15092.648887
15096.722376
15072.070888
15109.212888
15107.541918
15093.471450
15095.054907
15083.569307
15107.989223
15097.097565
15097.081718
15063.024462
15082.544371
15062.494508
15083.218466
15097.495269
15095.986407
15096.790841
15086.625596
15107.071234
15097.396122
15086.102904
15096.210728
15120.311960
15105.384986
15109.390218
15085.797035
15096.520886
15082.808657
15107.498476
15083.408681
15107.552984
15081.723627
15082.226857
15093.432091
15095.471629
15082.281313
15093.747390
15093.720627
15133.649278
15094.921730
15108.106512
15072.953096
15072.465239
15095.714394
15107.420421
15146.729229
15095.838216
15096.589901
15094.789956
15116.715554
15083.467427
15081.775667
15107.286736
15082.881443
15084.828652
15083.375684
15085.023630
15084.794515
15106.760793
15081.704855
15082.204275
15096.028159
15082.277436
15104.729379
15105.172079
15105.116122
15105.055972
15104.478051
15105.641208
15084.045422
15085.057249
15082.989410
15119.342724
15083.463472
15083.909669
15084.260877
15084.252371
15082.857855
15117.905505
15081.138561
15071.663146
15083.038642
15082.502761
15071.205540
15081.209284
15082.111364
15116.810636
15079.836581
15082.584093
15093.423083
15119.050688
15107.249867
15106.681542
15106.666013
15109.715907
15108.507805
15096.738404
15096.061223
15119.753493
15109.347863
15096.821635
15086.654406
15086.697625
15106.539493
15096.947579
15106.661189
15135.937967
15097.850211
15120.212231
15084.141084
15123.690799
15110.360608
15085.652739
15086.611074
15098.807130
15097.503869
15087.070665
15074.185442
15110.468443
15109.371097
15085.815596
15086.629885
15109.274556
15108.023485
15097.548639
15084.126030
15094.082874
15094.739999
15094.211349
15141.383113
15123.474493
15072.320606
15095.624349
15144.237956
15132.243381
15095.774150
15096.332411
15094.944714
15094.939918
15084.254179
15084.781714
15093.432689
15107.299767
15118.673615
15117.495913
15083.083517
15094.104022
15107.243119
15108.635810
15107.411564
15096.936556
15083.438491
15135.918601
15124.287430
15098.269581
15098.097798
15087.189281
15073.899828
15073.240886
15108.738629
15108.616460
15097.667840
15084.128105
15073.091824
15123.004247
15083.357694
15080.958616
15082.306951
15095.428650
15095.542921
15071.001503
15107.466259
15097.355063
15098.096468
15073.532948
15071.158683
15072.348064
15082.691727
15083.631018
15096.227793
15096.942722
15083.720235
15084.018728
15071.825195
15073.031589
15072.988388
15098.091697
15063.003340
15063.622823
15097.410357
15062.312102
15062.955997
15124.328162
15084.345177
15085.545186
15098.576900
15099.190580
15139.155979
15095.738560
15098.074634
15099.232588
15084.414715
15098.592507
15137.313836
15137.885632
15092.917959
15103.457096
15083.765737
15083.088213
15082.408271
15094.382228
15095.034401
15132.531433
15092.671147
15082.793445
15107.958631
15081.985233
15082.015345
15084.081601
15093.955539
15108.523644
15085.701714
15109.068205
15113.548164
15087.524472
15088.123356
15126.277891
15087.069444
15088.242160
15124.678255
15100.683625
15100.132440
15127.051349
15083.762054
15074.111428
15098.618167
15097.350365
15124.745553
15114.912905
15085.030951
15085.195416
15062.303321
15062.873733
15083.969333
15061.090365
15061.685416
15110.185085
15099.938334
15110.337261
15099.452692
15110.270411
15100.031925
15139.331754
15111.631312
15097.820823
15123.050267
15125.006161
15115.237557
15113.133976
15073.826586
15113.072801
15112.969980
15088.934179
15089.013138
15109.473423
15147.803404
15108.348874
15109.001748
15108.450173
15124.210269
15097.283938
15097.269283
15082.856727
15083.557122
15095.123338
15096.328047
15095.119882
15084.346953
15085.067973
15108.492160
15085.620129
15094.487529
15109.027947
15084.629421
15071.551392
15071.505170
15096.133986
15086.350443
15073.676498
15069.606695
15095.399289
15085.639677
15107.437016
15072.980141
15083.144777
15083.721079
15108.179284
15109.572127
15094.910671
15094.869245
15093.019630
15093.711870
15118.016603
15108.719432
15109.809516
15094.847484
15084.395961
15085.142506
15108.067813
15096.227692
15097.646715
15095.607801
15107.550803
15095.704140
15082.486821
15109.126565
15097.631875
15083.809741
15083.908611
15109.233583
15109.151110
15085.736068
15109.167027
15108.593507
15119.648181
15109.868884
15085.725594
15085.712247
15084.954214
15109.221182
15085.921069
15096.771761
15096.853567
15137.175554
15152.324028
15148.154833
15106.589361
15096.567840
15098.923385
15122.467834
15111.108155
15123.097263
15111.707389
15122.551869
15111.155984
15162.612941
15109.156115
15108.603605
15087.920562
15087.412704
15097.568096
15162.152264
15179.147459
15126.023106
15125.474411
15142.490411
15141.755611
15116.958264
15149.987702
15127.946777
15141.082464
15155.624852
15149.176568
15116.706140
15150.052811
15117.020024
15156.144965
15142.346355
15189.303233
15145.179145
15132.116291
15128.874300
15127.710295
15140.887187
15115.875883
15148.378451
15135.669693
15128.922760
15126.879112
15140.039246
15141.180233
15127.936354
15166.611461
15179.732999
15145.780648
15152.498727
15159.210695
15151.857258
15159.812200
15143.004486
15128.008605
15149.966158
15141.158507
15117.507315
15118.068750
15099.484939
15098.981341
15086.794925
15086.862055
15128.438532
15097.579378
15098.710167
15099.304715
15099.364077
15122.533795
15099.994176
15109.189863
15099.103963
15139.158247
15124.889728
15139.664999
15138.401895
15114.649440
15085.654159
15127.243562
15096.907773
15122.986952
15084.286442
15126.405883
15096.591493
15111.344016
15095.029408
15093.777095
15094.442145
15092.175729
15092.203096
15106.779748
15070.430269
15071.126342
15071.073267
15081.039242
15080.957549
15117.271276
15079.993017
15094.802598
15081.631518
15081.602061
15081.219726
15082.394645
15080.290002
15090.910198
15071.597758
15084.251675
15071.568679
15068.749725
15083.774360
15107.500530
15071.182159
15081.709029
15069.629920
15069.565274
15083.881427
15095.636752
15073.117322
15104.833117
15096.831902
15096.222244
15104.740805
15099.003335
15061.592241
15062.261177
15113.712169
15124.091970
15127.386044
15099.400492
15098.138182
15071.954893
15072.167899
15070.926675
15073.064721
15096.856560
15109.747349
15085.227923
15108.524468
15070.299354
15071.558574
15123.374277
15099.944186
15072.929900
15126.721335
15082.590261
15083.191850
15083.113719
15093.743258
15095.537558
15083.102793
15106.890522
15093.085544
15094.882014
15082.937828
15106.519483
15108.258772
15107.674587
15133.538321
15097.562586
15097.448871
15134.436118
15096.605073
15100.002613
15095.278572
15097.220688
15110.966251
15096.843024
15122.512060
15086.339382
15083.682818
15097.387643
15087.603500
15084.232622
15098.651062
15081.498717
15082.740343
15123.421487
15095.103866
15082.963074
15092.997256
15092.941802
15093.201124
15106.597297
15093.573997
15092.998316
15072.113706
15070.829183
15082.140545
15114.113063
15115.790818
15108.861804
15098.464717
15139.040862
15109.195688
15108.698783
15108.598289
15108.043626
15096.841337
15086.666969
15097.454634
15086.830678
15086.754671
15097.889759
15134.740579
15097.425091
15111.898411
15088.498646
15099.243980
15085.905146
15110.878522
15111.481956
15086.670470
15087.159278
15087.020862
15087.721694
15127.828617
15083.713248
15097.633422
15097.558867
15094.869655
15120.170406
15137.490531
15093.726314
15104.285547
15095.282375
15083.964848
15106.501114
15106.384575
15105.910461
15106.386484
15108.928505
15095.466055
15106.486253
15119.975667
15105.839676
15085.395580
15085.267725
15085.897172
15127.107755
15095.237169
15094.986052
15138.169220
15112.452009
15121.680104
15108.429219
15096.030537
15107.524318
15108.606918
15139.876818
15097.533120
15097.570809
15090.537360
15102.171810
15102.535064
15089.536687
15165.188566
15127.321348
15138.199095
15100.086851
15136.268664
15124.717027
15127.181725
15100.517042
15101.128080
15115.325089
15101.070296
15114.818561
15140.208436
15154.941666
15113.449529
15149.410310
15162.357914
15101.707842
15103.216619
15136.616036
15108.203259
15118.637732
15097.652173
15108.915962
15119.721281
15096.618658
15135.285155
15148.648900
15088.363805
15098.896802
15098.327839
15108.828009
15119.229968
15096.615321
15119.774661
15097.198026
15109.543701
15098.941987
15097.245215
15182.023004
15109.790380
15149.324001
15132.356860
15109.695597
15109.810943
15123.604005
15107.794028
15108.863225
15127.295940
15109.678274
15085.775999
15126.547589
15089.950005
15103.722146
15099.910832
15113.684035
15128.466819
15110.278535
15087.486882
15099.063845
15100.092337
15137.184825
15100.497283
15129.104148
15087.737546
15098.521520
15112.052371
15086.388367
15153.376464
15099.035093
15099.623738
15097.741137
15114.244321
15129.063752
15129.076341
15098.216517
15110.069567
15097.477452
15098.762623
15125.391097
15099.570558
15113.362038
15111.023260
15109.957785
15114.306439
15121.768962
15120.717774
15125.055008
15083.523514
15082.900947
15083.723968
15100.507512
15095.128058
15094.427872
15082.968762
15084.190851
15108.094536
15096.656741
15097.291773
15097.447790
15097.402752
15110.673164
15099.620763
15099.061839
15109.871328
15135.625640
15097.460031
15121.860528
15121.287222
15107.411473
15108.786646
15107.467313
15108.891497
15110.787515
15097.182654
15096.509305
15108.740194
15119.994895
15108.802335
15163.802469
15110.330733
15151.539507
15121.914669
15121.769686
15096.981360
15098.267598
15098.308035
15097.657528
15094.962144
15139.127242
15095.608446
15097.554452
15097.685481
15139.718860
15108.986484
15109.063233
15097.010595
15126.862349
15084.952563
15085.384306
15084.215891
15123.849142
15164.293542
15153.357469
15120.714686
15109.938741
15109.582072
15098.031781
15087.240886
15088.269969
15100.412856
15089.621750
15098.406033
15175.418790
15083.832194
15085.528664
15098.623533
15096.715868
15110.999774
15083.666206
15097.945316
15108.656774
15084.342337
15084.122550
15082.988965
15137.796874
15123.951258
15139.814826
15073.623672
15063.633518
15073.114796
15074.586914
15064.643912
15089.863083
15090.503872
15089.954124
15114.626134
15124.900151
15089.047114
15074.104763
15108.337816
15085.995189
15085.237414
15074.889706
15100.558380
15099.998395
15090.038107
15109.389187
15125.671694
15114.772883
15110.533159
15110.457936
15124.699722
15126.732265
15097.492012
15086.634954
15109.635294
15087.590867
15099.949005
15086.938328
15099.151130
15113.190705
15113.904582
15099.223140
15116.752021
15111.640109
15123.896208
15140.836028
15100.637292
15120.590723
15107.042142
15107.016652
15119.808670
15110.371996
15120.007913
15097.422743
15095.297100
15136.896723
15098.005311
15132.690747
15136.045595
15146.296768
15099.335196
15116.859354
15109.937842
15098.022860
15126.944265
15121.074475
15119.172308
15119.964226
15097.404043
15109.681191
15095.765963
15136.740850
15075.353953
15085.380653
15085.870499
15122.212369
15163.843353
15099.674039
15109.867134
15127.431040
15150.005572
15106.172780
15086.228873
15096.257189
15105.901302
15106.627516
15096.747135
15110.699637
15121.233802
15109.793351
15137.063215
15108.611709
15125.453496
15123.015675
15088.610253
15075.833605
15086.693460
15111.915747
15096.204271
15201.424849
15189.053055
15131.543269
15116.345464
15138.570409
15109.153253
15098.685057
15072.863682
15098.680203
15077.369442
15064.751589
15065.208828
15062.221563
15103.058368
15136.632053
15152.896740
15111.255662
15109.905618
15087.545566
15095.936640
15099.072840
15094.630875
15085.293642
15098.394455
15137.286276
15154.159495
15112.620340
15100.334453
15112.355692
15089.389597
15101.028399
15087.851027
15111.034637
15098.999185
15097.400103
15097.434220
15086.661908
15111.872513
15096.525925
15073.658473
15072.863823
15113.162733
15112.570643
15114.048771
15114.435086
15085.986831
15086.029298
15123.325287
15122.187964
15122.733560
15139.703549
15140.307004
15110.913268
15123.160995
15122.023056
15122.238652
15136.200186
15121.498294
15136.818504
15125.121657
15136.753789
15109.343313
15121.444431
15139.057641
15109.666688
15137.269500
15099.810612
15098.504596
15133.663202
15098.566280
15126.216561
15134.207391
15109.963768
15086.482801
15110.987388
15098.725983
15120.998911
15098.772601
15096.317075
15096.293540
15112.304278
15109.680962
15122.491297
15122.500385
15120.061007
15110.210700
15108.180610
15108.345960
15120.038328
15110.163323
15120.189857
15112.828586
15113.366901
15123.317585
15123.854191
15139.125401
15150.728953
15109.544851
15108.851267
15152.926755
15108.774084
15108.625132
15096.574330
15120.082960
15121.250924
15108.304578
15086.932662
15097.271750
15111.896879
15086.891638
15097.208107
15111.807690
15076.176847
15098.028238
15108.303245
15097.112541
15097.502261
15109.249485
15099.057336
15086.975231
15128.401493
15099.090858
15114.822165
15117.228696
15114.814752
15124.628544
15110.357638
15110.809572
15087.596398
15128.449549
15098.499270
15110.851140
15109.692575
15087.038542
15087.775852
15114.802236
15112.733602
15131.237765
15156.732368
15143.508335
15144.424732
15143.955669
15127.508678
15168.222808
15138.473288
15099.796249
15110.697462
15131.877855
15115.196305
15114.521505
15125.774269
15113.582610
15129.752309
15087.355545
15098.874090
15124.142146
15098.788430
15110.815233
15134.891794
15109.461796
15112.723281
15139.764200
15137.629965
15115.649581
15116.051723
15116.990464
15128.192428
15087.036788
15076.717451
15112.454480
15077.370862
15124.826131
15103.871445
15115.273480
15140.303236
15187.956629
15102.633456
15130.554619
15187.427740
15091.299633
15087.428251
15109.521532
15096.418506
15131.562856
15096.316574
15109.543320
15085.887009
15131.514016
15096.343303
15121.653328
15076.003738
15086.493026
15098.218471
15121.632220
15120.967320
15133.256914
15107.172680
15097.287446
15111.157624
15092.338082
15076.495798
15110.644038
15112.938892
15126.672741
15084.880875
15083.715846
15086.756163
15085.645955
15129.768337
15084.417626
15085.578076
15174.712309
15162.357227
15114.183792
15114.170446
15124.150021
15109.005401
15087.222256
15098.064541
15121.469157
15111.127817
15099.057865
15099.153734
15109.505503
15135.098685
15118.752980
15120.711385
15121.551994
15133.864698
15109.517291
15111.223311
15096.287006
15102.713282
15086.305623
15112.375574
15111.241869
15125.397512
15126.629320
15115.571316
15113.992188
15113.339157
15087.760624
15102.184250
15086.401512
15140.756911
15102.174846
15102.133011
15117.517092
15118.718378
15129.996772
15103.057984
15116.363268
15127.113852
15140.800636
15124.556298
15113.168607
15125.248945
15130.014101
15143.826226
15127.928466
15157.808749
15125.941016
15125.000250
15163.919085
15128.437131
15151.527458
15123.315051
15152.191514
15111.864350
15110.760440
15108.059100
15101.160608
15139.664588
15140.861364
15121.778001
15101.712015
15125.587315
15100.292025
15112.117368
15098.797403
15086.361821
15108.755002
15084.466049
15085.874572
15088.680247
15125.041190
15099.404848
15086.469648
15075.572938
15076.163018
15100.682111
15151.508474
15111.506025
15099.850925
15112.120018
15102.719319
15113.282498
15083.103504
15124.502568
15114.256297
15099.827688
15099.989063
15099.480227
15115.814288
15094.670670
15095.052320
15095.175270
15085.160834
15086.396521
15085.134721
15086.799586
15084.336369
15168.339279
15170.494764
15167.641574
15166.258008
15184.107795
15164.558943
15139.027165
15138.276276
15175.235229
15116.738677
15146.602669
15146.591287
15127.324956
15126.573162
15163.524346
15124.797553
15153.817614
15153.859368
15110.306671
15132.850825
15133.454639
15120.925069
15119.743854
15117.574261
15132.889673
15156.684972
15156.669378
15124.042709
15154.422159
15154.462724
15144.828592
15144.812294
15157.142432
15157.126118
15151.381613
15155.853452
15155.839780
15144.267375
15144.252133
15148.080864
15144.512061
15144.489402
15106.861310
15106.408040
15150.191395
15106.937258
15109.727786
15109.722593
15122.594880
15122.122016
15151.429534
15133.568078
15133.860516
15122.478830
15151.761461
15134.240644
15110.537236
15139.798491
15122.300382
15120.716957
15121.342600
15097.842395
15108.927833
15130.963775
15149.207968
15108.223342
15109.976428
15135.980828
15122.749989
15132.716268
15122.760821
15133.827429
15148.177320
15176.747590
15121.758942
15177.267600
15146.226712
15123.829112
15134.675523
15108.226951
15131.588239
15106.267336
15132.077376
15107.495604
15096.395399
15106.506811
15119.586596
15107.848701
15105.481449
15105.415992
15129.992980
15107.280710
15150.242078
15105.601049
15109.206855
15108.536369
15118.413185
15187.040590
15197.638789
15145.515908
15115.604781
15145.504384
15127.753252
15127.006955
15126.009966
15128.598369
15167.277053
15156.006022
15155.488733
15187.106963
15157.335700
15156.805721
15128.524530
15156.585235
15156.052872
15211.002054
15187.162759
15204.676623
15187.135353
15205.253182
15125.625295
15126.922871
15139.300871
15127.071756
15114.790285
15103.056136
15141.316003
15154.974888
15155.532035
15157.267702
15157.228583
15147.127539
15135.561980
15136.646020
15114.378016
15143.250927
15132.422517
15146.220230
15151.622088
15138.515900
15126.875358
15158.109057
15158.109739
15191.807486
15140.423002
15127.303821
15139.036549
15115.662469
15146.362549
15146.362812
15145.310969
15146.463773
15157.214091
15144.517499
15132.373445
15149.271571
15211.999017
15113.855742
15115.159376
15127.402736
15173.445263
15161.446082
15160.200991
15190.288075
15205.785522
15190.248788
15114.106902
15102.981885
15138.862755
15135.088824
15138.310618
15116.906416
15127.113973
15129.830385
15131.244606
15130.261563
15144.992707
15143.126684
15132.972988
15155.002361
15207.596856
15125.139944
15133.806793
15124.842609
15112.823845
15135.339847
15123.006401
15123.537952
15133.980950
15138.907806
15151.087458
15136.570372
15139.612339
15122.319312
15122.937438
15124.209045
15124.832678
15114.852616
15135.880701
15122.808976
15124.207277
15123.931901
15143.600520
15112.680570
15108.335501
15111.834647
15100.475011
15122.318648
15127.809884
15124.689517
15110.437960
15111.696086
15111.023150
15112.420835
15135.794082
15160.106424
15158.989260
15143.854813
15145.267065
15172.295632
15112.120306
15144.298582
15146.996840
15129.017400
15140.214875
15173.567722
15173.723008
15187.548350
15148.385767
15157.107698
15161.725343
15181.426286
15178.554959
15169.695200
15171.908658
15168.997314
15176.013749
15185.505889
15182.592747
15195.545835
15177.712680
15166.456142
15180.053563
15190.733079
15193.970395
15196.127543
15183.290629
15193.273958
15165.084745
15179.277429
15168.599975
15180.950289
15231.858007
15198.840538
15183.109116
15179.252704
15180.253291
15200.996374
15221.233797
15198.144215
15218.854796
15236.641280
15217.141709
15115.303172
15127.945263
15083.397405
15083.729160
15082.375009
15095.441139
15085.102576
15109.324431
15082.334269
15094.070964
15094.734400
15072.291705
15084.091995
15084.753157
15099.521992
15096.088553
15113.232175
15096.804611
15108.025813
15108.249015
15093.764637
15094.286552
15093.711899
15112.855020
15110.073410
15099.789381
15074.504142
15117.397534
15075.856678
15087.698269
15124.283900
15116.083853
15101.184300
15101.271546
15124.408822
15098.875458
15116.123625
15099.608044
15113.054517
15149.089164
15137.945944
15121.327956
15121.352527
15123.027195
15164.946463
15097.986290
15123.065503
15107.711843
15111.918205
15086.730722
15112.782661
15100.888456
15090.364177
15096.448356
15135.567174
15125.294628
15109.433561
15108.513597
15108.522747
15095.010136
15148.571686
15137.945555
15095.554956
15094.941777
15112.641356
15108.467856
15109.737810
15128.815264
15126.927071
15087.727191
15115.247314
15100.145866
15118.694991
15153.629921
15206.210605
15095.994650
15071.406055
15080.178799
15071.459864
15070.921145
15081.390345
15080.755517
15081.434692
15081.977475
15081.440075
15080.402952
15082.626616
15080.916948
15071.001587
15071.161298
15073.101967
15081.636265
15094.384846
15080.907623
15082.921340
15091.439977
15095.565270
15072.719341
15071.778839
15072.046878
15073.072339
15081.937416
15082.515980
15071.613729
15094.986210
15093.765361
15106.180987
15107.363731
15092.844000
15094.695734
15104.112947
15104.290733
15093.169838
15094.425604
15092.047015
15091.396122
15103.322313
15096.153278
15096.110282
15096.729256
15107.857823
15097.903238
15096.740538
15097.587664
15096.420144
15095.809061
15071.640129
15094.952031
15091.475868
15091.531900
15084.887341
15072.281724
15072.118603
15070.907907
15072.071626
15095.162272
15082.127121
15081.577258
15081.426044
15081.744872
15082.903206
15070.162258
15072.100734
15081.526180
15081.978173
15082.517273
15083.156471
15096.823896
15097.950205
15097.857594
15097.409182
15107.871548
15096.639650
15084.940771
15082.337046
15082.440034
15070.748477
15070.884546
15083.623800
15081.341552
15094.915936
15070.927817
15081.355756
15072.166051
15070.879870
15070.225930
15070.304925
15081.437093
15060.981113
15072.073582
15071.302513
15071.485873
15062.277866
15073.416009
15081.719735
15081.337828
15080.019778
15080.716205
15050.298624
15049.708019
15049.460764
15050.753755
15070.875484
15072.787513
15070.854981
15095.994004
15070.899306
15070.133304
15095.289141
15070.192966
15072.610058
15070.173978
15095.842510
15095.948211
15096.543922
15069.539215
15070.871526
15070.878950
15080.262337
15080.320675
15105.310622
15070.435797
15071.559102
15070.825699
15070.199656
15070.896834
15094.836231
15071.489472
15071.513435
15070.959396
15070.203491
15095.393777
15071.472029
15072.036439
15106.583795
15072.129417
15071.458630
15070.209138
15071.505915
15071.622794
15070.162313
15071.404797
15071.505162
15070.741942
15080.840390
15080.912397
15070.767629
15070.873916
15070.856683
15071.484038
15070.163015
15071.425636
15072.062202
15071.506476
15071.345708
15069.539821
15070.789679
15105.879612
15106.112520
15106.009945
15094.228372
15093.767229
15061.539407
15060.159775
15060.929176
15059.346550
15084.759809
15061.606383
15084.203681
15084.746981
15073.728787
15074.271267
15084.948002
15084.948615
15060.730258
15059.457198
15071.500885
15071.932525
15071.471249
15094.945270
15096.772120
15095.556242
15095.594249
15094.796138
15096.072669
15094.887434
15074.582584
15072.828433
15072.348108
15072.973065
15096.427714
15096.403127
15096.542226
15096.543136
15060.922642
15071.505633
15072.243425
15072.238447
15072.048531
15071.614111
15070.771576
15071.424111
15070.988944
15061.518008
15060.241493
15074.698094
15071.958343
15083.366443
15070.744128
15070.908070
15060.399497
15060.283939
15059.707628
15058.405704
15060.312938
15059.679371
15059.678647
15059.682923
15059.719160
15060.968526
15059.757111
15082.744498
15084.536005
15084.312525
15110.528045
15109.339295
15111.739420
15094.235313
15083.167096
15095.024639
15105.005761
15093.684404
15096.010269
15095.696700
15106.833915
15107.866153
15107.498788
15107.945459
15095.815356
15105.848130
15107.399569
15107.987503
15107.721776
15072.261452
15083.048777
15080.808471
15073.331279
15073.082452
15107.104730
15108.182236
15095.930089
15108.088143
15095.506263
15105.987373
15107.496385
15120.490335
15083.137751
15093.205548
15088.009466
15099.755047
15099.723706
15088.470786
15135.832394
15169.289858
15138.273200
15138.493819
15155.266853
15138.271270
15138.465749
15099.255035
15110.086917
15096.239792
15096.009359
15111.253070
15107.214201
15096.726728
15096.433740
15089.965905
15111.246148
15109.836968
15138.257211
15121.393774
15121.806758
15120.552228
15120.554753
15100.599798
15112.666516
15110.712319
15112.863538
15112.219784
15121.584518
15110.670647
15120.700728
15132.565452
15118.861813
15108.330892
15116.427157
15118.550321
15121.196140
15111.199592
15112.972831
15124.572975
15108.859605
15098.105711
15098.325938
15097.640149
15097.839662
15113.511790
15140.457375
15122.215385
15140.694123
15113.745588
15139.309973
15096.351102
15097.044526
15112.362419
15140.339369
15099.241625
15100.193691
15140.047813
15112.569071
15109.131924
15098.722212
15098.530680
15099.758153
15107.643704
15083.225290
15083.845086
15083.199311
15084.938436
15083.831308
15108.750997
15118.210789
15107.557721
15084.338645
15083.853781
15093.882197
15083.127047
15083.790484
15083.705660
15108.705898
15123.389527
15108.563894
15107.962257
15108.465148
15109.897254
15087.181482
15098.370445
15100.707194
15096.746549
15095.141200
15096.288153
15110.706417
15097.353868
15110.306481
15107.993634
15134.552626
15109.383055
15097.859539
15100.297226
15109.305437
15119.982519
15110.002152
15120.671772
15122.043145
15125.069352
15122.511214
15122.764850
15136.798520
15112.094514
15112.854088
15112.236117
15136.140640
15110.042768
15110.862485
15108.699119
15097.188729
15110.735114
15111.693166
15123.939141
15098.939025
15097.983861
15097.268314
15108.507338
15121.869188
15097.417616
15098.186937
15122.519445
15097.597860
15086.744108
15098.029156
15111.870577
15113.487119
15095.609195
15122.189397
15113.747273
15112.363051
15099.258999
15100.196379
15112.586005
15109.147032
15098.765808
15139.681575
15099.761760
15100.353037
15100.589917
15099.814267
15121.867041
15136.933624
15097.923957
15097.834754
15096.481661
15122.349469
15106.605505
15118.592462
15121.476728
15108.673575
15109.980157
15107.746889
15107.437492
15107.942195
15096.830239
15107.718635
15107.387412
15097.119551
15098.876774
15099.788706
15109.262238
15098.382404
15099.352276
15097.233559
15083.713082
15084.328049
15084.807270
15084.999585
15086.668829
15098.338256
15083.683561
15084.055352
15084.217076
15086.613790
15098.267618
15085.972047
15085.477679
15108.082917
15073.163952
15086.412981
15086.443350
15081.943781
15085.404698
15097.848679
15109.046908
15098.735606
15097.457497
15097.769252
15074.255611
15095.891837
15082.110378
15093.317108
15094.079702
15093.010357
15082.529470
15095.746460
15094.379912
15083.575154
15094.741951
15106.994280
15107.565059
15093.717985
15084.220552
15098.583198
15109.541939
15123.005786
15125.061547
15074.691098
15074.201081
15096.854672
15087.580302
15099.538003
15107.310608
15099.134773
15097.342305
15099.505999
15110.918437
15084.589828
15095.690154
15094.388218
15106.927955
15099.737389
15110.729952
15084.484218
15096.449023
15074.736333
15074.756541
15071.513248
15072.335632
15073.105954
15098.040273
15098.582300
15097.248223
15098.516432
15097.425594
15110.183367
15087.837332
15087.292511
15075.883553
15098.388471
15087.939793
15087.880159
15110.421687
15100.163339
15086.631667
15110.329111
15098.749263
15108.566262
15083.824704
15083.823081
15084.574515
15094.428264
15104.432441
15096.681930
15096.387502
15096.439393
15096.059958
15095.724044
15096.072953
15086.578620
15094.612018
15072.954920
15096.094097
15096.500878
15109.785530
15093.861187
15094.959069
15082.935097
15095.776045
15097.398193
15097.075502
15086.191932
15097.711185
15098.641546
15085.858474
15095.061737
15097.177046
15083.497279
15093.432656
15096.233694
15095.943630
15108.516628
15095.668494
15086.181111
15106.544466
15107.282406
15097.685255
15085.874368
15095.725551
15097.180006
15096.355135
15110.403154
15100.265423
15111.240226
15124.777003
15113.083625
15126.511974
15124.626866
15122.799414
15107.706517
15107.204718
15111.802169
15152.712943
15098.861590
15114.028275
15083.864468
15083.625880
15096.005685
15084.600880
15094.424784
15095.083464
15096.307427
15095.010697
15095.579242
15108.167022
15108.727467
15096.306514
15096.213903
15096.193187
15108.140526
15097.433242
15109.312717
15087.138183
15098.039142
15110.197047
15097.661981
15098.271872
15085.348368
15085.925551
15140.751622
15154.816943
15114.245101
15125.666076
15114.219027
15125.637718
15095.001937
15121.715219
15094.991865
15086.556942
15119.633284
15097.660710
15085.799853
15100.681295
15096.371807
15110.286231
15095.768247
15111.700532
15121.260235
15086.438558
15110.185703
15097.570803
15100.114344
15101.065361
15097.064142
15112.058960
15111.091690
15095.787766
15107.946749
15097.347406
15120.948414
15107.909671
15122.866727
15085.505851
15109.067529
15096.675001
15096.750944
15085.222814
15097.824094
15108.553276
15107.230907
15108.554404
15096.517912
15074.684084
15073.389847
15084.113760
15095.678086
15085.927391
15120.434284
15085.836206
15108.467423
15140.549339
15098.411295
15113.566633
15075.290868
15121.844669
15097.052624
15074.833371
15075.346841
15085.351030
15105.865919
15097.440626
15122.309119
15084.499287
15096.856161
15081.480172
15085.148182
15084.357755
15083.571781
15097.202339
15093.628330
15108.915032
15095.003976
15107.226087
15092.936232
15097.396384
15109.483915
15096.970509
15106.587429
15097.605517
15096.621999
15085.879161
15086.456744
15085.030091
15094.770914
15097.985585
15099.131703
15088.053648
15088.678299
15123.768457
15084.675086
15080.880130
15082.791286
15070.982020
15070.901690
15072.207926
15072.473374
15073.218290
15083.385616
15083.970822
15084.605658
15084.616366
15085.230539
15085.756573
15083.504153
15085.123057
15082.063401
15080.789588
15082.308358
15070.969089
15082.436616
15114.518731
15084.383257
15085.607114
15059.156189
15059.611314
15059.073091
15058.387542
15070.150548
15080.284865
15080.956697
15082.140882
15070.288787
15070.941404
15070.464918
15080.253615
15071.420849
15079.968232
15080.075278
15070.069726
15070.126189
15070.721143
15072.652026
15071.308873
15072.077516
15141.124511
15124.226321
15108.922500
15097.430460
15109.605938
15101.673029
15108.880149
15097.382116
15109.542227
15140.142029
15101.672436
15128.149913
15142.393108
15115.450982
15071.185701
15081.731407
15086.346005
15084.407175
15096.566368
15096.716248
15096.652579
15135.431336
15082.449467
15109.433943
15086.636917
15085.237363
15096.861862
15119.968418
15097.153641
15095.447586
15096.026712
15109.424847
15084.681803
15094.152416
15094.246690
15098.109286
15083.056061
15083.734310
15061.287867
15081.092043
15107.607209
15071.238986
15107.089844
15107.086837
15093.111805
15093.117246
15108.702364
15071.832156
15096.305914
15086.051309
15070.936561
15071.562665
15110.076402
15089.277134
15088.959510
15096.209045
15096.806498
15096.334210
15109.566300
15089.260136
15111.536199
15071.862586
15072.663471
15086.202562
15086.959874
15086.337978
15062.332886
15082.111586
15082.202058
15082.791521
15085.256422
15072.421614
15069.604348
15070.363584
15093.496534
15069.771530
15070.875136
15049.653105
15107.935438
15107.138036
15112.689037
15063.020535
15083.825266
15086.878951
15093.863421
15094.400257
15108.437623
15097.039957
15075.413534
15098.564687
15085.566821
15071.202936
15083.047654
15108.513050
15084.362728
15073.598870
15062.373108
15072.935306
15062.857846
15061.056551
15071.640190
15109.277388
15123.106372
15096.728659
15106.792119
15094.093131
15108.847278
15074.481003
15072.734342
15071.422069
15082.525988
15083.064316
15085.698324
15086.348692
15084.373789
15060.306744
15070.381873
15069.574090
15085.559504
15084.976151
15086.996044
15086.238271
15109.420653
15098.494747
15094.202493
15094.146883
15097.277115
15097.258663
15095.714495
15108.392039
15096.744611
15084.635881
15085.433826
15085.682108
15119.789153
15096.852399
15096.660167
15096.729085
15107.752373
15096.815150
15096.857391
15097.998817
15093.026575
15092.997150
15104.337211
15093.908595
15094.462085
15093.997073
15085.190849
15083.611056
15085.777146
15061.114580
15071.686020
15085.190224
15086.384659
15061.682147
15085.256172
15061.790572
15072.362064
15081.002388
15080.974583
15105.452526
15071.204541
15071.755760
15072.318471
15069.796582
15094.842591
15094.901379
15106.564052
15072.257451
15083.960048
15081.506983
15071.550657
15070.909231
15070.822659
15071.405979
15072.104918
15069.534092
15070.098784
15092.747563
15070.123828
15070.149772
15105.855947
15069.680665
15081.590725
15092.751743
15092.828018
15081.573660
15081.063727
15128.578956
15140.101208
15098.993893
15097.651899
15086.965452
15102.208462
15099.472319
15071.299697
15072.373038
15071.728693
15068.834745
15071.058161
15062.311585
15071.082788
15061.645196
15072.525389
15072.550570
15061.861310
15109.235478
15082.202487
15080.939880
15081.533940
15082.250238
15081.717400
15094.072777
15072.279301
15073.145258
15073.338858
15071.865366
15073.897802
15073.373409
15113.544012
15107.601077
15107.522232
15111.474314
15109.954836
15087.250766
15110.644554
15108.384343
15108.918418
15109.475216
15098.176429
15099.139474
15097.123424
15095.748184
15098.162387
15097.817542
15097.615945
15096.827236
15097.656716
15108.910339
15096.786370
15097.125489
15109.595679
15108.668815
15108.716443
15109.562155
15133.017870
15120.638752
15107.999304
15108.003306
15086.260847
15110.355418
15084.844390
15122.368700
15087.251543
15109.262583
15088.186214
15099.582536
15100.520942
15111.471648
15098.501782
15100.121088
15097.017980
15099.544325
15137.620631
15100.411255
15100.953664
15098.398344
15110.508496
15099.473376
15111.186069
15137.725718
15078.205511
15076.961950
15087.672362
15096.696787
15098.359178
15088.144367
15084.993195
15085.675601
15099.113727
15086.130659
15109.723915
15122.753675
15087.000744
15107.899966
15095.595381
15083.384694
15094.852178
15095.040198
15094.938394
15084.634618
15085.395580
15097.459310
15093.366175
15094.308026
15108.465391
15112.706812
15111.750649
15111.444342
15097.351483
15108.552195
15097.953395
15123.284068
15097.899919
15098.415057
15097.896530
15095.943932
15097.280261
15097.890198
15085.222134
15099.059916
15098.206962
15097.906572
15109.237567
15119.132858
15099.535534
15099.263187
15111.352692
15099.112321
15121.866163
15097.913535
15099.051467
15121.829864
15097.802201
15097.720699
15096.533617
15096.205506
15097.313765
15106.475085
15106.890186
15117.801520
15099.445157
15110.119901
15108.935197
15095.026132
15132.963263
15108.937350
15108.110888
15107.458879
15107.452675
15104.955779
15152.762967
15150.444256
15119.385470
15108.361266
15136.641958
15124.990767
15119.780935
15120.000383
15135.689664
15122.721989
15122.928558
15123.484420
15120.302155
15112.016971
15111.180788
15120.970275
15121.568822
15109.591240
15121.754879
15109.189990
15109.425554
15110.908534
15120.773380
15109.687571
15110.537734
15122.105095
15122.176160
15131.430859
15109.117655
15097.483242
15109.881194
15120.289685
15098.798541
15100.227636
15121.649522
15111.186731
15152.781505
15105.685824
15108.732622
15133.675521
15095.712177
15109.609916
15121.303214
15108.079039
15108.182010
15131.645505
15120.318907
15135.710295
15109.433169
15122.944437
15123.525423
15108.865808
15108.007766
15109.393142
15121.946235
15109.738096
15108.896198
15109.298452
15098.505880
15108.117750
15097.663318
15095.472637
15094.905499
15122.544267
15109.978807
15096.773714
15095.984355
15096.718689
15097.152909
15096.427639
15095.932586
15098.143218
15097.866969
15097.423310
15095.862943
15097.759565
15135.531928
15096.596002
15135.715633
15120.116705
15121.322050
15104.809473
15110.145171
15132.878271
15109.423324
15132.782468
15108.566594
15108.564851
15109.691340
15108.472003
15108.484425
15147.767818
15120.934808
15097.403357
15108.780706
15108.313009
15121.812923
15097.400830
15097.104474
15096.198303
15095.604508
15097.255992
15122.721819
15098.307160
15098.010323
15097.497581
15096.948889
15098.636409
15108.450356
15109.087754
15108.681678
15150.811648
15109.709087
15121.378300
15109.360470
15073.467655
15081.569971
15084.740388
15086.078001
15083.423395
15124.346240
15125.084246
15108.011703
15108.007269
15111.692183
15099.079994
15100.976718
15059.955748
15047.979925
15073.355118
15085.594033
15048.862150
15048.817350
15048.141863
15070.779466
15070.855766
15081.584612
15070.690489
15080.198362
15058.942543
15060.133104
15059.578823
15058.853420
15113.020901
15114.360491
15141.280091
15098.299630
15086.788083
15099.130653
15073.546691
15084.241713
15073.586445
15087.138663
15098.705497
15072.223534
15108.679695
15109.809128
15138.546755
15096.099005
15084.629558
15108.846102
15140.103508
15085.679111
15138.159955
15084.307843
15108.062858
15097.195324
15095.782049
15111.527575
15097.947533
15097.472649
15123.013574
15072.103938
15097.864443
15072.804705
15093.016921
15095.179032
15094.899573
15082.305910
15071.690404
15082.719469
15083.457559
15096.880082
15096.267239
15094.795514
15094.886849
15071.484043
15110.519894
15098.126804
15098.049576
15098.683985
15086.285907
15086.255576
15086.840497
15105.517760
15110.501973
15110.256121
15096.331852
15107.905047
15108.521626
15096.747391
15107.653365
15097.928285
15133.257122
15096.885284
15109.038789
15097.200310
15097.238985
15097.939567
15095.379067
15095.361813
15099.333960
15099.998991
15098.116829
15097.451360
15098.609528
15131.812571
15112.290628
15110.032605
15124.116299
15112.160642
15110.748696
15123.788141
15124.546821
15102.109187
15112.740743
15123.752102
15124.624926
15112.643781
15124.337314
15113.904713
15109.034178
15124.873849
15109.008306
15099.329574
15099.287662
15115.315414
15148.939998
15154.225273
15142.838985
15125.489890
15088.081500
15098.493077
15125.976500
15152.620967
15138.177142
15138.224971
15122.729114
15122.801998
15098.576976
15086.465355
15109.923658
15099.952957
15112.927288
15122.166609
15098.695422
15110.942559
15136.171272
15113.993312
15113.455349
15139.186964
15124.368187
15123.831671
15136.755660
15140.235631
15111.483068
15122.611165
15110.470141
15139.623765
15099.625273
15097.862769
15136.511747
15098.978289
15094.193924
15096.544045
15088.269385
15087.806560
15120.900515
15098.340917
15097.219802
15100.183830
15140.191187
15111.439142
15121.966941
15099.153510
15122.127441
15122.322094
15137.274710
15107.237851
15108.576434
15107.966437
15108.792670
15098.829356
15108.971863
15108.915622
15108.741925
15099.925547
15107.438273
15073.771637
15095.375652
15108.849396
15097.187622
15098.172658
15127.812971
15099.000418
15139.466568
15109.512004
15109.213932
15110.502576
15110.469263
15124.834341
15126.246792
15100.503889
15099.218158
15095.702930
15107.280103
15097.094403
15108.596965
15096.033302
15097.892142
15085.188857
15097.167844
15107.806748
15095.127568
15097.972332
15118.773633
15107.558049
15095.522509
15095.556828
15096.609342
15108.295232
15083.737683
15093.750667
15107.147253
15083.368657
15110.236785
15109.677329
15093.262390
15082.800994
15084.537642
15083.675638
15083.249320
15109.063182
15095.405856
15093.217169
15095.362384
15095.521593
15084.553681
15072.743201
15109.020930
15096.093203
15082.695885
15082.940532
15084.149440
15096.278705
15134.124145
15096.305493
15096.230146
15121.734393
15097.344340
15107.311436
15107.209519
15085.106875
15072.263954
15120.796639
15083.888257
15120.213199
15095.697446
15094.508141
15094.557190
15105.673688
15106.242756
15082.819582
15095.079800
15082.184446
15092.724396
15108.246717
15096.508104
15121.576126
15107.627072
15110.081096
15119.470029
15122.129426
15099.323357
15085.143892
15121.396011
15130.832654
15095.055062
15095.070457
15119.998769
15120.867133
15107.701542
15109.494221
15087.887200
15099.536592
15098.971724
15095.803947
15085.760209
15085.164749
15098.607999
15096.806874
15096.853197
15124.961977
15122.561358
15111.545393
15122.018886
15178.971241
15098.444866
15110.937093
15098.453333
15107.137914
15097.765676
15109.415317
15108.564111
15097.691202
15108.668732
15083.513965
15082.867299
15070.089064
15070.078138
15095.271815
15095.237475
15059.477674
15084.962988
15070.906778
15060.339893
15084.995787
15058.951218
15058.997694
15082.994036
15082.348709
15112.352192
15071.904051
15060.213386
15061.452040
15070.678686
15060.651531
15058.141015
15061.998761
15060.825183
15084.862999
15057.946115
15070.681867
15060.089614
15084.087111
15058.172511
15082.218621
15081.569967
15113.455081
15099.287128
15098.733900
15085.083100
15072.677901
15097.186934
15084.977995
15073.232790
15085.078366
15083.228738
15084.081708
15085.078843
15083.325414
15071.184252
15085.255469
15081.243261
15084.007823
15085.171756
15097.742325
15084.940950
15059.684171
15059.632259
15083.557368
15082.292530
15073.410885
15072.099196
15073.524616
15109.659453
15083.716212
15069.652258
15070.951442
15070.341974
15072.304649
15072.189210
15072.863020
15094.119699
15120.602934
15107.860163
15097.415615
15097.480308
15108.869090
15096.804790
15097.405217
15095.605641
15094.970082
15107.365890
15105.584229
15104.415844
15105.732102
15107.168217
15095.812725
15116.014869
15106.909064
15083.811408
15094.301825
15085.170322
15095.772911
15106.641959
15106.016416
15094.914771
15095.114273
15119.893373
15096.577662
15095.773017
15096.210535
15097.286155
15107.953252
15096.263418
15108.599044
15085.220637
15108.537858
15074.029844
15084.539626
15096.014167
15095.053885
15095.103772
15094.459412
15084.072721
15083.973172
15084.272922
15094.773437
15095.345848
15093.657321
15093.651227
15094.122582
15093.453986
15093.516942
15094.183612
15093.003829
15094.143199
15084.224827
15096.494444
15098.314305
15114.024006
15088.317116
15088.298022
15152.289267
15101.040872
15113.378549
15071.888129
15073.806149
15083.177266
15083.733150
15097.282110
15072.547435
15073.185910
15094.978464
15087.484374
15097.983090
15097.987655
15100.543245
15108.089372
15096.874731
15098.148402
15099.990850
15108.068968
15095.038767
15096.305722
15094.788545
15094.873450
15098.082434
15093.279918
15095.701869
15096.459502
15083.884260
15107.013216
15107.153951
15085.884713
15085.844106
15074.402400
15085.176024
15083.201812
15083.230509
15073.805431
15132.900589
15095.652532
15085.782886
15085.767330
15095.663908
15097.051459
15073.703157
15096.372783
15097.015282
15096.468971
15097.649707
15095.279943
15121.755748
15095.393038
15097.041154
15083.544365
15121.535426
15083.586961
15082.830202
15082.751050
15070.219692
15070.143557
15112.743895
15112.794459
15098.800820
15123.160081
15099.526328
15098.900915
15098.817534
15110.757242
15107.784920
15108.543959
15123.212109
15112.327234
15072.612307
15085.553179
15096.012960
15082.707866
15094.730664
15084.175306
15073.028770
15096.424702
15111.055644
15071.374808
15071.397737
15084.126720
15084.694285
15095.223024
15070.340659
15094.645584
15094.668636
15070.862256
15070.929319
15083.578946
15084.147845
15058.359022
15095.904691
15095.332771
15082.195359
15082.214630
15092.737246
15096.771398
15096.726952
15162.695081
15136.012966
15137.160629
15124.457726
15096.280697
15133.144996
15097.171554
15095.371671
15133.691034
15125.516019
15124.821881
15163.272623
15162.053663
15097.673703
15095.885003
15123.448287
15096.946786
15095.810195
15134.284330
15097.826208
15164.631189
15164.870227
15166.061172
15085.652394
15084.926360
15084.710857
15084.809587
15084.976512
15086.746448
15153.943737
15095.576759
15096.853911
15097.130486
15094.935941
15098.157484
15095.553988
15097.883928
15150.145187
15096.892470
15128.959977
15130.043665
15088.380351
15100.268286
15089.481820
15100.421459
15100.954678
15100.952155
15114.438247
15098.441247
15085.894666
15086.408995
15108.915984
15098.309863
15123.764036
15124.426201
15133.743755
15108.125386
15108.183703
15086.473474
15108.342653
15108.399090
15087.239457
15098.398753
15098.406953
15098.282530
15098.754477
15099.092461
15099.590191
15105.316522
15106.365741
15106.961329
15094.473091
15104.946406
15095.695710
15094.541960
15104.559689
15105.656623
15084.636508
15085.305979
15095.251980
15085.275629
15086.454015
15105.819990
15084.695645
15095.146547
15097.188742
15096.393100
15108.408244
15096.397632
15094.630507
15095.313748
15095.375488
15108.387740
15098.479473
15099.111596
15076.870282
15086.599657
15087.329885
15086.726008
15086.683364
15072.292582
15070.423529
15073.362748
15071.563109
15106.777019
15073.011837
15073.420620
15073.593173
15113.100902
15087.804470
15096.702724
15059.656230
15060.922335
15072.798218
15060.471023
15070.961590
15060.372569
15060.294319
15082.892548
15071.937029
15073.179621
15097.502854
15108.832137
15108.854158
15097.953398
15113.221932
15072.614646
15115.755972
15083.152850
15082.465468
15082.420630
15107.894089
15084.398003
15107.091192
15094.722958
15094.905698
15107.809899
15106.972972
15094.213713
15093.347790
15082.782617
15119.450279
15106.507873
15084.046745
15120.962357
15093.081308
15082.408308
15098.051632
15084.762680
15129.756302
15095.328564
15108.445543
15108.436209
15131.386923
15095.545520
15097.453492
15108.551280
15094.475460
15104.943923
15092.105942
15081.557112
15118.961967
15095.463368
15092.929822
15103.464869
15092.470847
15094.710169
15085.083798
15083.957935
15120.084884
15086.952793
15094.525386
15106.419714
15105.928493
15092.640010
15083.942625
15094.176375
15094.409083
15104.628257
15093.606144
15106.912040
15093.335586
15082.819086
15093.591933
15093.605251
15136.121253
15081.066691
15091.994938
15091.380932
15083.532614
15119.262533
15106.343263
15105.802516
15096.678867
15108.763829
15119.517000
15119.130606
15150.489838
15096.657865
15106.516784
15109.164050
15109.529314
15107.059667
15109.035787
15108.629650
15107.744923
15149.852774
15096.049824
15107.493130
15097.373365
15122.632890
15152.070772
15109.981241
15116.371892
15107.904227
15120.094850
15107.087362
15106.611067
15120.500685
15120.289813
15119.546615
15149.631979
15106.380189
15117.872361
15150.224760
15096.408819
15107.835219
15096.601385
15151.225637
15109.157626
15095.007199
15105.596928
15108.124874
15122.131117
15097.239366
15106.601808
15107.758603
15150.632200
15108.988645
15108.311494
15097.471314
15152.106933
15109.473731
15107.975245
15109.110479
15096.230602
15165.133308
15095.074164
15121.712837
15105.688606
15133.162144
15120.884894
15106.554642
15122.234353
15082.022374
15123.999036
15127.300160
15126.186951
15110.754494
15109.359620
15107.223629
15109.428406
15109.390291
15119.848095
15119.216041
15119.977413
15110.124589
15110.095884
15120.561425
15119.903589
15150.525205
15149.837198
15149.025648
15149.518136
15123.503692
15123.493263
15098.695956
15086.047952
15088.315796
15086.619706
15125.756354
15124.368053
15087.866955
15098.655425
15097.932756
15109.058346
15122.891542
15086.448381
15099.526168
15122.742656
15121.547992
15098.802615
15121.404874
15120.797785
15113.217407
15120.607080
15098.487521
15108.397032
15108.433726
15099.332441
15121.359981
15122.545300
15121.365497
15096.489853
15107.593706
15112.912446
15086.461223
15110.992483
15136.546282
15096.714246
15097.933623
15096.703511
15096.502932
15107.606610
15106.981263
15144.040365
15108.158295
15147.786541
15161.475679
15147.208718
15108.763599
15098.366773
15131.895559
15119.929413
15109.545937
15157.547030
15135.081075
15107.166942
15122.785736
15151.583894
15134.940950
15110.264353
15121.032025
15114.604693
15115.400911
15132.237907
15130.588085
15158.015629
15156.764724
15139.720175
15073.180857
15072.384856
15063.191470
15073.803097
15089.818235
15074.309951
15100.631343
15107.495551
15108.967010
15106.994499
15120.062293
15107.042008
15163.332715
15109.537996
15120.085466
15107.721514
15084.968806
15086.229209
15084.137188
15119.658538
15084.269703
15118.534426
15083.858792
15082.992605
15084.127167
15083.637289
15085.721137
15083.799301
15107.453791
15106.142447
15106.046383
15118.478461
15083.560049
15082.825935
15107.483474
15105.587028
15107.364867
15106.759977
15137.305924
15125.895048
15085.425335
15084.746775
15122.605180
15108.332432
15084.524148
15108.851804
15083.277855
15083.346444
15084.417745
15084.493905
15084.345657
15123.913737
15085.016793
15101.470204
15107.031401
15085.841377
15085.815891
15106.935114
15151.654206
15112.371764
15096.825550
15113.485908
15085.454001
15096.690338
15074.290194
15073.552210
15097.922183
15086.125777
15096.770663
15097.353669
15073.586345
15074.833527
15127.099093
15114.334315
15140.329104
15126.085979
15115.137320
15123.204911
15109.400116
15140.317829
15099.701668
15122.643651
15140.222745
15098.076289
15099.728975
15111.459634
15108.762969
15109.465764
15108.552166
15138.256513
15109.307314
15128.267114
15116.232888
15133.252978
15123.910188
15103.524339
15110.113442
15163.058471
15110.625238
15111.259140
15094.691167
15096.570564
15084.350191
15085.079123
15124.864855
15084.779915
15123.019995
15124.956381
15086.688284
15123.738965
15086.190469
15097.432827
15097.463417
15073.155174
15073.081646
15098.166028
15097.543459
15074.434107
15074.978477
15139.397565
15102.038853
15125.480255
15124.760294
15110.520953
15109.984955
15108.994125
15115.395087
15101.156647
15100.014185
15115.397132
15101.171750
15100.563611
15122.192755
15151.252933
15102.210103
15110.882472
15107.582033
15099.358638
15097.135605
15086.897011
15107.560078
15099.889223
15141.154631
15104.232248
15124.380046
15126.822694
15124.296275
15120.149697
15098.890282
15097.570706
15138.382110
15095.439266
15095.546650
15110.508765
15124.847200
15111.072591
15146.643397
15149.365112
15108.220461
15135.445204
15124.444231
15123.042306
15122.429721
15121.171747
15121.234208
15110.875277
15145.232678
15109.945852
15112.210402
15125.481731
15112.146774
15138.487606
15152.130336
15149.223929
15108.628919
15148.640775
15108.732216
15154.877351
15102.597233
15115.461566
15114.146918
15127.642591
15136.310601
15138.343244
15105.362802
15139.094946
15112.099322
15112.076391
15114.805980
15131.168595
15153.335733
15166.058230
15123.980424
15138.861817
15138.881961
15104.696764
15139.047687
15113.871764
15087.784596
15124.631283
15083.740202
15062.104617
15085.432940
15060.831901
15125.913122
15082.526505
15110.794058
15073.365857
15083.468954
15083.171038
15083.729570
15109.625584
15072.769941
15124.644427
15073.970287
15073.967994
15061.557835
15086.310569
15096.953499
15120.448035
15096.862228
15084.299969
15094.355167
15085.000543
15071.591333
15070.860783
15060.827240
15125.239476
15072.168603
15061.077880
15061.541106
15061.611858
15084.224909
15085.188381
15083.840829
15098.216691
15072.272281
15073.352243
15072.121026
15097.537251
15072.569483
15097.377583
15072.840720
15072.053375
15071.492258
15070.117261
15070.813445
15071.274546
15071.975397
15072.136820
15082.712057
15083.308047
15070.771430
15070.341755
15071.462739
15082.117642
15072.215518
15071.081540
15081.042113
15070.991266
15071.519337
15070.852642
15071.447138
15081.995468
15071.338321
15072.684501
15071.441808
15107.557415
15123.650183
15126.632796
15082.124700
15088.631910
15099.615467
15178.887639
15099.402599
15124.708344
15137.988161
15134.577790
15083.851397
15083.162074
15107.464678
15094.834278
15074.224907
15073.688428
15098.780878
15133.949809
15098.501361
15108.930286
15094.824359
15084.922698
15097.118057
15107.562384
15082.557395
15083.191058
15082.849058
15109.166692
15109.731790
15085.693541
15107.457590
15097.469185
15108.541409
15084.014480
15083.675905
15083.881184
15083.169974
15074.646756
15074.098179
15102.137673
15124.811200
15087.385901
15098.457024
15083.442889
15141.320854
15090.264939
15089.346861
15100.259775
15100.501641
15113.022899
15123.562180
15118.558880
15093.368499
15093.986855
15084.027409
15083.970853
15092.673905
15092.648756
15117.454633
15095.516699
15094.946783
15084.256987
15084.175802
15105.479414
15100.859157
15111.876674
15088.303663
15088.221835
15092.029776
15091.365759
15094.891633
15094.367808
15083.552104
15083.519536
15104.209882
15135.763808
15122.918320
15093.625662
15095.400540
15094.346805
15097.108869
15093.029600
15095.639333
15108.363906
15093.721691
15108.140515
15094.270408
15103.614519
15094.210917
15108.344633
15093.503856
15107.775208
15107.095191
15109.350794
15095.371396
15105.982254
15099.335406
15084.925333
15099.277044
15084.760265
15094.224494
15073.491393
15073.003228
15098.785431
15105.415177
15105.181077
15107.197644
15105.227117
15095.566213
15093.843305
15093.366484
15084.364632
15083.840453
15094.790746
15095.462837
15082.494133
15095.976338
15092.564506
15093.148781
15083.110490
15096.044285
15094.231381
15098.506627
15084.889091
15097.167762
15083.223792
15083.286063
15084.429858
15082.914670
15109.766379
15085.659826
15095.684501
15096.842467
15083.451829
15083.002326
15083.267355
15082.602294
15073.975499
15073.476125
15110.072811
15098.830170
15093.100555
15097.259894
15092.449352
15108.293838
15095.185229
15095.305894
15104.500539
15084.408395
15095.386351
15127.115754
15086.684964
15110.070713
15097.386186
15094.379741
15106.778689
15105.814065
15093.037503
15093.663081
15136.994728
15109.936185
15083.881021
15083.832906
15082.405600
15126.979088
15086.354282
15085.682777
15109.571336
15135.874166
15083.589681
15095.593658
15084.409198
15126.633665
15096.166708
15109.603093
15108.402834
15110.194854
15162.909585
15093.087268
15082.964934
15095.668758
15084.664075
15127.441823
15086.239245
15098.479766
15096.966003
15096.849221
15096.533598
15097.429940
15096.888551
15097.909445
15110.183370
15139.637043
15099.082412
15109.057567
15132.324276
15083.762447
15081.045841
15096.939898
15109.589671
15104.162203
15095.499718
15096.719827
15086.190718
15096.298976
15095.772197
15138.978193
15096.344770
15092.985201
15092.971409
15094.093168
15094.390834
15094.333208
15106.363334
15133.791821
15095.065364
15095.069607
15138.315859
15095.666423
15083.026506
15080.938239
15080.993977
15166.575237
15113.733906
15115.560099
15099.189529
15084.721671
15112.453747
15113.118426
15113.841484
15099.724010
15112.664898
15125.754507
15124.300399
15137.253339
15129.461074
15123.947448
15113.719776
15110.188823
15110.539719
15098.597848
15106.418320
15121.624124
15132.642150
15110.631145
15119.199327
15119.835150
15107.901367
15118.685768
15106.824743
15105.362660
15083.326460
15084.505063
15107.220361
15094.540893
15083.354615
15084.660264
15073.859817
15095.479027
15086.272256
15086.055009
15070.144160
15080.961963
15097.528762
15081.557830
15097.474629
15070.885943
15108.105606
15072.519656
15070.910042
15071.973393
15071.259097
15106.860017
15070.124681
15071.063421
15080.942720
15106.661073
15081.479763
15080.945386
15071.523612
15071.391560
15070.909006
15071.414734
15071.313696
15070.938209
15071.338863
15144.970803
15150.722367
15134.595030
15131.594336
15104.268455
15130.621251
15144.560245
15148.318554
15114.895955
15114.462577
15100.593077
15088.908631
15088.761742
15100.067402
15100.719324
15097.846115
15097.839871
15101.110873
15104.126973
15089.978907
15089.426057
15061.679772
15062.941606
15063.166949
15062.710110
15085.396733
15113.803868
15095.981451
15098.627926
15098.586466
15100.442702
15097.729331
15097.808482
15087.379298
15087.335291
15062.453901
15060.388426
15061.864408
15062.021099
15084.733218
15061.578185
15061.551429
15059.793654
15148.264514
15133.882508
15145.240745
15096.018950
15087.587472
15096.073312
15086.993515
15088.201894
15076.616369
15077.230430
15076.674362
15085.244429
15084.952107
15084.726859
15097.335530
15107.771057
15084.433602
15085.166465
15086.874270
15087.161964
15098.663022
15108.442906
15085.693234
15136.739949
15139.370227
15100.071887
15122.400686
15121.734434
15121.771758
15099.608854
15150.917053
15110.806034
15109.528812
15125.525377
15121.628972
15095.883428
15095.159437
15094.503113
15094.781890
15096.099153
15096.386589
15104.345562
15107.301889
15105.397601
15130.423626
15094.366065
15121.844895
15069.638872
15071.015766
15061.016338
15061.016860
15083.830374
15070.533841
15072.073555
15072.663399
15072.261019
15073.386671
15073.980924
15097.026953
15085.938130
15073.445924
15071.735653
15081.542745
15071.516888
15072.114403
15085.251898
15071.554397
15070.354548
15081.466840
15095.637183
15084.475297
15094.791968
15107.739718
15094.474452
15084.524677
15109.642037
15071.820416
15072.114380
15070.903198
15073.692208
15098.662887
15096.842872
15070.835049
15071.592023
15126.077975
15125.615662
15072.093621
15084.144821
15085.879000
15071.341136
15085.175505
15083.464405
15098.471062
15074.183746
15111.190731
15100.781777
15108.046527
15096.545709
15112.609377
15123.129106
15111.911283
15121.617994
15097.078182
15097.892887
15108.005785
15086.116932
15123.375587
15099.336393
15109.324993
15098.367368
15113.150863
15124.142095
15100.478636
15106.820658
15099.129259
15110.518514
15106.839439
15106.583384
15094.622565
15096.001253
15092.217227
15096.509695
15081.656815
15096.244793
15095.383969
15095.315787
15093.338573
15094.579800
15083.985694
15096.890975
15096.816476
15096.265351
15107.809263
15108.839656
15108.475905
15095.232998
15083.751235
15120.519001
15121.630058
15107.649661
15108.592559
15085.410577
15111.994159
15084.784798
15084.562615
15086.561023
15072.250827
15086.296152
15084.485171
15084.601193
15071.462342
15084.849123
15084.251214
15084.059072
15095.633695
15106.637153
15095.134871
15095.403610
15108.883776
15082.813797
15082.049605
15098.595130
15099.952285
15086.216893
15087.834560
15130.888713
15133.306221
15144.953581
15130.495664
15133.401374
15145.004569
15146.939081
15114.698741
15097.245168
15110.551426
15097.418205
15097.377124
15108.666529
15108.104129
15084.868891
15084.959251
15126.752154
15098.659664
15113.289742
15099.279861
15098.770583
15098.798503
15149.443216
15120.892151
15163.550903
15180.275148
15178.119428
15113.704383
15102.013688
15099.117715
15125.393142
15110.031762
15122.531099
15097.302477
15097.688285
15123.732260
15114.289816
15127.754093
15097.978863
15109.842332
15110.708832
15139.315286
15121.776105
15110.850786
15096.019721
15107.863225
15124.577659
15108.536423
15120.792281
15119.697585
15125.071654
15083.547132
15084.172653
15119.851985
15120.885019
15107.164894
15083.220540
15083.828682
15121.265827
15105.993792
15106.406875
15121.564637
15133.835938
15160.095372
15094.044419
15094.759278
15083.775983
15094.370066
15106.427602
15105.285218
15093.237805
15118.326797
15095.366156
15094.966323
15120.964263
15093.368629
15093.468196
15094.090244
15107.809998
15109.155979
15120.647662
15120.714957
15132.817040
15121.137061
15133.884652
15094.143160
15095.619885
15096.236491
15097.182024
15120.820818
15120.804465
15096.214445
15133.433929
15106.682992
15093.674199
15083.173943
15083.605642
15083.765506
15118.668064
15123.199898
15123.264189
15094.887231
15096.312496
15137.003018
15096.926769
15094.347834
15130.397529
15085.100943
15096.195277
15094.304579
15104.888486
15120.674471
15107.578513
15119.247897
15106.305583
15095.800408
15118.602531
15131.134670
15096.617567
15107.633137
15105.113775
15106.441486
15122.846266
15072.574202
15072.516763
15097.118021
15083.237446
15083.769200
15083.191955
15096.886787
15081.619156
15081.541709
15107.122212
15096.094193
15071.643653
15084.167844
15097.278902
15071.594406
15084.095620
15108.806231
15084.147729
15083.834907
15095.249716
15125.916392
15095.863952
15119.459298
15119.450768
15092.648181
15092.077766
15107.523357
15117.915787
15091.948488
15108.163376
15118.555254
15137.253877
15097.463740
15107.949582
15097.496766
15122.373125
15085.868091
15121.746740
15096.992968
15096.357878
15099.379566
15096.411025
15113.120275
15097.086044
15110.845721
15110.994158
15151.143336
15133.644732
15140.109413
15111.575085
15122.141352
15096.742758
15107.999022
15125.287374
15108.685870
15111.327835
15096.442021
15108.351098
15125.055854
15109.023054
15120.183356
15111.040787
15100.083366
15109.680707
15120.641140
15122.580183
15111.699309
15110.455270
15096.978433
15097.010863
15123.006243
15112.043585
15085.268863
15094.608804
15093.118561
15096.417445
15109.647304
15108.012089
15120.430119
15110.243896
15107.719725
15121.522439
15120.733231
15085.697896
15110.995279
15085.734726
15111.551372
15110.230845
15089.105180
15098.036380
15107.100279
15147.663162
15137.770237
15120.235316
15104.909070
15104.820098
15105.457453
15125.795823
15119.842895
15122.204131
15142.126170
15087.827495
15153.854501
15099.513983
15111.492513
15108.566056
15152.400705
15098.630611
15109.323801
15110.627313
15099.707048
15111.368717
15124.438397
15098.237636
15109.028951
15150.563858
15110.056948
15121.924181
15100.245294
15111.034075
15146.643863
15120.925811
15138.938479
15085.057434
15122.011141
15096.485323
15129.091542
15085.157982
15111.954389
15122.570049
15165.877643
15110.432745
15111.559292
15106.452609
15122.282465
15121.876733
15153.301163
15150.205647
15106.196282
15106.311590
15121.251622
15099.964520
15097.334167
15126.061655
15113.681775
15086.174663
15097.169460
15108.142124
15136.858981
15108.694679
15124.470930
15094.383108
15094.334849
15095.030912
15097.200116
15097.667476
15098.315702
15110.767139
15120.788931
15132.687374
15097.578997
15097.707472
15110.174903
15109.002571
15126.798083
15115.257768
15095.034171
15095.579496
15100.531809
15122.457567
15111.535563
15098.309645
15137.601502
15087.401667
15111.555305
15109.999344
15122.702611
15122.670901
15122.135835
15136.118631
15110.178750
15095.594075
15108.438099
15107.781938
15094.216112
15095.029680
15093.553442
15094.776173
15109.692750
15094.155223
15093.738682
15094.972810
15094.113941
15093.440419
15168.181701
15097.919334
15108.698317
15111.131236
15149.993266
15121.956888
15164.066753
15126.881144
15084.236126
15082.955622
15095.699118
15096.964849
15109.676385
15083.730247
15083.753882
15127.630185
15128.113044
15084.905865
15084.926266
15084.231719
15084.227137
15096.842146
15098.102621
15096.077786
15097.426624
15071.483906
15062.067577
15112.053323
15152.344708
15101.292945
15100.400027
15109.545644
15108.920202
15111.530762
15114.347019
15087.722889
15098.494883
15085.415669
15110.427429
15099.355568
15084.919701
15084.817816
15128.376251
15086.065007
15096.854407
15152.821415
15111.921173
15141.305148
15110.825403
15121.700180
15109.563877
15139.412057
15097.746047
15108.976654
15096.553065
15107.564786
15129.285545
15075.841043
15121.188861
15098.798809
15109.711428
15099.609010
15100.248894
15085.357198
15086.789973
15110.555850
15094.710690
15121.695926
15163.934322
15086.037526
15132.625793
15096.497482
15122.771762
15127.218026
15085.816993
15096.791246
15111.258782
15153.475775
15076.786285
15075.544804
15099.700185
15127.313327
15086.726315
15083.921659
15117.944054
15116.675304
15074.542729
15073.939894
15108.917983
15132.507992
15097.971594
15109.046879
15095.246417
15094.872437
15095.396843
15096.581265
15085.492575
15095.434496
15084.915473
15104.584687
15120.433970
15087.513538
15086.272018
15095.238942
15108.675636
15094.574755
15095.301869
15094.266744
15095.568346
15084.539280
15094.971665
15084.453152
15095.483836
15084.378420
15094.831574
15124.990923
15104.075415
15095.939147
15083.074595
15083.213419
15072.572039
15082.567722
15120.088619
15083.750300
15073.097401
15083.143753
15096.698385
15086.035283
15094.985966
15094.412839
15095.694587
15096.103441
15086.063511
15072.431164
15119.491692
15094.793996
15072.997706
15081.787585
15083.049421
15082.949109
15095.470631
15081.637139
15082.736457
15082.189399
15083.531649
15124.405027
15070.810464
15070.287686
15081.296339
15081.435416
15082.058098
15082.573816
15080.910417
15070.167495
15069.740801
15081.525665
15105.907509
15059.626090
15095.108674
15115.322580
15116.072196
15122.453598
15095.617335
15095.713149
15095.186027
15105.575042
15107.998344
15123.137710
15074.411772
15097.537681
15074.420901
15096.952883
15096.305165
15096.404166
15095.918853
15131.474642
15095.764382
15108.906391
15095.744011
15095.009132
15084.579734
15085.826718
15084.629752
15094.625988
15108.921215
15095.895428
15085.358219
15095.771040
15092.312134
15111.175436
15107.527237
15108.037976
15150.644844
15097.469461
15108.158578
15109.497136
15098.435302
15086.698522
15129.118671
15087.487597
15100.144991
15098.620703
15137.922640
15122.060326
15075.992812
15148.510975
15085.086177
15087.376831
15087.170850
15099.026418
15086.415226
15089.447020
15112.571253
15123.944199
15096.287622
15096.935190
15124.669635
15097.694167
15086.486955
15121.701513
15097.169357
15097.746443
15124.792331
15085.339502
15085.917928
15086.432058
15097.717598
15108.904610
15113.771537
15062.359009
15072.335086
15073.264918
15074.517074
15087.536488
15087.463310
15114.607715
15105.484151
15126.836984
15127.412925
15099.714206
15099.775902
15099.239815
15113.919456
15099.046392
15087.508194
15088.825283
15065.187099
15091.478707
15115.547189
15100.891552
15090.179213
15100.920534
15073.562675
15073.502350
15063.063934
15062.877665
15073.380000
15112.983728
15094.776782
15084.047752
15093.599044
15084.066150
15106.740778
15124.452223
15083.762916
15094.951272
15073.135584
15084.250242
15094.683834
15083.018542
15095.304035
15095.301846
15083.782894
15093.759416
15072.516115
15083.121159
15107.625978
15072.861648
15097.488403
15097.503783
15099.084346
15112.873695
15085.217230
15082.775769
15106.642231
15082.027200
15082.750954
15092.717277
15107.870598
15096.787510
15096.744420
15121.133739
15122.078369
15098.220508
15109.105699
15140.252897
15110.431473
15099.656131
15098.119843
15109.006267
15140.119007
15121.955253
15136.069700
15122.266323
15122.283651
15112.041438
15107.669844
15095.090985
15106.991246
15094.946457
15138.284606
15096.659757
15094.278353
15140.068559
15139.513808
15086.848946
15086.740808
15134.752207
15097.822741
15097.263868
15106.153616
15097.624741
15097.517804
15145.531464
15108.595990
15108.034034
15106.953710
15105.872594
15120.589170
15151.720483
15109.118798
15108.532215
15108.448144
15146.640341
15086.067692
15099.503395
15110.277668
15113.337703
15123.910560
15073.050973
15073.235398
15096.400818
15094.870794
15094.901558
15097.516289
15083.778367
15083.181587
15093.120832
15094.534534
15096.842448
15071.939079
15073.858427
15095.663354
15096.030854
15094.785489
15086.432718
15085.219930
15099.036351
15097.636723
15087.325067
15087.290034
15097.642683
15072.721289
15072.802039
15073.700623
15074.377898
15086.280869
15096.870847
15098.029705
15109.347024
15109.606915
15108.849129
15120.327406
15097.816758
15098.194057
15109.941716
15094.953850
15105.990070
15095.787106
15092.975973
15094.244187
15095.247827
15095.071855
15106.841602
15106.959643
15105.782601
15104.392916
15102.979944
15106.167032
15106.550256
15103.075555
15105.909712
15073.514787
15074.919309
15108.029336
15098.372275
15099.025947
15142.068602
15087.511321
15088.375026
15123.765353
15098.022339
15108.992854
15119.970869
15099.989749
15100.332045
15082.853901
15094.712741
15094.075416
15072.056320
15082.255305
15072.185317
15081.713327
15082.442268
15083.095763
15118.601105
15106.282240
15107.342618
15093.626226
15094.178009
15093.700840
15094.743758
15094.161521
15093.757154
15072.841681
15072.243476
15083.314801
15105.428827
15082.733043
15082.196486
15092.656236
15092.308478
15091.305289
15083.958795
15107.331729
15110.868646
15122.360717
15094.440460
15095.801041
15096.304490
15094.367968
15071.567978
15072.871900
15119.756649
15121.593667
15122.242412
15083.331657
15082.469478
15083.077177
15095.632965
15071.680088
15093.550367
15094.180092
15107.955982
15099.541386
15083.596342
15113.031984
15085.497950
15085.582830
15124.256678
15082.455304
15083.727554
15092.943133
15094.348552
15084.487911
15095.558039
15094.761596
15130.775600
15118.954973
15111.355223
15095.898018
15095.306749
15083.875773
15094.435536
15095.988028
15131.270456
15119.440102
15096.002865
15087.693196
15088.000053
15096.040910
15109.615236
15097.259588
15097.360414
15136.049919
15086.790781
15087.080820
15109.812912
15085.085806
15108.931547
15087.372416
15110.106632
15084.807295
15096.118623
15132.906712
15096.012403
15096.098507
15081.831289
15083.082949
15080.229566
15082.324968
15094.946231
15094.683253
15093.556013
15091.801053
15092.839668
15103.383782
15085.626724
15070.992796
15070.346328
15071.681656
15061.144152
15083.868083
15083.667689
15070.879105
15070.363562
15081.860775
15080.169229
15105.225509
15080.277244
15072.070490
15071.555187
15072.209801
15061.216575
15095.319882
15081.576810
15082.798437
15118.503311
15070.939797
15070.293124
15105.595228
15082.270781
15081.082547
15081.601881
15106.190714
15081.691325
15082.258637
15081.756815
15118.421138
15082.239547
15082.225495
15094.543979
15072.264223
15082.299119
15071.761851
15082.729751
15082.268514
15080.824984
15080.314992
15080.365581
15080.784909
15080.350512
15082.806559
15071.816950
15094.827856
15095.428496
15084.854629
15083.812362
15128.194065
15084.957650
15085.557150
15074.427271
15114.351499
15073.384629
15086.376507
15085.774083
15126.861214
15072.958352
15071.612485
15074.112662
15072.268426
15099.194434
15087.642279
15108.677274
15070.899724
15071.644345
15071.477890
15071.741067
15072.340939
15071.836145
15072.843132
15105.444470
15071.002074
15072.326338
15071.753788
15072.243342
15058.525485
15111.276637
15071.570903
15081.560407
15071.410687
15072.731798
15071.016929
15069.750154
15084.645195
15084.089903
15060.184295
15061.458052
15060.413352
15061.006794
15059.871304
15060.457353
15059.896581
15061.045496
15059.745835
15060.423377
15083.010351
15084.160711
15082.434339
15082.908812
15083.576796
15082.949139
15082.899301
15084.030218
15083.475288
15080.906898
15116.488902
15081.553883
15081.611982
15107.184356
15115.901596
15080.821917
15081.363757
15081.469512
15106.587990
15106.516059
15107.072296
15082.844917
15081.677236
15070.909128
15070.405086
15070.369127
15116.534424
15082.707291
15081.486750
15091.295373
15091.942171
15084.098457
15082.773426
15070.953406
15072.185176
15096.605981
15096.093362
15107.057970
15084.891599
15095.958823
15095.387938
15082.416120
15083.641747
15071.051162
15071.606309
15096.103106
15096.177532
15095.411782
15095.427728
15083.813630
15083.879984
15083.997399
15083.904043
15097.418511
15108.911081
15096.788031
15096.203815
15107.204415
15084.047032
15084.189824
15094.289120
15094.363128
15084.677868
15083.534219
15084.007572
15084.093582
15113.887517
15113.148465
15072.249094
15098.208218
15099.554053
15141.347974
15087.532462
15094.637406
15083.242881
15095.264422
15094.330713
15094.234745
15094.784457
15082.652913
15093.188897
15093.716482
15104.874219
15085.338888
15085.258082
15126.571166
15083.859918
15104.090551
15095.588482
15106.207766
15118.949808
15149.591898
15107.504082
15121.512248
15095.208789
15137.666036
15094.410031
15095.027527
15105.849924
15095.485107
15106.523553
15119.935261
15106.373969
15094.955872
15105.624277
15106.405410
15106.493122
15095.327843
15105.920652
15094.927178
15108.781425
15137.526480
15120.084702
15119.567786
15094.885416
15083.990917
15093.590579
15120.620432
15107.668287
15107.490600
15138.224066
15084.437471
15095.881653
15107.995326
15096.056626
15108.521691
15108.398671
15108.396119
15162.165419
15131.891091
15110.355362
15108.899299
15110.163213
15151.388653
15097.496959
15108.952663
15098.178016
15108.197013
15109.068819
15096.013309
15120.008664
15120.588340
15105.935593
15108.169522
15109.365736
15118.064999
15148.752837
15094.965297
15106.414150
15108.727935
15104.706666
15119.811692
15130.909589
15106.586019
15119.253556
15120.220494
15120.322255
15160.999715
15139.063003
15095.731531
15085.877465
15119.717723
15119.136211
15096.573337
15107.305061
15083.682085
15094.291577
15096.555362
15093.150625
15105.004343
15120.926918
15119.873004
15097.879059
15109.313333
15084.816915
15095.492620
15084.289264
15095.896070
15108.634398
15109.322941
15109.772307
15149.813207
15095.892490
15107.381289
15109.701332
15105.696686
15108.890141
15108.906512
15107.877454
15082.944743
15121.873428
15107.415959
15120.835797
15107.556298
15138.318587
15084.427494
15109.056964
15097.665774
15098.443352
15139.568102
15096.366310
15086.729044
15086.487075
15097.259001
15083.100940
15097.908221
15092.726000
15083.385103
15094.421495
15117.762210
15083.112850
15093.698440
15094.313776
15090.742207
15107.183866
15087.382187
15097.911296
15083.703469
15108.136748
15135.686904
15106.811621
15074.210082
15073.676497
15084.819681
15084.287397
15117.661938
15107.411907
15118.751665
15097.048505
15107.825027
15119.614605
15119.651901
15100.024955
15089.450742
15100.030375
15084.949625
15088.346516
15077.788241
15088.366582
15124.167628
15075.453610
15074.871968
15108.651597
15135.248034
15148.614218
15180.200619
15124.776544
15099.832118
15099.297935
15107.248466
15095.199063
15107.847252
15094.357453
15095.669764
15098.335984
15095.721357
15094.553058
15084.490169
15109.452200
15086.129404
15085.549066
15107.465800
15108.122978
15119.297700
15074.925724
15074.371721
15108.668610
15112.428948
15136.236619
15123.447433
15140.184752
15086.433924
15109.431236
15110.806199
15152.645289
15098.782170
15097.857961
15139.021264
15085.832347
15108.055467
15098.459778
15109.940380
15098.277418
15120.957376
15120.408311
15162.713765
15157.127274
15107.822972
15107.866681
15108.043404
15161.535143
15131.815029
15107.650078
15108.338608
15108.974387
15108.428962
15119.935276
15124.804330
15097.630416
15109.535055
15073.581141
15073.025514
15107.356493
15137.224865
15096.542665
15141.431754
15096.919491
15087.893087
15098.423031
15149.348982
15077.165115
15064.471810
15075.780793
15065.897059
15073.207617
15067.011138
15078.210672
15095.926621
15093.587297
15074.581491
15085.694759
15085.195476
15076.857006
15064.159854
15076.804452
15094.335618
15069.950655
15095.696178
15093.870961
15070.716492
15082.718735
15081.580846
15081.532370
15082.309514
15092.775247
15082.814747
15070.683179
15095.829887
15083.380247
15072.170023
15097.816644
15071.493182
15071.505968
15110.509613
15061.435349
15084.755217
15098.323924
15073.200001
15084.942062
15110.106371
15071.770031
15072.514204
15085.075005
15061.103538
15084.898282
15085.586742
15097.234498
15070.128423
15071.425781
15048.250063
15060.287420
15060.307061
15059.815402
15060.826004
15060.801453
15048.470813
15093.877106
15125.590898
15125.635793
15086.895209
15098.097343
15087.585658
15125.023363
15096.086462
15125.026775
15096.102350
15095.540783
15086.889636
15097.153652
15125.973074
15125.514265
15072.442643
15083.139395
15086.554906
15097.071344
15087.031613
15087.596146
15087.154959
15097.679100
15113.280270
15111.817171
15108.334918
15112.395633
15086.414364
15071.821465
15076.981347
15097.237964
15073.327085
15095.550106
15084.539399
15097.334022
15084.751043
15083.516851
15084.681261
15084.062813
15138.354262
15139.402652
15109.388665
15108.609614
15109.966660
15098.748964
15120.641004
15120.679863
15097.453789
15121.190824
15109.102269
15097.792036
15120.107397
15109.837930
15121.120792
15121.459481
15111.668866
15110.399046
15112.842588
15112.261166
15136.640423
15134.964952
15082.737186
15084.642358
15083.959145
15138.161161
15138.177983
15111.284294
15075.414710
15111.294835
15099.836655
15108.281106
15096.354172
15097.411825
15120.059805
15109.721596
15132.097682
15085.460409
15096.587947
15133.502451
15100.349846
15121.232844
15095.703433
15123.329233
15099.830317
15132.460263
15098.518709
15097.365468
15098.176388
15121.332852
15110.408048
15095.676318
15109.267914
15109.327106
15098.919112
15120.590524
15120.592043
15108.456817
15107.752692
15125.254024
15112.780592
15112.200989
15136.612777
15134.904387
15121.275552
15110.307574
15096.684868
15097.003205
15108.283776
15120.025105
15109.074463
15096.679861
15096.706603
15140.116704
15137.417040
15137.379267
15135.629406
15097.385348
15135.671216
15097.370018
15111.340980
15089.116744
15088.766425
15088.372162
15088.318806
15110.745946
15084.679075
15087.806970
15110.339342
15110.872214
15110.895722
15100.588367
15124.921094
15098.886941
15099.357980
15099.302018
15101.376935
15084.077197
15096.864803
15096.264452
15095.118250
15097.291446
15096.532252
15083.946103
15085.807618
15075.919827
15124.419685
15124.474042
15151.425778
15097.301103
15110.247312
15097.175512
15096.706392
15121.445163
15099.099490
15098.748565
15124.457743
15098.402526
15098.847066
15098.791262
15128.344810
15100.896103
15086.356483
15098.028191
15086.807259
15096.713607
15084.348994
15095.373855
15109.029242
15095.285111
15072.602067
15083.649495
15083.649840
15083.487191
15094.262246
15083.128096
15082.434926
15084.257992
15096.973672
15096.373604
15084.644260
15085.777035
15061.518243
15070.660701
15082.902530
15072.352023
15083.399568
15072.731232
15084.424498
15095.847411
15095.436638
15084.165107
15080.038580
15072.545954
15092.920311
15097.033353
15095.655288
15094.303082
15073.851085
15119.768668
15108.660655
15074.511297
15076.663320
15109.109840
15065.258164
15148.490940
15137.657447
15144.459813
15143.324320
15127.829852
15128.048269
15138.454603
15145.247196
15144.125282
15128.529997
15146.013395
15116.011819
15145.998175
15127.678064
15140.798498
15160.776194
15160.776188
15177.826139
15199.774426
15131.871419
15118.684562
15165.295380
15131.281035
15118.069472
15135.217510
15104.583457
15135.216072
15116.223245
15129.341849
15181.998952
15168.854628
15181.883694
15168.853766
15124.879610
15123.621493
15179.336621
15179.336508
15124.232883
15177.263590
15134.839417
15104.196517
15134.839683
15115.837197
15128.957440
15126.163223
15175.008230
15139.848240
15151.866139
15137.803662
15150.921171
15126.637024
15136.258103
15129.082077
15140.872859
15158.136423
15156.853680
15159.290137
15156.852220
15143.405008
15113.346124
15143.406275
15124.972278
15138.132211
15139.116961
15123.481778
15111.671600
15126.887106
15123.548483
15124.229601
15089.766702
15149.705333
15137.577591
15174.436010
15174.435041
15176.885700
15139.261678
15144.953135
15146.104758
15138.717148
15138.200311
15141.230469
15129.649557
15163.479982
15150.359455
15170.978521
15169.390639
15169.782751
15169.390798
15142.862443
15157.736086
15156.598039
15181.344579
15141.878893
15145.572309
15188.228985
15212.444052
15144.030876
15144.452130
15157.270417
15124.042082
15124.041224
15110.564611
15148.351020
15116.333259
15115.803316
15126.838918
15110.121919
15098.395236
15084.363893
15086.232254
15108.747132
15136.410194
15146.825218
15132.760486
15102.528281
15187.836546
15098.811308
15088.719866
15127.043082
15087.529359
15099.657216
15087.974713
15125.909997
15125.912657
15098.086076
15099.207372
15150.553169
15111.260003
15112.409667
15086.650466
15111.758987
15124.616704
15096.714320
15096.448057
15097.191301
15097.549317
15133.777261
15096.252624
15099.578802
15100.727423
15100.078106
15086.232034
15122.937641
15136.694181
15129.738649
15128.176517
15137.863475
15127.235263
15139.328198
15117.791219
15117.404048
15124.326498
15088.057581
15100.942671
15097.847146
15086.720308
15113.597071
15076.630672
15139.517224
15128.271258
15100.813725
15152.216271
15112.015985
15110.722576
15098.719824
15098.400696
15087.996573
15100.608960
15099.614574
15133.684633
15121.952054
15100.265062
15099.293211
15132.813003
15101.455543
15108.589919
15098.807084
15097.250373
15089.538128
15087.959996
15088.284264
15097.618905
15087.062375
15087.451243
15128.827682
15126.498539
15104.918985
15104.517326
15110.266210
15113.669023
15114.230488
15128.384359
15128.677599
15152.921490
15100.168360
15086.733738
15087.969184
15109.848298
15101.580879
15089.270578
15111.809758
15127.079134
15126.301025
15155.293963
15110.618856
15111.745979
15115.940287
15134.712463
15123.203272
15132.724390
15133.852185
15132.595370
15179.905605
15113.159114
15151.625086
15157.960675
15121.994400
15122.965087
15122.959139
15113.816437
15125.415354
15133.396356
15177.369086
15149.091618
15151.302837
15144.207697
15114.629987
15128.875278
15130.646725
15144.155113
15130.647805
15131.897364
15150.293657
15150.279120
15187.365109
15180.312534
15171.310345
15174.407334
15174.390700
15163.549277
15229.929463
15195.566214
15229.296264
15194.980854
15164.809577
15145.555453
15144.983588
15136.041860
15136.081460
15111.370556
15099.356211
15121.969771
15138.441654
15138.781451
15134.022846
15133.399523
15211.576000
15157.237844
15157.849432
15144.242305
15144.241014
15170.038122
15187.050074
15170.036865
15117.092689
15123.916395
15098.597066
15098.898189
15124.831343
15149.480218
15162.288557
15175.558532
15186.402571
15187.507984
15186.007446
15187.490279
15176.648504
15186.633633
15219.008596
15196.193847
15195.565995
15192.438612
15137.485127
15150.586486
15163.187795
15163.229247
15163.814106
15163.855757
15183.260345
15183.347128
15205.765082
15205.220093
15174.303791
15163.394998
15163.378361
15160.884939
15202.741749
15157.859509
15157.816575
15165.873962
15219.251452
15218.008173
15212.291930
15217.381231
15218.606269
15213.556732
15131.800271
15199.365466
15163.149099
15163.106631
15162.480313
15162.522315
15147.783000
15128.172803
15141.393080
15146.130665
15116.547359
15146.088817
15173.629582
15190.187829
15173.627952
15188.729601
15211.024425
15127.624596
15149.848527
15140.844746
15145.576363
15115.999990
15145.534515
15152.971488
15156.757715
15155.578751
15158.358110
15158.300681
15139.084804
15135.954866
15148.070077
15147.648602
15121.108496
15135.194965
15148.709974
15121.055610
15147.097791
15158.191740
15135.874711
15158.476263
15164.116005
15124.668096
15192.137394
15112.218120
15140.339409
15123.897346
15123.999574
15176.391060
15134.475043
15148.019013
15158.382465
15123.017826
15151.143090
15122.350247
15134.694459
15134.797892
15137.765117
15146.781961
15123.347623
15138.834456
15137.441871
15152.586329
15121.470124
15121.453596
15122.069263
15144.382632
15143.425372
15156.035452
15225.628644
15138.671652
15145.486537
15144.335741
15188.574391
15187.343975
15186.085077
15186.069036
15181.248959
15181.231731
15167.944513
15167.942189
15149.713600
15133.939340
15148.320056
15125.223869
15167.219651
15167.217875
15136.718144
15179.119363
15136.007116
15133.128208
15139.854861
15187.345942
15168.756447
15168.586422
15168.772701
15169.720983
15155.958320
15157.110232
15142.199712
15150.294497
15163.472722
15140.015767
15128.496392
15138.197982
15130.678505
15116.976354
15176.976993
15125.960704
15139.137014
15144.373209
15114.335924
15144.357508
15115.818466
15128.994623
15134.224531
15104.194553
15134.208806
15139.865356
15137.799681
15151.882493
15150.936069
15126.637673
15136.272682
15126.161439
15175.647252
15159.276575
15156.818496
15158.108285
15156.803651
15139.697679
15130.264941
15116.262669
15129.399255
15135.235053
15104.624294
15135.220317
15138.285195
15111.461611
15168.239183
15122.425154
15097.014729
15108.140327
15109.201645
15108.927985
15132.813482
15118.470386
15108.571053
15122.660017
15109.659739
15109.436804
15133.026282
15132.467834
15122.290474
15119.665540
15132.418760
15106.265209
15109.851256
15106.249775
15107.454405
15109.298592
15119.618749
15110.276554
15110.994900
15110.272731
15121.058922
15108.564764
15108.771155
15108.699924
15110.359405
15098.620490
15099.232422
15110.015348
15108.632759
15108.644519
15108.134292
15132.483750
15099.699173
15122.403716
15122.738681
15110.960794
15125.190054
15125.086406
15114.305445
15162.787435
15153.719006
15164.561681
15175.144335
15179.848859
15174.517408
15159.780255
15190.652589
15201.451509
15201.513492
15168.218936
15168.790251
15137.681753
15149.747616
15134.265619
15166.553112
15176.265128
15176.206279
15194.386188
15177.355626
15175.580906
15177.397015
15175.638341
15203.388661
15134.451212
15136.013459
15112.821072
15113.118401
15123.194406
15124.841426
15151.121908
15151.992779
15121.547025
15111.740162
15137.258263
15135.708983
15136.937449
15135.422181
15176.184311
15138.512156
15137.408170
15128.291540
15141.506132
15155.110175
15171.043525
15169.089116
15171.658178
15169.047487
15140.041435
15128.985808
15140.489965
15137.739912
15115.531458
15154.599306
15143.069900
15153.408264
15188.374995
15140.449184
15127.640999
15180.565961
15163.875331
15153.282090
15163.894123
15153.258568
15171.566219
15180.568064
15205.678249
15206.308966
15112.641631
15126.936493
15112.756338
15103.879420
15113.264278
15129.716595
15113.895291
15140.854765
15126.760142
15112.359701
15096.005876
15107.141405
15132.959880
15143.273013
15106.493359
15096.995039
15121.229230
15096.694519
15110.338274
15099.672116
15099.629120
15085.599142
15086.893958
15132.297771
15108.000113
15098.299370
15099.888817
15121.303411
15098.002448
15100.105996
15113.304729
15097.590786
15096.375427
15097.272454
15099.366390
15095.623089
15096.201975
15132.283844
15121.024253
15111.531838
15096.701045
15097.924583
15096.638051
15086.994910
15086.255010
15096.984572
15084.532229
15107.667482
15122.817596
15120.368076
15086.907288
15095.921802
15084.433389
15083.841047
15086.535737
15125.244096
15095.082489
15084.040361
15072.539801
15074.402899
15125.244920
15095.104351
15095.731894
15089.991607
15096.859582
15097.645409
15101.647759
15101.589771
15137.986269
15101.633837
15112.025691
15138.432930
15124.746783
15062.372317
15061.701180
15111.594808
15062.301282
15085.431468
15059.442119
15061.802590
15084.947212
15060.144076
15060.164104
15061.027740
15061.568135
15084.866669
15082.068696
15060.425363
15084.220658
15058.082940
15071.553160
15062.345575
15061.699167
15083.392631
15082.849395
15061.110241
15084.977703
15060.390000
15084.342506
15089.088190
15085.211735
15085.213822
15083.550050
15114.441800
15086.708698
15086.712082
15118.329681
15130.398272
15140.288861
15137.944438
15129.997832
15113.358963
15109.931413
15112.270191
15113.403080
15112.198368
15129.205637
15119.093087
15071.681311
15085.190672
15085.183317
15061.607398
15117.754794
15063.590752
15097.630788
15096.498795
15082.967863
15084.198427
15096.615491
15073.612972
15113.019753
15122.717024
15072.994669
15096.531836
15083.866384
15095.654910
15082.515349
15082.487701
15074.173820
15086.371715
15097.476599
15096.871209
15086.535889
15100.109479
15110.335802
15083.692191
15084.379545
15087.412619
15086.273962
15115.398467
15098.274250
15111.634542
15095.654896
15096.211584
15094.955436
15095.473115
15095.469413
15093.866725
15093.867129
15108.700466
15108.803556
15108.121356
15073.003725
15108.633392
15072.398922
15084.985151
15073.124015
15072.456810
15083.120134
15082.076630
15082.685371
15085.026789
15084.512826
15082.767769
15082.870946
15084.424033
15083.954290
15084.568117
15072.950898
15072.943828
15111.631325
15101.906865
15139.785283
15141.886469
15143.061687
15111.629914
15101.887722
15126.064488
15061.609568
15071.596708
15115.402963
15115.429208
15116.144312
15124.377735
15100.564701
15100.509231
15116.563521
15115.399747
15102.011847
15114.048219
15112.990506
15099.291522
15112.731795
15140.237451
15101.694816
15112.241518
15103.362217
15114.339618
15100.634446
15113.591150
15089.256439
15100.969822
15115.824792
15113.472557
15098.922052
15121.223431
15110.648083
15133.837018
15121.280955
15188.131950
15116.983713
15101.574094
15125.954119
15111.463716
15099.286415
15127.449783
15112.790287
15111.453301
15136.212389
15119.802452
15136.123842
15121.126316
15136.077435
15121.617283
15121.569431
15124.233607
15098.675119
15111.628372
15101.962536
15112.894227
15100.714233
15151.229524
15124.944086
15124.981940
15111.757171
15112.362555
15111.201838
15125.425775
15121.049426
15108.860239
15096.025754
15109.387310
15097.195503
15107.840622
15108.581408
15095.971852
15124.692258
15139.416077
15111.409979
15097.234482
15142.580649
15157.138454
15137.432972
15117.077077
15143.559293
15116.512216
15143.513435
15128.310673
15128.352502
15137.348330
15142.633066
15157.191109
15137.435634
15117.708755
15116.518476
15102.984154
15127.654934
15133.301794
15130.067241
15109.890955
15108.437947
15098.469071
15097.773203
15089.741566
15088.470929
15089.401060
15127.472287
15141.169163
15140.011436
15096.420263
15086.831443
15107.166618
15108.952761
15105.917308
15108.339308
15105.947545
15095.858489
15109.450131
15100.473230
15097.257216
15091.193577
15113.378880
15097.380328
15135.358315
15139.057958
15117.047307
15137.426327
15099.796533
15098.648906
15099.172421
15110.569682
15109.421117
15109.944082
15125.369507
15150.916760
15137.864726
15128.712487
15086.433769
15129.872586
15140.445104
15090.178184
15151.307069
15148.742045
15111.406692
15146.947440
15127.501578
15159.991664
15088.484394
15100.149826
15110.944005
15110.077561
15099.281094
15132.889987
15148.279465
15115.799226
15100.429536
15125.919848
15125.862185
15128.706995
15111.671795
15099.205642
15112.701031
15141.083477
15112.436053
15101.441930
15113.539234
15101.213978
15129.096148
15131.933029
15147.092006
15131.385423
15141.825168
15142.273228
15119.827629
15129.988256
15137.935100
15112.746306
15123.775982
15108.743601
15138.778088
15138.868619
15138.176787
15137.574715
15156.868439
15134.170743
15127.893059
15157.283008
15122.607211
15122.754310
15123.134336
15123.456986
15145.299643
15133.589123
15109.183504
15119.735050
15111.167012
15172.498461
15144.396846
15138.144466
15137.542684
15134.064116
15127.820624
15132.369031
15162.826282
15121.899874
15122.057298
15122.396731
15122.746815
15121.268538
15110.475639
15110.431979
15142.803063
15143.218037
15130.330974
15118.310130
15148.965548
15168.116661
15167.004746
15124.365766
15168.181048
15166.433659
15124.850420
15124.910608
15110.672115
15111.790988
15111.186929
15140.587835
15138.954362
15107.880653
15108.423514
15086.470198
15111.753795
15110.588496
15123.975124
15098.528067
15149.933957
15149.969900
15109.127087
15110.826417
15111.084404
15107.128665
15107.854286
15097.219203
15109.233871
15122.185068
15121.592539
15121.928149
15107.983074
15117.782270
15109.542214
15109.285214
15106.506540
15118.814241
15139.899477
15138.847737
15102.412307
15113.452524
15098.480767
15099.050160
15097.074046
15112.688262
15086.242567
15109.597464
15098.377037
15097.209976
15109.357735
15108.432432
15095.338148
15130.730797
15127.587099
15142.708591
15114.248690
15152.277279
15114.219937
15113.655598
15158.979038
15155.890136
15151.825909
15115.884037
15131.021558
15120.181381
15106.954219
15128.532195
15131.775548
15126.571459
15137.827714
15098.379944
15135.324016
15135.149893
15134.558162
15112.048818
15121.332366
15121.271498
15137.097572
15096.942356
15135.157664
15134.383130
15123.825201
15111.474615
15110.856985
15110.832021
15121.930329
15100.004486
15139.509463
15113.181673
15134.450070
15111.490765
15135.162281
15122.532282
15122.532217
15163.612601
15123.532271
15122.381451
15122.903840
15150.065281
15165.651009
15104.383275
15079.490598
15087.989180
15166.311060
15164.163945
15163.496107
15138.540341
15138.518874
15139.297805
15111.678745
15151.397028
15122.243156
15115.852660
15104.206091
15105.501062
15116.377438
15126.944766
15130.538748
15150.750211
15163.929394
15144.259180
15172.239815
15170.121530
15157.492678
15139.746974
15146.489691
15185.356582
15168.806784
15171.424426
15190.635381
15126.803566
15139.979510
15140.210670
15138.506777
15151.682758
15143.600677
15129.881380
15176.611812
15132.431889
15132.208966
15131.317920
15146.242006
15139.488991
15145.350891
15138.597804
15143.434837
15156.048440
15129.263851
15132.586951
15127.328946
15166.346860
15140.180245
15112.886299
15086.205295
15086.755303
15122.737815
15085.518802
15112.990617
15085.452402
15137.361668
15110.633822
15128.465985
15130.553724
15140.941781
15150.045836
15109.959508
15149.857335
15111.129291
15112.550929
15126.088714
15134.523251
15135.211758
15114.483022
15144.607095
15109.094363
15110.283469
15107.651988
15107.724580
15110.902431
15111.597871
15122.391906
15133.621286
15111.068995
15133.069602
15132.243181
15128.657735
15110.856844
15126.136266
15114.315124
15090.726898
15125.878351
15111.323041
15148.616847
15100.763711
15112.336918
15111.229021
15110.759982
15112.653593
15126.164146
15134.604471
15098.575308
15151.293169
15133.592865
15099.235645
15134.784305
15135.241268
15115.098231
15134.728792
15098.235234
15098.306840
15111.556644
15126.533433
15126.625909
15122.252524
15111.077188
15133.812017
15112.175209
15123.518953
15112.327670
15107.564254
15135.397547
15125.293285
15107.613342
15114.359577
15097.535526
15097.608494
15110.286072
15138.825416
15140.327581
15142.355297
15122.509383
15110.043921
15107.791673
15110.401875
15151.743756
15150.931091
15125.931305
15161.466409
15149.339651
15113.425993
15122.960574
15122.415529
15109.316217
15109.162585
15162.074466
15161.106235
15130.226231
15145.990356
15139.798553
15130.112614
15132.842476
15141.157370
15141.229962
15154.954828
15154.448374
15127.702104
15127.956581
15145.452588
15151.854078
15114.190715
15113.626785
15152.304080
15114.259713
15113.509451
15124.507863
15112.972392
15110.493596
15124.085154
15110.465826
15112.234760
15156.339903
15147.450842
15101.641577
15133.892315
15146.937021
15110.216461
15111.090049
15109.794936
15123.806226
15148.303490
15100.609940
15112.198923
15112.086386
15154.929954
15101.473313
15112.332087
15140.498051
15111.900206
15140.461462
15112.203433
15111.433474
15139.978272
15121.120290
15121.062727
15120.621813
15122.053167
15096.909659
15107.537722
15136.513068
15154.929480
15099.431441
15123.034765
15110.498568
15110.451624
15096.313177
15134.489053
15122.499237
15122.437777
15112.522092
15124.204331
15098.187685
15164.359356
15164.225937
15111.183684
15120.789450
15110.301239
15132.263544
15121.757506
15110.921489
15097.675721
15108.881955
15122.698522
15143.648907
15099.513426
15100.909972
15116.291961
15129.857373
15133.412015
15122.920243
15112.133549
15107.964623
15133.115630
15150.665996
15111.185801
15112.567487
15112.289982
15147.392501
15163.333907
15127.964819
15137.431375
15126.380666
15135.814210
15138.839536
15110.700227
15152.225106
15138.684228
15138.687686
15124.506568
15129.192224
15123.187113
15132.800519
15122.292037
15111.500176
15120.912202
15110.186503
15110.561101
15111.941640
15111.666408
15127.324396
15136.781848
15125.715014
15126.117597
15112.925294
15112.426827
15149.834482
15120.628377
15120.564192
15120.049244
15109.466001
15110.303718
15111.283645
15109.462743
15107.891805
15107.714428
15108.632102
15109.268305
15108.250138
15108.587381
15110.181637
15109.336043
15108.607886
15107.899099
15109.535486
15119.780375
15107.898430
15110.300099
15111.672742
15123.122567
15120.077755
15121.108129
15135.057152
15123.307606
15111.036973
15121.927565
15121.107174
15135.116606
15135.191571
15132.016719
15135.118872
15108.957165
15124.316778
15110.641208
15136.507033
15110.728884
15123.909560
15123.296013
15136.878326
15099.468118
15097.273337
15111.180994
15095.811264
15110.276145
15123.258484
15099.849786
15099.265629
15098.308075
15099.284723
15112.014379
15098.347227
15098.304890
15109.700285
15100.797430
15087.348610
15123.426984
15088.323469
15112.391423
15123.920235
15087.386848
15111.866867
15097.183786
15086.221963
15135.185677
15148.651418
15135.123724
15148.012694
15125.631195
15121.507979
15111.536034
15113.912611
15113.954896
15152.179575
15115.131634
15114.861089
15125.773501
15147.699315
15114.063969
15112.389818
15123.284714
15112.419379
15150.859053
15111.535366
15139.459018
15139.460987
15138.934737
15138.892194
15140.147372
15138.963573
15114.065414
15086.445244
15086.445003
15126.130239
15124.993948
15122.129267
15125.037932
15124.997490
15126.175980
15112.142618
15134.637837
15134.640942
15124.994191
15101.321229
15134.786363
15099.322038
15099.317953
15112.172760
15124.609298
15124.588964
15127.643733
15136.073417
15152.469012
15099.362745
15099.360241
15112.465815
15123.780523
15123.337802
15108.865381
15099.470507
15111.358122
15108.234521
15072.885484
15084.139195
15100.629054
15086.855694
15086.855039
15099.107946
15098.001081
15097.983318
15122.841749
15111.945978
15123.247599
15110.524876
15101.174271
15100.352291
15110.596752
15090.268925
15100.626120
15115.381722
15115.948130
15115.422856
15115.424430
15112.265363
15112.251167
15138.626568
15121.618570
15139.231459
15122.211747
15138.125044
15121.067476
15113.916271
15128.269189
15101.121743
15101.757714
15104.998261
15116.433230
15115.115849
15133.974706
15158.825099
15119.910450
15141.576493
15114.089970
15124.297950
15135.962617
15102.320369
15124.173392
15148.632604
15127.260948
15120.030667
15120.024269
15136.879784
15162.422048
15123.650465
15124.269934
15139.298034
15112.618212
15116.702201
15155.600829
15099.239460
15125.947798
15153.477164
15111.416594
15127.414183
15154.926591
15145.281358
15144.793316
15161.578288
15160.090774
15161.103224
15160.050517
15175.496610
15137.970651
15117.044735
15138.708637
15124.534270
15188.839287
15129.639909
15226.269885
15139.829383
15140.621341
15145.182173
15144.692858
15178.120265
15175.040242
15177.013279
15175.055382
15161.026326
15161.041332
15131.262918
15122.937388
15124.549607
15113.127622
15153.927574
15165.120179
15147.593607
15132.380027
15122.571934
15124.506779
15153.871131
15143.836513
15143.879096
15155.791205
15143.651115
15115.790307
15143.137722
15155.351071
15139.634311
15154.781522
15155.834356
15111.794144
15143.340335
15111.309729
15143.284661
15141.993664
15113.720396
15112.897180
15141.992203
15144.032387
15143.512067
15142.998481
15144.073631
15176.701569
15125.752301
15145.320279
15139.081924
15128.807971
15169.331810
15168.426539
15156.227162
15142.009039
15155.737305
15168.875024
15168.399853
15140.472357
15141.265117
15177.346791
15125.810006
15139.101043
15145.126335
15145.139681
15109.244590
15110.392895
15108.892570
15143.645594
15143.239954
15113.511818
15143.198399
15143.659746
15174.812926
15120.927219
15138.445771
15162.803673
15162.685679
15189.141148
15209.933526
15114.102369
15127.364659
15132.362753
15132.418876
15143.886242
15143.888135
15143.987702
15142.971008
15127.216513
15142.498981
15144.015751
15144.093739
15124.103092
15143.083347
15127.360133
15137.262346
15153.144106
15121.344615
15142.611513
15124.248710
15144.237548
15143.708582
15144.121775
15157.740671
15132.647784
15132.149031
15120.607717
15121.931434
15109.923309
15163.081167
15157.798821
15155.390858
15116.449952
15116.336285
15154.618922
15114.888414
15115.660300
15116.006271
15139.934974
15194.273466
15139.292977
15137.379877
15155.718832
15116.763921
15117.133085
15101.093526
15128.544098
15147.329114
15202.243924
15160.430809
15160.431588
15147.330280
15202.285028
15165.966625
15175.097962
15165.925547
15175.116111
15148.234696
15162.932926
15163.559118
15177.654144
15178.280561
15206.920050
15178.254769
15206.875077
15177.642641
15159.325367
15214.237751
15197.918502
15172.426508
15171.319480
15187.061295
15196.059146
15178.907992
15178.866922
15170.013596
15161.013820
15215.369447
15215.343445
15173.806745
15173.532987
15173.533506
15182.847474
15166.593161
15164.257744
15166.553654
15182.763497
15257.100705
15258.274852
15098.035347
15113.412769
15112.197356
15109.308321
15120.491430
15119.792065
15099.192341
15099.852383
15098.296590
15098.930807
15075.004489
15074.955364
15073.000685
15126.157787
15086.212423
15085.514310
15131.262705
15122.782908
15131.842267
15123.076693
15117.279259
15121.764482
15118.273052
15121.996188
15107.765430
15121.105652
15117.099592
15133.223802
15119.694101
15124.412776
15122.861324
15108.258718
15096.824061
15122.799108
15131.880423
15123.120303
15117.776529
15117.333092
15121.856242
15107.744243
15117.754764
15162.504523
15122.048009
15107.821378
15121.133171
15097.037486
15097.058339
15097.078668
15173.041473
15190.106109
15210.805919
15144.077966
15127.910479
15138.394047
15145.256214
15143.301106
15128.004449
15127.230563
15137.616585
15144.478317
15142.887463
15143.762451
15142.711642
15155.499139
15173.043138
15112.748086
15140.883380
15101.735124
15089.516931
15128.022811
15130.060261
15189.318015
15176.856530
15216.877199
15212.280939
15217.405799
15145.214459
15144.095843
15138.977115
15140.401475
15127.227894
15145.129030
15115.602411
15145.129546
15137.960723
15144.770736
15144.730928
15112.916666
15113.061711
15143.565632
15143.540351
15155.117298
15155.130924
15151.761534
15155.201286
15155.119948
15150.568568
15134.428513
15124.614954
15127.698159
15137.373566
15140.867579
15138.448322
15175.418256
15125.575517
15140.716723
15131.716722
15145.419386
15160.583480
15172.284746
15158.019938
15160.052970
15158.545093
15130.325555
15176.368055
15143.806433
15155.409282
15145.501981
15179.871478
15126.798334
15156.832164
15136.078551
15152.415943
15136.195025
15124.295310
15136.011384
15138.421760
15151.598070
15156.847098
15146.151211
15132.971257
15144.406888
15153.933590
15200.178355
15142.065107
15145.051786
15115.144154
15163.525158
15145.731614
15145.744550
15134.167140
15134.181650
15128.362413
15139.059644
15126.781694
15139.916738
15115.152271
15144.736645
15128.330196
15126.617209
15142.419396
15159.660914
15141.461766
15145.012551
15153.432509
15149.708131
15156.970218
15156.386714
15165.398544
15142.984161
15164.372445
15163.398939
15171.615333
15156.968171
15161.925024
15172.041933
15188.324183
15158.900153
15158.311189
15132.291910
15158.660794
15141.842352
15158.115445
15131.029111
15174.931891
15175.595380
15158.692670
15143.051282
15143.633629
15159.217005
15174.327220
15161.280131
15172.566079
15177.832157
15194.474627
15178.357415
15150.176860
15160.148066
15149.198475
15201.269932
15160.779951
15160.174108
15169.775095
15174.559638
15145.265145
15128.869461
15146.969406
15127.141632
15163.969602
15179.036804
15138.438828
15087.464519
15132.400247
15187.490509
15131.727935
15141.403518
15139.748991
15137.611419
15115.672917
15129.749948
15116.075828
15126.350469
15097.173727
15112.552240
15127.590632
15117.567339
15115.248396
15116.320494
15126.794824
15101.225336
15085.113605
15076.563051
15099.670074
15124.081852
15109.305437
15107.715222
15136.375384
15120.335080
15137.849627
15122.314809
15122.653992
15123.076625
15140.339258
15141.237854
15128.016026
15145.927946
15116.391075
15145.886098
15143.993179
15151.551256
15157.259351
15156.637822
15126.729019
15143.402974
15143.973695
15168.323528
15155.085757
15172.420610
15172.379821
15113.580473
15137.946199
15144.226231
15143.107400
15137.909506
15126.131193
15157.974265
15152.078801
15157.786678
15157.166334
15116.267262
15125.388730
15129.454685
15126.466598
15163.494099
15086.023686
15130.772419
15114.970304
15186.493916
15141.407618
15128.227040
15150.169263
15146.745317
15116.587976
15146.704457
15142.817194
15157.660562
15156.465583
15128.159346
15125.463016
15126.140126
15158.906064
15157.678565
15159.522173
15157.638537
15116.966864
15126.087263
15130.180279
15127.190365
15164.814182
15143.460764
15116.486079
15125.661787
15129.672105
15126.739446
15164.209474
15115.423498
15087.489991
15131.559077
15115.791392
15187.926464
15152.950164
15142.467393
15189.439916
15170.473925
15168.518854
15175.099530
15099.029114
15087.660437
15087.662059
15088.300541
15087.943486
15199.812279
15111.707512
15114.468501
15113.521926
15108.138656
15109.477789
15094.224129
15108.784349
15148.306349
15124.046310
15102.163462
15136.248087
15126.964978
15077.727610
15115.774162
15112.957989
15137.989136
15137.991243
15099.081219
15097.762268
15125.252943
15089.205848
15103.687926
15084.172928
15085.948900
15084.470975
15083.764774
15084.189826
15084.133871
15084.344149
15082.097158
15082.081220
15082.858791
15105.967893
15106.624735
15083.483246
15083.051867
15107.652072
15108.289687
15083.966623
15084.053756
15107.763566
15108.877489
15094.764402
15095.402023
15084.643623
15083.996713
15072.956360
15083.631143
15085.008103
15074.195375
15073.075881
15072.295022
15096.730206
15085.407893
15084.838167
15095.336924
15095.958766
15110.489697
15095.846535
15096.956404
15097.021639
15112.082043
15114.389395
15098.915377
15099.611240
15074.882622
15085.441785
15086.061410
15083.607505
15082.904120
15083.300452
15083.353747
15082.681375
15081.284156
15082.553976
15081.795046
15106.434358
15106.408079
15082.651117
15081.878217
15107.029363
15107.531907
15081.918326
15084.214886
15083.495575
15083.369155
15083.464818
15083.352459
15082.833653
15101.950464
15102.108461
15145.476268
15125.951793
15111.099958
15177.804136
15177.434785
15138.333391
15139.382770
15118.823785
15109.650468
15109.614386
15148.687609
15146.016811
15108.593831
15109.290685
15109.410533
15104.925326
15120.553359
15120.576852
15098.980613
15097.932197
15121.357580
15136.676512
15120.342329
15109.452236
15135.034933
15122.852064
15122.938824
15111.307383
15134.811990
15136.060001
15109.584800
15125.407769
15124.503807
15112.124609
15112.171296
15140.886722
15101.645550
15102.717457
15115.333099
15115.290181
15113.998581
15085.195201
15083.998053
15072.858681
15086.475079
15085.799306
15083.497145
15084.734308
15072.946220
15085.327533
15082.024583
15082.903675
15083.266119
15081.448134
15081.471912
15084.168590
15082.782281
15082.138773
15082.090012
15082.111812
15114.006840
15114.393751
15113.840429
15109.704987
15109.455994
15096.545809
15150.449630
15108.358039
15107.970978
15096.318487
15120.889552
15121.306486
15106.829662
15107.940670
15150.630662
15105.304831
15119.407816
15162.582449
15097.769682
15108.168357
15152.216735
15133.597129
15097.756556
15151.760840
15109.183698
15109.256248
15119.641453
15108.703200
15110.075467
15098.525433
15106.963102
15134.842724
15122.583740
15106.597450
15094.161011
15095.934839
15095.344509
15094.886555
15094.769609
15085.071431
15085.231526
15133.824732
15095.543680
15072.147138
15097.338952
15097.944022
15084.759268
15082.963636
15096.004659
15072.721087
15071.419511
15084.604247
15094.670114
15095.327257
15071.435129
15070.090811
15096.524451
15097.183859
15095.299241
15094.852625
15095.479907
15095.407330
15070.954327
15082.083081
15070.361561
15095.143719
15095.962301
15105.857862
15071.906648
15082.506224
15083.385847
15083.593572
15081.259412
15081.099031
15124.750262
15141.621425
15112.374151
15101.299989
15096.731871
15121.108486
15139.690064
15110.368218
15097.336228
15126.431600
15126.432089
15151.726306
15108.869217
15109.567748
15126.061707
15169.780273
15111.847352
15112.975100
15141.153808
15124.632511
15102.741669
15113.128712
15110.119505
15110.816828
15127.359509
15113.059743
15125.878262
15102.861025
15113.230843
15125.272873
15142.157196
15109.379485
15110.075681
15126.575146
15112.373272
15113.497242
15125.163912
15103.268955
15113.655785
15098.927751
15099.646337
15114.994224
15140.704219
15101.184981
15100.183134
15116.103925
15111.065788
15129.712826
15100.367360
15100.418036
15117.468158
15101.001061
15113.150429
15166.696486
15123.027296
15097.361354
15147.860787
15136.778406
15113.069644
15073.433435
15071.546878
15071.447912
15072.825304
15072.701769
15072.071300
15096.638519
15063.816884
15074.271191
15084.725186
15072.163682
15072.744747
15085.431471
15052.314061
15051.747755
15051.200500
15087.342437
15053.683509
15053.015981
15130.849105
15145.947211
15097.480873
15097.894830
15096.611447
15097.550969
15085.894599
15096.324589
15095.462061
15095.424317
15098.900213
15095.247745
15095.257094
15109.173038
15094.260700
15094.266723
15124.856491
15098.905793
15112.040878
15112.196025
15112.364593
15101.982605
15112.835141
15155.012583
15156.882295
15088.526727
15124.322250
15087.807531
15087.763450
15098.459020
15098.979106
15085.760852
15094.601548
15084.560330
15084.507808
15095.223469
15094.482286
15096.426901
15097.233185
15108.378938
15095.363073
15105.068740
15096.939953
15097.735230
15108.363000
15097.902105
15098.424873
15073.021528
15083.872971
15085.057910
15085.642245
15074.202696
15095.373344
15096.475337
15097.468617
15075.739586
15127.017166
15101.895849
15116.170276
15116.213456
15113.887307
15113.134729
15114.900902
15108.266468
15122.800056
15114.225534
15126.470099
15087.018615
15122.517209
15108.546444
15108.675190
15095.798565
15095.741840
15083.154035
15083.178462
15095.867195
15096.351954
15095.787022
15125.343394
15134.232572
15108.812037
15109.004036
15109.149855
15097.682523
15097.113244
15095.313849
15097.065089
15095.379838
15108.422811
15108.389901
15105.058637
15095.129322
15105.873307
15105.302604
15096.455532
15095.255330
15099.881405
15076.115661
15098.606762
15074.632672
15084.400845
15097.091628
15086.416998
15099.384610
15076.838280
15099.370598
15099.010314
15124.065916
15073.672426
15082.820903
15071.567240
15084.359730
15074.457997
15082.852484
15082.892022
15083.783923
15097.416145
15096.228493
15093.854579
15119.187835
15121.203797
15097.628837
15098.807666
15084.455140
15085.279723
15094.071610
15094.112749
15143.671103
15107.831653
15106.583834
15108.118288
15149.150455
15071.607350
15082.180414
15096.791319
15106.432255
15107.805060
15095.339819
15118.350813
15082.922886
15082.769476
15116.652076
15080.880398
15095.045744
15096.965663
15118.757106
15107.683244
15135.736572
15133.341946
15072.305347
15097.636998
15072.195384
15097.028472
15094.626121
15092.562935
15082.211581
15092.780402
15095.072746
15085.123231
15084.573719
15107.015886
15119.030394
15107.369551
15106.378736
15095.673341
15083.984067
15094.578029
15096.259210
15086.310333
15085.651203
15120.125476
15095.219901
15135.286395
15094.560697
15091.541737
15106.135040
15081.645560
15092.932448
15094.196832
15117.574339
15082.720450
15083.149144
15083.788220
15106.512600
15085.910129
15096.452160
15122.650497
15096.584998
15122.671715
15108.582783
15107.848904
15136.863446
15108.789512
15108.108627
15097.312917
15070.255757
15071.523851
15086.310553
15107.563000
15096.926023
15125.185214
15061.067167
15071.657644
15071.939998
15086.366841
15122.816053
15095.122026
15125.166775
15094.462733
15081.578130
15095.556543
15070.989257
15107.484070
15084.118780
15084.102746
15096.785163
15108.671458
15084.704885
15085.221711
15121.028695
15086.249659
15085.417605
15097.541420
15085.878502
15095.681721
15110.366126
15085.524030
15073.201626
15084.344364
15070.341231
15082.858648
15084.068929
15107.136265
15094.868617
15095.392811
15094.841695
15093.986991
15094.720892
15094.185448
15093.970641
15084.823138
15084.268381
15093.438372
15084.182289
15083.650177
15093.422013
15111.562618
15082.078511
15082.548882
15106.502566
15081.392727
15082.179232
15083.345574
15116.486466
15106.417817
15094.735887
15094.699074
15096.581526
15096.567398
15094.194296
15093.684828
15094.048586
15093.293259
15092.837505
15092.811649
15093.294823
15113.768781
15084.137421
15083.624283
15093.258709
15082.808843
15082.786624
15093.260400
15059.065307
15084.823975
15070.997843
15084.843021
15070.950784
15084.135503
15084.155838
15070.235603
15070.238402
15096.046061
15072.885180
15072.262050
15072.705583
15083.169868
15097.255397
15073.251662
15098.342444
15084.789123
15072.972542
15072.347046
15096.289048
15097.994139
15093.563779
15122.901914
15092.879128
15072.549874
15083.647785
15082.954151
15083.964697
15107.060423
15095.253219
15071.640451
15082.720006
15082.081693
15094.160273
15106.630006
15072.549839
15084.048077
15095.969762
15083.989212
15074.008623
15072.784519
15096.578710
15098.412355
15097.924308
15084.854003
15083.557156
15082.871076
15095.613288
15093.847905
15085.016289
15105.684186
15093.751392
15083.662849
15083.766714
15094.885487
15084.397479
15083.039854
15082.306030
15071.750264
15094.950067
15094.950011
15093.483667
15082.921556
15095.113742
15083.793753
15083.273593
15081.819416
15082.286184
15093.714659
15094.672043
15092.910559
15083.935709
15073.334581
15084.407969
15083.755545
15096.662572
15105.457342
15095.991238
15094.330750
15083.841934
15096.115592
15095.503349
15090.795008
15106.034524
15093.821258
15104.332244
15106.664144
15131.112811
15096.653362
15096.640928
15096.064091
15117.501479
15107.079252
15118.163406
15104.600897
15106.495835
15083.120247
15082.493044
15083.569509
15094.641444
15104.860739
15116.972575
15082.878201
15093.949937
15118.049647
15092.782226
15072.531128
15082.880331
15093.925970
15093.160375
15094.775904
15083.576955
15092.058986
15102.624001
15092.533991
15082.346623
15093.365141
15117.491040
15085.433828
15096.628866
15085.362857
15085.310026
15098.482255
15109.948951
15084.004038
15084.135467
15095.191073
15093.891912
15105.869625
15105.143323
15081.679765
15082.318485
15071.772898
15080.749521
15081.084110
15081.722965
15080.854756
15083.025672
15071.179241
15080.746656
15081.761254
15079.392155
15071.605548
15082.147265
15081.711986
15082.393189
15093.038751
15071.574512
15082.160265
15081.880132
15082.405675
15082.567853
15081.069646
15094.769218
15094.543652
15094.098556
15106.485356
15093.753571
15103.795027
15059.690366
15059.760587
15136.740583
15096.935021
15095.269227
15106.800293
15081.513350
15106.179890
15085.602276
15085.561483
15085.434886
15085.395139
15061.053732
15061.644235
15060.441591
15095.987836
15060.343015
15061.733413
15062.352077
15097.344727
15097.059376
15099.015568
15097.751552
15127.207168
15126.661911
15164.703387
15113.263076
15061.344576
15072.354928
15083.632992
15096.938162
15083.621480
15083.922065
15082.293743
15073.013565
15082.396039
15081.824511
15071.504377
15083.717836
15085.503034
15107.260078
15072.113792
15083.149762
15070.167886
15071.522554
15082.204091
15070.135991
15083.812358
15084.215638
15084.791904
15084.680120
15072.512070
15083.195091
15097.050736
15061.438960
15112.976399
15086.846279
15071.200739
15071.369218
15071.978999
15072.169991
15062.059217
15060.924018
15070.762043
15112.574775
15128.936976
15130.866276
15105.588208
15106.816580
15096.317568
15095.646167
15096.283371
15095.570718
15108.020438
15083.580952
15082.896944
15082.396336
15083.548327
15083.786876
15083.902734
15085.006605
15109.839933
15136.938571
15095.268142
15097.228840
15097.489820
15123.217821
15123.208178
15096.564818
15097.221170
15096.124426
15099.189992
15107.321732
15095.524484
15107.170499
15108.471724
15108.734141
15120.450071
15108.796329
15096.220191
15095.446585
15085.046956
15085.258619
15097.610139
15097.575421
15097.121805
15098.780484
15086.648955
15098.144022
15086.464803
15160.091746
15138.402688
15123.715491
15114.201899
15126.296112
15113.537708
15109.916552
15120.285734
15085.676514
15110.564415
15096.323896
15098.863963
15109.945828
15085.721717
15110.597292
15096.317304
15098.900559
15109.494777
15110.252664
15125.173441
15110.309964
15110.076884
15095.037583
15095.034747
15108.176311
15108.233296
15120.371549
15110.838027
15110.241719
15120.466047
15101.845259
15101.570777
15113.480050
15150.155085
15135.545357
15125.810732
15108.856049
15097.731377
15109.222799
15119.728943
15110.249706
15109.493653
15124.768151
15125.642116
15166.641662
15125.155945
15124.378930
15124.385944
15097.579669
15120.366023
15097.688087
15097.463685
15107.768260
15110.308683
15097.751474
15108.346457
15108.450776
15098.283174
15119.839340
15109.021316
15110.929014
15137.521610
15123.490833
15134.552051
15135.682209
15090.671946
15091.593333
15142.609795
15123.798749
15101.813139
15113.889017
15114.700838
15113.747473
15099.026581
15086.154133
15085.419248
15125.716714
15085.046979
15095.100444
15094.488158
15095.056869
15085.588533
15119.508703
15128.919145
15171.553591
15161.011595
15100.111098
15123.795376
15153.779758
15137.592416
15107.500308
15136.762714
15110.864708
15122.746099
15122.166549
15111.935166
15111.353817
15147.888638
15109.843676
15098.773292
15121.884260
15138.371530
15108.319471
15138.765757
15132.852357
15132.275801
15144.138048
15155.121383
15110.971264
15111.570819
15122.144580
15112.373015
15122.919695
15123.444239
15123.527635
15136.910601
15123.798560
15111.546180
15140.870925
15137.926212
15136.782404
15124.429918
15123.891544
15101.388523
15121.974374
15111.505524
15120.635866
15150.886549
15123.505343
15123.485133
15099.147651
15113.837003
15112.471846
15120.128124
15087.060366
15087.058632
15118.946999
15091.824111
15121.122463
15120.586596
15111.205487
15111.184508
15150.500966
15160.100029
15121.396680
15108.495833
15110.136558
15097.669987
15163.838823
15120.757194
15110.636695
15096.349973
15111.418476
15111.392186
15106.727983
15107.220514
15097.309037
15097.295928
15122.804809
15099.610361
15086.959734
15077.026352
15098.163102
15088.226983
15129.716430
15106.006231
15125.618882
15117.531945
15164.727356
15192.197697
15213.252483
15124.683496
15112.377972
15110.653795
15121.954990
15109.070105
15097.802735
15121.291416
15109.256245
15108.482129
15134.779899
15110.489405
15121.470957
15123.316824
15138.756729
15136.637816
15123.704305
15111.474876
15107.605121
15133.288077
15108.969908
15111.744812
15166.289827
15138.692683
15136.506304
15123.599367
15108.747220
15099.906068
15111.387441
15109.227283
15144.281353
15128.561113
15143.528076
15127.807433
15169.512192
15130.814721
15109.696395
15094.443178
15095.006312
15103.260957
15102.637550
15098.722707
15097.578917
15102.641795
15086.501272
15087.187555
15100.918130
15128.357541
15088.719293
15100.277913
15100.547710
15085.194503
15098.407696
15108.912668
15061.666462
15073.846755
15061.610470
15072.263107
15072.572424
15061.719367
15086.467920
15062.193610
15060.900310
15075.927575
15075.827070
15089.864463
15115.144747
15075.970345
15121.685121
15111.570098
15133.254251
15121.692366
15111.573587
15133.272148
15078.415120
15076.173816
15101.356607
15121.054111
15094.816049
15094.197928
15163.562343
15094.111647
15133.327439
15133.916329
15152.087185
15092.459741
15092.419740
15093.677766
15104.307567
15108.009013
15092.325143
15081.739710
15104.930469
15083.243083
15081.905514
15084.972681
15083.165289
15071.892406
15093.791680
15095.072368
15095.697592
15098.256633
15072.384621
15108.293800
15095.585983
15083.460018
15084.588247
15094.444920
15135.317179
15106.524595
15107.164969
15119.498991
15095.574857
15131.962498
15094.006466
15083.468856
15119.774240
15118.951047
15093.688473
15104.284928
15106.903771
15092.566047
15082.938826
15094.040466
15119.371894
15093.169712
15094.873961
15108.795691
15119.590616
15095.159645
15106.156601
15106.196800
15178.119248
15107.328174
15109.124952
15093.716961
15083.802261
15083.184806
15108.861358
15082.480655
15083.850637
15095.600590
15094.955047
15083.608695
15094.432221
15084.379068
15094.195675
15083.267275
15094.238883
15107.814748
15081.946191
15072.042565
15094.745098
15094.813201
15098.559390
15083.172431
15073.253697
15095.641583
15094.995564
15163.533284
15138.247045
15133.251545
15138.878719
15118.181350
15107.592766
15095.972148
15105.993886
15106.709693
15096.032367
15104.235725
15093.750937
15117.252577
15105.978658
15118.728062
15095.304545
15096.712183
15085.592880
15122.319201
15096.838861
15107.858540
15107.854911
15118.029955
15082.717318
15073.337664
15098.181663
15062.279640
15062.220072
15073.018096
15084.088988
15094.755158
15083.233685
15094.229026
15094.881626
15083.265843
15094.233624
15094.269049
15072.254343
15082.823354
15082.787397
15108.082275
15082.734592
15073.467404
15084.544969
15097.200885
15075.432624
15075.458028
15097.102753
15087.220024
15086.746499
15097.607138
15097.133333
15097.010489
15063.198943
15073.270310
15073.829761
15098.909617
15098.579578
15097.753082
15085.002815
15083.742604
15086.354555
15108.896618
15083.306540
15107.208404
15094.375293
15093.655631
15094.334363
15093.817555
15083.331131
15093.646226
15129.620979
15111.585515
15097.921125
15093.807714
15096.519210
15081.576371
15119.439539
15083.239014
15082.690010
15081.642464
15071.536400
15095.004109
15093.515094
15093.310630
15106.629422
15103.324396
15093.116527
15092.545394
15093.890385
15083.918035
15093.251606
15092.998142
15083.304239
15071.559205
15096.118643
15086.990525
15084.402563
15083.755097
15096.519266
15095.570878
15073.504531
15096.290966
15083.102624
15084.098420
15082.539193
15082.922528
15084.743130
15095.002923
15065.078869
15090.904292
15125.852963
15065.226876
15090.954629
15102.797135
15110.382381
15126.661642
15128.506667
15110.354670
15098.393585
15099.136018
15109.488427
15139.235056
15109.902339
15122.649013
15099.077893
15126.744158
15097.445867
15109.591528
15086.618489
15110.022994
15099.710306
15111.388724
15135.757744
15139.841144
15122.059346
15100.285272
15109.880383
15109.966327
15124.161882
15099.902788
15100.518518
15114.740528
15099.875649
15099.968594
15114.189276
15076.356477
15074.415714
15087.564343
15063.601034
15098.117035
15084.266905
15089.291502
15099.662986
15085.774113
15115.151629
15193.712213
15077.627986
15096.339292
15085.883166
15108.926951
15121.545868
15121.563900
15095.816715
15085.387566
15131.470155
15095.133453
15095.923823
15108.976015
15138.070891
15102.015132
15086.256891
15102.589777
15100.850645
15100.931118
15112.786057
15104.697222
15135.779461
15126.498919
15103.005805
15125.192005
15125.876268
15102.408692
15152.280316
15125.571036
15090.829895
15129.346159
15111.270174
15087.862320
15111.429797
15097.789927
15111.890336
15124.230067
15126.268427
15113.603348
15113.509662
15126.784920
15128.106212
15111.078842
15097.614658
15109.795354
15098.242736
15098.866617
15097.774027
15120.286270
15148.986844
15137.978428
15125.863732
15112.539218
15136.128892
15124.443414
15135.209705
15137.656277
15127.120418
15113.660778
15108.342792
15112.922683
15124.923358
15098.544211
15112.261059
15110.953707
15125.164766
15109.771346
15138.644847
15149.212861
15096.092530
15095.567994
15110.557630
15120.780188
15113.771124
15138.372291
15127.790191
15102.237660
15101.783511
15097.811949
15097.139578
15151.488300
15133.963510
15124.056775
15110.756481
15132.847131
15120.054302
15108.718718
15108.753542
15108.356747
15108.916443
15119.915499
15086.356930
15127.289848
15109.107923
15111.279740
15098.706379
15099.737534
15139.684169
15121.480052
15135.093286
15085.756505
15126.710196
15109.094875
15096.799855
15097.589930
15097.434984
15150.575026
15133.528007
15109.828173
15123.576040
15110.957282
15110.865106
15151.102975
15132.888961
15108.280681
15163.260840
15108.358273
15151.254156
15122.384850
15122.042990
15154.213832
15136.700268
15108.371774
15098.327356
15138.187331
15120.702838
15097.012570
15110.178795
15140.236128
15122.751910
15098.338846
15123.842287
15137.605987
15086.549846
15139.627008
15123.777134
15137.571055
15109.905827
15106.951494
15107.666210
15123.620989
15109.194802
15106.235325
15122.908551
15100.596004
15109.111218
15138.997232
15120.357226
15154.168215
15136.689381
15151.285832
15114.026022
15124.476505
15100.282013
15101.357545
15113.305122
15111.552968
15115.415297
15114.813033
15104.869100
15126.548624
15078.926520
15110.830302
15104.338372
15138.093806
15098.899449
15099.522471
15088.963605
15128.908770
15105.376341
15104.770205
15104.107768
15104.685378
15104.863110
15140.369257
15114.604290
15108.794183
15135.459712
15124.419584
15175.470841
15162.602511
15108.800414
15135.461584
15138.377096
15124.421472
15152.795916
15127.542239
15137.204023
15164.225184
15109.407507
15110.697445
15150.834132
15099.540809
15129.582988
15103.444428
15125.449267
15156.110436
15142.127835
15117.547659
15139.517798
15117.934242
15124.806327
15117.021902
15139.005984
15117.422926
15156.666586
15116.308988
15127.507319
15114.657232
15108.008871
15097.827989
15109.887287
15097.059718
15123.328489
15133.144724
15140.096249
15111.905066
15124.767151
15108.610824
15136.048065
15135.884868
15124.571818
15113.194980
15125.290846
15116.194854
15114.891759
15143.202296
15124.710613
15134.535399
15134.528952
15113.612861
15109.015768
15125.615790
15121.920442
15098.125323
15086.263696
15096.832214
15098.772973
15098.500031
15099.364360
15087.600757
15122.469443
15125.072938
15133.429273
15112.572769
15113.125541
15121.776208
15098.901309
15108.659298
15121.837073
15139.993069
15122.328452
15100.875484
15110.271108
15125.560993
15099.074365
15138.952060
15100.333821
15119.541363
15137.107465
15135.519825
15094.884802
15120.003520
15095.980175
15108.236997
15107.065685
15107.764541
15108.518537
15119.981181
15084.966049
15094.995595
15120.619489
15120.670246
15085.122850
15099.783991
15110.383988
15134.792478
15136.473676
15099.137399
15148.880452
15109.084374
15086.462884
15164.978915
15137.988628
15086.512155
15064.335161
15074.415482
15075.089411
15086.429432
15075.480190
15097.525807
15073.560892
15096.155395
15097.572622
15097.002262
15074.829711
15086.954002
15084.529836
15083.690672
15101.486046
15113.912524
15100.203727
15097.792622
15086.891620
15110.187184
15128.358801
15094.736867
15091.533490
15102.071365
15136.788396
15111.967193
15136.724298
15100.262350
15111.301504
15087.807998
15097.176599
15201.155988
15133.105106
15133.063820
15165.190009
15155.204125
15154.646511
15140.220235
15145.332241
15145.333097
15144.267403
15144.267071
15125.361234
15170.582776
15139.671521
15162.661502
15103.008456
15124.347822
15144.743902
15097.953535
15100.417895
15125.122159
15113.092233
15124.615538
15124.097766
15113.316127
15112.301876
15111.546931
15099.036333
15139.841745
15123.315346
15099.243451
15112.293627
15109.496243
15097.969392
15107.956211
15107.634570
15137.816766
15137.846393
15140.879814
15100.371800
15152.181611
15125.102188
15113.040919
15124.595548
15113.298621
15112.282793
15139.013255
15111.514304
15098.993686
15123.265521
15099.199320
15103.229560
15113.908173
15097.982099
15110.512814
15075.582774
15097.413672
15098.659158
15085.818480
15096.937480
15086.003230
15083.184624
15084.955247
15097.272696
15073.411791
15091.557786
15083.511304
15083.579699
15080.766509
15072.061450
15071.259684
15082.153845
15073.328359
15123.150268
15097.392752
15074.033718
15072.687135
15114.177369
15136.859229
15152.411193
15138.628161
15127.268728
15098.299188
15071.407134
15095.440338
15096.075187
15098.648026
15094.947142
15097.015372
15095.750359
15109.700134
15084.240820
15127.499273
15099.047886
15128.201883
15094.760293
15095.393692
15081.709717
15082.972832
15083.032505
15083.572698
15094.055719
15119.056761
15084.306480
15083.808574
15096.270972
15135.969069
15121.234043
15084.407282
15121.189396
15106.487843
15109.456554
15096.588061
15137.237664
15107.864954
15097.455376
15097.383818
15120.683145
15097.100750
15107.639614
15120.190270
15108.338441
15120.299994
15085.714316
15136.191666
15094.390354
15095.709649
15095.568279
15122.321867
15111.322324
15094.482029
15094.627461
15105.698882
15106.943514
15117.325897
15108.186969
15097.601887
15107.983236
15111.616513
15096.851027
15097.191946
15110.818239
15096.359939
15085.902983
15139.263996
15086.244767
15121.922347
15139.614222
15121.892148
15096.058286
15085.108441
15138.544027
15119.979615
15110.899431
15105.744206
15095.671673
15096.400498
15095.193910
15109.046449
15097.358573
15098.622292
15136.138405
15097.379171
15151.260667
15111.912384
15085.637869
15109.002180
15086.774752
15097.641497
15085.188749
15108.505668
15096.924227
15107.288616
15097.047064
15110.711711
15108.599508
15088.253637
15088.180410
15136.080056
15114.105333
15123.329254
15099.912247
15099.838745
15137.271792
15125.793360
15085.313560
15109.325307
15085.354440
15109.981530
15096.147446
15127.002213
15084.884031
15127.518798
15126.450994
15085.658177
15127.564024
15083.518357
15083.025270
15082.541172
15087.640644
15099.302046
15084.958112
15127.559334
15150.219708
15107.015365
15149.657123
15149.582644
15086.533738
15096.357311
15072.351928
15074.532667
15073.760661
15071.592242
15070.842489
15085.603522
15074.582395
15098.480102
15085.758685
15071.640172
15073.881855
15084.650613
15073.112712
15072.677011
15072.015915
15061.589170
15071.638455
15073.217908
15083.580683
15096.787856
15082.866206
15072.147011
15108.121826
15082.200587
15073.688943
15073.187068
15108.744115
15085.988473
15076.570056
15098.184459
15087.155495
15082.817143
15083.429009
15082.928178
15083.118439
15083.709833
15083.499307
15120.496324
15084.055478
15086.634028
15061.197903
15083.274161
15072.243507
15071.557397
15070.984708
15070.800701
15081.494924
15070.876937
15062.491775
15084.577335
15073.583115
15084.268377
15072.792290
15060.485687
15061.112641
15061.185747
15061.211589
15098.418268
15083.674331
15083.856780
15072.592491
15075.395846
15083.006981
15098.126228
15085.495473
15086.051949
15075.861284
15071.615469
15084.395051
15072.199947
15085.324744
15085.633612
15084.294293
15082.226790
15084.535024
15082.025837
15083.607521
15084.244848
15082.644970
15083.655361
15081.637041
15083.298136
15080.706815
15082.347720
15082.376341
15083.006501
15081.368665
15082.856337
15081.037585
15092.187075
15093.303269
15082.804282
15095.224306
15092.186830
15107.143458
15091.622812
15092.170212
15093.286225
15072.774523
15073.940864
15071.024337
15072.741446
15071.996486
15072.852081
15074.658573
15073.913026
15074.576208
15073.379505
15107.466752
15072.609201
15083.617074
15083.064262
15083.104752
15082.248283
15071.666424
15093.896306
15117.572877
15082.541118
15093.242617
15081.202799
15083.829337
15083.689844
15081.905078
15083.148394
15082.773612
15071.735830
15081.903118
15081.686517
15083.306009
15085.073897
15119.860363
15083.070179
15083.594436
15084.470657
15083.653666
15096.424998
15085.889453
15097.524423
15097.274183
15095.367849
15119.090582
15108.459892
15072.195354
15083.292069
15095.590079
15109.643212
15095.806982
15110.176153
15109.064467
15096.418536
15081.651316
15081.007641
15107.874765
15095.758997
15083.531089
15118.476204
15106.811187
15082.043701
15083.579319
15084.587846
15119.267761
15082.684605
15083.652008
15084.271095
15071.274184
15082.324731
15093.107663
15083.383938
15093.106735
15083.108917
15091.360656
15091.364455
15105.389676
15080.828388
15071.717381
15082.786496
15094.435109
15082.339875
15108.494543
15094.613186
15108.969688
15072.434796
15084.551780
15105.991108
15081.365262
15071.873051
15082.897132
15082.407709
15071.855634
15082.949150
15084.033758
15083.720006
15093.154970
15131.437383
15105.781592
15131.986354
15108.194946
15084.235027
15108.670118
15083.004398
15081.636564
15082.066782
15106.026339
15105.471104
15082.738380
15082.181298
15082.203448
15106.069368
15080.954212
15091.469367
15083.279431
15082.684728
15107.238338
15106.645201
15096.699452
15096.104910
15108.947290
15108.359520
15083.314162
15108.699096
15107.637116
15084.709686
15093.682013
15094.803352
15094.384996
15083.789642
15092.622527
15108.514849
15093.171048
15083.084446
15106.351905
15105.174763
15087.873427
15108.730995
15107.192707
15086.108740
15097.256615
15096.624889
15094.297094
15093.863327
15093.629149
15092.072360
15094.221133
15094.307524
15094.511407
15082.231973
15128.140319
15093.322122
15094.877791
15093.680424
15094.759498
15094.235224
15095.024459
15082.060456
15092.641319
15094.806069
15095.957376
15095.298225
15093.409144
15092.634265
15082.096801
15094.229103
15094.116733
15091.198044
15093.726875
15091.301369
15105.265242
15094.228073
15093.001289
15082.960590
15095.206048
15095.229857
15105.874819
15094.701782
15094.629608
15105.746053
15095.149543
15082.131460
15083.781534
15082.575293
15094.399851
15083.091155
15082.161395
15094.927055
15082.397599
15080.117326
15081.362204
15098.189053
15098.189395
15110.496348
15098.261868
15085.099658
15110.561020
15085.652527
15086.936539
15086.657427
15085.551786
15084.602520
15098.292636
15093.133146
15095.214920
15096.228288
15119.317942
15095.131955
15117.665983
15093.798890
15094.356631
15107.443246
15104.405482
15103.707314
15095.898188
15096.524726
15085.896591
15107.072742
15083.304605
15082.173694
15105.727792
15081.358913
15085.740347
15085.786773
15072.205399
15082.773211
15082.666574
15105.238003
15082.125604
15105.883877
15081.346197
15081.503962
15081.401445
15081.007832
15081.432943
15084.064940
15084.415866
15106.975343
15083.828016
15106.973613
15083.058103
15083.092847
15106.931505
15095.180504
15200.931396
15246.847955
15100.703265
15112.238930
15099.417670
15101.832449
15101.374291
15101.926827
15125.729874
15113.924525
15098.606007
15098.608098
15124.291524
15097.408780
15136.599940
15111.042508
15110.403807
15122.812132
15118.290779
15126.973829
15126.471328
15126.206646
15139.808822
15118.933310
15127.031426
15144.928315
15126.249468
15138.699375
15140.451870
15146.509475
15139.802113
15130.895713
15132.452062
15159.577803
15127.158208
15138.161801
15151.325129
15165.236851
15196.074994
15217.303699
15131.591949
15147.618099
15148.164484
15131.182376
15161.272272
15160.765479
15158.929501
15172.394444
15161.933209
15160.239669
15176.298175
15131.328645
15145.001259
15140.742254
15097.432156
15097.952120
15097.331158
15111.272383
15107.346696
15083.619771
15106.702930
15084.167919
15093.847511
15083.055432
15082.902750
15082.855881
15132.577972
15141.878928
15199.740208
15137.577439
15139.467269
15134.432177
15202.668177
15170.513407
15131.871884
15161.695702
15157.189756
15160.714322
15162.167883
15157.761389
15160.723892
15176.230883
15140.929694
15155.335036
15155.880563
15117.076196
15147.551933
15147.575850
15157.806336
15173.625029
15127.364253
15128.471784
15155.250426
15138.072134
15155.779932
15126.368801
15157.831251
15174.115714
15174.572294
15143.563351
15144.093131
15114.665478
15189.460015
15211.074855
15131.918285
15140.176045
15148.163474
15111.720086
15122.881861
15119.927594
15179.350821
15144.600049
15156.319575
15141.375901
15144.954901
15153.345569
15155.415320
15164.705276
15130.893818
15120.297033
15158.924617
15147.948740
15144.959105
15112.719555
15173.154598
15173.571207
15142.918401
15145.904503
15167.431552
15184.048286
15126.677872
15139.504679
15155.353763
15141.273413
15127.755744
15139.469786
15128.516957
15159.079392
15155.641007
15169.965729
15130.397578
15116.894666
15144.437384
15112.818587
15139.777800
15124.864052
15124.810759
15124.508160
15124.503987
15124.629084
15136.278752
15123.692342
15123.493338
15130.276803
15133.840134
15139.460138
15152.635679
15152.517873
15135.945743
15122.023829
15112.149994
15101.300830
15123.336794
15127.719189
15159.630106
15138.721864
15151.899943
15184.586466
15178.431170
15142.453335
15141.826187
15145.928053
15139.725833
15098.159802
15099.801819
15108.158014
15112.608574
15116.289284
15114.468230
15074.645299
15118.513323
15115.838065
15099.877397
15109.054353
15098.282684
15126.142429
15154.629598
15154.628020
15137.203649
15155.238416
15155.222268
15136.666285
15154.643084
15154.627106
15195.926343
15201.135507
15144.642347
15144.641019
15159.104690
15130.838761
15158.578119
15142.584550
15148.193418
15148.740668
15158.778953
15130.586873
15158.254160
15137.295782
15160.166681
15142.039679
15145.520537
15142.623733
15154.051023
15158.885181
15159.488528
15137.940348
15143.189539
15159.450933
15160.053212
15176.239273
15176.857135
15175.711899
15146.876915
15147.463685
15178.108145
15176.331059
15163.217178
15162.689187
15191.560609
15212.372550
15111.308826
15110.963312
15110.666521
15136.773751
15111.245522
15120.652529
15140.837857
15111.707214
15122.888063
15111.109591
15122.087480
15161.231838
15159.601420
15145.180196
15156.887367
15134.363311
15143.485205
15146.470309
15139.536562
15127.813776
15139.542637
15116.891440
15124.825713
15124.878186
15139.790759
15160.373491
15128.456403
15141.198466
15095.334068
15116.360525
15129.258258
15100.916258
15142.949482
15127.189312
15130.833280
15137.333593
15227.214532
15219.415425
15281.427949
15082.591163
15071.449498
15071.985184
15071.253760
15083.343696
15072.729040
15083.249269
15071.358561
15071.987807
15081.363185
15072.050811
15072.127931
15072.107654
15084.548040
15097.864431
15074.592834
15098.554044
15062.315690
15072.880341
15082.351664
15049.723205
15123.337628
15085.537147
15086.077823
15086.232285
15086.222072
15086.118841
15086.066828
15075.375045
15073.653829
15119.495810
15093.399328
15118.508000
15107.057534
15084.060209
15093.586822
15083.508892
15109.262036
15086.700124
15099.068304
15086.074371
15120.897324
15108.678147
15087.874653
15109.226807
15098.398782
15086.095442
15108.156244
15108.033850
15107.377524
15138.200310
15086.710033
15074.700161
15085.800882
15073.068658
15110.415312
15083.884126
15082.986456
15108.683096
15108.040317
15139.596488
15060.963265
15060.981745
15096.159318
15095.094550
15095.044401
15084.814581
15086.667959
15086.075967
15074.808144
15092.839239
15122.952607
15124.096802
15112.070904
15106.177080
15073.434139
15112.696729
15131.083098
15098.483893
15120.299851
15109.961149
15108.765336
15109.933195
15121.212192
15121.227609
15083.620795
15084.112897
15084.783625
15084.202720
15095.995934
15097.854140
15097.255105
15121.684377
15096.646067
15096.556174
15121.624019
15153.041003
15087.400314
15122.939902
15085.973529
15087.938842
15088.918659
15123.333557
15087.939173
15138.240579
15097.058902
15110.151440
15097.075086
15097.415365
15106.471448
15106.550789
15099.483530
15099.511880
15087.569164
15123.355491
15083.238429
15108.301781
15082.520728
15082.468091
15093.159511
15073.860000
15109.533357
15084.959779
15084.935760
15083.036572
15084.274964
15125.916633
15084.101444
15086.396809
15097.570040
15108.828665
15108.822508
15098.288977
15095.850091
15095.779020
15134.023742
15074.796262
15110.408808
15094.293048
15135.963057
15084.756943
15107.207190
15108.188069
15085.310364
15118.796782
15096.918730
15108.808583
15132.558913
15081.370006
15094.258887
15095.317761
15069.712917
15070.308456
15069.746204
15060.269245
15059.638846
15097.627185
15083.258432
15109.207497
15074.746924
15083.867137
15083.247226
15083.955665
15096.950501
15072.300793
15082.401899
15096.587509
15087.571344
15098.159362
15107.006584
15107.007321
15113.319802
15109.494633
15109.542034
15082.740479
15084.413824
15096.542946
15072.608801
15084.324538
15083.690379
15072.055039
15082.495247
15112.343228
15097.828003
15100.477333
15110.672177
15098.499568
15154.737656
15086.030280
15098.412794
15108.283088
15085.675329
15084.230544
15094.096813
15097.248940
15107.727635
15084.456517
15096.616005
15096.662535
15136.536051
15097.868241
15128.975130
15096.477484
15110.139706
15138.470423
15097.903629
15108.643272
15098.668117
15109.410292
15121.235978
15098.449696
15095.591632
15094.346889
15107.982901
15108.062243
15111.917679
15123.116175
15095.693913
15105.981744
15094.372261
15094.807124
15095.336716
15095.183920
15104.398767
15107.159095
15108.081012
15108.028798
15106.355605
15105.632270
15109.176927
15120.872103
15135.683702
15112.965812
15108.714970
15108.765469
15098.386849
15097.695379
15097.184662
15096.383486
15083.401440
15083.184621
15083.754853
15117.627958
15082.656349
15080.880674
15083.783641
15082.709558
15080.875799
15083.173143
15096.135618
15096.843010
15096.332262
15084.519291
15073.669572
15074.352897
15108.805822
15073.167118
15083.901257
15107.506561
15108.520647
15108.498465
15099.000609
15096.086902
15095.672131
15096.155965
15107.853080
15107.797254
15083.006830
15073.063385
15108.828561
15073.665922
15074.273638
15109.452779
15073.698032
15083.056373
15098.895919
15072.597766
15084.257369
15098.380716
15073.785857
15120.939984
15063.799352
15098.946576
15063.240794
15107.828622
15139.401232
15070.962190
15071.635419
15107.067729
15071.552995
15107.598222
15072.180450
15072.071775
15071.590604
15082.230307
15082.789361
15119.875934
15083.173387
15081.632743
15083.187349
15083.108325
15091.528762
15071.584279
15071.101968
15072.680587
15096.103295
15095.547584
15096.061193
15070.849665
15070.838850
15072.336078
15083.944870
15070.671039
15071.649585
15083.864575
15072.613290
15073.148156
15072.543383
15072.393983
15083.955940
15097.549511
15073.542405
15073.490799
15081.796622
15082.465753
15072.345817
15072.293090
15082.942994
15081.760869
15072.222017
15094.914865
15072.174849
15104.662165
15106.195485
15106.783901
15104.616610
15104.988132
15083.195372
15082.059245
15082.534085
15072.305406
15093.951809
15071.804191
15095.217090
15109.327147
15087.328775
15099.676639
15109.552160
15109.880073
15087.939683
15099.640476
15111.020490
15086.829161
15109.427689
15099.787151
15095.210936
15109.033154
15120.964408
15087.433504
15109.932066
15107.315624
15121.975226
15122.631672
15097.468364
15089.111171
15138.769716
15099.680914
15088.507132
15120.185613
15074.055303
15073.456477
15136.461811
15096.121216
15097.256821
15097.277691
15097.411225
15087.209751
15085.357010
15109.102341
15120.140614
15109.649669
15096.941044
15096.782405
15095.943181
15096.737910
15145.963482
15123.996530
15104.853960
15118.733569
15104.812853
15118.081264
15105.492924
15104.741610
15118.078359
15104.841097
15118.695291
15109.691436
15095.999713
15122.218694
15096.446725
15095.849837
15085.407360
15097.538884
15074.744554
15074.189144
15074.666914
15097.167099
15096.602690
15096.605931
15072.261694
15061.634569
15097.353136
15086.352126
15071.559135
15060.934330
15097.219800
15085.004285
15107.094692
15124.332212
15107.738340
15084.981395
15083.869720
15124.934306
15085.067565
15084.684331
15085.768342
15072.207243
15085.740507
15132.002610
15130.860530
15083.390231
15082.172216
15106.961617
15117.854493
15107.479518
15093.820478
15117.908567
15094.279539
15107.520038
15071.491728
15096.750363
15121.506318
15085.032724
15095.661877
15095.059035
15107.301286
15106.459526
15117.732463
15105.001423
15093.978161
15093.597600
15106.010957
15095.087143
15084.017512
15119.021628
15107.851100
15084.592342
15106.598281
15119.843136
15097.288373
15109.548597
15096.720520
15120.939194
15097.863119
15108.117748
15097.307035
15119.846385
15110.253342
15107.501319
15097.889351
15120.416706
15107.554308
15149.296454
15099.539899
15093.547218
15093.565488
15094.057485
15092.891034
15094.653201
15094.073287
15106.997111
15106.996256
15084.252762
15084.927771
15085.555434
15083.696084
15084.841176
15121.766603
15084.893963
15126.042723
15086.080094
15098.250569
15063.055812
15084.275716
15085.540137
15085.823527
15108.162474
15108.243075
15108.047549
15108.114968
15107.500058
15084.870605
15107.526971
15133.651198
15084.918628
15085.053591
15109.206769
15097.004336
15096.379435
15096.366992
15070.461437
15093.981901
15081.000355
15082.514183
15106.885253
15093.795284
15082.617216
15093.064845
15080.405656
15080.835109
15083.291996
15093.129228
15081.933722
15105.761182
15093.083830
15083.185962
15081.625415
15081.628390
15116.574449
15082.162710
15106.558525
15082.894042
15092.178721
15092.603470
15083.556056
15082.114321
15105.977898
15083.465381
15096.015202
15105.977983
15095.430690
15082.119148
15082.152728
15081.714575
15082.678588
15082.863192
15115.885875
15082.766839
15096.123350
15096.124082
15130.340785
15129.787262
15092.254024
15092.945525
15093.569665
15093.045081
15092.279373
15080.924999
15105.924689
15082.154282
15105.928770
15081.447581
15081.760838
15082.776181
15092.701497
15081.505720
15092.021373
15080.884646
15117.244275
15083.442355
15107.284762
15084.235236
15084.935094
15083.498643
15107.290344
15084.802570
15091.156797
15094.084289
15082.102637
15105.924170
15093.192172
15082.797032
15093.107378
15081.240698
15080.275725
15093.141651
15082.089989
15105.887593
15093.103234
15083.381454
15106.883457
15070.636407
15070.075346
15106.068709
15095.036920
15069.844901
15106.583631
15096.015975
15096.017758
15116.519234
15082.046353
15082.186224
15081.700086
15082.711013
15082.838456
15082.695267
15081.633723
15105.359075
15082.207046
15105.949406
15081.543391
15115.886044
15081.852604
15082.824842
15081.496595
15082.114250
15096.077657
15096.664668
15106.614448
15083.055179
15081.858706
15107.749876
15107.192003
15107.649809
15107.052793
15081.736772
15119.179861
15081.778844
15106.896940
15106.273426
15106.284965
15156.766121
15156.214019
15107.580148
15084.395180
15106.983181
15071.756157
15071.057765
15095.665107
15096.730163
15107.764671
15082.253782
15093.584560
15096.607526
15142.595621
15132.060372
15130.911489
15131.397198
15131.511622
15096.724511
15082.296063
15097.137221
15096.550119
15093.472208
15092.862714
15092.844474
15094.120160
15093.581917
15084.599675
15084.441359
15094.188727
15094.181193
15094.187552
15094.304490
15094.751615
15084.600624
15084.467475
15084.378719
15133.656931
15097.362273
15070.007380
15072.710969
15072.069316
15071.532432
15069.980100
15070.057456
15080.652992
15094.253506
15094.807124
15093.549939
15093.552314
15093.033931
15093.463233
15093.480788
15131.081469
15094.163292
15130.469326
15097.270403
15108.300032
15082.825891
15093.605219
15082.780668
15097.028702
15106.747868
15095.826661
15135.473886
15095.789849
15095.190078
15095.274089
15095.291715
15132.167961
15108.030978
15085.250859
15097.574170
15134.552699
15095.130672
15109.975591
15074.785512
15108.013613
15072.839285
15083.505800
15093.575869
15092.913325
15108.075177
15072.221493
15098.688787
15120.438843
15098.620013
15098.150484
15107.034753
15081.882073
15084.389532
15083.776886
15071.810240
15082.681770
15082.451632
15082.862513
15081.534259
15081.995185
15119.406937
15094.738463
15094.828437
15084.911569
15107.769381
15095.115016
15094.472484
15118.917027
15093.633665
15083.742217
15108.399498
15083.174134
15073.228142
15083.941150
15097.231106
15107.997038
15096.135831
15093.881786
15083.963533
15108.491840
15109.222751
15073.995297
15097.850417
15097.849990
15083.699602
15083.035282
15105.947230
15105.868859
15072.337065
15094.830050
15071.790226
15107.169588
15074.206885
15085.165367
15126.287147
15086.366594
15108.405321
15086.549086
15086.418930
15072.843436
15086.488889
15084.051133
15082.811263
15082.060297
15098.101984
15098.102054
15122.298452
15095.534432
15086.479710
15085.858007
15098.134664
15084.482882
15072.205322
15097.840701
15097.103686
15083.738338
15062.534513
15073.685894
15082.809306
15082.791274
15083.605200
15084.144477
15081.389090
15082.222136
15081.855625
15082.669819
15118.728229
15080.927720
15081.411207
15082.138294
15071.469636
15071.012551
15106.474552
15072.134989
15071.541590
15081.412891
15106.454899
15071.541118
15081.949917
15059.894669
15095.900423
15071.082171
15060.350443
15059.836987
15094.790399
15071.127703
15082.130282
15082.133696
15071.495658
15070.980135
15072.055849
15096.526789
15086.335683
15086.955909
15086.359931
15051.696151
15051.000081
15050.388522
15082.184225
15072.395787
15073.478086
15072.949771
15082.209453
15070.235884
15060.402678
15072.100974
15070.961980
15060.316922
15096.642637
15061.059591
15061.494957
15083.501104
15073.703352
15074.805087
15074.247796
15073.595033
15073.578488
15083.483380
15073.063514
15098.262690
15098.306632
15060.271405
15062.799579
15063.527953
15064.717644
15109.706245
15100.246184
15095.920967
15100.290257
15100.907206
15062.652619
15076.924677
15061.763111
15051.678692
15064.109659
15062.765993
15062.827031
15063.147001
15051.594776
15118.155603
15093.974057
15071.473854
15072.682386
15109.195667
15083.616690
15083.680935
15101.892987
15096.731436
15115.699307
15086.215647
15115.137342
15119.108116
15128.639494
15139.657394
15116.764834
15117.439678
15140.713762
15085.342986
15085.023170
15108.872853
15095.258945
15084.775685
15085.046756
15108.885482
15108.210398
15097.478947
15099.692608
15115.328969
15141.370857
15154.618521
15155.507321
15110.201887
15110.185874
15119.206630
15082.726703
15081.422420
15082.824135
15071.618477
15119.854363
15071.095030
15083.720193
15084.279138
15083.689095
15071.041854
15070.396823
15070.452353
15069.677154
15069.736974
15082.853547
15082.909292
15083.581584
15082.429752
15084.770138
15083.029670
15082.973538
15084.053314
15084.746794
15083.471584
15081.387211
15071.009519
15070.197104
15082.808558
15082.816087
15119.495218
15124.419238
15109.651872
15109.638593
15127.248497
15125.954186
15075.430348
15085.888071
15110.009648
15085.152498
15094.765001
15074.653796
15115.511374
15088.356291
15088.317982
15113.094390
15098.777086
15098.739594
15113.112466
15130.498302
15145.952361
15147.803827
15141.218896
15141.231975
15136.495401
15113.611879
15126.822051
15133.773073
15151.300621
15121.975974
15112.261164
15131.846194
15119.625372
15136.814790
15128.317254
15115.074432
15104.319869
15130.928749
15133.731200
15144.464897
15126.637170
15114.174650
15143.863971
15120.007439
15099.280132
15111.306223
15111.194008
15121.018312
15110.010569
15123.719566
15110.681761
15098.990649
15109.785673
15123.250879
15111.627367
15113.005032
15113.239731
15124.061751
15111.860987
15128.673159
15115.174118
15124.509618
15114.717894
15113.850863
15111.099041
15113.519316
15126.424378
15113.389125
15111.075139
15113.831961
15154.768617
15140.849869
15112.365059
15084.576275
15110.472037
15111.896450
15083.606764
15086.296895
15086.126269
15108.409999
15096.271409
15100.503467
15108.931865
15141.389460
15109.560547
15138.919074
15108.948345
15100.523965
15097.443187
15110.794460
15109.455173
15086.657794
15085.306700
15097.514086
15139.070356
15140.737134
15086.555199
15140.521686
15141.446802
15196.281902
15097.414858
15109.594629
15086.384778
15110.179780
15086.967550
15110.259636
15101.813585
15124.320952
15100.613232
15112.719010
15099.794252
15129.377386
15089.032422
15101.256183
15085.277888
15097.118967
15085.370357
15085.323984
15087.371480
15086.645501
15086.814428
15087.928741
15087.201774
15110.069062
15109.989471
15098.146469
15097.558291
15108.528836
15110.611290
15097.590346
15111.278420
15086.587371
15125.303060
15084.476980
15086.438616
15083.886749
15095.977567
15086.545098
15120.880126
15094.072590
15087.009203
15107.673891
15084.088846
15085.817583
15096.542196
15083.123591
15125.251099
15074.408509
15072.543220
15125.122697
15103.485259
15118.728191
15142.214623
15144.614557
15097.380343
15084.155248
15112.563282
15097.878991
15128.519265
15127.991357
15089.256616
15087.115294
15112.358922
15075.104948
15127.580061
15085.828609
15111.154613
15099.515273
15085.384454
15113.360391
15128.166867
15097.360742
15097.294854
15122.939600
15084.042349
15112.528096
15082.748101
15083.084882
15096.052436
15155.081586
15124.886052
15151.644674
15083.892318
15082.491540
15082.597014
15084.506406
15082.780397
15140.520102
15131.580773
15120.378230
15133.944489
15131.990293
15120.773179
15120.678764
15134.351878
15120.270351
15156.264202
15144.602886
15158.626196
15063.604986
15086.078111
15086.162163
15087.432011
15087.995014
15070.855897
15070.986298
15071.444965
15059.543083
15059.109528
15059.051406
15095.879794
15060.389147
15059.879309
15059.737681
15095.881368
15058.421882
15070.687548
15070.955992
15071.307318
15071.465533
15072.150861
15072.544154
15061.042853
15060.551575
15060.410146
15097.028566
15100.128826
15114.351691
15086.719481
15101.840214
15108.804884
15084.458171
15094.543566
15097.018426
15092.947449
15091.906170
15093.006850
15094.118373
15092.495463
15091.241261
15081.955548
15094.408659
15093.655424
15093.506682
15110.906059
15085.814096
15097.791309
15096.584099
15087.197121
15099.071611
15095.874814
15095.334749
15071.680195
15082.801555
15084.199959
15082.169029
15118.628495
15084.530294
15093.765630
15094.719506
15091.436649
15105.903411
15105.364854
15092.134553
15080.812906
15092.663962
15081.440587
15081.437864
15108.480096
15084.124311
15107.472108
15082.910736
15082.265946
15092.225818
15118.048908
15084.415892
15082.127971
15083.035667
15093.714454
15083.780178
15083.358842
15093.392943
15083.698084
15118.631360
15084.489887
15108.746054
15108.212110
15082.632243
15083.702229
15084.606293
15085.302399
15101.270284
15111.271668
15099.798359
15125.062917
15111.321455
15098.141267
15122.820280
15122.573907
15084.015775
15097.109009
15107.499259
15123.039983
15164.383937
15097.466551
15124.937773
15098.549960
15109.997446
15106.415625
15132.486465
15151.240569
15097.903622
15109.377360
15151.261591
15109.540777
15120.304122
15120.196005
15120.199965
15142.314394
15109.751497
15099.292331
15110.822565
15096.543256
15096.872697
15097.211359
15105.834503
15122.104432
15085.109601
15096.060537
15138.533511
15108.068259
15085.919459
15139.315998
15109.523229
15086.260075
15139.677336
15122.004920
15111.251969
15109.866589
15106.540199
15107.204130
15099.825968
15109.112219
15142.835466
15088.450768
15099.826506
15111.381105
15085.867417
15097.053716
15120.565867
15163.023406
15084.563829
15109.853849
15086.418428
15100.454142
15111.025998
15121.836064
15086.357251
15100.288934
15096.926122
15110.092167
15121.027640
15147.295207
15108.549386
15109.032509
15109.793238
15084.980935
15085.662014
15128.747636
15119.313752
15139.419134
15073.689779
15075.679567
15123.737234
15086.214333
15123.086075
15085.536990
15114.702730
15124.595862
15084.299805
15122.610572
15085.345702
15086.028204
15085.106416
15082.201574
15082.771451
15083.203901
15082.040695
15072.563209
15073.228501
15074.689921
15072.586377
15073.192122
15108.256933
15108.763686
15084.557452
15085.068084
15098.114345
15095.629978
15095.633277
15093.992211
15093.955408
15095.711413
15096.268507
15095.038588
15109.294968
15109.393723
15085.146709
15084.991197
15083.919766
15108.116706
15084.586940
15109.347549
15108.352223
15083.800514
15109.522348
15108.473305
15084.425041
15084.344418
15113.194275
15112.959652
15099.105155
15137.390809
15098.370098
15123.259491
15124.467211
15135.212631
15113.954835
15125.629651
15121.519838
15111.518272
15113.910181
15114.859887
15125.772238
15147.449837
15145.005921
15134.587572
15148.688682
15114.818725
15125.815386
15113.913623
15115.049455
15125.585468
15113.868887
15114.962483
15152.086860
15120.030467
15130.451159
15131.642302
15120.655039
15142.819494
15131.615006
15142.119049
15142.132218
15146.200273
15148.064620
15140.956511
15051.023660
15052.853981
15061.056512
15075.522911
15062.931468
15060.954584
15061.623044
15115.415368
15116.563563
15073.832022
15087.291526
15113.115751
15115.404007
15115.414938
15116.144155
15098.075707
15074.036292
15071.186674
15071.868414
15096.211823
15072.177571
15084.069619
15083.488845
15083.962751
15082.493752
15083.766150
15095.685051
15082.903616
15106.691017
15094.820903
15096.815221
15094.255019
15093.570901
15085.109661
15109.363223
15108.133406
15097.664132
15097.175680
15096.024854
15095.407099
15086.187486
15109.823902
15107.047392
15107.520414
15073.152535
15072.475924
15097.629469
15108.100752
15096.529955
15095.911397
15082.026624
15112.404479
15112.359715
15098.110361
15098.444001
15098.128458
15107.885391
15097.323239
15098.635168
15093.305428
15082.670399
15096.685533
15081.317524
15073.576379
15071.615004
15083.191763
15097.374339
15095.593967
15083.777873
15083.750324
15073.050641
15072.505740
15128.138045
15126.924621
15130.370246
15083.358736
15083.868168
15097.849228
15098.475471
15087.968783
15101.076865
15090.571911
15074.306219
15085.455550
15083.535858
15094.398712
15094.412118
15086.530598
15083.273903
15098.726813
15088.216902
15092.769841
15106.760299
15121.404462
15083.356270
15082.134846
15082.095502
15106.926463
15110.872034
15104.894534
15083.435260
15083.950392
15083.118345
15098.040937
15095.646658
15083.155123
15085.341355
15071.917152
15137.805017
15120.448413
15084.314531
15083.656561
15098.023721
15095.670561
15083.837268
15107.547971
15085.214693
15097.482207
15097.444251
15124.466261
15123.912678
15133.898715
15130.864410
15131.571511
15118.370726
15146.298355
15142.454431
15124.982926
15124.444802
15151.897069
15092.572742
15117.827896
15107.515616
15119.309782
15119.396977
15118.402249
15107.491330
15107.069838
15108.916625
15118.789827
15119.023645
15110.869301
15151.375665
15120.922418
15109.490557
15112.112562
15134.422933
15152.599609
15133.756855
15150.859658
15110.760638
15122.815556
15122.863911
15132.118573
15110.074005
15111.532464
15121.445976
15121.397300
15109.247982
15110.582347
15122.282452
15122.323029
15110.259802
15122.458416
15121.760773
15143.205348
15139.595113
15156.089771
15139.488967
15127.836166
15134.662887
15059.541589
15060.861915
15128.054541
15109.869989
15126.746681
15108.582718
15111.387394
15125.693973
15113.577825
15126.658449
15113.186452
15110.606309
15154.645017
15111.831998
15108.992546
15097.386349
15112.261762
15116.140954
15099.554956
15101.289649
15101.142460
15116.004316
15127.140291
15113.660980
15139.341892
15109.724537
15139.254378
15101.437928
15111.150753
15142.216956
15126.336192
15142.127280
15126.183295
15097.380271
15123.735778
15096.031161
15111.528012
15126.346166
15124.462337
15136.715175
15103.198157
15113.681463
15127.757139
15113.381190
15091.517166
15102.015774
15168.403242
15141.417340
15137.035613
15141.645937
15134.573807
15111.989867
15110.861136
15133.480747
15124.619011
15127.257908
15122.600367
15123.394300
15112.947142
15138.636615
15123.324524
15123.959980
15124.734064
15112.126305
15133.610102
15134.169162
15110.285761
15126.767174
15109.877990
15109.888940
15110.886950
15127.347378
15110.299015
15124.730995
15127.389374
15096.739416
15096.785888
15108.750609
15123.994919
15109.031026
15127.647239
15109.543475
15128.160556
15120.731729
15136.571846
15119.971236
15098.254122
15098.811588
15134.434447
15109.044872
15124.820470
15098.084389
15098.123936
15120.851633
15099.854283
15138.930696
15122.885267
15109.922161
15127.973570
15139.125189
15112.131677
15097.693237
15099.317172
15107.661706
15127.363703
15128.127922
15111.081506
15086.508066
15137.627823
15115.547613
15111.592234
15112.230192
15116.505282
15102.709389
15142.306768
15117.055154
15125.838075
15100.987634
15153.080902
15154.174427
15136.647324
15149.483181
15117.555650
15128.559767
15141.776222
15127.318305
15140.452240
15144.487629
15147.261340
15147.847683
15121.269749
15127.153444
15115.259462
15126.286354
15138.485427
15126.638335
15101.136142
15127.794576
15115.356821
15111.491273
15112.129572
15137.071693
15140.966486
15152.207523
15108.312969
15138.930860
15120.719766
15097.410630
15100.015284
15109.020054
15139.021351
15121.360580
15120.889485
15098.115474
15101.185047
15143.882471
15140.158661
15143.441175
15130.655442
15138.224996
15071.457892
15083.320251
15071.482415
15072.847075
15072.750985
15073.314719
15071.668066
15072.114232
15072.045366
15072.718639
15071.071307
15072.091715
15069.634668
15071.440128
15070.303999
15060.951962
15060.181774
15087.582996
15087.009835
15087.089415
15088.258956
15126.244601
15096.094165
15097.264821
15135.888406
15095.333720
15109.854491
15098.247653
15097.673774
15084.765359
15096.494876
15084.916140
15097.533794
15097.449269
15084.923707
15097.818215
15097.236325
15109.179546
15083.878886
15093.918692
15084.137518
15085.015796
15108.469037
15107.928933
15107.920490
15096.313119
15095.736189
15082.912123
15095.201980
15082.161952
15082.181685
15082.821037
15095.232482
15095.300537
15083.231548
15083.917790
15107.866659
15118.835743
15083.837124
15083.792199
15088.071324
15083.660416
15109.093812
15083.653021
15109.010855
15108.882070
15133.049303
15095.696076
15096.403639
15133.153163
15122.611279
15134.434467
15123.939030
15126.479918
15085.162349
15070.830835
15095.824027
15071.534202
15070.339683
15058.312410
15094.634120
15094.670537
15058.580066
15092.737466
15060.955599
15095.425742
15060.296659
15095.184076
15082.337656
15093.339935
15083.530599
15083.001565
15093.381969
15095.338564
15059.669495
15058.922367
15071.458233
15081.836279
15082.937636
15092.296913
15092.305345
15081.906467
15082.395046
15082.380600
15082.298359
15071.448389
15083.462998
15093.938016
15093.962740
15083.012939
15083.500231
15082.905198
15058.183512
15058.177222
15095.018640
15094.495727
15092.758306
15070.683427
15084.587243
15084.035202
15070.642506
15058.681345
15060.547953
15061.360770
15058.704005
15084.377673
15083.823854
15069.340530
15095.137297
15070.149933
15094.685800
15096.428957
15083.432778
15083.964614
15093.920049
15083.364076
15083.981445
15083.412557
15060.248494
15062.154974
15060.877366
15082.085082
15072.664013
15071.494297
15073.167723
15072.715468
15071.349850
15073.262709
15071.990610
15070.863663
15070.904634
15081.983822
15072.290494
15071.001070
15071.034313
15071.627099
15071.150083
15082.077951
15082.083792
15082.133340
15071.628304
15083.483647
15083.975034
15083.376339
15083.451256
15084.015269
15096.446177
15083.521331
15081.642630
15082.149890
15082.081968
15082.114632
15082.186941
15106.436339
15071.538956
15071.536269
15072.057456
15080.728979
15070.133314
15080.712953
15070.182416
15070.308400
15094.648151
15058.598382
15094.765371
15060.413886
15059.893019
15071.368760
15094.668826
15095.335122
15060.920217
15061.679337
15061.002046
15094.572394
15094.571338
15084.175616
15084.132570
15084.218792
15083.618860
15083.564412
15084.776810
15095.876353
15061.433237
15069.484478
15095.239280
15060.131454
15082.771862
15083.464158
15096.599922
15086.148795
15097.727525
15097.116144
15096.417879
15113.356140
15062.013185
15048.330661
15060.839814
15058.414904
15108.147676
15108.215214
15111.000686
15073.249826
15072.600230
15125.275429
15084.699829
15085.156003
15096.568106
15095.896416
15099.472284
15075.246656
15075.835633
15112.929194
15100.804338
15152.521307
15100.929174
15125.151499
15084.645593
15083.980575
15122.125376
15098.396139
15098.504749
15111.597421
15086.648108
15074.183936
15109.833806
15097.465106
15084.124113
15084.694999
15073.445999
15109.132068
15097.420848
15083.437910
15109.440340
15098.866274
15087.282786
15083.236684
15075.073258
15088.143189
15087.615875
15086.246972
15098.357788
15108.515427
15110.201866
15099.167764
15097.068131
15107.718587
15075.954209
15075.957854
15086.384934
15086.389629
15108.653429
15097.491428
15085.946258
15085.420136
15096.283512
15096.154303
15095.465702
15097.035508
15095.275064
15095.796225
15097.539109
15107.743398
15098.382296
15109.458046
15096.318630
15106.895837
15094.748108
15134.332868
15134.343123
15093.813999
15095.716749
15099.397340
15096.577193
15107.520948
15086.922024
15110.269309
15099.909649
15107.519487
15095.526593
15095.504372
15097.183506
15107.533474
15084.270157
15107.247043
15082.942706
15083.493952
15083.075408
15084.685017
15108.586709
15074.072097
15096.639728
15095.127369
15084.584069
15084.631570
15084.581270
15083.683405
15095.905427
15083.877543
15096.043061
15085.647503
15096.681021
15071.492205
15081.464082
15084.203084
15097.505962
15083.653816
15097.212193
15084.354909
15073.273787
15073.180792
15082.672318
15082.794259
15086.922612
15082.980319
15083.143335
15096.869755
15107.996327
15073.011454
15083.390133
15084.136801
15096.816593
15061.803759
15096.200712
15072.919985
15082.748499
15083.467316
15095.329134
15107.755700
15072.744928
15083.178829
15083.342886
15123.268441
15071.921150
15072.511049
15082.980662
15083.672760
15072.157107
15095.202436
15095.148246
15072.928671
15084.513283
15085.875101
15073.292476
15113.614541
15098.160779
15098.168159
15115.905173
15115.383656
15113.453309
15126.919090
15127.242429
15153.987956
15141.902504
15106.717600
15111.818913
15072.196145
15096.764982
15096.698778
15095.776350
15109.112826
15074.605421
15085.117828
15084.635076
15082.249220
15086.677295
15097.945711
15096.610769
15123.671928
15084.965642
15097.220279
15086.846755
15098.065523
15073.138442
15097.256759
15123.772893
15109.606559
15085.371193
15109.173111
15074.686690
15085.250522
15085.177982
15084.632435
15073.152590
15073.713757
15096.510155
15096.554864
15107.309575
15084.916864
15073.141881
15073.660360
15073.137587
15108.081826
15073.019282
15073.017291
15107.978890
15123.033070
15084.101959
15130.960488
15121.731986
15087.267881
15097.785411
15097.255453
15134.929465
15096.221333
15096.216080
15107.863452
15108.455217
15108.477065
15094.068632
15094.067207
15083.170284
15083.854621
15097.197146
15097.829155
15115.184909
15130.539619
15105.304233
15099.521634
15075.015414
15073.376879
15113.045301
15125.555057
15124.519982
15100.797880
15111.019028
15124.240118
15123.325696
15083.851729
15085.019691
15120.897428
15104.792192
15121.618413
15121.642403
15110.148655
15099.452962
15111.263341
15149.560884
15139.128928
15128.962986
15073.701239
15086.411786
15086.423394
15113.524251
15107.134730
15087.060466
15084.303307
15098.193481
15114.645277
15087.704452
15087.662530
15114.727247
15101.541098
15077.602096
15096.639314
15110.775366
15095.869674
15096.037916
15097.872380
15110.830331
15096.594030
15112.091845
15099.809801
15084.574289
15073.337985
15095.395781
15095.412805
15112.079953
15099.854821
15139.600515
15084.468614
15083.190227
15096.847524
15097.984591
15109.307399
15097.182378
15085.499817
15095.367259
15096.742629
15096.604519
15098.140104
15084.781126
15074.887262
15095.406998
15095.270109
15072.623654
15083.836219
15083.940616
15108.855283
15095.525305
15086.189697
15085.962346
15084.235121
15100.231283
15085.415230
15111.689633
15108.882115
15096.803092
15085.545453
15084.805883
15084.248770
15110.375743
15110.328406
15099.873828
15126.971983
15126.536972
15125.759031
15128.416891
15139.037239
15148.920097
15111.399779
15111.386771
15111.263585
15111.893773
15112.450100
15111.221506
15116.609455
15131.577827
15115.341817
15114.563357
15160.648713
15174.993504
15187.153154
15187.195845
15187.195688
15218.962677
15218.946442
15187.169011
15156.312715
15156.312910
15156.313748
15126.452567
15121.264697
15101.052766
15125.187333
15124.877864
15126.567235
15140.887968
15141.775314
15170.677788
15128.637421
15122.161924
15110.398527
15100.411779
15121.119672
15098.187142
15097.457694
15109.136058
15122.019203
15151.501765
15122.122649
15096.454512
15152.142043
15109.185442
15098.190120
15122.814198
15133.566411
15112.963629
15152.965358
15111.193840
15109.866140
15099.688795
15123.683585
15140.145934
15138.495099
15148.843317
15134.170507
15134.110063
15099.634005
15098.724000
15110.473758
15152.293953
15098.783738
15134.090798
15098.632996
15098.693138
15126.365212
15124.077440
15085.808536
15085.939043
15110.182544
15110.156556
15115.844897
15140.220662
15097.945601
15122.304830
15097.966629
15123.638614
15124.388810
15087.524674
15112.877240
15087.582348
15085.883666
15086.013310
15162.365824
15162.332994
15172.991827
15172.975747
15191.315252
15210.790122
15084.449304
15085.097029
15143.145208
15153.886429
15133.470578
15121.840793
15112.632365
15130.436950
15124.076582
15124.049907
15125.677076
15143.472684
15121.732775
15113.976334
15137.293871
15140.673088
15140.675778
15140.647069
15124.050080
15124.049367
15130.939476
15141.302472
15121.040041
15088.791958
15065.094993
15073.533758
15065.946688
15063.494205
15099.396344
15074.673840
15105.856225
15119.891314
15131.277784
15131.261998
15131.604670
15140.666121
15141.875133
15141.463764
15113.304091
15122.680099
15121.317153
15134.187742
15097.610598
15122.926098
15134.418464
15123.306227
15097.553526
15126.935636
15128.083914
15126.916003
15126.901149
15131.017217
15155.147792
15138.191544
15142.611526
15143.474204
15119.583481
15169.868722
15171.150902
15129.675581
15130.886399
15130.192405
15130.239241
15113.508562
15142.723827
15156.465695
15139.361507
15153.972618
15154.744666
15138.546815
15125.730764
15113.086819
15113.060670
15125.405150
15125.907765
15111.054180
15110.566366
15126.931392
15127.472144
15128.085061
15126.894625
15137.623617
15112.321097
15111.885283
15141.982216
15142.877209
15169.437421
15139.344040
15112.641807
15112.630817
15086.421466
15169.853703
15129.730718
15130.252788
15129.735291
15129.719349
15120.258856
15119.082778
15113.617136
15097.585171
15097.010565
15097.305194
15112.192790
15123.603057
15097.842654
15087.445119
15087.403395
15115.058309
15114.631153
15218.919770
15219.005149
15156.313653
15083.641508
15072.456287
15094.800846
15094.127904
15083.327157
15081.996075
15083.383681
15072.194257
15109.969910
15088.079256
15097.703369
15121.156347
15113.101349
15141.646435
15139.919187
15075.372753
15083.651745
15108.059479
15083.717655
15073.829620
15111.352735
15111.278828
15112.965607
15095.153677
15108.786612
15108.138569
15109.377854
15085.047804
15109.299034
15099.025623
15119.746442
15111.735829
15123.256823
15111.745916
15123.227499
15110.137934
15110.088505
15110.862589
15110.928002
15108.130690
15113.111411
15139.411776
15126.311628
15097.689801
15109.297950
15108.525274
15095.846211
15085.978865
15098.342142
15135.490419
15111.713955
15085.186829
15085.881632
15085.922871
15087.126821
15095.784815
15097.023129
15108.988752
15085.340331
15095.749164
15085.323029
15095.730898
15095.184087
15095.964229
15095.936006
15108.965409
15095.766903
15083.296786
15083.288521
15083.600476
15073.669933
15083.505436
15074.254336
15083.474248
15073.089197
15083.422610
15073.657505
15082.883877
15082.470384
15082.490297
15082.833024
15083.061868
15113.110194
15112.966605
15107.109714
15107.079725
15118.294074
15132.399649
15097.379271
15139.471285
15109.437841
15100.423242
15109.494489
15098.466082
15086.105190
15114.933079
15114.363353
15096.055203
15083.720174
15083.708129
15086.361554
15137.689142
15136.555290
15102.677637
15101.640103
15101.607181
15109.935103
15164.696296
15109.267750
15124.907727
15151.863151
15110.603600
15163.484099
15129.634102
15088.832998
15113.385999
15101.080831
15128.122623
15101.143448
15099.198694
15112.023750
15109.823034
15100.161987
15072.455157
15085.161968
15109.870803
15108.700129
15070.853493
15070.840668
15112.258248
15126.867444
15127.055268
15115.950654
15116.670790
15114.734989
15098.026432
15073.389419
15073.902816
15073.296401
15073.859503
15073.853487
15097.503909
15114.857107
15100.047863
15094.699394
15095.064035
15095.064361
15093.635243
15083.609734
15124.258240
15095.427023
15119.679606
15085.010976
15083.969216
15094.666824
15083.261189
15082.039083
15091.902402
15081.893923
15084.172499
15083.497463
15099.218594
15097.330699
15102.550907
15093.810079
15097.185495
15115.309075
15125.105421
15125.883499
15143.890065
15141.291144
15096.045606
15099.279067
15099.235868
15111.699856
15071.593668
15072.140302
15098.862398
15099.447274
15132.535510
15075.015711
15100.854038
15108.920030
15100.087055
15099.534458
15138.409862
15073.782257
15073.843232
15102.768828
15103.139435
15103.919550
15103.542439
15104.320372
15130.633614
15125.790901
15134.636013
15098.367493
15109.836802
15109.844552
15087.918747
15137.032569
15112.760070
15122.881850
15110.218150
15124.528721
15156.095395
15113.466432
15113.466862
15186.378464
15136.921327
15098.919822
15098.136474
15131.349225
15141.283967
15141.496492
15142.055488
15140.047507
15143.555974
15133.584764
15147.568710
15139.238300
15155.367423
15127.356217
15145.457760
15124.622473
15127.372643
15139.237131
15155.562621
15147.387758
15147.403250
15128.350098
15126.435226
15115.751032
15162.855551
15157.580805
15088.519275
15087.873857
15109.584479
15109.537323
15087.773360
15113.015932
15111.867760
15126.713624
15103.997696
15091.008272
15126.138593
15123.459366
15126.149431
15125.554553
15189.749325
15127.226637
15109.246189
15109.271096
15188.834868
15129.516601
15127.503372
15154.349588
15115.832486
15128.835779
15127.351436
15142.762918
15131.178154
15145.160944
15128.646308
15127.686704
15156.247636
15113.922738
15128.163433
15127.161542
15155.762510
15115.663746
15128.329910
15131.816688
15114.618167
15128.812824
15145.813805
15165.267636
15128.541926
15127.774608
15171.120547
15171.163589
15187.415879
15126.245225
15126.738220
15143.450536
15142.937677
15125.602892
15142.785553
15142.270493
15114.611907
15133.105309
15157.289397
15156.718178
15121.053272
15123.523751
15122.869633
15126.233330
15116.390451
15138.562716
15139.741760
15141.728730
15155.768270
15135.942779
15116.434174
15139.786227
15124.127505
15117.143176
15199.089176
15174.844175
15163.988354
15189.524358
15189.582499
15190.152528
15178.723232
15190.210094
15116.429047
15150.218495
15135.609212
15155.628143
15155.116023
15138.690101
15186.110056
15185.502308
15169.199661
15184.950033
15169.258902
15191.839607
15182.855275
15179.351694
15160.034351
15152.675939
15137.938908
15153.302564
15165.468591
15177.836550
15193.001465
15225.801008
15177.896234
15165.468925
15192.945016
15166.095262
15167.036632
15166.097343
15183.960381
15172.436102
15172.660907
15188.254701
15171.884781
15172.718813
15162.837913
15160.291919
15152.514499
15142.054262
15111.353472
15111.975916
15110.843911
15119.298967
15152.156247
15111.751111
15121.621801
15122.162812
15199.888444
15179.844584
15179.859167
15170.858290
15165.708801
15164.055880
15128.389741
15129.140854
15165.330644
15200.697356
15110.233724
15124.235736
15115.131658
15095.913913
15110.235937
15140.769219
15122.090484
15140.893601
15110.330137
15122.176641
15136.784619
15138.685137
15121.188560
15125.861342
15166.282168
15153.937341
15112.657155
15112.567073
15123.773486
15111.559701
15123.088061
15087.578380
15138.027359
15148.600279
15125.713534
15113.879674
15108.505506
15119.464118
15086.483972
15087.664450
15085.743603
15086.420863
15102.838755
15084.950723
15098.920264
15123.742897
15133.927387
15112.213967
15127.046162
15101.192650
15112.696078
15122.435474
15136.120318
15114.833728
15124.598891
15108.334618
15119.526246
15083.698247
15083.706859
15085.958126
15085.623056
15137.010296
15120.976706
15121.081071
15121.630346
15126.780727
15136.494021
15096.726765
15108.954315
15097.376045
15105.709503
15095.686766
15109.178508
15106.656092
15119.662902
15109.335944
15097.313130
15109.085455
15097.532070
15107.281923
15111.315457
15109.491807
15082.991515
15083.944602
15084.960928
15093.363707
15095.713696
15083.998020
15095.375489
15095.146032
15095.257257
15094.063929
15109.242167
15120.199496
15110.932047
15096.221787
15121.117474
15110.658347
15096.169456
15092.862187
15094.364902
15085.017489
15109.550882
15095.393053
15122.137023
15107.333008
15121.668000
15110.874833
15097.329534
15095.891153
15084.937886
15086.028581
15107.922986
15098.492244
15085.031312
15085.390991
15107.957159
15096.593536
15094.763660
15096.779437
15085.440153
15109.984461
15097.122964
15095.711801
15108.744648
15095.007523
15095.614046
15095.090055
15096.550888
15084.193860
15084.381503
15084.388216
15085.895608
15100.559025
15165.974979
15124.181193
15122.955941
15129.051639
15124.436391
15085.796774
15084.576192
15086.655712
15127.223090
15084.541149
15097.399432
15120.653747
15109.069644
15127.950763
15126.772790
15096.982297
15097.474496
15096.875939
15135.600013
15097.606744
15096.435347
15125.506453
15179.439219
15140.012964
15137.371755
15094.030770
15094.026527
15117.999785
15107.230155
15082.270334
15081.686722
15106.099836
15093.951638
15093.926118
15082.148060
15107.730264
15106.557333
15094.894021
15095.000616
15097.968741
15097.852013
15097.290264
15119.663697
15130.938342
15097.003647
15108.574205
15095.252494
15095.330219
15094.083831
15084.702005
15106.606337
15118.374363
15105.109741
15106.563898
15119.652248
15085.261678
15130.843534
15093.972318
15110.909746
15086.496006
15109.736321
15110.356839
15110.290579
15131.893140
15106.929983
15084.531994
15109.005730
15095.085808
15118.806012
15095.664529
15119.625171
15084.502080
15095.597212
15086.247655
15109.126658
15120.942087
15134.012881
15094.614794
15107.930158
15108.437164
15105.630889
15105.587110
15107.842680
15097.128243
15095.953854
15085.295829
15095.374128
15108.685889
15094.753332
15108.130561
15108.072452
15096.803142
15118.518980
15134.197316
15085.530754
15110.370408
15085.571276
15108.590803
15120.150151
15108.376009
15096.782598
15107.606451
15119.040180
15118.154049
15119.534131
15097.655649
15109.005099
15107.843834
15107.484249
15118.768356
15120.943785
15109.795762
15109.115415
15120.308542
15118.842506
15123.222868
15107.570107
15096.957039
15133.025085
15110.043644
15135.706845
15097.213270
15108.415616
15107.852758
15096.280087
15106.988995
15095.653549
15108.431261
15132.559577
15108.251878
15097.075847
15108.481116
15109.794820
15097.037757
15109.201763
15110.020673
15108.775832
15120.220284
15105.037992
15106.711850
15095.459439
15108.246729
15120.338624
15095.496220
15108.562737
15130.707006
15109.014571
15108.225734
15097.003678
15108.414721
15132.491341
15097.008781
15108.713332
15096.402336
15121.209980
15105.325140
15095.151593
15109.355538
15120.596439
15119.106521
15120.229354
15104.995889
15083.864927
15097.558698
15097.262436
15095.936331
15096.389811
15084.978942
15086.665854
15095.314688
15073.137156
15094.666237
15096.695078
15110.500562
15083.627584
15095.248398
15096.312940
15096.210040
15106.912644
15096.517195
15095.471791
15094.948676
15104.894601
15095.751779
15094.316167
15093.690354
15097.813057
15097.160703
15098.115580
15085.434698
15096.364763
15121.836618
15083.568178
15121.268115
15096.520152
15095.740409
15095.871548
15097.140054
15085.248343
15085.733365
15073.518750
15096.148313
15084.135486
15085.632705
15072.849781
15096.061672
15123.648028
15116.811479
15084.030634
15095.092561
15082.379384
15083.871486
15080.946184
15093.917020
15105.464815
15092.256962
15093.731988
15080.787097
15083.141909
15118.054948
15093.305752
15092.662395
15094.671253
15107.080935
15092.903465
15105.924840
15084.295651
15084.382870
15096.489951
15123.197123
15098.761155
15098.096857
15109.633559
15098.378025
15085.426680
15095.134636
15096.153696
15121.229006
15096.573837
15110.119729
15108.281577
15096.624997
15106.563806
15096.827352
15108.052881
15085.105501
15085.133446
15084.370208
15085.244918
15148.564261
15105.361444
15108.675470
15105.758495
15096.611809
15107.154865
15107.986584
15107.076667
15105.795108
15083.082011
15093.573667
15095.166371
15083.440179
15082.755059
15095.121570
15095.142148
15095.725859
15112.924014
15096.758676
15083.907132
15071.672662
15082.280479
15107.914471
15083.434041
15108.252831
15126.262462
15085.071887
15109.559567
15073.473991
15084.064031
15083.689518
15109.050556
15095.517017
15122.007175
15135.431735
15096.731529
15095.511607
15084.954990
15073.397800
15108.977680
15093.973279
15095.160629
15095.344772
15082.819567
15108.671569
15095.734227
15093.411279
15094.998125
15117.628666
15094.990984
15113.168156
15136.821175
15136.360005
15120.958053
15136.786387
15124.011976
15119.472254
15119.493541
15097.261197
15083.354514
15136.238462
15093.314615
15107.889602
15093.900870
15093.285583
15084.330318
15118.869506
15082.736821
15093.275566
15093.015439
15107.239742
15094.256244
15099.323761
15085.444417
15110.341765
15105.395361
15120.025171
15099.582562
15085.689215
15110.576209
15098.816326
15084.892648
15109.850830
15131.357123
15094.251155
15095.217626
15083.698995
15082.148551
15092.730330
15102.992286
15106.632237
15106.374604
15131.416204
15095.286382
15124.312848
15097.731442
15108.351606
15120.584828
15095.115569
15095.327218
15082.739964
15108.113536
15094.804358
15095.049793
15093.734003
15106.679756
15094.869300
15082.739269
15096.291310
15106.949689
15122.519695
15093.983704
15083.882202
15118.966348
15106.778098
15106.235742
15108.060025
15107.511088
15133.289136
15108.015004
15082.841493
15093.457447
15119.093717
15107.976696
15096.351373
15108.609564
15084.532519
15094.652904
15098.156126
15096.396903
15095.973657
15095.926172
15106.086029
15105.954764
15092.775148
15105.436085
15105.988023
15121.129246
15121.053802
15123.465228
15094.245493
15094.269469
15130.430779
15082.869980
15093.439906
15096.355797
15096.599865
15095.782708
15119.414472
15084.033364
15094.678795
15109.632029
15119.318975
15106.633377
15083.309845
15093.956001
15108.950062
15084.539548
15110.408579
15082.491851
15085.143593
15110.919653
15108.347196
15085.330455
15119.782102
15121.353675
15098.526330
15083.729748
15109.800537
15073.010178
15073.018728
15095.351239
15082.929449
15082.983999
15095.232738
15093.630547
15095.570209
15108.826464
15108.850249
15108.744961
15097.406138
15087.015325
15121.571265
15083.033652
15092.956601
15120.422583
15109.043168
15093.713701
15107.257295
15093.653087
15096.553577
15098.219948
15086.709184
15094.012649
15084.734848
15082.487141
15092.451122
15120.338777
15105.806066
15105.861110
15107.401043
15109.156195
15095.839618
15092.566023
15095.771817
15096.380222
15085.668900
15121.762518
15098.928345
15098.622407
15087.469941
15087.390808
15124.294550
15139.831459
15133.867877
15086.880605
15097.675944
15099.166346
15151.362265
15100.266717
15109.137462
15096.647122
15097.279642
15109.918278
15099.940613
15098.135579
15094.385796
15094.481310
15096.709145
15085.218337
15121.215646
15098.442383
15098.263818
15098.185139
15073.226042
15072.271646
15082.266742
15098.116767
15097.495611
15073.260725
15096.420124
15121.475942
15123.914535
15123.973200
15083.855423
15072.247899
15082.243204
15108.117226
15107.460611
15083.861343
15084.410026
15123.561261
15112.548793
15137.198274
15107.790340
15109.084280
15124.032624
15121.247276
15097.046049
15105.992844
15123.555910
15107.713271
15106.537284
15121.313048
15130.509127
15093.471758
15094.112369
15107.209997
15107.172199
15107.578897
15106.420697
15146.498440
15149.160155
15118.625403
15118.042990
15096.241726
15095.036917
15131.493210
15095.424385
15107.113595
15107.710573
15122.193245
15096.466474
15107.140701
15134.596602
15124.609463
15122.807762
15085.908789
15095.882672
15123.256323
15085.093906
15133.468184
15122.416353
15120.851084
15133.378208
15133.916150
15108.466911
15108.658116
15085.091311
15095.101211
15109.797033
15098.620459
15096.691636
15107.054634
15096.698419
15107.102391
15106.585821
15106.651027
15135.721148
15124.003090
15120.761933
15094.946449
15133.382096
15094.926042
15121.226888
15107.901757
15095.077457
15085.085578
15120.109347
15109.177454
15120.290770
15126.305542
15093.303919
15095.343604
15095.484130
15083.692700
15095.341287
15093.778691
15119.458257
15107.136049
15083.222799
15085.782049
15110.723136
15099.729751
15093.880270
15095.070136
15094.902350
15084.345917
15094.322907
15118.845786
15120.040409
15107.025430
15084.479057
15136.286226
15109.397871
15109.949948
15085.482891
15095.522509
15108.625238
15105.466555
15096.360162
15087.684232
15098.479162
15107.224948
15151.999498
15097.219169
15086.320674
15098.985080
15140.829430
15097.161455
15099.071132
15123.693579
15098.366685
15110.991160
15109.199667
15109.671779
15150.345433
15097.698782
15107.633845
15107.798668
15141.240588
15086.897733
15098.358835
15110.143760
15108.463557
15098.761170
15109.248054
15109.547426
15109.157688
15139.618284
15086.952308
15097.219169
15100.476219
15087.989323
15088.847439
15099.644339
15086.619801
15096.033654
15099.898055
15095.486277
15088.901988
15110.785007
15096.090645
15100.132678
15099.773312
15113.968679
15097.576745
15096.815179
15087.291740
15113.631640
15126.277904
15123.847732
15122.523201
15111.982945
15100.299755
15113.988573
15087.254446
15087.257177
15087.819371
15113.672569
15129.091921
15099.700708
15111.021540
15099.732593
15100.856081
15111.701900
15122.094924
15109.953256
15090.016432
15141.900616
15124.299789
15112.756795
15137.421831
15112.476841
15100.815156
15123.272113
15110.235402
15152.650104
15112.226072
15122.728865
15101.705668
15111.282806
15122.280892
15101.187294
15112.038458
15152.433367
15135.853499
15122.765937
15124.734170
15152.989014
15164.187515
15145.900251
15152.647898
15112.288054
15123.396584
15134.855493
15137.635296
15101.712136
15112.564628
15152.957761
15135.868937
15125.253836
15145.919424
15153.197314
15112.837613
15123.411684
15134.874690
15137.637295
15095.474730
15097.180825
15088.284724
15089.991519
15087.615852
15085.108028
15110.335968
15096.090121
15095.975915
15071.879990
15093.045499
15093.728760
15073.811920
15074.313394
15064.750736
15075.255775
15075.231075
15091.038257
15117.565006
15118.085225
15076.346883
15116.363590
15146.872110
15146.898369
15160.837434
15178.580917
15160.864334
15198.544152
15131.900617
15120.441966
15121.080517
15132.508155
15096.899127
15096.841157
15121.336932
15133.435220
15121.195321
15120.453005
15112.076145
15143.144106
15153.882543
15084.832174
15084.309578
15084.310082
15097.762212
15097.757644
15097.265439
15101.125433
15097.781951
15085.202968
15085.751322
15155.133897
15138.172235
15141.432575
15142.267185
15130.484895
15097.656515
15110.718285
15122.004816
15099.119465
15110.733688
15122.017785
15095.828893
15112.655963
15152.592013
15112.640114
15131.761757
15102.277824
15102.238563
15111.844185
15111.791072
15137.580768
15153.931631
15154.709375
15169.288831
15129.715335
15129.732884
15112.611944
15112.594808
15139.292985
15096.884511
15108.594905
15099.104234
15097.436826
15121.571507
15099.135009
15109.780478
15105.503587
15120.331236
15097.344046
15108.562647
15108.246092
15129.657017
15129.701644
15169.395087
15139.545553
15138.793078
15149.731516
15124.678131
15115.055379
15115.216939
15138.173573
15121.814439
15111.694080
15111.751902
15111.684437
15122.066571
15108.210849
15121.812704
15111.710920
15111.709585
15123.168216
15112.222251
15086.187779
15097.662579
15109.391506
15120.835729
15098.416723
15110.618302
15120.917368
15125.144201
15122.932519
15098.470834
15097.989756
15098.244158
15110.584966
15099.065466
15125.233212
15115.668035
15122.251972
15121.657180
15122.804472
15128.296193
15110.276675
15100.107862
15111.845391
15137.159551
15110.847491
15098.072968
15097.510968
15075.384040
15109.731109
15109.261883
15098.239118
15109.444403
15108.726533
15085.927811
15096.890012
15119.264732
15084.336855
15108.611123
15108.101778
15120.560221
15132.025353
15095.241726
15095.795977
15133.976749
15143.882270
15107.194147
15107.218187
15083.882363
15083.834318
15082.932694
15092.925331
15107.511183
15107.490438
15119.952005
15083.392773
15083.935926
15084.511471
15085.092303
15108.734444
15084.029613
15085.945052
15107.839017
15138.289585
15134.062172
15134.052490
15123.471133
15123.325480
15133.453298
15124.525674
15111.246883
15145.590225
15111.753106
15111.969556
15136.323037
15137.821477
15136.718241
15150.109661
15147.448975
15111.190409
15112.497253
15124.577960
15115.512107
15123.742561
15088.035829
15111.567448
15090.285352
15101.266179
15096.078206
15096.656587
15110.901397
15100.581802
15124.590446
15124.560941
15109.984603
15099.696631
15119.363714
15097.451070
15094.480528
15108.931068
15130.065281
15096.510888
15095.651899
15095.852028
15096.498000
15095.634451
15123.802241
15112.794510
15089.602808
15126.435441
15109.548491
15086.261471
15085.548440
15109.594099
15109.053050
15085.776456
15108.465083
15085.718483
15109.118677
15097.481682
15109.635089
15086.296872
15085.640801
15109.615578
15108.975344
15142.683357
15102.220335
15086.462651
15097.000274
15097.528524
15088.713907
15110.406552
15129.063945
15099.177408
15098.289186
15114.188761
15097.567459
15101.006911
15100.018273
15097.009735
15113.013354
15096.294986
15099.299440
15108.649844
15112.533934
15123.583453
15111.759918
15097.313939
15109.684873
15112.324047
15109.577540
15109.791176
15127.495063
15109.830833
15101.005751
15100.448448
15115.269894
15098.303875
15098.261451
15097.639305
15098.229249
15139.617523
15120.844312
15140.232467
15121.422919
15108.781972
15137.343595
15136.214043
15126.416807
15113.021521
15138.566108
15125.719266
15142.042503
15142.891557
15102.184715
15131.072334
15131.059018
15141.742769
15139.803342
15121.419383
15122.053140
15098.772140
15122.015363
15099.354223
15111.524452
15100.014415
15101.564539
15112.069744
15101.735783
15113.063513
15113.087982
15125.771458
15141.490792
15155.180316
15138.224048
15142.336953
15130.065263
15127.462964
15131.500218
15130.726265
15141.828235
15141.062601
15127.180197
15127.978546
15138.419934
15144.674215
15143.539158
15127.297952
15137.640093
15143.897274
15142.763814
15127.489342
15155.551087
15142.349127
15143.234115
15142.742854
15160.196268
15178.397928
15160.196064
15199.081268
15076.888793
15112.642375
15101.149135
15120.708542
15109.264691
15119.462488
15095.903540
15096.202269
15107.110562
15108.492348
15092.989353
15116.260235
15145.593028
15145.604358
15177.944936
15177.970753
15193.477820
15122.216999
15135.659631
15124.480233
15133.102496
15148.484963
15123.353506
15113.048913
15154.780941
15154.781556
15151.641770
15138.466083
15156.295777
15126.839652
15156.296582
15134.733226
15136.520780
15132.317790
15145.485625
15129.655155
15179.502785
15143.410128
15142.696083
15146.340440
15127.109852
15144.548176
15128.798217
15148.547770
15143.394750
15129.329039
15125.808767
15114.055679
15125.539713
15125.657142
15200.226994
15157.426138
15156.712423
15139.605484
15138.099013
15129.080330
15113.815541
15141.489861
15141.459984
15136.289574
15109.430694
15109.824941
15110.301173
15109.745513
15154.943988
15154.929251
15143.771217
15140.566262
15158.630166
15156.555790
15159.145887
15156.568079
15138.647321
15145.404952
15145.960933
15155.677970
15126.861800
15156.236581
15126.088648
15152.695960
15152.737257
15112.984260
15154.658105
15154.626283
15155.751377
15155.734827
15169.732751
15169.742681
15186.907321
15173.310654
15160.141099
15159.508007
15144.039315
15128.315329
15110.583470
15111.154539
15120.797439
15111.265938
15158.287509
15143.693863
15149.346808
15127.277964
15140.398561
15125.781076
15114.070602
15125.565057
15125.656300
15200.338387
15151.240179
15150.487261
15139.561754
15138.082447
15129.708356
15117.394570
15150.446864
15141.503708
15128.412312
15128.275189
15141.548219
15173.492702
15168.567392
15157.376177
15157.362372
15115.209886
15128.421298
15163.548591
15137.808812
15126.925962
15137.178688
15125.575504
15130.548005
15198.549603
15114.375715
15113.780706
15112.854897
15178.655411
15106.192392
15096.242126
15096.285289
15119.931012
15112.422196
15121.200191
15097.628335
15098.182578
15113.137718
15097.476472
15108.393820
15112.264131
15123.785110
15126.879398
15097.453933
15123.214616
15119.939847
15108.509328
15096.179100
15095.870525
15086.674541
15099.969334
15112.492150
15120.710153
15109.266744
15087.929439
15102.012665
15113.792256
15154.072198
15139.992074
15125.598966
15125.855353
15125.305244
15127.260282
15126.285153
15125.573195
15125.844530
15125.291394
15127.290899
15126.285607
15101.078121
15100.342298
15128.086922
15101.895230
15101.971681
15129.443698
15128.913459
15139.721245
15150.744370
15112.783228
15140.350788
15075.929697
15129.064689
15097.475919
15098.248737
15153.875239
15125.786853
15113.610092
15129.192386
15115.648843
15139.743712
15137.653770
15116.074723
15141.527982
15138.910608
15126.204666
15117.012007
15126.945295
15136.200161
15117.372444
15155.525351
15138.401977
15125.681284
15116.503153
15123.881334
15124.806980
15126.948221
15136.201971
15116.863636
15156.007254
15125.408594
15127.617192
15116.963798
15103.469835
15101.740863
15100.604415
15111.724430
15111.671598
15128.740227
15126.163527
15153.187930
15110.531549
15099.264752
15095.075634
15094.590051
15094.508134
15084.541214
15083.946256
15106.004384
15127.580156
15111.470458
15138.437921
15098.179281
15103.872573
15115.817772
15077.282787
15077.883553
15097.967407
15062.821028
15062.135939
15064.668035
15087.370855
15064.775820
15088.164566
15062.307870
15072.257771
15063.888490
15064.763956
15116.386461
15127.094385
15140.834889
15124.859459
15124.725068
15154.511096
15112.510755
15182.806824
15140.485522
15127.241991
15165.827553
15126.926207
15156.153550
15137.714136
15139.674141
15138.172708
15129.142107
15167.754548
15128.068542
15128.857401
15142.122880
15149.925421
15139.630400
15138.156137
15129.770054
15168.380317
15128.711117
15129.499302
15144.882097
15105.883576
15106.254127
15126.112012
15105.111084
15126.624194
15155.410118
15113.212957
15141.273059
15100.957281
15128.495270
15100.324527
15102.416999
15130.473813
15126.287614
15126.327960
15114.583342
15124.949621
15110.536343
15136.660688
15111.104571
15110.586530
15120.597619
15112.005362
15100.101741
15112.615133
15100.414921
15112.974724
15100.729117
15123.399990
15112.268265
15114.490647
15124.858866
15152.977394
15124.709387
15140.758419
15154.507622
15112.496475
15126.616066
15184.232818
15155.386471
15110.935904
15111.575386
15100.653221
15112.817957
15102.017526
15112.955610
15128.788011
15096.844531
15108.294819
15150.066826
15108.567495
15109.246492
15110.435089
15119.399736
15110.489387
15109.245215
15108.565987
15144.660474
15095.788163
15126.381004
15085.659059
15126.300632
15071.552470
15072.123451
15070.394142
15082.363947
15083.455809
15082.837917
15117.497633
15132.590242
15130.887563
15099.148956
15087.599257
15137.820475
15099.788667
15098.616291
15095.718000
15084.930114
15084.808343
15084.207721
15083.768157
15083.699110
15083.829458
15109.360562
15099.153976
15084.331067
15098.580858
15084.972253
15083.743232
15107.908200
15107.324093
15084.229139
15085.748697
15083.654626
15087.221168
15095.073888
15087.517842
15096.035324
15084.877538
15095.345014
15095.601443
15095.642578
15096.209651
15074.770777
15083.721308
15109.125107
15073.401820
15084.496602
15112.204929
15125.812053
15100.650946
15096.389893
15085.765476
15099.509908
15085.294243
15086.435036
15088.449333
15109.533881
15086.913907
15100.049680
15085.115465
15085.753259
15099.996444
15111.684951
15111.163669
15099.481771
15100.060885
15112.239033
15139.152164
15127.630095
15100.365163
15086.840156
15097.375012
15121.009973
15085.479104
15095.527739
15084.823506
15110.476457
15075.634273
15100.578658
15086.162665
15111.141844
15064.835835
15138.158051
15138.084541
15154.985411
15096.190946
15085.058296
15095.543392
15074.994627
15133.746971
15122.472760
15100.611194
15097.483846
15133.811215
15124.552187
15086.164493
15100.658969
15140.660137
15126.072663
15083.105891
15082.758866
15083.694782
15096.796804
15083.283319
15083.701352
15167.641944
15127.661571
15124.401098
15154.882771
15112.193141
15133.951827
15101.320734
15072.930168
15073.436807
15079.726508
15071.569559
15073.415278
15072.238521
15072.395804
15073.451714
15072.815888
15213.496639
15176.451324
15188.130572
15131.221794
15188.233477
15155.404897
15154.932781
15141.275972
15126.020840
15146.877266
15116.391161
15146.851173
15138.363133
15154.590847
15154.549226
15121.834599
15142.510922
15142.469699
15123.094262
15111.047241
15121.164726
15164.973962
15180.582948
15180.580032
15110.296813
15164.896961
15132.531874
15136.867805
15153.841066
15153.838454
15209.446961
15209.344459
15137.722608
15117.525366
15156.129319
15117.170605
15137.960136
15138.728343
15154.979700
15137.382759
15175.537188
15158.150249
15128.610066
15140.330518
15159.183621
15158.608429
15150.794485
15144.119297
15127.967472
15139.687501
15158.522890
15157.947110
15138.550018
15185.522648
15185.497516
15104.992280
15116.356539
15116.694459
15145.215095
15115.247483
15145.189190
15134.418075
15133.888295
15132.334152
15132.331760
15145.403170
15116.061114
15145.376507
15228.509243
15223.963069
15228.475809
15139.350714
15131.094713
15097.588122
15087.418796
15111.281968
15088.567831
15123.321464
15128.783076
15103.945483
15128.809379
15151.470279
15117.547953
15117.532405
15126.173717
15113.908443
15126.208086
15098.130663
15095.114082
15096.458150
15096.253606
15098.690100
15100.290167
15086.418600
15108.649153
15086.280385
15098.803219
15084.380431
15151.985169
15109.456872
15110.813103
15151.359048
15121.233973
15110.395392
15132.526047
15115.944724
15115.927106
15141.363062
15151.339579
15108.984318
15151.290981
15109.673357
15097.465013
15110.111958
15098.577517
15133.038818
15141.971458
15151.906489
15110.113142
15110.737626
15109.354853
15122.877138
15096.146714
15109.014127
15109.650124
15137.103489
15097.935432
15108.414787
15099.722861
15097.730789
15112.345066
15098.206724
15086.756899
15111.455252
15086.582213
15088.215121
15099.737332
15154.239998
15136.729911
15127.860062
15086.877895
15110.384814
15138.642150
15097.649884
15121.181670
15139.631753
15086.899173
15122.534379
15120.447986
15150.385709
15097.646641
15133.328436
15098.024083
15108.806561
15107.191392
15111.771903
15106.590069
15107.814005
15097.774423
15122.794752
15134.232591
15122.756748
15108.505845
15097.147387
15099.329298
15110.358075
15120.380651
15119.676590
15136.477887
15113.825635
15086.924807
15111.524018
15083.601481
15097.880571
15167.062603
15073.632613
15152.064296
15096.359958
15087.231926
15115.010907
15101.770704
15120.839427
15122.615271
15083.577941
15121.461033
15150.052112
15160.440009
15113.419774
15125.450395
15166.941694
15179.251097
15084.743268
15126.660605
15137.724199
15110.294635
15136.273681
15138.683469
15149.833012
15123.329797
15122.797095
15123.378525
15107.998134
15125.503765
15101.823660
15136.155866
15105.367023
15120.043817
15151.236725
15108.005809
15107.964634
15108.614110
15109.175519
15126.708650
15108.544694
15126.074300
15085.147236
15082.213835
15095.696165
15082.190474
15121.156316
15096.712417
15106.598468
15138.152840
15096.440358
15140.435790
15151.635646
15132.291891
15133.379675
15150.378759
15135.666396
15134.556884
15107.866668
15105.830052
15106.054237
15095.510178
15133.338644
15135.056340
15108.561116
15097.966449
15123.510829
15135.766958
15122.945357
15141.681514
15132.738767
15121.445377
15110.026574
15109.794547
15109.372548
15107.810629
15119.665711
15097.241140
15119.889814
15108.692510
15108.724994
15109.278645
15124.247132
15096.435403
15107.981763
15179.613431
15086.478976
15097.614998
15135.498155
15164.025652
15135.479088
15135.600219
15164.013285
15119.171952
15125.397605
15111.026780
15122.661856
15179.616998
15162.174493
15146.129168
15137.626550
15121.025487
15150.200345
15107.280040
15112.405468
15108.412084
15133.264314
15098.374814
15123.468558
15134.865808
15151.596243
15163.323235
15124.075910
15121.384609
15137.778984
15121.389896
15097.772787
15100.602477
15111.632394
15122.691415
15147.881435
15163.909313
15146.399354
15110.568554
15126.963172
15110.533507
15134.100384
15121.099928
15146.265407
15120.380925
15137.782707
15113.538342
15125.595803
15136.098590
15111.888160
15124.257823
15155.513286
15168.533782
15113.578471
15109.097295
15110.769286
15137.957962
15149.027347
15120.262162
15098.268067
15098.889494
15138.507329
15121.372453
15111.387120
15137.643624
15123.335854
15135.116898
15152.628096
15121.301303
15120.740439
15133.064731
15110.735848
15122.646946
15151.233446
15109.314392
15119.758289
15094.557712
15095.242588
15084.763391
15097.285999
15094.765875
15093.549273
15110.008311
15119.222006
15085.359945
15095.838268
15098.015761
15118.721516
15084.772494
15082.888859
15095.808262
15082.862507
15121.224991
15097.883936
15109.046856
15135.820176
15109.258353
15124.263863
15123.555986
15121.144630
15119.985167
15084.463679
15085.122066
15109.783289
15074.493755
15111.019165
15087.341381
15097.649839
15119.663511
15108.379702
15097.866312
15085.746383
15085.163442
15097.234948
15096.999044
15086.361073
15123.793991
15123.136072
15136.663906
15097.801707
15109.490166
15097.661153
15098.381852
15133.547019
15137.401670
15135.630465
15133.579130
15098.063675
15107.990515
15096.115644
15135.989444
15122.545135
15097.339662
15096.038526
15097.521100
15073.580484
15109.037668
15073.558295
15085.441812
15074.249895
15109.019995
15074.202381
15097.922588
15098.708363
15110.650262
15110.273145
15122.668508
15120.454860
15150.379907
15132.893916
15138.161471
15138.551571
15112.655015
15110.868599
15101.652219
15086.453449
15097.152395
15087.959479
15107.733696
15148.825086
15163.451368
15110.413299
15097.420029
15137.694801
15124.190141
15112.500372
15136.324267
15085.420341
15125.618271
15123.665620
15121.401562
15096.059144
15096.005173
15107.233567
15106.676944
15109.524142
15153.598502
15121.041445
15107.178516
15108.434728
15097.312844
15111.204446
15133.235446
15106.406143
15095.716068
15122.299276
15085.128047
15121.758908
15094.328503
15107.759704
15108.453502
15164.625300
15109.190083
15126.408293
15112.181645
15119.609307
15119.373593
15094.581945
15094.179315
15083.979220
15109.574252
15125.520047
15098.672300
15109.870759
15098.574689
15098.646381
15113.302386
15124.398750
15107.944420
15109.192979
15111.154626
15107.165503
15108.555851
15107.407331
15095.686690
15120.654062
15110.896755
15107.432585
15107.449531
15096.690142
15094.139751
15082.951282
15106.669165
15095.922358
15105.067931
15107.227551
15106.610334
15118.420283
15107.527001
15083.359568
15094.397452
15093.682512
15119.370432
15107.910462
15108.207610
15108.219422
15107.005510
15117.510985
15117.057864
15106.471005
15108.218934
15108.197571
15120.732944
15106.615730
15108.399082
15095.972879
15116.325963
15118.357966
15107.222186
15151.374764
15123.663770
15110.403824
15122.964674
15130.979112
15107.675875
15107.753908
15120.868491
15097.212214
15109.334260
15105.911929
15121.345830
15164.995926
15120.966919
15111.806784
15132.704921
15150.217317
15137.400367
15138.808166
15133.382292
15139.035077
15140.268477
15095.123475
15138.437419
15108.905767
15084.588215
15085.205454
15114.635780
15178.953987
15084.625422
15124.447033
15085.847377
15113.534553
15113.224913
15060.881752
15126.275342
15107.048149
15083.025803
15083.766740
15083.594059
15107.996222
15084.881591
15098.046629
15097.824428
15084.192258
15086.791251
15083.713271
15084.230649
15098.573451
15084.932547
15087.543095
15084.448115
15085.472006
15074.355592
15085.932646
15086.654314
15086.633995
15113.350528
15081.466265
15081.418448
15082.985682
15083.538829
15084.237675
15094.832698
15109.677689
15093.547367
15096.450276
15093.584677
15096.505165
15094.763276
15082.393582
15127.698770
15149.911288
15098.706966
15109.250591
15099.420997
15109.944558
15109.849287
15138.567434
15107.821872
15122.451401
15107.006619
15108.621711
15109.897547
15111.647706
15119.427333
15133.463100
15125.520300
15082.110459
15083.382950
15114.001693
15114.216230
15082.061944
15098.999990
15140.324966
15129.089270
15116.422471
15115.906173
15128.538472
15199.200782
15160.733159
15160.732805
15178.436677
15146.644363
15146.643396
15115.982741
15140.726048
15127.592165
15188.232109
15226.258488
15195.889847
15200.032819
15195.887341
15122.068967
15121.354394
15146.896857
15120.951934
15122.295094
15145.276802
15135.907858
15098.668150
15097.315449
15151.866055
15102.246720
15166.508998
15166.870150
15111.423883
15112.610611
15108.758368
15107.541928
15134.837382
15114.346821
15136.741192
15124.412903
15137.632768
15123.765488
15102.659011
15112.755753
15177.201070
15122.298647
15121.047338
15132.892168
15132.908694
15121.167460
15086.259994
15120.955094
15121.687687
15111.057785
15086.267054
15120.785822
15131.506344
15097.522311
15122.256848
15121.504793
15108.796736
15156.045674
15142.844550
15143.248811
15102.031184
15087.371348
15111.653191
15123.127074
15096.652599
15096.405037
15107.638041
15108.974627
15119.944617
15109.745282
15121.189033
15122.917600
15134.879196
15115.971369
15101.130843
15128.377624
15149.960041
15101.146203
15115.372494
15127.747570
15149.916692
15141.004584
15152.697712
15176.130949
15116.330777
15146.784037
15146.824093
15138.551889
15177.434003
15140.089604
15139.321143
15176.671146
15140.893474
15127.666797
15137.346493
15115.617616
15145.680098
15127.241378
15140.417317
15138.992204
15145.695936
15144.650383
15145.802457
15138.498828
15128.945189
15157.685203
15157.751859
15130.053154
15156.168049
15156.211041
15127.967453
15160.405193
15174.163862
15174.139394
15126.787867
15138.715312
15144.130987
15143.634568
15138.970645
15152.173331
15167.496866
15168.028853
15160.149597
15160.109620
15129.588903
15158.329661
15158.396901
15157.060359
15150.302857
15130.696825
15149.561211
15155.933699
15155.476076
15126.994188
15124.465122
15123.694800
15202.761916
15105.495028
15135.386893
15135.412627
15163.698552
15127.460397
15126.707861
15106.604307
15143.138529
15128.597648
15158.469937
15156.370506
15159.044907
15156.382030
15126.469542
15164.666058
15128.546984
15127.793857
15102.754570
15114.649515
15113.368068
15164.405585
15128.216711
15127.463863
15165.787546
15126.115667
15127.190207
15126.901574
15197.877160
15167.159657
15166.406350
15127.156730
15140.783932
15127.604379
15234.736450
15235.262039
15177.023104
15188.990525
15150.732819
15111.226165
15125.021621
15095.898032
15127.371812
15116.184851
15128.295793
15143.074437
15144.160714
15144.176879
15175.069724
15103.189239
15142.790886
15142.749475
15126.973531
15133.123361
15133.679214
15144.228635
15144.202950
15162.657035
15127.456858
15114.244572
15137.769746
15136.417396
15137.980775
15125.848954
15114.263248
15102.500013
15128.219502
15126.116542
15125.411744
15127.982885
15127.948193
15146.397521
15124.612128
15102.452988
15164.133546
15128.395655
15115.168824
15211.469062
15143.570730
15129.465584
15144.708872
15144.681984
15163.852842
15154.172525
15150.775775
15150.792552
15085.608116
15086.307789
15141.410210
15176.114389
15252.313171
15124.465313
15167.907036
15170.516165
15176.200692
15132.902878
15132.928679
15163.992843
15163.119885
15197.535989
15165.884012
15125.229056
15122.472200
15135.978714
15132.959858
15153.813762
15153.772387
15122.350834
15120.497944
15119.398064
15119.879427
15105.434579
15118.722365
15108.913192
15108.402738
15107.740514
15108.583878
15108.405494
15145.129547
15145.113141
15154.443044
15154.412199
15112.537250
15131.808541
15131.835387
15143.158915
15143.186662
15156.727921
15156.712434
15098.993971
15124.659455
15142.801731
15142.829604
15144.842131
15144.825448
15109.080798
15107.312655
15122.648159
15134.913193
15097.199337
15151.989172
15108.164377
15123.999701
15097.548346
15134.199728
15108.954031
15106.805399
15110.303620
15121.335092
15096.235315
15110.014002
15119.722733
15107.368047
15106.495279
15121.834650
15121.439789
15096.432909
15096.830493
15096.548790
15120.071541
15131.533345
15106.522694
15105.070728
15119.474670
15119.920516
15106.651611
15107.379209
15094.949159
15120.628656
15106.826892
15173.690579
15124.733752
15125.289402
15124.071328
15130.512069
15130.539082
15155.515142
15168.708787
15155.500064
15130.589426
15130.615676
15129.822047
15129.848483
15109.615861
15095.996761
15107.069853
15097.599655
15111.230741
15096.860779
15111.574698
15097.738076
15121.804600
15112.458693
15088.798638
15107.963881
15088.223021
15149.900080
15134.131163
15113.344955
15127.755600
15115.618420
15088.122281
15109.813077
15094.689508
15093.378138
15123.856217
15087.410966
15084.048847
15120.278310
15098.365940
15094.164070
15094.113396
15107.772886
15108.411502
15098.376926
15125.117315
15088.223821
15138.296983
15091.376372
15112.869692
15103.011770
15124.755590
15165.857814
15164.643836
15123.408900
15110.407676
15148.062489
15099.192140
15110.315253
15103.434676
15121.781429
15139.939016
15096.543811
15107.565565
15096.095110
15101.995116
15114.257483
15092.097542
15175.392309
15126.224796
15128.676649
15126.216291
15157.143762
15168.197393
15156.532089
15157.731112
15156.507112
15134.371594
15134.346512
15120.577621
15120.075026
15108.508380
15121.684137
15108.666065
15122.000382
15096.555407
15107.172061
15096.231488
15086.254139
15086.334988
15109.077151
15108.962552
15108.939183
15109.263823
15121.056867
15097.006584
15120.416418
15119.818243
15110.386360
15131.996712
15109.163329
15106.928479
15110.176632
15108.820856
15111.420582
15121.941350
15108.127361
15107.995505
15093.656061
15108.112886
15121.368061
15121.245809
15109.254481
15108.566946
15105.601980
15106.194089
15119.340723
15094.961348
15121.440673
15107.865536
15118.703105
15107.224492
15106.490969
15097.467037
15086.316395
15110.842857
15097.183398
15096.987801
15088.466142
15098.999595
15097.102347
15087.769062
15098.302740
15110.105221
15124.866014
15168.413784
15168.413325
15124.112151
15125.844335
15125.576923
15166.040980
15166.540713
15136.140917
15156.916658
15156.875455
15216.355885
15125.311309
15141.266438
15141.238037
15166.594201
15166.608250
15141.593786
15141.577791
15141.090172
15141.048232
15119.735415
15132.949120
15153.858341
15153.801181
15173.985676
15155.070861
15168.711327
15155.044540
15163.822677
15138.099535
15123.213680
15112.549528
15122.119568
15095.593433
15095.522007
15121.498662
15096.202319
15085.072387
15096.492924
15124.117820
15139.422093
15086.037332
15098.181798
15210.230800
15109.775391
15094.968108
15094.270033
15095.906137
15095.134105
15095.543104
15094.723389
15096.603134
15095.369151
15096.691365
15085.901714
15096.570095
15096.925219
15085.260482
15119.342503
15108.028007
15107.818660
15107.998745
15107.898477
15098.483848
15108.975128
15107.399680
15097.919642
15109.672073
15096.565689
15095.832151
15106.781974
15096.825715
15096.702447
15095.966018
15095.579772
15085.709837
15094.403230
15085.137572
15133.089119
15097.441971
15086.482399
15096.241675
15085.869202
15085.585468
15145.187243
15145.144730
15131.803917
15132.301800
15163.842160
15146.444072
15157.660229
15146.402742
15158.232980
15123.973823
15139.392863
15152.383010
15197.795249
15125.038238
15149.976417
15110.044242
15109.035814
15109.115025
15108.298884
15109.677719
15122.636496
15097.906926
15120.270333
15120.462885
15106.877317
15150.118376
15106.871628
15106.836011
15106.022512
15105.943127
15109.303606
15119.530862
15119.629477
15106.561026
15097.203228
15107.903066
15120.675901
15106.841517
15104.747208
15106.564697
15104.673932
15097.114558
15107.565598
15119.455872
15116.776338
15119.830730
15120.064651
15107.692937
15117.644647
15120.681203
15107.222048
15097.266861
15121.241300
15121.886591
15096.953930
15096.842801
15097.571209
15117.183762
15108.073810
15107.353169
15092.549101
15107.224371
15097.350848
15094.366624
15130.861149
15097.415528
15095.200490
15097.076244
15132.217620
15110.171551
15121.784017
15119.850313
15120.295587
15093.244932
15093.323920
15120.806241
15121.030168
15121.518905
15096.701295
15124.904408
15109.117388
15107.974946
15151.842568
15097.717248
15092.506780
15109.022686
15107.704508
15108.543109
15109.360830
15105.531437
15095.621976
15107.565008
15095.853467
15097.303272
15094.414427
15084.380830
15096.731277
15096.606481
15106.655323
15106.392560
15106.324157
15096.353455
15108.356968
15119.163902
15106.579998
15106.991263
15107.244403
15095.232361
15151.216596
15109.523253
15108.861113
15098.030519
15108.464283
15096.053533
15138.183068
15093.788292
15093.150152
15093.842315
15093.203775
15095.572654
15138.405822
15110.781136
15099.268857
15085.877810
15096.969417
15084.947688
15084.215155
15085.254866
15108.863053
15097.960071
15139.669080
15087.416811
15098.168324
15110.148328
15086.021128
15139.435734
15111.394029
15186.702338
15187.568953
15070.069954
15070.152167
15150.467660
15137.294217
15129.162809
15152.041469
15112.392797
15092.690502
15097.977137
15097.051440
15120.646645
15085.649418
15096.971223
15110.245828
15087.383670
15085.689478
15086.866366
15094.324900
15094.841839
15094.285703
15100.525915
15110.960167
15110.450301
15110.851839
15111.391256
15110.873229
15097.462170
15133.397137
15146.061093
15112.740600
15138.687266
15110.387251
15109.174742
15109.954236
15109.889944
15120.239356
15098.368997
15109.308918
15083.144883
15097.115696
15083.719981
15108.016458
15108.671479
15098.615585
15109.081327
15096.619435
15095.864065
15096.868624
15094.514540
15097.217629
15095.380038
15097.493656
15096.786250
15107.179267
15107.191651
15133.296148
15084.371366
15083.796246
15109.606387
15110.222169
15098.719397
15083.198346
15110.244784
15110.909642
15132.543177
15124.690040
15097.150728
15096.357006
15096.947002
15119.640017
15095.755620
15095.203915
15122.132879
15095.777188
15097.070048
15135.769400
15095.852985
15119.745318
15095.936575
15097.002620
15095.011098
15095.584944
15094.927193
15094.211633
15094.951529
15094.380313
15109.574220
15097.058434
15127.264023
15097.033483
15109.574189
15127.843577
15124.836514
15085.676476
15086.846377
15086.089293
15086.688289
15084.884904
15084.928099
15127.743425
15109.109373
15084.090925
15084.139673
15126.905424
15108.837145
15098.100477
15125.119499
15141.474544
15141.988144
15140.394289
15127.192193
15096.962789
15199.846062
15213.989828
15211.903730
15192.860037
15177.274687
15128.154115
15110.145104
15098.795165
15106.469188
15099.103165
15094.850519
15107.771027
15137.625595
15120.148361
15096.447175
15121.336928
15110.661508
15107.893187
15107.133259
15124.399145
15113.378668
15109.988220
15109.211046
15127.100792
15099.243714
15113.031456
15099.099846
15112.903817
15099.699204
15113.527991
15071.146073
15070.424904
15081.565546
15070.495018
15071.623559
15071.140346
15069.252675
15081.513579
15070.431875
15082.731510
15070.390795
15070.394398
15070.333025
15081.467957
15108.469109
15100.410828
15109.035166
15097.695906
15097.779878
15110.919709
15098.379099
15108.460278
15112.190332
15096.009198
15101.171268
15122.456612
15096.559971
15110.896862
15107.898337
15124.564435
15110.485146
15168.407922
15149.749380
15083.747905
15093.864208
15083.915608
15106.709784
15112.278864
15095.515739
15109.062997
15109.653585
15139.071668
15120.450535
15098.982783
15122.525997
15111.083577
15097.493113
15108.392901
15098.422666
15100.589508
15138.394837
15120.162528
15108.525983
15127.534903
15097.674806
15086.592106
15109.345086
15108.739055
15108.036610
15132.315478
15124.192171
15096.646551
15062.347704
15061.653726
15096.018540
15070.205547
15060.965607
15083.386490
15126.428273
15124.687569
15107.997710
15099.882872
15107.746950
15138.890369
15109.939725
15105.726668
15110.486670
15108.594372
15108.134021
15108.924835
15149.489677
15109.242597
15109.917424
15099.923141
15108.029201
15109.987778
15108.293526
15110.542270
15109.965253
15108.638228
15119.488157
15108.806121
15098.407261
15095.947747
15097.042519
15095.056892
15109.821623
15094.919711
15095.052511
15096.475653
15094.391039
15138.573743
15139.238047
15126.787691
15124.779413
15132.900139
15112.245409
15108.885362
15110.201621
15151.286531
15098.158653
15100.694869
15139.660555
15121.031073
15111.116386
15139.625334
15121.655071
15110.606399
15111.860537
15139.088023
15121.102648
15125.042082
15128.384481
15110.317185
15110.358682
15109.819698
15109.595348
15139.366419
15140.492823
15149.059331
15165.438319
15139.414005
15121.494028
15095.010359
15110.609752
15096.414267
15136.874574
15112.830087
15123.645136
15110.783747
15106.459891
15099.762148
15121.638439
15109.538107
15097.739622
15107.049643
15122.005598
15121.584704
15111.093557
15147.930996
15153.180054
15132.392449
15131.271600
15121.506062
15095.210436
15095.872201
15081.569315
15082.502644
15095.101287
15107.402447
15071.621830
15083.806287
15082.168156
15095.664523
15107.972905
15072.216978
15120.347984
15107.713882
15123.961369
15150.552045
15135.160722
15107.890892
15072.075990
15082.539407
15083.122039
15082.159007
15106.711699
15107.960436
15072.157018
15083.239351
15083.797069
15136.956020
15126.843946
15125.977296
15098.896336
15098.360164
15096.255432
15096.811459
15096.156199
15094.965856
15094.905837
15132.213051
15110.130095
15127.186234
15109.042531
15109.657865
15097.652625
15108.610987
15110.223192
15147.811315
15136.688181
15127.705531
15109.602230
15128.435039
15109.765506
15167.803059
15167.170449
15124.150290
15122.973202
15137.900441
15113.463122
15096.792674
15099.417568
15097.262100
15096.545732
15113.166927
15110.917889
15110.938510
15111.457440
15127.325234
15109.836211
15127.335623
15109.326702
15127.460542
15109.931266
15096.976569
15125.649820
15139.486122
15099.741178
15121.576231
15097.524985
15096.809285
15113.451062
15084.212189
15083.525792
15100.667140
15111.014040
15096.814936
15097.396405
15096.954855
15123.197595
15134.057984
15110.184513
15100.967706
15111.305475
15134.801088
15167.344471
15123.764436
15107.506150
15137.487672
15120.340029
15109.575025
15095.657251
15096.283288
15094.606557
15119.563998
15104.292952
15094.259708
15094.376695
15112.993915
15107.189845
15114.955327
15113.444887
15112.065021
15128.133653
15112.023125
15128.209544
15110.775274
15087.525696
15087.281701
15095.771318
15098.098721
15099.213065
15096.475704
15109.724150
15098.866370
15097.072138
15107.109154
15110.440060
15121.262568
15109.763476
15106.814442
15123.496479
15094.778293
15096.501589
15093.354307
15094.568781
15112.553179
15126.302006
15085.847407
15086.147059
15111.363801
15115.904811
15115.912915
15141.404649
15116.469156
15117.099036
15141.420151
15175.366709
15123.687265
15123.107788
15163.447046
15145.188793
15110.874704
15121.535426
15121.712886
15099.243128
15110.997391
15151.917137
15122.661973
15133.673297
15136.369049
15123.634735
15088.386707
15141.146638
15124.089389
15099.574556
15157.559245
15146.678577
15120.863491
15120.208877
15175.451567
15109.646192
15152.637749
15096.605936
15085.978976
15075.978786
15112.389459
15095.106104
15108.941814
15095.841215
15097.784386
15108.893467
15098.306893
15097.468607
15096.972327
15097.102308
15097.939887
15098.332610
15120.959707
15107.077982
15107.915510
15107.212661
15107.410033
15104.077832
15105.621410
15096.263790
15105.832089
15096.586202
15096.134134
15107.085123
15109.532440
15121.492088
15117.823402
15107.830751
15121.083468
15099.491620
15110.291724
15107.412454
15099.109473
15109.906519
15132.907293
15121.948547
15087.534595
15151.473835
15107.291260
15097.237801
15122.151827
15099.125655
15087.724256
15076.488618
15087.951529
15126.027196
15087.050740
15086.213918
15086.768701
15165.252699
15122.659178
15096.679457
15109.621391
15107.589861
15151.234678
15109.568864
15108.930417
15097.067671
15123.308342
15121.122222
15097.405916
15107.866627
15110.345368
15094.776504
15119.970576
15118.890990
15122.979170
15123.590593
15096.037487
15098.848849
15088.353133
15088.357632
15098.274184
15088.920356
15114.826509
15088.323957
15087.480997
15100.613242
15156.117868
15113.908538
15110.506774
15110.531995
15127.182119
15109.905046
15100.650169
15097.104415
15135.543335
15097.078074
15087.540123
15087.543719
15134.308169
15134.329691
15124.810081
15120.072261
15106.091721
15148.719719
15088.081251
15123.587113
15123.747638
15112.058995
15165.084035
15113.905623
15138.070557
15148.601270
15125.772158
15120.058047
15110.407849
15151.943074
15106.465880
15099.626013
15106.903458
15151.092495
15108.041546
15134.549148
15122.711322
15133.405886
15113.973800
15126.237083
15136.843376
15176.492127
15133.796626
15122.627139
15132.916532
15121.792007
15134.571842
15123.346170
15134.025733
15157.728477
15109.063421
15124.218724
15097.680174
15086.434287
15086.435166
15102.879033
15200.762543
15138.374921
15139.127821
15129.237750
15188.239716
15175.339923
15158.572890
15158.547300
15145.881218
15145.308564
15144.601339
15144.114321
15165.222337
15165.223419
15196.032568
15195.972920
15191.231112
15191.230761
15166.674156
15171.416788
15171.474637
15178.006724
15131.528733
15098.037018
15111.697133
15097.989763
15101.207140
15112.234517
15102.092177
15140.547152
15133.416197
15130.128926
15128.235974
15132.178439
15129.461987
15168.527150
15206.161800
15168.528478
15199.351568
15182.500900
15199.410112
15182.560912
15182.501534
15206.177755
15206.177913
15199.425987
15182.516247
15182.559914
15182.502187
15199.367675
15182.501619
15182.517398
15182.558861
15168.528280
15168.527051
15122.985308
15134.236708
15112.527622
15116.437992
15115.946365
15128.564973
15126.155662
15115.977035
15115.971699
15129.727295
15141.597161
15084.358013
15085.526844
15127.837372
15109.162079
15097.293593
15096.188387
15139.689394
15121.446416
15097.562680
15108.480916
15108.659146
15083.661286
15108.669475
15136.617300
15122.865736
15096.982144
15096.361553
15096.386289
15153.955206
15109.302758
15108.032341
15096.886458
15117.660976
15140.560934
15095.355857
15106.615990
15094.303664
15094.207594
15095.196242
15094.066292
15082.755827
15096.202441
15094.304818
15110.721154
15109.841789
15099.360200
15110.637558
15074.875438
15108.160819
15109.392732
15132.762647
15157.975839
15108.694251
15109.297195
15132.698744
15099.444856
15121.266288
15110.615863
15109.374940
15110.450897
15121.306692
15117.791083
15129.845840
15095.541129
15107.397109
15095.067284
15094.977195
15108.823475
15095.561562
15109.018248
15095.660368
15119.307800
15110.034332
15117.810595
15095.542815
15107.398579
15121.543159
15132.178542
15121.704168
15132.138709
15096.935818
15108.949400
15107.571909
15108.973701
15098.784261
15075.309448
15098.676502
15136.475907
15097.462666
15107.426268
15087.439252
15109.316487
15086.075535
15100.023708
15107.622620
15107.028768
15099.411554
15109.399443
15097.095395
15111.453881
15111.029735
15099.488862
15109.452886
15100.034841
15123.479766
15097.985506
15123.115830
15121.624118
15123.591760
15111.303953
15118.760040
15097.415266
15095.563022
15086.203062
15110.688130
15109.528698
15109.322927
15086.641427
15100.048740
15096.159917
15109.030506
15108.016696
15095.688694
15108.960614
15084.242453
15095.441086
15098.245121
15119.532042
15118.523549
15119.444346
15108.771389
15136.528475
15106.328881
15121.001948
15106.319157
15120.100506
15110.906602
15123.256835
15121.227281
15099.306365
15109.677371
15134.974229
15100.686831
15099.778431
15088.365837
15077.078767
15100.886935
15115.196322
15112.583897
15099.306685
15126.324515
15087.380454
15110.242688
15096.663023
15120.135634
15136.484865
15146.362208
15151.951459
15110.235970
15109.612498
15151.572960
15098.074576
15108.509841
15133.351923
15111.194623
15119.164383
15108.983020
15108.992091
15095.885400
15096.973028
15099.639328
15099.256786
15087.628118
15107.424458
15097.479444
15123.284571
15123.268893
15121.117664
15123.133396
15110.797327
15117.974460
15095.979981
15094.174896
15084.772839
15108.131695
15094.964069
15108.022207
15084.698434
15098.136623
15086.952886
15113.339538
15127.050566
15142.943306
15115.332197
15115.733280
15061.441853
15062.178642
15087.650511
15072.589134
15072.125291
15097.919481
15128.989179
15127.595944
15114.641660
15127.683041
15127.686497
15153.399315
15136.986001
15129.113738
15129.647658
15129.834760
15126.928600
15128.469615
15129.167388
15117.420881
15143.610741
15111.343225
15100.381972
15099.994122
15099.047501
15122.592515
15111.694033
15099.772436
15120.526573
15099.666970
15108.646817
15096.974106
15097.347952
15098.637817
15097.796153
15120.651998
15109.752506
15097.546604
15110.530309
15109.636642
15123.810138
15111.894993
15111.143049
15111.335543
15135.359821
15122.087942
15145.966698
15099.902108
15099.853232
15134.526804
15125.848813
15139.021996
15152.645526
15139.590771
15125.418560
15124.852265
15113.753836
15125.546923
15135.441979
15099.902665
15136.541593
15138.283648
15146.655894
15127.188734
15136.626366
15109.896276
15146.814240
15111.122960
15169.277140
15134.802329
15149.510722
15150.904687
15155.192794
15134.753954
15180.294477
15149.494298
15150.888568
15180.917644
15178.769306
15167.170167
15180.978786
15099.267683
15100.641109
15124.429027
15126.946234
15123.256656
15126.310728
15138.184192
15187.819282
15120.912800
15120.335265
15120.304546
15163.570468
15165.915844
15110.334221
15152.887691
15125.803575
15127.541321
15098.854581
15136.224625
15114.462594
15113.838747
15098.902279
15134.800182
15126.181156
15116.628095
15124.421349
15135.574108
15127.089311
15139.233386
15115.264256
15109.854934
15109.255552
15109.239574
15127.073652
15126.376628
15139.549635
15110.978736
15110.996038
15166.164082
15147.256337
15152.648244
15138.719457
15121.435296
15120.860468
15120.856564
15110.889048
15126.343030
15113.399938
15112.198130
15135.558554
15134.977845
15139.054565
15152.606947
15124.212057
15162.693707
15097.091536
15086.165126
15111.744481
15096.618008
15086.301230
15097.141585
15086.802352
15111.804877
15135.663319
15110.200654
15110.799373
15109.666893
15103.445259
15113.934681
15117.185155
15097.675744
15098.210474
15085.025399
15109.733262
15126.216122
15099.695100
15103.182823
15098.931686
15086.853606
15112.507157
15102.527741
15116.488980
15059.753707
15060.280543
15070.893442
15082.121019
15070.887420
15072.110847
15071.374486
15070.703899
15070.197961
15071.449871
15070.832666
15072.073554
15070.387330
15080.831741
15071.355103
15070.221532
15070.885199
15081.556953
15080.990523
15071.018118
15072.751528
15071.493808
15070.796892
15071.353279
15070.723900
15070.825787
15072.032038
15072.084666
15071.432533
15071.590008
15072.024319
15070.355474
15071.410261
15070.334793
15072.207605
15071.720923
15071.503557
15083.316490
15083.407143
15060.387745
15059.694890
15061.553547
15061.004558
15059.706682
15060.908351
15060.844693
15059.862092
15060.386364
15060.188685
15059.601501
15061.422317
15060.256964
15060.668463
15059.487081
15060.091621
15059.547872
15071.316094
15071.851642
15071.388536
15072.148207
15071.637950
15071.460092
15082.658234
15096.992080
15085.674298
15110.300938
15120.748335
15109.051855
15111.616642
15122.561731
15109.790689
15097.714571
15109.021335
15120.713348
15097.378184
15095.584153
15096.839536
15110.414044
15121.359756
15109.098375
15097.069737
15108.357931
15120.021318
15096.721895
15122.527264
15111.239462
15088.716858
15088.320994
15087.699846
15112.788063
15124.441344
15123.833821
15112.786000
15123.831776
15128.883258
15139.084348
15109.570796
15121.511791
15109.528157
15098.579424
15138.482561
15109.480930
15120.871072
15135.410355
15114.012907
15112.480173
15128.480499
15098.406805
15111.474709
15140.028548
15109.419294
15125.807253
15099.753373
15113.567354
15127.456576
15109.280994
15127.381159
15109.189455
15126.752296
15085.155817
15109.129070
15098.284091
15098.179743
15120.881736
15136.061926
15121.175389
15122.327404
15112.075549
15127.272267
15095.645931
15126.677914
15121.487769
15110.254508
15147.237989
15119.693222
15157.654352
15119.599345
15120.805964
15122.092499
15133.089188
15112.500983
15122.555795
15100.155636
15123.570509
15162.513338
15153.249338
15098.664768
15098.620589
15109.258923
15113.267545
15111.936955
15109.294025
15134.313826
15122.585049
15108.437267
15100.065209
15122.079605
15110.004196
15108.640922
15132.941839
15150.098099
15109.613078
15108.822932
15111.633954
15109.957741
15099.317917
15113.567287
15100.134084
15100.092350
15110.320591
15112.933902
15102.010343
15115.172976
15111.351278
15111.942425
15165.446328
15138.142664
15124.932475
15127.113552
15111.974156
15111.322003
15132.864272
15124.974373
15098.652224
15099.036320
15097.901581
15121.919342
15121.791935
15139.412546
15121.915334
15121.907864
15124.515762
15123.641699
15122.480962
15097.947764
15099.239583
15099.577762
15121.943209
15111.302226
15111.867571
15133.378147
15121.904787
15124.454761
15095.958108
15085.028521
15097.563271
15097.287116
15096.902196
15121.346612
15086.227235
15121.665684
15097.235427
15098.142428
15095.695707
15122.701388
15097.574013
15110.991931
15124.980656
15119.451393
15147.915190
15152.439272
15125.645249
15120.621566
15124.789756
15098.630261
15122.412659
15122.551646
15096.795316
15096.028744
15096.663713
15111.065074
15100.534271
15098.140482
15125.260704
15122.314153
15122.930713
15096.063135
15095.414161
15127.202978
15127.180252
15149.867596
15127.896294
15127.143483
15110.341159
15121.515523
15111.743581
15125.037662
15110.573884
15111.386088
15120.006054
15120.501428
15097.913236
15108.580806
15120.521039
15110.860346
15109.538430
15110.618883
15099.203648
15110.578604
15109.803424
15098.358640
15109.720079
15109.454896
15110.827632
15110.223294
15120.066523
15108.476661
15110.753116
15109.908332
15108.425396
15132.807169
15109.493316
15135.791142
15113.934347
15138.242120
15122.102320
15125.017789
15108.674236
15108.696155
15109.269803
15174.894740
15157.244939
15133.963024
15121.073507
15133.898264
15132.198683
15137.095667
15136.652310
15110.414803
15138.133084
15138.701800
15145.665432
15138.764517
15125.310754
15136.926876
15145.384060
15135.298019
15121.986377
15110.962478
15164.251824
15152.295149
15146.661508
15146.691257
15136.506934
15134.953204
15149.157718
15124.236238
15099.349337
15121.287476
15151.499219
15122.284567
15098.708247
15134.557822
15154.101096
15139.747857
15123.320621
15123.409773
15166.440572
15133.951653
15122.798490
15122.792157
15152.095789
15107.275889
15133.393568
15121.114874
15152.075777
15110.536554
15099.754715
15122.058256
15151.422405
15132.717961
15106.598414
15176.706697
15148.299895
15120.326815
15120.304819
15138.467454
15152.127882
15133.830145
15109.965802
15112.144479
15122.022567
15122.035088
15112.134268
15120.835604
15122.315543
15122.217047
15122.275231
15100.332937
15120.544221
15110.266879
15122.310610
15110.221866
15095.636019
15100.420172
15120.581643
15145.116048
15109.989076
15109.334554
15099.514988
15110.171535
15121.144084
15121.191283
15123.339985
15111.002631
15110.987333
15108.567629
15098.690046
15121.222240
15135.453760
15122.607405
15151.542100
15108.456376
15133.878372
15097.974254
15128.013824
15109.957215
15098.053239
15121.406577
15110.009277
15109.686271
15133.773822
15122.979502
15110.999738
15139.981348
15121.915370
15121.226903
15110.767418
15139.633683
15121.572586
15122.228336
15109.627499
15120.164902
15096.034210
15119.339776
15136.008304
15084.419769
15095.697710
15109.644889
15086.121433
15121.980418
15140.052522
15110.716285
15111.189466
15118.476055
15094.873984
15109.330881
15108.626254
15124.462451
15108.516053
15098.649830
15086.206473
15087.538409
15110.182744
15097.583740
15109.175257
15110.345470
15110.178045
15121.262919
15148.312314
15137.237830
15109.665194
15128.445434
15109.095074
15084.892106
15084.949034
15085.593677
15109.348056
15137.908063
15113.437529
15135.365986
15124.446809
15137.069241
15148.962549
15152.437815
15111.632941
15123.121904
15136.338589
15158.781934
15148.397059
15121.448059
15121.535381
15113.673074
15134.990135
15098.434930
15097.804157
15122.738432
15114.041021
15121.668993
15110.515608
15121.615789
15139.744748
15110.465260
15121.675233
15139.186718
15096.337235
15109.937477
15096.145826
15118.714863
15095.723266
15096.886902
15109.479105
15137.554319
15112.994162
15135.050262
15123.502653
15122.770811
15109.250957
15134.494927
15122.973301
15124.227904
15122.214547
15133.864767
15111.821142
15150.806600
15121.609081
15151.135657
15137.082145
15134.381824
15148.658015
15153.207984
15136.915994
15125.963179
15126.885569
15099.773640
15100.198284
15115.100506
15098.010698
15098.769073
15114.609628
15110.536160
15109.005930
15109.342705
15120.958766
15107.531143
15109.179842
15110.600614
15097.633382
15110.051799
15121.136179
15123.783165
15123.270102
15164.415772
15098.373781
15122.621986
15108.956020
15108.306865
15133.343583
15138.068463
15111.858270
15100.501236
15122.343238
15111.564058
15122.647583
15111.297023
15148.472946
15098.061357
15111.417591
15109.787166
15109.849914
15099.047371
15138.397477
15121.363935
15122.450557
15112.266107
15099.056437
15138.462279
15122.087457
15122.591290
15124.414530
15163.286309
15164.982882
15126.976821
15110.587674
15110.588007
15097.851517
15122.093107
15180.816374
15123.187876
15122.089308
15109.226015
15136.934351
15138.131416
15099.080014
15139.500395
15121.408884
15110.570091
15110.996443
15125.897993
15108.805559
15109.566972
15125.406485
15120.612582
15098.547306
15113.180585
15150.370200
15133.302679
15133.835069
15121.452028
15124.848112
15109.092053
15108.498217
15108.533457
15096.793094
15096.196172
15110.542814
15119.781248
15096.178496
15109.962356
15119.181664
15098.120722
15097.525940
15114.955328
15112.091774
15113.471050
15128.119231
15098.716510
15108.695091
15088.694315
15149.876744
15133.375302
15146.605627
15089.259356
15124.821378
15140.637740
15124.207054
15112.564032
15110.331680
15121.943015
15145.327490
15136.906642
15124.661169
15108.050871
15100.008471
15099.398362
15098.189353
15097.572564
15074.407944
15075.633063
15073.725304
15075.710969
15074.909092
15075.553915
15102.200839
15188.682608
15113.165461
15130.853491
15130.810943
15144.349088
15144.364972
15131.255100
15131.172096
15126.412249
15132.208270
15132.125193
15143.860826
15143.876860
15142.339238
15142.381836
15113.577212
15142.168146
15142.183175
15112.717724
15124.507625
15142.675388
15142.691751
15124.754467
15125.660853
15154.193348
15154.165522
15113.715619
15156.545652
15156.560051
15175.950104
15108.119049
15154.903894
15135.605008
15199.247753
15109.510577
15108.695752
15099.018054
15097.543281
15097.185351
15108.364259
15108.387526
15094.585588
15098.354861
15108.860099
15163.787082
15128.686252
15111.274657
15147.406044
15084.373588
15084.317540
15085.591779
15085.579483
15083.532835
15085.749329
15085.870182
15074.861831
15074.361290
15082.009232
15083.297082
15083.946350
15081.443998
15095.536333
15095.583664
15095.590023
15094.491026
15094.472353
15095.636903
15108.674403
15108.701521
15084.457052
15084.424396
15108.038525
15101.098328
15100.581767
15092.715379
15092.072376
15151.563193
15151.516893
15127.100173
15098.006339
15120.774914
15097.731382
15110.987809
15110.423029
15120.706062
15096.036986
15122.714954
15112.431688
15113.203184
15102.278699
15112.708308
15125.627295
15124.099697
15124.468441
15096.042429
15106.038881
15106.007288
15120.887165
15111.100044
15098.099213
15098.374237
15110.535701
15120.818476
15122.694350
15112.411071
15123.216460
15123.727386
15112.806098
15103.259486
15134.530731
15135.608523
15134.102267
15140.756206
15152.031586
15162.279838
15162.992274
15184.393079
15184.433155
15144.602497
15143.990144
15139.716945
15144.073838
15143.558414
15115.586968
15144.648495
15144.134676
15144.008283
15144.048601
15132.425059
15132.465356
15151.855076
15154.464016
15153.951336
15144.138325
15144.178897
15124.615364
15124.690148
15124.055725
15101.114016
15112.387485
15135.116617
15101.366353
15142.118118
15090.199894
15124.608426
15091.144383
15174.342323
15133.906244
15133.945822
15110.140478
15122.683135
15109.451228
15109.458795
15121.499122
15121.896380
15121.747470
15122.326938
15110.760511
15109.996482
15109.633517
15109.664845
15108.005315
15097.314435
15094.933725
15105.502511
15107.879068
15118.731135
15119.373319
15106.738356
15097.930194
15105.636552
15107.377601
15107.101614
15122.077488
15098.246920
15097.981313
15098.204231
15121.454850
15143.486065
15143.470633
15143.454052
15143.438350
15143.554300
15143.539499
15195.944764
15199.777307
15210.033463
15134.118390
15134.159679
15163.265398
15142.053815
15142.552532
15169.033739
15168.977294
15190.334017
15199.977150
15110.962047
15099.096667
15098.458999
15109.340674
15111.638145
15116.126420
15150.697801
15133.799756
15123.392873
15135.164990
15134.006669
15127.294926
15127.249817
15116.100078
15116.038108
15137.457864
15164.142985
15108.818433
15145.308442
15108.829135
15125.620083
15113.435119
15113.750919
15124.944621
15125.452667
15138.664923
15136.145591
15126.574298
15146.732232
15134.948855
15137.637918
15146.081600
15164.736744
15125.287488
15124.129999
15135.357178
15136.056192
15126.571556
15108.285145
15135.522288
15153.024484
15124.782914
15123.486444
15124.363601
15113.505860
15123.620920
15134.848080
15126.035998
15108.242098
15100.929138
15140.362163
15123.877944
15122.710151
15099.758382
15099.732409
15140.395424
15123.274723
15109.970632
15115.976933
15115.957400
15126.142423
15141.583348
15142.674824
15116.484399
15117.099033
15141.404918
15129.712859
15152.900983
15101.856935
15109.286195
15112.296456
15177.623815
15131.251877
15117.548593
15109.635359
15120.401087
15146.224864
15121.290129
15105.869738
15148.413681
15157.730025
15109.654947
15110.902403
15109.657699
15124.782687
15134.748495
15135.479583
15122.958634
15113.120264
15123.261244
15097.396841
15120.939544
15122.381865
15123.227807
15122.726754
15110.456107
15123.570067
15108.598703
15109.782907
15136.401099
15121.401543
15121.406541
15123.778579
15152.991725
15101.769041
15115.011033
15136.092480
15147.972579
15137.394606
15112.655887
15144.349348
15114.292094
15144.349468
15125.916338
15139.075997
15164.648114
15130.080013
15116.935906
15138.956513
15151.796233
15154.541449
15154.540029
15132.674607
15132.634884
15125.046188
15102.635093
15115.200158
15152.948451
15125.027365
15102.590571
15152.885679
15136.789112
15123.826181
15123.759022
15114.415807
15136.725646
15125.777561
15125.732279
15164.568089
15164.625224
15136.743078
15114.081035
15114.034781
15144.110452
15144.068710
15156.005911
15156.002696
15132.540744
15146.181026
15121.815660
15151.850577
15120.859719
15151.296110
15106.506998
15143.758706
15144.892906
15138.639087
15173.222340
15174.414603
15173.220753
15103.443576
15151.658467
15156.185895
15156.186681
15144.928662
15144.928735
15134.132753
15134.076620
15129.107258
15144.894365
15144.892477
15103.445024
15141.611948
15155.380787
15156.516727
15128.482316
15140.029820
15138.160587
15168.581451
15168.143039
15169.715581
15168.141508
15150.264290
15163.438067
15147.475556
15150.831034
15134.903233
15121.893242
15133.769263
15156.696942
15102.592888
15152.889394
15115.157804
15125.029673
15144.772378
15114.037335
15150.258085
15133.270583
15182.388578
15126.326756
15126.347582
15182.446555
15137.002857
15166.933459
15166.988624
15152.458228
15156.697750
15164.620342
15114.332599
15136.785372
15152.884534
15125.028238
15155.718844
15153.062402
15155.774934
15174.413617
15175.683301
15139.212211
15122.149461
15120.156755
15111.614851
15137.535272
15146.172507
15176.926238
15085.197815
15096.649483
15110.982033
15108.127101
15122.527128
15106.505598
15106.477120
15134.202390
15104.153596
15134.201946
15115.778877
15128.936962
15134.585561
15104.581089
15134.599478
15116.204188
15129.378595
15139.723835
15123.561814
15129.069283
15156.961580
15155.625364
15158.054030
15155.639207
15174.373440
15126.143928
15151.862994
15137.767217
15150.957234
15139.785282
15126.599926
15136.253046
15175.908991
15212.450115
15211.793260
15141.321687
15144.385122
15093.585987
15082.906807
15094.165142
15082.343692
15085.684264
15083.411241
15082.190941
15084.175646
15128.891062
15138.907521
15151.431834
15104.516945
15104.944617
15128.827261
15126.480658
15129.709896
15128.177401
15117.401320
15117.830060
15127.235745
15137.840439
15139.367931
15108.884068
15097.128851
15139.298800
15098.930384
15098.592229
15086.977750
15099.153999
15110.198349
15098.378739
15087.654832
15099.698604
15122.379580
15140.743093
15112.826076
15144.238893
15145.432186
15137.963251
15158.489358
15157.730816
15158.910481
15151.460106
15126.713045
15144.491089
15157.202747
15158.382997
15150.936291
15174.761375
15174.761149
15154.538237
15167.615674
15144.956605
15114.320172
15144.955888
15125.960901
15139.079949
15098.569812
15123.261344
15122.746780
15133.915047
15122.672442
15146.469007
15115.869280
15146.469810
15127.478900
15140.613786
15165.254120
15126.522652
15128.935069
15115.683702
15125.348227
15110.155372
15187.801619
15115.013117
15130.789666
15141.580985
15155.247770
15156.397292
15146.632285
15116.024193
15146.647050
15150.147561
15127.632497
15140.781306
15165.952849
15142.914381
15127.220273
15129.616727
15116.364992
15126.043912
15114.371370
15164.312730
15126.739333
15129.668444
15116.456529
15125.620145
15188.629952
15115.793876
15131.569050
15086.160885
15084.995796
15085.735254
15142.024339
15113.765128
15120.965083
15085.966819
15085.243400
15121.485274
15096.176975
15095.668726
15095.549008
15133.182684
15099.048589
15074.827143
15133.662544
15095.456520
15096.224930
15132.336781
15132.432042
15095.351566
15095.500560
15133.030502
15134.778125
15133.666980
15095.505886
15132.589396
15097.327474
15109.722368
15109.082532
15084.847451
15161.413521
15109.081224
15153.528119
15112.820530
15097.914354
15114.161535
15099.254020
15083.451209
15108.388783
15084.769287
15074.247387
15140.947007
15203.035369
15202.952077
15161.138807
15161.140859
15153.780156
15153.741852
15109.307948
15109.355026
15099.337640
15109.337910
15099.899279
15088.913728
15101.869017
15114.598302
15126.780953
15123.026440
15109.361205
15110.067869
15111.856177
15153.212812
15126.211748
15083.864397
15083.318966
15083.893003
15083.975264
15084.447526
15108.730905
15083.778055
15085.015425
15084.976727
15113.183221
15071.397545
15071.381753
15083.141855
15083.735494
15071.981458
15071.943558
15134.232078
15083.683761
15124.184151
15084.291841
15084.984586
15083.043452
15083.735172
15059.703024
15073.045927
15073.735933
15066.645569
15114.489452
15127.587229
15127.587473
15128.847476
15124.198115
15097.024379
15099.054519
15099.414847
15098.844138
15073.642575
15073.704960
15097.643723
15074.529452
15098.516206
15085.587347
15063.695440
15063.052479
15098.743446
15133.903349
15072.557860
15073.238650
15062.522150
15097.536622
15096.984263
15082.466113
15073.080176
15072.438248
15108.115455
15093.261659
15094.063017
15095.272698
15082.753787
15083.345763
15081.988229
15072.601400
15081.671967
15094.785583
15083.509017
15072.097371
15107.652837
15071.329278
15073.246580
15061.233629
15097.482192
15133.839756
15081.028552
15071.130365
15107.366410
15097.046482
15099.082639
15086.256601
15097.064105
15086.045727
15095.257687
15097.509595
15095.191842
15093.314817
15110.234476
15133.753881
15110.238578
15133.764756
15061.495173
15073.232490
15073.212233
15073.850424
15071.655489
15073.379655
15061.639803
15073.465682
15062.278623
15072.680327
15075.547575
15075.578270
15071.635951
15108.018803
15085.962041
15084.398584
15084.720468
15060.994742
15049.793826
15050.485029
15086.580008
15063.532286
15062.316028
15085.353798
15060.912254
15060.986877
15059.760818
15060.348907
15061.057809
15073.837992
15075.161966
15074.027772
15073.778927
15075.231478
15075.555519
15099.687063
15082.477552
15073.630357
15083.076513
15084.063515
15074.275538
15074.370128
15075.209100
15074.940944
15099.686984
15113.414654
15086.394702
15070.980289
15071.880160
15071.870967
15071.906620
15072.189510
15071.301476
15071.859599
15102.734839
15102.720940
15072.545081
15084.192097
15084.052698
15083.243598
15087.707296
15110.314694
15098.343829
15083.535963
15106.158353
15084.106188
15094.031158
15093.136718
15092.518656
15094.181670
15093.411706
15087.600603
15087.601906
15098.264376
15098.277854
15108.387739
15138.473961
15111.426013
15108.403193
15060.916012
15061.525048
15062.733050
15061.627432
15061.621325
15062.240473
15063.421314
15129.694252
15102.129210
15074.946707
15084.772862
15102.112599
15113.304132
15128.620841
15101.909423
15109.936941
15100.010261
15124.407369
15113.889377
15113.888313
15073.853946
15089.565909
15078.796678
15115.283215
15115.249796
15115.290608
15100.570160
15089.495787
15088.794559
15144.132332
15121.380102
15135.097060
15132.675822
15121.513690
15131.007627
15131.541079
15126.578303
15083.704979
15097.200076
15097.849822
15101.702158
15101.887990
15073.592566
15072.931706
15101.907936
15072.187837
15071.529150
15082.854314
15082.745791
15072.551908
15071.789262
15113.241703
15118.140175
15108.869191
15110.865341
15098.618251
15110.115554
15108.946130
15096.027808
15109.486799
15086.476618
15098.360464
15098.174822
15098.934531
15095.310866
15095.309840
15094.946600
15108.005350
15083.726157
15083.654371
15094.878932
15084.065193
15085.906925
15095.325469
15086.138375
15071.662952
15073.426066
15073.154115
15083.155242
15061.254786
15084.369730
15072.302273
15083.270489
15125.177304
15101.637311
15086.693828
15097.329061
15084.507559
15083.838816
15081.157634
15073.738145
15075.575869
15088.715884
15113.749490
15097.154022
15100.542161
15097.242280
15087.144787
15073.532823
15063.546906
15083.229592
15073.670614
15087.642725
15098.085138
15086.489067
15100.736565
15088.080328
15064.193336
15063.603257
15084.950176
15097.841003
15075.475335
15074.833814
15098.328504
15084.328683
15098.880089
15085.123719
15086.921525
15083.799437
15073.097427
15087.893420
15075.144768
15085.182593
15071.589621
15083.751760
15072.299770
15083.457151
15085.028906
15098.039818
15086.080224
15085.047357
15061.003972
15060.271410
15098.895559
15069.578108
15061.066351
15060.903550
15070.373635
15071.529299
15060.467479
15071.613327
15083.595085
15083.402468
15071.742230
15082.482618
15109.594078
15083.210107
15082.400925
15098.777899
15061.328544
15061.897556
15063.160158
15062.661357
15073.108178
15095.170151
15083.663996
15095.214867
15073.832765
15094.048170
15084.898740
15082.343041
15083.718007
15095.315023
15095.385760
15085.053930
15087.009102
15087.214856
15099.957969
15060.371763
15060.999011
15061.619449
15061.053761
15081.020993
15071.015845
15070.938242
15081.949500
15082.502817
15070.779300
15072.191403
15072.010613
15060.889477
15060.323749
15082.745241
15097.305114
15096.233449
15061.532297
15062.159962
15070.988518
15071.558129
15070.997696
15072.132466
15071.051971
15071.512718
15081.031212
15070.536597
15060.373152
15061.692456
15083.385045
15071.026279
15084.535892
15083.575596
15083.638363
15082.543309
15096.480309
15083.212529
15095.906925
15085.770243
15083.159998
15083.273373
15071.835710
15072.486112
15082.872490
15083.547948
15096.327746
15073.001770
15094.065207
15095.303640
15080.325158
15070.317832
15084.255850
15116.550010
15128.498376
15125.463080
15137.688944
15112.363090
15112.220691
15135.126945
15099.041800
15123.558077
15135.244491
15127.574735
15110.016214
15111.389196
15110.351333
15084.782249
15096.247233
15108.994150
15111.333654
15121.930483
15119.356775
15099.079593
15096.567147
15086.282103
15095.021502
15097.719212
15098.327173
15141.135724
15100.043660
15109.916371
15109.911309
15099.722866
15088.388364
15096.547372
15096.545373
15126.046243
15127.155989
15124.158609
15124.069228
15116.368782
15129.126683
15093.217946
15083.236868
15097.377458
15097.690100
15095.749039
15094.024382
15084.556763
15097.439408
15097.794621
15084.438965
15094.435590
15095.848277
15118.484891
15109.388417
15110.044095
15095.361154
15099.855246
15088.696817
15115.510189
15129.635976
15129.323835
15108.719111
15107.300462
15108.597821
15095.524941
15097.211309
15095.504079
15107.464095
15107.603566
15108.176048
15084.916157
15095.678385
15084.793554
15084.973989
15084.014263
15084.987909
15095.263200
15097.148390
15096.412308
15084.889138
15136.163149
15094.539689
15133.688869
15108.793215
15108.927616
15108.011439
15121.171287
15120.848405
15109.808650
15122.033786
15110.309980
15110.856320
15108.587541
15085.601394
15096.871032
15084.740417
15098.600560
15108.531072
15097.857993
15096.645994
15085.630764
15107.752206
15108.386570
15095.088432
15154.824430
15064.860470
15075.558135
15090.499176
15103.100662
15078.930149
15148.257786
15145.274535
15142.314571
15145.653155
15143.741096
15142.970994
15159.793323
15127.769243
15095.199682
15095.953030
15095.930685
15095.612210
15108.787251
15101.399428
15136.364203
15100.000610
15111.511706
15086.576646
15132.959593
15121.205147
15099.657333
15111.171390
15086.260216
15093.688110
15098.215882
15109.277836
15084.332276
15112.994434
15132.504849
15121.028129
15109.704344
15118.405876
15098.153360
15107.813111
15110.064619
15110.384612
15098.475108
15086.563975
15106.821381
15095.595568
15121.010799
15085.952914
15085.635455
15110.302371
15121.947213
15110.442960
15122.601426
15112.118168
15152.028036
15111.155614
15099.691631
15111.870845
15099.921239
15096.502992
15107.931163
15140.482833
15122.975809
15121.954115
15123.286423
15112.763200
15089.006698
15112.710881
15146.900355
15138.146365
15134.556705
15126.180623
15141.075777
15144.655773
15125.260827
15062.888665
15072.255228
15061.670296
15062.240336
15072.829043
15085.194269
15062.363011
15073.488623
15071.595891
15125.016202
15096.618783
15082.753540
15072.180260
15061.539648
15097.299623
15072.232875
15061.609509
15125.325233
15074.014345
15127.567175
15112.148418
15127.258207
15111.591964
15111.890324
15110.494746
15109.761827
15122.036210
15151.363206
15097.302782
15124.242551
15111.925363
15140.830048
15098.538423
15111.581085
15135.366102
15152.090964
15177.492034
15136.744481
15119.096788
15133.480103
15108.253190
15109.487857
15122.491897
15123.706751
15121.855838
15109.762044
15098.703415
15109.114660
15099.623398
15152.947000
15121.746584
15139.988335
15086.513700
15123.482620
15111.947570
15123.473297
15112.872482
15099.415375
15124.411489
15137.847027
15107.865686
15122.477075
15121.897378
15119.282237
15151.218208
15097.345826
15108.747456
15133.384492
15106.560796
15111.600051
15123.649391
15123.898415
15152.004811
15098.537403
15134.611028
15122.821045
15113.599398
15125.234853
15099.932392
15110.067866
15134.371277
15163.928490
15125.189862
15099.174116
15122.069671
15097.462409
15099.967974
15100.073582
15123.669092
15112.134773
15132.981104
15109.483193
15108.873701
15108.962835
15122.633795
15133.746380
15122.908516
15121.525026
15175.545777
15123.067194
15135.652226
15134.646491
15137.041405
15155.294005
15126.340308
15128.457938
15121.234931
15121.948543
15150.461516
15149.722761
15126.402286
15110.532822
15109.443262
15135.796921
15125.297368
15097.755060
15083.719024
15108.458284
15107.848419
15084.994548
15083.209984
15108.980382
15093.655034
15093.272123
15123.051818
15121.346379
15094.939693
15095.533663
15098.327389
15122.972527
15094.766188
15123.430811
15126.731557
15111.090651
15110.379103
15112.430726
15136.001166
15167.931982
15136.989539
15126.753133
15124.962266
15127.470754
15115.465913
15140.788463
15136.228412
15141.329236
15113.272706
15128.492105
15127.964865
15105.923883
15071.599416
15071.631500
15072.099396
15083.827097
15084.368653
15084.499354
15084.867589
15138.412602
15140.059064
15112.334980
15100.753375
15111.770730
15113.286428
15142.667737
15102.263512
15112.206189
15102.493550
15113.174723
15154.179641
15099.247288
15111.518909
15098.635760
15109.170314
15119.612711
15120.927808
15162.171867
15118.538212
15109.188523
15122.263522
15108.901414
15117.293056
15119.039298
15121.058803
15122.580146
15122.443041
15120.669989
15154.119745
15110.007473
15099.572555
15099.320130
15126.277506
15097.947898
15141.459624
15112.069552
15111.492716
15101.665784
15138.252702
15154.296262
15112.344286
15153.552950
15123.354921
15112.837759
15112.791751
15112.463335
15100.797432
15090.001888
15141.859895
15101.101960
15126.469146
15134.096712
15180.312715
15137.307313
15168.631998
15138.240052
15138.637233
15126.412504
15137.248412
15154.548391
15138.197031
15138.579313
15100.742791
15111.669358
15109.894906
15153.260423
15109.182401
15100.027702
15140.533962
15123.833451
15141.550269
15113.993382
15111.519666
15099.215855
15099.264710
15154.013108
15112.284825
15110.642289
15111.201724
15164.758023
15123.079727
15121.408424
15133.088346
15110.448634
15112.962041
15102.005303
15112.962140
15128.656020
15112.463171
15101.113738
15129.557003
15098.750423
15123.098136
15108.491193
15110.371544
15110.709991
15109.749459
15098.670834
15112.001694
15111.579780
15140.503511
15122.651391
15100.597392
15123.897275
15113.486002
15110.396340
15110.376448
15102.529103
15113.472372
15110.994677
15140.010638
15112.510963
15101.159227
15112.136530
15123.166382
15114.519435
15151.198315
15122.747088
15151.849150
15123.383120
15153.992750
15111.663863
15122.086182
15121.424685
15110.483457
15111.071073
15151.239070
15086.655848
15086.615106
15151.115650
15109.731338
15110.348389
15100.153154
15100.803760
15103.414447
15099.233964
15099.887152
15102.517553
15097.031021
15097.986944
15099.719096
15112.019962
15112.994953
15123.847654
15126.689765
15127.811461
15152.427541
15101.366251
15100.489741
15123.276934
15123.375534
15123.388491
15123.201273
15164.241410
15113.135821
15112.299359
15123.168894
15123.040415
15122.973985
15135.053072
15133.033067
15132.642028
15110.074682
15121.279851
15118.570590
15110.084453
15118.969413
15118.603096
15129.518264
15158.370652
15116.202449
15127.814531
15111.360923
15143.557462
15114.576662
15109.726493
15124.411446
15109.652052
15113.468548
15099.679030
15126.010568
15138.504464
15127.397324
15110.130325
15110.783195
15112.896179
15097.939786
15108.417878
15122.834234
15097.043038
15098.366760
15097.691093
15121.998577
15135.675235
15109.705168
15108.265485
15144.517361
15108.998656
15109.528591
15162.103785
15129.734809
15086.739253
15129.115448
15125.367860
15085.440154
15126.424306
15096.399269
15097.763726
15097.737023
15109.829819
15139.528342
15096.679168
15096.776946
15086.728941
15127.193390
15109.028120
15092.903245
15094.222567
15129.065985
15122.211776
15096.672824
15096.630824
15097.952055
15155.492033
15113.067015
15123.325681
15073.206134
15097.205220
15083.123482
15073.807316
15085.737597
15083.834281
15075.274861
15097.298939
15187.650314
15187.590429
15156.806287
15156.806532
15178.857267
15171.209380
15178.856760
15171.208877
15178.856256
15151.601246
15113.797190
15130.098062
15116.277535
15127.449791
15129.727272
15130.044099
15118.695459
15125.981444
15111.680601
15123.516229
15114.717528
15100.793734
15100.900796
15113.699103
15098.236749
15121.879614
15123.046275
15099.790509
15108.968046
15097.815430
15125.118484
15087.750562
15096.882268
15108.146507
15097.038436
15124.856109
15086.975993
15134.430398
15123.308854
15145.399862
15163.570474
15134.248452
15123.371409
15123.261951
15125.898713
15125.652729
15125.797174
15123.529911
15086.286265
15087.975767
15128.307412
15171.924398
15152.038434
15137.990728
15131.030663
15118.415405
15126.885239
15158.779129
15102.341015
15103.642476
15124.326581
15125.046607
15111.823495
15147.588387
15104.256962
15144.701362
15150.368335
15118.143930
15116.354453
15098.807908
15098.767865
15125.379071
15114.596470
15111.309061
15111.964834
15116.257529
15124.920712
15145.652179
15145.685706
15122.803441
15114.130954
15110.884885
15111.540525
15101.473197
15115.844131
15125.105314
15125.898310
15145.033842
15141.259668
15139.904356
15131.868141
15103.115116
15103.893849
15103.542972
15104.336221
15110.796781
15111.437496
15136.093887
15128.136397
15127.342063
15116.241452
15143.269639
15110.156244
15127.493697
15142.589385
15126.674932
15115.592478
15153.165502
15127.494705
15127.497604
15113.815821
15116.711688
15114.018313
15114.694147
15115.330424
15155.542939
15169.140603
15179.820298
15169.955406
15167.084467
15167.782471
15176.029501
15195.577531
15100.604933
15122.940005
15138.818830
15154.120406
15137.423717
15112.091542
15147.913346
15137.938953
15152.010482
15166.496199
15152.544041
15123.518014
15124.206575
15111.888438
15124.536798
15111.839958
15134.268296
15138.389495
15134.862636
15123.322301
15123.664856
15112.919862
15123.419307
15139.485710
15111.467354
15151.895929
15181.984133
15136.600973
15122.616408
15111.710995
15128.037204
15139.584452
15162.674184
15173.216295
15121.416164
15122.034890
15121.418444
15100.719754
15101.345282
15100.196610
15152.261728
15151.903038
15151.784250
15164.472874
15162.507718
15196.344293
15154.885446
15152.527013
15151.177503
15149.832762
15137.484036
15112.151465
15148.620820
15110.542853
15147.619419
15112.210404
15137.962771
15122.823899
15123.403078
15134.340913
15134.278286
15137.777795
15134.876081
15100.577669
15111.377364
15112.282244
15121.122681
15135.423638
15136.065622
15111.217917
15111.197679
15121.123431
15126.457990
15151.750453
15178.553385
15181.407803
15184.138182
15156.914248
15170.526243
15181.206010
15179.251624
15175.996981
15194.802492
15205.465980
15181.783151
15184.645184
15190.748588
15181.834008
15210.355122
15192.446301
15182.530731
15166.471943
15186.018709
15168.186607
15164.543160
15217.138880
15199.656231
15181.138297
15180.069814
15186.846392
15183.932816
15223.109452
15219.622321
15177.729172
15215.093496
15197.320000
15220.361717
15179.426596
15108.261356
15108.240483
15085.108534
15097.313624
15072.233493
15114.450352
15111.724725
15086.455409
15082.812400
15097.445319
15072.950992
15098.229202
15073.987002
15075.169656
15115.078406
15086.843552
15072.631256
15112.363229
15099.446671
15099.451733
15099.502986
15099.699793
15099.749143
15123.771499
15120.605989
15123.855442
15099.655560
15099.275357
15099.071851
15108.920636
15108.964898
15097.908157
15110.165767
15109.615040
15098.624215
15110.382268
15124.780639
15140.776589
15141.382129
15110.808718
15126.191155
15134.953657
15110.129651
15127.578386
15134.847380
15126.704147
15124.030248
15122.493146
15102.137639
15112.620938
15111.353407
15151.274566
15111.760001
15126.823390
15095.342412
15097.537664
15095.632938
15097.350913
15097.465166
15096.176788
15099.194829
15098.873729
15095.513672
15098.429295
15086.266476
15085.567936
15073.937392
15072.199864
15073.238970
15072.127722
15072.014633
15081.998438
15107.785107
15095.114845
15095.055771
15085.279207
15072.717034
15085.096358
15084.641500
15072.741546
15083.946463
15081.795792
15082.725099
15097.418217
15097.901943
15125.682386
15093.607233
15094.753514
15094.713202
15094.102739
15094.111510
15083.510543
15083.378837
15085.053525
15085.887540
15083.880914
15094.373298
15097.361826
15093.696305
15095.722443
15097.691262
15096.943643
15109.176160
15085.117697
15086.467010
15108.521361
15087.007586
15087.007234
15087.940239
15086.288417
15084.488249
15084.579991
15083.675216
15084.409413
15083.488550
15104.983080
15096.696061
15094.935087
15096.525725
15096.925359
15097.309627
15094.680390
15106.599463
15107.234988
15097.031593
15097.234665
15082.829551
15093.738314
15109.228770
15095.948780
15095.247765
15096.534247
15096.073331
15094.382302
15096.418810
15094.442254
15097.058589
15097.990682
15097.204204
15106.922498
15108.556593
15096.342822
15108.847087
15118.555169
15108.565570
15108.858591
15121.662813
15106.635138
15110.581649
15108.653642
15106.728607
15096.101835
15120.852361
15098.081939
15109.651385
15107.016027
15107.107296
15096.409688
15107.442328
15106.600703
15107.425308
15109.456271
15119.598814
15119.377163
15106.265398
15107.812222
15095.643322
15108.144282
15107.797377
15108.128437
15108.502949
15107.192327
15096.668380
15107.805043
15106.450434
15105.547413
15107.009039
15094.981762
15109.027168
15108.738492
15095.963772
15072.803311
15094.929896
15084.553480
15094.847714
15084.409208
15095.996263
15095.901589
15097.345766
15096.593722
15119.561196
15109.745325
15119.780292
15109.170738
15106.351108
15109.142757
15108.460363
15119.575244
15096.765185
15096.404329
15119.623645
15109.373029
15109.796167
15109.259816
15120.172902
15111.489099
15108.131844
15110.073037
15110.111954
15110.393326
15110.649608
15120.812579
15098.322991
15107.953394
15133.016251
15097.115102
15109.167682
15107.947952
15110.285479
15109.182233
15109.230462
15109.280961
15109.990095
15137.643738
15111.549695
15109.237050
15098.710533
15097.490883
15098.642766
15137.425643
15110.385852
15123.830054
15123.224794
15097.901215
15110.363146
15137.450734
15110.292817
15098.662668
15110.408454
15100.099335
15087.815516
15128.140144
15111.554518
15112.162025
15086.754964
15088.651844
15112.847943
15113.312784
15109.360223
15098.674205
15108.752148
15147.400518
15126.299059
15123.392898
15134.585243
15137.733781
15145.357538
15139.819191
15151.507872
15110.642456
15111.933699
15100.750374
15127.696810
15117.059275
15124.981711
15091.865154
15155.870137
15148.273194
15147.725519
15131.736835
15166.677328
15119.923886
15147.589945
15148.114591
15131.670360
15167.194048
15119.529732
15147.210048
15147.734855
15179.662530
15202.460025
15084.728201
15084.798697
15085.974662
15124.719153
15122.675277
15083.178130
15097.136686
15098.390282
15098.162782
15098.636099
15123.463999
15125.192913
15107.586525
15107.617326
15114.791812
15115.459320
15114.994794
15111.990051
15109.716636
15110.243771
15111.698386
15108.110906
15097.151822
15086.192309
15124.950691
15125.009515
15134.634961
15124.980058
15124.991630
15126.084519
15112.370396
15110.052952
15111.506463
15124.048798
15123.294682
15139.949926
15112.371224
15099.093926
15109.852967
15110.518837
15086.593345
15095.966258
15075.633395
15085.003415
15108.316337
15111.170298
15113.602170
15123.766591
15114.475834
15113.921354
15112.544868
15111.149200
15112.268046
15123.266461
15128.457636
15111.817215
15133.729049
15112.119029
15100.163744
15122.969078
15135.244389
15154.715004
15110.883361
15138.016454
15111.627513
15122.057198
15111.261876
15134.720654
15099.579612
15111.586542
15154.023126
15110.964696
15125.476109
15126.869538
15106.303649
15110.030472
15109.245054
15106.974852
15137.425621
15110.568725
15120.694877
15119.828553
15137.252472
15120.425989
15110.517118
15121.410387
15132.129137
15121.093990
15121.018447
15120.483870
15121.423612
15121.117366
15116.952420
15107.125011
15108.530610
15110.773887
15110.501708
15107.736047
15112.332323
15100.513791
15099.028220
15109.886230
15098.833850
15099.998539
15100.952391
15111.445517
15095.799687
15098.196939
15097.881014
15097.975962
15098.229043
15108.916410
15109.459779
15097.220540
15096.470096
15123.473591
15097.423860
15098.404984
15098.637521
15096.732447
15096.051777
15096.797565
15109.090356
15107.776834
15110.131920
15136.317432
15110.943303
15110.941035
15133.054883
15110.349398
15110.184093
15111.075899
15122.667542
15106.684839
15138.891384
15138.877190
15126.827007
15127.633623
15138.591860
15103.538832
15128.153488
15123.652044
15146.076426
15122.935772
15135.980148
15136.004926
15138.212094
15133.788077
15126.224987
15135.330759
15123.835549
15133.530464
15123.722149
15162.987402
15112.983066
15133.713886
15122.693437
15122.817868
15124.185338
15128.196025
15113.778173
15126.298290
15126.315313
15165.100469
15184.648376
15166.799939
15205.686760
15153.088363
15259.447911
15101.577100
15090.017865
15124.704299
15141.215393
15123.693343
15101.764171
15111.249805
15117.120532
15116.514176
15138.037790
15112.208424
15138.455226
15134.350957
15134.931973
15112.540837
15111.959823
15138.078892
15112.207601
15152.617007
15124.227028
15127.120079
15124.259476
15153.058130
15136.073546
15101.858431
15112.711898
15135.981499
15123.942797
15111.752494
15163.576207
15179.403105
15137.437996
15152.112639
15143.301646
15157.861581
15152.111468
15144.193875
15116.518810
15117.710188
15102.984283
15128.987629
15128.986588
15171.847016
15165.136023
15123.969871
15113.526676
15125.295360
15101.973484
15139.584362
15085.461469
15074.727003
15085.184460
15110.621664
15096.162878
15116.173561
15125.899120
15100.144313
15110.112466
15096.543677
15084.605582
15084.600628
15097.110220
15115.210794
15113.577466
15109.603228
15109.707272
15112.458804
15109.743478
15109.786811
15127.505828
15117.918153
15139.399117
15129.014691
15128.654428
15111.135529
15126.874741
15118.369647
15137.638683
15119.235818
15098.270322
15121.972973
15112.032473
15139.287615
15098.475259
15100.059935
15110.578057
15128.901930
15169.172830
15153.490594
15152.622185
15124.759252
15111.023982
15158.796818
15109.847682
15082.425946
15082.446091
15084.975194
15071.746697
15071.434208
15108.963109
15085.230101
15095.686222
15093.844122
15082.939669
15093.401562
15094.398499
15083.821767
15093.543281
15092.003505
15081.420004
15080.293978
15070.936251
15097.697246
15097.641740
15097.945454
15082.459527
15094.980011
15084.455074
15109.725344
15093.248734
15094.446463
15104.911846
15094.366298
15085.944523
15086.878226
15085.944722
15096.855262
15084.960674
15084.156821
15107.898188
15094.462594
15093.079795
15093.722980
15109.071288
15097.362522
15085.435047
15094.376198
15106.531199
15084.017926
15083.277628
15071.697095
15093.710469
15107.602918
15081.684310
15108.923059
15085.291497
15095.779033
15105.858009
15095.820739
15074.022382
15082.171264
15082.102527
15083.858715
15073.281293
15093.816266
15097.585027
15095.297663
15093.810246
15081.425521
15082.164682
15081.569022
15084.596381
15072.176294
15096.729768
15071.580319
15083.793033
15095.812765
15083.191967
15082.745554
15082.013201
15060.437055
15083.251666
15083.202590
15083.019587
15082.559394
15096.827890
15070.469101
15082.454501
15081.866515
15082.391241
15085.097607
15071.310759
15073.112746
15072.565659
15071.061426
15109.174742
15085.868877
15083.435962
15096.503328
15096.815764
15094.901656
15092.746749
15093.973496
15072.151232
15082.180089
15086.164441
15109.666773
15085.731382
15083.131568
15082.589111
15082.636705
15081.563262
15081.536636
15084.304475
15084.383313
15084.278287
15082.103402
15082.079889
15093.677529
15093.664214
15081.444184
15120.066765
15081.554224
15082.041453
15081.499563
15081.581114
15082.113778
15119.832765
15082.738972
15082.225240
15084.990666
15109.650691
15107.958583
15105.809388
15094.992320
15084.488212
15109.587375
15097.403617
15107.387774
15094.503062
15109.132625
15095.100613
15084.030590
15084.050049
15095.494429
15094.506577
15080.813823
15081.401381
15092.125844
15085.381008
15095.316961
15095.443459
15085.422554
15094.478354
15081.636135
15095.523795
15082.434667
15082.399667
15095.596681
15096.340045
15070.852959
15070.716546
15081.511879
15081.470172
15081.142954
15080.816178
15081.481746
15081.423980
15095.167326
15082.070919
15080.915314
15095.215685
15094.838258
15094.868638
15098.962822
15098.946436
15098.482601
15097.164717
15135.002420
15097.191042
15074.087806
15088.175594
15099.943264
15074.108492
15098.989693
15098.926197
15110.800800
15110.819261
15149.933688
15095.695918
15087.241488
15087.241687
15084.453526
15085.738892
15120.311778
15120.346723
15123.713480
15125.146926
15085.074746
15084.430457
15084.192652
15096.544758
15096.570575
15085.392534
15087.039075
15135.166641
15095.710275
15106.747429
15072.147244
15096.784375
15107.257190
15072.129281
15120.077545
15094.495817
15082.239246
15082.264609
15083.880512
15083.335638
15109.482794
15098.619380
15112.313986
15122.074706
15085.254429
15097.054769
15096.253102
15134.650194
15096.279453
15096.896278
15097.372704
15081.006629
15091.048507
15091.779876
15091.608453
15116.135254
15092.955301
15084.675935
15084.986443
15081.666205
15085.377965
15085.708449
15071.767295
15082.219552
15107.383537
15119.889385
15110.919152
15085.957566
15093.062857
15105.327664
15105.998979
15105.898173
15093.672915
15082.307786
15093.010988
15092.776226
15094.348332
15083.832452
15094.238736
15093.038915
15083.452003
15119.542994
15084.930833
15133.823661
15111.200873
15086.252444
15106.924612
15094.272439
15082.790032
15119.472276
15093.299529
15094.919380
15084.355012
15094.780240
15096.840573
15106.951071
15097.112832
15082.234690
15119.673682
15105.004546
15094.501131
15099.203188
15122.122776
15099.483826
15122.654461
15096.508432
15097.532245
15097.850254
15103.703736
15082.921562
15120.392545
15093.394893
15094.573020
15084.078097
15094.835661
15096.074343
15104.118141
15093.449769
15134.355532
15104.837781
15105.461525
15095.174111
15097.489538
15095.807369
15109.165073
15094.886107
15084.279513
15107.369060
15092.181333
15107.888925
15092.728473
15092.815961
15134.804590
15134.849183
15093.915752
15117.851635
15092.750044
15106.981960
15118.372511
15106.524370
15096.602075
15095.498599
15096.856345
15107.514331
15107.069331
15082.273676
15095.448149
15096.612058
15108.331725
15084.254812
15086.335125
15085.279631
15085.595791
15083.548502
15082.253306
15137.497313
15109.605528
15095.840936
15109.358348
15108.685952
15107.644508
15108.323333
15109.888498
15107.111337
15106.703745
15107.297467
15135.851966
15097.237601
15111.963370
15122.273392
15115.854549
15106.516165
15130.190468
15106.685060
15105.881136
15106.398876
15092.801898
15115.901177
15094.486735
15106.034050
15106.617194
15107.124859
15130.217183
15105.003115
15104.785658
15104.788180
15103.321239
15105.833005
15104.823487
15104.278259
15106.641148
15109.551177
15106.302805
15107.123795
15106.693722
15117.744376
15095.635235
15098.536626
15108.454713
15109.676422
15107.073550
15096.977042
15111.246074
15121.678468
15122.442307
15119.252649
15108.585586
15118.598839
15108.831777
15119.057937
15107.258186
15109.260823
15108.993755
15107.151666
15117.734494
15105.065380
15108.716077
15108.272171
15108.456548
15118.702042
15084.019286
15107.831889
15082.108578
15107.354132
15096.016494
15088.983179
15088.688913
15151.878878
15109.878616
15110.427733
15084.294166
15084.821181
15111.324598
15133.371216
15098.290499
15095.736199
15096.262821
15109.191292
15096.584973
15111.461085
15123.630937
15122.112133
15095.236498
15096.705773
15098.549691
15087.949866
15106.766047
15144.829080
15121.913170
15107.890209
15097.802035
15122.994401
15099.119680
15098.600419
15108.048891
15133.571936
15098.509979
15131.707581
15119.365049
15103.548477
15108.067341
15108.336635
15096.598483
15107.692031
15106.522340
15111.892738
15086.251319
15108.768525
15085.981755
15083.595283
15100.605916
15074.782706
15085.348388
15109.707815
15110.428796
15085.921179
15084.770727
15074.045560
15084.092150
15109.661367
15109.724143
15085.904202
15099.750208
15131.190650
15142.718434
15115.839565
15141.940035
15115.159454
15142.176107
15143.161278
15115.025500
15115.788403
15124.901760
15084.870940
15086.185732
15084.966791
15125.656207
15087.521136
15124.408723
15086.281060
15085.043018
15114.040905
15114.595754
15115.221557
15116.450278
15110.845734
15110.887624
15113.068363
15113.619683
15116.834728
15118.060209
15085.153148
15097.005031
15098.247841
15108.160853
15118.750330
15083.823268
15083.268067
15082.879170
15107.335188
15092.824473
15118.635576
15084.511198
15130.945167
15097.249974
15095.641252
15086.704715
15121.635639
15097.216797
15108.022184
15095.507448
15094.956944
15134.235928
15097.277424
15084.289581
15107.362249
15083.788878
15118.661047
15105.027609
15105.537810
15105.626919
15105.672947
15105.563154
15130.921078
15097.823443
15087.289124
15121.074250
15097.774020
15073.279973
15072.623963
15072.267378
15096.782559
15082.208383
15108.691154
15072.752031
15096.176462
15084.630437
15083.761775
15096.172037
15094.889430
15074.060879
15109.042099
15084.568789
15093.770081
15096.089179
15097.395781
15084.252368
15123.002183
15097.326942
15109.232237
15072.550680
15095.058639
15095.075533
15085.118330
15096.346039
15096.858110
15083.674643
15096.916328
15097.546100
15104.728623
15125.856913
15104.808307
15082.704778
15082.161854
15108.594221
15107.998448
15082.599590
15073.629540
15073.442832
15099.318619
15099.998517
15109.458589
15133.136836
15121.795213
15074.437265
15099.751928
15088.251366
15117.971991
15117.377584
15094.089920
15092.978530
15094.814985
15093.761384
15093.907268
15083.711386
15093.813489
15094.159076
15083.519689
15096.401444
15083.494589
15074.212405
15100.020033
15083.306396
15082.117668
15082.146097
15074.695433
15085.985627
15073.542800
15086.745277
15087.297310
15112.405608
15085.992097
15096.350911
15095.652857
15087.042282
15083.383111
15074.252291
15084.318366
15084.335549
15060.975068
15084.431261
15071.048303
15098.983676
15099.026210
15113.095484
15111.180915
15111.226591
15087.624082
15087.598586
15102.871546
15098.027634
15099.304192
15097.419923
15121.744652
15097.332830
15098.100245
15121.698870
15072.085914
15072.112420
15072.181851
15072.100726
15074.332754
15075.097235
15072.751183
15062.264428
15062.236999
15062.784817
15097.489427
15113.869620
15071.605283
15072.652890
15072.152347
15097.553541
15097.527976
15113.294733
15096.971053
15097.951714
15120.700858
15085.654992
15124.418610
15127.256431
15136.675482
15123.921001
15136.795807
15113.432180
15091.551118
15110.170044
15110.772814
15109.628891
15112.805155
15102.035178
15110.220428
15110.889132
15137.850710
15124.972226
15124.498110
15127.809639
15125.036311
15151.823122
15113.321823
15085.527675
15086.246104
15112.274871
15084.048020
15084.026932
15084.575823
15121.354731
15085.888937
15085.699079
15085.796344
15082.283702
15111.243555
15094.912592
15082.761731
15071.551845
15124.403581
15108.945515
15113.325841
15088.253020
15125.566057
15125.013920
15073.737946
15085.251289
15062.578520
15072.539744
15087.724567
15074.601783
15097.728247
15087.093641
15097.617018
15063.962276
15063.923373
15123.440461
15087.126265
15087.686158
15072.711608
15071.416997
15073.385743
15085.174752
15075.136140
15085.761929
15091.550849
15065.134911
15110.174327
15110.150761
15149.611827
15147.037043
15110.110752
15098.907891
15120.148440
15109.478247
15095.605009
15095.064677
15108.539733
15115.833510
15114.073580
15061.610976
15088.858728
15096.680945
15109.017725
15119.968455
15096.502532
15109.790835
15120.759061
15136.587782
15125.212585
15111.707730
15099.359001
15112.287405
15111.592581
15111.003713
15088.998246
15123.849528
15131.774189
15099.194523
15096.613760
15133.515123
15085.531105
15109.177588
15131.553939
15096.912754
15095.871626
15119.516046
15111.867252
15099.902851
15075.487962
15111.364516
15109.842948
15120.768027
15095.713386
15095.701748
15120.599518
15099.778918
15072.634051
15071.375498
15073.260733
15072.092106
15123.752124
15123.092924
15125.099257
15113.952443
15085.003937
15084.331448
15072.829332
15074.047113
15073.560643
15084.307419
15083.843935
15083.876423
15084.874577
15109.615051
15110.149155
15108.341905
15108.917679
15083.903045
15083.774791
15073.951888
15072.735361
15094.264696
15049.665211
15050.078135
15049.670029
15095.594908
15095.021878
15083.889350
15084.401385
15083.971317
15083.139723
15093.690636
15071.978848
15072.426186
15087.643136
15073.862707
15088.224226
15125.941451
15125.146135
15145.103884
15142.477759
15166.257530
15179.511760
15168.878524
15104.361921
15103.567235
15103.935476
15103.139912
15112.640143
15149.465023
15150.742075
15097.852503
15109.403536
15097.673379
15151.354667
15111.924527
15124.735030
15110.073967
15086.252332
15125.876468
15127.134394
15126.463449
15114.073756
15113.278189
15141.955983
15153.927349
15126.978202
15127.262620
15127.052192
15148.748197
15148.745060
15126.778974
15115.801114
15123.884696
15099.361041
15112.553154
15097.993877
15098.018756
15111.203195
15125.394895
15140.278856
15098.077252
15123.767295
15088.797690
15112.747895
15115.271496
15154.112601
15129.265764
15115.590148
15112.932014
15124.898488
15081.394050
15153.450102
15109.473407
15097.986671
15122.122538
15151.427906
15119.450235
15107.959924
15097.044165
15081.466807
15082.733051
15111.302990
15093.860389
15108.061374
15094.480542
15105.332977
15084.160697
15098.446479
15109.880340
15098.433094
15096.775338
15139.514510
15096.558196
15098.403203
15098.064987
15098.928973
15140.742597
15097.753170
15122.451083
15110.239309
15140.004473
15109.534909
15095.317910
15108.250041
15107.524865
15108.717115
15104.646605
15108.744876
15119.130539
15097.778767
15108.162501
15151.008897
15110.176570
15109.654399
15121.162111
15096.730986
15109.132228
15138.896449
15107.078019
15096.064064
15097.879793
15097.497458
15109.163290
15120.637392
15110.241918
15140.068849
15099.030253
15084.832177
15094.159399
15109.351836
15098.401989
15123.843640
15151.582103
15110.697277
15070.116170
15107.335031
15082.377406
15070.091853
15107.926138
15082.771780
15200.655467
15187.577110
15148.039265
15148.037113
15168.590776
15186.838217
15168.590794
15186.822430
15184.703928
15184.686000
15184.687296
15186.839172
15168.589471
15168.589750
15184.702889
15219.775505
15238.639971
15219.776359
15191.335593
15209.583234
15191.335305
15209.567957
15238.045305
15219.819570
15219.835527
15238.005471
15072.620027
15071.445538
15084.389896
15082.611995
15072.012112
15071.992868
15072.132376
15072.584190
15060.856174
15060.331426
15189.792524
15199.324223
15152.421101
15156.162221
15155.043975
15145.472848
15145.487097
15115.482283
15149.892594
15127.148462
15140.270170
15108.665564
15108.065269
15109.364484
15138.594297
15097.878149
15139.715539
15140.555400
15124.737352
15112.939037
15164.860416
15142.475102
15154.067773
15121.864204
15121.837317
15134.562137
15134.564039
15117.665929
15153.854504
15116.913974
15187.855397
15115.945867
15130.211257
15115.008823
15115.941160
15125.605635
15129.151847
15126.737816
15164.818214
15187.635595
15115.736897
15125.387557
15139.656030
15128.920938
15140.645279
15127.539870
15115.873653
15146.396177
15146.381007
15126.478349
15163.952656
15124.282827
15110.144950
15111.660116
15130.987200
15115.772797
15187.852112
15133.667126
15144.650789
15144.651600
15141.968770
15144.669417
15144.725494
15116.416458
15126.068447
15140.322611
15129.585993
15140.812911
15127.692829
15150.151985
15116.027535
15146.025775
15146.009827
15134.837004
15110.079936
15111.357047
15134.859944
15155.296295
15156.414623
15141.611942
15167.683960
15154.547137
15151.474473
15143.884758
15157.044805
15158.278073
15150.966215
15157.906448
15126.771862
15156.550338
15157.769472
15125.805739
15123.775622
15137.944908
15143.085558
15144.234077
15172.847729
15172.846755
15142.882637
15127.143929
15164.104351
15061.526523
15060.236598
15062.065939
15060.758999
15141.414555
15060.944872
15060.155846
15061.589319
15060.288270
15114.287300
15114.286159
15115.418144
15115.419203
15114.273161
15070.600419
15071.294920
15080.866510
15081.448945
15070.112649
15070.128521
15071.311029
15070.305123
15071.996634
15070.046249
15070.666491
15060.250541
15060.306235
15059.573771
15059.625799
15072.853542
15072.232014
15082.195873
15072.111713
15082.730615
15082.173113
15080.795697
15059.306106
15060.593776
15060.136147
15061.345039
15060.852648
15059.712410
15071.052782
15070.862954
15072.907064
15071.821720
15072.493071
15100.733169
15071.907120
15072.577546
15116.213737
15064.490487
15087.643389
15061.578631
15061.501966
15063.459840
15061.736769
15062.873959
15049.949538
15060.432891
15075.274823
15072.793931
15071.522356
15074.674368
15072.893601
15097.765699
15096.700085
15082.570636
15083.147211
15083.026911
15083.163640
15107.096693
15107.721784
15083.323187
15073.327289
15073.162208
15081.863795
15112.451800
15084.106071
15110.559977
15087.839718
15065.295315
15082.688387
15083.985876
15085.283371
15113.388098
15060.794021
15101.965460
15124.951893
15113.766186
15097.712754
15075.050502
15084.897453
15065.228818
15061.221160
15114.195814
15146.054397
15132.030382
15128.513123
15086.521722
15087.690863
15129.572024
15050.397732
15060.256173
15060.252782
15051.588416
15060.848609
15060.407928
15060.878068
15059.533785
15050.160037
15050.926614
15059.040425
15127.227243
15075.778683
15085.597777
15074.319366
15084.141593
15168.865757
15181.885111
15170.389101
15142.981986
15172.563959
15144.056268
15110.475686
15141.729430
15115.331326
15125.836104
15129.072992
15098.837808
15088.977585
15114.679947
15131.496624
15129.066397
15125.113994
15102.520471
15114.933018
15148.216080
15149.545708
15112.895427
15102.806106
15128.160006
15134.515697
15148.732076
15114.103529
15110.808638
15110.132626
15098.765920
15108.863628
15085.189912
15105.810599
15105.979527
15106.616526
15106.562726
15094.279202
15104.269557
15106.598178
15084.580897
15114.407465
15116.710607
15114.908209
15143.796002
15112.076752
15153.206404
15126.146244
15173.144399
15128.425634
15144.597480
15128.491132
15139.688182
15129.678743
15130.600086
15159.584910
15111.506061
15143.676074
15113.354196
15127.914377
15243.833626
15112.173118
15108.670425
15108.705967
15083.999358
15108.310670
15082.629556
15073.142144
15083.312090
15073.270849
15084.438621
15073.817743
15072.625582
15073.869634
15085.154869
15083.973008
15107.989569
15084.694852
15096.656008
15074.161755
15084.650493
15086.205026
15075.810133
15075.903149
15075.287532
15075.899193
15076.920349
15100.106763
15099.578588
15085.947772
15111.969760
15112.434084
15110.889641
15110.256647
15112.406975
15116.013634
15125.546706
15100.646456
15113.723822
15115.760702
15109.497851
15112.865386
15109.561885
15112.840985
15112.511526
15140.121149
15111.461062
15097.795554
15087.948834
15100.383534
15125.183142
15125.771218
15126.452951
15099.989317
15100.021140
15100.126308
15100.183767
15097.386292
15097.317417
15099.253693
15101.458993
15100.400769
15090.261839
15101.589024
15113.120011
15113.826606
15125.971288
15110.163783
15127.348591
15110.820365
15123.585146
15098.566540
15109.578321
15108.917405
15134.749786
15122.445511
15075.760700
15085.608030
15100.365012
15103.034103
15099.702253
15124.474089
15100.601851
15111.078597
15100.476576
15097.045459
15097.410642
15109.758614
15120.141920
15102.501659
15125.782822
15111.647484
15122.924411
15123.677614
15101.523610
15139.675825
15137.392035
15107.292463
15108.674716
15109.942672
15134.166304
15097.886373
15109.880482
15112.312100
15123.916644
15100.536579
15099.727710
15108.311999
15124.130960
15100.740999
15100.454819
15111.114602
15134.401557
15099.788647
15100.169408
15099.276478
15101.838045
15101.492685
15111.144496
15099.720347
15101.242724
15111.109637
15124.575946
15111.209753
15101.219778
15124.968379
15113.256215
15110.382418
15127.469067
15127.427895
15101.809879
15096.724832
15097.236317
15086.290994
15103.440576
15113.842792
15063.269592
15062.947984
15075.622976
15052.977291
15063.728187
15075.601477
15051.704194
15114.464244
15110.427730
15073.253599
15073.232440
15083.894405
15075.160062
15075.142324
15075.481028
15075.445681
15109.873368
15085.156135
15085.672592
15085.845696
15086.165518
15097.684905
15083.872875
15083.169070
15084.624838
15084.931142
15085.109598
15097.084278
15082.411010
15081.901349
15071.767327
15109.648773
15074.063246
15082.930614
15085.267752
15085.056864
15094.092009
15096.578502
15100.600982
15096.632116
15097.941428
15111.953263
15097.994822
15085.656874
15098.703378
15098.474003
15097.493876
15124.695046
15100.752207
15096.473480
15099.275007
15099.294446
15097.137967
15099.172191
15099.510324
15139.891556
15099.466051
15124.530267
15090.204426
15099.514586
15110.924047
15135.176272
15088.809772
15099.489104
15111.488592
15088.852981
15085.215469
15088.746834
15087.363430
15098.104363
15096.948151
15099.296242
15087.298364
15095.800391
15088.583561
15097.503994
15097.543894
15098.843689
15098.439420
15098.467626
15101.762035
15190.207519
15114.646882
15130.712815
15143.855602
15125.006500
15144.326994
15086.531696
15087.825687
15098.817374
15083.970960
15086.624800
15085.348716
15087.864636
15114.657951
15136.689303
15163.428287
15152.653119
15137.351475
15150.543244
15129.206849
15108.068092
15101.991016
15123.103984
15087.165946
15122.525357
15100.545747
15123.205011
15122.602434
15098.270662
15120.300994
15121.478477
15100.205585
15122.286961
15123.475670
15097.215916
15108.348918
15127.982084
15086.517336
15099.033823
15084.433690
15097.172125
15086.705523
15109.459083
15096.981328
15096.045738
15085.749147
15098.632120
15102.363781
15112.782810
15141.401555
15129.257151
15140.144097
15110.810608
15098.693979
15111.613112
15101.131984
15109.146555
15099.189213
15097.004737
15109.000127
15095.810890
15108.223647
15209.087124
15099.892002
15086.128923
15084.459725
15086.190547
15099.872751
15085.045413
15085.646534
15085.183566
15127.897071
15098.118604
15074.178049
15114.080229
15088.220182
15074.885962
15075.498399
15087.065636
15099.322270
15126.779392
15111.040638
15122.305640
15133.919698
15111.024219
15122.284531
15096.896765
15085.389949
15085.460304
15087.519559
15086.878042
15111.065337
15110.452465
15086.220510
15111.628950
15111.026281
15120.704668
15075.002217
15075.029267
15109.724696
15085.481911
15096.699542
15085.508889
15120.760870
15148.528560
15085.476990
15096.719280
15120.787137
15100.893376
15098.623392
15123.537816
15075.560612
15107.980235
15097.217873
15096.194243
15096.286676
15086.573600
15111.742473
15085.539722
15074.158760
15086.166554
15088.867069
15074.392832
15087.611013
15126.472704
15064.277932
15088.436152
15111.620776
15101.227198
15109.346266
15109.339082
15111.649508
15101.256277
15098.616232
15149.368204
15166.220400
15114.917437
15083.804753
15084.168702
15072.645310
15083.605147
15075.393718
15075.986827
15099.058759
15112.990185
15097.742125
15097.737317
15113.840975
15111.771284
15098.492069
15098.439379
15136.712116
15098.345235
15108.983436
15109.642054
15138.732565
15097.197738
15108.928135
15108.699574
15165.003687
15108.677697
15099.547405
15128.953425
15099.025477
15086.911645
15119.768172
15109.853413
15110.407904
15124.192875
15135.952380
15109.798708
15095.743402
15121.320487
15123.794360
15085.778099
15119.735444
15109.849352
15110.390997
15124.192018
15151.239718
15135.932314
15109.796290
15095.094244
15123.159974
15085.167882
15059.745754
15060.149280
15060.202166
15060.345570
15060.263809
15061.001699
15061.440970
15060.966808
15099.278469
15086.012140
15073.273731
15086.167395
15084.504817
15084.287370
15098.537253
15086.970532
15100.626365
15098.188272
15087.459853
15085.731306
15085.114454
15073.649496
15139.523079
15124.193299
15109.489402
15128.550871
15128.789539
15112.125469
15112.098384
15091.657898
15093.848158
15081.163236
15093.686562
15092.555586
15118.174356
15093.686035
15093.797650
15093.268540
15095.044343
15094.762430
15093.065908
15093.584191
15094.354394
15117.661314
15093.840328
15092.659186
15095.636744
15095.354710
15094.695902
15083.322993
15083.870956
15093.864471
15093.797879
15083.996202
15083.760739
15118.819238
15084.407833
15095.091026
15095.145725
15097.518314
15097.825481
15096.105276
15095.890641
15084.601207
15105.240446
15093.757402
15138.400559
15113.269709
15113.310500
15113.860584
15113.204644
15073.838622
15085.104587
15110.077235
15110.187473
15087.392498
15112.830160
15090.364083
15164.409250
15120.567371
15110.460177
15122.491405
15127.413405
15125.921946
15164.308622
15109.686147
15121.208127
15075.341339
15093.655776
15084.713706
15112.560481
15140.124256
15099.368443
15111.607537
15110.877378
15111.624124
15122.639694
15135.525077
15135.551687
15112.541267
15099.325260
15111.548437
15110.776901
15111.608418
15122.640929
15139.115564
15095.481660
15085.787072
15084.559315
15084.344053
15109.046561
15134.404434
15074.904017
15097.510306
15098.350554
15083.686564
15097.670525
15125.004478
15086.218520
15086.178756
15087.403233
15083.651685
15083.051070
15074.790673
15096.213117
15074.314923
15112.429954
15074.851995
15082.793066
15084.517939
15074.271284
15082.836397
15125.590049
15096.614599
15097.942375
15121.660196
15110.914333
15121.636355
15110.888873
15097.703602
15087.198485
15124.374115
15086.158580
15085.660603
15086.856097
15108.019095
15098.049857
15112.724848
15098.009190
15096.104462
15095.613050
15086.744057
15086.122065
15120.465611
15096.863318
15131.074130
15095.039770
15110.328950
15098.036419
15072.517822
15072.806052
15097.344395
15073.706189
15152.831193
15137.092299
15071.987895
15072.573677
15071.697410
15071.621014
15113.487107
15072.829335
15096.736603
15072.120005
15096.666220
15083.356366
15072.387953
15073.180363
15072.818653
15097.894722
15123.639662
15072.281838
15096.773122
15124.267876
15139.374531
15118.133447
15129.922315
15113.296144
15166.319339
15113.941574
15112.684710
15119.899368
15108.853139
15121.735731
15074.782304
15109.499575
15085.932481
15084.115123
15149.399414
15084.025967
15073.384034
15108.778452
15108.193009
15107.550203
15107.535077
15110.002838
15121.096762
15108.782139
15120.464074
15108.775812
15148.267565
15074.335456
15075.058326
15084.900881
15084.114537
15085.511332
15084.214483
15111.768572
15099.366210
15089.279861
15121.261099
15112.612903
15083.679620
15113.147433
15110.674784
15061.469030
15084.217763
15084.915261
15137.211395
15083.360428
15108.725312
15072.738459
15097.024214
15112.102935
15060.262870
15072.644130
15060.808896
15060.379783
15059.493412
15071.661183
15072.914931
15085.022861
15083.202742
15061.870601
15061.673665
15051.138123
15073.814695
15072.539426
15087.786872
15084.676378
15074.613109
15076.000039
15072.774648
15072.859112
15064.538230
15062.667126
15077.132984
15063.344823
15059.603691
15076.576900
15076.503487
15075.533925
15072.227173
15071.699691
15082.832146
15071.063361
15074.112468
15074.744258
15082.667859
15083.910891
15075.263677
15084.584085
15074.764638
15085.248762
15086.177798
15097.771149
15124.646045
15084.039457
15085.200999
15095.821284
15097.035911
15080.223432
15095.598752
15082.061061
15082.481913
15080.818317
15081.625934
15093.882028
15071.088162
15093.616932
15094.475734
15093.041288
15073.042976
15073.135325
15060.997489
15071.392149
15084.825565
15095.996678
15108.329802
15097.163206
15071.560920
15085.117447
15096.237909
15083.788704
15082.561055
15082.102203
15071.990483
15107.702027
15096.570676
15084.995009
15123.292757
15082.704256
15073.906784
15111.734169
15108.958051
15111.733632
15108.970026
15108.981313
15074.610610
15075.266729
15095.143363
15083.194285
15083.256429
15082.886153
15084.892529
15082.939846
15082.916966
15072.351806
15114.776276
15114.334406
15114.293640
15093.179640
15084.535734
15095.057593
15096.583791
15073.528213
15084.019841
15084.770357
15109.843372
15097.986115
15093.454444
15083.386496
15109.064952
15097.257270
15084.252995
15097.974285
15097.128452
15086.296238
15074.364927
15088.058700
15124.398231
15124.835921
15087.261455
15076.421413
15101.134863
15076.060701
15096.491262
15096.518817
15060.789264
15059.979997
15109.550936
15123.889427
15107.379425
15109.621792
15108.058988
15096.576016
15095.247498
15098.193354
15100.385819
15098.287424
15082.002986
15125.054792
15113.418949
15101.273574
15089.128947
15108.759249
15083.318956
15098.838992
15084.630656
15114.136177
15125.738188
15101.879198
15090.309907
15102.566102
15099.702777
15098.424988
15106.325614
15109.041333
15098.797823
15098.238360
15107.274141
15123.600289
15111.967548
15109.736768
15098.165632
15109.137593
15108.045219
15099.171982
15099.090527
15099.421836
15099.678168
15108.777815
15108.867299
15100.399800
15112.418970
15096.172412
15099.785949
15071.862444
15072.376099
15072.385933
15070.768117
15060.201602
15072.446830
15070.737484
15071.915312
15070.195219
15071.480866
15083.144821
15083.764715
15060.940501
15096.680320
15096.748111
15096.758578
15084.979362
15085.000961
15085.781077
15085.530621
15095.554281
15084.772309
15085.047335
15108.567087
15094.837564
15095.313225
15073.852219
15098.358794
15085.450363
15074.180776
15098.647234
15073.348838
15096.720844
15083.709321
15083.073436
15082.597205
15084.101331
15084.088161
15082.374972
15071.721244
15082.479794
15097.470923
15074.051389
15082.881175
15084.706844
15096.281925
15093.802035
15084.491329
15081.922803
15082.522376
15083.099401
15086.662437
15073.836033
15071.951788
15073.063996
15071.767314
15085.881124
15083.138927
15082.530298
15072.417885
15126.811265
15095.632467
15084.640051
15097.988715
15096.473219
15097.482607
15085.772698
15083.023603
15061.138927
15084.620968
15083.944694
15083.446753
15071.705680
15096.279209
15084.416409
15071.703969
15095.630127
15095.816099
15082.432395
15082.463569
15085.686116
15100.321158
15111.553955
15112.166371
15115.307157
15114.034563
15130.947788
15124.507387
15144.969759
15122.877427
15112.752000
15097.546179
15098.052433
15083.565634
15086.454366
15126.267217
15084.451149
15107.763511
15083.487026
15083.928677
15085.682675
15085.470642
15084.402273
15098.091577
15095.053601
15094.726555
15083.768238
15083.217818
15084.314686
15083.590289
15098.427459
15096.407037
15110.037305
15094.675585
15073.531833
15074.960218
15088.570324
15073.795859
15073.143377
15083.214661
15083.924650
15069.625194
15069.734078
15070.067496
15070.657638
15110.675978
15058.034298
15047.161993
15114.300240
15114.287408
15060.826084
15059.482658
15060.278788
15059.836874
15061.027039
15061.580071
15060.367388
15059.581888
15059.392624
15083.369519
15082.263807
15082.220280
15071.744868
15072.257151
15071.550196
15074.856067
15076.657112
15075.625039
15074.902825
15074.852400
15074.753828
15129.683812
15100.254869
15098.916258
15141.115133
15127.980393
15116.991898
15150.060322
15156.293075
15143.170725
15144.242949
15142.981967
15139.755808
15131.017490
15137.821318
15129.956014
15168.528431
15125.932451
15127.400517
15127.813126
15126.526085
15098.852582
15099.852498
15120.649792
15132.491379
15095.460826
15097.590131
15096.962105
15095.806570
15096.918607
15133.927773
15096.955696
15096.199636
15125.183897
15150.929444
15130.548744
15132.261419
15074.442451
15085.572812
15084.926884
15064.380475
15089.673159
15073.220626
15099.389286
15075.659780
15099.559697
15126.309055
15127.868225
15127.826194
15114.813281
15102.492918
15131.843440
15114.617735
15128.845377
15145.865388
15129.385902
15129.410904
15154.970156
15115.332207
15130.094575
15128.037215
15074.803748
15086.881582
15064.879344
15076.422074
15076.346943
15077.055344
15074.659488
15086.511169
15097.505721
15107.060416
15107.694834
15096.561945
15111.902728
15120.823189
15139.076688
15115.331671
15142.314838
15075.667763
15051.782531
15051.104651
15066.043216
15062.310603
15062.317603
15064.167328
15112.891613
15112.277582
15115.481138
15146.931315
15132.909216
15125.277206
15113.508675
15114.369095
15141.230180
15127.495729
15090.004715
15111.842147
15123.132617
15111.915701
15128.152630
15128.920104
15165.675624
15127.589892
15118.005146
15116.760637
15073.280944
15073.195424
15098.093078
15097.389312
15114.794081
15115.509388
15141.584344
15115.229099
15114.783046
15083.791393
15083.596238
15098.074381
15075.026842
15073.282600
15074.319263
15124.430677
15084.687854
15086.131697
15124.315838
15085.841951
15085.201866
15074.662414
15085.227020
15109.016046
15109.199306
15108.077740
15110.915134
15074.566286
15074.562298
15087.956501
15087.966698
15095.138979
15083.893034
15084.483833
15073.194589
15073.187979
15073.171184
15100.771068
15076.450374
15123.899358
15088.228348
15089.068726
15085.085083
15107.209149
15086.299995
15100.201854
15073.059837
15110.739847
15110.860767
15111.295242
15111.942138
15111.386469
15110.858713
15148.438349
15138.560808
15128.400812
15083.901202
15085.073064
15095.792394
15122.806125
15111.123455
15121.475370
15124.591807
15074.477826
15097.621953
15087.293294
15116.070581
15124.566228
15142.633463
15111.324729
15115.645749
15123.366497
15126.963608
15116.184422
15123.894746
15127.517718
15126.341862
15123.975582
15101.326624
15111.686014
15113.982557
15088.903225
15155.565287
15167.151794
15048.248580
15062.098829
15062.419890
15061.566172
15062.141637
15061.003022
15060.257742
15061.388230
15060.965601
15063.461171
15062.214176
15061.017657
15081.979767
15083.285221
15083.410487
15101.815988
15153.428429
15139.086383
15139.130955
15111.689693
15139.276389
15129.378396
15098.736651
15083.412554
15072.153768
15085.048997
15085.451923
15083.995683
15072.732838
15085.616280
15087.517807
15087.031504
15087.793310
15111.214093
15138.147151
15101.861892
15111.735400
15098.106633
15065.074223
15083.813584
15083.818222
15074.443971
15098.078104
15087.083134
15111.821909
15135.239375
15131.893452
15165.108979
15143.728634
15161.654970
15155.887653
15145.976940
15158.874926
15110.562803
15111.387291
15124.569130
15108.671286
15109.265238
15111.860227
15112.173162
15110.570197
15113.165272
15126.027916
15109.236983
15121.688992
15110.270448
15120.524068
15109.444159
15110.541838
15109.183660
15106.559488
15110.000877
15110.313740
15098.411758
15097.632368
15109.325328
15100.304334
15112.749848
15100.471339
15121.671902
15095.873349
15099.136805
15111.255273
15098.475250
15073.928782
15098.185891
15072.875083
15072.939574
15072.923547
15074.943895
15074.654799
15098.054929
15123.235860
15098.457765
15069.275971
15071.623894
15096.983256
15073.872092
15073.187155
15073.404788
15072.791871
15108.162100
15082.274883
15094.414801
15083.486780
15096.745348
15107.156410
15097.453805
15097.178575
15095.340752
15108.355123
15108.486605
15084.409661
15109.511391
15083.740547
15095.599608
15095.082853
15097.252049
15095.093205
15086.304874
15097.029939
15107.417437
15108.643484
15098.232561
15098.033286
15095.106415
15084.346108
15072.363194
15068.834680
15071.690353
15082.907959
15082.881390
15082.252390
15084.543755
15082.518795
15084.805030
15082.198310
15083.418505
15082.328576
15070.255696
15072.406890
15070.255912
15070.265781
15094.441846
15084.673704
15084.487236
15082.162919
15093.887264
15093.954755
15093.724914
15083.038635
15085.314436
15085.577619
15082.309965
15084.149899
15083.009014
15108.195917
15081.962568
15082.572370
15083.270050
15082.858149
15082.033037
15080.229837
15083.282163
15081.230640
15082.610208
15091.694404
15080.341521
15082.176843
15080.811538
15081.455629
15082.854416
15082.644593
15081.635665
15082.227531
15092.184711
15084.275257
15085.854412
15085.664566
15083.337260
15092.209989
15092.314439
15093.385929
15091.496924
15092.650895
15111.094339
15100.586984
15142.411321
15139.607837
15156.089811
15156.703855
15103.792373
15125.036264
15145.669915
15145.670964
15136.708866
15103.876785
15126.037585
15143.028257
15145.232641
15085.763035
15084.458218
15086.175083
15085.898650
15083.968788
15088.216637
15087.940396
15110.057743
15088.491712
15087.082734
15087.209936
15085.507553
15086.295713
15085.188644
15084.463516
15099.392801
15123.720613
15129.592141
15140.678483
15151.579262
15141.044864
15141.574922
15128.396534
15117.392810
15149.777011
15117.422780
15133.136568
15112.813157
15111.069879
15102.108110
15129.802340
15126.909616
15149.885731
15103.055660
15130.736188
15098.319047
15106.530943
15094.430316
15105.797642
15095.752784
15110.018702
15109.499151
15109.401594
15113.160950
15099.481660
15097.423370
15109.353996
15084.422011
15083.743213
15086.624368
15100.198382
15088.532391
15088.327733
15082.486399
15084.127732
15107.436058
15083.800229
15086.330499
15084.471475
15095.080678
15084.934793
15093.843314
15083.307963
15107.002853
15082.454164
15084.466292
15082.954056
15082.426229
15118.735412
15085.120775
15085.658268
15086.981909
15084.828790
15097.916571
15095.365983
15096.252289
15094.140844
15098.274604
15108.257309
15073.592970
15124.136840
15071.581293
15085.251642
15081.606737
15083.573048
15085.592312
15071.495162
15085.165040
15082.032594
15083.445517
15085.462253
15119.314496
15098.241005
15097.537959
15070.361284
15095.909728
15097.374267
15097.417778
15111.997412
15097.169646
15086.288567
15083.783584
15081.907208
15081.569545
15096.079001
15108.350565
15071.561684
15073.229888
15073.889985
15081.217992
15072.117227
15071.084167
15096.881878
15094.325527
15083.117188
15083.264133
15096.880139
15095.776300
15095.534815
15107.440695
15085.224768
15109.217741
15084.966212
15083.087540
15083.439208
15097.295111
15109.561456
15073.433553
15084.087915
15123.331696
15125.254439
15097.328292
15125.225224
15109.962370
15087.208999
15073.469270
15083.497806
15135.675782
15097.337223
15085.232740
15072.699662
15108.026283
15072.205761
15097.538844
15082.740310
15082.246732
15082.636338
15082.068725
15117.156440
15074.760381
15109.851059
15085.022726
15083.477310
15085.871094
15107.810108
15073.437917
15108.731137
15108.940244
15094.709291
15095.879464
15133.974270
15135.883775
15135.842517
15072.109208
15071.950909
15097.777753
15085.852935
15097.440312
15098.323682
15086.377039
15121.130375
15086.785308
15097.844537
15088.171201
15099.213005
15123.717727
15124.176638
15124.638759
15135.366346
15095.899925
15084.401480
15097.086005
15108.392425
15082.072626
15085.555813
15087.621219
15123.551604
15124.028346
15107.389056
15106.589957
15082.096090
15084.841443
15095.380596
15095.707869
15111.066270
15081.527626
15094.046473
15092.809237
15096.300638
15095.765726
15087.550189
15087.095964
15111.067909
15099.693250
15124.427362
15124.942866
15088.667131
15124.068517
15089.646584
15088.692079
15123.675042
15120.723806
15082.853105
15082.769742
15083.496013
15120.459500
15084.007354
15083.408501
15097.942135
15119.982439
15119.963449
15149.949047
15082.541342
15072.095192
15072.653115
15080.657720
15083.964577
15072.109781
15070.550384
15096.266303
15083.731440
15072.603902
15072.640195
15085.161090
15083.727019
15097.466057
15114.467545
15070.843003
15070.789510
15080.179476
15081.391752
15120.599693
15121.230391
15094.863251
15095.913704
15071.352233
15070.812972
15085.038976
15084.819461
15085.393592
15060.580773
15083.310422
15071.655080
15070.885538
15083.009645
15082.520633
15108.584350
15108.565732
15121.639515
15121.557145
15121.087763
15110.189024
15110.283186
15118.470578
15107.009829
15121.364625
15123.564374
15121.933636
15119.324649
15123.275707
15121.316771
15118.845911
15097.582590
15108.980471
15108.430176
15109.647472
15108.572477
15097.778844
15138.047417
15133.141682
15121.687728
15165.106126
15121.362060
15110.953761
15121.471942
15121.507018
15111.575048
15107.674931
15096.211877
15110.296744
15107.752507
15099.023692
15107.737571
15098.816988
15109.754532
15098.501632
15135.314249
15138.109663
15133.194324
15121.770093
15121.405818
15110.997527
15086.814080
15121.302810
15094.402163
15096.214658
15087.790125
15086.565192
15122.131258
15086.755200
15086.059347
15086.119052
15121.082005
15117.898988
15118.058158
15108.643970
15121.816974
15132.159364
15109.245865
15110.169115
15133.706750
15120.604547
15108.658872
15122.710891
15121.208660
15119.248736
15118.769347
15121.282350
15151.934726
15123.403620
15123.984609
15135.721668
15177.441058
15131.641123
15121.898465
15131.632270
15121.867731
15097.157258
15108.367990
15097.137270
15133.714209
15120.799274
15122.181773
15117.974492
15117.010923
15121.130158
15110.117178
15121.076487
15133.243486
15112.858913
15123.612771
15124.907793
15113.236363
15134.898584
15123.829490
15122.781849
15151.399479
15166.042964
15134.307505
15122.735649
15152.713129
15126.264884
15094.164099
15086.486521
15099.545150
15108.815754
15108.856552
15138.504778
15097.659083
15098.297080
15110.595513
15134.433063
15125.916297
15115.316387
15125.891392
15153.285297
15122.609877
15109.302983
15122.076993
15164.087176
15175.608348
15109.866469
15095.414080
15088.434859
15109.863969
15087.314914
15126.429842
15124.664153
15115.838350
15101.554480
15087.876121
15099.214827
15100.409985
15123.296840
15134.537654
15129.816039
15086.123382
15085.521786
15113.675615
15096.773117
15096.183508
15097.436495
15096.833286
15111.466343
15123.116187
15083.636607
15084.773522
15096.875744
15084.128634
15098.076683
15106.841953
15108.050960
15095.533992
15084.435561
15109.558444
15093.630230
15119.675851
15095.562058
15120.781229
15135.479967
15107.229439
15134.353567
15083.872271
15093.764257
15109.156084
15083.780654
15110.194783
15136.729132
15095.711630
15121.231862
15121.250167
15134.679198
15134.746169
15135.374086
15106.876583
15114.232930
15107.400523
15118.379313
15147.444350
15136.326564
15071.572735
15106.819809
15084.092395
15072.311544
15108.030945
15072.852841
15084.770033
15071.603851
15083.483058
15081.112769
15082.785997
15106.614608
15083.479520
15084.016974
15082.791989
15095.950904
15106.555030
15070.603483
15095.409340
15095.373197
15107.483234
15110.896511
15098.023990
15086.900423
15097.432237
15108.068145
15085.754815
15085.814943
15087.598927
15087.932568
15110.174212
15086.778950
15099.822366
15086.995549
15087.714189
15126.994664
15087.068204
15099.167959
15125.042779
15114.505624
15082.815536
15085.858786
15084.203557
15084.015778
15110.306260
15110.856243
15109.674264
15083.520380
15137.357738
15139.336255
15124.258632
15101.162489
15098.895071
15100.139153
15123.059606
15100.200278
15109.371958
15099.492638
15085.776041
15111.212165
15086.596049
15101.548193
15089.299516
15112.435841
15100.755073
15127.027854
15128.661264
15118.607587
15072.643929
15084.530758
15071.048155
15072.102632
15085.050989
15096.756269
15107.833569
15109.298264
15096.380182
15096.373013
15109.323543
15107.421769
15107.193252
15109.636987
15107.890779
15109.809994
15137.478038
15121.608595
15109.629257
15121.645311
15132.829685
15120.471258
15125.767106
15108.537027
15119.941352
15136.772059
15108.561082
15107.867527
15118.458347
15119.897282
15108.932564
15108.753876
15094.341403
15106.811204
15108.178201
15106.075869
15106.128596
15104.346751
15138.471115
15111.414222
15122.022416
15108.849740
15109.700533
15125.591932
15123.837976
15109.302403
15135.298955
15097.440065
15097.378071
15133.452429
15123.640414
15134.841198
15111.211492
15099.326662
15111.334500
15136.015477
15109.930207
15126.940650
15111.848638
15163.534185
15134.279407
15138.697818
15146.594212
15108.197029
15107.369189
15104.950567
15108.868417
15107.409096
15094.932353
15132.847396
15136.795554
15119.457293
15120.055748
15108.582655
15108.603133
15122.898867
15122.751785
15112.047443
15123.454632
15135.672928
15151.882106
15149.621338
15110.433782
15152.899286
15110.580299
15108.262527
15110.024472
15098.599355
15134.731179
15121.454797
15120.127547
15109.758632
15152.974113
15110.039079
15110.160903
15110.522805
15122.001844
15111.321430
15135.322063
15111.076353
15122.593144
15111.797211
15138.544316
15121.492524
15105.886819
15096.164458
15107.304482
15097.943207
15108.805612
15111.753669
15122.773991
15122.971362
15111.185898
15111.527611
15099.611835
15134.290808
15152.670296
15118.033674
15177.383037
15113.180822
15124.866689
15125.018390
15098.663498
15098.602702
15134.786498
15112.828879
15123.506908
15139.214756
15139.176904
15151.307001
15149.100602
15099.099590
15099.352744
15122.872461
15125.803056
15115.232839
15084.924238
15097.095855
15084.923181
15125.859250
15099.421201
15098.782705
15134.404901
15110.558992
15122.032982
15122.597594
15164.060479
15153.259269
15118.582495
15127.065091
15124.612471
15102.097789
15116.346416
15129.791504
15099.369939
15124.020622
15115.663299
15130.250784
15133.106980
15133.107054
15143.560342
15143.574708
15143.293146
15143.307618
15113.417070
15130.958902
15131.157787
15131.131580
15135.937413
15135.767143
15165.811808
15165.726866
15123.625250
15166.341883
15166.341817
15113.012216
15123.584613
15161.778547
15113.607627
15142.913881
15142.872981
15154.430287
15098.394130
15109.022890
15119.788822
15144.048335
15118.752513
15107.092265
15108.970713
15098.956708
15154.442923
15124.740981
15141.777034
15131.682902
15131.682891
15122.357161
15110.101613
15139.298732
15097.068300
15121.807027
15109.591812
15138.790518
15133.365780
15134.001100
15136.606934
15123.365901
15132.868900
15122.428096
15110.491163
15133.214048
15121.430951
15150.714718
15111.681951
15123.911176
15122.267640
15110.485446
15139.769534
15105.659404
15095.172022
15129.340503
15118.926831
15105.644720
15107.277178
15107.201176
15107.033656
15187.269968
15110.091020
15096.359653
15131.535884
15108.116498
15106.992186
15109.021156
15121.288126
15108.973206
15132.128884
15107.560584
15108.223518
15107.544102
15097.109672
15106.633182
15119.484220
15120.583478
15105.867621
15105.751329
15149.072937
15105.907464
15107.645211
15097.624888
15119.512097
15103.548796
15119.765465
15109.274971
15122.106784
15117.117352
15120.256485
15120.281415
15120.996012
15117.836962
15122.360729
15098.839513
15109.344474
15119.280071
15117.033015
15131.965574
15117.708483
15132.127939
15108.949134
15132.693923
15121.225027
15119.095550
15110.633956
15098.260765
15098.213784
15108.219280
15094.938987
15104.979587
15106.454877
15117.846609
15097.017255
15125.729824
15125.736281
15132.236411
15121.033903
15134.612626
15131.150248
15155.235908
15125.766566
15125.828857
15128.982664
15129.523230
15101.455617
15109.302109
15100.705368
15123.919196
15113.721932
15122.500134
15111.053833
15111.664610
15111.580369
15139.050331
15136.851504
15146.950687
15140.008472
15140.987276
15138.862934
15125.706698
15100.942970
15108.180987
15100.158452
15111.792933
15113.189489
15120.513406
15120.119597
15132.100631
15120.923890
15105.487299
15129.716005
15144.353106
15119.723562
15089.908014
15120.088079
15087.653864
15112.099989
15098.517164
15109.692547
15126.329870
15123.233759
15126.734648
15098.419927
15098.412877
15130.305371
15124.013753
15125.048007
15143.892770
15143.365001
15138.074263
15140.952534
15102.489186
15126.971150
15125.343666
15114.117610
15129.624864
15108.542333
15129.458647
15102.012066
15099.954255
15111.548697
15111.553452
15126.491180
15124.861960
15141.084782
15110.281415
15113.614034
15109.504708
15084.500510
15087.864342
15084.826251
15087.150534
15109.238337
15086.847297
15128.581928
15087.090915
15085.804896
15084.989435
15114.180818
15125.258802
15113.258381
15144.866923
15130.844261
15125.246373
15087.532828
15098.506457
15108.801329
15127.214148
15145.832218
15083.564718
15070.823993
15060.295085
15060.349258
15059.567666
15082.999702
15070.893124
15112.028072
15111.976724
15142.695984
15084.574007
15084.574897
15084.000842
15084.478051
15072.914506
15073.990422
15096.618576
15096.636642
15074.176422
15113.681539
15113.626898
15061.169383
15061.088867
15105.861965
15070.841254
15070.216794
15104.649026
15070.248001
15105.910020
15069.670195
15069.591408
15105.540332
15095.950764
15095.870084
15105.508665
15061.598333
15060.160875
15060.344682
15104.273558
15072.850549
15072.181829
15070.869994
15070.794466
15082.978598
15082.357201
15069.652267
15082.441749
15082.956661
15059.620529
15082.603408
15082.221039
15081.898906
15097.083772
15060.426121
15083.937678
15060.419177
15072.155825
15072.092865
15070.411684
15070.405569
15070.519164
15072.178529
15070.312320
15097.173327
15083.687345
15072.247521
15082.137795
15070.846377
15070.728706
15072.134795
15070.848472
15070.837379
15072.028512
15071.459700
15071.547057
15070.913218
15072.118511
15084.047243
15073.566762
15086.008455
15084.650869
15086.256476
15083.403834
15072.917615
15085.358568
15084.001904
15085.603481
15084.956634
15084.760518
15098.683608
15097.518939
15096.427380
15110.784049
15085.764881
15123.305341
15085.841940
15085.629295
15085.777290
15082.944966
15083.001363
15084.167268
15085.342310
15085.579185
15083.802563
15084.187830
15082.110634
15117.874705
15081.516080
15105.594783
15104.994192
15105.104263
15108.125912
15085.561299
15119.787588
15072.144412
15072.054711
15072.168514
15120.368182
15081.484301
15071.740048
15072.281993
15071.553144
15070.806611
15071.499921
15156.095814
15072.200437
15070.288079
15080.887656
15080.347101
15070.479233
15081.877322
15108.131983
15107.489326
15107.636993
15083.272744
15083.231591
15083.201515
15072.647065
15097.999765
15095.316661
15086.006450
15084.795855
15074.714934
15074.044106
15073.063939
15070.905253
15061.583136
15059.011009
15061.456443
15070.895992
15097.785160
15110.512483
15112.547164
15073.848788
15085.646236
15086.776173
15086.824063
15083.891479
15096.624572
15073.174350
15083.296928
15059.720284
15071.506595
15071.553363
15084.255089
15111.637707
15073.335711
15094.624431
15095.938850
15095.939911
15097.075097
15097.050606
15096.824642
15096.859197
15095.050642
15096.155408
15095.680773
15096.690285
15095.417784
15111.412578
15110.793801
15096.563017
15109.412372
15084.971847
15073.663087
15109.375164
15135.813774
15113.458730
15112.338061
15098.647170
15112.875413
15145.297402
15142.051640
15149.763486
15072.108119
15097.472900
15062.183285
15086.255503
15060.989591
15084.458941
15120.491395
15096.291257
15093.729946
15108.500560
15083.784576
15074.084306
15070.913963
15124.591271
15125.842274
15109.949051
15110.456096
15125.079625
15125.724792
15071.473552
15096.739640
15061.546494
15070.662683
15095.936748
15060.739381
15125.159182
15110.962775
15071.507755
15071.453505
15082.707718
15072.965152
15072.342762
15072.220946
15060.225934
15061.425723
15060.302845
15061.538508
15061.621079
15061.618971
15060.328579
15060.260621
15060.328937
15060.964876
15061.594652
15062.146437
15072.240568
15072.966314
15072.450223
15121.059511
15071.334507
15071.391541
15083.243793
15083.318252
15071.790827
15082.267899
15072.476242
15071.935249
15072.336565
15101.086007
15072.316511
15101.098674
15049.570533
15082.163915
15099.160076
15099.673089
15110.563268
15134.906766
15099.578257
15102.028593
15114.267135
15124.226817
15112.284218
15122.949547
15140.220663
15131.401818
15134.402402
15133.994920
15100.847378
15087.287465
15122.892599
15097.144222
15112.442994
15112.632496
15107.873296
15096.695464
15097.150835
15107.755805
15123.737027
15097.278528
15112.818173
15075.883197
15111.138310
15129.762175
15111.473762
15129.221121
15085.846321
15095.873503
15085.289463
15166.875570
15106.308749
15095.111665
15131.718084
15095.147969
15130.963556
15106.618938
15117.062994
15108.403555
15083.598111
15083.532520
15077.676562
15127.698478
15074.820861
15089.321677
15115.622852
15118.896733
15108.340431
15096.373231
15096.432552
15132.036940
15125.851511
15096.352640
15095.855819
15125.238708
15123.867842
15095.063777
15107.855380
15083.185171
15085.035831
15107.885821
15084.159735
15072.592346
15082.544695
15108.402289
15093.202148
15097.744947
15084.389828
15072.925175
15082.862269
15097.762573
15082.417797
15097.507401
15083.123267
15084.394412
15071.575790
15081.533759
15096.931597
15095.039090
15126.953547
15098.197754
15085.685663
15084.423600
15073.735879
15087.363497
15086.546548
15114.058647
15082.240032
15082.890080
15107.187406
15115.222848
15111.443284
15110.732063
15083.856659
15072.677972
15062.402621
15073.447884
15083.742812
15072.327934
15084.421135
15073.397459
15073.815409
15074.501359
15118.355036
15073.776874
15117.640762
15074.527852
15073.981458
15117.843336
15115.423685
15098.773659
15098.054947
15124.908384
15112.509410
15090.097001
15086.045691
15096.082748
15101.143920
15099.199028
15085.472057
15110.055784
15088.764643
15099.342642
15101.677106
15141.960181
15072.975065
15061.113284
15051.261804
15087.578985
15063.115700
15053.776197
15063.158868
15053.155181
15088.889958
15086.692656
15086.589169
15121.889309
15076.242711
15101.298548
15100.911367
15100.865196
15097.539874
15088.767831
15099.712141
15088.911581
15089.468696
15086.778725
15086.824866
15156.238806
15062.891277
15050.272094
15051.005000
15065.965304
15089.393411
15111.208579
15088.122339
15072.209902
15111.685699
15098.253655
15098.307163
15101.622896
15101.597160
15097.600690
15083.818061
15095.982234
15108.354706
15114.863889
15085.434528
15098.492299
15084.482545
15095.022782
15093.823853
15095.849148
15097.289316
15097.456315
15105.965237
15105.324944
15082.540706
15092.571703
15104.075748
15105.962932
15093.827006
15082.635960
15094.546844
15095.958755
15096.142754
15096.012442
15097.366463
15110.592807
15110.588599
15130.354796
15102.254545
15086.131019
15076.256895
15126.810299
15083.666532
15126.042249
15114.426257
15063.245711
15098.399253
15127.097757
15088.083835
15101.158166
15077.438165
15109.868984
15096.768499
15096.948879
15097.228099
15086.441469
15122.428988
15086.651185
15087.873838
15060.908492
15060.757200
15061.147687
15061.514726
15059.010857
15060.923025
15074.032695
15074.750888
15121.481513
15070.930334
15070.294203
15071.496143
15071.531617
15060.342617
15073.385646
15070.881994
15060.237540
15060.267401
15070.333278
15049.186495
15049.877194
15050.435932
15073.988497
15071.063016
15061.148583
15086.208450
15060.080739
15075.265119
15063.668988
15075.194750
15085.708850
15110.419821
15074.257766
15084.737729
15110.393141
15084.707498
15076.623783
15075.379940
15076.662129
15063.975146
15085.904118
15086.461349
15084.882101
15074.428784
15084.237444
15083.566683
15083.980635
15107.311872
15094.578521
15106.573191
15094.657130
15084.808300
15097.461251
15072.881288
15084.070760
15082.664109
15084.016919
15074.434223
15113.157217
15096.564479
15112.169857
15121.498466
15139.514255
15109.652026
15097.218890
15100.520397
15110.335119
15127.321491
15109.596889
15113.082311
15125.330815
15102.838069
15113.240408
15100.410716
15110.008684
15100.610301
15113.036783
15136.660330
15136.668986
15087.287352
15086.634868
15096.502868
15127.707169
15087.667179
15087.689515
15122.547512
15122.956294
15122.982174
15108.273440
15122.519944
15121.887940
15136.803248
15136.823375
15153.411160
15142.063342
15108.584060
15108.562617
15112.017943
15100.579106
15098.873501
15098.894387
15126.227951
15111.344282
15094.596849
15098.399670
15110.012885
15099.996842
15112.283754
15100.332587
15123.714698
15094.728724
15121.218840
15110.786341
15099.163756
15123.048076
15098.484580
15097.790763
15138.791166
15108.754102
15099.192238
15110.375446
15109.142753
15111.777241
15115.914413
15115.960144
15141.193274
15150.690423
15131.714097
15140.234322
15087.479113
15096.647242
15096.647196
15119.175752
15119.093660
15106.681415
15096.772942
15106.719915
15096.796364
15086.922900
15108.598974
15130.508733
15097.717164
15115.258131
15115.881134
15112.994531
15115.368572
15114.588301
15131.048753
15112.432554
15112.092585
15133.652210
15098.503412
15110.046289
15114.427595
15109.982256
15110.894679
15097.678341
15113.542653
15109.173931
15127.177451
15114.331684
15113.818450
15126.025058
15149.407869
15111.334149
15098.026210
15085.807785
15085.245688
15097.712350
15097.157078
15115.774759
15148.272261
15120.803760
15134.519730
15144.745800
15133.156436
15132.747957
15074.500408
15100.747357
15061.686806
15072.820394
15062.175788
15071.484909
15086.221721
15074.592822
15074.710084
15088.055616
15074.909195
15086.793173
15072.876826
15086.794850
15072.794621
15073.526206
15073.265411
15100.304374
15075.219301
15077.164825
15114.246884
15073.643303
15097.535317
15083.734370
15088.764515
15062.976804
15064.826102
15062.929689
15087.553013
15053.649525
15074.676939
15072.937923
15099.459493
15082.208761
15109.947066
15074.527421
15099.716032
15134.283653
15083.794236
15098.451705
15098.980719
15071.419984
15071.475113
15097.834212
15083.832279
15083.241413
15085.139277
15083.856957
15072.088376
15072.165476
15099.234933
15098.153272
15075.200773
15075.070951
15123.951401
15093.013296
15082.234048
15108.121006
15117.639643
15082.674790
15094.257544
15092.130828
15096.678350
15096.637772
15121.543681
15095.252585
15094.563872
15121.132835
15096.062326
15083.893269
15121.230200
15093.253271
15105.991936
15121.190193
15093.811448
15120.411217
15084.210602
15121.603349
15094.081272
15131.874744
15095.488050
15083.143568
15119.934922
15093.661170
15107.653727
15083.104249
15106.035265
15093.020698
15095.517600
15082.868240
15120.241132
15092.742675
15082.156841
15118.065472
15092.053511
15106.547547
15106.524308
15084.440918
15083.863812
15083.409052
15097.091108
15095.826238
15084.496952
15083.257226
15084.535453
15083.913742
15085.801156
15086.125330
15108.243174
15086.165977
15085.008943
15122.933959
15126.068286
15070.414147
15081.437900
15080.716136
15094.644437
15106.375315
15085.464575
15085.225504
15084.927021
15085.140900
15083.807109
15094.774269
15094.703413
15094.316983
15107.878199
15107.847369
15083.345087
15093.602036
15093.505685
15094.366893
15092.251206
15093.646725
15110.477687
15083.221203
15096.292559
15118.710597
15118.651289
15084.254153
15123.563583
15071.002225
15096.935909
15071.602909
15071.671826
15106.460167
15072.136866
15106.721395
15081.698758
15081.532132
15082.500645
15083.106208
15118.572685
15091.595686
15082.686025
15081.420634
15095.014898
15094.997466
15105.764420
15070.989709
15071.454733
15095.510409
15094.432357
15134.825382
15072.237676
15107.487420
15072.838804
15116.479107
15081.668992
15082.774095
15115.843272
15082.128865
15121.664027
15086.125188
15095.573894
15097.190872
15096.580922
15107.548037
15108.678230
15105.543793
15105.520233
15105.570760
15105.510414
15104.962125
15084.589856
15083.540814
15123.434842
15071.828589
15072.451591
15108.091522
15073.687648
15094.705162
15084.672727
15084.132306
15095.475684
15070.355320
15080.253625
15097.142091
15085.704428
15096.167270
15122.889448
15125.119906
15122.735842
15125.403738
15070.917013
15072.209682
15070.943538
15071.404911
15096.158897
15070.319850
15082.113262
15071.638292
15084.432433
15083.249908
15084.374764
15124.301287
15083.556880
15083.060337
15123.780001
15070.404402
15071.698261
15084.576840
15096.769401
15072.292361
15085.790560
15096.769269
15072.877884
15084.640269
15095.642937
15071.172058
15083.128511
15083.635573
15081.067953
15082.190720
15082.757759
15081.429343
15080.814622
15080.430932
15080.892131
15080.380363
15086.016978
15096.466594
15120.689010
15118.739001
15106.343790
15106.861462
15118.627623
15094.222742
15108.704797
15093.517911
15107.727138
15113.640639
15085.963041
15085.816572
15084.659723
15125.678882
15098.475251
15098.480733
15149.014477
15146.472749
15160.584294
15108.949728
15119.267171
15131.145892
15120.115220
15120.124985
15109.568067
15119.898782
15098.388491
15137.256735
15136.695820
15106.936888
15106.291272
15106.845519
15095.291382
15106.303144
15109.742940
15120.799034
15125.468094
15074.687344
15110.389260
15097.439875
15072.923286
15085.201068
15082.933505
15073.278727
15109.016664
15097.291417
15072.199543
15083.273326
15082.211070
15127.032689
15127.072852
15083.276173
15083.558695
15108.466640
15083.420082
15085.300384
15083.534963
15103.258239
15092.278259
15099.648031
15092.314004
15103.242859
15127.113968
15114.197257
15127.060166
15127.086945
15114.253097
15125.424044
15085.854355
15111.294807
15083.258828
15108.996172
15093.803862
15110.343110
15074.008860
15084.496989
15097.557469
15097.011013
15096.518973
15096.464202
15127.056846
15114.196580
15127.089452
15080.864612
15094.853613
15094.793791
15069.596545
15080.914641
15119.402208
15059.612972
15060.265182
15095.978544
15107.639988
15110.080305
15107.606623
15093.569810
15071.735208
15094.333098
15082.297414
15108.233162
15094.226295
15093.596560
15119.300602
15093.059668
15117.667542
15093.601079
15082.419332
15103.187113
15093.490472
15093.855910
15092.447813
15095.542867
15118.770666
15094.368387
15092.237203
15093.627874
15129.355844
15122.473942
15109.999045
15121.874101
15095.811865
15095.153971
15105.168945
15098.429138
15098.749702
15121.341749
15096.754978
15095.317651
15096.699175
15096.761174
15106.762032
15082.044409
15082.911546
15084.648498
15107.300706
15082.074234
15110.538162
15107.698235
15109.406474
15111.076105
15080.844774
15095.483886
15095.436967
15069.571628
15060.921316
15128.205923
15128.211558
15135.415377
15110.654213
15104.870619
15080.248988
15079.490520
15081.535642
15082.738083
15105.394150
15082.111645
15080.229940
15082.143221
15081.426199
15082.046991
15082.790243
15083.277876
15081.538691
15106.339924
15081.564998
15069.639427
15070.294189
15079.618408
15079.607976
15082.231312
15081.738250
15081.697763
15071.249875
15082.238709
15079.494825
15071.697571
15111.019720
15087.069399
15112.025748
15086.852640
15135.038684
15097.322679
15097.293037
15132.311051
15149.891067
15134.603006
15152.198440
15124.918214
15111.145647
15119.137964
15095.614979
15107.059027
15119.910386
15107.596331
15108.182580
15149.581753
15095.007330
15138.948616
15110.431139
15098.873863
15121.847682
15151.538636
15099.345260
15110.284785
15097.708459
15110.376833
15094.747199
15098.622507
15108.322907
15107.409874
15096.587636
15107.515501
15109.201789
15165.813367
15179.647396
15099.427371
15136.976493
15087.806950
15123.486145
15140.502997
15086.279871
15140.238582
15135.175087
15137.031622
15152.150828
15123.244767
15097.465033
15096.832340
15126.268660
15095.919391
15098.231830
15095.200843
15139.796708
15095.995643
15120.520467
15095.290945
15139.210677
15123.172971
15125.791801
15140.143337
15111.965087
15138.183942
15108.851706
15084.466629
15094.443957
15106.761514
15096.162189
15121.709410
15121.762179
15107.757154
15073.525553
15109.446358
15097.577563
15109.320807
15108.033512
15096.250123
15106.152945
15095.609667
15121.827235
15132.254979
15118.606280
15083.535552
15106.727426
15094.129262
15093.005201
15117.456543
15118.627059
15084.117412
15108.658933
15108.240025
15120.508269
15118.694561
15082.993034
15108.430396
15095.010314
15094.408318
15097.123514
15109.360870
15107.554973
15106.176362
15095.503655
15106.062725
15106.805157
15095.749010
15121.135269
15132.037059
15107.981940
15106.530230
15130.630318
15108.224899
15094.376512
15104.302508
15107.223162
15096.173548
15118.125425
15103.523884
15131.674701
15104.831784
15094.316639
15083.986041
15107.210381
15083.784198
15093.778051
15093.468240
15095.069715
15094.374926
15118.869688
15119.457943
15134.902417
15147.166097
15156.337176
15120.726616
15165.844204
15110.348704
15110.396827
15122.985618
15121.171114
15107.850394
15121.218641
15123.073075
15134.392352
15110.938043
15136.821699
15112.200666
15109.025014
15096.394603
15106.274287
15118.902454
15097.369890
15120.128456
15120.161337
15134.324762
15133.730314
15137.883132
15147.313915
15152.472550
15151.938706
15124.149187
15166.378115
15124.731957
15150.812417
15122.147152
15134.454861
15133.234133
15121.869275
15109.183498
15109.419778
15119.758961
15108.763782
15109.678901
15133.186124
15136.173572
15135.085767
15138.733092
15138.112289
15180.148722
15124.860509
15111.071756
15122.761391
15112.229078
15110.338618
15109.779257
15146.243949
15134.690389
15137.488244
15123.736005
15109.693202
15098.666138
15098.835061
15135.697089
15133.948970
15121.908737
15151.481050
15097.439735
15138.145278
15109.158173
15110.320997
15145.087238
15110.881035
15121.657753
15119.833550
15145.542471
15163.159030
15133.363699
15133.259713
15133.921410
15146.219056
15148.267758
15125.059027
15135.963092
15135.050732
15122.736359
15151.989585
15165.188713
15144.403740
15142.938611
15120.550128
15119.900888
15143.890276
15132.087131
15104.684549
15104.728554
15108.010717
15074.131675
15098.142534
15109.908194
15119.316052
15120.184893
15107.081024
15096.999155
15110.396468
15121.552658
15110.447784
15097.526396
15120.213994
15117.939651
15108.149922
15094.158102
15084.143108
15108.122257
15119.897280
15118.809841
15119.340000
15121.382238
15111.616078
15122.286027
15121.123370
15144.184679
15144.998692
15121.801876
15133.156720
15133.244402
15134.672209
15133.854636
15134.771903
15122.202908
15122.268887
15121.552051
15113.496160
15100.255115
15097.322605
15120.900723
15110.595701
15111.035155
15109.882536
15110.646130
15120.589309
15124.409595
15163.782203
15108.893593
15108.388175
15132.799098
15151.551302
15108.494615
15109.657579
15137.466146
15182.510537
15123.716998
15109.380354
15127.555177
15086.666677
15139.820553
15097.568714
15109.757810
15111.733339
15109.832619
15108.226519
15150.751553
15109.614796
15122.264948
15097.350644
15110.775983
15121.255971
15138.874077
15163.699293
15098.710888
15112.251858
15121.400435
15139.584312
15136.934605
15181.949049
15123.169059
15110.245767
15121.024866
15162.471038
15116.965997
15087.501963
15097.533876
15121.510468
15108.823008
15119.677457
15122.758649
15106.971060
15098.065159
15107.958730
15105.357982
15132.168141
15149.811777
15110.907626
15133.750390
15121.986606
15151.264359
15124.278279
15111.051326
15120.831725
15084.796006
15107.372633
15096.956513
15107.249181
15084.579001
15094.524839
15096.747926
15096.669834
15097.274057
15096.082149
15120.151330
15109.011152
15096.230266
15107.195984
15107.551374
15106.129293
15096.147853
15119.435414
15106.879075
15094.721751
15104.645531
15117.293686
15109.696765
15096.411972
15094.454732
15107.650907
15106.264400
15107.747982
15120.275724
15120.078234
15120.186115
15095.787766
15095.778042
15084.597629
15119.545202
15105.806787
15109.162619
15095.121832
15131.282471
15119.218669
15141.616761
15124.903166
15108.697053
15107.598952
15108.123730
15085.709376
15085.084395
15085.872940
15085.775902
15108.775455
15108.700393
15108.195973
15111.033901
15112.925041
15113.934830
15089.313721
15099.845806
15113.567927
15124.457893
15085.000197
15085.131919
15073.142180
15072.409280
15063.141274
15086.159445
15102.919335
15089.167707
15121.585740
15120.960308
15121.568149
15139.065499
15111.009569
15128.546703
15150.796376
15112.384146
15088.677003
15111.387571
15125.739500
15102.856674
15113.778265
15083.681608
15084.375193
15107.165828
15107.935920
15106.569648
15124.222420
15099.597801
15097.676640
15099.347439
15110.187990
15098.256427
15114.619364
15102.081837
15103.454092
15102.899966
15109.866723
15110.518733
15113.793959
15108.517299
15122.072311
15096.662821
15087.175456
15121.474331
15087.692837
15097.133190
15099.064539
15136.616645
15124.218695
15112.712078
15086.869150
15112.501970
15111.438166
15097.967798
15125.746924
15099.583603
15100.199450
15097.540172
15098.300810
15097.614289
15104.330070
15109.085667
15137.369497
15127.420477
15110.653524
15109.765460
15098.991016
15141.313098
15095.907181
15141.271164
15111.331550
15096.521275
15121.965290
15102.704058
15150.891856
15112.654139
15112.695706
15163.760385
15110.681905
15137.731446
15134.251945
15134.190494
15097.006308
15121.689439
15140.560006
15109.311093
15106.365219
15124.067123
15150.546280
15133.932354
15109.287541
15106.292467
15122.833413
15109.350556
15120.062547
15150.503616
15144.550980
15099.437873
15097.143817
15140.667208
15124.044689
15121.716889
15110.907568
15137.356286
15095.751950
15120.868739
15108.603887
15107.193927
15105.706163
15107.311777
15119.035669
15107.627474
15145.069706
15110.190087
15121.491634
15123.456092
15150.757846
15164.546571
15150.694397
15122.311641
15147.467336
15147.224043
15149.915055
15110.925256
15136.125776
15164.105585
15108.753249
15094.945973
15084.418874
15120.328055
15109.001298
15096.120295
15119.395551
15107.918448
15118.725437
15118.073887
15119.231837
15094.632390
15095.846443
15085.833325
15085.278195
15120.999621
15109.204871
15119.787451
15119.599132
15132.603130
15133.262910
15133.296242
15095.254696
15095.278327
15095.895558
15121.662483
15121.652279
15123.460832
15123.476178
15132.609672
15133.260679
15093.441834
15093.951526
15093.354888
15093.281343
15093.878038
15118.827268
15085.283024
15085.745791
15085.072810
15096.854684
15108.094595
15106.678300
15085.880847
15096.334708
15096.372621
15111.734124
15111.149814
15123.060743
15120.426644
15123.687074
15094.924932
15142.876597
15095.370419
15072.239236
15072.343744
15107.981951
15106.057449
15082.978508
15096.023365
15083.602540
15118.671696
15106.156721
15072.966708
15086.966447
15098.697037
15096.812923
15073.562671
15086.906577
15098.058730
15096.751262
15112.619193
15084.321635
15107.082057
15117.643433
15105.600872
15120.723151
15131.612776
15095.118241
15095.735044
15117.707679
15107.271258
15121.377553
15132.266430
15117.620216
15117.601783
15092.711451
15117.960395
15082.146676
15106.335110
15106.484757
15107.320524
15118.026291
15118.549530
15106.414014
15108.026668
15107.388085
15117.125301
15082.203072
15092.831895
15096.859078
15106.619855
15129.805752
15107.903723
15119.193298
15118.583754
15136.012648
15120.088781
15119.309623
15092.760050
15082.195987
15108.703259
15095.841067
15108.076802
15107.169740
15118.658913
15117.076389
15119.374131
15131.658069
15120.767846
15105.626243
15095.186998
15083.433131
15121.857328
15084.183202
15109.396514
15083.359993
15122.428963
15085.383132
15086.019627
15111.798447
15074.287099
15109.975106
15095.973165
15109.510491
15096.538148
15119.951632
15119.943729
15095.277951
15084.185350
15119.888248
15119.406782
15109.352420
15106.387325
15107.607332
15108.293850
15097.223699
15106.371929
15118.756746
15147.919633
15156.690219
15086.552639
15072.779320
15097.415368
15083.395458
15109.341456
15096.511570
15098.006089
15107.998894
15118.636125
15119.883772
15137.182292
15134.193652
15062.240023
15087.961722
15086.215687
15062.316395
15086.803162
15085.634795
15113.063111
15108.107720
15083.819738
15083.244996
15097.198484
15108.307193
15137.481495
15135.861591
15147.471500
15148.626210
15119.413243
15095.281662
15096.834317
15108.517978
15083.421285
15118.587652
15094.639905
15120.856238
15084.741603
15110.249978
15121.414048
15131.992605
15094.273966
15095.224690
15137.333977
15134.174489
15134.249688
15135.396763
15085.360305
15085.915706
15097.977701
15136.645599
15134.717550
15094.987052
15085.027828
15121.723427
15108.791385
15122.304465
15110.291137
15073.521717
15110.252882
15083.721665
15136.638234
15121.809033
15121.296240
15094.630328
15131.066907
15094.081918
15130.468201
15136.145202
15146.526102
15123.844020
15124.572944
15111.956843
15111.952904
15136.138155
15132.906725
15110.879490
15122.469240
15132.916451
15136.677817
15094.888042
15095.002158
15108.090423
15118.497973
15108.033288
15118.424063
15096.227008
15095.012284
15109.062706
15109.081457
15108.902269
15108.922480
15108.899124
15108.943354
15117.014439
15120.517278
15109.538168
15121.534390
15120.804336
15109.857871
15162.600299
15132.392959
15132.367937
15117.751951
15147.443663
15097.085039
15137.062554
15134.402029
15121.158878
15121.232503
15124.064476
15121.022927
15122.402787
15106.805439
15110.989659
15135.055767
15121.904508
15121.803848
15120.574874
15108.169933
15151.094038
15120.378902
15134.084980
15110.525417
15109.497888
15135.699880
15122.023053
15121.936425
15157.429970
15132.533367
15143.700448
15107.577625
15118.725254
15095.934823
15095.247765
15121.578076
15132.671098
15110.397711
15087.091116
15111.537548
15110.920767
15110.999599
15111.030806
15110.898180
15097.599451
15109.827654
15086.906456
15110.320882
15135.111793
15099.411669
15109.368056
15109.822619
15097.583554
15108.193018
15108.008419
15146.871749
15085.972057
15085.381162
15087.600984
15098.200888
15098.008918
15110.696348
15123.974037
15110.759655
15085.218834
15110.464249
15112.410052
15137.613537
15134.992963
15095.831108
15096.996297
15095.790695
15096.296108
15095.136890
15096.396457
15132.396194
15131.886876
15074.532334
15073.881009
15074.422614
15096.163344
15097.418138
15124.181702
15084.930910
15086.015837
15108.176900
15097.757013
15108.841051
15137.671197
15137.529357
15162.489922
15122.293453
15122.411491
15124.794032
15107.128589
15132.352692
15134.017914
15109.964280
15123.478535
15109.974176
15132.302861
15144.590376
15098.466244
15097.225923
15122.508629
15124.157801
15122.423679
15122.715980
15135.311101
15122.667230
15137.377798
15097.650553
15109.191420
15107.626974
15109.227601
15120.582916
15119.111714
15109.331892
15120.492320
15133.072743
15133.087438
15136.565930
15146.647464
15149.313292
15110.944752
15136.142887
15109.105496
15107.457991
15106.640027
15107.376949
15097.277591
15097.191590
15119.883707
15107.278817
15118.169662
15130.287805
15172.916502
15162.553735
15162.580809
15151.186343
15148.002720
15137.154971
15146.288974
15156.687149
15133.317945
15120.412989
15121.752874
15112.166633
15099.854971
15099.247645
15121.785273
15137.516967
15121.038337
15111.127855
15100.400455
15111.170744
15100.550425
15164.577192
15122.282558
15150.512792
15147.900234
15098.187737
15087.629173
15133.995705
15098.232330
15130.994266
15087.417009
15076.857968
15123.232410
15087.461121
15107.492497
15120.480936
15110.859460
15098.551762
15097.962256
15120.497958
15097.331432
15099.111805
15128.217253
15117.586304
15119.929627
15107.345607
15106.747186
15096.635839
15118.823091
15097.203280
15107.907909
15106.562802
15130.850786
15109.082692
15084.357794
15084.829855
15085.445271
15125.530949
15071.745160
15073.520603
15072.841126
15126.637339
15097.028427
15096.270378
15095.529615
15095.057443
15096.127871
15136.280178
15096.223487
15097.080601
15086.626443
15121.224947
15085.728021
15098.123942
15098.122262
15124.167497
15137.708044
15109.019588
15135.402033
15109.017710
15087.684531
15074.138064
15120.602526
15086.142264
15085.598067
15110.158304
15085.123953
15099.042778
15096.616423
15122.262942
15121.643361
15110.681522
15097.825762
15109.546349
15084.669700
15109.564264
15096.161173
15110.076956
15098.259956
15122.286781
15138.085831
15122.226161
15086.118314
15098.265069
15095.748466
15087.185003
15098.879372
15100.986062
15112.700679
15087.096888
15097.603947
15072.971552
15073.517701
15072.941294
15106.634833
15081.056173
15085.348801
15095.468833
15083.480991
15083.499107
15073.511537
15129.892277
15104.656233
15104.690936
15094.320627
15093.606640
15094.188847
15095.469871
15094.909961
15094.121063
15094.127843
15094.702026
15093.572610
15092.866446
15093.463566
15104.034544
15104.013769
15093.420030
15098.190685
15124.560176
15132.014301
15094.739603
15109.299481
15094.922076
15095.794216
15096.417085
15094.350125
15132.132747
15109.834480
15146.746856
15094.126446
15104.770592
15108.619639
15097.590395
15094.943204
15146.704918
15084.338987
15095.518304
15108.623574
15094.324677
15147.848608
15094.398067
15119.604715
15093.759684
15119.577203
15094.439912
15095.613337
15093.865985
15084.278125
15096.155099
15120.144797
15095.428615
15095.013282
15120.162096
15094.419760
15118.144548
15095.126803
15132.183479
15109.816269
15094.987024
15095.810052
15094.774653
15109.295202
15096.092604
15120.116851
15120.132658
15082.822169
15119.519335
15084.644357
15082.878518
15073.430277
15084.562282
15072.790160
15083.715460
15084.362003
15119.274668
15152.579511
15153.495239
15137.579762
15118.368060
15111.175542
15127.481365
15140.729966
15138.215226
15128.653978
15113.477510
15124.527068
15127.749637
15112.028682
15112.301538
15110.905039
15112.693183
15113.008642
15111.627143
15138.218682
15127.859611
15110.800200
15086.755327
15136.389402
15125.970306
15112.561030
15114.231454
15111.012041
15101.169398
15140.258993
15122.751360
15112.197762
15100.517357
15113.099714
15097.391360
15107.743530
15098.076956
15083.656971
15108.445418
15099.800079
15109.065188
15124.253604
15109.752516
15126.821330
15109.730983
15126.799434
15097.282883
15107.190649
15133.966195
15107.205558
15097.280976
15137.077298
15097.567532
15136.242294
15097.797405
15112.256228
15108.405147
15121.840282
15125.616395
15110.532105
15121.854460
15120.504385
15122.486692
15120.495774
15121.300933
15110.592729
15102.246507
15086.947182
15095.913733
15097.616711
15096.992520
15132.779506
15175.360203
15096.647715
15107.405544
15137.755532
15094.880934
15138.381439
15093.730797
15095.460436
15119.530682
15120.112341
15094.840590
15095.528240
15096.982534
15096.517271
15139.124069
15094.274323
15119.527221
15094.205792
15120.065821
15096.663559
15102.318170
15111.400132
15111.181170
15120.741449
15164.411321
15160.072049
15150.481685
15098.144663
15096.338462
15121.352275
15110.668993
15111.389537
15110.637521
15120.551762
15133.100191
15121.658544
15148.925683
15118.748875
15086.429457
15126.546131
15151.072918
15139.470512
15129.568310
15123.138819
15100.605423
15121.584040
15098.192241
15121.992273
15123.415176
15110.597748
15121.132878
15165.297739
15133.141057
15148.876279
15119.713336
15118.626363
15163.765536
15121.679001
15073.930656
15113.203141
15113.186001
15122.367154
15122.371105
15121.813550
15095.233532
15121.399965
15094.226250
15094.156772
15095.257468
15095.846048
15131.186448
15135.864285
15148.120750
15106.966454
15085.703284
15086.354054
15109.508016
15098.901682
15108.705112
15122.588840
15108.787455
15085.939837
15109.860091
15098.044644
15095.874295
15107.905728
15097.377060
15097.412910
15098.812609
15085.570648
15084.398310
15108.616078
15121.504594
15095.441644
15134.595669
15123.465353
15093.453239
15120.844753
15120.827198
15131.363521
15093.451093
15095.153151
15120.730391
15132.404438
15131.206692
15095.789958
15097.726182
15110.025029
15110.060554
15120.995710
15109.391090
15085.228787
15120.494485
15107.851776
15083.269011
15108.418902
15122.623992
15117.846300
15092.604523
15107.713846
15119.002087
15131.765423
15094.066911
15131.796520
15129.992145
15094.335203
15108.773406
15119.165542
15109.435112
15119.829283
15108.812288
15119.390365
15119.204375
15132.400485
15121.353494
15094.041820
15131.723586
15146.885331
15156.697229
15098.444970
15121.088393
15098.447248
15108.615669
15107.814238
15108.652287
15149.402026
15106.827013
15108.170700
15108.488956
15118.924987
15104.316020
15130.924039
15099.109363
15121.730567
15099.111125
15109.274673
15108.477975
15109.293048
15107.393466
15109.194085
15104.964383
15131.172409
15131.550952
15117.816009
15117.817959
15117.184845
15117.199313
15169.171517
15127.733206
15111.972323
15121.912485
15139.195437
15141.126813
15090.150750
15089.230658
15140.288939
15088.337040
15112.158772
15151.203787
15110.339009
15100.104326
15123.045036
15110.107155
15123.775453
15099.209462
15123.603425
15192.179788
15100.372804
15099.467465
15110.595210
15151.348907
15134.166153
15107.124339
15105.777315
15107.387647
15106.668704
15090.382822
15089.503181
15141.398184
15112.559276
15111.507443
15112.872645
15097.685380
15095.481573
15097.966229
15094.976205
15094.303695
15120.644150
15121.196477
15120.373336
15109.470174
15109.518544
15108.969256
15110.674546
15121.681174
15122.104070
15110.160472
15116.635729
15110.995330
15109.771718
15109.154141
15098.361756
15096.440435
15086.565198
15098.252049
15097.854056
15097.344546
15087.457471
15087.075015
15104.954380
15105.014750
15094.527204
15107.360992
15106.704561
15106.603859
15105.882901
15107.673505
15105.703993
15095.464454
15119.165130
15098.895185
15098.900936
15099.181048
15096.318253
15094.920865
15094.888303
15094.278149
15096.594651
15095.529570
15094.276233
15109.378735
15135.319267
15098.552299
15117.414632
15116.764742
15117.531370
15099.446296
15099.999591
15114.761774
15099.770253
15100.323241
15138.542152
15138.553622
15098.481705
15098.593688
15115.064083
15110.748298
15111.638287
15070.982045
15072.650616
15070.982068
15070.875999
15080.888359
15081.532987
15080.995535
15070.306081
15071.515930
15071.516448
15121.357697
15109.808553
15098.731908
15099.081850
15121.301320
15098.585047
15111.033508
15121.905043
15110.332403
15072.175722
15096.802279
15071.112288
15071.880816
15085.113835
15085.172872
15085.233465
15099.175805
15072.707353
15097.420888
15085.296785
15085.193682
15085.292586
15083.270729
15083.346042
15081.647966
15082.116507
15083.418642
15082.168791
15081.610213
15081.440348
15081.576353
15083.894797
15082.179001
15116.791861
15093.351309
15092.823665
15082.757361
15082.871538
15081.780352
15082.291840
15082.716563
15117.326098
15082.761907
15081.042928
15084.073973
15083.273900
15083.393486
15082.247840
15081.526990
15116.725183
15123.759758
15110.414082
15113.672137
15114.232737
15114.102834
15099.378857
15099.931284
15083.608474
15073.678764
15086.062608
15074.219345
15086.376371
15073.468841
15085.194879
15074.007767
15084.996549
15074.157259
15085.947476
15073.518829
15073.001549
15085.355577
15072.381685
15082.380794
15083.732155
15084.375200
15085.667456
15083.124115
15109.199998
15086.259228
15085.336404
15113.208052
15098.858527
15099.415217
15098.732465
15113.422261
15099.765313
15100.321878
15100.240589
15111.194286
15097.865714
15086.699696
15098.085710
15087.441475
15097.415338
15087.435771
15151.212260
15121.690802
15109.472684
15109.549415
15124.310478
15098.552777
15099.109279
15099.003883
15109.955766
15120.924545
15124.774733
15099.078233
15099.635262
15099.488993
15110.443181
15121.990125
15111.691575
15087.490199
15088.000201
15088.358232
15124.421960
15123.704043
15121.175230
15133.304071
15121.834167
15135.017621
15111.248158
15096.842823
15122.753355
15122.100155
15118.965271
15121.778263
15120.500117
15107.946786
15107.926201
15136.361663
15125.141640
15098.501288
15098.364469
15097.795171
15098.461400
15084.243719
15084.241163
15109.778676
15110.907024
15087.924682
15085.580832
15088.244824
15095.769552
15097.701416
15105.719984
15111.131896
15097.508089
15098.222619
15108.829334
15107.942717
15097.283397
15098.226051
15094.827884
15094.676442
15082.880374
15081.511406
15071.576526
15083.937388
15083.611354
15083.694241
15071.660419
15085.247907
15084.244722
15085.516960
15082.999782
15072.296651
15085.316526
15085.585465
15109.979037
15112.048465
15125.165721
15123.218275
15118.299541
15121.300258
15107.981602
15107.964243
15136.375823
15070.316556
15071.034820
15113.665163
15114.124395
15071.508797
15070.322011
15072.224149
15071.729513
15085.569572
15080.379666
15082.165918
15082.797967
15083.927938
15081.529333
15083.405434
15082.194469
15092.688117
15082.657408
15083.277455
15107.794554
15108.465405
15111.608266
15098.129781
15099.303136
15098.684524
15099.239126
15074.620963
15113.484549
15073.531668
15112.872978
15114.001142
15099.377468
15099.889055
15099.275014
15125.320390
15122.470671
15149.076551
15122.408446
15122.525139
15120.629333
15120.492766
15125.378028
15152.298192
15121.932232
15110.007964
15149.141263
15110.691012
15149.238182
15110.219488
15086.572869
15097.780873
15123.142547
15123.767736
15121.856754
15120.696308
15120.542262
15087.947461
15087.922569
15098.608542
15097.907193
15124.809402
15072.929092
15074.799983
15063.623330
15098.139014
15122.152601
15126.629813
15108.974126
15126.897518
15114.247701
15112.003935
15072.119248
15072.173020
15071.985413
15106.485575
15071.958483
15071.506702
15137.731411
15137.693391
15098.877058
15098.921077
15109.561400
15132.917338
15109.600930
15106.387827
15132.914315
15084.227876
15097.136305
15072.231425
15072.234048
15095.906135
15059.776469
15083.419263
15083.464962
15098.653976
15098.698367
15085.134555
15070.899417
15071.132296
15082.152869
15082.135273
15071.576834
15085.137971
15109.089723
15095.531226
15095.525865
15096.521612
15095.978016
15109.144421
15107.241462
15107.145985
15071.452400
15107.048344
15106.630320
15071.489727
15071.600904
15095.522565
15072.159019
15071.056590
15071.652274
15096.669593
15072.062000
15106.607709
15093.677118
15072.144030
15106.425803
15106.633615
15072.702148
15106.401373
15071.491045
15080.938649
15072.267607
15107.310951
15071.087064
15071.686424
15107.271365
15083.018928
15095.925548
15093.540086
15094.997527
15094.382392
15093.277027
15092.577902
15092.629020
15096.114730
15094.373870
15095.480053
15094.909657
15095.034332
15083.763971
15094.789712
15093.837468
15092.137244
15094.189714
15095.328645
15094.704581
15093.723830
15082.183153
15072.172989
15107.808622
15108.994381
15095.697572
15108.898672
15096.292097
15095.773990
15107.830355
15107.908621
15109.310898
15109.297225
15095.778186
15095.747357
15072.419504
15083.515296
15096.357416
15095.426030
15093.731716
15104.244544
15105.185229
15094.164739
15093.145315
15091.941528
15094.277379
15091.958175
15106.357239
15105.845152
15095.058339
15094.461023
15105.031894
15105.361457
15104.386766
15117.634349
15105.678520
15105.598614
15094.711055
15083.294110
15093.779712
15095.971847
15095.321379
15095.445628
15084.140473
15121.334879
15095.111125
15120.402227
15094.987584
15106.645073
15119.842922
15083.238064
15082.611398
15097.489687
15073.610804
15084.126931
15072.986895
15072.381998
15097.860993
15096.155143
15083.535600
15094.803252
15096.911343
15119.565196
15120.119786
15120.580635
15096.763129
15096.267790
15096.227915
15107.388243
15085.268159
15062.313643
15072.903168
15071.807805
15084.222223
15061.636099
15072.223814
15071.127827
15087.389722
15085.723912
15086.438809
15109.149413
15084.195171
15084.824085
15084.916322
15083.693648
15073.795232
15082.823720
15082.275350
15082.341729
15086.596724
15098.257490
15097.063263
15083.552848
15106.765789
15106.779400
15117.082137
15095.023225
15096.466295
15086.125481
15096.593717
15083.521833
15084.084422
15085.210768
15080.799019
15081.471949
15081.328873
15081.249490
15095.077807
15081.529746
15105.873595
15138.398497
15124.725398
15144.099684
15097.261752
15151.084196
15135.697255
15122.861473
15087.979520
15087.794554
15140.476429
15098.651735
15109.763141
15121.893999
15073.784171
15072.586513
15063.332320
15086.943665
15103.736886
15087.131458
15086.441485
15090.011723
15102.512492
15127.384490
15137.343896
15110.306778
15109.585583
15109.691040
15097.671576
15127.865735
15137.995460
15127.990447
15098.537130
15102.688656
15099.795676
15094.992399
15074.018917
15090.121420
15100.996964
15115.344493
15079.103438
15125.608772
15112.506886
15154.320937
15087.478491
15113.096825
15097.766594
15084.377060
15083.661724
15088.429052
15083.535846
15083.479051
15073.120116
15073.823164
15085.273577
15084.708254
15084.907356
15085.433357
15083.631881
15084.824982
15083.710272
15084.300153
15083.649865
15083.549763
15073.687337
15074.406332
15096.264862
15144.902083
15096.289830
15119.211481
15119.776719
15120.357223
15119.878168
15119.855931
15148.670611
15157.383196
15082.841043
15083.549446
15117.205143
15095.881787
15083.564532
15095.488974
15072.936725
15085.670145
15095.593558
15073.628998
15085.791158
15105.439633
15096.244557
15073.656333
15086.401893
15084.337228
15085.121801
15083.778659
15106.862133
15084.211033
15084.316592
15085.072102
15083.035786
15083.362752
15085.059920
15082.947050
15097.875837
15120.593490
15109.313945
15098.577612
15087.875683
15088.493031
15122.800340
15109.191320
15096.704595
15107.823661
15133.161495
15108.202994
15097.431430
15086.730890
15087.321846
15122.181074
15106.885262
15138.218434
15095.915904
15095.311670
15108.348733
15104.209278
15119.226133
15108.442221
15097.813295
15098.375488
15107.379000
15095.933504
15107.106616
15149.790265
15095.390554
15072.187269
15085.571698
15096.452694
15107.713739
15083.464949
15082.183707
15107.187111
15084.739651
15106.448191
15096.675324
15073.487115
15086.833614
15107.613674
15080.831616
15082.712654
15081.543830
15081.363655
15083.497479
15118.559717
15084.708747
15109.322150
15096.123059
15094.835505
15120.487153
15095.362988
15149.276854
15118.132934
15096.101854
15084.939342
15108.879497
15095.585480
15094.452425
15094.164771
15095.397206
15094.069511
15094.778153
15093.489704
15094.069669
15150.877571
15112.720705
15112.680873
15132.138723
15121.702169
15107.005510
15096.630469
15072.802955
15086.201622
15095.437690
15072.699024
15085.484825
15122.312328
15096.259399
15098.061755
15072.831505
15086.302796
15132.324412
15132.373957
15096.284176
15095.757476
15121.883835
15095.715353
15106.551772
15070.832907
15096.844589
15097.542915
15073.013812
15086.412713
15096.179965
15097.402167
15073.428354
15086.224186
15134.935078
15086.372945
15086.275476
15081.411968
15119.943741
15072.960667
15073.529162
15073.518933
15073.609939
15082.663110
15082.705700
15120.681526
15074.361889
15074.903227
15073.492898
15073.486666
15164.088711
15127.025854
15085.394146
15082.260578
15092.780203
15082.815374
15093.540526
15105.990421
15106.140899
15094.951765
15096.440550
15094.162601
15095.262345
15095.283483
15096.684242
15092.836796
15082.876441
15118.990477
15096.038266
15104.990730
15095.013566
15096.525968
15093.061372
15095.999393
15096.541323
15096.743923
15086.590034
15099.841278
15088.014926
15094.071909
15084.090459
15097.898354
15086.163671
15144.695202
15133.070558
15132.555792
15144.737190
15145.039763
15145.082549
15142.996460
15143.038552
15183.031956
15187.042651
15132.826761
15132.271544
15165.597159
15151.220886
15165.655816
15131.945054
15131.445823
15115.082505
15142.230069
15126.042498
15126.178729
15141.730265
15133.752856
15109.801666
15120.641467
15148.000501
15109.176496
15109.198840
15151.292425
15155.193968
15137.765151
15143.120677
15142.565714
15182.704841
15126.024231
15136.961210
15182.190495
15112.823127
15111.971671
15122.843291
15123.061758
15163.866142
15112.864275
15155.236133
15183.033816
15211.709350
15109.446575
15110.777134
15186.363713
15172.469461
15170.844717
15171.877732
15170.902244
15113.097595
15101.837753
15124.028645
15124.385042
15109.253738
15109.083243
15124.043172
15124.386704
15123.004541
15158.587872
15135.123712
15147.038653
15124.335834
15122.066936
15122.687099
15086.572959
15086.633075
15122.614219
15086.512814
15139.207263
15135.413613
15095.965290
15095.994605
15097.284213
15096.689228
15133.251951
15124.686279
15124.607516
15122.491784
15112.122623
15142.050832
15109.939298
15110.280471
15119.406276
15109.815273
15109.790721
15124.273710
15135.086704
15149.064007
15119.886230
15110.381383
15110.356870
15165.476643
15148.989858
15147.206746
15152.420540
15160.179236
15111.366204
15110.829408
15111.974355
15102.178785
15100.757330
15137.105981
15118.082691
15125.481746
15111.194162
15140.493645
15096.771444
15122.455818
15111.451492
15140.787680
15123.166813
15122.715046
15123.881828
15096.827538
15095.669813
15094.168593
15108.074401
15095.755946
15117.967121
15162.978640
15110.606724
15098.026913
15085.060061
15107.903118
15110.447201
15109.760752
15133.685799
15109.906404
15120.047415
15145.469189
15098.818271
15098.758276
15134.258557
15122.562445
15111.751964
15100.706625
15111.506834
15127.620726
15150.504915
15149.146820
15154.841434
15151.914324
15162.777572
15136.674448
15152.450480
15100.061599
15100.003193
15135.576853
15135.455293
15124.398840
15158.829212
15109.724969
15109.683883
15119.365441
15084.263335
15083.498672
15137.019135
15074.378736
15085.028318
15110.221387
15084.397770
15110.195006
15085.105082
15107.636646
15086.324891
15084.493941
15137.492106
15084.077742
15087.254445
15099.557429
15124.863890
15074.251513
15076.037727
15074.157742
15099.892392
15076.602538
15109.442234
15108.688449
15109.267820
15109.402571
15109.505867
15122.801297
15087.021814
15087.575490
15086.964334
15109.303030
15109.307889
15109.860670
15109.741833
15105.976996
15105.941263
15120.629341
15095.754086
15097.910419
15096.665353
15097.419781
15105.672903
15097.601893
15105.278758
15105.237428
15119.130016
15084.039664
15106.763173
15083.962257
15096.391741
15094.495846
15093.435363
15094.542920
15094.743501
15096.747980
15118.726160
15084.080700
15093.950248
15084.520230
15096.341137
15084.038220
15094.543117
15094.021698
15093.142672
15093.138613
15103.782368
15096.683245
15094.660181
15086.673478
15087.225823
15086.656348
15072.262348
15074.029389
15072.175547
15081.566064
15096.461090
15083.441708
15082.821984
15081.593168
15095.967390
15121.550371
15083.407231
15121.419869
15084.212866
15084.216793
15072.152714
15084.431311
15072.237989
15095.615322
15094.297354
15097.242068
15074.589807
15072.603193
15110.615913
15152.008711
15097.668497
15098.901072
15112.072130
15108.220167
15107.713465
15120.514717
15109.792292
15110.247504
15109.757053
15098.959987
15113.310981
15102.773258
15083.212305
15083.770531
15107.456070
15084.212596
15096.871979
15085.399553
15073.577551
15096.411536
15083.725380
15082.465384
15084.033832
15125.341927
15094.732073
15088.231412
15084.880435
15094.106804
15099.260545
15086.106703
15084.302787
15083.763538
15084.220689
15098.529361
15114.223427
15096.372756
15084.728851
15095.068397
15107.004850
15083.172501
15106.909767
15082.350883
15082.892892
15149.230376
15144.349296
15121.570980
15106.838996
15096.312156
15110.626856
15108.840296
15108.610457
15112.724533
15093.058692
15061.599978
15084.258919
15085.415961
15125.285405
15083.022698
15085.137106
15108.590389
15083.553695
15105.634201
15084.283450
15095.433505
15094.778717
15081.318816
15120.050418
15081.371646
15083.362877
15073.890472
15073.296258
15095.397866
15096.116998
15095.530212
15095.970138
15105.533818
15096.428823
15118.872930
15082.012270
15106.832290
15096.873599
15086.847634
15097.349470
15107.288834
15120.679519
15111.212841
15132.473013
15106.221358
15095.839264
15106.122440
15096.327694
15099.403504
15099.309237
15136.709048
15119.752691
15086.596095
15085.850796
15082.273695
15083.515129
15072.999006
15085.545823
15083.768915
15084.943480
15084.257210
15096.521540
15097.092552
15096.513241
15095.377094
15095.355783
15070.286309
15071.605602
15083.006841
15109.080086
15109.035231
15070.936522
15106.422560
15070.914632
15081.405717
15094.664450
15080.958638
15081.070953
15080.871988
15091.413095
15090.823277
15081.425866
15094.587009
15081.522757
15080.893876
15082.086377
15080.958783
15082.713266
15095.817645
15082.710037
15117.792606
15082.156462
15083.378671
15082.204675
15105.388185
15070.443519
15070.496143
15071.067251
15106.004231
15070.348424
15080.931444
15094.750713
15094.769529
15070.234558
15071.583849
15081.422883
15080.926134
15094.720241
15104.832907
15082.166723
15081.583159
15106.505497
15107.163861
15070.424189
15069.860270
15070.369224
15081.046077
15081.109670
15070.511093
15070.374101
15083.577854
15084.151275
15132.080414
15082.963745
15108.258029
15120.027420
15107.148806
15107.658399
15162.645166
15085.224653
15084.599463
15127.647923
15084.323448
15083.311578
15084.903279
15084.806143
15126.634126
15087.015093
15098.659157
15084.812305
15092.762255
15107.531905
15106.917525
15109.211950
15148.248711
15148.295038
15176.771759
15176.828414
15098.785983
15110.834139
15151.888851
15123.333977
15086.740402
15108.194432
15107.752914
15139.876437
15109.427667
15097.425116
15121.222463
15150.531031
15108.125287
15106.394109
15117.862009
15117.944569
15149.662866
15106.407359
15108.055075
15192.958143
15106.212247
15132.371124
15107.666897
15096.503538
15119.800237
15106.381203
15105.608415
15129.543137
15085.321834
15085.789357
15119.450882
15072.257062
15097.799106
15096.720677
15082.264180
15083.479268
15094.150171
15097.304494
15096.266189
15072.938845
15061.808589
15097.602257
15072.213504
15061.085342
15096.854686
15112.667964
15085.189324
15083.860659
15083.680801
15096.654173
15097.197516
15097.336904
15113.209379
15085.146713
15083.833700
15094.738528
15108.281719
15108.837581
15072.263054
15071.564965
15096.667650
15096.191691
15096.108284
15096.065698
15097.259815
15096.660451
15082.226654
15082.141905
15094.086246
15084.340097
15085.250201
15085.412286
15085.949681
15083.760370
15098.666074
15083.591403
15125.252808
15073.802857
15116.432386
15072.614822
15073.981239
15117.163571
15073.356458
15085.288317
15085.843573
15106.508015
15096.436487
15139.719498
15109.973406
15129.132167
15083.584511
15073.064353
15082.480498
15084.130151
15073.660048
15073.638989
15073.561406
15095.924435
15084.928572
15097.041180
15095.806385
15145.815266
15134.883380
15109.663939
15109.652399
15109.668909
15097.456386
15125.524600
15119.882488
15106.736512
15094.218426
15107.935325
15094.074682
15108.484579
15083.565262
15084.061971
15098.008562
15130.458709
15119.291717
15118.174711
15082.270216
15109.489280
15094.233080
15093.112940
15092.747886
15082.238438
15092.427269
15094.205732
15093.584832
15092.441714
15083.630595
15095.034989
15084.527915
15094.451361
15095.963630
15092.702947
15082.400213
15081.658091
15090.859137
15082.328659
15106.613277
15106.659248
15072.406479
15072.321325
15094.817300
15094.187751
15093.222216
15083.009429
15088.020466
15114.655114
15073.799233
15099.782445
15087.314745
15111.763711
15097.047543
15086.075895
15087.504630
15098.630483
15128.352359
15111.411646
15097.811630
15096.874241
15086.184324
15096.934750
15088.628831
15084.844750
15085.405057
15083.130680
15082.977725
15073.314352
15096.790597
15086.400923
15073.083883
15081.482752
15070.946001
15070.908271
15070.861924
15070.867295
15070.741663
15070.772368
15083.497274
15084.874704
15072.098312
15096.741720
15107.113889
15082.722038
15061.620583
15061.704543
15095.996663
15082.575440
15073.160999
15073.052308
15108.099046
15073.239339
15072.556567
15113.464700
15101.476761
15073.903829
15116.629831
15076.071341
15097.151351
15098.212216
15127.192345
15087.228321
15097.711849
15128.855971
15086.813522
15100.272251
15115.100906
15086.809148
15085.497826
15084.055116
15085.290963
15073.781417
15084.773701
15073.808769
15080.857190
15081.427559
15081.605284
15091.565766
15098.433589
15098.649437
15083.734388
15088.693597
15097.745953
15098.146053
15083.869644
15087.477665
15093.931724
15105.422487
15094.529423
15093.092425
15093.155228
15083.123588
15092.462592
15082.575237
15105.543699
15107.510216
15125.603568
15083.191856
15084.991944
15120.754788
15073.766178
15083.788139
15073.244127
15136.853377
15089.210564
15088.630163
15099.661847
15098.946856
15073.110868
15098.669979
15088.108292
15098.031168
15110.376986
15085.810775
15076.624913
15088.175755
15099.088944
15110.024626
15088.537788
15107.177991
15107.212477
15105.010496
15106.569824
15095.083418
15107.298106
15118.190242
15094.908026
15093.153918
15119.078689
15083.257169
15088.946499
15100.360509
15111.837147
15099.150207
15105.210826
15110.228153
15095.915742
15120.914255
15100.005673
15075.036002
15122.932689
15084.585206
15084.393897
15107.576392
15097.139976
15125.687498
15111.430383
15098.213416
15099.749415
15096.394216
15119.990618
15110.851605
15096.475770
15085.315665
15108.535357
15084.010584
15107.962735
15121.586029
15106.837943
15095.410932
15095.649253
15086.163323
15120.482398
15104.721222
15086.654223
15096.094532
15094.830304
15138.121817
15106.457971
15094.980064
15085.824175
15110.491697
15099.564298
15098.007533
15152.401702
15085.839310
15111.253130
15100.451968
15099.297622
15095.964086
15085.011834
15111.327590
15128.384905
15087.929231
15096.623504
15096.007260
15111.454284
15086.089374
15090.553466
15109.466665
15141.308287
15095.875672
15110.051623
15141.887931
15121.922607
15125.139815
15088.077534
15087.427146
15153.780999
15113.069741
15108.955408
15108.907752
15061.051530
15071.583875
15124.719675
15071.884623
15072.488668
15071.934986
15084.671806
15082.075572
15081.504550
15072.017073
15071.448084
15083.870520
15073.283764
15096.064048
15095.568124
15082.676774
15095.353386
15082.136110
15081.494590
15094.798516
15081.494985
15071.676364
15070.920222
15083.683815
15084.994898
15084.374613
15082.795328
15071.723769
15084.572963
15083.130921
15082.728578
15084.285713
15083.872529
15083.124479
15083.750477
15083.127868
15081.101977
15091.063707
15082.602181
15083.363952
15083.094216
15080.312593
15083.115269
15082.599307
15108.908386
15085.837669
15098.554373
15093.806259
15084.228216
15108.825329
15096.586717
15083.888675
15082.506677
15093.764982
15083.744902
15108.232623
15095.352601
15083.800765
15082.811240
15083.990033
15094.164217
15072.249763
15095.430968
15094.902398
15108.479310
15094.019367
15083.441183
15095.544368
15096.538744
15096.043843
15093.833084
15119.510555
15105.954807
15095.425153
15083.885706
15096.060971
15109.625983
15097.286353
15073.996437
15083.201540
15108.842781
15073.210167
15084.366224
15108.922192
15097.174989
15073.258508
15084.409255
15083.795369
15137.319337
15137.787598
15108.101931
15084.045695
15085.298980
15108.132689
15107.205657
15082.816833
15084.730382
15083.852696
15082.382506
15072.974146
15132.564876
15095.768793
15095.723858
15107.881507
15094.040393
15092.783900
15093.569587
15093.581760
15082.952100
15110.385426
15097.436816
15074.785964
15084.403406
15109.493935
15073.892576
15097.588908
15107.762932
15095.833545
15094.627884
15083.254166
15108.455988
15093.219018
15096.117554
15072.875002
15083.998601
15083.271017
15109.271270
15096.956314
15096.303438
15120.825947
15133.045524
15133.051390
15120.807934
15133.037616
15133.026905
15110.245324
15110.222866
15149.945436
15151.181425
15084.162132
15072.612269
15083.820106
15083.586829
15084.853855
15082.593013
15096.038545
15072.647566
15083.784900
15082.674638
15084.463054
15083.178431
15097.924298
15072.750836
15073.256896
15098.419080
15096.180632
15083.609006
15094.091951
15071.584756
15107.359451
15097.728345
15134.021301
15098.219596
15072.286698
15108.838895
15106.417538
15107.000679
15095.415291
15095.324049
15082.235124
15082.727984
15074.784369
15109.930965
15073.910270
15109.047800
15084.375705
15108.133952
15072.251844
15107.682529
15082.201835
15084.682191
15083.807081
15108.735559
15072.779311
15085.249495
15118.767717
15123.353423
15087.499485
15061.641172
15095.792947
15074.094680
15109.276884
15097.496693
15061.614351
15071.558182
15070.905113
15096.155519
15071.448151
15060.366394
15082.918966
15082.243617
15112.667273
15071.703033
15073.463261
15072.930539
15097.210203
15097.714287
15097.814696
15096.842904
15072.306321
15093.394500
15097.492697
15072.952962
15095.122200
15096.234900
15094.359619
15095.637368
15095.041621
15131.798662
15094.589749
15093.440799
15106.968864
15107.511406
15093.653613
15093.608351
15119.281754
15083.136036
15082.637922
15083.134771
15094.226662
15119.221139
15082.516312
15082.491408
15095.466771
15094.849473
15083.714026
15082.667045
15084.239757
15061.119355
15071.199538
15082.513361
15085.152550
15086.379846
15082.041737
15085.033040
15110.543050
15110.517496
15086.319653
15109.496848
15107.014928
15082.188062
15094.970473
15094.368621
15084.417337
15123.749632
15085.487503
15084.883550
15074.889236
15085.483574
15084.881914
15074.309597
15073.263840
15151.017132
15094.404951
15094.894754
15095.025451
15110.565783
15106.853725
15071.519059
15083.873509
15107.508541
15106.658518
15082.733129
15096.465587
15082.899390
15096.403270
15117.829577
15120.794884
15107.030980
15071.710511
15084.506083
15072.582130
15071.998675
15073.242592
15108.099884
15085.239239
15098.674877
15085.025958
15093.429298
15093.391476
15094.485569
15095.024433
15094.944828
15094.945573
15094.976671
15072.192340
15083.903299
15071.550111
15083.822326
15070.629679
15108.065880
15082.269625
15081.610922
15080.262595
15080.883648
15081.016264
15079.807951
15094.632715
15090.866463
15091.561649
15081.230113
15117.110813
15106.591831
15120.134067
15071.165285
15083.928287
15072.005426
15071.319931
15071.448253
15108.132380
15092.795677
15092.801157
15094.325699
15094.296735
15106.163561
15098.464084
15086.196496
15085.544130
15084.901133
15125.627784
15107.925884
15071.794993
15073.589221
15072.859843
15082.438156
15095.980570
15082.666311
15117.869923
15082.129845
15082.221222
15097.369805
15108.679260
15085.217596
15072.728305
15098.195030
15072.235074
15108.849190
15084.386824
15073.911155
15109.017912
15135.121869
15074.745153
15097.352175
15109.868131
15107.729366
15094.654139
15131.987146
15095.798775
15135.708559
15082.766034
15082.272801
15082.658113
15082.092905
15118.286147
15143.839844
15107.124112
15107.099260
15125.841444
15126.349376
15096.531012
15096.813652
15095.623008
15136.374447
15085.981155
15097.206874
15086.693803
15121.913094
15098.361805
15086.457795
15131.041284
15124.039888
15124.084048
15109.554455
15109.505257
15124.963259
15125.478133
15108.296621
15122.767153
15108.347098
15137.474327
15137.982481
15122.724724
15126.993154
15126.486201
15120.567892
15135.046043
15085.549111
15085.021623
15109.559543
15095.281012
15085.018570
15093.335300
15096.329855
15131.186186
15112.380725
15085.948012
15123.515429
15097.120564
15086.632405
15123.074128
15139.010046
15120.571739
15135.127429
15148.453518
15131.196685
15084.337954
15081.587245
15084.408861
15081.747319
15082.687375
15091.682257
15119.005330
15097.141851
15097.306705
15130.888281
15096.689330
15107.455503
15094.273241
15093.369547
15093.829997
15093.383785
15094.926999
15082.313364
15095.212467
15095.645800
15095.738973
15095.126286
15084.648308
15096.631932
15109.134301
15107.145976
15093.919615
15134.974233
15081.398229
15082.172864
15117.679090
15085.050785
15096.565800
15072.120789
15108.874948
15106.457035
15107.670975
15107.135247
15084.530088
15071.673161
15107.803444
15082.180996
15073.550360
15084.578995
15084.013705
15073.554856
15096.187386
15109.089342
15083.724350
15096.125948
15093.780476
15094.714948
15074.206236
15107.110973
15072.334294
15082.901315
15086.539502
15106.395585
15107.018957
15063.081239
15127.073606
15122.460942
15084.587544
15074.066886
15084.548632
15119.377159
15119.972223
15069.639976
15106.963331
15080.839551
15080.831128
15095.230096
15082.313501
15082.854530
15083.920392
15083.374765
15090.849509
15091.358534
15081.123815
15072.927880
15072.879315
15120.491258
15095.262314
15109.663511
15097.303993
15097.308956
15119.970666
15096.719736
15097.869839
15095.263592
15109.600365
15097.282172
15120.488846
15121.073114
15096.634755
15086.153638
15122.844060
15086.725575
15086.614035
15096.552858
15087.904261
15087.925570
15097.859992
15096.324689
15086.391423
15076.365576
15086.841709
15096.780287
15110.222027
15121.990617
15094.634584
15131.378183
15130.817923
15094.532878
15094.437094
15080.908962
15083.391186
15082.895867
15106.798112
15081.635181
15107.277588
15082.210285
15106.797028
15083.019987
15081.628634
15084.200254
15082.264321
15108.120623
15093.455430
15084.967713
15107.602930
15108.542457
15085.990619
15108.100047
15082.846263
15084.972085
15084.933642
15082.926616
15107.583693
15130.218287
15080.874743
15093.519797
15083.338611
15082.878860
15080.845011
15085.236394
15085.137619
15074.727578
15074.613338
15123.314295
15133.055856
15109.030208
15093.724726
15073.648427
15108.110445
15084.824409
15082.929553
15093.767042
15110.123462
15110.715551
15085.253080
15085.140084
15133.819399
15108.473740
15109.189442
15086.550629
15098.137265
15084.810047
15111.041100
15086.027253
15082.606597
15082.065454
15093.475987
15093.416668
15082.899867
15096.556196
15094.918390
15096.885547
15108.124106
15107.791782
15095.790699
15084.627351
15107.273483
15096.744027
15096.702355
15082.977908
15082.891826
15108.448925
15082.661763
15082.120810
15083.418723
15082.766336
15084.108416
15092.643309
15092.791719
15092.759960
15082.195976
15092.624205
15092.411564
15095.141928
15131.255681
15131.298206
15095.013364
15094.424737
15108.638410
15084.972054
15108.083709
15131.255597
15094.640891
15092.922593
15082.917874
15097.574433
15097.916886
15095.880789
15084.720177
15120.314626
15095.233680
15106.419197
15106.413518
15084.763147
15135.449703
15092.820863
15082.815898
15097.448411
15097.745225
15095.816400
15083.935964
15119.560528
15093.930178
15107.527934
15107.499248
15116.792644
15080.892660
15082.053406
15081.533885
15095.255644
15083.554354
15082.882330
15082.519171
15083.868812
15083.323387
15072.911253
15072.863738
15110.419040
15094.803726
15084.866012
15072.917405
15072.414136
15082.393639
15080.862658
15072.998094
15072.496367
15080.858066
15080.881558
15120.498277
15106.826477
15097.387967
15087.358590
15122.011246
15097.906800
15107.826509
15122.025768
15109.705545
15070.230836
15084.113097
15080.900853
15082.333994
15070.196198
15059.504228
15094.644180
15081.166011
15071.642853
15072.140689
15094.323222
15082.115694
15080.177569
15080.067350
15080.999362
15093.570026
15073.647283
15084.771655
15110.556873
15109.889290
15098.476910
15086.139743
15086.135152
15109.330793
15088.352141
15087.319877
15099.048045
15086.625711
15109.244486
15109.302980
15096.110901
15086.214596
15075.696416
15085.724529
15095.615602
15084.637953
15128.208565
15095.833052
15099.010707
15096.772674
15099.351151
15092.303340
15099.647436
15092.328877
15103.283256
15103.257661
15085.807320
15098.873355
15124.455420
15124.500750
15124.456729
15124.501969
15082.317091
15097.490886
15072.820702
15073.463541
15082.939579
15094.953374
15085.294792
15108.398852
15114.212688
15097.526426
15097.566792
15097.068697
15083.520331
15084.004791
15097.804923
15096.489596
15112.819343
15112.892736
15109.220928
15133.733698
15148.388248
15147.863729
15120.183305
15131.834927
15143.011463
15159.627952
15171.697770
15163.180230
15148.301735
15147.465802
15131.177932
15148.011356
15147.777721
15120.115018
15147.056468
15147.602870
15190.112654
15159.104053
15200.264072
15179.692023
15162.654028
15130.782818
15139.664662
15127.937800
15136.934091
15128.343554
15100.666517
15089.012549
15096.022814
15096.005421
15096.302604
15108.164946
15108.306996
15107.758322
15107.733045
15083.605833
15106.645021
15106.548395
15107.010808
15118.179673
15095.655621
15093.709429
15096.493301
15110.463391
15123.274873
15099.460327
15111.171375
15107.471289
15085.875654
15097.137677
15109.293163
15096.839703
15099.249324
15096.417002
15098.423132
15111.743884
15125.559290
15131.426265
15133.804383
15176.778917
15142.392055
15148.907908
15158.429269
15159.017199
15148.383720
15120.705686
15144.652504
15160.726748
15144.044156
15159.810090
15176.596216
15162.364641
15177.259586
15160.200439
15132.020740
15175.712277
15142.630760
15155.991151
15169.854060
15170.441627
15138.498409
15157.954113
15141.622288
15141.992876
15138.505414
15158.556744
15160.173813
15143.436891
15153.609119
15161.951904
15145.164183
15162.612404
15159.647648
15131.453874
15200.287944
15193.290047
15175.228918
15147.580708
15147.055269
15119.360706
15193.322012
15174.745495
15177.097019
15142.140421
15179.735090
15213.100945
15147.399099
15132.221090
15143.408873
15132.138118
15145.869726
15139.534764
15100.538603
15098.367356
15122.740606
15122.150719
15100.238048
15108.248770
15147.504699
15141.356227
15173.375378
15161.098851
15161.740346
15167.202683
15155.598445
15155.372535
15144.931916
15141.891109
15158.729526
15147.096065
15141.378968
15143.587597
15141.291420
15113.952341
15138.667251
15112.925360
15129.703404
15130.582361
15130.704094
15110.466976
15110.819252
15107.044959
15149.990955
15108.504617
15097.709661
15133.051340
15107.084837
15112.884557
15109.144487
15117.872740
15160.071882
15153.856466
15132.687413
15156.815193
15169.352337
15145.426817
15148.928419
15144.859029
15144.858975
15103.392012
15127.914496
15133.480666
15133.464280
15144.266679
15144.266906
15103.435080
15151.821751
15155.059143
15139.440397
15155.075455
15144.726633
15114.036438
15136.784402
15125.776440
15123.761208
15124.913997
15157.266903
15125.018825
15111.916376
15111.273124
15157.265483
15124.975792
15115.117070
15155.518235
15155.477160
15148.948288
15113.672079
15124.199948
15154.764522
15154.762475
15113.575954
15132.591484
15133.145348
15113.481935
15112.933355
15143.245552
15143.287758
15153.895391
15153.991865
15121.837069
15122.376090
15125.550628
15113.775003
15144.083083
15114.033919
15144.123771
15114.081082
15152.378125
15155.081975
15155.123333
15147.622465
15112.701132
15124.688525
15132.406390
15153.846870
15165.105810
15124.427333
15153.944302
15133.107335
15121.413264
15152.463352
15110.142479
15136.754991
15114.290127
15136.701152
15164.637902
15155.991727
15125.016195
15121.893270
15121.249472
15155.992740
15125.046340
15115.200389
15125.864875
15136.829979
15122.526109
15121.949659
15174.300127
15174.868261
15174.256769
15176.107295
15174.826210
15161.281727
15198.963260
15178.914734
15161.239539
15126.469690
15138.634018
15141.384910
15098.701525
15134.824415
15137.312444
15134.215916
15122.443172
15135.475460
15087.050625
15123.736871
15109.570056
15097.920279
15150.251451
15134.560597
15120.870480
15164.399792
15112.447112
15123.361754
15113.369235
15123.588709
15146.152962
15123.771311
15135.337921
15122.407994
15133.959575
15123.499660
15135.080898
15140.001417
15123.547932
15110.652006
15146.965413
15110.667323
15112.393078
15111.240678
15147.051703
15140.811461
15120.336809
15135.915881
15120.549218
15110.015525
15134.213329
15164.664705
15122.713817
15136.002328
15118.721482
15095.082528
15095.105682
15095.534206
15118.077331
15094.252285
15118.700482
15094.171247
15094.936088
15094.124645
15120.475450
15110.552710
15110.512350
15120.441539
15121.099084
15121.178657
15124.872331
15134.859879
15122.384715
15108.736088
15087.801347
15141.730501
15151.245702
15112.002995
15111.454276
15095.842149
15121.451428
15098.256362
15111.319694
15109.302117
15116.014704
15124.478786
15100.017976
15111.634619
15122.143188
15111.146636
15111.620946
15126.559589
15152.015133
15084.195767
15108.140518
15109.409642
15111.350670
15084.192039
15100.011620
15097.619430
15115.932433
15123.890698
15111.174341
15112.374786
15122.784224
15076.575696
15086.508769
15096.629605
15124.343483
15096.625731
15086.400823
15097.603165
15119.594513
15128.707200
15130.228510
15115.781417
15115.207540
15108.559016
15086.905524
15098.104069
15108.042506
15098.791960
15087.635548
15122.244148
15096.146894
15124.462917
15096.164600
15109.121958
15109.243846
15140.892676
15136.451990
15127.842593
15101.483027
15101.407462
15113.228023
15124.340133
15138.165195
15126.040403
15113.548661
15198.642114
15162.991556
15190.714896
15172.971351
15210.163827
15162.447668
15187.301443
15186.057849
15186.021863
15186.072742
15121.733539
15105.838317
15106.478179
15123.254093
15149.997150
15120.128048
15122.596911
15138.494090
15119.696478
15120.358493
15116.334109
15121.060103
15119.592689
15161.909628
15109.956538
15119.340826
15119.982258
15118.569534
15108.101954
15139.494984
15155.034749
15155.076308
15126.828980
15182.979237
15126.338948
15182.906184
15136.759125
15155.990429
15132.173857
15125.018652
15115.200942
15155.991811
15125.045979
15102.632883
15136.826891
15123.221770
15164.734816
15164.731906
15125.863713
15136.788327
15114.373563
15125.819680
15124.356594
15124.405792
15125.830760
15183.775722
15183.790159
15137.779158
15120.506007
15136.899201
15123.911473
15153.343151
15147.892257
15124.380995
15153.328264
15138.995715
15124.348065
15154.028383
15122.969646
15153.970181
15156.316998
15156.314918
15186.037331
15127.487668
15184.202475
15126.873354
15184.217871
15140.102471
15155.706364
15155.648149
15157.241544
15152.930894
15125.031205
15111.343056
15111.901805
15115.143289
15157.239413
15152.884307
15125.027991
15136.740122
15144.952518
15103.442944
15144.950622
15144.258801
15127.940311
15127.908382
15132.966797
15103.619940
15132.967524
15103.460047
15144.258391
15172.988059
15098.190494
15096.840271
15098.774074
15120.141268
15097.450460
15138.930634
15125.703850
15138.561534
15113.045835
15142.832357
15142.051038
15141.967228
15142.860345
15127.425459
15127.409545
15126.923751
15126.936239
15131.716948
15130.484825
15110.338650
15095.734886
15096.224160
15099.327580
15088.893952
15088.850756
15140.930584
15141.802889
15140.229009
15140.618040
15139.646506
15123.427190
15123.449008
15137.699203
15129.585059
15148.661849
15101.373342
15111.917376
15111.280271
15150.125386
15095.551697
15122.978430
15123.582893
15095.392456
15126.670381
15134.484351
15135.722635
15098.818495
15138.165686
15098.205218
15099.923469
15138.139379
15098.899757
15100.067642
15108.981207
15108.459219
15109.012249
15086.138180
15126.678933
15135.835994
15099.565225
15138.869731
15099.472007
15098.983929
15111.809531
15112.354425
15111.483507
15126.453720
15121.858640
15112.693450
15100.924640
15125.778942
15127.159614
15125.447535
15113.966033
15125.745886
15137.816242
15144.561338
15124.036884
15124.051602
15141.180561
15131.494317
15130.980686
15141.244554
15141.239149
15124.034864
15124.075553
15144.047802
15125.691129
15122.275155
15143.975361
15125.732050
15137.876597
15113.992080
15113.950487
15137.321304
15140.702488
15113.966182
15113.950791
15125.691650
15123.884910
15125.677077
15137.273583
15143.464122
15143.520923
15121.713812
15137.368923
15140.679302
15130.469579
15126.158214
15085.658988
15083.826492
15108.425898
15108.539171
15109.038684
15093.800974
15095.436934
15095.532520
15121.780819
15123.608599
15107.853519
15112.508160
15135.110687
15109.960865
15098.564674
15131.589121
15140.706018
15140.705992
15144.640589
15122.851356
15125.746978
15144.697391
15125.731022
15137.326185
15113.976160
15113.992027
15138.474698
15141.871497
15114.666063
15131.321053
15120.453367
15119.916165
15131.319756
15131.290013
15074.959053
15075.240862
15074.648577
15086.400085
15073.686331
15073.306990
15087.804129
15087.845377
15105.908368
15088.214870
15064.789408
15093.312470
15093.996301
15095.231420
15095.780610
15121.682190
15093.514471
15082.212762
15092.918716
15131.661540
15109.510202
15109.536735
15098.701077
15098.068496
15107.831583
15087.550094
15107.802507
15102.009461
15077.501118
15111.661772
15111.676217
15107.241480
15106.916683
15106.332622
15121.186155
15105.821988
15095.338105
15107.638104
15107.503278
15121.269327
15110.335639
15095.580024
15120.595996
15120.284039
15149.082716
15147.914690
15120.913772
15096.233232
15094.418318
15085.134492
15110.135477
15099.208827
15121.451828
15095.794073
15120.176169
15085.159917
15121.378796
15084.989926
15124.645217
15098.759084
15087.745922
15114.147559
15087.705524
15085.168390
15100.045322
15073.882584
15096.422100
15083.657412
15095.832139
15108.939765
15098.211955
15108.238997
15118.878812
15095.144762
15123.860985
15098.564072
15097.877782
15085.005468
15097.647549
15096.954367
15108.253166
15098.223897
15084.811039
15097.650308
15096.441145
15124.508222
15125.720983
15155.806923
15138.750381
15142.031438
15142.654128
15143.501643
15113.062306
15113.047118
15138.591036
15160.905895
15134.240764
15134.390414
15113.819686
15123.390495
15119.623180
15084.260437
15083.065717
15083.627017
15082.864667
15083.653236
15083.000910
15085.644746
15145.392296
15148.749722
15129.260408
15127.342872
15111.800023
15097.618066
15098.961888
15086.055629
15086.039306
15087.308256
15113.545390
15085.243842
15085.229030
15126.542464
15098.148464
15099.276218
15109.548966
15107.989570
15084.966437
15098.139900
15073.500598
15095.669595
15084.206387
15109.360667
15110.777843
15110.570402
15099.745816
15109.866965
15110.513522
15100.602069
15120.520688
15113.227000
15125.789773
15099.952419
15123.452392
15096.316134
15097.283804
15107.537263
15105.976447
15106.725959
15107.999382
15093.541277
15097.313532
15107.138759
15094.256939
15095.190583
15097.103803
15086.066309
15095.382555
15114.575204
15100.664526
15099.648151
15210.998166
15208.460775
15194.778724
15134.498270
15134.103939
15131.218887
15142.436890
15155.146898
15143.542557
15131.125391
15144.897009
15140.790349
15101.265783
15124.632425
15100.966464
15100.446108
15123.803545
15099.624403
15146.849712
15140.728807
15101.131678
15123.414090
15109.781650
15121.581693
15100.832132
15141.803853
15131.716112
15157.583611
15144.819177
15156.781156
15143.137080
15132.002112
15149.295311
15131.566706
15163.555618
15163.865908
15148.908759
15134.648845
15134.799458
15146.001951
15142.008175
15141.926639
15083.940456
15085.919713
15086.147066
15108.849136
15084.717256
15085.457592
15109.358035
15137.843990
15096.726753
15096.620950
15136.093872
15123.851213
15135.832982
15122.648811
15096.544705
15097.205500
15095.121975
15095.832807
15095.350271
15095.384790
15084.584361
15085.367324
15108.296084
15138.440750
15099.079840
15099.106585
15097.911001
15136.371178
15111.494365
15099.224130
15109.251679
15109.855858
15097.117086
15110.820635
15120.519856
15121.593352
15108.583115
15111.141822
15106.492831
15111.360858
15107.769515
15120.402884
15109.912931
15110.643774
15073.256586
15084.379950
15073.830288
15073.098315
15083.819431
15083.737229
15061.125300
15071.619269
15075.015262
15074.730597
15072.738701
15083.161140
15073.828953
15108.119441
15073.182829
15085.052171
15074.400665
15083.804482
15072.518201
15073.615110
15063.633412
15063.072782
15076.336445
15076.022516
15075.645032
15115.320306
15088.409468
15113.554411
15113.641394
15115.424050
15108.975996
15109.224168
15109.582802
15120.402287
15084.823068
15098.432800
15108.299040
15110.611740
15084.827480
15084.263963
15086.327352
15061.529743
15060.138256
15061.355229
15061.485657
15060.639369
15060.858542
15060.770448
15101.197044
15117.096424
15117.081023
15060.978976
15060.910622
15061.618444
15062.237828
15061.853679
15062.693326
15062.827539
15101.150308
15126.109411
15112.929667
15113.426648
15087.540313
15124.800114
15098.299001
15109.962002
15095.195983
15096.440729
15095.945622
15097.053458
15109.381851
15108.539038
15095.514980
15109.447225
15112.696350
15109.500958
15096.703943
15095.355094
15112.695721
15110.525524
15110.510926
15130.252578
15131.031635
15116.329424
15149.438902
15125.735142
15125.798338
15123.426119
15123.355528
15138.380049
15124.064472
15124.085161
15149.445642
15139.612848
15128.574872
15139.506741
15127.894128
15155.993750
15111.147965
15135.742915
15119.205698
15108.798205
15119.990506
15107.826384
15110.769040
15109.978795
15120.015907
15107.219110
15118.483578
15107.846169
15131.674237
15107.602818
15109.654409
15107.089295
15109.361610
15106.216876
15095.600214
15110.046045
15110.287293
15110.025433
15108.000029
15097.312059
15119.242190
15108.851212
15107.326060
15107.860289
15109.753393
15109.709040
15117.816657
15108.558694
15108.527933
15094.086957
15107.886667
15094.219775
15111.254304
15111.336053
15099.299324
15138.839569
15136.090881
15097.679083
15124.961952
15111.528898
15111.020587
15109.644701
15140.222553
15095.413178
15095.977401
15123.508888
15098.914726
15088.119282
15099.200358
15122.492732
15088.405280
15121.427696
15109.754193
15109.083373
15109.227686
15110.636690
15109.612088
15109.899706
15108.712585
15108.349941
15132.599897
15117.169117
15107.221731
15096.759042
15110.847303
15123.765119
15122.400678
15109.577395
15100.283030
15112.467755
15098.164968
15122.106250
15181.327675
15135.943081
15123.195992
15086.734692
15100.130278
15110.987338
15122.396036
15138.218547
15154.102460
15127.436798
15099.126636
15098.629555
15098.902878
15121.532588
15096.654483
15087.197559
15122.874506
15087.471716
15123.932709
15123.120916
15112.445866
15138.943372
15110.923191
15130.097439
15096.509948
15097.251830
15089.016558
15109.781788
15115.713632
15109.692937
15142.532218
15154.537082
15127.242531
15127.476057
15113.253927
15114.033552
15088.880812
15083.937796
15083.344114
15083.206780
15096.004145
15082.916244
15096.752750
15094.405836
15083.821991
15086.175056
15106.906417
15095.131219
15097.556304
15123.611620
15085.014909
15097.302484
15096.777527
15097.977993
15106.512216
15096.397183
15106.449360
15097.042183
15107.894215
15099.033477
15110.096935
15098.276083
15109.218474
15110.544963
15109.284919
15086.543360
15099.226946
15123.637558
15124.896031
15099.863245
15101.007431
15096.688257
15083.816656
15083.542912
15094.399574
15086.014918
15096.344819
15084.489956
15083.763510
15086.650539
15084.280809
15083.736162
15094.347042
15086.694576
15109.243852
15084.654353
15084.893284
15095.598997
15085.793478
15085.579745
15085.092046
15082.874228
15083.600877
15083.866640
15084.975076
15083.871913
15086.433443
15088.565688
15083.556026
15096.195518
15097.324484
15124.874952
15110.656562
15109.788742
15109.336885
15095.901629
15095.363140
15096.535118
15107.167424
15109.032572
15096.842958
15085.174392
15097.405140
15085.740916
15112.149356
15098.018395
15109.842951
15087.161307
15109.457794
15084.996898
15085.211020
15086.885893
15086.212350
15084.457875
15085.934219
15084.552693
15085.723399
15084.591630
15086.926085
15086.647822
15097.290026
15086.297209
15112.615292
15097.904890
15111.943593
15113.763017
15112.322276
15107.870987
15132.910991
15121.178694
15107.597045
15107.470483
15097.034747
15082.588295
15082.572005
15093.620400
15105.624129
15106.257214
15096.809431
15108.120571
15107.463004
15107.291509
15084.329527
15083.062309
15108.796076
15084.446028
15094.881199
15094.274329
15094.138623
15095.344161
15107.256342
15094.216145
15119.902550
15105.872262
15105.977386
15107.321372
15097.376742
15109.405672
15108.112217
15108.890936
15097.232686
15095.608452
15096.222700
15097.252902
15095.631133
15096.204395
15096.634610
15121.153840
15121.754095
15120.050128
15107.909394
15119.413336
15110.667352
15120.026189
15106.464341
15107.496292
15106.945370
15106.008392
15106.588891
15095.330357
15096.230524
15096.318902
15096.984205
15109.121461
15094.263514
15119.262734
15109.843563
15094.893858
15096.014905
15095.407875
15106.895550
15108.943411
15109.697821
15109.236083
15083.656121
15093.749111
15094.239977
15106.149424
15096.466305
15096.159187
15094.280706
15093.578695
15107.944860
15108.373271
15094.498324
15095.733704
15095.190469
15096.360397
15135.043700
15094.838766
15107.450482
15094.646401
15095.176714
15108.652579
15095.220416
15095.948590
15097.120023
15083.613632
15083.622553
15096.588627
15108.525371
15120.310559
15098.722981
15073.156536
15083.603929
15083.643548
15093.631050
15083.779773
15093.774858
15093.483868
15093.522110
15094.015515
15094.989797
15137.593615
15086.463304
15110.571993
15108.284605
15122.599113
15085.109550
15094.989905
15109.791478
15082.985297
15085.488491
15098.590544
15108.854734
15108.246973
15095.386588
15094.254582
15110.824791
15094.461553
15094.404596
15086.226947
15085.093599
15085.661800
15083.886691
15076.885106
15102.847478
15103.218648
15130.679738
15117.535663
15165.262471
15175.909101
15200.178911
15096.105288
15125.505977
15107.679577
15097.205624
15109.446961
15152.102142
15085.810720
15098.568097
15097.947235
15120.961273
15108.519955
15107.438965
15111.881617
15122.910784
15096.700812
15086.196583
15096.674992
15116.478086
15120.328248
15107.794924
15097.836433
15097.790057
15109.307011
15151.318076
15120.850388
15122.062913
15096.552464
15109.447265
15151.486817
15110.097381
15139.037223
15128.496493
15106.579026
15118.586223
15132.131620
15120.701715
15108.393522
15131.615090
15095.810750
15148.984012
15107.833302
15095.875386
15109.592640
15138.475881
15106.568490
15107.773829
15107.050092
15107.053263
15107.602016
15108.432470
15131.012446
15120.765739
15108.439469
15131.606526
15095.369503
15148.458533
15107.366597
15106.961956
15117.097526
15121.104647
15122.428299
15120.304859
15109.298681
15122.174058
15120.238804
15117.897058
15161.905757
15117.436400
15104.375651
15094.379482
15094.380703
15104.396439
15117.992252
15105.976809
15085.912921
15075.411653
15085.437737
15097.909981
15087.409558
15097.433008
15122.341009
15119.759196
15144.000589
15097.578772
15097.063782
15107.558256
15120.604548
15106.587501
15119.489133
15103.543727
15105.310806
15086.658785
15113.028808
15101.137366
15098.085356
15099.796502
15129.026880
15110.292598
15112.542975
15075.893793
15112.211254
15087.917072
15124.311119
15113.142106
15101.453276
15136.342594
15113.167391
15108.659176
15096.667702
15073.796605
15072.997959
15152.040024
15142.479583
15145.601758
15084.822332
15100.544275
15127.213023
15137.860172
15139.367462
15117.788024
15126.554276
15085.810453
15117.361969
15112.580596
15154.219691
15086.525782
15095.860010
15111.131608
15088.765057
15096.573350
15100.294402
15099.617681
15129.292829
15127.485874
15113.284606
15113.916509
15166.278661
15112.659636
15088.594157
15123.063466
15141.115120
15088.440894
15099.994515
15097.214748
15110.700871
15107.768810
15107.043214
15149.138194
15109.675774
15098.445324
15099.079276
15111.737956
15122.486191
15136.372400
15152.995488
15123.284887
15164.843166
15110.935449
15121.536754
15099.940837
15098.439083
15122.958811
15099.969990
15111.610047
15099.201648
15097.199328
15107.929103
15107.958998
15121.587086
15109.530392
15114.288102
15099.699089
15122.184857
15123.629371
15084.883297
15109.846694
15084.860334
15109.219185
15107.069753
15083.442284
15082.707575
15094.135792
15095.426475
15132.400908
15123.725444
15132.433862
15133.521492
15118.405557
15123.014812
15120.100827
15095.918034
15084.111090
15121.826901
15111.454185
15084.179145
15122.347070
15122.489331
15110.796997
15113.189696
15122.381747
15122.990726
15095.309534
15085.926077
15109.754168
15085.258139
15094.807003
15118.515084
15121.619778
15108.723199
15109.215070
15121.014622
15096.398170
15106.434852
15083.924684
15074.029717
15110.943943
15108.475777
15110.308324
15085.704205
15125.563792
15098.058567
15110.664544
15124.333784
15138.169620
15135.466608
15109.067977
15095.728632
15109.629143
15109.135816
15118.331887
15110.651561
15110.065652
15120.653567
15110.753384
15111.380498
15122.097731
15110.253274
15110.244404
15110.071767
15110.822270
15110.807366
15109.896492
15110.284659
15100.144774
15110.798249
15137.320012
15123.275343
15123.235435
15136.099671
15148.800880
15146.156513
15136.579275
15109.319370
15110.426715
15151.006237
15097.951516
15097.410560
15107.805606
15135.544482
15143.864766
15107.273963
15108.412752
15107.860207
15109.264026
15109.363574
15119.276668
15110.003512
15109.549217
15108.724268
15109.475872
15108.594242
15108.930161
15098.842480
15135.846238
15119.308948
15108.568424
15120.630911
15120.590947
15110.291218
15135.250876
15097.138401
15085.914967
15085.925902
15121.226131
15121.280612
15107.069549
15118.448856
15118.411983
15107.928039
15117.166973
15092.626820
15107.339657
15107.829694
15107.314240
15108.343875
15097.193091
15097.155676
15095.537211
15135.045855
15105.593042
15105.474383
15118.511981
15124.434368
15123.772015
15096.256366
15096.850633
15124.977550
15126.122233
15111.963809
15121.110110
15110.149123
15121.114143
15111.108092
15120.666697
15120.756117
15109.614884
15121.681451
15135.894866
15097.743032
15097.112995
15097.239773
15074.644600
15087.198891
15085.893025
15072.766497
15128.607918
15137.354505
15150.529872
15129.137764
15120.078878
15122.541197
15100.177357
15141.332823
15110.853060
15098.753765
15111.004464
15166.584316
15179.874731
15177.159160
15179.188548
15112.793985
15112.818701
15125.498326
15100.033820
15137.903588
15123.213894
15123.236478
15136.050698
15137.225801
15136.506723
15148.660644
15146.007715
15109.243802
15109.917340
15109.933564
15109.947631
15119.209497
15120.588554
15119.700830
15108.046086
15109.013270
15119.408443
15120.120466
15108.209203
15107.086137
15108.659674
15094.374231
15120.540434
15100.157976
15110.984020
15140.241689
15110.819328
15122.530947
15098.721220
15120.843799
15122.091098
15120.678453
15161.539283
15123.915851
15125.127704
15137.235579
15134.574726
15098.058266
15099.399601
15121.165604
15161.997287
15124.393192
15084.210609
15125.201385
15098.454894
15099.156818
15086.180071
15085.020878
15122.075682
15098.799939
15123.924672
15095.622464
15094.966829
15108.504014
15094.230890
15135.184929
15120.973254
15099.131591
15108.954869
15109.819120
15109.129929
15098.790778
15108.067510
15110.099313
15084.941774
15085.128103
15124.445130
15123.891203
15112.352991
15086.659310
15100.803098
15122.376051
15086.836541
15085.657828
15112.366710
15112.403408
15084.631012
15085.174731
15084.607303
15121.937957
15086.428590
15085.897877
15085.779857
15111.304599
15154.346775
15143.572695
15102.990209
15143.514505
15112.868762
15148.200849
15141.997717
15102.495210
15112.349223
15142.053929
15136.815982
15154.345224
15115.438327
15146.091513
15127.048795
15140.181278
15149.831327
15146.091920
15152.349686
15154.949811
15156.125353
15199.981620
15189.194117
15154.012321
15142.437433
15125.511472
15095.867582
15096.670444
15100.530991
15122.060364
15098.824815
15139.308111
15096.423570
15097.343816
15097.898017
15098.736662
15110.359131
15099.352198
15099.088632
15140.560476
15108.632283
15087.848087
15099.167994
15139.630514
15097.276014
15122.428233
15096.719958
15107.401954
15107.458526
15108.340875
15098.135959
15114.771960
15154.176009
15139.658423
15115.302335
15113.569749
15125.424663
15124.804723
15117.379684
15116.461979
15138.955587
15142.068731
15156.638360
15156.068347
15117.905346
15116.985279
15139.481335
15103.847163
15103.445172
15126.907116
15116.881537
15129.595870
15074.580284
15109.382944
15084.506917
15120.162345
15085.205238
15108.176441
15122.641839
15083.112358
15083.796585
15121.848170
15108.786455
15073.686520
15074.371364
15074.650466
15098.284373
15073.943604
15097.480688
15094.563803
15095.271129
15121.441613
15124.415663
15098.263646
15109.212227
15109.362327
15135.341295
15083.694489
15108.122015
15107.516196
15083.204794
15108.763382
15108.136002
15146.937038
15120.016415
15108.703847
15075.087786
15098.761589
15073.857670
15085.423478
15124.069392
15121.533643
15122.010049
15125.060115
15073.710422
15074.355256
15083.152646
15083.799584
15131.242368
15094.519329
15094.367186
15095.048338
15109.442811
15084.425180
15139.192697
15112.052064
15127.074328
15125.922300
15123.640230
15143.169058
15157.193095
15124.844742
15128.532645
15123.629876
15111.285645
15100.291411
15100.890835
15100.330835
15200.144315
15111.795260
15124.510158
15138.137355
15189.473419
15171.090277
15222.317842
15200.416074
15200.475066
15193.836095
15182.187612
15182.185492
15182.186603
15182.185765
15193.836375
15222.377544
15200.474208
15171.092661
15171.091599
15078.103449
15093.989978
15054.371059
15064.794686
15064.851262
15073.984282
15063.677178
15063.011529
15085.680864
15074.475295
15087.334905
15200.431741
15222.273216
15182.186587
15182.202238
15182.202256
15182.185325
15129.936947
15100.665132
15111.202662
15090.316496
15199.616933
15199.551407
15132.115312
15116.866806
15231.744360
15149.994192
15116.931091
15127.949905
15141.086209
15180.963693
15146.719738
15142.298180
15161.001226
15161.070185
15174.782302
15140.354375
15147.835521
15140.521184
15138.968545
15153.766007
15152.105816
15165.210872
15147.014603
15133.804683
15146.435491
15132.718244
15132.785828
15143.987999
15140.252498
15124.701185
15101.296338
15100.995721
15099.105703
15123.947891
15100.550675
15099.051391
15135.400156
15108.989977
15108.962283
15107.202362
15112.368776
15120.728603
15132.493191
15133.701054
15111.473327
15111.119763
15157.667428
15144.744283
15138.699190
15144.647953
15143.768598
15113.926303
15163.573053
15175.744056
15133.268691
15141.639692
15146.058025
15139.710703
15223.314615
15140.801715
15145.545788
15108.985123
15107.726939
15098.760637
15178.508507
15159.478095
15171.868647
15214.750791
15209.917020
15211.637529
15212.454310
15220.778622
15214.172097
15244.286581
15164.482925
15129.938428
15142.552555
15137.949422
15128.933607
15076.425332
15088.270334
15089.086861
15123.828065
15095.526595
15095.540161
15123.881983
15097.100289
15084.010152
15073.564857
15109.301746
15108.622740
15083.977454
15094.504613
15085.286890
15117.829896
15083.753877
15094.352948
15095.773649
15094.139786
15094.962815
15096.884940
15097.165307
15083.816134
15094.362199
15095.719742
15105.835232
15105.282252
15094.358864
15096.869885
15092.038630
15097.152961
15099.386168
15086.097528
15110.083670
15108.905784
15086.414190
15115.168820
15122.915721
15122.953650
15115.952757
15130.200041
15076.493231
15088.606151
15078.363589
15100.701645
15097.232000
15122.510435
15113.237114
15122.874861
15122.486429
15113.220612
15112.189991
15122.851784
15141.760967
15142.569524
15130.860884
15083.813333
15126.516670
15096.680483
15095.963594
15113.298950
15099.551205
15140.827148
15096.516087
15113.910047
15100.162401
15097.099494
15096.408852
15113.763063
15100.038084
15096.953248
15110.479553
15128.014057
15099.800819
15111.192201
15129.161934
15125.714076
15134.773051
15108.046551
15107.354702
15124.682548
15152.302935
15110.959033
15084.502615
15095.345100
15108.919619
15095.696798
15119.788917
15085.472056
15108.432498
15115.390439
15126.812505
15123.772904
15112.653160
15126.118123
15095.278662
15099.111454
15110.478020
15099.622944
15111.030042
15100.045721
15110.963918
15097.482184
15098.712338
15110.970822
15099.928380
15110.973941
15121.850557
15109.692686
15094.157836
15084.685964
15096.988900
15085.157082
15095.098813
15084.656246
15095.216052
15095.254944
15097.347965
15095.347031
15119.050005
15119.794631
15109.915261
15110.434450
15148.214111
15083.559580
15096.437804
15094.050659
15093.943243
15084.105074
15094.616662
15094.614437
15094.720513
15096.771094
15106.815630
15131.058266
15119.191958
15149.850100
15149.144164
15121.355297
15098.307744
15110.688978
15098.302661
15122.109844
15122.723623
15121.897998
15122.059744
15123.151044
15108.386970
15108.353507
15122.863180
15108.417694
15108.899617
15107.732384
15120.509206
15125.943797
15167.322488
15135.363983
15120.854480
15081.959526
15082.587146
15096.937765
15134.529481
15074.175724
15108.651523
15118.190901
15082.611539
15082.055079
15082.357989
15092.279120
15091.968410
15095.133929
15107.526800
15107.000945
15118.630422
15083.062813
15083.159677
15106.416729
15083.733115
15082.668485
15083.090950
15106.968970
15083.376348
15107.850457
15095.550846
15093.467565
15083.413135
15072.311414
15082.637810
15107.394032
15072.342836
15097.595082
15082.265298
15108.106032
15084.637929
15108.180826
15084.705708
15106.566908
15107.126007
15072.885704
15108.459615
15083.482217
15083.362574
15094.786738
15095.324487
15132.584062
15094.697550
15095.243190
15105.636604
15105.016180
15130.076728
15129.964602
15137.876368
15118.642891
15126.703263
15102.045628
15076.486318
15098.244894
15114.877360
15100.452241
15100.640743
15109.778652
15127.441988
15109.801240
15111.894868
15109.651894
15135.812321
15125.971652
15110.594157
15096.518558
15096.324877
15096.958612
15109.871477
15113.137552
15153.919923
15112.193979
15097.350017
15108.910748
15108.955360
15087.460203
15114.389051
15118.531846
15097.411688
15099.167735
15109.401878
15108.726384
15108.416826
15109.153924
15099.202621
15096.842897
15109.127268
15097.049059
15107.073817
15095.688852
15085.000510
15107.715221
15097.038299
15095.786924
15085.010938
15087.413458
15101.265383
15112.145468
15113.506354
15127.612523
15136.070605
15123.142551
15097.694468
15111.428786
15126.269114
15094.206290
15084.288566
15109.827387
15100.070778
15098.094412
15109.679425
15105.738015
15095.818230
15096.819126
15096.643549
15096.179400
15098.189871
15121.337308
15098.499121
15099.589598
15099.507911
15099.121288
15137.706632
15125.048181
15125.108237
15111.413819
15112.014943
15111.350488
15126.411930
15111.055080
15109.029343
15101.566872
15112.275162
15127.188361
15132.126294
15126.832594
15063.824333
15064.893067
15073.980526
15061.136148
15086.172526
15071.056446
15074.646534
15062.429361
15086.244869
15072.377833
15051.125386
15061.617007
15060.422387
15051.154305
15103.069630
15061.786202
15062.291158
15061.800675
15085.318894
15086.774941
15086.772805
15076.518331
15111.977731
15112.145753
15111.953645
15112.136426
15109.260179
15109.297069
15051.076373
15052.263653
15074.326449
15075.954083
15076.193956
15083.237585
15083.229540
15073.079884
15071.952349
15074.697052
15071.699077
15081.701751
15074.963265
15060.374691
15061.099296
15060.258029
15062.762403
15082.657352
15083.869796
15106.747488
15093.739527
15094.361668
15092.847067
15095.838204
15096.144505
15082.326367
15093.663559
15083.788597
15081.846512
15094.903639
15092.840921
15095.102597
15103.404498
15118.764976
15118.749815
15096.402356
15096.667682
15094.362108
15118.930284
15118.359544
15094.309608
15094.975890
15094.801408
15094.918789
15093.803848
15083.584207
15093.566487
15095.969255
15082.996984
15096.280478
15092.534630
15093.137419
15093.807890
15093.184668
15106.861327
15083.529731
15095.361957
15083.055682
15095.672613
15082.655340
15083.972244
15083.868126
15073.012637
15072.565464
15093.513376
15082.995777
15095.827067
15095.582956
15107.985992
15083.103513
15083.736404
15092.442991
15092.527925
15082.037070
15094.211651
15093.984225
15093.893361
15093.192227
15093.788164
15093.903469
15105.024115
15093.289371
15091.854037
15095.024400
15106.808981
15095.261217
15096.727079
15095.087278
15095.828323
15086.102461
15096.137189
15097.233789
15086.619574
15096.039172
15097.549415
15072.828310
15071.546848
15082.791908
15082.210503
15085.907959
15097.543760
15096.513010
15107.895508
15094.617949
15095.312412
15093.895800
15093.754109
15118.115634
15093.159693
15118.157220
15093.593825
15094.392156
15093.127447
15095.230712
15092.248123
15102.247790
15095.522426
15096.214775
15072.873449
15070.927255
15106.144964
15081.628292
15083.317832
15084.139601
15094.789795
15071.795379
15082.887757
15093.525734
15095.712653
15093.817713
15073.506555
15084.625012
15086.657309
15097.813203
15096.594773
15112.456960
15087.286525
15097.309305
15084.846400
15120.415836
15108.434126
15108.612522
15107.827336
15084.431653
15097.853998
15073.767093
15097.263807
15083.763682
15096.906373
15085.414290
15061.609138
15097.487636
15095.724792
15096.994155
15108.188836
15098.058504
15072.841265
15108.794575
15082.799023
15095.146610
15123.347056
15071.564453
15096.447490
15096.487481
15097.047387
15085.296721
15085.336457
15124.691749
15062.834655
15085.104256
15085.159710
15096.141032
15095.532989
15085.212660
15072.870388
15083.486938
15108.901082
15083.396773
15074.087600
15096.797607
15096.798588
15072.866247
15061.138502
15086.323300
15074.064812
15062.936361
15087.565595
15071.296735
15071.859240
15083.859782
15071.696100
15096.819994
15085.072464
15072.182116
15097.393217
15072.088059
15071.463914
15062.366549
15061.152574
15086.006903
15085.921653
15084.761850
15121.345927
15085.712551
15085.130536
15124.234167
15094.537709
15072.789435
15097.437650
15072.562952
15071.954284
15071.685453
15096.839588
15123.663679
15073.494099
15061.699682
15086.298665
15071.671619
15074.758265
15062.910907
15087.619905
15062.375238
15087.540900
15113.214029
15061.123514
15072.348731
15072.392281
15071.775781
15084.732025
15085.489251
15075.009468
15096.491355
15073.624243
15106.733302
15106.200351
15105.655118
15082.332024
15082.234205
15082.857819
15071.789750
15118.650995
15082.080237
15081.568259
15132.294645
15106.373089
15106.274639
15081.578454
15093.746754
15093.801322
15092.098249
15104.153977
15105.090283
15104.710905
15091.850473
15093.778080
15104.909486
15082.149676
15071.197306
15072.979150
15072.978943
15095.921929
15096.013583
15096.565844
15097.056267
15095.348473
15095.910372
15095.241988
15107.310668
15096.584054
15097.196348
15097.734619
15145.127964
15062.467986
15086.109769
15084.909211
15085.528159
15075.018905
15086.630744
15072.440922
15107.421637
15096.500457
15135.232103
15121.363463
15121.349351
15110.779729
15110.246773
15083.684776
15084.753196
15084.570191
15082.012500
15071.166290
15096.193512
15085.103404
15072.326285
15096.133145
15120.622678
15083.961549
15071.748692
15095.584493
15120.666091
15109.546057
15109.070908
15072.269975
15097.449040
15071.658722
15096.114939
15095.622724
15096.179436
15071.095922
15107.828576
15071.582513
15071.564317
15070.370245
15096.504733
15095.238422
15109.569404
15084.659302
15085.787540
15085.924657
15073.700032
15084.176553
15085.111906
15085.767982
15072.061525
15072.233565
15062.263742
15061.837102
15119.967055
15107.905265
15107.298888
15107.707173
15108.405347
15119.968816
15107.921868
15107.312456
15134.846875
15076.122040
15101.216508
15113.055152
15111.716180
15071.596891
15107.819321
15073.904783
15071.258937
15122.481060
15083.081227
15070.616316
15071.934614
15093.667169
15093.594809
15071.484065
15070.842630
15084.289089
15107.563142
15083.692971
15072.395350
15081.976032
15082.624900
15083.182063
15108.629733
15081.918986
15082.478220
15108.099487
15084.194113
15106.911899
15082.629448
15081.444159
15147.227334
15084.109207
15084.240723
15107.502010
15117.730966
15082.120294
15081.987172
15083.077649
15081.381325
15117.724511
15083.552616
15107.448213
15071.374627
15145.214653
15150.980154
15123.631623
15071.423330
15071.440612
15080.659039
15082.089453
15072.724396
15082.703089
15070.757389
15072.046245
15071.415028
15072.073901
15083.260163
15073.917880
15072.689338
15072.072499
15097.536692
15123.649019
15086.589637
15086.125553
15096.012822
15096.653221
15097.067919
15073.855954
15073.178401
15086.666716
15097.145698
15096.431675
15096.663873
15096.014544
15096.682537
15071.669915
15108.451326
15082.773406
15082.890210
15081.661544
15082.933890
15082.403706
15094.100599
15081.718472
15083.181642
15097.580670
15096.902815
15123.809401
15097.695555
15083.330316
15095.533826
15107.387287
15082.136368
15084.390515
15123.095411
15106.563882
15111.993431
15111.973065
15082.205871
15094.892988
15095.018022
15082.082946
15083.731848
15083.588753
15124.212540
15123.594687
15123.884600
15097.888967
15073.181225
15072.458260
15072.745957
15097.289877
15123.978808
15098.532465
15073.950443
15097.904720
15114.787457
15123.939576
15136.567932
15111.699673
15126.346958
15126.915392
15139.780463
15112.478254
15127.626410
15127.099388
15114.515792
15113.955268
15099.245659
15099.274528
15114.192866
15100.039580
15100.083525
15121.080035
15110.915425
15121.108092
15097.986639
15096.652846
15110.943520
15073.178912
15074.500632
15073.413942
15081.533538
15071.700684
15096.276001
15075.707225
15074.257214
15098.949072
15082.599011
15081.509897
15071.658595
15083.844525
15095.630461
15083.093006
15074.086921
15098.927149
15112.692580
15083.688552
15107.519954
15081.313072
15080.794875
15083.399773
15080.820595
15095.334984
15072.829568
15082.776958
15083.506465
15084.746858
15082.805769
15107.801083
15101.955147
15073.636661
15102.041550
15073.168962
15111.468106
15138.315503
15111.524584
15113.773755
15123.696867
15099.546569
15100.171968
15124.332291
15084.486005
15124.614715
15085.742075
15099.266396
15100.525627
15097.794844
15097.882235
15101.909216
15060.166026
15060.053939
15077.186070
15123.896891
15125.153535
15124.522697
15177.513090
15073.402114
15096.620912
15071.466293
15072.159632
15094.814382
15070.193822
15107.691664
15059.580327
15071.062584
15071.712236
15061.076968
15060.319690
15097.213074
15072.300564
15072.924187
15070.901469
15106.066572
15071.282606
15070.326519
15072.560051
15071.130080
15095.817710
15070.383353
15072.844327
15096.975956
15082.908301
15083.924843
15123.176197
15071.512792
15070.847912
15070.197797
15084.940969
15059.745753
15071.766441
15072.416535
15081.956696
15069.035229
15096.739516
15075.428095
15097.476992
15076.072646
15110.391224
15085.451989
15063.025207
15063.141804
15073.133164
15087.339614
15096.543510
15072.376332
15073.039589
15071.663819
15072.311606
15108.053068
15081.949926
15069.069879
15081.973431
15082.072702
15071.416635
15071.465016
15060.282590
15072.276482
15072.940270
15049.745212
15071.035657
15071.683832
15070.822046
15070.845138
15059.043143
15107.985491
15164.896208
15105.890440
15073.662383
15073.084201
15108.102718
15082.708727
15082.082137
15109.277128
15108.699025
15082.032931
15118.296272
15147.847006
15083.267762
15081.524867
15118.319657
15095.563050
15097.452114
15095.692112
15094.213072
15095.593575
15085.066336
15096.274095
15094.972712
15094.340518
15096.224218
15122.654181
15134.493583
15123.181754
15123.841075
15134.517325
15111.437862
15097.032870
15110.343788
15098.761417
15110.725876
15115.470744
15088.219101
15098.657520
15124.934656
15134.567251
15109.373064
15111.711955
15108.928851
15108.577020
15127.560763
15098.698348
15098.699194
15124.623639
15126.145704
15098.040632
15098.041625
15113.994262
15114.135359
15098.746700
15098.751154
15121.746423
15111.056332
15121.729832
15111.042695
15112.783429
15098.713146
15110.893708
15171.934082
15086.535127
15097.703950
15096.769171
15086.408850
15099.780611
15109.566275
15112.317947
15097.209595
15100.986640
15113.867808
15074.728993
15113.990523
15115.296516
15117.759809
15138.311685
15126.190429
15086.366033
15086.385133
15112.163016
15124.573452
15085.181979
15085.288256
15097.182254
15124.363978
15112.773937
15124.515209
15113.263126
15085.310978
15098.697098
15096.518902
15108.518762
15095.798889
15107.722526
15095.250702
15106.697259
15139.083512
15095.830461
15101.086680
15111.566716
15108.574536
15097.432913
15109.554813
15111.508916
15101.074058
15108.500723
15110.768543
15085.351257
15096.350967
15097.465938
15098.315347
15111.482332
15109.587105
15097.730229
15109.024982
15107.967435
15100.428968
15095.935585
15111.496799
15108.262133
15095.337387
15097.473072
15107.491248
15100.546482
15110.981558
15139.562327
15110.773502
15099.428610
15111.471612
15168.341475
15111.512834
15098.825211
15098.612474
15110.725079
15140.092764
15169.441950
15109.494695
15107.423086
15098.201014
15111.456553
15108.160716
15138.838123
15094.741561
15128.018683
15086.498709
15096.861934
15094.971374
15083.808968
15094.197592
15083.656696
15110.959529
15108.397104
15098.405015
15097.508792
15139.591941
15109.751732
15062.256768
15061.119011
15071.631091
15058.788555
15072.983943
15107.615458
15108.044872
15083.172259
15083.569779
15083.083659
15083.620654
15071.751381
15071.813174
15070.182340
15070.167161
15096.164606
15084.773865
15083.774434
15072.363757
15107.339720
15069.517917
15071.594202
15109.110870
15096.586697
15108.453995
15098.342931
15108.899105
15086.517080
15096.754790
15099.524827
15086.290258
15098.413683
15085.845470
15098.116623
15123.700140
15124.228016
15134.195083
15122.920010
15135.997635
15122.744963
15107.775183
15107.154915
15095.689196
15085.769869
15123.283416
15121.251153
15062.261423
15060.345962
15062.255019
15071.751807
15072.437962
15096.235408
15061.719752
15071.783309
15062.442788
15073.168480
15072.628591
15081.891388
15096.990939
15061.934400
15071.964554
15072.141957
15070.385507
15072.725766
15071.614661
15070.917912
15071.046735
15070.921084
15105.861102
15083.204954
15083.621427
15083.192877
15081.719987
15072.353397
15083.946349
15106.256004
15071.846527
15080.403169
15081.901295
15117.724396
15135.414053
15073.411282
15072.229539
15084.164265
15094.754575
15082.953673
15095.953477
15083.500247
15108.724662
15097.698091
15100.560813
15110.998046
15097.055207
15123.649302
15114.310276
15163.595309
15087.588385
15098.026597
15100.029597
15096.518040
15110.483857
15073.399936
15071.486411
15135.350660
15152.527434
15096.435100
15086.568796
15122.321690
15085.650151
15114.668856
15062.983278
15063.193084
15073.676742
15063.630559
15074.114500
15096.516133
15097.176882
15096.666575
15072.935967
15073.600019
15107.275613
15095.560816
15096.810786
15073.470606
15108.420379
15137.704995
15111.522473
15112.973763
15103.507578
15095.961554
15087.097670
15073.545890
15074.140250
15075.416693
15063.643700
15112.866131
15148.681356
15084.006133
15084.605520
15112.450125
15113.590307
15149.403207
15110.583244
15109.999806
15085.678084
15085.716195
15084.584885
15085.294656
15113.693658
15113.819643
15113.925162
15113.390595
15086.721220
15096.584189
15099.731988
15109.994449
15140.872492
15088.933654
15122.193931
15113.265026
15135.954401
15099.951541
15121.284816
15111.684484
15140.849517
15110.645460
15113.181619
15091.549202
15113.962765
15133.981433
15136.051827
15084.501108
15084.013040
15112.968893
15096.333898
15096.969865
15095.634772
15112.166578
15103.166363
15100.532303
15099.877899
15138.194066
15151.002465
15150.987715
15154.279295
15154.222897
15059.734405
15059.733624
15085.713296
15084.973186
15071.906431
15071.133286
15061.142753
15135.197723
15107.830608
15083.434379
15072.148319
15093.629979
15093.557135
15108.548401
15108.898046
15085.022361
15108.929010
15085.008286
15084.332139
15083.008223
15109.563731
15085.695004
15110.104922
15086.189836
15108.871863
15084.377870
15084.436701
15073.148326
15096.548021
15059.717645
15123.826610
15124.304144
15099.262563
15074.368298
15097.838463
15099.201120
15094.777242
15097.693670
15108.292264
15085.997511
15095.511319
15085.015492
15094.454410
15096.534946
15096.027836
15087.588255
15087.561213
15109.197698
15096.835580
15094.038124
15084.011274
15094.408077
15097.085985
15109.967255
15098.020897
15109.056113
15095.891456
15098.579855
15095.094581
15093.652799
15096.337471
15109.224687
15097.794045
15094.382549
15109.873749
15085.872530
15097.461780
15073.570700
15084.065792
15097.835951
15098.313581
15087.355203
15098.793107
15074.368868
15087.990578
15125.377489
15106.083052
15108.841706
15095.907607
15097.393404
15094.875644
15096.095377
15095.888491
15111.173756
15096.386996
15085.392732
15127.463563
15127.417949
15099.134442
15100.961026
15111.895757
15109.245298
15108.524199
15113.829297
15133.700099
15109.714950
15098.769203
15099.513817
15098.953366
15124.886792
15101.324524
15101.420601
15100.868096
15110.509451
15110.582007
15112.160738
15111.732648
15098.909509
15100.149118
15139.286034
15128.864069
15129.588009
15129.031307
15138.078920
15138.021724
15127.216751
15123.353692
15108.533504
15098.406264
15111.693350
15109.409419
15110.064750
15100.022697
15098.419636
15098.315101
15100.177789
15102.077747
15098.611614
15098.675973
15101.483565
15111.490155
15083.533211
15097.156733
15096.597318
15108.078584
15097.813995
15108.735884
15107.082044
15082.561803
15096.619657
15083.243609
15107.502407
15135.285086
15135.409948
15082.685926
15083.225377
15107.595158
15122.098895
15082.623228
15108.858481
15074.052358
15119.635781
15084.021065
15085.173629
15106.899972
15093.675872
15094.241466
15094.988754
15119.229866
15107.612347
15108.219595
15121.322577
15108.187659
15119.490400
15095.527224
15096.018880
15112.548398
15073.088299
15121.740518
15084.309890
15112.598230
15083.652668
15073.162105
15095.807740
15095.119920
15097.610707
15074.033404
15073.302037
15073.357869
15096.891161
15095.300423
15095.930320
15134.658829
15094.759514
15107.603388
15097.374887
15094.794980
15082.889425
15072.364549
15094.997514
15097.608935
15097.670007
15108.251701
15108.703893
15084.674930
15117.032434
15072.929454
15072.319235
15095.251023
15062.363801
15061.777924
15083.165224
15108.542715
15084.386010
15084.368049
15084.469995
15107.092643
15082.097775
15081.811112
15071.269036
15083.807309
15081.254577
15096.834862
15083.802620
15107.761673
15084.253688
15084.231474
15094.215810
15121.964400
15093.557442
15082.553188
15109.411723
15146.256294
15095.844591
15096.518903
15135.266864
15095.322205
15131.620321
15108.247409
15096.982265
15118.289263
15083.756648
15073.745668
15073.185450
15082.568577
15095.138362
15098.207212
15063.694151
15098.316760
15063.158045
15062.623463
15072.540514
15071.980071
15107.633078
15096.930570
15081.337029
15095.789974
15120.978116
15098.135638
15074.517784
15073.262937
15110.558115
15109.862616
15099.046159
15110.923252
15109.782356
15125.010225
15099.410485
15152.534542
15088.459140
15097.738884
15123.927046
15139.914972
15098.981814
15098.216675
15098.125215
15098.149297
15124.057155
15110.982505
15109.799801
15125.032233
15099.468444
15110.998159
15110.260811
15110.972987
15107.546740
15084.069739
15072.636955
15073.699938
15074.406058
15084.629671
15085.271935
15086.108375
15084.441904
15086.284723
15086.567179
15084.676784
15108.728846
15086.026853
15082.464336
15061.149717
15083.160663
15083.050688
15095.205888
15082.136224
15071.663480
15085.528888
15085.770537
15084.976312
15110.681123
15121.005647
15094.651354
15084.506212
15083.460572
15107.343018
15072.590515
15072.605034
15108.116303
15072.655397
15071.590095
15071.590939
15074.560586
15074.110372
15111.816955
15099.396482
15123.181551
15110.703887
15108.854049
15111.803311
15109.160634
15106.749018
15106.655630
15094.676947
15084.686664
15107.864002
15118.229843
15084.566386
15106.698237
15095.250126
15099.624202
15098.759658
15111.737283
15127.139630
15117.070746
15134.085357
15110.594091
15100.335134
15110.114044
15110.077332
15113.053880
15126.973467
15126.334364
15112.996051
15112.898547
15114.010667
15097.331879
15073.146100
15073.230337
15098.038664
15114.091425
15114.770751
15100.890906
15100.338299
15100.356158
15111.774334
15083.436564
15061.672312
15049.207343
15140.634510
15130.903192
15128.460130
15123.962069
15128.433951
15112.167997
15144.939892
15115.229311
15087.706770
15088.824099
15087.982648
15111.246759
15108.928220
15108.890737
15100.083827
15111.233556
15111.688019
15101.631429
15112.850713
15112.184886
15112.664124
15100.839006
15097.986884
15097.948666
15100.908381
15100.094377
15100.048054
15109.645474
15110.194483
15120.017679
15119.958309
15120.988167
15110.083637
15121.566388
15087.877585
15088.413447
15088.952025
15137.711581
15138.845055
15085.109540
15095.623120
15098.070341
15098.421294
15095.651535
15096.368408
15085.745730
15096.259074
15098.048634
15120.160515
15097.886732
15096.331947
15097.985169
15099.840526
15099.853009
15100.562407
15113.142624
15087.057495
15095.089615
15085.625970
15096.781590
15097.090253
15105.903455
15105.272611
15094.363403
15095.108725
15083.871367
15095.040794
15096.730975
15096.526921
15094.968209
15095.658274
15119.431718
15084.369017
15098.369620
15097.909415
15095.837109
15110.060681
15096.404936
15108.462795
15122.893152
15097.248978
15086.954697
15106.200298
15096.615780
15122.388961
15086.125089
15093.177092
15093.829952
15095.104872
15098.604858
15084.986742
15110.973566
15109.833067
15096.301967
15095.053231
15138.053143
15104.886541
15105.515668
15106.513424
15107.290201
15109.040237
15107.393457
15095.891170
15120.729978
15117.754150
15075.202888
15075.293725
15084.015099
15085.220756
15094.929240
15095.548143
15112.164395
15082.020119
15071.000107
15082.021716
15081.726944
15081.644881
15092.777339
15081.644477
15082.999465
15081.906489
15082.405133
15093.357370
15099.608848
15085.530041
15085.547178
15097.253610
15084.410460
15072.055595
15082.089708
15097.341398
15084.402051
15107.243902
15072.801591
15083.346723
15082.644498
15073.175814
15073.272404
15072.026093
15084.017277
15094.920921
15095.557485
15197.692254
15201.130633
15199.412548
15210.273845
15232.060155
15233.780316
15208.553838
15222.142787
15224.681436
15151.483379
15151.501355
15117.078150
15132.227437
15148.581453
15070.694413
15070.839636
15071.408487
15112.407219
15115.639415
15113.017534
15140.115545
15139.440453
15130.210776
15127.927533
15126.393844
15123.332567
15125.071893
15138.741607
15125.346918
15131.784074
15113.592957
15145.847675
15138.728635
15155.994873
15129.511495
15130.607290
15130.066515
15129.396829
15100.417034
15096.875898
15114.820484
15116.374484
15130.173596
15119.321097
15095.963485
15097.154730
15096.051971
15095.529740
15085.326887
15086.109409
15108.396262
15108.892816
15084.341632
15100.237606
15131.054507
15144.208507
15144.151754
15137.330235
15140.134928
15111.561464
15114.815599
15112.174329
15138.554416
15114.831903
15129.133970
15154.907562
15138.366221
15129.078969
15155.430669
15112.789837
15145.528768
15124.583709
15124.208897
15138.364101
15129.119306
15155.470256
15131.489902
15114.166271
15128.509714
15114.173084
15111.577109
15110.963355
15098.578584
15085.577795
15074.556061
15097.233567
15112.192405
15072.053523
15208.335436
15296.272689
15293.365056
15293.365089
15296.272675
15242.922453
15266.488596
15269.179259
15293.477642
15287.451992
15275.203639
15256.930612
15169.247970
15154.449589
15145.907232
15165.116467
15070.700486
15062.884237
15062.861897
15066.737283
15053.081753
15063.176685
15112.282498
15063.691859
15063.009669
15085.853348
15082.710020
15066.389519
15115.652669
15114.831593
15114.440384
15142.248701
15143.162147
15115.832039
15115.011854
15115.884234
15142.661519
15115.162746
15141.842340
15120.611029
15073.205459
15098.228943
15074.497421
15062.984895
15074.169131
15073.849008
15073.297755
15103.528875
15086.757197
15086.772775
15115.017215
15077.559614
15131.588402
15130.012868
15095.818370
15085.084935
15109.609246
15087.168827
15073.583304
15126.020214
15111.064628
15143.502988
15128.337525
15097.551802
15122.814058
15086.035730
15100.136736
15098.833879
15124.224285
15088.112021
15100.614570
15146.023474
15138.353125
15125.199587
15124.285839
15109.880686
15099.026006
15134.693250
15134.229715
15120.574400
15119.359733
15151.713704
15101.145742
15123.000479
15099.670467
15126.075002
15124.732073
15113.010163
15124.726555
15113.009888
15109.307648
15108.556161
15151.604898
15118.907050
15160.603308
15160.046915
15144.011811
15160.881648
15174.707139
15144.607507
15146.812467
15160.752619
15130.610345
15139.641091
15139.131333
15113.355143
15148.469017
15132.946093
15073.702121
15084.740784
15084.599388
15086.994500
15060.086027
15059.620456
15061.400992
15059.700463
15060.884147
15060.915388
15062.104955
15060.822381
15060.363540
15059.792148
15060.254337
15083.356549
15082.755752
15083.348708
15071.533955
15082.730014
15071.532865
15109.299710
15085.015894
15084.280244
15073.945626
15074.447049
15100.590556
15132.281529
15084.837830
15084.261435
15096.071453
15073.305416
15061.050704
15086.110297
15070.974805
15072.653758
15071.866040
15095.408573
15170.679076
15128.640074
15099.789199
15122.730271
15109.764781
15118.439126
15125.197957
15111.097392
15098.729417
15110.381763
15099.913232
15086.094102
15085.462903
15122.092877
15086.971574
15086.857485
15122.136408
15086.200699
15111.879276
15098.932486
15088.490784
15099.452153
15140.049494
15110.681231
15111.438518
15116.240868
15100.576959
15112.231745
15084.347036
15083.041518
15085.644109
15107.413050
15084.510308
15084.905686
15124.664627
15123.513730
15084.488025
15107.414003
15084.470474
15084.963835
15123.954933
15122.827909
15083.721920
15083.545365
15104.599861
15094.390863
15124.222360
15141.123196
15108.940954
15099.400779
15107.434961
15108.698474
15096.296080
15108.409851
15137.790929
15107.746853
15099.470644
15120.788261
15107.948605
15108.747336
15107.706888
15085.136973
15098.569770
15110.198084
15109.601651
15097.804024
15099.221541
15125.616436
15084.808204
15112.494245
15088.176113
15115.105040
15143.096207
15141.611016
15124.609117
15122.809590
15114.852472
15112.224781
15101.164234
15113.163377
15123.312002
15097.816216
15130.438235
15111.921951
15084.510075
15083.787675
15112.208105
15109.342091
15085.059451
15083.801950
15127.079482
15111.853573
15111.174293
15113.134224
15114.397636
15111.793409
15110.827567
15110.065825
15097.894503
15097.947714
15138.234690
15125.121495
15114.288948
15114.351553
15126.672210
15102.127653
15124.470284
15113.713569
15131.737691
15103.991250
15127.096646
15111.338557
15157.031276
15141.956863
15126.783993
15126.474380
15125.098207
15142.914959
15154.568135
15126.217516
15136.934393
15113.828258
15125.207936
15114.230258
15156.937659
15160.689057
15128.221835
15124.804166
15135.802587
15136.539130
15147.409427
15124.060715
15135.626855
15120.869629
15124.731832
15141.958114
15126.800176
15126.489066
15125.113998
15168.591312
15135.694675
15113.116304
15102.897155
15153.956328
15112.454505
15101.500366
15123.547453
15137.285983
15126.248769
15136.726022
15140.489685
15116.773387
15117.697331
15127.936788
15136.804279
15135.499981
15100.828680
15168.239373
15125.798092
15111.281397
15095.059825
15112.266041
15120.615867
15099.528378
15098.713822
15099.980629
15127.149881
15125.826581
15128.976442
15072.244553
15071.573421
15123.275483
15134.367015
15124.731342
15123.929293
15135.021262
15125.369037
15125.481481
15113.074377
15137.082611
15141.929033
15141.652303
15140.620468
15129.529834
15124.334974
15124.252855
15115.535572
15124.118995
15125.983072
15098.189441
15098.213980
15126.494316
15100.508682
15109.141594
15109.144234
15087.362275
15087.385638
15126.295061
15113.339487
15126.606311
15125.227966
15110.842604
15126.804362
15131.737669
15127.596105
15150.954655
15151.815044
15141.560829
15140.085005
15152.306686
15142.374047
15129.823406
15091.322149
15115.485088
15116.287599
15127.438081
15116.141547
15115.483880
15098.116308
15113.440546
15098.141045
15138.240561
15155.231578
15142.050285
15155.176799
15138.212893
15141.457317
15085.074778
15086.272507
15115.394853
15109.270524
15096.074650
15095.782225
15096.315449
15110.380311
15138.519049
15085.575657
15098.020448
15098.715288
15108.984631
15124.276482
15109.008202
15127.058465
15125.688967
15129.309734
15110.588649
15125.128396
15085.894480
15099.940692
15121.522495
15097.370176
15115.201087
15110.280142
15110.918556
15111.267024
15138.851481
15128.332299
15139.587078
15138.829054
15149.776421
15098.976705
15109.218027
15087.361992
15099.063334
15109.269079
15097.056943
15087.179257
15101.046118
15122.451434
15097.707849
15097.229036
15086.823185
15095.458380
15085.348978
15084.828207
15108.566061
15108.598211
15148.397334
15096.788317
15096.267647
15129.995294
15096.734081
15095.044408
15084.538811
15119.026356
15096.876560
15097.147924
15095.108660
15095.934157
15095.209720
15084.717596
15082.301106
15096.898013
15118.600141
15092.817777
15095.215824
15103.730676
15097.209293
15095.435578
15095.965058
15095.187657
15084.935151
15096.375941
15122.329555
15110.124943
15097.122333
15133.414650
15108.592871
15111.067248
15110.808998
15123.432979
15108.585937
15122.703334
15108.772454
15098.349761
15111.128316
15138.283565
15134.056382
15134.062550
15120.268839
15098.409130
15120.958018
15109.829423
15112.420197
15121.963878
15111.957836
15096.587281
15134.605566
15108.091499
15135.510560
15130.888913
15129.676409
15171.151748
15169.347310
15130.299572
15129.685959
15134.892948
15123.488197
15124.398213
15135.009020
15134.877102
15123.511709
15121.188978
15122.559963
15124.423698
15123.354891
15135.032632
15160.946444
15160.859270
15126.922699
15126.977364
15127.487412
15126.945617
15085.171944
15085.677333
15107.370767
15083.835373
15108.554304
15119.234246
15085.133266
15093.809551
15093.305534
15083.377203
15109.119934
15094.445605
15121.363368
15086.781047
15121.819554
15106.844897
15097.298266
15106.153675
15094.735039
15094.878835
15112.546607
15098.448568
15124.863123
15098.408215
15109.950680
15098.626070
15096.156414
15110.242810
15096.554426
15121.653302
15096.028693
15106.609424
15097.418307
15095.930791
15097.734648
15084.450496
15123.718839
15135.171461
15126.214336
15130.453922
15140.680671
15140.750874
15098.717193
15085.549385
15084.745187
15096.434670
15085.883431
15096.995554
15124.514636
15096.398914
15082.305452
15082.419448
15117.392100
15097.518137
15097.451830
15097.560019
15108.824960
15108.732364
15073.048350
15073.674643
15071.925851
15083.118920
15084.922232
15073.206501
15097.287604
15097.207467
15095.139976
15083.386985
15095.718177
15123.250537
15095.107633
15108.289857
15111.072719
15111.089241
15107.218519
15107.233981
15095.200224
15095.706225
15120.454132
15114.663339
15131.839029
15120.427100
15114.690042
15114.648801
15088.629662
15115.805597
15139.061497
15097.585670
15098.087641
15120.782130
15137.821856
15136.820651
15126.952172
15112.980681
15131.031490
15102.145643
15155.740724
15138.686060
15142.015441
15113.059394
15142.042093
15160.900206
15161.246822
15163.030027
15161.202836
15180.129449
15200.222638
15127.614896
15106.545400
15117.797306
15130.143569
15129.501565
15126.517771
15123.849740
15111.745120
15112.400216
15115.890432
15122.686271
15111.727405
15110.624731
15107.735441
15107.637771
15085.904905
15085.929518
15151.326007
15141.732285
15095.837411
15121.469987
15111.333272
15111.514302
15108.554638
15098.571135
15107.927728
15097.897073
15108.432528
15097.935278
15112.063331
15098.654731
15106.722299
15119.293249
15133.422099
15119.166782
15106.715090
15096.789417
15096.815172
15087.000570
15077.056884
15130.211869
15115.190977
15085.066076
15097.048288
15084.012958
15073.566443
15084.701457
15109.369688
15084.349998
15074.416757
15087.758864
15094.425466
15083.901742
15108.593276
15087.036605
15076.601062
15123.826903
15096.101065
15096.099211
15123.883741
15089.627131
15088.898746
15101.867064
15112.684909
15087.177770
15112.498326
15134.914352
15145.708330
15097.163281
15107.788834
15107.217445
15085.706731
15096.331949
15095.760019
15140.835682
15101.393910
15101.577524
15101.092595
15127.790380
15101.385993
15136.389584
15101.704093
15129.834522
15119.556186
15102.163424
15110.595294
15100.557777
15099.084158
15123.570003
15139.963723
15109.102929
15109.994513
15098.472120
15109.337678
15111.735941
15122.891044
15118.828041
15108.370561
15084.365234
15120.102842
15094.374475
15107.097131
15119.654476
15087.526003
15123.695581
15123.395975
15137.208250
15134.957296
15120.815074
15123.469999
15123.399495
15137.296883
15098.393594
15097.910459
15109.560160
15098.283939
15098.284096
15101.970148
15100.111503
15125.056208
15123.044358
15112.125645
15111.664806
15140.741300
15146.971751
15139.621158
15112.277429
15136.035720
15124.166872
15137.723916
15135.009804
15138.555920
15136.883201
15154.377900
15154.933774
15148.524546
15139.783491
15139.744388
15141.344829
15130.344351
15126.830191
15123.756404
15112.664088
15151.361576
15124.650050
15103.127200
15124.963237
15123.599197
15109.881784
15124.836538
15108.892055
15111.695139
15099.517241
15096.145853
15149.574640
15100.902831
15152.564040
15060.855041
15070.860204
15071.471903
15061.424800
15060.256464
15048.495071
15060.202388
15060.195955
15048.818921
15059.553524
15060.818400
15048.337772
15107.277661
15082.896622
15070.379822
15072.197847
15071.713948
15084.823852
15060.288421
15073.060794
15074.651178
15098.932545
15112.205437
15101.458769
15098.817676
15074.137838
15110.852902
15083.688717
15085.459457
15071.908946
15072.046925
15107.145989
15124.240171
15086.086643
15109.184022
15096.949621
15098.767243
15108.563745
15096.899929
15085.151593
15124.720067
15095.141783
15096.258117
15106.542078
15119.753165
15085.629879
15097.974332
15125.074207
15155.413630
15134.038243
15141.389285
15137.360057
15139.094663
15137.359661
15139.097811
15166.851664
15096.717572
15108.730524
15123.024842
15107.392616
15121.956936
15122.557744
15123.383645
15131.765209
15121.336835
15085.843939
15097.348564
15122.324798
15138.716747
15138.678107
15121.643674
15121.666377
15112.696923
15137.223117
15150.859869
15109.424654
15099.558055
15110.715721
15121.617523
15121.642731
15082.621930
15081.441269
15106.478299
15082.718089
15081.421049
15081.524928
15106.441034
15107.021138
15083.262064
15081.993216
15082.097352
15107.000541
15123.690030
15124.344594
15081.429149
15081.311518
15082.031696
15106.355000
15082.581617
15081.337890
15081.447177
15106.350661
15123.648463
15101.468427
15108.580513
15107.409484
15107.909147
15106.755063
15137.604798
15085.231934
15096.474002
15098.304599
15085.493004
15098.984925
15108.100787
15107.945165
15096.613193
15095.947434
15071.706715
15081.603116
15094.478691
15107.214438
15092.138257
15097.503352
15084.814512
15083.567932
15122.676023
15096.731430
15106.615729
15110.411135
15111.289181
15084.578517
15084.056122
15085.255792
15084.069089
15096.752982
15096.633293
15096.405431
15098.209163
15085.321577
15085.144978
15108.616893
15071.535144
15070.312063
15105.581453
15108.215207
15108.194426
15071.930861
15095.482110
15094.815712
15119.423797
15083.193274
15096.926377
15083.117603
15096.506232
15097.399488
15096.371529
15086.486630
15086.455053
15094.801489
15094.156579
15134.915191
15117.855467
15095.396291
15121.845457
15095.122419
15095.129997
15095.124251
15111.169679
15105.018652
15084.632537
15106.881519
15081.725439
15083.986219
15091.591711
15093.143747
15083.974052
15083.297051
15092.984143
15086.635314
15122.322480
15086.002337
15096.640634
15095.406934
15095.258267
15083.545165
15083.014372
15093.496403
15104.942132
15093.037172
15096.226168
15094.223623
15124.960346
15096.234642
15096.300526
15071.162151
15073.334894
15081.031678
15082.521877
15072.208321
15072.746161
15082.471152
15072.301489
15108.374282
15072.151108
15071.033519
15107.184677
15070.926863
15107.492634
15082.258054
15108.692595
15108.690632
15086.070722
15121.072164
15086.648888
15096.770162
15097.095996
15095.986757
15133.698940
15094.708439
15137.574414
15109.379249
15086.717935
15121.760235
15087.336885
15095.386244
15120.104319
15096.672921
15107.967667
15096.003830
15097.067716
15097.095338
15097.606516
15107.705680
15083.642924
15093.073563
15103.634596
15091.824201
15094.428492
15108.217991
15082.651804
15095.981135
15106.482458
15093.205564
15106.571818
15119.390678
15105.896665
15096.042541
15083.198320
15083.224355
15082.694712
15097.084078
15107.110262
15083.196358
15108.835802
15096.710309
15107.836757
15108.916364
15120.503232
15120.491121
15106.055975
15096.164855
15134.508290
15094.663352
15095.833962
15094.633417
15073.717824
15073.170744
15082.183771
15080.965751
15072.304760
15071.773519
15084.882657
15060.520520
15101.153718
15108.464022
15112.412353
15096.697230
15138.029871
15108.604465
15108.625798
15082.095871
15082.644695
15081.965155
15097.840806
15097.138483
15138.239486
15085.722809
15123.278611
15108.947113
15110.993092
15084.691373
15095.760305
15095.101715
15121.021433
15124.137828
15074.145135
15109.811652
15074.067466
15084.212879
15083.420475
15108.629137
15073.949952
15110.380293
15084.533370
15108.991980
15084.033627
15084.716600
15108.685448
15138.217524
15137.168892
15109.372344
15109.390408
15098.288555
15070.468442
15084.263992
15083.645216
15124.360639
15106.654237
15070.203994
15082.201735
15082.180859
15097.537753
15071.611239
15096.856148
15071.633490
15096.381802
15084.700573
15084.057586
15121.035883
15108.228026
15107.599718
15137.023309
15060.983772
15059.741640
15084.280807
15083.661990
15114.355632
15086.897914
15060.945424
15060.478306
15085.695769
15071.041974
15097.803192
15112.321913
15094.429327
15094.370303
15082.185623
15082.182654
15120.008712
15096.639661
15070.904625
15069.665743
15111.080800
15108.167811
15108.188950
15086.067815
15087.250922
15125.604286
15097.443177
15099.470699
15085.386597
15085.204065
15085.299304
15088.405481
15099.970899
15083.898794
15085.109290
15113.097099
15116.510973
15117.033781
15128.306668
15128.264748
15170.493098
15102.981955
15116.542959
15161.873136
15176.932337
15162.373606
15130.769611
15122.345266
15144.808967
15127.324869
15112.645546
15147.880356
15161.345138
15175.804314
15139.641399
15146.774243
15146.080989
15126.106461
15123.863170
15138.277289
15144.725914
15113.082382
15127.455443
15114.684178
15112.026937
15111.372418
15109.906756
15161.863848
15127.281298
15147.814922
15160.821394
15113.356048
15112.430539
15144.594847
15161.289293
15130.597528
15139.118812
15126.610919
15128.279436
15160.629878
15160.062773
15144.197787
15137.152926
15102.645016
15098.060581
15098.024885
15109.721814
15087.465485
15114.870512
15115.634747
15114.477099
15082.785056
15072.220015
15082.825302
15081.764884
15096.761278
15085.360893
15074.102424
15073.355852
15094.015197
15082.837230
15083.031538
15082.455110
15097.327334
15084.977386
15071.570654
15095.814871
15082.428407
15071.594558
15061.004001
15071.212763
15083.965532
15073.375269
15095.995067
15095.669642
15082.793569
15072.534308
15072.471677
15071.199282
15071.675474
15099.382658
15113.213301
15086.494732
15120.646052
15113.495617
15122.038297
15127.090255
15097.651781
15084.371384
15085.278817
15094.345058
15083.277379
15093.699564
15095.749846
15083.162412
15094.324640
15130.817581
15096.023297
15073.159979
15105.641658
15094.524398
15095.015062
15096.391488
15084.991677
15093.853181
15084.408705
15096.634886
15074.064169
15096.682570
15097.984421
15097.022644
15097.362639
15085.574003
15097.140441
15097.484701
15075.711124
15110.617897
15125.849763
15138.490538
15072.223692
15071.554157
15072.766985
15072.649000
15073.273523
15073.901111
15072.184908
15112.116449
15111.548952
15071.419586
15085.197806
15060.900964
15085.329480
15085.990126
15061.644085
15085.498460
15112.803757
15101.385408
15114.062570
15113.178059
15128.329317
15141.530497
15155.662136
15144.055385
15131.671552
15141.965394
15158.660944
15156.374666
15158.797552
15147.015341
15120.331184
15085.629670
15084.769162
15109.066258
15108.558337
15109.090286
15095.913181
15097.004183
15119.949947
15097.156456
15098.902142
15121.433489
15098.747873
15099.360590
15135.675772
15098.785587
15098.930716
15097.801260
15136.961105
15134.542232
15126.669652
15109.017332
15110.163266
15124.770863
15111.688784
15123.333713
15133.775005
15136.293716
15125.505370
15095.809088
15097.704692
15096.475342
15097.184269
15098.915883
15120.850513
15097.962254
15100.224745
15123.358388
15138.822946
15100.198513
15100.105861
15135.264792
15139.478367
15099.576664
15111.848536
15111.283811
15126.159101
15110.959995
15150.920400
15140.031382
15139.166326
15140.213112
15095.257570
15095.443311
15123.462104
15096.285171
15094.767327
15123.559229
15107.812317
15110.083199
15109.182301
15109.938994
15099.428795
15107.018077
15100.111993
15100.017345
15099.600335
15095.836014
15095.122076
15107.726096
15097.477932
15097.790742
15101.053705
15088.759557
15142.393146
15157.415532
15144.783647
15145.809620
15131.079771
15130.959298
15130.565177
15142.944675
15149.144160
15145.078954
15151.405553
15142.551422
15100.099616
15100.570586
15165.074032
15142.044747
15156.600305
15137.345480
15137.342929
15143.014366
15116.559403
15116.527405
15102.981691
15127.766118
15127.764986
15169.410356
15197.955203
15196.234994
15230.605686
15207.096568
15110.966796
15101.241356
15100.133463
15100.037749
15099.646447
15132.567835
15132.133522
15110.155383
15108.874575
15099.764495
15111.471143
15096.438647
15134.884732
15097.194719
15107.796141
15125.393052
15089.412945
15113.134658
15124.769253
15095.924306
15096.673375
15097.194438
15084.497328
15109.894177
15085.907399
15094.764923
15095.224283
15095.784872
15096.274491
15098.156604
15108.702525
15084.928825
15084.138185
15124.983243
15084.887840
15070.992568
15082.051799
15082.701854
15081.969706
15083.281931
15084.521371
15092.975226
15096.036277
15096.635629
15083.206161
15109.219040
15073.313128
15109.682084
15094.491501
15119.830320
15094.483801
15084.456858
15085.110162
15120.259309
15073.723418
15074.367506
15113.246208
15111.973592
15085.249413
15109.779146
15083.108070
15083.753555
15112.684314
15084.246776
15084.891592
15123.847226
15107.490567
15086.067266
15087.731625
15099.664517
15073.862163
15072.140559
15070.863797
15051.180361
15084.765383
15085.844798
15084.617078
15084.711143
15085.276880
15139.009687
15073.809291
15103.350874
15073.881128
15073.938239
15061.010993
15060.405068
15071.762449
15071.799347
15082.440288
15082.524549
15070.246974
15081.430753
15082.254041
15082.150110
15083.237188
15082.125670
15082.740288
15081.521152
15095.635738
15096.713356
15084.313378
15092.914302
15093.518805
15096.563813
15095.890887
15070.889881
15070.988037
15084.373491
15085.574339
15084.308355
15124.338596
15111.132681
15120.771942
15073.641718
15073.756756
15120.145105
15073.730293
15074.931939
15113.684250
15073.819731
15075.019946
15114.338384
15060.529443
15061.702402
15062.311828
15085.232242
15110.689748
15085.062578
15083.814634
15085.030175
15083.763627
15124.306727
15085.244387
15107.207591
15096.075324
15107.133010
15094.400221
15096.233534
15120.323380
15093.139411
15085.178767
15120.802183
15085.009789
15120.046516
15118.851003
15118.974479
15095.556071
15119.508854
15094.552658
15120.306936
15082.973032
15083.962099
15159.526700
15108.378540
15083.678217
15070.219208
15070.289908
15070.865558
15096.165534
15060.969561
15082.468944
15083.160543
15070.185935
15095.517404
15060.287550
15110.431359
15107.405944
15108.050615
15073.040364
15073.732745
15069.570466
15084.859947
15059.672211
15072.507531
15073.029335
15073.720208
15059.811036
15061.009277
15061.591428
15083.898187
15109.968782
15083.746848
15084.310457
15108.773928
15084.006609
15083.407277
15072.896433
15083.659741
15083.081886
15083.788075
15084.583066
15095.434135
15107.080594
15095.473607
15106.694572
15134.303704
15106.908065
15071.531000
15081.428509
15081.481909
15084.143101
15096.937470
15083.519168
15071.584679
15087.568275
15099.340772
15086.930799
15165.148772
15112.117688
15111.568985
15071.771583
15072.871364
15072.315225
15109.336271
15072.642784
15072.455221
15073.749689
15119.550335
15082.970430
15083.638230
15085.251157
15085.314089
15084.205833
15084.915548
15073.683474
15074.391074
15084.787305
15084.822491
15096.616269
15097.239669
15085.819639
15072.980430
15110.357602
15109.782025
15109.616916
15082.106142
15083.214975
15106.387646
15094.323160
15080.380153
15082.545695
15106.924171
15093.088752
15080.916706
15082.495812
15081.908373
15092.579180
15093.340554
15070.535112
15081.025267
15093.222998
15094.749162
15094.966415
15082.141597
15082.273039
15096.721131
15084.427756
15094.994428
15082.525517
15084.293742
15083.155907
15118.806146
15081.771100
15092.209059
15081.415514
15081.575854
15093.669539
15092.679469
15093.332064
15093.339449
15093.044454
15107.968791
15092.765475
15082.319629
15082.630134
15083.771048
15107.079942
15081.608384
15106.439177
15119.882266
15083.212104
15107.676064
15082.122365
15083.777755
15083.142194
15071.695041
15082.238362
15117.991202
15082.084134
15094.800410
15094.975029
15071.518986
15104.470028
15134.424212
15107.493875
15119.897730
15082.469840
15083.054377
15072.093632
15096.698215
15118.035486
15082.639765
15071.618577
15108.370873
15084.204940
15083.712529
15096.759578
15108.580063
15084.377187
15094.996563
15096.959031
15071.549980
15081.362812
15081.501045
15082.635283
15082.091887
15096.544281
15112.775276
15094.230143
15094.688097
15072.804810
15096.039885
15083.845545
15072.609491
15083.692121
15080.195874
15083.141845
15097.247433
15084.734485
15114.174252
15085.866708
15099.099840
15085.935137
15085.026192
15114.477325
15072.358436
15062.281478
15083.633327
15114.311807
15084.248721
15073.173279
15069.646900
15070.429976
15070.080974
15070.235122
15105.619499
15094.462382
15092.472067
15095.136361
15107.036212
15121.422932
15108.153830
15096.664373
15107.815083
15081.801251
15084.006115
15082.515557
15071.374507
15072.098268
15071.530221
15082.456302
15061.654895
15072.475037
15073.119895
15060.584282
15071.768606
15072.406445
15074.527839
15062.359257
15087.969797
15084.791798
15085.466186
15095.554519
15085.621064
15085.655074
15095.657053
15074.837660
15074.311154
15073.168734
15095.184738
15072.051748
15097.378653
15072.736549
15096.287308
15095.748935
15092.545732
15082.058145
15082.645826
15092.244915
15092.549641
15107.007985
15095.205018
15094.449575
15082.331009
15108.666222
15074.136319
15083.764131
15107.838087
15083.154558
15073.300880
15084.679740
15083.805818
15107.169992
15108.073333
15082.778611
15106.566860
15084.598036
15108.003980
15082.179906
15093.978225
15094.581894
15132.083211
15095.248340
15094.655240
15096.149623
15106.949764
15094.009355
15096.123389
15095.878413
15106.367211
15105.780788
15095.032754
15085.007588
15084.538356
15097.554527
15081.816161
15097.521539
15097.549273
15072.267217
15071.289116
15070.822659
15094.258416
15124.986308
15094.856626
15085.011250
15071.975398
15071.509401
15096.189187
15096.193045
15084.487126
15108.615104
15084.427869
15083.361758
15073.845929
15074.030089
15083.284342
15082.711192
15083.817057
15082.071490
15072.388291
15072.337676
15082.799086
15082.734771
15083.782248
15085.050424
15099.093415
15098.034104
15098.730610
15099.179029
15096.000760
15100.362074
15097.608349
15097.700062
15098.240573
15113.048565
15098.958874
15086.276889
15113.186979
15074.254070
15085.797599
15088.419374
15099.456098
15098.688477
15096.764823
15097.949669
15096.831869
15098.098971
15097.990204
15096.733872
15085.949608
15086.164337
15095.613180
15096.920990
15062.902250
15088.733408
15060.983801
15086.788772
15074.465828
15075.795836
15062.873346
15088.027074
15072.364266
15061.623967
15097.834481
15087.851764
15110.977077
15099.082368
15114.258661
15106.718318
15074.164706
15097.951206
15072.244216
15096.894147
15132.571820
15136.242508
15095.631423
15096.832967
15095.729081
15095.649328
15095.193763
15095.931130
15131.996993
15085.379090
15098.001674
15109.626914
15086.615453
15110.445020
15097.295568
15108.781437
15096.571253
15124.279864
15096.103944
15084.152165
15083.574602
15106.618614
15133.587873
15107.747184
15106.995850
15108.377286
15107.595734
15106.373285
15125.647893
15085.099311
15086.300312
15148.585478
15074.161220
15072.860851
15096.610195
15095.662649
15087.296870
15086.731591
15096.447797
15096.812010
15095.237042
15095.131493
15120.636680
15084.728298
15136.910290
15162.946308
15163.634991
15088.270008
15088.273447
15103.593598
15061.616698
15115.562928
15075.033815
15076.233147
15111.153783
15112.920985
15112.318472
15097.768177
15085.503713
15087.877405
15087.516048
15101.814015
15087.083115
15086.209553
15097.302459
15084.672988
15070.767278
15072.098348
15087.160655
15124.124328
15087.697098
15109.338374
15097.676634
15084.958488
15087.195869
15086.835068
15085.314174
15070.781715
15070.807965
15072.346718
15125.663843
15111.366150
15152.597082
15123.774156
15110.509941
15123.546866
15125.057971
15111.786784
15124.265671
15119.951618
15097.830681
15109.027966
15096.303734
15107.762280
15136.240957
15123.681305
15122.521490
15096.974893
15108.431057
15136.838874
15110.676614
15110.025043
15126.190879
15124.286899
15110.995022
15123.575069
15100.020855
15123.728817
15111.314399
15114.623469
15101.336247
15090.041136
15124.586864
15111.716794
15099.987788
15112.470098
15100.155293
15109.509300
15110.474018
15100.023697
15110.621648
15101.020541
15098.380064
15097.648202
15087.127831
15099.287672
15098.641339
15097.660843
15097.283776
15096.751726
15097.578764
15097.228435
15108.482421
15108.990219
15093.896126
15094.970333
15094.510135
15083.117536
15095.560365
15084.511003
15086.519888
15087.453942
15085.967749
15085.494798
15084.647693
15086.495491
15095.750327
15105.678356
15095.724011
15097.293175
15109.518343
15096.980382
15093.774027
15095.179935
15111.056379
15125.438449
15110.958609
15112.179333
15109.353201
15101.162281
15100.327145
15111.414433
15098.478366
15099.027577
15097.048143
15111.239090
15109.989088
15110.765719
15108.089702
15088.933623
15086.687451
15098.411235
15095.580429
15083.653819
15084.951409
15083.731497
15125.512060
15100.228039
15089.088095
15082.985380
15086.227419
15096.144561
15083.896141
15094.479435
15096.361669
15096.789747
15097.585292
15085.951084
15094.012032
15082.234394
15082.257638
15082.865900
15082.328430
15071.464937
15093.413286
15093.420469
15117.734248
15096.438959
15082.025849
15081.367839
15070.795572
15072.086599
15070.915626
15096.538113
15095.900132
15085.771004
15099.587756
15088.485789
15086.411446
15098.722592
15098.010486
15098.509528
15084.670864
15085.838053
15094.617487
15085.154808
15093.301352
15095.085949
15094.046971
15083.980301
15084.490469
15093.855786
15083.881289
15106.321119
15105.199410
15093.818626
15083.731571
15086.160865
15108.017291
15084.554701
15084.442583
15093.878129
15094.318813
15085.634720
15109.064877
15097.097231
15096.577314
15109.131206
15074.189854
15074.250802
15073.063931
15071.662250
15073.464885
15072.232939
15100.328518
15112.711755
15113.868394
15097.861912
15073.723455
15073.742880
15097.342118
15073.203062
15073.742030
15073.136842
15123.873987
15155.737264
15099.951050
15098.783558
15113.822484
15113.798645
15112.056476
15100.762701
15086.946481
15108.161635
15085.727383
15085.785004
15107.668402
15083.773574
15083.739350
15094.583742
15118.774549
15098.094775
15089.111158
15089.417025
15110.972877
15085.812038
15085.106007
15111.406987
15097.513374
15097.341120
15122.586835
15097.444342
15114.595037
15114.629939
15095.623614
15084.503897
15086.041932
15097.050482
15096.375934
15096.409683
15086.041939
15075.534406
15113.707157
15097.378527
15085.207605
15072.321110
15084.558127
15071.622069
15084.538175
15085.884494
15072.228031
15085.818524
15075.977496
15088.565150
15096.017007
15095.781802
15082.166427
15094.250766
15072.156348
15083.734048
15082.843034
15083.000297
15095.394536
15114.811365
15060.968681
15085.139523
15071.600146
15061.611134
15085.127601
15111.178488
15102.567889
15112.743960
15111.690509
15101.985028
15113.880256
15109.655496
15137.718431
15137.189484
15096.339510
15096.419669
15121.806925
15096.824277
15097.018565
15121.914818
15088.942062
15088.353925
15075.028193
15112.431427
15076.892660
15101.479502
15089.200033
15085.173223
15113.221510
15134.972594
15095.019729
15086.911682
15111.564709
15152.853569
15154.092934
15142.102673
15083.824517
15108.793578
15136.209196
15150.332383
15087.617472
15077.159036
15122.199037
15086.929656
15108.556507
15108.028012
15097.980936
15098.097593
15130.507595
15115.254987
15097.689554
15097.174778
15122.743434
15110.591296
15111.169813
15110.107999
15115.358776
15085.249663
15108.717944
15084.336597
15108.892305
15108.935718
15073.240532
15083.796553
15108.836550
15084.953667
15072.669542
15083.736947
15082.969063
15094.727847
15083.763797
15094.975041
15126.854438
15087.372448
15085.475796
15086.975859
15099.965544
15099.272407
15086.275593
15109.483545
15085.077099
15096.339596
15110.975768
15111.528108
15110.329574
15085.133478
15084.445613
15099.344037
15073.937229
15085.056586
15109.013846
15084.282787
15095.456040
15112.055549
15125.694084
15088.329686
15087.634869
15127.726164
15087.732204
15099.926149
15095.526977
15095.253403
15095.354197
15104.738128
15118.986654
15091.482797
15092.397611
15094.469155
15083.395574
15095.937809
15095.848820
15094.330343
15150.315794
15109.090091
15094.820184
15132.666018
15096.593273
15097.707103
15109.552618
15086.696586
15085.527087
15087.289816
15150.415087
15110.335080
15108.590291
15087.181604
15086.013216
15097.087088
15096.457815
15110.114603
15133.780257
15122.160649
15121.592012
15105.686342
15097.733819
15096.565463
15096.460387
15097.128913
15121.548508
15120.923035
15109.586988
15109.029773
15108.627912
15107.908866
15112.071465
15131.754090
15140.326802
15071.729228
15073.820790
15086.488706
15168.595551
15122.855829
15123.176099
15132.429181
15109.743909
15119.093675
15121.170800
15109.751180
15099.217169
15119.620225
15142.529515
15142.546547
15125.811032
15141.897130
15137.349034
15141.911958
15135.594091
15168.613311
15143.410239
15113.647425
15143.369994
15114.265342
15127.189038
15131.914810
15131.890254
15153.246248
15124.105252
15137.978967
15113.582567
15153.232870
15146.681465
15136.294198
15129.429618
15128.039353
15122.885701
15086.812293
15086.870780
15128.797292
15137.836720
15122.414712
15122.002570
15110.655089
15107.662055
15140.030703
15098.538648
15122.592673
15109.339981
15130.285093
15115.868915
15116.441127
15111.318770
15090.244295
15118.789684
15123.068293
15109.371574
15111.205091
15110.547097
15123.436887
15122.519713
15110.036773
15109.888343
15123.424654
15121.924043
15110.798907
15111.735287
15111.409684
15111.733159
15111.895794
15109.286507
15083.157074
15094.869568
15083.074141
15084.607585
15084.376389
15082.516246
15083.011897
15082.143205
15096.980765
15072.689704
15086.992777
15111.826021
15086.178251
15084.206542
15085.859607
15085.834686
15084.734133
15074.265660
15073.783127
15098.071851
15072.127910
15124.413453
15081.558657
15082.207817
15082.137182
15085.207456
15113.343625
15134.710705
15111.756389
15101.421133
15113.427584
15112.361978
15112.790821
15113.527980
15113.518176
15113.273090
15101.586066
15112.923782
15125.116845
15097.709137
15085.062814
15084.958890
15085.915145
15085.575298
15085.101804
15085.041399
15086.066030
15085.701018
15087.110029
15111.910412
15086.190425
15084.176677
15084.344354
15084.157191
15083.331775
15084.312404
15083.719246
15094.352773
15094.923344
15083.904367
15084.367337
15097.502152
15096.216772
15098.272334
15096.575672
15097.057986
15123.911615
15085.765835
15085.592720
15074.004939
15074.085974
15086.512088
15085.957352
15085.939792
15097.283662
15097.808705
15097.802565
15072.697634
15082.775576
15072.211144
15099.277897
15098.739731
15099.815153
15086.497138
15074.079579
15074.162023
15095.674967
15085.913789
15086.253190
15072.929528
15084.269736
15073.032046
15107.623155
15086.836033
15083.942087
15083.457515
15083.517323
15083.120214
15082.371185
15081.666755
15080.298545
15083.379685
15095.908803
15093.592250
15084.744021
15084.330247
15082.573501
15082.143671
15082.093323
15085.912186
15086.053965
15085.360504
15085.500971
15070.906941
15072.110255
15084.134426
15086.617953
15096.910407
15096.724037
15135.571496
15096.826291
15083.211347
15110.741333
15086.883977
15101.043052
15084.186682
15083.054228
15095.983669
15082.878698
15109.686402
15083.549391
15108.479281
15072.225021
15082.785832
15084.488453
15082.326752
15109.033872
15072.297353
15097.344696
15082.405844
15084.629366
15095.939020
15095.324604
15108.460511
15088.470248
15110.354809
15085.919918
15088.751480
15097.240827
15095.979259
15096.043069
15109.525122
15072.774202
15085.094268
15124.945535
15123.775524
15085.793576
15085.895419
15122.406707
15122.409736
15123.527971
15112.566865
15141.088282
15124.076341
15122.895067
15122.935457
15124.494158
15098.519936
15085.575367
15097.645080
15096.274419
15095.110264
15120.317337
15107.082999
15098.126842
15097.811352
15095.838780
15099.376782
15109.215798
15109.279115
15099.014116
15108.851666
15097.001817
15107.425638
15150.103018
15086.890891
15086.644768
15098.353342
15107.926484
15097.706845
15097.972468
15095.922830
15083.601289
15108.770548
15073.462235
15100.379708
15111.754111
15124.727681
15100.588992
15101.777129
15114.502554
15125.491849
15125.873649
15074.644760
15099.161681
15073.766037
15098.909057
15122.406774
15095.608400
15120.281044
15095.622825
15087.142167
15098.297441
15120.875261
15110.828540
15086.973868
15120.767388
15097.240928
15086.339945
15110.212018
15096.984172
15096.330567
15110.794122
15112.227704
15121.181320
15108.007878
15098.036973
15100.633158
15089.029521
15101.041291
15124.069089
15100.613922
15098.157631
15097.655679
15112.610136
15111.010225
15121.794300
15109.286034
15110.447304
15120.940653
15110.706824
15108.677233
15099.194106
15085.856194
15085.653426
15072.925944
15094.088207
15108.722631
15108.777813
15094.317588
15094.467077
15095.038526
15083.554649
15086.202069
15121.245745
15108.935733
15094.754524
15096.717478
15106.216894
15094.371375
15094.799553
15096.774187
15106.165001
15094.719575
15084.041719
15083.813820
15071.633627
15084.859428
15085.143893
15071.795910
15094.953282
15095.209226
15109.065874
15096.297700
15084.816146
15083.667043
15082.988809
15108.876632
15094.314100
15106.901358
15095.050602
15110.158558
15109.027318
15094.473617
15107.723123
15095.208125
15094.576540
15082.154505
15082.292678
15084.298821
15085.859990
15098.006115
15082.863700
15097.841215
15111.717537
15086.278376
15109.166394
15095.153637
15095.786993
15097.532356
15094.906786
15084.258547
15119.466631
15118.558449
15094.106550
15083.440852
15107.941311
15083.481193
15093.672223
15072.451889
15107.602404
15119.907197
15111.432205
15086.004495
15097.035601
15104.834837
15094.270948
15096.783990
15119.539387
15104.472973
15093.880405
15097.777232
15105.444432
15094.924168
15097.479684
15120.267792
15130.899878
15084.015078
15094.501673
15100.085231
15106.295996
15095.807245
15099.759618
15096.968654
15094.094957
15083.066473
15096.693860
15107.687878
15094.456674
15131.432243
15094.981402
15086.539366
15072.954575
15085.851076
15086.161129
15084.196531
15082.258999
15071.722780
15107.664446
15086.848879
15084.775737
15083.116614
15083.493545
15082.167314
15080.877432
15083.489017
15086.360129
15100.019242
15109.281523
15086.046685
15082.409705
15120.756725
15071.667432
15082.174615
15083.885776
15081.693406
15072.856062
15097.795473
15082.911902
15085.117064
15108.951217
15087.831066
15085.353088
15088.011182
15095.410428
15095.365534
15072.115441
15084.411329
15096.764612
15119.231415
15130.250931
15073.181869
15115.720214
15124.051180
15099.502342
15098.892689
15098.745530
15098.229472
15075.659788
15098.953103
15097.658393
15097.725911
15097.731467
15126.517519
15126.472205
15084.846033
15125.376207
15086.065675
15084.891128
15122.816865
15097.859128
15072.655665
15086.279843
15074.582978
15087.879348
15098.198048
15096.396972
15100.497860
15100.524696
15059.101471
15059.645269
15059.183279
15058.555908
15094.396827
15095.706559
15097.830545
15083.676106
15072.436654
15083.748813
15095.252235
15096.491129
15075.394646
15097.181268
15085.286209
15098.539757
15084.489914
15085.117692
15097.202996
15073.251425
15095.823972
15095.960237
15096.498503
15097.270886
15086.605982
15098.510374
15096.038317
15095.992285
15084.531419
15073.298296
15083.132040
15084.429172
15071.505369
15070.929957
15070.884456
15070.750028
15072.105916
15071.630129
15071.496615
15071.771699
15072.265843
15082.133131
15071.645376
15071.590728
15071.548750
15048.109187
15060.713174
15059.470101
15100.338454
15071.709755
15072.331762
15072.199424
15100.850637
15082.181752
15082.761232
15081.455585
15071.464192
15071.399885
15070.752171
15081.419331
15070.713710
15072.097692
15071.306748
15070.311073
15071.546319
15070.223873
15070.208998
15071.518684
15071.545984
15071.372093
15071.339431
15070.982548
15070.888455
15071.438509
15070.882295
15071.508933
15071.440876
15083.251650
15072.739825
15072.715943
15125.545909
15131.037510
15130.251000
15113.388327
15113.993814
15109.151695
15110.281623
15125.634792
15114.399576
15152.325357
15110.573482
15122.112989
15111.116822
15127.608761
15087.397562
15088.692729
15085.414581
15086.133794
15087.118623
15120.711910
15121.424383
15127.565879
15110.650792
15110.973045
15113.063443
15135.347095
15167.317067
15114.973837
15112.775639
15126.936763
15136.422789
15124.408950
15109.404184
15138.684410
15126.374539
15126.716503
15135.754583
15123.402166
15109.045293
15108.406810
15120.209209
15085.247243
15109.103829
15086.163436
15140.828509
15149.879304
15149.123742
15106.563696
15107.318354
15123.817130
15133.118463
15110.078400
15150.574163
15121.140315
15099.237588
15110.232037
15096.663763
15096.601442
15096.002555
15098.152467
15120.793376
15098.500300
15082.974914
15082.928645
15084.690555
15108.311938
15107.865218
15110.537510
15128.586890
15098.037371
15097.442887
15097.542880
15110.839392
15128.931656
15111.341846
15120.859059
15125.764524
15085.269202
15083.128743
15085.199789
15108.852127
15097.785091
15115.766293
15089.538390
15101.183439
15100.655097
15142.905768
15131.661421
15136.045823
15137.179115
15124.514748
15102.150763
15076.050307
15103.943879
15127.325018
15131.804318
15145.803567
15156.872263
15129.876364
15113.939398
15156.347169
15129.350845
15115.161423
15128.822976
15154.378295
15115.314818
15125.813685
15127.354536
15086.899573
15086.921728
15099.976090
15085.136667
15085.814988
15062.936403
15073.133870
15084.233579
15083.726503
15085.076415
15085.677928
15084.325373
15086.025123
15083.257675
15076.137058
15097.927403
15083.886454
15083.854349
15098.009786
15085.284386
15097.212556
15085.120175
15083.867551
15096.613937
15073.358050
15084.456465
15097.288674
15074.053918
15085.011198
15096.250766
15085.267452
15096.188293
15095.275458
15096.725172
15094.337074
15094.373799
15098.016857
15095.944780
15095.960840
15096.066095
15085.817200
15083.885384
15081.751013
15084.309596
15073.213355
15084.260094
15083.011893
15083.093449
15094.484142
15083.852599
15083.200830
15097.850738
15099.145269
15086.402673
15084.427610
15083.678902
15073.170135
15084.265318
15094.616628
15094.654171
15084.364143
15095.582532
15095.565613
15097.174187
15096.601510
15096.017368
15095.859703
15087.832873
15087.055577
15086.134254
15112.101193
15101.113237
15125.759650
15111.848123
15100.755658
15100.376397
15088.793478
15111.039091
15086.356388
15108.805406
15085.201868
15084.283487
15087.110423
15086.177726
15085.438028
15086.152662
15077.745311
15111.142832
15076.809767
15110.907267
15075.647135
15085.015255
15076.785936
15110.464759
15098.906970
15099.571000
15110.978869
15110.827899
15089.008257
15087.273912
15073.692554
15072.969227
15086.742301
15085.446549
15086.663002
15082.074889
15097.304984
15073.404705
15083.307191
15071.249691
15097.387874
15072.802952
15072.517063
15072.552128
15103.453912
15072.063532
15071.559966
15071.947961
15071.811592
15072.497189
15094.209129
15095.526714
15072.937636
15123.327776
15089.511927
15112.710672
15126.237176
15134.587157
15108.556498
15137.042418
15109.227163
15126.612340
15125.816982
15126.572227
15111.704588
15128.990682
15126.569518
15125.941980
15116.642973
15128.315376
15142.963621
15125.912520
15115.960464
15113.699639
15130.964350
15090.130985
15099.988585
15145.842564
15085.205874
15107.715716
15096.019270
15086.562724
15095.870360
15124.737305
15124.729030
15095.868663
15087.152219
15095.241433
15122.752545
15122.743321
15095.906929
15084.002529
15085.820801
15108.294930
15096.591019
15113.551391
15087.653960
15115.246951
15084.417182
15083.754780
15083.824475
15098.294711
15107.232031
15107.880171
15136.638462
15137.738539
15108.261280
15093.719621
15107.575285
15108.955887
15085.519554
15083.189633
15097.562358
15097.577503
15061.742392
15082.527995
15094.605866
15123.426413
15123.917236
15122.521496
15095.079259
15071.915607
15085.723533
15084.563684
15097.378350
15097.861348
15073.287608
15083.201786
15095.016840
15122.055565
15095.660931
15071.696237
15106.355194
15095.676012
15162.714977
15112.877025
15114.239837
15123.024744
15122.974411
15109.792094
15140.583780
15111.355806
15125.576770
15125.601675
15113.095300
15113.645091
15113.736219
15102.040268
15107.708781
15110.777179
15126.488314
15137.760679
15111.619074
15100.558829
15122.557837
15099.362197
15097.938077
15097.811791
15096.706841
15121.920169
15125.066582
15123.429893
15108.620429
15107.931001
15125.819873
15111.207032
15129.158367
15141.439980
15112.134696
15113.743730
15111.186729
15113.018951
15139.319203
15128.909870
15102.421293
15099.218224
15099.272073
15101.899666
15101.899683
15099.130340
15099.159759
15083.358606
15082.213075
15070.895508
15070.969399
15070.706159
15081.478725
15070.757783
15071.411485
15070.825044
15071.492542
15071.550414
15107.164083
15070.867543
15070.836152
15071.520161
15070.977056
15070.898087
15070.843371
15124.370357
15072.749861
15072.122947
15074.082783
15073.299750
15073.383976
15096.939552
15085.024715
15084.810377
15061.038370
15071.065341
15060.353171
15070.835622
15070.135969
15070.139059
15083.511561
15071.440220
15072.048054
15070.159399
15070.267458
15071.394767
15070.173431
15081.968126
15081.321025
15070.170402
15070.798754
15070.151308
15070.891565
15071.423754
15072.138388
15072.253832
15071.473174
15071.530553
15072.089359
15086.185080
15061.585703
15060.355643
15097.557042
15085.953705
15096.133094
15095.517538
15098.506900
15098.572325
15083.510943
15085.637300
15085.449206
15083.216876
15108.958611
15084.391800
15093.046664
15083.113698
15084.333479
15083.632332
15108.261609
15083.754733
15070.996991
15070.990760
15070.277472
15099.029655
15110.920792
15111.475276
15086.151831
15123.994160
15119.894576
15123.909173
15102.054596
15100.643787
15153.101428
15112.289068
15111.556893
15113.362586
15159.816926
15109.738065
15122.734796
15121.178913
15120.516652
15121.257716
15125.318974
15112.987558
15125.211128
15111.687223
15114.287460
15112.948377
15095.797328
15096.029777
15122.936576
15123.467602
15096.006832
15124.103979
15138.307370
15127.602600
15111.302551
15109.976522
15095.886614
15096.584683
15122.323907
15110.498225
15095.362706
15110.493927
15111.998969
15124.846467
15123.422111
15133.196481
15101.286223
15112.951428
15112.958414
15112.327035
15086.419701
15086.261379
15111.283761
15086.922860
15085.622298
15085.684727
15086.368059
15139.273014
15139.048412
15137.843616
15102.822890
15126.909584
15098.415863
15097.725608
15110.144093
15110.072423
15112.257393
15112.232340
15097.109333
15098.186624
15097.054574
15096.338168
15097.743909
15075.123174
15075.876513
15100.108580
15085.389277
15086.563580
15125.226995
15085.439328
15098.162270
15099.369584
15097.485871
15098.676126
15127.874873
15128.357753
15099.553241
15099.529147
15059.009300
15058.791998
15059.414325
15070.064671
15058.281427
15095.142536
15070.261024
15070.279054
15081.608083
15086.385653
15086.259886
15086.857314
15097.373389
15083.677884
15073.775964
15099.662693
15076.995953
15076.689326
15099.774102
15073.466685
15085.141040
15071.535293
15071.471802
15112.849321
15113.966467
15085.664126
15096.649768
15085.291795
15095.867910
15085.878819
15072.229314
15072.997645
15074.598399
15074.426620
15059.672790
15083.426638
15060.876455
15096.465559
15060.821759
15060.949130
15096.459194
15060.850387
15059.764040
15084.983289
15070.295966
15060.428370
15113.604435
15083.556374
15060.204762
15060.232312
15082.848542
15061.521592
15061.657879
15084.998787
15061.499443
15061.610381
15084.994354
15071.357590
15072.054250
15072.697868
15073.398923
15071.172783
15071.126427
15071.651520
15085.330726
15072.863581
15071.136281
15096.959336
15072.055692
15072.759725
15085.870770
15072.199450
15082.759155
15070.982600
15085.046099
15084.848670
15061.716544
15072.254906
15060.568438
15071.562235
15070.299220
15070.815148
15083.075089
15082.998614
15072.159893
15071.017259
15070.341977
15071.028478
15081.903815
15080.798018
15070.305315
15070.821383
15082.757373
15082.830207
15070.801092
15083.474767
15072.068422
15070.932542
15071.693626
15071.020304
15072.292215
15072.368847
15071.210996
15071.645400
15072.755195
15061.080385
15071.620781
15060.315584
15070.856607
15071.440397
15096.903453
15073.280119
15072.200854
15071.036192
15071.585457
15071.668575
15071.788198
15096.177722
15072.872874
15072.155229
15123.983448
15098.703212
15075.553714
15099.286984
15099.623500
15111.785778
15124.298883
15113.326135
15113.523371
15122.460683
15122.355564
15098.330377
15120.884383
15107.146908
15118.855682
15108.504915
15070.256269
15070.885608
15086.091308
15098.236426
15087.424071
15127.054623
15128.748234
15124.161317
15112.030918
15113.412512
15113.095349
15148.235682
15136.637118
15137.553099
15140.408254
15124.649060
15124.234030
15099.157783
15122.030478
15113.098223
15114.804367
15099.943746
15123.973800
15165.038847
15115.340260
15114.040356
15138.932979
15109.453350
15099.965915
15110.093515
15100.653196
15124.876311
15132.957578
15109.610255
15107.901318
15098.589196
15124.012303
15109.361896
15111.216395
15113.663493
15111.646051
15111.801436
15123.736845
15099.776335
15148.573778
15148.303714
15165.910742
15148.397071
15148.501028
15164.119124
15150.774257
15109.619024
15102.764018
15104.618796
15102.739806
15102.591856
15113.043742
15101.398400
15112.337201
15153.962487
15102.809913
15122.579155
15126.054198
15136.517672
15119.261287
15126.117898
15127.293467
15090.315957
15098.998555
15086.237874
15085.982130
15096.578006
15097.776962
15098.374602
15126.948492
15095.167041
15095.202471
15085.155044
15085.803118
15119.607451
15105.358175
15094.535924
15084.463544
15094.460208
15093.813725
15085.063249
15083.937197
15118.940810
15094.138507
15083.982991
15083.695841
15125.599716
15093.215169
15083.229921
15094.670163
15094.586348
15086.344354
15084.199731
15108.892563
15109.499047
15108.951171
15112.858668
15115.020808
15083.561493
15060.991581
15071.576376
15070.393460
15124.068191
15123.562393
15096.745593
15083.913665
15072.768582
15096.003976
15082.506676
15083.635735
15122.851301
15084.123855
15084.524488
15110.434096
15074.172378
15110.395527
15080.917591
15094.405673
15081.062030
15081.110459
15123.035980
15096.160347
15072.116322
15084.362983
15120.724514
15095.611332
15070.995085
15097.518121
15072.946238
15096.116600
15070.999525
15106.421262
15096.220821
15082.516574
15085.093038
15106.943641
15083.243833
15085.217711
15119.289392
15097.358625
15072.469789
15108.718066
15109.142174
15074.419415
15085.799206
15097.353261
15084.462700
15107.434704
15093.623594
15083.756354
15096.868293
15083.620202
15083.040059
15094.938314
15119.257262
15132.188342
15093.798124
15093.839890
15112.988207
15122.496835
15086.172972
15086.066663
15108.404045
15082.623176
15072.744651
15107.875363
15072.700303
15096.041686
15083.964121
15084.177938
15109.745921
15084.654232
15075.287539
15108.660525
15074.626481
15097.873740
15097.175123
15073.654648
15114.572849
15113.764522
15086.899936
15086.253982
15086.210280
15100.119778
15098.448057
15088.252445
15087.528375
15087.697727
15075.824079
15075.194205
15090.138360
15100.475290
15088.825576
15088.191331
15101.098061
15121.126774
15121.156968
15096.875145
15107.838683
15107.122837
15109.855423
15112.955836
15096.825539
15098.509605
15124.007880
15091.357277
15118.893449
15114.879967
15108.156374
15097.992542
15097.913562
15100.703993
15126.285210
15246.839015
15241.014793
15263.685744
15260.867266
15394.731150
15122.969934
15110.373921
15140.516674
15122.554819
15122.462499
15099.558272
15110.578422
15138.383069
15128.838229
15110.688786
15110.847187
15139.623848
15111.314500
15118.817458
15128.088081
15122.962585
15129.472726
15116.456456
15089.652624
15111.912305
15117.072562
15130.312017
15163.142708
15098.923558
15121.083258
15110.858491
15110.685929
15123.139412
15140.112648
15125.684223
15123.009016
15115.913670
15110.251440
15110.243361
15151.742715
15110.597693
15109.851595
15133.677858
15099.095471
15109.386614
15110.179581
15098.152887
15148.955724
15134.181128
15123.078406
15121.156950
15126.438888
15124.122839
15108.644454
15108.058089
15108.080069
15109.232180
15147.938823
15108.606561
15121.162892
15122.295438
15095.388031
15084.627438
15118.566912
15095.179291
15095.111510
15095.175210
15130.953285
15096.895128
15097.165791
15094.391272
15095.500027
15084.454313
15095.660538
15119.734192
15105.547028
15108.669926
15120.437156
15098.295461
15110.561054
15108.446000
15084.055266
15118.562424
15094.513838
15094.602121
15096.601403
15094.276666
15093.227653
15096.317205
15122.141960
15096.640254
15097.214027
15086.247645
15121.596021
15095.931484
15096.626561
15097.807164
15105.699156
15094.200500
15095.844017
15098.897432
15083.892659
15106.260130
15093.329770
15094.478291
15094.581586
15092.565602
15096.240654
15096.464567
15093.698937
15094.913912
15083.821409
15098.297156
15097.899199
15098.958628
15096.511775
15097.792718
15085.737101
15095.568022
15096.998860
15105.561284
15097.267260
15108.601590
15098.368725
15086.489759
15098.288185
15098.529527
15098.362536
15110.601902
15138.622621
15140.172453
15109.315825
15083.870010
15107.977602
15097.568871
15110.027082
15110.453042
15133.183345
15120.876866
15119.264274
15117.901768
15107.508862
15122.812284
15135.826856
15094.850087
15096.634459
15108.908577
15094.404689
15083.802599
15107.225171
15121.121325
15108.969074
15120.512023
15096.812227
15109.202630
15121.463511
15119.521826
15109.657102
15110.649134
15121.748238
15122.869660
15120.272891
15110.965440
15111.019569
15123.656521
15112.864973
15123.884119
15123.733154
15140.314799
15112.641033
15112.541462
15134.383053
15122.906377
15124.068642
15096.588697
15100.294905
15124.917580
15098.174967
15106.401634
15097.465891
15095.244046
15095.218664
15134.618061
15108.693136
15085.208610
15132.688596
15093.512285
15074.695420
15109.242721
15086.139408
15113.411838
15099.229940
15113.148567
15090.012325
15112.649896
15125.555782
15113.350322
15125.501204
15097.243061
15124.908371
15125.609479
15124.495861
15108.764630
15130.359324
15128.465533
15083.911730
15071.407571
15071.463240
15059.084495
15059.527642
15060.280932
15094.640111
15070.927979
15069.713164
15096.067401
15084.570689
15097.841619
15073.356277
15087.321821
15076.805860
15086.739158
15086.412498
15100.199107
15126.967946
15100.736053
15060.691267
15059.412345
15059.492873
15060.201935
15070.743087
15129.690960
15130.467076
15051.717236
15088.481683
15085.071783
15085.849337
15074.046547
15074.066178
15074.749678
15086.584249
15075.363702
15073.591415
15073.576596
15073.659756
15074.247486
15073.483034
15061.540372
15060.268163
15095.366195
15095.742218
15096.249426
15104.354570
15104.428028
15071.673212
15071.075447
15071.161588
15081.639970
15081.025968
15081.066594
15060.205056
15072.858340
15072.263761
15072.372390
15082.905541
15060.850614
15096.522315
15096.523994
15125.723466
15087.006760
15126.229321
15122.797586
15098.649985
15087.371501
15098.414294
15097.585297
15086.813718
15087.806905
15096.129933
15095.807642
15095.897660
15097.391533
15124.329402
15111.146254
15087.227893
15100.102009
15112.309674
15100.852559
15089.809077
15070.722705
15071.487101
15095.385495
15097.257123
15072.668628
15083.309018
15107.152779
15096.027018
15061.446118
15060.836884
15060.869915
15071.610787
15071.617720
15071.993373
15061.594590
15072.715853
15095.959222
15061.595539
15061.653000
15062.200570
15108.601126
15072.922846
15108.671169
15072.397870
15112.815009
15095.915160
15096.488166
15096.056639
15096.612212
15151.663493
15107.742502
15107.743883
15128.561458
15098.133500
15100.269280
15120.412258
15085.756103
15095.834265
15105.546277
15106.346982
15105.640116
15107.008641
15085.176784
15086.331636
15080.836521
15070.324013
15080.970691
15081.588116
15071.589571
15071.480664
15087.838537
15098.931398
15093.487908
15080.721325
15081.931083
15081.928463
15082.010934
15117.181647
15095.296387
15093.447985
15081.337502
15084.785790
15084.731563
15095.819157
15072.977270
15072.313069
15112.915668
15073.937072
15095.924367
15069.576217
15081.304781
15069.611061
15072.269834
15071.621285
15112.252184
15059.116997
15060.850493
15060.374005
15112.754738
15112.682576
15114.073007
15102.937822
15124.269826
15110.216264
15126.345914
15137.528652
15096.241141
15095.052971
15095.842937
15109.648978
15112.425808
15149.859255
15094.304521
15102.699956
15127.369177
15137.976296
15113.589921
15107.774699
15098.009605
15084.339973
15084.275987
15107.250266
15097.468940
15099.844419
15113.142560
15099.721132
15112.979519
15125.354523
15108.979203
15084.469972
15073.200363
15109.001849
15096.028935
15098.537012
15097.794168
15062.080349
15061.500157
15062.667499
15060.841168
15060.919162
15086.750009
15084.950935
15084.666302
15073.916104
15085.595542
15097.831210
15097.468316
15084.451571
15083.918110
15059.477962
15060.214807
15071.823675
15072.520640
15085.615721
15083.865566
15083.700756
15073.767288
15097.208941
15084.458973
15096.782681
15071.742257
15083.036822
15083.033114
15086.250434
15086.817123
15061.747481
15109.520769
15111.506952
15072.852224
15083.529865
15106.947271
15108.237131
15122.920169
15108.313032
15122.919305
15107.060373
15050.827330
15050.898214
15048.955011
15113.760597
15095.641662
15095.652761
15086.625720
15110.056965
15097.239204
15089.033867
15074.049852
15110.472489
15086.767828
15087.324239
15097.917534
15130.799649
15120.048688
15113.188977
15087.882543
15087.541215
15086.705927
15095.567007
15095.594708
15110.642524
15097.780174
15099.225122
15098.090149
15109.002206
15098.073381
15087.480534
15087.839578
15086.688145
15110.632400
15097.228199
15096.785227
15087.468072
15099.807870
15121.469459
15121.463606
15098.478396
15123.956453
15098.803726
15110.808742
15134.254914
15113.461544
15124.041836
15125.752561
15137.273234
15109.541820
15112.437256
15100.923284
15134.224816
15141.103268
15112.954800
15110.882896
15124.021821
15125.741524
15115.598387
15104.881548
15076.555422
15073.271331
15077.910139
15062.323173
15087.615779
15086.646727
15124.768871
15097.554133
15072.065474
15073.334095
15073.091728
15115.949648
15115.906595
15073.426249
15072.326326
15073.138209
15096.315771
15084.731670
15085.304370
15094.780298
15095.369782
15071.716915
15082.637749
15083.825161
15075.231866
15073.521512
15049.610809
15050.851159
15096.398532
15096.353149
15060.370195
15060.907898
15062.119941
15111.758468
15071.592253
15096.148461
15083.584727
15083.090411
15083.723258
15081.454822
15084.127317
15082.622050
15081.995330
15070.174771
15085.292774
15070.875613
15084.733777
15074.783998
15098.060657
15088.269995
15074.576330
15101.051322
15073.544233
15060.962700
15061.009197
15084.393524
15071.577582
15084.974344
15084.629463
15072.865821
15085.818241
15080.352122
15080.957369
15094.193134
15069.932013
15070.584777
15080.489050
15082.220841
15083.918472
15084.249090
15083.299239
15083.415401
15084.075429
15083.137513
15083.179440
15071.667956
15083.620220
15085.150513
15071.740987
15085.727433
15085.254832
15072.895545
15086.439839
15095.362658
15093.389502
15081.639428
15081.752772
15082.865828
15091.575929
15080.308120
15082.179601
15081.007972
15081.023342
15082.113051
15107.264791
15070.928576
15072.139747
15070.364098
15085.947984
15070.313937
15071.609437
15081.520945
15070.984377
15083.906891
15085.322115
15085.170903
15086.847072
15061.131954
15071.669137
15071.243977
15084.077808
15120.023654
15131.513390
15147.968436
15146.072340
15148.571299
15142.042111
15114.817642
15125.814468
15113.911388
15113.869021
15115.044871
15125.584236
15083.949387
15086.371011
15083.499602
15084.493149
15072.823090
15071.634684
15072.392470
15081.965382
15071.732310
15084.087507
15083.104568
15060.909666
15060.175777
15082.382592
15087.626332
15061.915487
15062.373687
15060.212479
15060.544689
15060.423492
15059.478502
15072.665492
15048.796882
15119.865300
15086.446172
15099.387882
15095.279928
15094.518992
15060.319671
15084.737633
15059.674049
15060.230254
15121.592018
15073.069828
15073.601268
15072.900277
15060.981716
15084.189049
15085.316819
15060.981041
15060.227158
15083.314516
15059.577975
15058.992938
15058.822670
15120.918283
15072.380736
15082.217057
15072.937625
15059.815042
15070.176949
15059.631782
15070.735313
15060.308287
15095.820055
15070.088938
15058.113394
15070.602971
15083.572838
15082.884651
15119.136819
15080.105534
15083.616282
15083.098805
15105.492760
15105.457806
15106.693191
15104.941618
15106.149102
15073.134879
15086.594962
15085.881012
15084.325044
15073.212187
15083.932510
15083.622799
15060.938094
15085.608394
15083.137100
15082.301588
15071.619868
15112.275784
15126.291094
15111.715406
15115.333906
15098.599430
15113.247240
15126.947449
15112.499752
15113.772771
15113.166327
15111.293272
15110.609580
15126.263242
15112.411230
15153.752244
15126.834227
15124.377619
15111.915065
15100.602619
15135.805263
15135.695136
15110.374294
15100.531988
15102.480896
15114.659241
15090.102369
15112.048166
15124.667080
15100.524836
15101.088015
15110.454172
15099.960268
15110.602613
15100.343262
15084.308617
15094.999045
15095.688443
15095.032859
15085.230606
15084.679799
15129.444940
15144.096594
15129.990790
15146.403571
15157.273042
15138.154452
15126.709621
15125.360756
15092.627748
15125.606060
15122.839683
15100.368391
15111.600074
15146.961873
15148.647519
15139.068560
15151.370125
15087.969118
15099.149809
15123.240813
15149.536007
15123.628169
15099.261287
15096.355017
15097.218604
15098.795269
15124.495521
15123.303117
15099.597832
15123.484879
15086.604922
15087.435680
15109.918899
15100.176410
15099.985831
15101.583962
15100.647332
15101.150756
15088.283871
15122.511408
15119.909350
15109.276647
15124.593797
15108.400428
15124.542575
15124.306033
15097.743913
15125.112716
15150.462907
15127.195241
15115.983065
15136.817640
15136.882401
15111.179694
15139.194009
15140.943504
15139.140885
15098.591829
15109.253306
15099.364173
15110.533788
15108.583360
15120.753103
15127.490651
15124.492043
15112.964062
15102.286641
15111.153093
15109.840135
15110.156796
15110.254455
15111.707304
15111.523261
15114.304300
15111.004687
15114.369411
15114.807359
15099.759927
15109.598020
15109.712189
15112.349813
15111.193422
15113.893258
15096.413100
15108.752396
15082.766406
15093.321691
15082.482628
15083.029281
15082.791364
15073.194080
15084.283278
15083.917924
15073.804227
15072.866111
15095.017106
15095.691615
15109.857873
15109.325194
15082.842947
15082.806813
15083.411672
15072.359946
15082.104587
15081.484705
15082.336435
15082.821319
15060.987761
15072.092413
15082.216603
15062.242079
15097.358597
15073.397685
15129.268003
15129.368202
15115.362600
15122.564431
15150.810554
15141.765032
15126.795309
15122.982289
15098.244539
15099.528814
15126.793983
15086.574417
15111.975000
15097.402305
15108.577543
15095.881516
15095.210854
15085.047618
15110.133582
15087.147947
15099.140159
15109.808385
15110.322971
15095.402640
15086.294804
15121.764016
15121.824406
15096.813647
15106.891540
15097.340787
15106.147807
15094.284543
15119.686620
15098.930779
15121.474185
15095.371307
15109.303069
15096.429226
15095.099944
15109.765370
15096.275826
15096.464793
15122.123476
15110.772016
15106.515814
15097.977209
15097.046562
15120.588178
15095.570332
15096.347927
15083.472632
15106.072445
15084.085484
15119.127930
15094.320417
15094.596911
15094.475392
15094.590634
15096.637132
15109.038601
15096.521238
15106.995770
15107.677005
15084.658230
15119.673801
15118.978141
15095.380424
15095.217784
15097.292984
15095.314958
15104.934528
15096.965957
15094.461672
15095.227215
15085.104814
15094.556813
15103.225159
15113.638266
15099.274781
15121.590617
15123.141504
15109.521672
15099.831228
15110.659893
15099.748491
15109.656008
15086.355430
15087.630340
15088.803086
15130.448912
15130.949904
15155.731927
15097.022599
15099.136075
15099.070511
15096.841271
15098.079713
15099.182670
15097.297339
15094.304520
15084.277603
15107.172593
15099.349098
15087.107120
15085.091253
15095.774044
15135.926089
15137.667384
15113.481309
15168.819162
15120.485494
15098.860493
15119.568450
15110.317770
15119.954744
15131.483481
15096.889336
15097.337329
15097.945245
15095.743931
15095.799637
15131.828616
15107.467698
15107.039118
15095.868740
15131.831152
15108.499638
15107.333790
15097.977053
15109.931945
15097.363548
15109.689893
15088.991338
15124.176790
15088.961988
15078.386984
15147.450587
15110.220366
15121.584049
15098.495732
15149.369649
15122.319937
15097.569086
15122.950217
15086.418416
15120.407872
15098.248058
15120.107798
15110.252720
15097.881609
15119.856451
15099.035822
15110.240203
15122.557030
15123.217136
15107.877117
15098.033237
15099.665106
15179.474453
15166.232566
15126.436655
15125.824173
15127.066481
15110.978447
15109.804079
15108.136011
15084.932886
15083.070024
15108.837020
15118.683878
15097.136773
15108.970913
15119.753853
15096.646162
15087.832439
15123.258704
15105.468078
15087.901860
15098.138047
15124.213503
15077.298967
15108.897116
15099.636605
15133.829663
15106.770775
15109.508663
15099.640232
15135.497897
15089.060074
15118.080832
15097.724868
15108.251567
15098.402225
15119.205394
15096.582367
15097.747002
15109.598283
15097.211460
15131.416408
15119.815112
15097.264336
15107.949807
15148.796167
15108.605070
15084.472365
15084.308932
15084.354515
15108.295312
15108.927362
15110.137114
15149.574945
15079.496778
15083.012813
15081.510272
15082.270322
15082.446188
15071.245231
15082.543765
15082.341563
15081.708381
15083.263007
15072.193764
15083.065781
15083.595343
15082.490467
15082.207564
15083.382230
15072.314202
15108.897550
15106.313007
15106.473941
15095.452435
15083.137269
15081.912626
15083.061927
15083.702765
15082.627694
15081.630408
15082.824141
15071.739827
15073.484534
15074.704474
15110.225668
15073.624401
15073.743394
15074.314461
15109.803947
15071.799412
15072.436907
15101.940301
15073.121703
15072.369207
15101.826595
15073.054762
15072.531472
15101.981638
15073.176981
15085.619835
15086.247565
15085.522524
15086.130801
15126.131326
15063.516612
15074.822416
15073.530290
15084.413781
15063.581734
15063.489637
15074.371541
15081.647339
15108.132084
15071.798691
15107.645748
15098.980896
15062.570910
15095.134738
15095.759424
15083.082750
15119.584624
15109.597802
15083.717522
15094.933152
15083.771079
15137.091702
15107.095598
15108.433410
15083.786403
15107.911850
15094.953753
15083.765990
15130.979361
15073.756125
15109.510677
15074.380798
15109.003892
15097.389736
15098.180430
15124.265855
15084.923075
15108.801467
15120.804648
15085.598694
15107.853635
15073.761775
15109.624096
15074.433892
15106.607197
15135.321494
15107.233659
15109.709806
15110.095269
15073.669480
15125.774892
15114.958551
15085.551336
15106.496613
15085.353426
15107.989253
15122.340189
15097.458716
15107.407713
15107.914194
15111.309481
15118.662527
15098.084292
15133.721923
15131.286001
15082.094891
15082.063676
15090.826110
15081.041072
15090.885200
15091.373254
15092.062498
15095.441703
15071.449946
15070.856096
15070.819821
15094.731823
15071.416520
15095.323328
15081.208900
15082.260857
15081.734245
15091.739468
15129.739925
15091.796584
15094.299463
15070.800970
15070.222406
15099.032635
15099.030686
15083.586367
15060.950386
15071.030186
15070.976552
15060.900836
15108.700335
15108.761237
15126.547747
15107.179944
15083.555637
15082.336981
15094.076023
15083.023525
15072.294877
15083.555195
15072.271545
15085.892537
15072.286387
15081.781539
15096.821285
15085.233142
15086.432995
15126.398426
15072.176696
15083.447573
15083.419989
15072.249960
15072.792232
15072.110328
15061.744629
15096.362789
15083.125270
15071.563377
15072.841905
15050.963156
15086.276718
15061.551982
15084.665226
15071.404431
15070.830290
15084.761312
15098.179513
15070.240402
15097.090510
15095.713244
15096.889553
15114.099315
15111.885593
15112.558905
15124.542099
15111.955627
15097.226378
15098.942886
15084.444120
15098.602575
15097.337374
15083.775606
15084.454878
15098.338812
15084.801696
15096.314588
15084.115479
15104.312269
15096.067857
15108.597367
15098.299224
15074.214680
15095.706118
15073.554322
15121.278129
15086.226437
15087.392673
15124.988072
15085.604264
15086.794139
15122.500881
15088.071605
15139.055725
15096.471919
15088.085545
15089.050071
15096.460306
15109.530296
15096.757607
15094.534145
15074.124541
15111.803389
15084.587915
15098.162443
15084.426571
15109.125887
15083.210568
15083.228861
15085.844003
15109.916351
15086.251837
15100.646968
15094.225121
15083.682656
15095.756716
15097.399325
15072.286188
15106.728195
15094.143968
15093.240888
15082.925774
15094.889999
15081.804622
15111.026700
15085.521192
15122.063564
15096.238814
15097.306039
15108.510421
15085.120928
15117.942073
15119.161597
15072.874798
15107.281205
15083.516157
15082.395690
15108.587155
15083.628705
15094.287683
15083.191191
15108.017679
15095.845490
15096.854525
15095.104123
15105.242849
15071.389027
15097.031568
15071.996984
15094.667043
15095.740628
15073.680862
15109.222468
15132.633993
15071.875609
15081.761893
15082.998106
15080.175547
15084.144653
15107.488048
15082.910276
15081.279412
15072.821200
15108.356534
15083.286487
15105.665518
15081.799136
15104.023969
15091.764552
15092.712482
15092.818133
15090.773515
15097.953761
15108.924670
15083.846968
15083.837745
15084.380479
15087.574687
15097.731933
15086.165761
15094.322780
15085.962669
15085.342403
15098.381618
15122.488178
15095.203329
15105.154440
15136.278961
15086.044697
15097.159434
15121.141926
15086.051206
15095.530459
15085.337622
15095.447635
15085.294125
15082.818473
15072.277718
15124.941889
15124.479590
15085.956418
15099.682554
15108.760266
15105.029222
15107.124006
15094.585247
15096.126917
15096.397065
15131.317852
15094.451177
15083.146977
15094.196190
15094.422095
15093.894926
15105.048199
15092.923620
15073.426842
15107.313724
15084.070931
15084.276654
15087.001751
15098.638866
15095.037045
15094.161063
15098.074577
15083.594637
15095.010842
15096.199432
15097.814590
15110.255708
15085.372371
15108.936108
15096.035615
15084.918566
15083.786023
15095.713369
15086.316010
15125.086151
15086.320446
15072.943331
15072.321479
15082.415099
15082.299302
15073.553819
15072.928768
15083.023291
15082.922571
15084.040861
15084.591364
15121.362847
15094.788000
15084.822977
15098.813993
15095.414075
15109.656777
15121.951384
15111.977314
15120.610576
15106.503921
15108.354416
15099.930618
15112.383819
15102.171168
15097.228601
15109.424558
15132.989167
15098.569682
15107.251826
15108.018143
15108.837397
15106.464406
15099.368007
15113.304325
15108.959075
15108.961961
15125.596443
15100.303802
15125.169810
15111.822267
15096.600673
15137.644074
15075.321226
15111.753670
15085.839222
15086.269230
15098.091912
15099.501923
15105.695735
15105.720568
15133.789722
15120.692687
15073.013878
15108.948904
15083.117167
15096.909937
15087.821338
15122.073919
15120.018395
15084.060424
15096.417955
15107.441573
15085.311204
15082.839460
15093.803376
15106.436627
15095.103948
15135.229755
15096.268653
15097.418848
15108.221347
15108.224359
15127.083658
15061.124358
15071.107397
15084.137709
15085.311946
15084.188213
15123.985210
15061.782259
15071.763020
15082.508363
15083.704747
15098.826904
15098.251478
15098.272561
15070.841482
15072.253765
15107.771357
15082.984888
15095.087260
15095.181867
15095.742044
15108.651723
15084.593935
15084.429200
15084.970187
15086.446061
15083.512339
15082.861620
15095.171126
15095.090913
15095.637061
15092.860803
15094.970327
15095.196491
15092.937087
15096.033069
15096.274261
15107.404513
15097.413861
15108.176845
15095.556353
15093.347167
15104.440508
15106.243539
15093.840112
15095.640801
15097.291419
15071.691526
15094.174922
15081.627300
15098.397772
15109.456981
15107.759751
15098.648267
15085.472947
15070.293657
15082.647142
15082.340965
15082.910182
15082.241592
15094.014626
15094.028535
15082.900649
15083.485072
15082.392530
15083.334837
15081.624166
15082.708966
15093.442338
15093.450567
15083.582014
15084.113531
15084.810878
15084.279831
15094.048088
15094.040187
15120.637273
15120.561754
15120.539920
15120.615814
15153.592102
15140.873400
15113.015971
15148.931364
15102.463192
15119.751321
15122.959981
15123.007384
15112.418118
15136.563126
15153.481745
15131.987708
15153.495803
15162.705398
15151.202816
15140.421456
15115.248428
15111.882041
15099.353954
15088.242317
15121.975531
15110.877090
15098.655329
15104.734990
15123.238656
15076.788673
15076.276463
15123.536659
15108.868264
15086.808651
15097.759350
15084.421240
15084.970765
15083.727538
15098.812165
15098.787788
15125.234179
15133.810169
15112.141741
15112.292811
15122.422621
15099.351881
15100.559125
15110.690235
15133.893641
15098.964476
15098.839945
15122.832194
15098.210240
15125.294148
15111.338952
15132.756169
15110.659936
15110.031458
15121.699730
15109.450351
15086.418237
15133.866668
15098.865156
15098.907416
15122.260829
15110.039831
15098.985411
15111.385860
15123.052617
15100.684728
15098.328093
15086.849032
15114.688249
15111.719535
15100.402883
15138.829417
15122.818541
15098.908061
15088.194354
15107.546101
15089.438310
15098.899441
15121.446345
15098.452117
15133.271913
15124.544885
15098.705842
15108.686686
15122.352755
15110.962305
15111.666271
15097.622872
15086.150525
15123.127305
15111.539791
15100.774377
15113.509566
15133.478965
15086.045740
15085.469823
15136.598988
15100.049495
15100.050009
15146.975246
15131.009441
15152.422559
15125.654527
15138.328949
15113.881243
15119.588071
15121.465180
15111.413225
15141.464014
15112.234155
15098.798489
15110.937174
15125.000821
15087.044546
15099.361912
15113.840489
15127.063639
15100.016763
15111.336607
15109.288799
15102.181682
15113.210697
15124.284229
15098.254005
15124.166377
15111.722747
15086.759408
15088.111803
15165.496504
15168.571216
15123.977223
15098.110527
15108.813433
15108.882556
15109.367828
15107.861481
15098.774134
15100.127283
15097.089414
15134.626897
15137.309171
15125.134751
15140.346412
15110.748578
15141.484410
15098.764878
15110.902305
15099.100265
15123.783067
15125.198720
15094.069264
15082.758832
15082.826071
15097.983291
15096.816425
15131.053632
15117.266615
15111.801691
15101.001026
15108.553336
15107.778977
15121.703818
15099.879320
15100.999559
15101.300899
15085.410180
15100.056151
15101.541454
15130.523610
15144.208832
15096.770774
15096.166034
15095.356629
15094.868772
15110.800365
15075.525877
15126.329228
15125.144056
15087.741234
15098.860914
15097.571583
15098.250408
15086.022482
15108.837888
15108.096634
15096.301017
15097.491054
15095.498102
15084.767956
15084.817210
15085.501776
15096.000705
15110.284482
15086.193040
15086.856462
15084.128611
15084.128922
15095.549914
15096.140459
15107.219733
15107.926263
15094.485157
15095.152112
15131.445993
15117.869496
15084.890406
15074.366278
15109.782975
15085.583917
15074.340969
15109.701809
15073.673051
15109.712651
15074.897427
15115.493102
15087.386788
15086.221999
15100.458305
15085.438107
15074.845830
15088.824322
15134.720460
15134.761668
15085.529660
15086.628761
15107.367085
15095.155234
15095.106181
15096.823143
15086.295658
15100.687888
15151.303103
15100.419850
15112.728202
15133.043557
15110.425473
15121.477935
15111.101706
15124.569260
15074.436520
15098.594174
15084.597280
15088.606303
15098.384267
15083.772607
15085.612602
15109.265782
15100.356276
15097.364028
15096.182416
15084.844689
15099.499177
15135.214097
15095.709150
15096.312071
15085.038496
15109.830853
15109.214604
15099.792795
15110.133089
15084.288165
15073.616881
15099.274016
15090.629662
15088.159092
15102.223039
15125.218676
15097.747430
15083.624826
15084.964926
15097.692446
15108.102168
15126.585844
15152.940688
15136.381216
15108.539786
15097.154266
15095.872262
15107.072071
15106.864767
15137.505537
15107.996989
15107.660987
15097.106054
15099.466838
15110.965715
15097.223688
15152.092166
15121.394625
15086.260987
15129.158889
15087.845357
15140.463012
15129.059920
15135.550072
15107.254798
15096.467416
15095.943456
15104.113636
15137.982804
15095.359476
15097.175497
15097.548916
15109.504070
15107.393121
15110.266662
15096.329404
15096.601965
15108.766621
15094.885773
15095.703141
15117.764678
15094.933833
15093.896104
15104.389913
15093.881637
15083.903923
15093.246181
15083.846266
15150.580682
15119.416021
15096.019724
15107.512213
15093.569864
15138.029373
15095.966403
15097.109936
15107.909324
15094.486706
15118.830956
15085.187087
15085.118440
15119.350355
15106.795034
15095.816695
15120.158526
15106.990599
15106.297975
15130.286320
15106.075735
15107.419328
15103.754926
15106.599034
15096.617300
15105.981659
15096.571869
15119.797189
15107.680600
15138.476433
15107.666458
15095.185974
15109.544029
15085.183201
15128.486530
15128.419763
15110.466616
15127.715508
15097.224408
15112.140248
15163.475718
15148.956548
15137.955373
15096.603071
15095.595144
15137.797502
15095.031619
15094.550920
15112.418331
15122.654979
15111.484923
15101.946428
15127.950267
15097.455455
15085.039693
15101.006162
15111.881902
15153.033209
15128.498340
15139.183487
15110.172863
15109.552724
15097.396244
15084.425551
15106.759226
15095.018982
15093.844191
15130.392171
15096.192333
15096.619257
15096.881409
15095.229197
15100.375627
15111.994492
15087.244485
15101.977489
15097.997697
15112.197866
15122.399050
15101.096861
15092.411349
15083.507458
15094.094238
15104.885981
15095.472388
15116.978157
15092.487031
15082.428771
15093.470944
15092.808709
15090.172238
15092.507794
15094.387905
15093.843331
15072.917227
15119.705448
15094.292095
15093.721039
15097.666238
15095.619282
15094.458477
15093.371916
15105.285827
15104.658031
15093.788298
15093.076682
15106.632491
15096.126499
15096.294821
15083.919288
15094.729392
15094.937873
15097.195540
15097.430693
15094.873778
15094.230938
15094.899277
15093.826804
15094.973197
15093.854051
15095.811960
15096.072745
15094.444806
15104.936636
15103.827725
15105.809360
15106.149006
15105.868705
15106.380749
15105.302738
15116.019625
15102.017698
15102.956433
15107.115640
15106.809110
15094.400965
15105.698141
15093.860583
15092.706852
15095.651104
15082.798377
15095.889258
15094.453681
15093.083320
15093.852389
15105.437367
15083.267186
15097.205037
15097.175363
15121.885596
15108.175346
15108.762004
15109.109939
15136.912366
15123.572104
15111.881223
15096.714794
15098.723723
15120.991669
15085.044658
15107.395960
15106.589992
15107.848850
15117.919232
15121.679385
15108.608233
15120.723753
15121.549469
15110.626369
15096.752006
15107.669681
15124.098430
15096.672062
15138.873442
15098.411466
15097.615905
15096.173387
15098.460780
15072.856197
15115.997559
15122.917746
15109.357982
15108.525305
15109.395035
15108.060972
15082.833399
15108.136553
15083.654808
15095.961803
15123.495047
15096.609869
15085.119245
15084.472431
15096.697092
15127.587377
15128.288783
15084.971363
15099.232782
15087.588730
15096.781482
15097.557817
15097.228136
15138.386145
15085.229709
15139.603766
15139.712150
15122.939350
15098.342294
15099.587450
15140.116687
15123.460942
15109.450236
15110.119292
15112.175774
15111.906815
15112.020114
15099.722705
15088.081543
15123.584792
15123.684250
15097.882704
15098.013655
15095.549319
15096.898497
15138.866961
15139.492118
15099.234808
15113.500217
15085.035149
15085.033638
15095.696428
15126.266992
15097.896371
15112.160677
15088.888245
15087.601242
15099.395181
15098.107934
15076.669238
15077.078800
15077.346830
15052.926618
15053.570677
15092.086604
15101.964890
15085.738744
15132.855843
15095.648251
15124.824057
15102.039072
15101.518431
15091.591834
15108.898311
15098.543709
15138.519515
15097.705505
15121.976699
15107.665433
15108.384974
15108.929907
15123.461979
15099.872953
15099.884625
15114.120620
15114.125188
15126.116045
15109.004313
15110.433836
15098.545380
15108.896097
15098.320540
15099.607648
15121.480211
15109.225214
15109.850341
15124.127704
15191.601453
15162.250021
15174.583576
15100.741956
15087.843231
15099.521617
15110.313223
15112.822191
15099.719511
15113.444852
15108.057249
15108.083262
15146.101845
15111.671880
15152.194349
15137.306354
15125.854546
15098.206411
15096.871376
15123.131489
15121.711055
15097.354468
15096.179746
15109.499522
15086.588967
15122.856368
15100.970203
15126.859417
15113.160604
15126.861265
15170.261916
15114.970901
15084.650860
15074.087295
15085.596998
15073.901919
15098.452632
15085.635459
15097.853990
15097.137666
15084.144214
15084.311340
15108.090795
15072.898307
15083.427639
15084.028593
15110.043530
15074.759450
15085.283082
15085.889556
15099.148467
15097.923426
15097.303203
15138.543440
15097.456600
15098.052890
15109.846162
15098.764857
15098.139784
15097.499178
15137.650398
15139.372003
15074.131333
15109.440831
15085.261585
15083.451368
15113.573364
15112.249802
15137.161890
15146.682829
15143.478408
15072.766219
15071.603371
15073.324010
15125.877637
15108.666714
15108.623553
15135.671599
15071.598631
15083.527754
15071.620050
15125.815695
15073.810559
15085.407553
15085.321672
15083.056423
15085.362794
15084.335482
15084.238602
15073.712566
15093.434361
15082.826859
15083.365869
15114.941553
15137.386311
15125.898140
15111.255743
15115.118556
15082.886934
15084.046612
15084.056888
15072.181478
15072.701253
15082.159821
15082.708740
15082.594776
15083.869576
15083.245244
15098.647504
15099.199905
15098.776161
15085.822332
15085.922310
15096.045459
15096.033419
15083.776357
15083.110591
15072.187992
15095.589557
15121.262189
15072.223153
15096.218443
15107.575227
15083.599050
15096.269149
15096.355866
15093.436288
15093.743978
15117.375488
15094.734487
15095.143670
15121.239432
15097.383763
15097.484322
15108.275194
15132.732352
15097.486446
15072.815038
15107.270985
15083.441939
15108.395017
15073.519993
15098.775474
15099.357427
15109.721718
15094.917563
15094.251774
15109.867951
15083.832904
15106.167882
15083.792589
15083.732410
15117.497584
15083.231368
15105.602420
15106.282823
15106.832442
15106.183876
15106.346840
15104.961426
15085.950298
15095.728409
15097.500788
15097.863384
15097.166980
15083.245961
15083.185190
15105.132401
15082.808657
15106.962065
15107.049562
15082.201459
15082.193229
15093.370016
15131.724160
15121.392917
15108.217650
15118.795737
15072.269129
15106.217538
15094.138390
15094.161880
15083.366547
15072.319225
15106.254307
15083.462539
15132.855207
15084.255776
15083.590144
15120.108871
15121.301854
15099.850462
15108.581961
15134.955520
15072.952338
15097.581618
15084.282522
15085.548974
15099.638939
15109.987021
15111.493992
15108.161046
15094.315542
15137.688813
15097.761642
15097.861718
15111.862302
15114.786313
15095.224495
15088.388793
15099.855351
15097.402259
15121.787174
15150.889984
15122.313623
15151.447175
15098.537384
15111.159476
15109.313819
15086.394640
15101.169894
15108.977030
15097.120010
15085.059571
15099.121486
15109.141438
15109.641568
15109.677205
15125.802789
15102.785845
15123.870019
15109.550630
15137.378936
15137.408362
15147.331156
15108.514825
15108.492448
15109.070682
15126.464835
15127.633082
15116.731603
15114.419961
15095.768455
15096.257360
15095.704443
15096.876694
15083.607217
15084.275990
15118.885756
15107.746013
15095.365771
15096.455386
15096.395930
15108.347032
15073.140366
15096.970300
15073.120919
15095.824177
15120.950016
15095.815799
15073.929497
15097.382715
15097.374073
15085.672811
15083.927511
15108.898349
15119.513294
15095.727785
15097.640720
15097.586714
15108.865303
15083.838242
15106.938573
15084.338193
15135.949019
15107.667302
15091.536565
15118.519423
15145.879302
15107.801806
15107.763220
15108.382277
15098.114605
15096.398035
15095.743146
15125.317158
15126.946945
15098.201817
15087.657841
15112.933585
15097.671743
15084.858480
15121.709203
15097.742726
15085.905092
15097.167904
15096.917337
15095.133093
15105.573159
15095.663872
15095.113649
15093.528335
15094.197084
15139.193321
15115.155942
15125.429554
15108.552172
15108.574440
15102.080537
15128.374656
15133.496959
15130.292316
15154.046397
15141.601326
15140.926869
15129.907231
15140.382787
15147.738554
15139.136926
15145.344295
15162.954653
15148.932175
15131.143048
15145.185435
15148.184649
15114.073064
15103.486967
15130.419655
15144.460580
15115.339494
15116.610127
15119.100194
15088.124178
15075.189609
15086.311788
15084.849108
15120.181727
15104.312223
15105.737529
15105.667178
15105.580905
15109.110647
15095.110994
15107.445464
15130.267222
15106.840360
15119.360481
15096.647660
15096.621774
15104.916824
15105.446460
15106.664354
15106.015219
15151.057292
15109.479487
15095.057271
15120.359198
15085.992120
15085.430392
15095.575083
15105.509590
15095.149466
15106.439336
15118.744834
15105.806047
15107.813824
15094.378576
15104.280859
15095.526342
15105.933108
15095.033881
15095.275190
15119.314683
15108.382095
15094.340892
15105.613809
15093.776054
15094.414544
15108.953549
15074.586996
15073.984385
15093.763023
15118.771708
15107.890137
15085.189699
15085.147318
15139.142963
15095.380799
15095.942911
15120.958964
15097.664766
15162.074972
15121.835457
15121.228520
15138.559692
15106.762603
15095.293920
15095.361929
15096.958600
15097.222831
15128.437203
15150.431222
15107.999723
15107.126756
15107.621005
15096.554314
15109.638619
15109.122040
15109.455671
15127.844628
15138.597545
15096.153838
15084.708519
15095.215278
15108.902788
15122.130960
15108.410592
15120.482581
15109.076705
15137.797068
15095.374412
15083.967138
15094.553887
15109.653035
15085.065738
15083.737203
15071.847627
15071.296470
15096.775809
15072.195164
15072.570658
15072.083229
15096.880616
15071.618058
15102.292147
15102.936122
15103.326666
15085.404799
15060.927692
15085.971290
15061.533353
15116.098433
15117.342677
15142.775905
15146.066193
15146.580986
15141.627336
15099.244767
15099.288135
15126.267063
15115.778380
15139.665085
15099.631372
15099.199067
15098.327727
15092.924417
15083.555949
15099.630995
15098.357207
15096.291842
15095.057908
15110.544676
15098.400203
15097.819184
15088.070539
15137.590200
15128.928073
15132.865653
15118.325329
15140.882131
15140.101798
15116.442484
15118.189486
15088.475187
15096.405481
15097.894430
15099.267078
15098.623301
15097.149403
15088.762029
15099.296413
15125.190177
15110.275674
15127.523265
15113.871757
15123.935644
15111.181156
15141.359546
15126.832190
15112.179648
15101.253216
15088.915935
15128.077087
15114.409717
15124.463373
15159.757251
15169.712745
15127.811063
15137.040767
15136.957838
15134.580135
15140.950337
15141.424726
15145.506132
15147.450169
15122.595602
15110.128270
15110.041524
15109.655313
15099.113377
15108.738112
15110.267716
15109.065206
15105.803205
15112.339334
15100.414180
15109.355607
15111.641590
15110.410239
15111.124294
15111.101977
15120.504456
15121.079618
15121.822208
15094.518189
15126.386641
15128.476678
15126.016509
15123.375419
15126.011239
15083.157768
15084.929477
15075.558084
15124.251576
15120.150854
15120.200963
15101.677400
15125.882023
15078.255617
15100.116164
15075.214278
15113.773393
15114.327748
15075.068300
15099.597118
15078.839493
15076.303864
15125.777563
15107.941349
15107.330031
15107.365208
15139.193624
15095.276718
15095.842186
15123.799845
15095.713555
15083.898296
15121.426281
15096.447168
15095.828688
15097.810582
15097.866586
15085.021670
15096.978517
15097.627643
15083.700110
15085.544437
15084.383731
15096.841688
15097.414728
15096.819051
15087.648817
15089.088249
15075.798530
15074.561488
15113.047349
15114.607476
15113.265050
15072.648938
15083.244870
15083.340586
15074.050930
15085.155081
15072.804047
15096.678880
15095.496550
15084.470778
15073.256144
15072.165211
15088.586557
15086.484834
15112.201817
15099.611073
15099.058211
15125.014872
15111.489044
15110.934242
15079.601548
15082.297008
15095.363186
15094.940698
15081.758842
15072.239693
15072.283124
15079.671290
15081.662854
15093.535767
15094.962428
15081.140123
15071.619197
15071.664754
15084.320805
15096.885075
15084.887051
15075.353192
15109.213896
15074.887011
15097.481973
15072.806469
15099.931919
15086.011993
15085.928083
15108.985001
15086.030777
15086.335795
15109.111957
15083.669987
15109.072782
15059.671416
15059.748789
15094.689182
15060.264243
15069.641896
15082.976395
15100.252428
15086.278468
15086.193002
15121.852778
15071.633672
15072.866288
15097.077369
15071.580127
15083.433953
15096.362972
15083.785553
15084.864846
15074.834520
15108.221995
15074.399728
15094.235449
15093.620481
15082.624996
15081.517659
15083.663419
15073.634348
15107.466462
15073.193341
15081.466818
15097.003290
15072.341229
15070.454332
15070.429282
15082.612737
15083.961826
15081.679951
15083.593156
15071.017812
15083.703862
15095.849554
15071.754280
15071.025529
15071.586864
15070.984236
15105.426389
15071.042362
15082.416249
15105.734163
15081.011641
15094.448362
15071.115757
15093.046070
15122.563974
15071.486838
15071.004461
15071.018343
15114.410105
15111.577973
15071.581918
15072.920743
15098.345376
15099.156317
15112.997986
15073.963815
15072.398503
15073.889424
15073.531653
15073.012871
15073.830955
15072.801757
15074.038052
15098.563800
15099.860674
15101.190180
15069.948558
15071.086817
15069.119063
15071.657628
15071.158515
15071.751626
15071.701313
15070.964906
15071.534059
15072.200020
15071.662849
15071.690604
15071.875251
15071.772591
15071.643398
15107.969988
15072.459627
15070.945742
15071.559485
15072.183594
15071.099604
15072.314812
15095.291703
15094.734553
15094.246594
15095.669838
15095.694245
15096.291135
15124.374541
15085.561857
15086.801568
15085.575092
15084.136581
15085.355175
15084.149315
15142.160828
15129.989993
15132.450063
15114.635577
15146.447159
15129.478631
15113.695368
15129.518962
15127.538602
15120.939475
15119.308235
15120.922744
15119.290582
15072.196352
15096.866861
15072.846792
15101.061169
15075.855934
15062.229465
15063.744932
15095.646149
15119.298462
15096.988469
15084.556839
15083.028258
15084.287882
15081.885095
15073.778620
15083.743284
15084.481825
15073.816713
15074.551075
15074.614209
15085.278273
15083.614024
15085.009677
15097.642432
15073.032824
15082.768577
15081.525151
15073.689637
15074.307091
15074.370924
15108.787325
15082.983087
15092.975657
15094.880788
15094.857239
15093.574123
15083.623593
15093.221432
15094.254184
15095.409936
15092.878923
15082.415635
15093.755640
15093.067803
15094.219000
15094.301504
15085.618637
15082.874430
15085.328961
15081.841815
15082.690311
15081.473357
15072.437512
15083.034466
15083.627480
15074.170034
15109.146669
15136.401633
15141.481145
15145.525326
15147.367076
15111.509007
15113.233868
15138.841219
15139.708770
15156.031706
15170.068636
15127.391106
15138.144906
15138.457926
15187.233757
15138.143948
15156.004113
15138.454643
15144.823006
15131.460331
15130.799945
15141.850946
15147.013510
15151.962594
15155.876062
15151.963771
15111.722369
15123.622128
15128.721417
15101.789349
15154.595707
15112.538600
15098.596945
15122.819832
15109.376453
15139.455617
15109.935143
15113.306586
15125.016568
15124.343985
15123.302233
15111.594542
15124.842800
15164.262995
15135.407137
15123.528760
15136.781207
15100.680990
15101.573678
15152.611792
15113.334092
15111.810535
15130.168618
15103.721505
15102.213791
15155.405857
15113.956489
15181.864324
15122.980842
15113.817810
15113.098123
15113.359712
15140.388260
15123.192668
15137.340858
15100.596131
15101.499853
15152.513526
15113.115293
15096.593503
15121.131011
15106.557375
15118.027559
15149.819661
15105.313280
15106.470280
15108.629757
15109.794000
15132.038700
15108.647816
15098.375952
15121.715162
15097.759786
15149.952709
15107.814490
15107.738915
15108.587952
15109.234899
15132.662526
15127.537329
15141.561301
15112.480095
15115.089939
15160.791498
15122.639947
15121.355347
15137.324926
15141.491669
15127.408866
15170.094044
15138.856548
15139.726400
15112.349367
15181.538276
15124.814464
15133.851771
15150.818602
15123.479794
15121.581045
15151.728121
15125.583812
15126.906689
15124.222824
15126.985219
15114.587255
15102.936746
15114.732408
15100.471462
15099.821222
15124.675248
15110.412827
15109.240725
15114.622127
15126.085038
15140.918858
15088.981798
15089.860647
15140.358678
15112.376753
15152.558068
15124.868664
15100.057572
15101.427402
15111.661488
15110.995875
15113.027559
15153.191972
15125.517182
15151.370644
15134.848020
15100.680196
15102.050611
15112.284492
15111.633135
15114.476392
15115.125043
15111.905534
15110.495927
15107.607882
15107.564028
15111.884157
15086.223069
15086.852753
15136.255690
15152.951317
15103.651668
15101.051792
15100.398938
15114.750339
15099.852040
15112.669326
15112.016834
15074.092237
15121.803459
15074.815690
15085.291730
15109.384944
15084.552307
15124.442507
15139.505320
15112.076419
15151.586062
15110.913368
15123.316296
15113.738601
15142.136280
15112.699814
15126.194865
15110.955679
15123.357506
15113.739166
15153.867117
15100.097818
15126.319842
15123.007295
15122.369187
15138.219519
15137.974917
15120.455466
15137.761563
15109.734968
15113.893159
15098.348384
15122.427733
15107.392362
15108.094315
15134.364376
15124.141201
15125.968854
15096.627441
15121.980935
15099.552789
15110.532511
15096.200636
15096.242800
15106.684151
15084.535253
15085.132828
15097.612832
15096.408925
15127.188177
15136.762246
15087.809848
15111.901079
15129.374953
15095.186886
15108.348364
15137.193135
15109.180336
15096.003320
15098.642812
15139.860468
15151.808705
15110.377827
15084.344301
15083.855245
15108.463783
15107.261853
15083.297615
15108.950911
15093.273794
15093.780727
15154.083426
15123.304659
15108.942281
15099.349729
15122.910731
15139.207512
15113.139714
15109.626679
15098.122932
15096.878902
15136.593993
15109.324516
15108.847304
15098.097131
15110.728647
15118.332889
15082.018911
15118.364960
15092.641227
15082.710467
15083.923702
15111.259941
15083.302849
15117.862096
15119.650239
15111.992482
15126.290413
15065.011045
15098.858783
15122.876218
15135.564159
15108.887776
15097.213386
15099.090361
15129.650095
15086.929502
15107.560164
15096.334460
15112.064546
15113.114921
15076.702473
15100.576251
15086.703512
15097.329814
15134.170115
15125.139131
15096.367623
15112.866676
15076.400314
15086.402229
15097.029945
15096.994040
15096.351481
15100.917687
15074.445329
15084.447586
15094.486696
15095.074894
15122.705937
15120.347470
15097.771826
15106.176099
15107.398426
15106.259631
15097.278702
15097.501922
15097.559697
15107.440457
15108.725324
15108.002927
15106.849119
15095.592103
15095.443391
15093.447354
15094.989745
15083.451342
15094.583830
15128.782950
15093.237149
15117.234596
15106.864477
15094.410990
15095.476095
15093.412655
15094.924470
15083.477370
15094.655581
15106.085343
15117.235260
15120.446166
15096.039950
15095.971318
15096.158088
15124.259433
15122.493560
15099.835392
15098.771705
15110.002297
15108.980333
15110.325353
15151.454342
15108.737704
15133.241462
15150.272041
15119.577467
15108.663975
15120.142236
15108.647254
15108.185018
15098.320278
15108.839677
15110.227023
15151.300681
15121.573216
15110.778890
15109.168680
15120.674200
15098.220670
15120.022615
15120.862384
15162.001763
15108.857964
15138.365796
15085.207497
15097.230138
15138.459445
15084.402637
15085.303520
15096.870242
15108.738361
15138.691471
15097.502579
15107.862790
15098.311510
15108.831997
15107.880200
15096.600876
15098.449132
15128.395382
15100.109029
15098.330814
15086.331567
15086.557978
15098.915920
15087.739735
15100.972462
15139.507954
15109.131968
15097.653993
15098.899301
15085.838660
15133.564867
15109.292099
15098.927016
15107.955886
15108.969361
15083.557476
15074.284279
15085.473272
15098.227145
15108.898754
15124.425003
15095.096254
15095.168508
15109.300542
15108.611999
15108.030620
15098.036494
15097.454491
15096.410438
15109.132956
15095.810053
15085.041276
15093.861204
15092.457040
15095.656955
15083.297250
15093.933288
15106.500279
15105.827699
15084.502248
15119.063814
15073.981874
15085.128178
15083.251875
15084.426092
15095.435762
15109.066877
15108.579661
15109.509139
15109.260468
15097.735345
15093.656830
15093.587350
15094.327453
15108.114952
15094.549016
15108.132215
15107.405324
15120.923738
15095.973701
15096.648299
15096.517100
15121.008152
15094.435570
15095.765845
15086.372909
15074.487321
15075.818664
15097.239301
15098.452676
15109.344124
15076.207077
15087.415222
15100.094196
15099.089065
15088.584428
15114.858874
15115.461287
15121.738678
15110.287395
15122.287713
15110.796800
15111.796173
15111.642132
15123.034730
15099.730382
15110.545525
15110.407649
15123.634489
15121.055752
15150.581406
15098.509787
15097.303529
15097.095239
15107.951999
15106.022350
15083.736860
15094.944598
15095.177634
15097.990472
15097.784103
15095.866725
15111.027638
15110.887168
15124.112203
15098.991691
15121.202166
15099.994292
15110.185451
15100.350770
15111.014244
15088.409477
15063.636545
15097.177056
15096.593181
15097.104788
15097.256362
15097.724004
15074.082252
15098.306039
15096.550648
15072.239761
15072.796154
15070.847696
15096.481199
15060.898447
15059.741854
15059.685465
15059.632323
15059.586664
15083.464434
15071.640115
15061.721507
15061.619670
15097.731115
15061.047946
15096.480433
15096.452490
15096.515071
15096.488279
15049.704499
15074.174330
15071.933679
15060.965428
15063.770184
15086.361169
15062.180963
15112.770296
15108.958011
15099.210646
15089.425688
15083.119135
15083.065597
15087.525316
15073.697513
15096.284843
15083.621015
15070.939674
15086.223507
15060.881282
15086.853701
15096.938649
15061.606711
15071.692428
15083.324850
15113.291947
15074.036524
15061.830408
15062.575704
15070.967082
15071.604825
15084.393098
15097.309323
15086.382285
15073.713237
15083.820663
15095.449913
15122.383380
15105.351068
15099.004856
15098.496724
15099.609664
15112.960204
15112.471090
15061.570302
15096.743266
15096.725629
15071.549297
15083.585262
15083.018896
15085.350514
15083.837528
15073.184882
15097.094400
15096.612445
15083.124204
15084.964738
15084.200914
15072.645833
15151.072392
15151.048078
15075.494486
15110.514521
15111.028075
15074.879566
15084.932362
15084.336472
15085.105439
15096.397585
15097.307985
15123.097353
15096.726580
15106.695628
15095.054917
15132.416954
15143.225128
15095.807998
15095.271891
15073.682512
15108.039610
15083.125480
15113.691623
15113.702239
15150.846883
15114.336463
15120.863812
15111.723238
15087.167843
15075.458874
15120.837530
15106.785127
15096.260203
15111.767477
15073.179202
15097.510547
15096.877654
15072.451856
15082.885285
15122.930547
15098.666039
15097.977826
15098.004413
15097.987222
15071.775630
15122.275546
15082.838374
15134.606973
15075.265101
15075.444365
15076.006207
15100.752108
15124.961022
15086.642156
15099.024115
15098.921626
15098.048339
15097.467527
15097.451602
15147.583587
15098.894430
15135.731596
15136.345655
15098.364226
15098.906451
15085.861758
15085.856485
15099.060604
15135.757671
15135.491544
15101.311070
15060.191537
15086.968675
15113.752530
15164.654050
15096.206727
15086.178453
15106.123293
15110.104640
15106.619139
15096.722235
15123.566482
15101.607739
15086.394456
15087.105366
15128.439568
15087.875491
15110.648124
15098.631432
15096.621903
15098.051911
15097.035267
15108.319387
15108.759145
15138.678935
15094.631720
15085.064178
15128.311791
15085.771154
15099.014917
15097.893969
15074.341451
15082.426886
15072.336200
15083.042799
15083.020997
15074.553461
15109.056733
15112.129420
15140.426833
15137.178306
15137.788376
15127.962903
15113.660142
15139.061717
15107.161311
15107.134497
15111.914996
15096.174447
15082.385356
15084.791131
15071.026142
15060.937947
15096.126042
15084.418570
15072.116295
15096.550771
15082.094983
15082.667234
15072.618091
15084.473658
15095.786810
15083.865415
15081.309637
15071.197848
15085.280976
15082.036143
15097.275100
15098.310671
15084.894149
15095.682719
15083.743485
15084.446292
15085.173297
15113.016566
15094.173917
15082.936082
15082.907957
15083.421145
15070.262337
15070.800472
15071.269164
15073.025467
15073.550044
15109.099449
15073.570122
15070.429078
15071.552999
15071.574857
15072.246193
15071.663368
15082.193839
15069.034431
15070.882698
15070.222812
15069.749476
15060.346688
15060.919359
15083.559623
15082.284771
15072.343557
15072.882428
15072.069625
15072.243020
15072.959199
15061.935526
15082.477446
15071.581359
15072.316294
15061.276460
15082.506912
15085.249792
15095.680738
15095.531641
15082.145086
15080.824854
15080.983667
15062.955887
15061.661082
15061.714459
15062.226439
15094.314883
15095.614490
15096.054296
15096.010901
15085.138258
15084.413830
15073.246604
15073.971111
15097.365639
15099.859004
15087.516557
15112.066693
15110.916310
15099.320676
15107.816926
15097.153626
15106.014688
15150.809672
15107.483827
15118.987461
15121.995582
15122.102405
15096.677588
15109.500941
15099.178045
15141.618366
15087.316438
15098.569603
15124.189705
15123.284679
15141.669494
15087.920494
15124.734857
15076.744147
15088.572254
15099.348977
15121.217879
15107.731658
15121.265846
15107.940720
15108.040550
15132.205995
15132.279550
15109.611802
15107.795623
15108.900324
15097.905383
15108.500847
15097.348068
15112.720051
15121.034254
15084.608477
15097.392406
15086.957490
15106.540837
15095.414140
15156.710247
15107.909143
15106.674923
15105.866168
15107.282845
15119.691843
15098.950853
15087.111438
15109.044689
15109.611915
15119.517225
15099.618470
15087.598088
15085.323142
15076.442624
15077.683099
15112.275802
15121.873988
15108.120264
15097.646219
15104.908521
15107.348270
15107.321724
15094.848705
15119.186237
15108.041484
15108.868558
15132.229100
15119.103058
15106.774893
15108.694147
15108.640371
15106.755592
15121.403669
15108.262495
15108.403819
15108.055751
15108.662573
15097.227557
15094.797778
15094.137303
15108.730511
15121.755717
15099.814018
15098.594626
15082.937874
15082.394359
15082.303324
15095.651711
15096.340732
15121.381359
15083.558300
15082.458447
15106.968930
15108.698733
15107.588236
15060.945898
15096.715142
15070.843207
15082.854396
15060.851807
15095.973895
15070.774926
15083.538627
15084.738497
15061.664475
15097.321184
15061.136798
15096.808839
15071.014540
15123.615563
15083.652548
15083.724662
15084.850875
15071.541499
15083.934712
15083.584682
15082.696996
15082.056787
15083.912405
15096.863210
15083.752423
15073.112310
15073.225824
15083.104009
15062.470529
15095.977115
15084.654069
15090.893744
15096.098473
15095.213935
15085.291980
15095.648523
15106.777227
15093.593699
15083.217550
15093.070768
15093.049132
15096.418928
15072.552261
15072.625671
15082.617987
15062.586147
15062.658736
15064.273055
15109.163958
15085.258440
15074.752884
15085.232845
15093.917325
15094.395158
15117.365676
15102.527593
15116.853148
15104.368873
15103.919397
15100.724202
15084.646123
15095.152482
15103.701530
15130.620935
15105.029320
15105.044965
15107.962978
15120.299166
15107.968400
15131.177969
15095.151399
15085.241030
15085.327251
15124.907208
15096.970979
15088.074235
15097.597640
15098.251404
15122.317350
15098.812270
15098.967830
15110.405026
15084.688969
15110.666117
15097.468672
15096.906115
15099.612745
15127.253518
15096.901880
15099.428006
15127.217250
15111.231783
15116.509925
15117.231225
15085.707479
15107.266491
15107.358505
15137.725669
15108.571412
15132.022598
15127.181451
15086.533991
15085.803718
15087.146395
15121.557617
15099.021498
15109.596711
15152.923690
15098.423853
15151.949512
15111.126580
15121.982631
15097.515286
15095.777276
15082.909377
15084.208351
15118.743210
15094.878317
15095.518730
15095.068340
15106.842286
15107.392636
15082.898857
15083.639150
15118.543968
15096.374013
15119.302368
15136.395955
15094.236137
15094.662163
15095.453664
15093.698562
15094.392848
15095.469333
15083.310965
15118.435697
15094.487264
15104.474627
15083.708906
15127.185516
15083.760481
15097.439636
15097.583235
15098.887186
15085.993649
15098.950861
15086.837363
15179.093898
15097.975612
15098.719505
15117.121105
15104.588773
15105.482117
15105.561816
15106.098546
15106.710262
15144.370738
15143.255436
15095.156330
15094.442759
15164.888441
15138.013312
15119.098470
15108.086169
15108.073897
15112.101310
15136.026032
15137.220764
15121.542391
15099.752624
15109.525509
15123.170598
15110.482732
15112.027205
15122.283366
15133.371721
15096.268451
15122.352010
15121.204095
15122.353961
15114.652549
15114.027114
15099.145081
15099.769201
15097.891267
15126.378258
15125.772236
15109.653507
15087.806840
15087.668836
15088.410495
15084.318922
15112.152550
15111.568847
15128.527523
15113.188322
15114.699387
15099.841328
15137.207366
15158.408617
15109.297498
15174.313652
15109.853408
15137.219297
15120.843287
15139.111383
15098.308792
15098.207202
15110.492504
15110.498347
15127.525206
15110.416881
15110.389327
15127.457265
15110.357007
15109.740836
15126.832339
15120.107478
15125.640558
15095.986421
15121.925965
15124.520300
15083.764910
15106.776153
15107.468425
15094.303985
15094.207173
15095.545328
15108.010733
15140.547961
15110.781282
15125.510791
15111.061528
15128.559008
15096.997308
15122.225730
15121.262701
15139.355751
15098.287817
15121.865342
15109.318225
15140.648838
15123.023291
15133.402848
15151.555914
15111.291248
15111.930926
15125.042740
15109.686554
15096.878304
15100.218143
15096.901654
15109.173335
15100.049883
15098.506076
15099.745826
15135.495753
15119.496932
15107.330780
15121.710418
15109.036089
15087.220707
15086.463962
15087.808428
15134.805251
15099.683768
15110.258892
15099.112215
15105.741916
15111.235021
15122.077238
15097.560497
15124.134363
15110.409544
15108.904908
15109.448633
15107.648275
15120.036973
15113.059881
15099.310575
15108.994719
15097.399069
15109.754426
15099.493165
15094.639496
15128.377880
15086.638965
15099.549827
15178.940103
15151.180532
15086.349179
15075.843567
15193.500889
15109.124699
15097.423418
15097.434081
15101.497441
15102.082031
15115.084642
15115.193484
15100.314710
15100.205421
15111.416171
15110.864206
15127.814487
15099.395244
15099.033318
15073.747525
15091.544019
15083.582904
15084.304218
15094.072541
15093.958241
15094.172107
15094.040133
15111.809120
15059.850225
15060.390030
15060.911073
15130.859883
15072.054405
15071.408851
15109.547845
15132.994050
15122.076823
15110.426777
15109.754330
15110.819956
15110.758619
15106.009594
15122.630305
15135.484304
15107.346501
15108.065437
15132.217847
15108.922176
15119.858975
15107.344442
15149.625860
15109.533374
15132.976612
15122.073522
15110.409664
15109.756868
15110.822639
15110.802720
15122.630230
15074.253288
15108.755898
15085.403651
15119.179861
15109.945737
15083.564181
15094.243132
15117.875342
15108.162290
15096.172122
15119.407419
15094.325899
15118.861273
15073.828106
15072.610034
15083.193464
15096.808130
15083.321447
15108.370125
15107.793686
15093.601071
15109.463043
15109.523097
15083.799716
15083.793326
15097.475184
15073.436845
15073.949491
15072.730368
15110.082684
15110.059952
15104.852966
15094.321923
15093.764444
15096.005146
15094.686857
15122.611707
15084.960992
15086.970854
15087.283494
15086.571552
15151.165808
15093.638513
15094.282487
15108.768471
15093.622407
15094.265695
15123.535133
15082.427906
15081.433285
15083.537629
15082.993488
15084.154975
15096.223944
15083.622074
15084.267459
15072.383460
15084.202346
15096.530152
15083.648233
15084.546750
15084.057243
15072.414368
15098.402747
15098.415536
15084.774666
15086.757710
15072.198455
15113.556503
15072.886976
15152.590674
15110.561601
15098.156759
15088.036555
15120.690909
15115.187649
15113.923592
15063.207797
15064.400508
15095.966595
15087.489740
15087.507840
15062.245056
15072.221370
15098.703882
15098.687353
15063.435340
15073.412077
15083.693108
15088.610856
15099.081574
15097.890120
15074.384777
15084.382059
15085.050461
15098.146053
15085.107499
15097.340560
15084.954075
15073.902406
15085.114546
15084.892379
15086.963344
15100.509310
15122.245400
15096.623305
15096.577535
15122.308364
15109.239396
15097.341023
15097.895424
15096.036222
15131.350434
15121.041180
15120.498838
15084.367456
15084.994962
15118.318347
15118.919578
15131.976256
15120.872461
15073.913060
15073.845285
15094.318815
15084.342044
15084.972096
15090.253025
15063.869678
15063.799301
15070.962417
15073.750561
15074.392456
15073.345967
15074.345103
15073.815389
15099.844455
15101.467763
15099.794070
15097.501660
15096.952643
15096.233709
15081.531979
15072.890997
15072.282832
15105.303521
15085.256559
15071.791822
15081.532663
15070.370248
15085.556159
15062.924273
15085.534008
15062.332379
15120.453152
15111.691562
15061.046071
15085.051320
15061.837472
15071.963847
15085.550228
15062.188327
15121.703180
15086.506886
15073.453487
15073.508194
15071.608182
15112.891307
15084.053682
15095.579281
15084.054788
15121.234383
15095.608600
15085.592406
15062.268193
15099.378377
15087.094078
15086.415967
15123.923389
15096.569841
15096.580428
15062.285246
15072.901036
15097.629708
15084.867655
15085.543093
15093.654002
15093.065267
15094.753078
15083.591941
15083.610342
15073.679838
15073.685867
15084.844365
15098.143367
15098.615403
15099.857801
15094.892015
15095.387900
15083.772206
15084.271580
15120.524227
15083.736081
15084.247701
15120.478009
15084.376713
15117.946293
15108.857075
15106.998058
15106.356401
15095.933194
15073.668423
15072.991402
15097.509281
15063.191906
15099.850737
15099.417881
15087.245145
15112.575430
15096.041625
15097.176798
15096.027538
15096.683979
15069.812461
15096.131721
15082.741091
15095.537065
15083.596940
15073.119646
15082.927309
15084.194589
15084.278405
15082.920248
15083.602382
15083.086288
15132.249719
15119.245420
15119.328526
15073.801237
15096.533390
15085.827637
15095.987804
15071.507822
15097.781914
15086.481644
15096.649210
15071.489848
15072.951805
15073.001241
15083.299753
15111.838597
15095.364395
15095.911851
15095.355758
15095.424496
15082.778203
15082.731461
15094.892359
15107.847568
15109.267480
15109.306062
15108.867420
15108.520710
15097.387191
15107.907947
15073.637182
15110.772324
15110.711418
15083.464791
15083.655137
15084.267553
15083.502007
15084.192602
15084.794504
15083.662504
15084.173336
15084.732142
15135.547599
15074.350273
15073.511628
15073.561838
15073.866490
15112.435517
15062.117407
15112.312317
15083.471148
15083.428917
15120.633312
15095.008951
15095.009700
15084.530866
15085.039418
15084.496219
15134.951266
15112.373312
15062.102732
15098.513057
15086.403870
15099.708319
15076.381304
15107.147581
15080.855618
15136.730405
15081.571049
15082.731607
15108.227724
15110.737112
15122.134568
15107.398781
15107.895994
15107.860838
15110.093530
15097.951793
15098.167488
15108.767183
15082.935456
15073.062170
15094.903486
15120.793016
15108.076410
15147.130841
15149.744445
15149.864608
15086.095035
15125.944003
15087.324934
15086.105565
15098.819917
15063.055965
15131.316323
15108.173255
15108.791666
15095.156863
15132.518561
15095.752264
15129.953809
15119.351767
15108.822702
15094.227861
15084.866088
15084.192577
15094.237167
15117.656658
15104.925019
15096.223156
15107.895047
15095.026642
15120.077750
15094.560175
15104.479096
15106.411750
15106.435910
15134.531858
15135.334394
15122.117755
15123.585713
15109.450530
15074.906067
15074.235467
15106.961625
15108.868443
15097.113834
15084.269213
15097.129002
15120.030830
15097.540150
15098.864828
15087.693267
15085.215896
15122.742151
15122.640272
15098.689706
15123.825489
15096.622587
15106.620227
15123.256624
15136.518065
15097.495447
15098.214771
15087.062206
15106.939494
15107.621947
15118.268234
15096.520384
15084.264232
15095.241733
15096.439355
15120.744756
15120.762889
15095.774696
15086.414376
15085.705830
15095.796850
15120.216364
15120.249462
15119.665464
15095.828777
15086.467749
15107.083897
15108.792842
15085.868949
15095.990113
15108.957273
15123.911517
15125.182931
15121.937732
15123.912990
15122.601525
15098.015571
15096.243590
15072.930590
15108.736492
15087.499307
15086.309586
15072.631039
15125.865126
15138.881087
15137.176233
15109.237598
15108.790875
15098.843412
15120.348888
15138.114530
15088.024592
15063.616709
15074.739555
15064.242107
15074.117453
15112.955418
15119.454872
15074.220638
15062.294698
15063.441345
15112.327901
15113.007777
15073.818693
15137.403687
15097.871672
15109.698235
15111.575953
15085.121403
15087.019675
15075.875204
15096.524639
15122.932400
15122.950454
15135.023897
15110.556126
15135.562838
15084.598611
15083.153564
15113.737237
15085.303414
15082.142044
15095.082727
15084.002172
15120.167968
15082.875915
15119.448411
15095.166185
15112.615046
15083.469613
15097.069356
15097.117585
15083.488109
15082.835410
15095.761738
15096.391815
15082.854752
15096.276710
15107.124573
15148.594277
15108.155258
15108.641828
15074.066690
15119.148973
15108.733081
15108.741092
15119.260064
15084.155089
15084.749346
15113.032166
15109.948157
15085.038296
15086.255568
15113.634806
15109.324486
15085.554110
15109.226522
15083.445307
15084.149122
15113.563751
15085.458376
15122.950213
15097.956072
15109.746295
15085.232806
15085.226195
15107.873631
15074.669891
15084.624182
15084.510919
15074.084669
15096.866287
15072.779031
15072.286718
15084.099613
15101.352597
15073.463766
15073.429762
15084.779992
15083.773561
15112.248639
15112.277456
15098.900718
15098.954116
15119.109433
15069.477155
15093.927462
15059.725976
15060.141683
15113.654627
15098.778014
15112.054622
15098.722755
15083.626720
15082.964486
15072.211103
15072.554760
15073.100393
15069.547105
15073.242603
15071.200526
15072.477606
15073.140322
15072.197391
15071.616318
15109.475154
15109.473130
15138.068050
15113.223406
15111.202491
15113.266308
15112.926603
15108.377285
15108.443922
15061.106423
15062.911220
15096.796669
15096.770314
15096.742292
15098.035206
15095.200256
15122.985796
15109.863859
15109.193167
15108.623859
15085.189097
15095.076933
15086.541431
15109.138851
15084.919076
15085.651974
15085.860097
15085.069039
15086.503718
15097.023683
15082.539096
15109.103641
15085.540148
15106.961380
15097.011422
15095.063710
15110.422535
15110.372914
15120.230334
15083.224136
15083.275008
15085.789211
15088.522020
15099.583921
15098.773625
15085.856422
15096.453476
15095.255601
15095.775834
15083.951937
15085.075311
15083.945638
15094.179207
15108.773025
15094.305832
15094.216426
15093.058953
15092.320107
15105.633202
15094.991848
15096.202368
15095.658897
15084.480819
15097.353227
15098.191915
15096.406446
15123.360848
15085.783364
15109.405212
15098.853591
15109.286969
15137.868093
15136.664423
15101.490680
15088.604302
15108.888261
15108.956925
15111.093141
15111.068063
15096.460768
15124.914380
15132.503200
15144.933159
15096.295568
15097.527757
15096.967536
15098.180443
15124.222036
15112.522847
15124.944937
15124.802005
15096.012165
15121.202901
15086.406985
15085.839851
15098.018301
15098.961488
15099.495169
15135.226779
15113.795351
15091.215179
15102.283795
15124.657700
15112.557990
15126.261751
15070.633263
15071.721018
15085.599976
15071.599434
15085.014072
15071.794718
15071.698897
15096.019210
15069.939701
15086.102850
15086.691346
15073.040743
15107.710940
15074.122888
15072.761696
15073.454980
15072.711405
15096.610684
15097.202100
15086.049168
15086.051373
15071.662910
15071.736345
15081.507657
15082.041490
15106.438426
15072.860647
15071.452219
15072.188660
15071.506652
15095.960304
15095.965511
15071.106689
15071.101653
15072.173959
15071.564209
15072.225755
15071.510915
15105.939985
15097.644385
15108.020071
15098.196465
15108.585733
15136.887242
15096.367143
15083.037925
15106.770613
15086.855873
15086.853531
15061.729092
15061.081696
15063.532766
15098.280937
15075.086378
15097.214248
15099.010166
15136.573863
15097.788604
15098.842969
15087.124822
15113.948903
15111.767450
15086.510118
15071.802159
15086.573028
15072.010526
15072.115904
15107.071435
15095.832785
15096.460925
15085.829443
15080.868791
15070.775960
15070.034615
15069.593235
15071.980891
15107.068505
15070.383219
15072.042188
15070.245182
15070.344260
15083.096754
15083.034378
15096.592251
15085.084529
15071.465455
15070.857692
15086.614929
15086.863115
15083.829361
15084.714441
15085.566525
15095.937402
15096.652718
15072.180161
15070.941985
15072.151279
15087.118002
15086.873118
15085.617992
15060.947633
15061.557918
15059.749914
15071.542593
15071.562517
15107.091143
15071.462972
15071.440153
15071.504402
15071.278307
15071.709860
15071.606678
15082.269406
15072.183122
15070.904772
15070.826420
15071.590618
15084.103143
15070.261814
15070.123854
15071.472462
15071.571059
15072.761711
15061.606458
15114.370582
15106.974522
15094.375649
15096.777245
15082.465866
15108.150446
15095.654891
15093.619245
15093.683210
15093.121995
15098.720166
15097.553838
15094.570264
15084.463535
15096.322461
15109.142647
15098.767823
15098.223689
15086.546891
15072.364035
15072.505869
15097.428849
15073.272009
15119.713365
15120.372582
15095.893402
15082.757228
15096.004468
15082.070695
15095.817478
15095.341487
15071.520601
15071.562937
15080.822214
15105.908372
15094.363699
15095.007008
15083.921473
15105.937144
15073.104067
15099.350298
15098.176217
15109.691879
15099.346809
15098.890453
15096.700635
15060.974259
15060.993305
15097.773765
15072.599882
15082.570403
15083.861006
15096.181199
15081.604372
15083.705486
15071.637224
15096.328794
15083.000252
15084.415332
15073.004985
15082.060680
15096.623320
15082.720105
15084.961574
15072.725372
15060.126760
15060.858683
15086.056237
15086.058591
15072.969773
15072.414150
15071.831533
15060.844818
15070.717616
15071.342318
15084.700418
15085.174037
15070.771914
15094.726447
15072.946118
15085.472631
15072.146106
15085.360004
15071.512902
15071.563834
15072.175260
15071.338441
15071.597614
15095.143769
15094.637359
15082.827436
15082.247128
15084.529594
15082.805115
15072.043773
15072.793708
15071.371039
15107.184708
15081.992230
15082.723991
15072.070067
15082.712261
15094.142054
15092.769070
15117.716805
15118.911685
15082.358158
15083.398920
15083.411438
15096.262924
15074.000902
15073.786608
15074.517408
15097.514235
15097.872576
15097.937448
15082.750343
15122.765588
15105.179883
15105.124366
15080.824158
15070.357027
15070.880473
15105.816609
15105.762920
15085.230267
15085.892127
15082.874536
15120.157106
15106.481614
15106.496771
15092.932033
15094.093925
15093.554491
15092.766066
15092.134432
15092.087866
15092.859721
15092.380152
15084.741675
15122.970360
15083.638704
15098.792929
15098.763623
15098.073931
15098.659092
15098.833048
15098.747452
15083.496486
15122.943726
15095.267499
15095.945186
15095.959076
15072.747019
15072.041097
15097.094441
15082.371581
15130.965840
15082.943608
15130.987770
15081.786250
15094.861146
15070.848013
15070.299644
15095.319824
15070.919307
15129.921881
15084.172781
15083.633310
15071.551446
15111.829417
15096.126067
15081.439776
15107.170523
15109.612145
15108.538314
15109.568206
15107.884217
15097.730037
15106.379845
15095.803575
15107.837488
15083.815660
15083.239907
15083.739404
15093.791027
15083.220885
15085.674288
15082.253614
15086.233376
15082.879879
15083.102570
15060.891734
15095.320795
15105.500146
15106.699702
15107.491861
15106.081379
15106.717942
15106.999094
15093.907965
15083.352194
15096.287230
15096.830212
15083.189070
15093.220018
15093.710891
15095.718723
15097.155631
15106.409762
15094.302343
15083.708843
15081.976370
15071.454523
15084.350415
15086.720427
15080.884244
15094.105703
15094.325473
15082.086421
15082.112893
15096.694493
15083.704762
15081.772539
15083.029276
15081.619322
15106.614799
15107.863891
15107.306279
15122.093514
15085.910389
15088.443175
15123.108454
15123.585733
15094.035183
15083.586733
15108.885431
15094.859298
15094.801164
15084.284033
15096.269063
15098.340765
15097.965867
15117.903633
15082.720910
15087.615495
15097.598720
15085.170175
15095.773212
15094.318925
15107.397441
15081.686621
15082.924178
15072.283216
15096.843540
15071.164550
15061.032080
15083.067639
15096.092576
15071.013431
15081.659122
15081.038104
15082.967856
15081.598334
15095.613696
15071.115279
15071.792152
15072.967222
15096.841355
15071.109912
15072.938633
15106.335503
15096.564578
15096.865915
15096.438112
15107.922732
15097.055038
15099.179776
15110.256050
15109.245437
15110.673071
15098.414976
15106.306645
15106.383998
15096.548059
15096.845078
15096.469081
15109.429630
15086.196268
15098.681084
15085.017868
15084.327106
15118.774402
15084.654906
15084.486219
15083.942409
15118.112910
15094.418299
15094.460918
15094.599907
15095.298800
15095.836157
15095.047383
15094.984240
15093.728436
15128.776237
15118.120614
15120.796476
15120.769939
15126.410156
15124.043031
15088.814565
15102.769296
15150.258332
15147.642921
15148.549421
15110.065328
15098.862846
15107.357029
15073.968843
15072.173975
15072.199516
15106.754348
15072.221294
15070.948113
15071.658759
15072.186536
15097.958783
15097.955748
15062.252809
15060.986722
15101.450071
15084.371652
15072.377689
15072.346303
15072.424051
15084.421839
15140.530947
15095.663212
15119.818386
15084.452299
15086.290820
15085.747262
15085.031423
15102.836817
15097.782947
15099.812197
15097.690023
15074.236912
15074.313552
15075.530426
15114.237210
15072.211271
15072.678175
15072.118488
15072.127794
15083.440764
15070.164430
15070.687255
15070.164921
15083.329867
15095.029108
15094.898413
15094.912476
15109.362274
15110.684496
15086.094793
15087.318053
15086.032400
15099.398621
15111.620739
15095.582558
15095.609756
15121.175759
15107.989636
15097.994093
15096.242180
15096.316258
15097.428774
15097.394200
15084.951060
15085.782546
15086.043385
15124.362272
15121.342763
15097.606114
15096.945017
15084.564031
15086.074319
15086.808274
15085.696834
15087.060674
15097.452466
15109.800221
15085.697707
15099.752624
15074.658872
15086.198165
15098.177482
15087.753185
15113.072460
15112.291490
15186.756650
15060.991868
15072.066924
15073.841962
15071.539415
15083.583954
15073.553643
15074.103507
15060.191578
15070.833624
15071.691857
15081.651918
15073.861207
15073.611399
15060.864163
15060.861535
15075.345202
15062.151508
15061.711453
15072.749935
15071.551196
15062.856099
15073.438954
15085.683051
15072.281000
15062.318541
15062.825872
15071.860217
15062.356718
15072.438096
15072.736834
15074.560025
15061.560868
15061.720459
15061.672912
15062.204826
15061.150634
15085.576112
15111.952724
15111.953262
15095.897615
15123.467413
15095.357280
15095.987968
15110.595644
15100.874211
15115.024209
15115.419334
15114.710938
15149.972055
15110.109940
15110.355378
15121.302518
15110.850097
15113.154744
15127.268718
15116.137257
15126.700951
15171.223225
15169.691083
15109.338850
15087.477155
15090.872077
15087.423724
15090.814407
15121.740278
15121.735308
15098.700793
15113.465376
15098.681923
15097.988636
15113.318674
15097.973111
15152.107301
15150.937663
15143.398536
15169.008908
15126.821067
15087.578115
15087.435822
15088.077725
15100.797543
15109.615471
15083.245118
15072.685798
15100.623237
15100.067920
15100.882634
15100.760593
15084.655663
15083.989150
15122.085109
15095.162090
15094.453182
15099.506274
15126.682667
15085.152620
15085.240555
15085.059736
15072.992924
15084.472268
15082.911977
15087.296289
15074.202378
15098.057564
15109.847006
15084.715609
15084.126327
15073.364319
15097.912095
15109.042949
15083.358443
15077.025906
15075.597575
15098.954138
15098.289700
15098.133453
15108.363852
15086.940749
15085.547230
15088.105115
15088.679237
15061.170178
15097.195984
15073.715945
15074.402917
15084.240196
15084.929297
15073.011752
15087.187941
15074.395355
15072.595811
15074.394483
15097.619165
15062.445417
15125.962710
15097.247830
15097.019365
15097.620395
15087.113895
15125.568959
15112.496526
15073.065915
15073.717327
15087.369047
15098.125400
15085.492729
15109.906306
15076.131262
15075.512518
15073.236475
15098.109235
15063.103350
15063.665239
15072.486105
15126.043182
15140.140359
15100.102040
15100.134025
15143.251829
15157.116662
15150.368322
15141.882975
15128.682925
15117.678799
15150.124156
15160.300869
15155.085603
15141.924935
15155.588359
15152.305138
15114.877382
15093.060966
15116.025656
15114.097584
15114.122290
15126.589754
15117.105290
15129.283909
15101.621390
15104.642121
15162.377783
15158.239387
15146.501635
15115.841087
15143.663453
15138.570474
15144.312091
15139.222502
15096.385435
15098.187650
15087.658855
15123.096304
15114.710774
15138.598401
15127.761777
15126.416101
15126.442730
15154.919498
15142.258741
15127.779737
15115.845358
15114.600390
15116.308951
15140.693601
15124.306719
15124.287675
15154.084740
15121.993590
15121.481818
15100.650069
15141.629121
15138.493522
15130.906379
15163.936776
15161.699394
15159.621937
15117.857423
15146.072703
15143.496542
15112.025535
15115.562419
15143.482292
15111.291840
15116.750308
15146.031576
15130.413071
15088.319213
15110.091474
15111.323944
15111.353164
15089.429682
15126.576712
15165.223229
15195.972978
15178.006450
15191.230000
15178.009291
15178.008492
15191.232128
15171.433151
15166.673092
15166.675106
15171.417469
15165.222418
15195.988885
15166.673784
15131.494260
15118.266073
15137.055208
15140.313253
15144.161564
15103.674379
15141.063475
15144.913426
15206.134993
15182.518615
15182.501648
15126.649807
15157.270281
15187.083630
15113.864147
15139.065223
15118.183610
15138.139688
15131.408991
15143.340087
15140.058796
15126.437577
15131.653406
15128.371378
15137.611399
15096.564852
15109.586755
15130.090833
15097.104002
15107.797348
15123.750656
15118.420069
15097.233054
15107.823303
15096.690770
15108.908441
15107.107543
15108.312142
15098.274595
15122.436031
15088.201341
15088.300089
15111.929807
15086.788552
15084.339614
15126.922730
15085.208949
15098.271144
15115.767808
15126.377917
15115.823785
15138.554142
15139.204760
15116.587674
15129.817075
15117.480075
15130.724012
15140.008873
15132.519581
15129.640543
15130.288841
15144.255797
15149.494244
15143.098591
15147.684125
15145.605657
15125.631239
15125.016270
15113.439040
15114.157070
15113.902252
15114.267828
15103.204996
15103.916614
15108.759015
15109.399325
15098.836576
15138.644574
15113.088969
15113.901482
15088.782069
15137.096547
15087.406856
15111.508820
15075.839020
15102.894697
15078.055317
15153.928060
15103.391330
15119.286261
15101.698176
15102.993972
15099.079960
15110.673032
15122.602999
15097.661783
15099.635713
15109.787207
15123.370318
15097.429239
15108.942926
15111.227961
15110.176080
15086.910506
15086.198119
15085.869791
15082.904052
15106.734462
15095.703664
15124.261051
15114.022900
15127.566728
15088.138822
15103.443837
15127.444996
15139.238830
15137.638735
15106.822046
15110.053889
15087.202755
15097.733196
15096.470716
15112.617266
15112.607413
15113.371387
15127.984395
15115.806987
15112.360070
15139.415920
15128.004179
15154.931153
15154.455166
15101.236629
15111.984931
15100.821456
15138.512421
15126.372021
15097.829020
15138.441598
15099.361034
15125.876232
15127.399517
15086.695288
15085.297467
15142.607816
15143.248469
15138.754359
15124.378228
15111.896762
15100.560803
15099.463051
15087.728953
15099.831849
15086.519949
15087.058265
15087.578850
15098.479233
15101.651593
15112.644963
15109.761075
15108.223249
15096.798057
15097.096279
15085.681999
15111.295275
15124.316576
15124.495640
15130.870792
15097.817612
15101.231283
15112.023061
15099.214033
15100.011211
15111.435926
15101.476332
15098.851881
15122.070968
15121.330660
15139.696440
15141.700529
15130.819317
15115.405992
15123.772712
15126.829284
15111.154197
15098.767899
15122.656712
15123.229389
15121.402711
15127.634627
15123.199182
15124.249574
15121.877637
15149.149014
15149.860565
15135.384954
15167.305917
15140.844294
15124.676371
15125.752149
15137.902493
15108.096693
15107.476970
15137.583781
15125.982597
15136.291357
15125.198890
15136.300885
15124.493261
15125.208950
15120.287966
15097.626804
15098.287416
15097.179579
15147.135962
15120.776523
15138.360311
15133.359040
15120.243080
15137.849575
15133.294300
15097.622336
15096.543228
15157.709838
15175.961622
15119.605430
15120.806868
15139.646536
15119.629837
15113.277157
15132.666287
15109.602467
15133.238727
15097.275077
15097.296295
15126.830364
15108.310602
15122.249875
15110.808542
15110.966730
15111.043521
15106.692676
15097.273470
15097.261089
15107.201015
15133.961551
15124.119069
15137.607063
15098.747447
15087.968201
15100.475004
15126.517953
15102.267424
15101.957245
15101.226516
15102.607769
15117.446655
15130.075443
15141.383087
15141.800165
15121.952181
15086.095765
15121.287118
15108.813735
15084.629619
15097.149450
15099.178114
15098.916913
15087.428315
15087.679274
15108.459570
15108.466776
15110.887074
15135.706083
15110.873497
15112.082983
15124.103990
15110.128814
15087.435962
15097.932472
15097.319741
15095.949494
15106.828332
15095.324303
15121.882996
15087.896938
15097.873293
15107.848462
15096.389140
15122.361737
15122.109739
15108.489053
15097.328622
15137.517552
15125.096019
15110.237031
15140.093562
15111.983177
15101.182775
15110.195793
15123.151341
15124.909814
15094.184627
15083.283176
15097.507133
15083.089534
15094.698149
15112.992527
15082.664104
15083.211748
15081.465028
15082.013554
15136.566551
15112.012630
15085.701151
15096.313238
15122.453676
15123.107985
15110.082158
15097.589747
15137.386859
15137.546355
15111.350505
15099.883601
15084.797255
15080.863338
15107.325383
15123.066980
15098.954361
15099.506803
15100.477257
15099.414369
15110.301402
15100.507158
15100.497824
15108.647350
15097.451908
15097.980128
15134.543894
15105.356134
15086.658575
15086.617226
15095.932290
15108.530886
15109.600582
15108.880279
15109.935470
15122.441809
15121.092218
15120.489770
15097.220136
15107.136142
15135.021131
15122.172972
15122.975036
15105.433678
15095.233264
15084.021014
15094.524047
15095.807201
15093.787320
15103.794694
15119.054498
15106.007338
15094.631143
15094.822621
15094.636355
15096.609559
15096.274641
15108.542322
15093.604909
15094.269029
15117.947012
15098.131538
15109.141589
15123.546388
15109.209339
15111.915320
15094.309101
15118.626147
15095.482841
15120.112597
15094.930462
15095.673560
15094.939524
15096.273844
15106.250259
15099.025336
15133.507613
15095.035209
15095.518074
15110.508590
15095.826412
15098.857496
15096.361016
15133.625192
15108.104963
15110.702436
15097.912868
15110.056121
15107.840464
15110.667364
15131.631715
15104.469379
15110.759398
15121.866107
15109.710764
15109.146702
15121.585312
15121.739071
15109.167578
15098.206965
15109.719841
15098.745502
15109.630086
15099.242498
15083.545110
15082.460230
15083.551711
15108.073058
15083.777047
15084.485653
15109.567858
15083.735947
15086.293621
15098.384468
15120.557400
15098.047699
15110.168439
15086.447323
15135.675169
15100.333066
15088.337748
15099.976375
15109.895633
15124.019957
15089.547089
15089.201373
15073.027377
15084.935625
15083.704296
15084.344682
15098.505984
15086.881863
15086.986405
15085.673787
15086.181265
15101.155582
15086.628007
15084.420285
15100.835592
15085.046272
15108.801308
15122.919305
15134.615855
15107.943502
15096.462913
15124.208187
15138.030899
15109.349447
15097.958178
15110.180315
15094.193189
15106.981032
15107.508556
15122.960971
15123.719380
15122.541568
15086.761708
15085.124652
15095.728329
15095.981172
15097.990029
15098.217762
15110.358497
15097.477697
15086.196150
15086.935644
15087.157864
15096.415226
15096.643773
15095.977168
15098.700362
15096.723521
15099.821563
15100.712510
15096.711574
15099.755176
15085.052570
15108.578362
15084.576855
15072.460312
15082.397681
15120.763937
15084.508255
15108.554187
15128.935198
15129.307798
15130.242024
15148.304511
15112.085842
15123.421223
15122.473441
15112.082606
15111.570690
15123.411970
15122.465071
15105.242823
15085.845165
15110.743861
15125.507340
15124.401494
15083.825409
15085.021408
15086.964468
15084.989902
15109.465094
15098.155005
15098.783506
15098.197773
15108.387823
15086.673445
15109.957976
15084.572558
15083.408734
15085.166189
15083.720927
15108.202178
15108.151486
15082.557247
15085.245140
15088.072417
15088.366996
15084.546758
15085.746935
15087.031193
15110.289257
15095.042031
15095.724790
15083.714189
15084.360903
15096.752086
15093.787299
15093.671963
15097.111344
15095.175029
15131.509609
15084.424257
15073.696786
15074.292084
15084.393586
15120.782346
15072.784019
15108.436915
15084.426459
15109.448321
15109.516165
15124.617282
15123.507359
15098.815460
15099.492124
15099.392410
15096.071660
15097.255365
15137.192870
15097.193127
15133.394679
15095.944042
15147.586615
15132.788511
15123.583633
15108.401801
15108.402715
15137.480771
15136.031075
15108.804554
15109.239748
15142.686887
15098.261992
15099.322566
15120.904360
15108.091851
15098.149071
15095.898594
15085.921462
15109.950346
15121.621164
15108.611507
15117.088300
15133.504558
15096.704147
15085.216843
15110.238666
15110.353735
15095.069342
15118.957358
15120.106162
15107.389953
15083.808700
15083.384312
15084.517276
15083.646439
15097.004534
15096.816411
15107.861172
15108.127095
15096.670964
15095.203273
15085.271674
15097.413651
15109.207834
15107.148285
15094.918879
15094.619954
15095.435232
15120.028882
15095.149715
15094.361704
15093.500577
15093.730382
15093.615814
15107.428259
15129.242267
15118.182951
15083.243318
15084.973999
15084.347154
15122.796487
15095.128276
15135.095775
15099.052590
15086.343245
15112.028833
15125.771791
15094.386190
15095.748964
15094.946875
15096.893352
15118.287818
15095.770912
15119.939974
15108.058496
15097.420708
15074.770373
15110.935686
15111.080796
15084.438615
15073.893255
15110.040529
15110.138722
15131.986726
15107.935967
15083.156747
15084.388092
15073.022175
15097.549605
15121.521715
15085.316699
15108.763076
15084.153006
15108.831193
15096.242595
15107.653534
15108.172080
15098.257364
15123.431025
15133.353304
15097.006910
15095.890590
15135.816298
15094.870081
15094.093342
15081.605829
15071.658829
15107.389028
15093.069180
15094.938531
15106.970753
15094.213381
15093.760363
15094.369037
15094.359502
15118.061588
15081.560929
15107.986863
15071.636537
15106.722829
15094.881760
15083.653904
15108.163507
15072.249030
15107.956958
15108.869634
15132.209097
15130.534730
15119.719282
15095.173182
15119.658707
15119.587637
15093.962982
15095.712753
15096.818762
15118.473659
15095.674174
15093.479658
15083.561484
15107.607877
15093.666550
15094.282748
15105.537323
15117.882834
15104.932686
15093.315937
15104.930159
15103.462989
15093.607883
15107.021078
15094.310786
15094.821673
15118.479146
15093.245863
15094.084631
15094.151345
15083.036172
15107.616577
15094.373475
15082.199736
15121.298899
15106.750664
15097.505606
15098.078882
15119.688379
15107.513257
15096.940345
15094.761075
15084.838221
15108.764099
15083.989664
15095.695006
15095.706381
15133.636071
15111.301587
15098.714316
15136.539390
15123.528968
15085.681138
15111.855031
15125.376028
15082.733836
15107.161755
15134.927747
15097.636039
15096.808342
15094.335727
15121.061145
15104.374808
15085.249712
15085.202223
15148.143677
15146.972579
15136.571710
15122.060059
15122.075200
15107.010310
15098.789042
15099.419878
15098.201744
15124.280190
15093.859969
15094.416042
15121.497049
15085.328994
15084.292095
15121.532847
15085.993630
15121.514856
15085.305447
15084.747802
15121.574665
15104.931171
15131.801164
15104.882785
15095.645277
15096.160525
15095.031864
15082.905049
15123.603796
15136.742685
15141.408611
15129.962062
15183.239586
15187.004260
15158.184922
15172.587416
15158.170453
15172.573407
15158.170798
15183.225286
15186.975775
15155.442055
15155.442033
15091.616496
15102.039935
15086.332360
15099.720803
15098.580467
15085.859985
15085.186779
15083.686893
15108.305529
15084.402579
15108.781788
15083.114986
15083.192014
15083.859562
15084.286340
15084.590303
15111.747880
15086.406907
15085.921117
15148.536599
15111.062340
15085.678035
15137.969527
15122.101302
15075.923695
15112.543644
15151.592058
15102.698863
15112.349795
15111.201295
15086.276843
15113.325202
15086.924440
15110.036870
15099.752390
15136.447347
15110.807645
15122.734918
15110.595547
15124.225272
15114.763990
15114.228563
15096.395257
15096.426532
15099.007333
15138.086266
15137.483280
15098.222157
15085.684889
15149.698538
15099.584499
15100.192843
15099.048230
15065.564503
15100.315832
15076.807350
15123.776047
15114.402710
15097.318759
15082.750006
15072.803016
15082.386465
15082.986829
15096.084356
15082.092723
15072.144051
15073.195482
15073.721384
15096.828215
15073.119758
15085.148647
15096.800207
15108.498105
15085.125574
15096.743618
15074.640361
15084.243629
15092.960596
15083.720821
15085.966609
15110.343141
15073.774402
15103.639691
15089.866267
15103.569214
15111.391206
15110.785244
15111.875753
15138.623113
15114.642733
15124.802571
15097.409150
15096.793934
15107.370223
15083.028115
15109.552104
15096.110631
15105.994252
15120.557121
15094.545901
15083.351102
15096.367740
15083.833701
15083.229715
15107.496786
15083.215532
15072.039602
15097.449461
15135.643718
15135.029702
15083.546900
15092.929533
15093.113674
15083.012800
15117.942431
15073.663387
15073.113375
15083.948778
15083.228958
15107.461418
15083.916655
15095.825671
15085.798582
15085.701087
15112.589515
15110.319833
15109.549896
15085.144099
15074.536232
15074.604409
15083.983253
15084.775601
15074.683636
15109.138386
15109.704714
15124.092023
15120.953742
15084.619521
15085.354691
15121.500042
15126.468963
15085.207778
15083.284856
15162.594942
15121.361261
15085.718009
15126.954157
15084.498490
15084.322929
15097.188438
15096.556804
15121.808989
15121.293528
15085.122762
15110.891000
15110.854255
15111.467184
15096.792164
15095.996603
15096.677777
15096.800045
15099.457641
15097.573380
15094.990336
15087.069849
15087.031983
15088.833639
15113.265240
15115.560289
15138.026573
15137.445655
15108.546948
15124.324317
15111.908331
15109.415942
15122.017534
15099.734009
15099.628023
15100.227039
15128.763591
15127.438719
15126.221139
15125.537970
15099.093938
15112.479845
15099.040567
15112.419213
15108.698056
15137.762013
15136.611850
15110.098723
15110.055466
15150.083890
15151.809131
15110.081528
15136.031274
15111.040840
15124.231077
15111.094492
15110.746279
15109.066569
15108.542308
15109.464592
15098.673235
15110.254198
15109.404448
15108.527811
15125.302244
15150.111715
15136.048530
15111.011867
15124.245221
15111.051798
15110.703570
15123.887715
15121.857667
15136.673104
15120.127576
15111.162198
15122.896471
15111.143720
15110.321559
15096.914985
15098.261451
15107.971823
15097.166763
15125.280994
15075.519564
15076.162357
15098.737353
15098.849719
15100.998990
15101.560062
15138.989062
15134.468103
15137.606827
15098.334811
15086.327772
15137.992761
15100.151722
15100.131089
15110.853176
15111.426700
15143.697180
15134.358031
15088.725401
15109.439852
15132.690668
15089.412473
15111.251542
15124.451492
15113.912085
15123.891122
15091.124405
15110.652189
15099.107764
15112.493977
15099.055308
15112.433991
15135.113755
15109.178901
15087.266655
15098.923974
15097.625068
15099.644618
15085.171725
15086.384679
15097.654405
15124.023224
15099.131643
15110.663508
15110.681895
15099.375966
15099.408421
15087.126960
15085.492271
15085.563507
15087.191585
15109.074702
15108.332251
15072.690912
15073.209172
15073.887215
15083.376828
15083.220363
15084.514191
15074.496402
15095.874585
15083.996792
15107.790011
15096.109521
15093.900203
15084.386026
15073.854173
15084.956567
15096.419002
15073.882074
15108.336222
15096.684270
15085.001956
15124.524721
15074.106766
15109.749849
15112.131988
15085.288110
15074.189620
15108.031531
15084.722640
15084.681866
15084.653808
15084.571959
15124.537398
15097.179349
15086.908130
15100.091597
15113.526061
15100.037392
15085.680117
15098.089745
15101.535175
15098.035334
15113.946759
15114.684145
15087.873155
15088.719608
15087.429857
15102.706884
15098.658801
15121.978658
15118.738096
15116.779424
15128.854098
15102.800927
15126.186732
15101.992382
15125.607191
15084.652137
15083.963506
15083.038791
15108.177347
15083.068892
15108.174968
15083.324258
15083.709590
15084.325828
15113.782543
15098.518811
15097.851977
15127.404885
15126.803645
15099.226879
15084.253911
15096.285239
15084.824881
15086.622926
15085.976202
15111.200919
15110.740079
15098.869064
15087.821756
15086.281409
15086.151923
15085.473898
15088.278935
15101.199067
15113.266079
15102.719984
15100.124890
15112.751212
15119.670382
15099.605066
15099.607567
15124.930600
15111.194546
15110.333047
15135.819007
15117.538847
15118.206408
15097.102970
15140.940994
15146.173228
15148.136166
15156.859883
15149.815793
15102.246801
15101.445299
15084.570326
15101.840145
15114.932098
15085.379821
15107.928636
15097.599004
15098.456861
15097.207709
15107.922405
15094.292173
15115.750089
15061.307179
15061.263126
15059.997031
15059.986245
15060.171365
15241.779805
15245.886787
15085.784109
15126.197370
15127.883743
15100.503842
15112.073936
15087.183124
15109.270676
15084.844478
15086.862307
15129.068658
15101.458169
15095.392519
15095.446725
15094.502083
15084.525374
15108.420843
15097.965397
15095.639191
15084.450283
15097.261494
15108.286768
15097.829605
15084.355577
15083.878389
15094.125053
15083.111496
15094.343003
15083.165980
15093.934189
15096.493821
15073.615666
15100.688490
15100.712618
15098.457834
15098.408684
15114.196070
15132.022868
15124.313611
15146.005294
15079.003693
15090.613913
15076.384917
15075.704985
15100.582273
15098.349443
15098.442096
15099.521225
15088.812353
15099.518524
15100.726682
15097.594140
15098.290711
15096.663200
15048.195506
15048.600386
15083.161830
15083.808478
15087.285338
15087.600117
15083.697990
15084.459600
15084.814052
15099.611694
15085.882296
15148.750136
15148.479790
15133.300361
15114.161898
15161.107208
15113.772297
15125.996385
15123.145134
15166.127885
15163.983562
15164.252338
15184.038566
15148.407395
15148.677521
15181.629093
15166.055780
15179.723256
15164.222075
15148.604788
15086.184216
15071.855827
15071.140364
15061.031319
15074.462456
15086.155486
15074.430705
15060.324553
15050.374204
15104.353241
15063.094867
15064.965815
15061.729536
15064.817799
15157.625661
15126.581322
15125.800067
15122.850412
15108.646139
15131.946918
15110.321209
15075.398083
15109.259611
15109.479238
15084.899885
15085.048645
15074.505834
15108.430275
15096.504104
15106.935440
15094.415749
15096.998055
15093.546277
15083.536818
15093.802152
15107.593987
15121.481893
15135.281763
15087.577424
15097.986821
15098.216403
15087.068739
15097.501367
15073.560115
15098.196205
15097.109479
15107.995213
15083.779058
15083.784876
15084.349071
15095.778386
15097.007961
15107.701374
15108.806028
15109.438148
15085.944919
15108.820510
15084.061090
15107.770774
15108.262838
15109.372391
15085.941699
15108.806509
15083.568014
15096.897661
15108.783960
15098.232735
15133.310786
15095.367764
15134.050530
15095.874140
15110.193174
15099.039336
15094.152262
15107.833396
15096.332437
15100.696480
15087.668710
15111.492539
15110.817436
15098.517941
15109.723130
15095.360621
15098.563743
15107.919554
15098.828271
15120.612639
15108.380004
15098.439190
15094.250938
15096.389201
15125.710500
15141.739950
15115.470369
15115.397805
15126.744459
15122.914349
15099.025687
15126.770560
15123.680435
15098.433986
15126.039219
15098.407320
15111.939125
15115.337913
15154.208293
15123.412988
15148.456929
15113.195831
15113.097899
15136.511368
15154.292588
15122.839206
15150.790534
15150.767751
15141.235118
15122.549298
15111.591044
15126.538904
15128.057420
15125.928200
15099.610951
15098.300465
15085.155542
15137.669926
15144.781150
15131.628873
15123.854556
15125.470479
15085.314064
15095.163440
15097.944326
15110.954189
15075.134814
15085.181627
15096.334171
15099.687820
15122.380185
15121.661775
15085.642961
15083.589553
15097.669720
15097.938555
15095.885945
15107.897656
15097.809236
15073.502282
15086.905648
15086.662754
15084.049927
15098.399519
15108.197298
15098.377709
15113.873529
15101.037681
15086.519904
15097.451398
15096.491535
15085.762931
15096.812587
15096.632241
15120.367410
15097.912067
15098.249709
15088.481821
15099.584467
15086.357471
15098.716633
15107.550271
15107.504915
15096.058327
15109.424466
15121.685461
15108.783486
15108.566031
15096.000724
15108.774230
15112.235022
15097.816942
15075.264761
15086.382425
15085.524657
15086.399584
15086.597063
15074.556307
15085.793162
15087.042693
15087.274268
15101.177141
15096.720331
15096.718471
15109.916423
15109.843946
15112.065581
15088.465752
15100.722881
15107.821070
15098.047877
15097.872957
15096.036371
15096.493583
15094.427339
15095.765648
15082.939976
15108.466458
15107.689537
15107.612559
15084.236154
15113.369084
15100.546261
15159.241257
15156.794164
15143.505172
15115.042068
15114.681168
15137.564383
15129.311525
15142.726989
15129.441640
15143.376534
15115.027050
15114.666630
15137.492439
15112.809402
15110.938053
15084.364933
15072.405366
15084.602630
15073.697867
15074.112340
15084.569827
15096.480418
15095.254218
15092.445536
15092.442833
15125.618253
15083.679311
15108.244214
15085.694702
15083.714756
15107.680850
15119.350951
15112.160365
15100.765421
15089.689080
15101.025839
15085.053284
15089.975028
15110.858683
15085.709362
15108.106270
15086.863847
15098.041198
15123.198700
15098.074843
15097.592007
15097.448855
15140.857054
15100.669213
15128.160887
15127.506664
15096.500380
15094.816061
15084.355696
15097.042987
15084.029308
15083.490232
15073.072647
15108.111512
15073.195092
15072.547774
15095.076745
15095.661726
15084.661720
15084.203157
15125.220624
15110.917203
15107.431699
15095.371481
15097.228388
15096.014459
15109.016743
15096.022008
15095.317262
15105.507628
15108.973623
15096.035102
15096.033243
15087.093228
15073.087352
15073.872956
15085.503180
15085.475099
15095.648745
15095.620914
15113.715167
15130.960231
15105.826594
15095.306059
15097.241453
15071.585329
15070.962836
15070.437555
15105.236292
15070.824108
15069.681861
15070.254196
15069.442639
15105.797316
15147.336656
15108.045922
15094.227902
15108.100591
15084.352443
15083.954339
15120.191577
15070.952610
15072.088574
15080.262524
15072.926984
15100.509953
15072.240671
15119.041862
15093.070399
15092.946280
15093.641631
15084.327340
15083.698401
15110.253420
15109.146859
15094.985108
15083.762513
15094.359395
15108.646994
15139.558550
15108.027878
15098.253427
15084.242103
15086.634092
15062.367811
15120.246493
15072.867980
15083.889111
15112.737548
15073.286115
15083.247790
15111.502274
15084.763304
15097.537107
15085.437498
15096.898853
15081.464107
15081.418146
15080.888346
15082.452510
15082.497856
15082.047627
15082.117554
15104.275581
15092.711024
15092.758995
15095.378324
15105.955729
15083.269457
15105.407419
15080.802068
15094.186949
15069.067884
15080.852634
15112.870116
15087.967014
15113.196967
15111.186774
15113.252206
15073.163588
15108.190735
15108.210587
15112.119147
15098.801378
15098.235211
15084.366868
15083.778726
15096.949405
15107.742348
15107.678827
15096.157267
15096.153006
15112.745212
15097.703471
15098.384887
15096.591784
15135.927923
15082.530664
15097.190134
15097.195928
15108.155267
15108.171351
15108.951077
15108.969155
15103.468500
15110.168680
15110.195057
15138.460136
15110.312382
15109.363917
15110.371324
15108.691386
15111.079398
15120.671177
15107.168660
15097.202687
15108.168531
15121.448248
15107.962568
15108.192517
15108.241565
15112.784066
15112.742893
15073.759162
15073.715966
15071.966188
15081.709251
15071.729271
15084.344260
15097.983268
15084.621568
15082.380841
15093.171794
15083.116277
15071.813460
15070.963100
15084.512734
15124.525086
15096.947143
15096.616781
15083.858144
15097.688843
15083.166651
15071.790298
15061.706093
15084.118554
15087.526966
15061.618349
15098.111748
15086.848114
15062.212461
15071.701026
15072.295083
15074.107697
15114.367717
15073.669510
15098.582881
15098.601913
15083.766646
15061.657098
15073.180325
15072.583395
15060.588171
15073.380473
15062.365363
15074.514079
15137.236860
15113.138089
15087.070289
15086.480559
15087.805458
15096.761517
15095.496587
15087.811636
15108.572216
15108.591265
15084.315506
15096.987307
15125.041206
15085.507459
15083.641977
15083.085696
15097.985747
15083.321626
15083.332806
15072.267649
15081.751165
15096.793530
15082.619834
15082.605306
15071.556487
15109.227080
15083.578145
15074.057791
15074.534422
15096.274279
15096.268242
15084.012927
15084.587056
15074.078726
15095.704932
15093.680001
15132.777081
15095.298466
15095.225795
15097.602402
15109.256543
15095.272543
15074.696363
15098.039673
15108.116336
15096.745558
15085.208457
15108.334010
15084.288701
15073.778784
15097.121200
15097.705620
15085.273315
15098.301151
15072.237941
15072.350239
15097.892520
15086.685723
15088.391620
15113.822756
15114.324129
15099.664107
15085.847888
15095.990924
15093.797004
15087.998430
15111.588530
15111.995845
15111.095249
15134.233295
15097.738571
15120.508580
15085.365653
15097.146590
15096.332299
15095.955275
15095.371034
15085.241324
15085.237340
15107.311641
15072.860436
15083.504755
15093.138482
15085.833693
15120.513594
15098.384546
15097.508481
15085.239344
15105.161138
15094.426456
15093.827268
15072.320429
15095.707447
15082.909442
15116.966962
15071.837340
15082.878493
15093.752898
15093.146304
15072.848700
15095.738960
15095.600100
15107.102944
15107.244593
15096.441973
15106.521158
15095.013770
15095.088797
15082.905768
15106.139131
15083.433934
15082.230670
15117.114367
15105.551434
15081.696576
15081.628222
15082.224648
15081.588256
15081.748634
15072.244906
15082.837478
15083.907107
15097.329292
15096.225821
15097.271946
15097.608339
15096.840615
15072.296646
15082.889037
15093.585459
15124.151187
15134.700799
15095.795187
15094.769299
15132.758874
15082.497679
15083.123493
15097.599386
15071.865861
15094.248377
15109.275890
15073.679945
15095.708400
15108.111217
15081.791178
15091.715009
15084.144306
15123.571467
15084.610038
15097.375326
15111.858455
15097.426374
15111.814917
15082.909784
15070.447555
15072.195899
15071.571354
15123.410720
15070.832546
15071.394553
15074.780658
15085.345726
15110.329042
15110.479045
15084.794240
15073.942149
15083.988063
15110.184800
15109.676944
15086.998350
15086.969370
15133.702542
15134.304420
15108.708730
15099.153313
15098.579959
15099.050388
15098.280770
15098.447766
15084.822014
15114.337704
15155.697196
15070.649673
15071.295030
15071.291096
15070.695053
15115.373292
15085.675485
15082.169801
15082.014304
15081.454911
15082.683416
15081.376048
15141.416286
15085.808670
15074.367452
15084.269651
15107.689289
15084.973629
15097.568421
15081.875691
15085.189894
15084.625865
15071.130725
15085.773444
15072.252349
15095.684474
15073.541954
15074.111937
15083.582042
15084.216606
15074.684344
15074.619867
15062.251012
15061.639288
15071.837500
15095.073946
15072.336130
15071.707905
15081.202885
15082.312042
15081.278665
15093.579143
15094.909519
15094.827006
15080.759612
15081.385044
15096.260278
15073.439502
15071.216894
15085.711414
15071.660548
15081.860687
15081.789538
15083.146148
15082.548772
15070.530879
15083.116913
15081.714732
15095.122073
15081.825064
15081.966769
15082.377268
15095.677803
15074.046391
15093.941762
15061.146085
15073.104377
15073.082902
15071.310562
15083.185572
15083.836206
15097.157922
15095.889204
15095.890319
15084.681835
15086.292548
15095.133252
15071.183897
15081.672706
15082.490117
15081.956505
15093.627420
15095.416703
15094.856326
15080.812096
15081.410934
15096.767358
15082.047257
15083.291079
15097.705935
15073.540833
15081.694074
15095.103350
15074.015426
15084.003246
15096.810009
15097.027077
15096.285259
15112.247070
15108.621212
15073.457436
15108.887828
15100.440247
15084.750540
15098.254814
15097.680651
15083.419976
15109.523034
15112.004390
15098.201720
15072.177846
15107.615387
15123.705900
15100.996653
15112.672564
15099.415391
15097.306546
15108.351755
15109.433441
15084.829080
15073.561347
15109.402519
15095.913129
15110.509331
15062.295816
15098.126812
15140.405152
15139.042642
15061.609553
15061.610215
15050.368260
15050.403116
15497.997497
15038.495572
15037.778726
15038.469975
15037.273903
15038.479731
15037.675433
15038.954235
15044.881728
15042.073014
15039.676466
15039.739806
15038.516053
15042.314625
15037.803434
15039.756367
15038.360963
15039.108330
15039.885055
15039.832117
15037.069410
15038.276857
15037.276934
15038.441547
15281.485678
15243.068301
15261.633592
15240.249755
15150.908628
15166.381029
15153.038592
15150.877410
15168.244135
15125.843129
15128.938692
15104.422367
15115.674993
15125.984950
15140.700115
15127.376076
15137.471425
15136.829627
15115.800174
15130.314527
15155.735215
15128.905693
15129.677801
15112.013879
15113.177841
15161.715275
15140.598242
15087.094100
15110.654745
15088.501141
15111.238728
15088.501551
15089.436844
15090.371414
15086.545768
15096.395777
15096.245145
15084.979992
15107.773551
15148.572522
15164.060627
15150.717846
15148.516461
15148.413448
15165.965944
15158.463980
15148.563123
15116.228671
15091.747051
15115.716607
15122.253749
15109.146265
15108.925626
15153.094730
15127.988801
15128.022920
15128.219321
15125.454165
15126.159703
15162.019797
15115.755916
15171.236994
15160.460890
15158.537800
15128.190685
15124.499901
15126.839637
15103.574580
15141.031577
15124.574503
15115.237893
15138.568074
15127.573474
15126.111894
15125.336685
15129.492088
15119.669338
15098.998908
15111.143298
15124.449771
15122.662770
15099.024971
15095.713729
15097.347416
15098.373408
15122.672003
15121.872581
15096.505401
15108.021854
15109.560701
15110.374439
15127.568703
15128.492474
15129.717131
15158.884857
15159.515105
15165.158990
15161.387698
15098.921006
15101.434283
15098.136430
15099.590485
15112.282493
15112.231082
15101.226765
15102.857599
15126.182733
15098.213852
15110.361504
15085.007329
15113.017622
15128.245948
15127.952163
15112.671635
15088.674418
15098.559451
15129.333731
15113.857509
15113.973906
15112.363575
15098.434404
15101.031242
15121.225230
15127.008015
15123.480032
15114.074336
15144.425247
15112.875828
15110.416937
15155.135345
15113.032391
15102.284436
15126.269156
15109.088220
15121.623618
15109.113107
15132.545278
15106.970849
15110.277358
15097.096846
15138.580520
15131.165537
15122.340134
15109.204078
15133.301623
15108.372015
15108.458694
15109.851237
15099.011744
15098.377570
15124.685138
15114.573903
15112.979239
15137.285451
15164.130942
15114.473562
15123.329566
15123.789144
15123.085297
15113.997304
15139.602023
15113.748839
15156.090142
15114.594909
15104.361180
15102.837251
15113.109856
15112.186521
15128.676058
15138.919443
15112.823172
15112.787858
15112.056202
15108.680856
15108.794092
15084.195908
15095.722100
15094.907363
15094.945302
15075.279525
15072.420412
15073.247571
15061.435257
15084.130651
15084.302167
15061.573638
15069.926311
15070.569114
15060.748017
15060.882178
15071.449475
15070.717203
15084.343692
15082.105456
15080.670241
15070.112861
15070.710829
15071.249400
15071.931107
15071.086850
15070.059492
15070.850570
15070.200497
15084.512844
15071.374241
15070.198115
15080.915812
15084.620098
15082.809686
15060.256752
15070.388470
15083.495842
15096.018009
15112.104034
15102.738693
15112.142973
15109.423969
15109.520612
15061.445699
15060.848071
15060.168711
15059.573909
15070.243874
15081.614208
15070.145402
15082.064169
15086.551376
15082.784117
15071.408164
15071.596247
15062.262301
15062.173083
15071.443958
15071.528288
15113.249982
15105.177098
15131.665697
15112.029221
15111.232730
15124.962150
15154.923957
15152.038611
15124.528383
15098.550003
15123.922815
15133.313988
15106.460634
15139.616564
15127.955105
15098.049684
15110.362425
15126.382976
15152.627254
15098.017579
15098.064035
15122.306754
15098.808644
15099.366279
15109.562625
15098.601363
15113.417098
15122.746322
15122.812070
15101.719372
15114.055534
15098.913364
15121.138707
15096.745169
15110.306594
15098.584040
15097.404487
15121.119175
15110.290503
15097.405745
15107.822454
15106.519301
15096.735102
15108.554422
15109.502906
15108.989543
15110.497508
15099.888239
15105.752505
15107.732190
15108.708920
15110.528926
15109.857921
15096.239069
15110.951779
15112.619153
15086.628748
15097.183691
15096.508779
15098.973980
15100.341513
15088.552318
15125.471259
15113.340647
15113.418935
15126.766394
15141.544347
15125.092245
15115.192324
15141.450737
15113.976266
15111.710205
15126.112868
15140.862455
15124.453142
15114.509622
15114.525991
15088.719017
15098.577952
15140.135591
15112.659064
15113.649851
15129.304691
15112.814095
15113.958556
15114.459683
15128.815911
15103.479761
15097.179034
15096.032100
15097.748578
15123.877240
15085.838772
15087.180801
15088.367403
15115.336000
15125.194159
15111.883973
15123.415371
15141.016177
15112.825599
15140.468322
15101.083438
15134.212832
15109.611427
15108.952176
15110.932367
15150.739254
15110.922932
15125.200967
15134.219194
15109.043083
15108.368886
15111.903032
15123.426846
15112.839848
15101.101451
15088.276264
15084.976477
15085.406612
15099.562612
15085.946923
15095.986571
15095.931129
15083.784096
15083.066981
15094.997486
15094.102655
15094.581461
15104.225495
15094.502244
15084.610954
15083.952771
15085.187881
15086.997053
15098.471745
15098.632155
15098.123541
15085.890754
15087.084597
15099.107656
15087.277635
15085.243936
15096.588198
15097.166682
15125.304870
15097.850642
15103.213942
15167.168034
15144.184154
15158.305992
15099.926872
15097.930680
15086.219494
15085.408495
15084.577343
15073.314528
15086.196635
15141.949041
15141.216707
15131.437666
15142.640184
15131.083272
15087.164969
15060.233360
15060.254979
15060.689755
15100.525627
15086.716630
15087.613240
15087.359086
15088.293466
15087.334735
15083.568971
15084.892285
15084.109630
15062.056820
15084.889866
15085.895898
15086.854467
15110.881787
15131.547406
15116.414057
15132.783507
15118.203138
15087.913597
15115.842333
15115.383055
15072.025403
15072.724486
15083.650588
15094.103797
15106.309947
15108.177082
15108.263426
15098.539775
15099.107044
15073.541999
15071.273045
15072.022997
15072.720672
15108.231646
15108.792055
15074.640729
15085.055139
15095.669192
15085.787386
15085.786359
15132.896040
15095.695962
15097.173676
15097.673435
15097.077260
15087.221652
15060.899651
15060.162150
15060.147441
15047.590198
15059.677908
15059.699095
15048.347633
15060.870991
15060.859841
15059.020007
15060.218898
15047.858748
15060.192725
15060.195959
15047.754059
15047.557319
15059.545880
15059.593229
15059.095706
15084.879622
15084.207071
15129.693422
15102.169336
15103.970444
15038.388879
15266.042687
