13422.495008
13463.257507
13423.956130
13422.765627
13462.547288
13475.725969
13434.628163
13456.976768
13422.445770
13447.097746
13458.284066
13447.909598
13460.875561
13457.441410
13486.182808
13497.128552
13457.043014
13446.640929
13415.769080
13412.637981
13424.083256
13423.464973
13425.080914
13415.082086
13414.269438
13470.049159
13437.343713
13443.649873
13444.265193
13433.627336
13455.809672
13423.597960
13432.350069
13460.384997
13421.895278
13435.326764
13411.882095
13435.931424
13434.368630
13435.989533
13446.451442
13433.817168
13424.291281
13435.699579
13424.287926
13434.428685
13433.682331
13436.234650
13442.898121
13442.962987
13457.716154
13446.855492
13435.036296
13458.175353
13435.779319
13446.359452
13436.636688
13435.669340
13447.432234
13435.208887
13457.640001
13458.266930
13446.588381
13447.208406
13457.152566
13447.287693
13400.684152
13410.629512
13421.213313
13411.932480
13411.420515
13425.167328
13449.304276
13475.979921
13439.465637
13449.387931
13462.193298
13461.526960
13491.759042
13494.615250
13436.407521
13424.207405
13432.053709
13451.251546
13451.751229
13446.607130
13462.685448
13488.563832
13462.096798
13483.167373
13473.410610
13472.934672
13473.244744
13461.495238
13460.573997
13458.797688
13473.440053
13461.559551
13482.676242
13500.668512
13472.452594
13458.609326
13461.498026
13473.249211
13490.775232
13527.071287
13487.072584
13474.454657
13473.241465
13474.452948
13473.239655
13460.906088
13450.620938
13473.262041
13491.278211
13448.566977
13465.409724
13466.638582
13450.686331
13476.322662
13476.420928
13470.529149
13470.637752
13463.012476
13472.998467
13447.674426
13473.732585
13473.783841
13501.952571
13489.894485
13486.249145
13486.629830
13447.999765
13435.427419
13459.425351
13425.095299
13470.258702
13460.740026
13450.325781
13470.964514
13460.428087
13461.631150
13451.240929
13460.642248
13472.364638
13439.230598
13471.701575
13437.759413
13458.675048
13447.626592
13448.763952
13435.155733
13449.672093
13475.301183
13475.126351
13490.209545
13498.353398
13475.317547
13475.170085
13504.316590
13471.050072
13460.981208
13498.373256
13527.311520
13472.682944
13462.266330
13500.921457
13450.743009
13450.110292
13436.694957
13460.764220
13448.211892
13460.569320
13471.269738
13471.902678
13460.750355
13460.700361
13445.335337
13488.247777
13460.133824
13457.864295
13434.365182
13433.991213
13433.874751
13473.276232
13448.250094
13448.763172
13448.095307
13413.370607
13463.859436
13448.815279
13464.769579
13461.786194
13435.002099
13475.303532
13436.261490
13435.766799
13445.705271
13444.983307
13476.308540
13465.789020
13437.195209
13447.563974
13495.726277
13495.241853
13466.988900
13494.872536
13478.037227
13495.473831
13494.492570
13495.078424
13494.032937
13463.670584
13494.031725
13509.541617
13526.057510
13508.990099
13547.179508
13450.202057
13465.062949
13451.299679
13459.530699
13458.937653
13462.894234
13457.129092
13458.404804
13458.903750
13498.886626
13482.076805
13457.866682
13448.011699
13458.553909
13472.100314
13438.002873
13448.526014
13483.550948
13484.378405
13454.845904
13482.725383
13455.514372
13471.569536
13434.851963
13436.730615
13426.791135
13437.264097
13472.036726
13468.615915
13444.114046
13445.102665
13444.835007
13434.332780
13468.581256
13468.608953
13492.512988
13444.876546
13455.995054
13470.373846
13469.795878
13467.939363
13447.194288
13468.832609
13446.323908
13458.011713
13469.367225
13479.263173
13458.719352
13458.687135
13446.823000
13458.706107
13468.566068
13447.256043
13445.355310
13469.260259
13446.933122
13468.860399
13459.210340
13447.491371
13446.023569
13469.758471
13468.906503
13448.145914
13458.651320
13458.651178
13468.691721
13448.012796
13468.642146
13445.507506
13435.055897
13469.235226
13485.197911
13496.455441
13445.888683
13456.904634
13446.932774
13445.996846
13444.279750
13458.856737
13446.544199
13436.159369
13426.201566
13436.675327
13472.600166
13447.742691
13447.235885
13446.119436
13435.596205
13472.787329
13446.010489
13435.009307
13435.000025
13444.862409
13443.448897
13446.260543
13434.129375
13434.128607
13442.510344
13443.038251
13446.123852
13468.687088
13445.579931
13457.405948
13468.225479
13446.677417
13444.797350
13446.705920
13444.415347
13446.137750
13445.099235
13445.704204
13468.255192
13458.003032
13446.210170
13467.674007
13446.766683
13497.200984
13445.860182
13456.392153
13451.121022
13472.972819
13446.089349
13445.547802
13447.645387
13446.036525
13435.524766
13472.737663
13445.095466
13444.968133
13444.229899
13444.157818
13433.750307
13470.080368
13460.199628
13437.282549
13472.657490
13446.566515
13444.485869
13480.973393
13435.236376
13446.812010
13445.124800
13447.910650
13458.838333
13457.105976
13458.255350
13434.096555
13433.529513
13457.145999
13447.904665
13444.853468
13434.865107
13470.414386
13472.340993
13455.872738
13446.442328
13446.971155
13474.782812
13435.041621
13450.694939
13475.078987
13462.191168
13471.251644
13475.016992
13458.474624
13457.955330
13457.192340
13436.846123
13449.319828
13437.775182
13436.298432
13434.061666
13461.437201
13427.412374
13494.489038
13473.496043
13451.365979
13473.465203
13465.634914
13494.438252
13464.484240
13478.146887
13435.794224
13421.779842
13411.298044
13446.378374
13474.107108
13433.268065
13433.818062
13437.223755
13474.863619
13498.429619
13457.733533
13457.725233
13458.052517
13511.750974
13484.466767
13462.484801
13448.692404
13486.034405
13450.909610
13462.140700
13484.864281
13482.178026
13444.433863
13482.917599
13485.352501
13482.651118
13422.885945
13447.277165
13424.028979
13447.751556
13424.731126
13473.436244
13448.479215
13473.442534
13520.679105
13529.786144
13509.795469
13455.946812
13454.740037
13491.299570
13480.938115
13484.217842
13482.064523
13468.515052
13467.856584
13444.783716
13458.245194
13447.889906
13469.649384
13448.462590
13457.106791
13457.800332
13447.204236
13469.626016
13458.002049
13457.260679
13446.125029
13467.881767
13457.674288
13482.764828
13468.985772
13457.884529
13466.412640
13457.176810
13444.007766
13453.921929
13468.420249
13455.982216
13456.542355
13447.306184
13434.043470
13456.796594
13433.613702
13483.410356
13476.438730
13474.953318
13472.713455
13448.798992
13459.810941
13449.163687
13459.337713
13446.995239
13457.154472
13447.949661
13489.567870
13445.616044
13445.095863
13445.707801
13434.050994
13434.066410
13448.071897
13447.806064
13457.354402
13445.267942
13457.873539
13443.442865
13447.300863
13470.004257
13456.575563
13433.294735
13456.756879
13459.128539
13449.989300
13458.419791
13435.175533
13482.821032
13484.449608
13484.405697
13437.640009
13470.665646
13436.507464
13457.756033
13448.590828
13447.806237
13438.602049
13474.012735
13447.788075
13446.566188
13437.324613
13473.375637
13471.018854
13472.175902
13474.308812
13447.268625
13432.874899
13445.734212
13445.707431
13446.915089
13424.037983
13456.479296
13432.572417
13486.195136
13485.545385
13447.833035
13477.495510
13515.786268
13527.110702
13472.722888
13483.767580
13472.227167
13470.206199
13483.173171
13477.376568
13448.994758
13448.193872
13448.167885
13471.200328
13448.269787
13458.293810
13457.113268
13455.162339
13448.169079
13448.165007
13469.242468
13458.214332
13493.341438
13459.036132
13458.254463
13456.939973
13456.303242
13503.872302
13449.539750
13437.601292
13463.364557
13461.553918
13475.669654
13473.330652
13457.973647
13459.355408
13456.935810
13457.535790
13457.036132
13483.074799
13458.211108
13475.921788
13483.854200
13459.531216
13472.356860
13483.867943
13474.513775
13500.386346
13483.818061
13473.424038
13457.363845
13457.655450
13456.282217
13458.763364
13475.814940
13483.279131
13472.245641
13474.417188
13461.194874
13463.237684
13501.128944
13471.418392
13461.382065
13489.068208
13471.682454
13472.272500
13473.332658
13461.300372
13472.578404
13443.319348
13485.948623
13446.720855
13446.190621
13498.537009
13457.688279
13457.116601
13433.407993
13446.117124
13447.397613
13432.640329
13432.472007
13468.238570
13468.792503
13458.759469
13436.774006
13459.329778
13436.094663
13486.685025
13460.980984
13425.405817
13435.515246
13449.197756
13481.911631
13487.415671
13495.985666
13477.956455
13472.107238
13448.636449
13437.741531
13438.519194
13463.878006
13437.903054
13452.233066
13471.051030
13471.083215
13467.340397
13514.012692
13460.256533
13472.346358
13471.952313
13481.952434
13471.100080
13459.836594
13484.331856
13483.821411
13485.172369
13472.312901
13460.993858
13471.157536
13482.676343
13527.746552
13470.988350
13483.146438
13434.435349
13459.551766
13423.224780
13423.150935
13435.415224
13434.881079
13433.833644
13423.235995
13423.155292
13433.092102
13432.464106
13459.842096
13445.327812
13445.310186
13458.598830
13445.337772
13457.123019
13446.724623
13445.983364
13497.758291
13446.570038
13445.464580
13446.824233
13446.286706
13481.225328
13464.756138
13446.895562
13448.159455
13472.565143
13483.752081
13486.361265
13446.195665
13451.366872
13472.296530
13482.452258
13474.433517
13483.230083
13511.899002
13470.736655
13469.545514
13483.283071
13471.185931
13446.466337
13459.230703
13459.231185
13469.210917
13486.396666
13446.482763
13474.074629
13447.002684
13513.403931
13457.662687
13457.691791
13474.448750
13436.581500
13491.714365
13477.143101
13477.754752
13505.487782
13506.080906
13445.369988
13409.897403
13410.665844
13411.203314
13476.613975
13447.138096
13432.910559
13473.369659
13443.477764
13462.186546
13422.098616
13422.293588
13446.066913
13446.543161
13422.760757
13447.099367
13462.313515
13473.992281
13444.042380
13487.556171
13485.011195
13458.009508
13457.926881
13459.520854
13476.544710
13477.205788
13474.435873
13471.322558
13471.242079
13477.663816
13464.046165
13421.939481
13422.558618
13436.071562
13426.234005
13468.034403
13433.583123
13444.000379
13454.805148
13443.586946
13444.368713
13450.769670
13449.997539
13476.096431
13469.137388
13453.963851
13425.566801
13450.450005
13466.346533
13460.646536
13446.132093
13446.108959
13449.048591
13435.225194
13488.668234
13464.536378
13486.352341
13465.133450
13498.360579
13463.530645
13473.989301
13474.135595
13476.150853
13489.359102
13463.399539
13473.953007
13508.791753
13474.633762
13461.992074
13474.462502
13485.726160
13475.167176
13457.792310
13469.737162
13470.207765
13469.695904
13458.258969
13457.993537
13458.482882
13470.461635
13459.543082
13447.687629
13448.258265
13460.237835
13473.041581
13446.981091
13446.294731
13469.066197
13471.570440
13448.527813
13457.978833
13460.950158
13480.939861
13465.199646
13490.782187
13474.469221
13438.618369
13478.760102
13484.620643
13517.384961
13436.400114
13437.050836
13472.741184
13461.528628
13450.449557
13442.656680
13435.533906
13463.632554
13477.081376
13506.484869
13464.680085
13511.589696
13499.136896
13485.947493
13485.899632
13466.718114
13501.197557
13501.173635
13526.264060
13490.894006
13490.251803
13487.589826
13488.337551
13491.879757
13478.684122
13518.565443
13480.473529
13474.931564
13508.215052
13492.783508
13466.075630
13501.109492
13533.163471
13489.607527
13495.022293
13487.693307
13448.899731
13458.009595
13470.147274
13447.586476
13476.190607
13473.444168
13449.004577
13472.668404
13447.701570
13459.230358
13504.319333
13478.389540
13465.726267
13475.896481
13461.500946
13462.929734
13461.986224
13477.804232
13499.132729
13552.350311
13487.223450
13474.915451
13505.319832
13487.150212
13493.712789
13434.122330
13434.154848
13434.883343
13435.320862
13434.421182
13431.907165
13432.998247
13521.206475
13447.928471
13438.069613
13472.907449
13470.617203
13447.043650
13437.713607
13472.570788
13498.906310
13436.932643
13447.810158
13437.925552
13437.336658
13459.994140
13472.139811
13485.614867
13469.819635
13470.214577
13469.748766
13470.912015
13469.045562
13473.669362
13448.512101
13448.310468
13454.958096
13448.280568
13459.796137
13449.213026
13458.555370
13460.142763
13448.567780
13455.248648
13472.149927
13446.800646
13448.257910
13446.893363
13445.378280
13483.900669
13446.273579
13446.966111
13482.603530
13443.144994
13445.913878
13445.733791
13433.671065
13443.753387
13444.251431
13433.641843
13455.254231
13473.169544
13459.080364
13447.999959
13457.802198
13500.634922
13447.842255
13470.012651
13476.035557
13464.219250
13425.015969
13475.774011
13492.679879
13475.042909
13491.376840
13478.706918
13447.910288
13448.830559
13445.332932
13444.456245
13445.189408
13458.938592
13462.218556
13458.917535
13461.772602
13425.415994
13471.562762
13462.292043
13447.451456
13460.743407
13461.919517
13498.985399
13460.952260
13459.501540
13436.943713
13470.791122
13446.153434
13449.280358
13460.212195
13446.006141
13477.479842
13411.033352
13462.183211
13461.381071
13460.578294
13460.267484
13462.198645
13460.738577
13460.955225
13459.848073
13451.014937
13452.810975
13437.630199
13478.665681
13462.149146
13460.754421
13475.108625
13461.703028
13462.919319
13461.309601
13459.035732
13489.940960
13460.910962
13486.587323
13462.004832
13460.902848
13447.436395
13473.124661
13437.385146
13474.681205
13458.662360
13471.873267
13462.003088
13459.078770
13513.360206
13446.101328
13446.263220
13410.143348
13410.773557
13472.641431
13472.126010
13491.274406
13553.817647
13474.550580
13492.418111
13480.411329
13446.614142
13447.392073
13447.955483
13461.095883
13458.982479
13459.037674
13461.073944
13474.322160
13433.202577
13437.516600
13448.410604
13435.504614
13412.541434
13423.147994
13458.392390
13473.722072
13458.420314
13457.517838
13456.846799
13472.476546
13471.494053
13473.073991
13439.117499
13461.498237
13472.081716
13463.030706
13499.454601
13476.110434
13486.671727
13458.211524
13458.852792
13462.206043
13476.070627
13445.784518
13461.660649
13451.922562
13461.895804
13478.914693
13461.205825
13436.293879
13446.493919
13446.858712
13458.230354
13436.164354
13436.922784
13436.510231
13436.214254
13447.421330
13459.575426
13436.093708
13458.920371
13436.094315
13467.398630
13439.914326
13449.141813
13474.249544
13448.506336
13464.492460
13515.659792
13497.043004
13512.639555
13497.076755
13496.804091
13488.815836
13489.500633
13480.466364
13493.685733
13492.262516
13482.653828
13413.407695
13414.369082
13412.713779
13436.647642
13423.451072
13477.011262
13488.021008
13462.251668
13461.412406
13435.803117
13478.193583
13462.500506
13485.359978
13489.623739
13506.624889
13549.000430
13463.239968
13425.344719
13471.773558
13483.983135
13456.445832
13470.679171
13486.046888
13487.065384
13447.490885
13476.474640
13446.447846
13497.848858
13447.079932
13445.946797
13469.885717
13459.706178
13476.350883
13477.110239
13514.829445
13474.215469
13477.796423
13505.963525
13507.795376
13505.923341
13507.277451
13475.806939
13477.030325
13489.443339
13496.259027
13496.804030
13507.168078
13506.640911
13477.679590
13473.762359
13511.994619
13517.339243
13517.278944
13506.907250
13490.070064
13507.467410
13507.658799
13486.583291
13487.326699
13522.595439
13522.667031
13522.059259
13500.917757
13506.395695
13489.531638
13506.901387
13488.935681
13492.971054
13524.506218
13485.498721
13493.802116
13494.388055
13522.117455
13492.973929
13492.525756
13506.232282
13505.722979
13477.453894
13494.065080
13493.591459
13505.251125
13463.533424
13505.226234
13474.071386
13510.208408
13518.408578
13509.656761
13538.566261
13518.365448
13560.002253
13446.351899
13445.740868
13433.156080
13433.818553
13430.269847
13433.159815
13432.025560
13432.503033
13433.365457
13433.845202
13434.405116
13430.261583
13432.809347
13432.074782
13432.852491
13432.699585
13433.510449
13433.348239
13457.997900
13473.423910
13458.031405
13475.537646
13446.402015
13446.436841
13461.858855
13446.382981
13447.644932
13447.100009
13446.320005
13449.212826
13513.870712
13448.918816
13447.229974
13471.284917
13460.525101
13471.877706
13445.714746
13460.043293
13471.373842
13445.011561
13463.299282
13488.818045
13474.936959
13489.616103
13477.627505
13421.827336
13479.961262
13480.744309
13478.284374
13465.471192
13435.344402
13447.482176
13459.407511
13447.869894
13424.822458
13562.396603
13491.039116
13462.311143
13492.608088
13453.140956
13489.534743
13459.176564
13446.974087
13454.030101
13473.371666
13452.369844
13459.760241
13450.113238
13487.756135
13513.060753
13474.182323
13474.534709
13435.352620
13431.891771
13421.917711
13422.402203
13423.082663
13423.097492
13435.060675
13423.260114
13432.542340
13431.949594
13443.245306
13434.917536
13434.825314
13414.617088
13412.765101
13404.076281
13443.775738
13432.726462
13443.194533
13457.861674
13431.964941
13442.494543
13442.525987
13461.759854
13456.512331
13455.820115
13435.584137
13445.578914
13485.314547
13486.029929
13460.125685
13460.231457
13457.776630
13447.349716
13468.595595
13442.225869
13443.182602
13433.842452
13432.673372
13433.147526
13432.588130
13480.264724
13471.523256
13423.450340
13433.717184
13423.054870
13422.560166
13424.218607
13424.549857
13422.727464
13424.056851
13444.456234
13481.426730
13444.695844
13445.187775
13445.801995
13420.681797
13421.362646
13470.014052
13459.568653
13421.929989
13475.442079
13431.641513
13458.388556
13458.395640
13473.686392
13446.146124
13411.646742
13444.824809
13434.071331
13470.661484
13458.550469
13491.751097
13466.193527
13480.822669
13480.123868
13488.725825
13487.895138
13464.197820
13466.089905
13492.376100
13463.564099
13473.097995
13516.786368
13475.650667
13476.981303
13475.670297
13523.335553
13520.643500
13485.856521
13462.096189
13463.048071
13448.940400
13448.370589
13448.376426
13487.045116
13446.032596
13445.429400
13445.196829
13446.771065
13446.324237
13446.035085
13460.846733
13488.864449
13460.930691
13459.358946
13459.924116
13459.122838
13471.683468
13459.416137
13469.252962
13460.024591
13472.183915
13473.112706
13473.754831
13460.321744
13451.210085
13451.615183
13457.060565
13433.473244
13479.247698
13463.518674
13458.193775
13457.126395
13465.112516
13446.447803
13459.466779
13478.297909
13460.073287
13512.940797
13475.000219
13475.754888
13471.587015
13470.965606
13457.044273
13463.502383
13459.208557
13459.115521
13475.202257
13486.156534
13458.542977
13475.120191
13473.064609
13473.822606
13462.594510
13474.829876
13502.456404
13547.400546
13459.128524
13460.992241
13448.706456
13459.701127
13472.274487
13474.245474
13449.589591
13449.021671
13449.137479
13462.170767
13460.630533
13460.740757
13459.932171
13469.756253
13460.132535
13470.550599
13461.344200
13473.909508
13451.963774
13452.366990
13479.561973
13464.382554
13473.752175
13461.415862
13438.809667
13459.667150
13460.333582
13463.464536
13462.203057
13471.017375
13471.091036
13462.208729
13474.695280
13473.850782
13462.867966
13460.481776
13449.602310
13460.590615
13473.822615
13472.362029
13473.406431
13547.572016
13448.217363
13447.772996
13450.921046
13479.065153
13423.272656
13457.181492
13457.173397
13433.935040
13479.219129
13494.348997
13494.886392
13461.010676
13472.034035
13467.628309
13476.452327
13457.753551
13458.439028
13459.861823
13458.225903
13459.580545
13480.071709
13464.323545
13435.562955
13447.288419
13507.486218
13457.693175
13457.619330
13460.282701
13460.079589
13432.693313
13498.889152
13458.651728
13447.417428
13469.546755
13459.137002
13470.077550
13472.944521
13495.888105
13445.631330
13444.537813
13445.107002
13443.821741
13443.283108
13432.495169
13466.808440
13443.192389
13444.410225
13473.627090
13443.976074
13484.042425
13473.795407
13460.618101
13434.982086
13445.440165
13449.569254
13436.369444
13471.421956
13435.734617
13445.227822
13445.232958
13484.738257
13446.089509
13444.843160
13447.727351
13445.347283
13487.584422
13475.086546
13473.824030
13458.898068
13488.350919
13458.098484
13434.333641
13456.443162
13456.343202
13456.337310
13483.020209
13484.930069
13456.991937
13471.148075
13500.505921
13436.212744
13472.126783
13460.609584
13449.563832
13446.821467
13460.119242
13434.868273
13470.234028
13458.371063
13448.672240
13445.409934
13445.539125
13459.220747
13471.958048
13489.925199
13437.567810
13448.195984
13459.336810
13448.854708
13468.941109
13435.610284
13446.225757
13444.824021
13457.902184
13448.204816
13435.080449
13437.429401
13472.450503
13489.996214
13448.084634
13448.146940
13515.841605
13449.719222
13464.120946
13462.213018
13462.319086
13475.964293
13472.479221
13459.402601
13487.968600
13471.450766
13474.069593
13458.227180
13447.438433
13469.058890
13471.131658
13462.295678
13473.415757
13475.548636
13484.306914
13485.950534
13476.098217
13502.372994
13474.223015
13500.579158
13459.364308
13459.140145
13458.200721
13469.009321
13473.556399
13447.484593
13458.891917
13500.581615
13481.889561
13500.167102
13458.139493
13473.643830
13459.659961
13448.792998
13449.099608
13501.260605
13459.313929
13461.595334
13486.108161
13486.090746
13460.679999
13474.545592
13457.734867
13458.374077
13473.199160
13423.368103
13446.464502
13459.670789
13457.304195
13460.951035
13471.609876
13489.117564
13459.896934
13436.787383
13450.055248
13463.317476
13446.619901
13447.984855
13485.156893
13500.806793
13488.521467
13459.892015
13470.457382
13474.184326
13456.310698
13460.234171
13444.768696
13445.895375
13474.510536
13456.683042
13457.332018
13456.513735
13471.946213
13446.237339
13470.965322
13435.054746
13461.430482
13460.550531
13470.958389
13459.809464
13446.768450
13456.897559
13469.640116
13460.684860
13472.168302
13445.531138
13460.823148
13445.609684
13446.162921
13459.145478
13456.184174
13461.152454
13482.118302
13456.138748
13480.851711
13471.716326
13459.939221
13461.596161
13472.595954
13447.549397
13445.201628
13433.249699
13443.200478
13446.409462
13442.841717
13447.017781
13469.511336
13469.534270
13447.552960
13480.001879
13433.142048
13446.549752
13469.586828
13446.848140
13450.439680
13481.476024
13485.391204
13462.028426
13456.202427
13459.197273
13486.729327
13486.739581
13460.794747
13528.304814
13500.160109
13447.995795
13459.361430
13501.131788
13482.428085
13458.767024
13474.090778
13499.124832
13469.882432
13469.544025
13456.970512
13467.787480
13469.719102
13471.282184
13481.594051
13449.433629
13449.741807
13460.259195
13501.933130
13459.957072
13458.831396
13474.318486
13482.535289
13485.467386
13476.767901
13502.554460
13474.349506
13474.656892
13483.624293
13512.394273
13457.125013
13457.055532
13434.148531
13478.390898
13461.127831
13460.647963
13447.045219
13458.451535
13446.988952
13502.517180
13450.865634
13461.108486
13436.620933
13459.011139
13472.914064
13472.969218
13462.365792
13433.735486
13472.937472
13445.633490
13447.649873
13445.025329
13446.464653
13459.938382
13458.891522
13457.201869
13458.796781
13457.633829
13506.390586
13462.403432
13509.106811
13502.776247
13473.826794
13475.827001
13488.458540
13472.213755
13497.342742
13490.597214
13489.864227
13512.099562
13506.979448
13485.338217
13515.833936
13527.826201
13491.536111
13493.192811
13491.392986
13487.499498
13504.765174
13472.128759
13472.270707
13483.808403
13461.586813
13483.811852
13472.623486
13484.401922
13494.587896
13494.870917
13529.042048
13510.401720
13494.815083
13525.998335
13512.256268
13489.552812
13493.325836
13487.637951
13487.741628
13488.111532
13436.621144
13474.085547
13500.985865
13499.370490
13486.208014
13512.452786
13510.435040
13510.164489
13450.992543
13462.340420
13497.148025
13464.117740
13488.307357
13475.162189
13529.718520
13480.543572
13512.320667
13512.054461
13479.510106
13485.078853
13477.278564
13460.018266
13447.556931
13477.518196
13455.623914
13456.365687
13474.696980
13458.863464
13476.946576
13434.189890
13460.431122
13470.270054
13460.358071
13469.330614
13457.248888
13455.010465
13469.038875
13459.159558
13470.842040
13500.632118
13445.798079
13457.231071
13470.652547
13460.779431
13471.765914
13445.346300
13456.052305
13443.365043
13444.737167
13459.242275
13457.103912
13457.027960
13458.992624
13460.167720
13471.781641
13444.693656
13445.392185
13463.221362
13448.978580
13460.840441
13495.956216
13470.369748
13482.468317
13487.933090
13483.030805
13458.700841
13447.499330
13423.271150
13458.673919
13447.516110
13433.282270
13460.082390
13458.212721
13460.204737
13437.251564
13470.361890
13469.771144
13469.821299
13492.369067
13484.523441
13482.021123
13469.262451
13488.027973
13435.273896
13458.784295
13434.207746
13434.749240
13477.553532
13434.822935
13447.020435
13456.859295
13458.102235
13446.471057
13457.301062
13457.891838
13483.068230
13459.835443
13501.277710
13447.029045
13457.890842
13468.175928
13446.109536
13468.769827
13458.267468
13448.260813
13471.335099
13445.795616
13460.066295
13459.325103
13433.948354
13444.017292
13460.442871
13449.015010
13438.585930
13473.393476
13438.047173
13488.390638
13484.420651
13460.514153
13449.656093
13486.942508
13424.562101
13460.507997
13437.053050
13424.534955
13475.556671
13422.581166
13457.803281
13434.448725
13422.687475
13433.666866
13469.324809
13486.656544
13445.605872
13458.104151
13444.840999
13488.201764
13501.752970
13458.549686
13447.307342
13470.933285
13489.133985
13435.883456
13446.788272
13444.788409
13445.485498
13473.343068
13459.577440
13434.355152
13445.398854
13485.716224
13446.640457
13432.708856
13447.675182
13437.721795
13458.353213
13470.938652
13433.293497
13443.307687
13468.112221
13434.657628
13457.427002
13471.305064
13447.860165
13434.624647
13447.604640
13423.344787
13459.269558
13423.444057
13445.865090
13456.936318
13457.151701
13457.101054
13457.826221
13484.191067
13445.693403
13447.994857
13456.816948
13435.906152
13469.860678
13470.905900
13447.740056
13445.002669
13468.240737
13468.289466
13444.121423
13432.969796
13443.588519
13442.290747
13442.009777
13441.982097
13444.707555
13456.782850
13446.653131
13457.229839
13434.748096
13447.695832
13435.647546
13445.266280
13470.060871
13436.600613
13426.693369
13472.656798
13436.707221
13446.860808
13469.896824
13444.200102
13432.609273
13442.602906
13458.486810
13422.705366
13435.243524
13471.282868
13448.295938
13460.017925
13487.834909
13456.056572
13445.234880
13484.297943
13470.816408
13449.154400
13446.059117
13446.184035
13456.610588
13456.553310
13445.681137
13460.266611
13482.764067
13449.224671
13460.084535
13436.636831
13454.818546
13444.783165
13456.427596
13457.203040
13481.454553
13481.304084
13471.133213
13459.478631
13445.852806
13445.712464
13456.276765
13456.353368
13435.829174
13443.688115
13444.531389
13435.259717
13458.533851
13457.975997
13456.637079
13447.875332
13457.102280
13446.469590
13448.884834
13460.599348
13461.083341
13460.515084
13460.778243
13457.907575
13460.319455
13459.147798
13473.227551
13473.397577
13461.212421
13470.469797
13485.056222
13463.131211
13463.532298
13490.708004
13474.938389
13459.910814
13460.791897
13449.059777
13460.632019
13472.968130
13465.182390
13548.302753
13464.413797
13463.606480
13475.188331
13473.041167
13503.880620
13465.243837
13473.949110
13474.549074
13469.850521
13475.918991
13473.167661
13483.050368
13499.747163
13470.929965
13512.131750
13458.996794
13459.623000
13460.599940
13482.758300
13458.941146
13460.186166
13471.746739
13493.752749
13469.897583
13461.499726
13470.944049
13468.426020
13469.110751
13472.821306
13461.783352
13482.724862
13486.722466
13473.924775
13483.759740
13487.534413
13448.211181
13448.838356
13482.611927
13471.644906
13510.718269
13494.302754
13493.118535
13459.961150
13478.277565
13486.247228
13485.218297
13492.229359
13482.739397
13483.076821
13457.415826
13482.959812
13474.615236
13472.275298
13489.968526
13460.535039
13461.295296
13470.550831
13488.847161
13471.199662
13460.621493
13475.453746
13473.754361
13503.310018
13485.872557
13498.077695
13483.650962
13516.446382
13472.147564
13516.945732
13497.452513
13484.327323
13499.055759
13472.386955
13463.986257
13497.970430
13457.312053
13479.464321
13468.250360
13456.988085
13444.917056
13469.632375
13445.408149
13456.091189
13456.183260
13459.650020
13459.337062
13467.039758
13455.622348
13445.067270
13445.157516
13456.316344
13457.672994
13454.952492
13457.108977
13483.742071
13483.141325
13481.549836
13458.915557
13454.985656
13457.785266
13446.097870
13446.183046
13470.040855
13443.682031
13443.504926
13453.642581
13484.851328
13483.663475
13447.210478
13445.546680
13457.012357
13484.197302
13447.050027
13446.220287
13457.544944
13458.199342
13444.207765
13446.539833
13446.813304
13445.783217
13458.606908
13445.799060
13457.529633
13468.349295
13443.535913
13444.261235
13432.830726
13468.636285
13458.860921
13469.231595
13435.073173
13433.294793
13457.074563
13458.266874
13467.465727
13456.394772
13456.187507
13482.870423
13482.868923
13457.184484
13445.204011
13457.413859
13455.760064
13459.031964
13459.368122
13455.627237
13466.547960
13457.026626
13478.837492
13454.062256
13454.900575
13479.465771
13454.738542
13443.727005
13456.625062
13456.874072
13453.509414
13453.467816
13451.624803
13457.040088
13456.829842
13442.712352
13455.778775
13443.199518
13468.635273
13455.535898
13453.821129
13469.578168
13480.423832
13457.335918
13446.161870
13455.049218
13443.912636
13457.773738
13457.405882
13456.876185
13444.920078
13481.409347
13473.439597
13458.348335
13473.236511
13470.308210
13501.526814
13459.542825
13446.943977
13447.571591
13459.080833
13445.366340
13469.428685
13436.351780
13469.824350
13480.162670
13454.781404
13447.149836
13455.986268
13460.040505
13458.865045
13461.013527
13460.180510
13437.597005
13459.230539
13448.350500
13448.522407
13436.942897
13457.679018
13446.877560
13445.935088
13470.795188
13469.641933
13458.105553
13458.079208
13458.215926
13458.087847
13456.715084
13446.441060
13447.006108
13458.818658
13459.232358
13446.356292
13459.615452
13467.832524
13464.936530
13466.515690
13457.181853
13446.628081
13468.111786
13447.747126
13458.728705
13449.531479
13486.971258
13460.729255
13482.093856
13450.106793
13449.663440
13446.954908
13471.643422
13451.072108
13450.603013
13459.856725
13457.883669
13448.610799
13472.610253
13468.056714
13478.681464
13469.090384
13484.729178
13468.823462
13507.185239
13480.415945
13484.285730
13488.591270
13462.644547
13463.588257
13462.130209
13459.720061
13459.902921
13478.623344
13486.806772
13472.108594
13472.792082
13475.411585
13488.977427
13488.165071
13479.707873
13476.699048
13465.397474
13500.504126
13553.198671
13526.968620
13524.097835
13459.284204
13447.876809
13458.444534
13480.615178
13493.838445
13463.301247
13493.813952
13517.425387
13478.452195
13478.649169
13462.385010
13493.475985
13493.500883
13491.848772
13491.645307
13491.115789
13539.055214
13494.691569
13494.666683
13537.498466
13553.119001
13464.639166
13498.217639
13519.723602
13531.506184
13487.230794
13459.612864
13474.687863
13492.728995
13488.756394
13475.667872
13475.530286
13488.787840
13470.351532
13484.340721
13472.843295
13444.526829
13473.684534
13462.106505
13435.907951
13457.779034
13432.598765
13457.597653
13447.229805
13434.733630
13433.646807
13422.668214
13435.388126
13460.956730
13502.068499
13449.803361
13487.559704
13475.222815
13459.931170
13470.894042
13449.195448
13498.848998
13458.988753
13471.886628
13470.876873
13468.952374
13482.388854
13473.144873
13462.854452
13472.552826
13468.664467
13485.162048
13483.655405
13455.161322
13474.308265
13449.188398
13460.293009
13482.311541
13462.203067
13446.240798
13455.595947
13487.371625
13473.965907
13448.906471
13447.605101
13458.666471
13447.328281
13468.582898
13459.606814
13477.110051
13463.868200
13459.616034
13461.026015
13451.388879
13447.826940
13465.087625
13449.231196
13495.730232
13495.755585
13446.426959
13446.434585
13437.067001
13437.109291
13459.847525
13464.054018
13525.122939
13485.575510
13486.325625
13427.856982
13464.529000
13463.990191
13509.317784
13460.756958
13459.878852
13460.125452
13483.354290
13487.313302
13492.490847
13463.884069
13458.968249
13474.730570
13471.032723
13465.186105
13445.265321
13487.306105
13472.576835
13474.607399
13484.023708
13445.210207
13445.826475
13435.860612
13435.915164
13457.204968
13446.797628
13446.142021
13472.257936
13463.586335
13482.805911
13491.183410
13488.957540
13507.661615
13505.140731
13507.187872
13505.116298
13504.775628
13504.795928
13480.783963
13485.161795
13486.456563
13493.855760
13493.381455
13473.390548
13503.127590
13485.804222
13474.142155
13485.123895
13473.356579
13484.610387
13503.616008
13469.197491
13517.736406
13536.087549
13446.932857
13445.634268
13500.211769
13470.806366
13435.593393
13446.795939
13447.393151
13445.416402
13473.555146
13434.673772
13463.440746
13437.133923
13447.893550
13477.105726
13459.576027
13447.170766
13447.529834
13447.028056
13447.602831
13444.893929
13481.543295
13459.883984
13436.393916
13476.892315
13460.304777
13459.383450
13459.059649
13500.738534
13458.608190
13445.662299
13444.562244
13454.910256
13472.831320
13455.601253
13464.354688
13485.664161
13447.498359
13475.611056
13458.826355
13459.975366
13459.416699
13484.672904
13461.385046
13436.491518
13514.258890
13446.421067
13446.415980
13462.364011
13457.205534
13442.829763
13443.666306
13433.460842
13444.297430
13443.696557
13444.295770
13432.936379
13442.528739
13454.864399
13454.831793
13456.084811
13467.313122
13454.306546
13465.942828
13466.788559
13455.613070
13454.338633
13456.198639
13456.680062
13468.371210
13443.424213
13467.753221
13457.348242
13444.243613
13433.377429
13434.008775
13457.194727
13444.376901
13444.961852
13470.084775
13468.917894
13454.490045
13434.245486
13434.870835
13448.102599
13459.131461
13458.378361
13457.684144
13447.867606
13424.009395
13424.588634
13446.185051
13470.981577
13461.156638
13462.085331
13446.029364
13444.943903
13470.277323
13446.310563
13434.324051
13434.896333
13448.263274
13468.984507
13459.241521
13457.115499
13447.322065
13423.374865
13454.152138
13455.702648
13444.257835
13455.799111
13444.854752
13466.713370
13456.955159
13485.889091
13472.164571
13473.117855
13453.832494
13453.888677
13481.993767
13483.399796
13482.942356
13458.319737
13469.100608
13462.847704
13436.923908
13436.995068
13459.410413
13448.849949
13462.615936
13463.615821
13462.949340
13457.798541
13458.253253
13457.204126
13462.043364
13496.596794
13457.627251
13457.053783
13448.271438
13458.804960
13497.148093
13463.532170
13498.456892
13505.722094
13497.725617
13478.117460
13505.192592
13475.818538
13476.660056
13477.581096
13516.789044
13560.516320
13474.559720
13487.656636
13477.318270
13476.445673
13497.167429
13517.390218
13478.196842
13477.530210
13505.922920
13473.679320
13447.083942
13462.939156
13463.026895
13452.291895
13465.021638
13438.881887
13475.475725
13446.467957
13447.636869
13485.485553
13460.388121
13470.468176
13449.246269
13450.161423
13458.557575
13442.193035
13443.470124
13446.162725
13445.150631
13486.774875
13455.871526
13433.502917
13434.146433
13432.864996
13476.855797
13449.212528
13459.589847
13444.603044
13445.170635
13458.891518
13454.448963
13445.123869
13448.036358
13469.491452
13447.443203
13470.087584
13445.767234
13458.585213
13456.532134
13459.609804
13449.393313
13468.125143
13447.946766
13460.126029
13500.448392
13439.023558
13437.617607
13489.610829
13500.671203
13459.982646
13469.722133
13470.148021
13445.987881
13459.389468
13473.905456
13501.260757
13473.379258
13449.447964
13448.896478
13500.573270
13482.727630
13527.231455
13471.788496
13512.852474
13460.876589
13498.377783
13486.033346
13471.342352
13482.312667
13459.600878
13461.120974
13468.078481
13500.810322
13457.016522
13484.275135
13482.570602
13437.751196
13447.722525
13457.241820
13448.311691
13460.923394
13450.582747
13475.169472
13462.892865
13462.388972
13475.602257
13459.461403
13449.717020
13446.606310
13447.953517
13474.656432
13474.774756
13487.063263
13470.906616
13470.813857
13458.672814
13472.554913
13460.588628
13488.426925
13436.428298
13447.234643
13470.360853
13499.190926
13447.243780
13481.128869
13457.384233
13458.053492
13485.791259
13455.434317
13457.527499
13457.992313
13485.746779
13458.086472
13472.030128
13459.697398
13474.892444
13445.822708
13464.031778
13471.909092
13463.631608
13462.985405
13476.781461
13464.281862
13457.365584
13484.344302
13484.876100
13471.021539
13460.216219
13456.921438
13447.654339
13437.681041
13448.242226
13508.157691
13487.171924
13468.834721
13459.513176
13487.248774
13498.823376
13438.235131
13472.785017
13438.840636
13438.814274
13439.733367
13490.322105
13471.395540
13448.923142
13438.961747
13502.941678
13449.976066
13472.012090
13461.468608
13471.037047
13473.152815
13449.513610
13448.829006
13501.320249
13459.437061
13474.550850
13484.023708
13473.926490
13488.423877
13447.868217
13498.292490
13498.176192
13485.944270
13470.272025
13469.870051
13459.631469
13481.582905
13469.477410
13471.629932
13456.978704
13499.092250
13467.838189
13471.094944
13470.534990
13507.136854
13507.153771
13494.843157
13494.843454
13463.628369
13487.737498
13474.633887
13463.831928
13477.042602
13474.254907
13448.573772
13459.793214
13425.399065
13427.883857
13426.116317
13423.770204
13475.943544
13453.398386
13454.528286
13463.010852
13513.434875
13499.506162
13475.499716
13458.471058
13459.821306
13472.310726
13470.490646
13481.381061
13471.530874
13434.349766
13472.326983
13471.710837
13482.637759
13473.943527
13472.269394
13436.339736
13435.771502
13447.860832
13460.953444
13461.534737
13449.300603
13448.478116
13458.292277
13448.471231
13478.840631
13462.921608
13477.947903
13462.003736
13510.529462
13470.599318
13469.952476
13487.666594
13472.891484
13470.937843
13470.915335
13481.822579
13471.462676
13460.923125
13458.793344
13500.109015
13470.636688
13485.245809
13471.459912
13471.789123
13471.463600
13470.751105
13473.890553
13484.332063
13454.574169
13455.793474
13472.459714
13546.354914
13486.215311
13486.083592
13485.470840
13447.478329
13445.413570
13445.295626
13448.681103
13457.286163
13496.389030
13446.683763
13446.116180
13490.414764
13500.225175
13459.230176
13474.734714
13459.287403
13460.416301
13472.680060
13475.607486
13465.997230
13501.209089
13500.150300
13486.961995
13479.812941
13462.026607
13512.883351
13509.914067
13476.781568
13474.109068
13490.017117
13472.043348
13475.314186
13524.853753
13473.215571
13484.919381
13501.395145
13476.297977
13491.744301
13462.511805
13474.525445
13474.399690
13448.545525
13459.258754
13461.042912
13452.389659
13452.815340
13480.164162
13464.793791
13464.264496
13479.426100
13462.952825
13493.689276
13493.730285
13505.500385
13475.433279
13486.403950
13459.320509
13477.565343
13486.733332
13473.603381
13493.216909
13461.964555
13493.217556
13551.098417
13462.444649
13460.312115
13459.652353
13449.648637
13461.743107
13465.236641
13474.184383
13471.415697
13437.150593
13472.327415
13436.961989
13480.971564
13472.327692
13447.992454
13483.184139
13447.811494
13486.546107
13449.577793
13460.649356
13478.334063
13460.174911
13461.288423
13493.986566
13497.136276
13448.890239
13448.326840
13458.337229
13498.324319
13459.336322
13478.290464
13460.708388
13460.730900
13465.676479
13450.319627
13450.796476
13490.572225
13473.929229
13447.201501
13447.140328
13474.888716
13448.476221
13460.366599
13460.720120
13458.824218
13477.015454
13462.301700
13474.939142
13436.596983
13436.638882
13463.634555
13463.583645
13487.009451
13458.903713
13448.613205
13459.359112
13477.264340
13453.733398
13452.364400
13461.900866
13452.950205
13504.634876
13502.918288
13466.727745
13485.077680
13476.171909
13476.186020
13463.273226
13503.033296
13496.866832
13547.539050
13477.190447
13497.000482
13496.989701
13487.097058
13459.453935
13473.232177
13447.013656
13472.314944
13457.911921
13447.634224
13458.639056
13460.540292
13473.233018
13472.583711
13484.851772
13451.993186
13437.009375
13435.745394
13463.009387
13435.568271
13447.225035
13473.373533
13460.403115
13451.315956
13435.472452
13444.886178
13474.833699
13488.119602
13462.558368
13510.600395
13524.778598
13514.117226
13473.553334
13503.576593
13503.063934
13476.251041
13461.867554
13491.869025
13491.368739
13485.652788
13486.083006
13473.227153
13481.822688
13481.631840
13514.766800
13481.375418
13514.791336
13526.574616
13475.121328
13516.745778
13532.479767
13516.759704
13533.597951
13533.081812
13484.994645
13472.717936
13486.863248
13503.747421
13488.365439
13519.751733
13521.453365
13476.616505
13491.899931
13476.748696
13517.770001
13473.215846
13473.127467
13517.731142
13517.729049
13521.232107
13533.729337
13535.431811
13460.972013
13505.921276
13465.842837
13475.101395
13492.059584
13463.860861
13490.447608
13515.254364
13517.428109
13514.570880
13484.614932
13487.602028
13472.783065
13506.057447
13499.193847
13489.262391
13461.367501
13501.152496
13475.806969
13533.437428
13509.199620
13504.469134
13521.513858
13531.024888
13528.210077
13511.999109
13525.597621
13536.217624
13523.197258
13541.145081
13539.513323
13541.727231
13528.891847
13538.816247
13577.432710
13544.375545
13526.508954
13528.666129
13524.795227
13546.559355
13566.755003
13543.677862
13525.811588
13448.662406
13462.967694
13460.901073
13460.225793
13443.968337
13433.954170
13447.714993
13487.538950
13468.988676
13461.272416
13502.447117
13449.637474
13470.338059
13471.404274
13486.850603
13456.845763
13469.970060
13492.235543
13423.156844
13423.160701
13423.832261
13434.201103
13423.863825
13424.379815
13425.059229
13423.855665
13424.017520
13450.525605
13449.621215
13449.515583
13435.489852
13448.692762
13448.300991
13473.619702
13474.817730
13459.034681
13438.434619
13474.690913
13461.506589
13461.979563
13437.372173
13450.523448
13461.601134
13460.446389
13487.972736
13460.449146
13464.297186
13435.372752
13436.756281
13490.828258
13513.882478
13516.081819
13513.170494
13505.852655
13492.538814
13508.413505
13511.757451
13510.043768
13529.692992
13413.040987
13411.260738
13564.419066
13583.465026
13562.741907
13449.846389
13444.768255
13412.063576
13421.932158
13447.170264
13432.798483
13434.116944
13422.559528
13473.531076
13456.270406
13455.650679
13456.222374
13454.955168
13445.537044
13445.522611
13455.688069
13454.670981
13454.616025
13455.451522
13410.687774
13421.271683
13457.016965
13446.045930
13457.552126
13444.182938
13444.094566
13442.972846
13467.914960
13441.770168
13441.220819
13441.638566
13423.268795
13423.192997
13423.823395
13423.323891
13422.642394
13443.122533
13442.632815
13443.200029
13443.996621
13443.863553
13444.533092
13480.819428
13433.933275
13422.743790
13422.606491
13434.794379
13435.479713
13431.355911
13434.399000
13432.656448
13422.209900
13434.895158
13435.052249
13432.542003
13476.965064
13433.175232
13473.029894
13433.692617
13432.552110
13433.116909
13432.645358
13411.331948
13472.531025
13433.045996
13432.602438
13445.184283
13445.072422
13421.818047
13421.866895
13411.440147
13411.358430
13446.425771
13421.906033
13411.449560
13446.383518
13422.418443
13411.915348
13447.654402
13448.216412
13433.908500
13472.608267
13434.540518
13433.428544
13433.218421
13432.740694
13447.050091
13421.914040
13411.432787
13446.453322
13410.753714
13410.148105
13432.715308
13433.289080
13433.808638
13432.791208
13457.479981
13471.414560
13446.340894
13455.502048
13447.679377
13437.068641
13447.081054
13436.420109
13513.860692
13470.192357
13460.271113
13486.409676
13484.350514
13471.284805
13471.956342
13457.018065
13445.579094
13457.587662
13456.922799
13456.913347
13456.736306
13483.476234
13447.473703
13434.965424
13446.851108
13435.525615
13434.919471
13458.841379
13446.902253
13447.466666
13446.826190
13457.752905
13459.665165
13470.907414
13486.439635
13484.979451
13469.818978
13458.282165
13471.305642
13472.018504
13459.333056
13470.534091
13458.943118
13471.419395
13471.646362
13447.151834
13447.716920
13471.672398
13446.966789
13482.611346
13445.903058
13457.831425
13457.798700
13455.796235
13457.942091
13446.360533
13446.434575
13458.949431
13456.377637
13457.194719
13434.209674
13448.343743
13459.693601
13457.604775
13459.102786
13445.745374
13459.835109
13471.495885
13482.411999
13460.088969
13460.875364
13447.113744
13448.362913
13447.084579
13468.508102
13446.949592
13448.571149
13433.149941
13401.319554
13400.663075
13402.002107
13399.334317
13425.609417
13479.372557
13459.309858
13437.936581
13449.040694
13469.612858
13459.144947
13470.109425
13449.885916
13470.191867
13472.397000
13448.279363
13459.699618
13433.404331
13432.003377
13445.097138
13434.607024
13444.241826
13435.329683
13445.939101
13444.219476
13459.372838
13435.542608
13445.083795
13446.164088
13499.417826
13469.385225
13469.795172
13471.953298
13445.762770
13447.854049
13456.336749
13459.279902
13435.337521
13434.095331
13434.097859
13422.915121
13434.993567
13434.884544
13445.839421
13444.166782
13444.832178
13443.581943
13458.051292
13444.891711
13434.150120
13434.174078
13435.198988
13445.086250
13447.450553
13446.579764
13448.229016
13434.313015
13443.680838
13433.628441
13444.239403
13446.310777
13447.552979
13447.978582
13445.660388
13444.954525
13462.724452
13435.596340
13447.210579
13462.465043
13431.268001
13431.688669
13456.310636
13441.880078
13448.365741
13446.114460
13445.367614
13463.088319
13475.771238
13475.155448
13490.256902
13449.301074
13472.137704
13446.367921
13445.650691
13464.036841
13446.122198
13455.329285
13435.935162
13445.839125
13446.753064
13464.339944
13441.755041
13467.862649
13431.901352
13455.986439
13461.991526
13434.814923
13421.824218
13432.513175
13411.133322
13446.232705
13434.558857
13469.563742
13445.257997
13423.506873
13423.558998
13433.085452
13433.651403
13447.187873
13447.924400
13447.916852
13448.535554
13460.470147
13434.713190
13434.589628
13445.990149
13457.831951
13432.827987
13443.455670
13424.166680
13458.995493
13460.158058
13424.045063
13458.929963
13457.821030
13435.069717
13436.298576
13434.700445
13445.250718
13463.568870
13444.854248
13446.508593
13432.969167
13432.969838
13433.053739
13445.032909
13443.522795
13421.285788
13431.379811
13422.453029
13444.053759
13445.242861
13422.028104
13421.895554
13431.850552
13430.632865
13431.063919
13431.154293
13455.127291
13431.716571
13455.807639
13460.384855
13411.981531
13435.793308
13434.514683
13435.893986
13433.469555
13434.298216
13435.112158
13435.106719
13420.727618
13457.050230
13421.931547
13422.638992
13467.019519
13431.194429
13432.424688
13445.073923
13445.694295
13435.960154
13458.117745
13434.755132
13462.533061
13460.256855
13457.329796
13469.103427
13457.049025
13457.893010
13471.136848
13458.828364
13457.814018
13456.388756
13467.712423
13474.133403
13469.921389
13466.139223
13470.195276
13471.036887
13484.758612
13469.110331
13471.032708
13484.771844
13468.314110
13469.609442
13474.061397
13469.789609
13469.017633
13469.739031
13459.568978
13470.942136
13457.194175
13480.150843
13460.817226
13434.045981
13434.745589
13423.324505
13464.267457
13423.999498
13422.599361
13423.279174
13434.469846
13445.707298
13458.632926
13433.254210
13443.968254
13499.688007
13445.597589
13442.522039
13458.751330
13433.216209
13459.508561
13435.175144
13433.964307
13500.455963
13457.765313
13432.847031
13421.733919
13422.177019
13474.712608
13432.853146
13422.879438
13421.197809
13422.907335
13431.214448
13475.381759
13488.637648
13449.847795
13434.200110
13488.621889
13446.843219
13434.848094
13457.536274
13456.207826
13470.284933
13454.988080
13443.504627
13497.938962
13469.123276
13471.128255
13528.907513
13474.006015
13486.838425
13447.304898
13459.758994
13459.871026
13448.060867
13485.028689
13488.996817
13458.171170
13458.685181
13475.395591
13485.727482
13485.658271
13474.632727
13459.261982
13484.821464
13458.722018
13471.806528
13471.380466
13460.184929
13461.468353
13470.851794
13470.112233
13473.401479
13447.485102
13447.469727
13447.929343
13501.753999
13446.074204
13458.642850
13499.244037
13470.228211
13499.660230
13446.605257
13460.326772
13459.085459
13444.882669
13457.749436
13456.331355
13456.126189
13457.112081
13446.415932
13446.352481
13458.091689
13456.831575
13459.813625
13509.438959
13469.165067
13433.280620
13432.730823
13478.038773
13477.764211
13435.335247
13435.285986
13433.837768
13434.414019
13433.878346
13432.812884
13431.381764
13421.331889
13457.407626
13433.295014
13432.599649
13421.920834
13457.286031
13435.497069
13435.782158
13433.260778
13422.708113
13458.584746
13432.482017
13497.929686
13433.506546
13432.974752
13422.035606
13446.113443
13447.187495
13432.080970
13436.088031
13435.519723
13433.198175
13412.073917
13422.633576
13497.734213
13477.765572
13466.616988
13478.000012
13514.430695
13456.286809
13467.240456
13467.394031
13444.380674
13444.126798
13468.024868
13434.132935
13444.607486
13446.098109
13469.224428
13436.043677
13446.548318
13472.895597
13437.424073
13472.593750
13437.262203
13456.923780
13456.339190
13445.886868
13446.395616
13455.799452
13458.753250
13457.664113
13435.173243
13443.526854
13445.060684
13444.854266
13444.508886
13445.174813
13445.020078
13445.981886
13445.631406
13447.890184
13433.188041
13432.528924
13474.434206
13464.575993
13422.081363
13423.903514
13413.385968
13458.564656
13458.637999
13474.129416
13474.735714
13474.701956
13433.441482
13432.213969
13434.475224
13432.652878
13431.954352
13422.102534
13457.264119
13474.841354
13483.383501
13494.368289
13485.872563
13483.974426
13487.230242
13446.331253
13458.611634
13447.409247
13483.073552
13484.032496
13483.046849
13485.664687
13486.497710
13458.053703
13459.378194
13448.115496
13483.707540
13485.441524
13483.627562
13485.711420
13475.377842
13449.574613
13425.727846
13461.433181
13446.054343
13447.375180
13486.297505
13436.144989
13472.642115
13483.255860
13482.809678
13481.594685
13471.232970
13471.803466
13512.395035
13461.031837
13460.940227
13449.074437
13459.549507
13505.089181
13500.327947
13502.043968
13505.030189
13451.681887
13489.349325
13461.646245
13446.313542
13447.053185
13475.434923
13462.001902
13450.560104
13424.511003
13460.101130
13448.320026
13423.161256
13467.722639
13423.958182
13446.824797
13447.574077
13445.948348
13446.370199
13447.071984
13444.955400
13479.700956
13445.612748
13446.623071
13444.952592
13432.398112
13434.773256
13422.012865
13435.463762
13435.266183
13433.881642
13434.319014
13422.542978
13458.707641
13422.525329
13459.188904
13448.444580
13435.014555
13457.413605
13457.392563
13458.425679
13468.892042
13462.350501
13434.496181
13471.077104
13446.907930
13455.544690
13467.059495
13455.628558
13500.189628
13444.908405
13555.910828
13456.782079
13483.694511
13480.312250
13467.362341
13467.736654
13457.307966
13469.925496
13511.569320
13456.287925
13467.690610
13460.590831
13460.659580
13489.915154
13452.616136
13450.511358
13449.832378
13471.087469
13482.811411
13460.283237
13471.365460
13468.406574
13458.375229
13470.259843
13471.633714
13470.311091
13480.872705
13491.036638
13478.179725
13475.670623
13474.024127
13500.348490
13500.284324
13500.896331
13503.314490
13473.270567
13486.063870
13496.447609
13437.463732
13437.551248
13471.840300
13448.358283
13446.144427
13459.108318
13505.358199
13457.360689
13455.969252
13497.366384
13456.640441
13473.360447
13445.125874
13458.091437
13436.309254
13447.094777
13434.853267
13482.065837
13446.922633
13448.674117
13446.084409
13446.733434
13476.109719
13483.724417
13461.820235
13501.478074
13450.961020
13451.572520
13450.679486
13473.112638
13473.895831
13498.443007
13456.853516
13472.784037
13527.624241
13515.402946
13446.933794
13525.899078
13528.373431
13527.213869
13470.957776
13459.969435
13460.946959
13451.746917
13446.448832
13450.390760
13461.120287
13494.422121
13484.351192
13455.972674
13456.697079
13486.121676
13446.128103
13485.445541
13447.245175
13482.394554
13483.614556
13446.097715
13446.850674
13474.961627
13458.719945
13459.599320
13495.976470
13458.944249
13449.532268
13450.083914
13487.348938
13461.231375
13514.459139
13471.830162
13459.460189
13470.054866
13447.641623
13456.293294
13446.371412
13446.401985
13455.700775
13494.599227
13461.850664
13462.167608
13474.593596
13484.711070
13456.749312
13506.946495
13458.387391
13512.534005
13459.488235
13469.936012
13485.768722
13457.955349
13470.607903
13457.940234
13457.985022
13470.052077
13457.983947
13497.156129
13501.797984
13489.929517
13460.146820
13483.611114
13473.103543
13471.998552
13483.520634
13472.440422
13448.874164
13423.967818
13475.344994
13447.471598
13464.603005
13445.761984
13445.797637
13461.399074
13445.828401
13446.377736
13445.059710
13460.738812
13490.897104
13487.009604
13434.913191
13423.349975
13433.844190
13433.301368
13434.083860
13434.814109
13422.512820
13433.037115
13435.112282
13435.655078
13435.685002
13432.604737
13432.545505
13443.070941
13444.652297
13443.350110
13445.241355
13443.253300
13445.458091
13434.001826
13434.732066
13449.389206
13513.899410
13475.204229
13461.040181
13460.354104
13444.897787
13488.440788
13435.992038
13446.659803
13489.413402
13448.145162
13447.405230
13438.746226
13437.370412
13482.264701
13469.416292
13499.614582
13459.221659
13448.984864
13447.565111
13455.151891
13459.774960
13455.835245
13470.592188
13466.772346
13455.146573
13456.523804
13471.379094
13456.340337
13456.558621
13498.779782
13447.786108
13446.864450
13457.697650
13447.543786
13446.933659
13457.984915
13471.869046
13540.067994
13446.272178
13458.314488
13458.125192
13480.747680
13469.813450
13458.500271
13446.416596
13469.007375
13443.469131
13443.389511
13444.195089
13434.414961
13485.371004
13483.615182
13448.211358
13422.808918
13434.090020
13432.777967
13422.599338
13434.291666
13422.587385
13433.276986
13434.377869
13478.886656
13490.021506
13496.791860
13478.514864
13474.540847
13475.287134
13477.452462
13478.320991
13477.646230
13437.487525
13474.593992
13435.831606
13435.738782
13436.420603
13433.943499
13438.236083
13426.122925
13448.644220
13449.059871
13426.425343
13449.285465
13412.672808
13422.713801
13436.175999
13473.181382
13432.616314
13447.762263
13435.551513
13447.884382
13411.984800
13422.022826
13503.706279
13504.466331
13491.748586
13478.557197
13488.659343
13459.412688
13436.591578
13436.689208
13436.176651
13459.165420
13470.556824
13472.233791
13468.999991
13444.169268
13434.779326
13434.920957
13443.395949
13434.405196
13447.038452
13444.502705
13457.786927
13445.754502
13444.970925
13459.240046
13448.835219
13473.030102
13471.508848
13469.657913
13459.079152
13455.834166
13444.851883
13459.981975
13448.559800
13431.972311
13447.677482
13478.021701
13491.765218
13489.276971
13478.073532
13490.431643
13475.425587
13447.141607
13471.564898
13457.121751
13501.030667
13446.369267
13555.974700
13459.166469
13484.496937
13513.227997
13470.542050
13458.451069
13488.395489
13470.408707
13458.477097
13499.174683
13446.817535
13481.179308
13469.571677
13444.088667
13467.772444
13479.966399
13453.991574
13456.130604
13456.841422
13468.535979
13445.799753
13480.790106
13457.823163
13447.021468
13459.227150
13458.957201
13499.865221
13468.825448
13481.863914
13458.239247
13513.397783
13470.204437
13469.495167
13484.190260
13436.032257
13471.139148
13471.249030
13513.678718
13514.185513
13458.127256
13469.576094
13447.195462
13457.993181
13472.645115
13460.748324
13447.982629
13458.786477
13471.837916
13460.621851
13483.822670
13472.283843
13467.554491
13467.982499
13497.974078
13468.666561
13485.540166
13457.363232
13457.348351
13498.709882
13482.451150
13481.904081
13499.215832
13482.885282
13481.860279
13432.709245
13434.006133
13446.612133
13423.228978
13422.693743
13473.144499
13472.223774
13475.278310
13475.048249
13449.020581
13457.867363
13500.381521
13458.431879
13458.275118
13447.761820
13459.137743
13501.243805
13458.776256
13468.850826
13458.453744
13469.518404
13446.369759
13457.290714
13435.216943
13471.199393
13435.774764
13425.305232
13443.514062
13424.083503
13424.143199
13435.037205
13459.909215
13444.159747
13435.098989
13453.520743
13444.977261
13485.543891
13482.288105
13455.591841
13473.653535
13456.871012
13432.109154
13468.388389
13422.620032
13422.685714
13432.694522
13432.513721
13462.275226
13435.456526
13474.140406
13435.660592
13446.437805
13465.126239
13436.757536
13469.798667
13444.775519
13444.992485
13480.226930
13467.171065
13448.997852
13485.069649
13446.954179
13448.017746
13459.109468
13501.327866
13459.866787
13448.675555
13434.850999
13446.323084
13447.091583
13458.908163
13459.614151
13448.446248
13435.585987
13436.533603
13460.179641
13460.867749
13450.039774
13445.687279
13474.122560
13446.402039
13462.429166
13436.355324
13440.676940
13446.371798
13456.271617
13475.426259
13476.069699
13461.566705
13462.905449
13447.659744
13445.300258
13448.805458
13434.811597
13461.016520
13457.318801
13445.569351
13446.632955
13444.685437
13447.383488
13434.107309
13459.615415
13446.183942
13445.388035
13444.741333
13446.901922
13444.865099
13444.161656
13470.124510
13486.914181
13468.151573
13444.809874
13446.155376
13481.108310
13488.009717
13478.072965
13445.681750
13456.441666
13469.451076
13469.968059
13446.740283
13462.256646
13448.847423
13459.477454
13498.337681
13496.091445
13458.215435
13497.665945
13458.739595
13510.157447
13498.367724
13463.607700
13473.988830
13463.684424
13483.747004
13497.689103
13436.007257
13425.855083
13448.811862
13447.125197
13435.673905
13447.682227
13448.295985
13456.394712
13456.978134
13436.423148
13435.909771
13445.869307
13436.298913
13448.885135
13463.154072
13444.759898
13445.427611
13435.214217
13434.091721
13467.933921
13448.733887
13458.628497
13474.825603
13468.133656
13444.077192
13444.694009
13454.701321
13453.559294
13469.920550
13444.103937
13454.629827
13460.188391
13459.614710
13445.724056
13470.250740
13446.279682
13470.157160
13458.740003
13458.789095
13445.737866
13475.318671
13436.357778
13476.001944
13447.573863
13423.508146
13444.169818
13446.375453
13446.688470
13433.681574
13445.387247
13457.151920
13454.764262
13468.235778
13443.572178
13453.499149
13445.896194
13448.901743
13449.260679
13435.492448
13470.311988
13445.349262
13448.284737
13448.546249
13434.894625
13446.382424
13432.020989
13433.978480
13443.824226
13433.334099
13501.371780
13490.317241
13485.929100
13461.832412
13446.989725
13462.593842
13481.550767
13447.739323
13483.980875
13473.616349
13457.997487
13444.619055
13444.694781
13421.244035
13457.000587
13445.368897
13445.415409
13444.572055
13443.596974
13420.728326
13432.560398
13457.481268
13456.368480
13421.502234
13432.536369
13432.529819
13434.583738
13432.778566
13433.454905
13457.767316
13433.863187
13457.690633
13432.932422
13456.598677
13433.328679
13433.379165
13456.535568
13431.988472
13431.415366
13431.950908
13431.376034
13441.977252
13444.654259
13442.922702
13442.900773
13443.559145
13480.332164
13479.217261
13443.717927
13481.411512
13433.012768
13438.017709
13436.595143
13489.050085
13475.022511
13446.842254
13448.117515
13500.260289
13444.905102
13445.675233
13458.251457
13467.028393
13466.977932
13447.692325
13458.311963
13467.930523
13469.262850
13511.201831
13455.861122
13467.288826
13468.122272
13457.323774
13472.133818
13483.253238
13461.209723
13460.539975
13425.164120
13417.335325
13428.557699
13435.738011
13424.227229
13426.135384
13461.997873
13462.773938
13431.799805
13433.595481
13467.651327
13456.954381
13456.899714
13462.452066
13433.272254
13444.846248
13433.707805
13433.767804
13445.773678
13421.228040
13433.267117
13432.622218
13422.512448
13421.883520
13457.554699
13432.306475
13472.536370
13457.149614
13457.640793
13445.672371
13445.885185
13445.829316
13448.252091
13459.379629
13460.439343
13500.471262
13445.228187
13445.656590
13433.819312
13461.349071
13448.338424
13448.204123
13448.796791
13447.497120
13457.899487
13432.518017
13433.102536
13473.454677
13470.058363
13486.341635
13486.828442
13486.178832
13447.306713
13446.719153
13431.766277
13471.994428
13457.437359
13469.965371
13457.737158
13447.957659
13447.187656
13486.151706
13486.682632
13485.576003
13485.005252
13461.220543
13458.594768
13458.520977
13458.029108
13458.048312
13448.090779
13457.657951
13470.815527
13447.417929
13447.060228
13458.535872
13457.612107
13470.755429
13446.200409
13445.651733
13456.469321
13458.024586
13445.064755
13470.265508
13446.311934
13446.281548
13456.895435
13444.255801
13446.197142
13457.503421
13462.120715
13460.358791
13457.715565
13457.639510
13447.735649
13460.301518
13447.172859
13470.598690
13470.016131
13487.586358
13471.300691
13526.769417
13428.507305
13464.234802
13496.927890
13492.297811
13476.293949
13506.919707
13505.579826
13506.959518
13505.564153
13488.635487
13494.370368
13494.386319
13488.060691
13465.471215
13497.867201
13465.093803
13502.893990
13503.973736
13496.506515
13487.106413
13473.639608
13460.963310
13471.633316
13505.977368
13499.646328
13498.670908
13501.857816
13489.181828
13489.285521
13517.267100
13518.234836
13516.066109
13518.232418
13535.971246
13501.274077
13487.135193
13500.266585
13513.452415
13512.659783
13472.866179
13471.172898
13472.099198
13481.917845
13471.118597
13474.104414
13472.350991
13467.699125
13453.993479
13513.460313
13464.133004
13438.998556
13499.320953
13478.264137
13487.753796
13470.025697
13459.977308
13460.006540
13469.826258
13475.803176
13488.988425
13450.521225
13451.370638
13461.170054
13465.035147
13493.645755
13466.687316
13452.980215
13513.097280
13446.577849
13449.459370
13449.093422
13447.373126
13448.191993
13498.506759
13459.488482
13485.585582
13495.765681
13458.158841
13473.856837
13440.635828
13485.338183
13487.946291
13476.264982
13490.924974
13474.454917
13475.534879
13484.043477
13462.502162
13462.056860
13470.541251
13459.228831
13485.691415
13464.101829
13463.699961
13473.462384
13469.932685
13459.162501
13473.467605
13472.308681
13462.366656
13462.032986
13496.334239
13461.213444
13449.146567
13460.966666
13460.159631
13496.972684
13489.330035
13531.026719
13477.550744
13473.162247
13559.743762
13474.542116
13498.226175
13476.155007
13491.519705
13475.625333
13501.503856
13487.087461
13485.191114
13486.471732
13485.695662
13462.239646
13474.669730
13487.695586
13485.720261
13474.672139
13475.364548
13468.456628
13489.110609
13479.599714
13516.978213
13526.619285
13526.090310
13493.079476
13521.025035
13510.239842
13538.610039
13536.343695
13535.772718
13525.486892
13536.969450
13536.356928
13493.228532
13493.227077
13465.675554
13472.447170
13495.518154
13517.288859
13517.287137
13500.267520
13515.472353
13462.558792
13471.349921
13528.988156
13526.071829
13506.212099
13498.872784
13484.077599
13499.484000
13523.989780
13512.199337
13511.698286
13524.074388
13513.232653
13512.810429
13512.283351
13539.718916
13539.150716
13572.601396
13530.078281
13509.783230
13494.344827
13509.156536
13487.462685
13493.716340
13494.214830
13450.520655
13525.668227
13543.469258
13524.501904
13553.135037
13523.875206
13554.362889
13525.024010
13475.387127
13488.062437
13505.139173
13463.760439
13505.095193
13460.593738
13471.176906
13561.716902
13505.505653
13503.912203
13476.950833
13519.303350
13517.779943
13516.814646
13518.601795
13517.194405
13516.755822
13476.393741
13487.948880
13484.980425
13496.812645
13483.627539
13500.029958
13495.478663
13507.272867
13501.244506
13487.010981
13499.704909
13512.286506
13531.356168
13542.101457
13531.337715
13548.821333
13516.411711
13510.240373
13517.626662
13499.005555
13487.484614
13506.031188
13504.857629
13474.651435
13499.316354
13464.500231
13496.545226
13504.631694
13503.533502
13487.072201
13465.531324
13485.589155
13525.061948
13498.664683
13483.790140
13481.380561
13470.934008
13482.448175
13472.984260
13471.657720
13518.622695
13517.543542
13533.316180
13544.101841
13485.322394
13505.231938
13504.650880
13498.243511
13498.695052
13474.509225
13525.127600
13526.311112
13460.011614
13469.315418
13476.835143
13463.128487
13523.219515
13511.341167
13486.053353
13499.241748
13478.642429
13474.443648
13474.411901
13524.321991
13481.822369
13494.107308
13494.091369
13516.762569
13507.150126
13524.878125
13479.197039
13504.086375
13505.584406
13510.495297
13513.350684
13512.741261
13519.726790
13519.670762
13520.002323
13585.658469
13530.183041
13521.280766
13512.155454
13521.278915
13512.724911
13529.586747
13563.384332
13562.196059
13581.298433
13593.877962
13494.177044
13494.202832
13459.982591
13475.618903
13446.454305
13469.960182
13484.691840
13473.286010
13448.210331
13469.977126
13470.637125
13460.866591
13473.221220
13501.378141
13484.902965
13456.313537
13457.180828
13459.722993
13469.584661
13469.593796
13468.411354
13458.407921
13463.303028
13458.885363
13459.477663
13438.932034
13445.773477
13449.485683
13445.750820
13463.778020
13449.448037
13464.923889
13464.885593
13457.536780
13463.188450
13458.793697
13485.256319
13473.015305
13456.614269
13433.444304
13432.782161
13457.234526
13433.600630
13457.796894
13476.434263
13433.012592
13463.699282
13477.853443
13478.765199
13448.747291
13448.134822
13445.180987
13459.262858
13444.777582
13446.690523
13451.601499
13472.738328
13462.650706
13464.818154
13449.037640
13448.830354
13447.489125
13461.843718
13461.348597
13475.637005
13435.851349
13459.482202
13445.915147
13448.709955
13484.374370
13472.550627
13486.503546
13486.347414
13487.019703
13414.183403
13457.945279
13457.965511
13498.993368
13444.597356
13433.584575
13470.048359
13434.361952
13470.790258
13444.758810
13433.981006
13472.388284
13433.999429
13452.387850
13452.996733
13476.506499
13476.503101
13473.962667
13445.232019
13436.199962
13462.849794
13449.547334
13449.549115
13447.481083
13447.658791
13463.983557
13465.743567
13474.388171
13460.040174
13461.444244
13484.893389
13473.281236
13438.245531
13449.184511
13548.535828
13448.009269
13457.064644
13451.158853
13473.336429
13471.889291
13464.114264
13493.939990
13493.966389
13459.877125
13523.246310
13486.487621
13485.693645
13452.144189
13497.744701
13495.118104
13470.914239
13447.204645
13475.114437
13459.530525
13459.584825
13461.328440
13463.948116
13524.639496
13487.299603
13463.105624
13549.505342
13507.006211
13564.220842
13564.815887
13463.637150
13464.526615
13472.899539
13472.347515
13473.683388
13461.987299
13474.922301
13458.863837
13456.890129
13458.160955
13474.504472
13461.172094
13449.854051
13465.270572
13509.011009
13474.910247
13501.925961
13463.209092
13474.913351
13502.030760
13490.120452
13475.586602
13486.279731
13464.481461
13484.397901
13484.491334
13488.945041
13476.271587
13470.639497
13469.830276
13459.496116
13458.274428
13458.826095
13499.710513
13463.698812
13463.935857
13454.373241
13483.606131
13497.459529
13463.178445
13497.159234
13461.231279
13455.549402
13471.474685
13469.968671
13449.235343
13472.858282
13446.218509
13472.880215
13471.898112
13458.545713
13460.782545
13483.659899
13483.222298
13450.572720
13459.077130
13484.999568
13503.398671
13449.570784
13438.846986
13440.334339
13491.579679
13514.542109
13473.392026
13471.798302
13461.115826
13446.148541
13450.049484
13487.455825
13482.272553
13504.108346
13475.746695
13503.911227
13501.423174
13459.459229
13473.850065
13464.451119
13469.508949
13502.295714
13462.775577
13463.668240
13489.939609
13501.979156
13464.559999
13503.207007
13463.685168
13472.577060
13458.310122
13460.278942
13459.231479
13458.963857
13460.574213
13460.958259
13447.047562
13499.400812
13499.321320
13502.114718
13472.363913
13471.767587
13501.903431
13473.100063
13461.406620
13474.355191
13482.462876
13473.942720
13459.914604
13470.479739
13461.485221
13489.024184
13465.323724
13484.953142
13489.672138
13485.853115
13474.405308
13473.818257
13475.199684
13473.265013
13476.163519
13474.180437
13487.279278
13459.743497
13487.390647
13458.351216
13485.330807
13487.095962
13452.364375
13462.852148
13463.023572
13473.243253
13472.660791
13500.538253
13498.511060
13486.253059
13484.906524
13451.893314
13474.434074
13462.504436
13483.700589
13496.680047
13498.771932
13487.766396
13486.219814
13474.526583
13473.199645
13464.192952
13474.379197
13486.711953
13486.720348
13500.381534
13518.866500
13512.259758
13549.212582
13514.481888
13527.062234
13518.175449
13476.404919
13488.116782
13512.197705
13499.722030
13504.784488
13503.458881
13497.656274
13463.946950
13474.967886
13488.130958
13489.016637
13475.250545
13447.741652
13447.859590
13473.516643
13472.782245
13483.916515
13473.630153
13483.177490
13460.319470
13473.654257
13460.948078
13485.368518
13471.061735
13460.133598
13484.625683
13495.575659
13484.526179
13495.022919
13509.028536
13504.012320
13464.823385
13490.301204
13475.826613
13497.182271
13488.480293
13485.862019
13516.063950
13474.435400
13473.837023
13471.066320
13471.133274
13475.245782
13475.929742
13461.538651
13475.643371
13502.191343
13461.235185
13486.662891
13501.798205
13462.591798
13491.326014
13502.903433
13502.125545
13502.419786
13472.404191
13481.548425
13471.886861
13445.946002
13482.515396
13486.638195
13485.967446
13461.255553
13482.587794
13472.112008
13472.921058
13481.950322
13471.449618
13472.292513
13473.479746
13480.615148
13464.304704
13518.122611
13487.460073
13470.754513
13460.920607
13469.581705
13445.327212
13448.784672
13447.451851
13485.575654
13490.539445
13489.985932
13484.869137
13481.119919
13473.435272
13470.134740
13471.670516
13469.595088
13470.777853
13471.630087
13470.395261
13461.319894
13515.205442
13469.841015
13458.909520
13472.160493
13472.904838
13471.898091
13461.717429
13505.102753
13476.116945
13476.120132
13475.480358
13475.521811
13483.455509
13460.824763
13504.097536
13474.597827
13474.601506
13473.832927
13473.450639
13520.650490
13474.502412
13485.806846
13496.168055
13484.399780
13485.201880
13459.700200
13459.671108
13484.390945
13476.732793
13447.344372
13446.710965
13447.366085
13446.750894
13460.146909
13435.527636
13436.066538
13435.478232
13436.018529
13444.346849
13433.175542
13472.928501
13445.469397
13445.444256
13461.018192
13448.510726
13447.218939
13463.350261
13435.657046
13447.403869
13459.532127
13480.547029
13452.987937
13452.907910
13536.892458
13495.229201
13462.420279
13479.289482
13462.747827
13452.286578
13473.950879
13512.897043
13485.748429
13485.764910
13472.655466
13469.484387
13448.912917
13459.458807
13495.251826
13487.039463
13485.130671
13485.908256
13523.275818
13489.724183
13503.814664
13503.381683
13494.629837
13494.630447
13463.696100
13532.043674
13505.642296
13505.327182
13491.270439
13470.321794
13485.376953
13473.617579
13504.597651
13498.032972
13506.288843
13505.256241
13474.189594
13472.682352
13503.164784
13502.630400
13532.073999
13448.630095
13483.478367
13490.618011
13490.578093
13490.459363
13490.472021
13517.493150
13515.604290
13472.934096
13473.603601
13473.705842
13487.406464
13516.985390
13515.647123
13484.595129
13459.341500
13502.234458
13508.675537
13493.905166
13508.701318
13509.287355
13509.326409
13521.786075
13523.575500
13521.775191
13523.493383
13520.670314
13505.914196
13547.646657
13536.803787
13547.602888
13521.281059
13525.989837
13508.951563
13510.726898
13499.943258
13549.565437
13540.489579
13522.412985
13512.735583
13522.388087
13558.593691
13559.763124
13564.322864
13565.411547
13524.937413
13538.671637
13470.439666
13473.374171
13471.332159
13448.025408
13449.275556
13446.011084
13474.564868
13475.957949
13484.977005
13474.032783
13503.548441
13493.258744
13451.994508
13489.007970
13474.670041
13524.706188
13461.479958
13462.079657
13497.611853
13497.668851
13461.987855
13517.942378
13516.517657
13503.327562
13486.291819
13500.552355
13498.921265
13519.142923
13516.534714
13472.841404
13483.604540
13461.362764
13448.841058
13512.414371
13479.120701
13465.421661
13466.243188
13495.130703
13495.655908
13505.899845
13505.311877
13542.610212
13522.767208
13540.841471
13523.294845
13475.361999
13484.091344
13497.561689
13504.422609
13503.265492
13549.067482
13482.856451
13483.028246
13488.850315
13505.368639
13488.476512
13504.836861
13508.985391
13493.249680
13487.065491
13503.544786
13509.574648
13478.324536
13476.152797
13506.069604
13500.477126
13491.394476
13476.041650
13463.168952
13485.027985
13492.503709
13487.750342
13501.468807
13491.507586
13492.092676
13506.592694
13517.368715
13502.875043
13489.567872
13516.779721
13509.953926
13523.589877
13524.196177
13478.905925
13476.695561
13507.158653
13507.914303
13517.587228
13488.293069
13502.001111
13492.705047
13507.684094
13488.613370
13460.483254
13475.444870
13463.086635
13493.281413
13498.281533
13474.731612
13487.916413
13463.771822
13493.296101
13506.681593
13523.821150
13476.116362
13464.269724
13481.286914
13474.452043
13460.253168
13451.868107
13474.326449
13452.791768
13561.763745
13527.804022
13473.624345
13474.743912
13488.270696
13449.288903
13447.945859
13437.104553
13449.067491
13462.279186
13469.779406
13463.720261
13475.529814
13476.748602
13503.301163
13486.162296
13492.520319
13491.955300
13458.994038
13486.956446
13473.792065
13492.268223
13462.125507
13492.243021
13477.583307
13487.274297
13486.907251
13493.856931
13493.277313
13486.436735
13493.293483
13492.632071
13473.038170
13460.510793
13487.765262
13474.638388
13493.699639
13462.954404
13493.675429
13480.785932
13481.300428
13467.549788
13495.314640
13495.797794
13503.531235
13503.475549
13459.820178
13460.666902
13459.969745
13505.525007
13489.230133
13524.232043
13476.081164
13471.000906
13455.869374
13472.828014
13447.869313
13439.045742
13489.180278
13449.847379
13476.195439
13448.852612
13469.619019
13448.257934
13487.193312
13437.492363
13462.462780
13463.288893
13477.284540
13460.355291
13459.675707
13445.439549
13447.368940
13445.328758
13487.128485
13475.127022
13460.844774
13446.763351
13434.595878
13474.397590
13459.456933
13444.780079
13445.991266
13444.843628
13481.647743
13455.976816
13456.669542
13473.268976
13448.240204
13458.377223
13445.413140
13481.740292
13445.363117
13462.657169
13470.580728
13489.719254
13435.433726
13443.931734
13481.453799
13455.239881
13473.070772
13447.472396
13458.159951
13482.156617
13461.869602
13444.520178
13481.476105
13473.568954
13448.149639
13458.625627
13462.531311
13468.365358
13467.781020
13468.994531
13468.426834
13467.751177
13467.885541
13467.796594
13467.825575
13499.646417
13459.291805
13459.407309
13460.081113
13508.112421
13498.939373
13498.865442
13497.610071
13486.437869
13496.125519
13498.308655
13485.721781
13473.412307
13469.320542
13486.359052
13445.280626
13445.900920
13463.239860
13461.575581
13476.688204
13473.225550
13459.656264
13423.823589
13459.870167
13424.724153
13473.732595
13484.676184
13473.011925
13473.004650
13443.729309
13443.755153
13480.758994
13472.338256
13480.782014
13481.369698
13456.913706
13486.489179
13456.811569
13457.000132
13457.762155
13494.145846
13459.175191
13459.431705
13457.757810
13457.863828
13457.726079
13457.211123
13472.820348
13473.680679
13468.809125
13444.783559
13459.666254
13423.945882
13447.375615
13470.557971
13470.537588
13434.044090
13444.894167
13445.477257
13445.659361
13445.201620
13481.318994
13480.714339
13470.417842
13470.878240
13433.876543
13444.570265
13444.855719
13444.152723
13471.399520
13460.652958
13460.770892
13470.528140
13488.637000
13461.162645
13471.932748
13471.070293
13489.183789
13449.676400
13471.473163
13470.505833
13488.053944
13470.363146
13457.328520
13457.188428
13444.428633
13444.426953
13433.988604
13434.746362
13459.905852
13445.673921
13445.130081
13463.226308
13436.353601
13436.478969
13436.589712
13436.551579
13437.215271
13437.184258
13423.913458
13424.555960
13462.818277
13464.845322
13480.029592
13488.781331
13456.294582
13446.582225
13473.934220
13452.058104
13447.594643
13463.219860
13478.962162
13467.297054
13487.117996
13464.517449
13479.668573
13487.942956
13514.052310
13474.859189
13449.847311
13444.692577
13443.462082
13446.726647
13446.998813
13445.042040
13435.105810
13480.204955
13444.474944
13445.274127
13471.387337
13449.739351
13462.553429
13432.433214
13472.741382
13489.573192
13450.285174
13462.555784
13475.525121
13469.446966
13458.481765
13470.110590
13448.981975
13434.102450
13445.879891
13444.351527
13446.627916
13446.335335
13444.424391
13444.992714
13480.365100
13445.439062
13434.226157
13447.099691
13446.013628
13448.349130
13470.215414
13437.897561
13460.042964
13472.816772
13433.557201
13444.789021
13469.690915
13455.780912
13458.652692
13458.667378
13470.282958
13445.706092
13458.452937
13432.918752
13432.911366
13443.870939
13444.425941
13447.166998
13457.699445
13433.901266
13458.292978
13443.165319
13447.275295
13468.596777
13433.155082
13432.641544
13456.720232
13432.840755
13457.887617
13432.923512
13456.667610
13433.329419
13443.479072
13467.285279
13435.237079
13433.476247
13470.333416
13445.828402
13457.862113
13455.612476
13465.618613
13457.628970
13456.841662
13455.820957
13454.688375
13454.041483
13422.834453
13457.911748
13456.703059
13431.237583
13431.841360
13435.033383
13435.547633
13434.579511
13459.713729
13470.605038
13433.829671
13433.249281
13456.725829
13457.842217
13433.974364
13445.018766
13423.564509
13458.507477
13432.475305
13529.696235
13485.349206
13488.781714
13487.383861
13447.938165
13447.903801
13475.025444
13460.825480
13496.956977
13496.956854
13422.565249
13436.444867
13435.173047
13489.865359
13489.313452
13485.000123
13433.718877
13434.067836
13433.417311
13435.215180
13436.085970
13435.652292
13434.060239
13433.260342
13436.209935
13432.779683
13433.911032
13421.770182
13432.488409
13411.054858
13436.044530
13433.494367
13436.811286
13433.507550
13434.117692
13447.825858
13437.086781
13435.912421
13432.240609
13432.421201
13433.866056
13434.066851
13430.944267
13433.177136
13433.160601
13434.730528
13433.857324
13434.793770
13431.735912
13434.042727
13432.998032
13413.975108
13435.000498
13435.893282
13423.338170
13431.711067
13433.159961
13458.759849
13472.365939
13474.303407
13499.688579
13466.490485
13469.753746
13464.076477
13437.837710
13473.330739
13445.586518
13446.136661
13468.582720
13521.179094
13522.286987
13508.548670
13456.852345
13459.894758
13444.376740
13507.182820
13469.179425
13458.055840
13447.394283
13455.906599
13459.586231
13508.352033
13482.845388
13449.723717
13460.769644
13509.071364
13486.944590
13492.678802
13459.685524
13483.087771
13459.836308
13470.760803
13471.472682
13461.300394
13458.852908
13512.325341
13483.236528
13468.934413
13470.316586
13471.443954
13448.064571
13449.495744
13446.410832
13500.583205
13457.364868
13471.388748
13488.388415
13487.876426
13494.373632
13436.451440
13446.866267
13446.817018
13448.235786
13470.940910
13471.884309
13471.768788
13483.225003
13495.391999
13497.954539
13489.882476
13488.429274
13486.990987
13497.984923
13469.361217
13460.708458
13472.632549
13471.915552
13472.050534
13485.798548
13460.485591
13476.026506
13446.595973
13473.361896
13462.335673
13458.684195
13458.581623
13469.754013
13460.121127
13458.783972
13460.373150
13476.121394
13461.953274
13470.556353
13483.166561
13456.566767
13471.941654
13438.650217
13460.584749
13478.626609
13476.575651
13459.769264
13493.131764
13493.108302
13519.984168
13518.999960
13520.560455
13519.068471
13534.449427
13477.917364
13490.499463
13475.337426
13479.021732
13483.930347
13483.787385
13474.973866
13486.475048
13547.518205
13485.722122
13503.471647
13464.826315
13436.636172
13449.278153
13439.721959
13470.818645
13427.015145
13426.314128
13451.385736
13472.854390
13474.653205
13450.555651
13536.309206
13460.594912
13463.227570
13459.786206
13462.549020
13460.559926
13461.230517
13436.244283
13438.929028
13434.769622
13453.213806
13450.488816
13439.105341
13423.231268
13459.488817
13459.529970
13435.705736
13436.586871
13436.885135
13459.704650
13428.695248
13475.430646
13446.298881
13452.704616
13464.215087
13464.967196
13503.016145
13424.190596
13453.950587
13483.323659
13470.259822
13456.590623
13468.027636
13499.700196
13455.082465
13445.146368
13482.826099
13469.815784
13446.403170
13446.994648
13548.585577
13458.724256
13436.614265
13468.647728
13435.332554
13445.732632
13469.659261
13444.141095
13445.028448
13444.192290
13425.003194
13461.387607
13437.149681
13435.003411
13446.067198
13458.529106
13455.773161
13445.771454
13447.193211
13472.230758
13487.173835
13442.942215
13457.249704
13436.403659
13472.027500
13435.830608
13448.760556
13459.472749
13461.861200
13427.138219
13458.274182
13496.403849
13448.825540
13448.264687
13494.615602
13448.453732
13448.693699
13448.448434
13471.527095
13436.460417
13512.389402
13460.420354
13471.805036
13437.975233
13447.968108
13480.811146
13486.047804
13459.218355
13477.524869
13447.152494
13459.221877
13436.323564
13475.149624
13465.098562
13446.278214
13487.403614
13462.559426
13471.521769
13470.909947
13473.635074
13475.539480
13465.505398
13472.964619
13469.003337
13462.948075
13463.523653
13488.468428
13470.858690
13470.797690
13460.902417
13472.579455
13457.401537
13470.909548
13488.054777
13461.299636
13472.612037
13471.071229
13459.506675
13476.666599
13459.126622
13458.593234
13457.640046
13492.742955
13485.837768
13470.980429
13527.881391
13511.469880
13511.520370
13470.967914
13458.199365
13457.489304
13485.852712
13492.812724
13487.284684
13489.166192
13450.144778
13440.202811
13483.895056
13451.805127
13474.670176
13440.109832
13439.371637
13463.538425
13472.629534
13475.728617
13486.463491
13471.153216
13508.204497
13487.238497
13471.177621
13499.471136
13479.034737
13474.935293
13465.193421
13525.303201
13478.845456
13464.108619
13461.802178
13472.134348
13472.081835
13474.314607
13451.664739
13501.363998
13473.700012
13452.131817
13547.443406
13473.290842
13496.889069
13476.057572
13462.594743
13459.363539
13501.065670
13448.869988
13482.367994
13460.609723
13459.815919
13460.321199
13459.619934
13469.529575
13494.715942
13484.863514
13514.331259
13470.531849
13448.607445
13470.978256
13446.459454
13447.398315
13458.209779
13476.997486
13449.175831
13448.247071
13467.033985
13458.747644
13476.989918
13470.383521
13470.297373
13474.397674
13497.561316
13498.448053
13485.909768
13446.141511
13473.404668
13434.909118
13471.414401
13471.458994
13504.388837
13519.270206
13506.949713
13524.326907
13462.651913
13493.087008
13493.598077
13474.455436
13491.029596
13491.028619
13474.901481
13457.818062
13471.429824
13458.021019
13471.361495
13460.266470
13457.119599
13443.965769
13446.549222
13442.709920
13444.937608
13458.059194
13433.132209
13434.016110
13448.147704
13433.246998
13445.172459
13446.962990
13472.968185
13484.557098
13435.448575
13457.043836
13457.728254
13446.292394
13457.310774
13457.286493
13456.532791
13444.674803
13499.540240
13458.639834
13457.757561
13459.483213
13455.437478
13471.049261
13453.988420
13444.653228
13456.661718
13445.689300
13469.709555
13470.222823
13470.791220
13459.765229
13458.767984
13459.085337
13458.798621
13446.890876
13458.360157
13444.008559
13458.603998
13434.167835
13509.835600
13488.273590
13540.748676
13447.196241
13468.851241
13446.839973
13458.817914
13443.878347
13469.917661
13434.518104
13458.828157
13458.515646
13447.060366
13457.235942
13500.323252
13458.821296
13448.089713
13457.386834
13456.773062
13458.061804
13457.969927
13457.425035
13511.071766
13504.835409
13459.067340
13458.992258
13473.017108
13471.539532
13433.630711
13433.578416
13444.754465
13424.853290
13433.609617
13435.468832
13447.059678
13434.841216
13454.760257
13444.296606
13444.706573
13434.195110
13456.984611
13443.642835
13454.685425
13455.365788
13444.799935
13480.002448
13453.612682
13454.615173
13424.247086
13469.528414
13424.236543
13445.880720
13445.064962
13435.546088
13461.315091
13456.162974
13445.534712
13457.092295
13455.588935
13454.594369
13454.593602
13457.601388
13436.931060
13448.709534
13442.497771
13468.508838
13458.753675
13456.573452
13447.077610
13432.460806
13442.540319
13513.439493
13507.269057
13506.742548
13575.968482
13552.733708
13473.382675
13471.853614
13487.077084
13487.703344
13493.081676
13493.580765
13524.607004
13523.736137
13525.724914
13523.236377
13491.115506
13504.796270
13505.343095
13457.645269
13446.663248
13488.461365
13462.031176
13482.441673
13446.092036
13457.600777
13506.077841
13477.292864
13505.552792
13473.166828
13472.972816
13461.424189
13462.701807
13457.546761
13479.052687
13509.098241
13481.350289
13508.600273
13490.372896
13504.075483
13504.589738
13477.167746
13487.436870
13517.328156
13516.818586
13517.759630
13516.828192
13508.812520
13463.126547
13502.447785
13472.290332
13507.560795
13489.338139
13492.914251
13474.874981
13501.303088
13486.023080
13493.110463
13486.298560
13495.996572
13489.219590
13488.481531
13525.524932
13487.754201
13470.869570
13460.864159
13486.348712
13502.183914
13473.809636
13450.536173
13462.111948
13486.125260
13524.872095
13528.864252
13528.842477
13489.393589
13493.527621
13489.057631
13506.524234
13507.123850
13520.001538
13518.709505
13520.561151
13518.182655
13472.911007
13508.122462
13489.960161
13493.477022
13474.887975
13501.867258
13486.034883
13487.870811
13525.447677
13487.143639
13575.388284
13553.273324
13463.598768
13460.498757
13462.081130
13501.817631
13463.288678
13459.735562
13462.878166
13485.117542
13465.364208
13570.348337
13562.488706
13619.335147
13477.096521
13422.289094
13447.030619
13411.780102
13446.280566
13443.862276
13433.854583
13433.230581
13477.832142
13477.169213
13493.778745
13433.618026
13445.705046
13435.332863
13444.640558
13470.558062
13425.292557
13457.658154
13458.892154
13435.826721
13443.571856
13445.333050
13479.831962
13447.249374
13444.378865
13444.975785
13443.787128
13484.894252
13470.623175
13447.113404
13474.385274
13433.392548
13470.179195
13474.836448
13470.982376
13458.797844
13470.351299
13447.429776
13447.406375
13471.633556
13445.809931
13471.796690
13455.818497
13471.606273
13485.993774
13442.788130
13445.224700
13457.150831
13445.585930
13482.725578
13460.073611
13422.789472
13433.532371
13432.939933
13493.100188
13448.396469
13472.135038
13471.189072
13469.599696
13458.407346
13468.341544
13469.496675
13433.590201
13433.656029
13423.379763
13459.284101
13423.432196
13446.476564
13470.660499
13443.922389
13470.663350
13446.327233
13445.394554
13455.368562
13445.456797
13445.366756
13470.081033
13446.336685
13443.975695
13458.726886
13433.924251
13469.339665
13433.984453
13442.990163
13444.098339
13469.822262
13444.559080
13444.070963
13444.819462
13444.132027
13444.909026
13485.097110
13446.477694
13447.422007
13456.530522
13456.394871
13454.064541
13454.039575
13455.840427
13458.840020
13457.040724
13481.506879
13456.306642
13447.048789
13456.434534
13436.473216
13456.964137
13471.134688
13447.023506
13444.931291
13467.642669
13445.530452
13444.800711
13443.165374
13479.018349
13432.576234
13444.980441
13457.302295
13445.636478
13469.293924
13493.011248
13443.241248
13432.687897
13467.119971
13444.803222
13434.760674
13446.639105
13424.214689
13469.519197
13434.763536
13467.066643
13466.533917
13444.002196
13469.386835
13468.848367
13433.281534
13445.904536
13446.211429
13433.273197
13456.639370
13456.740640
13457.084314
13456.603962
13441.569085
13466.084078
13442.688441
13466.659819
13442.648340
13466.546781
13444.102134
13443.500651
13442.718634
13440.779303
13443.253240
13467.768959
13455.720107
13468.142986
13454.104539
13455.622159
13458.387977
13446.776767
13444.247242
13468.408054
13446.894117
13443.862068
13433.268635
13458.654576
13447.040443
13446.652530
13446.704401
13446.441601
13434.155796
13446.138456
13423.655687
13443.979613
13443.315187
13432.812665
13444.755596
13483.821639
13469.595717
13469.643106
13432.693490
13457.160177
13457.215902
13467.054049
13477.877917
13432.012359
13446.682654
13422.778957
13422.665145
13421.451744
13422.659453
13447.208739
13423.226356
13458.776707
13436.653069
13434.147614
13413.290884
13411.984559
13474.849437
13412.653644
13459.843857
13435.485532
13445.106729
13449.467503
13436.490805
13437.731659
13447.868348
13463.059998
13460.781250
13436.994122
13475.143694
13490.620939
13458.998778
13459.718839
13447.714259
13447.549392
13447.140701
13482.383127
13458.514653
13497.152694
13476.709062
13448.451108
13483.598844
13476.977999
13497.812010
13487.325136
13488.364929
13475.600343
13446.296114
13446.299482
13445.700898
13445.703979
13497.814532
13461.935860
13460.259875
13434.823977
13490.953682
13456.239726
13456.288302
13431.672749
13432.123659
13432.154591
13468.437742
13433.365094
13431.985011
13467.707088
13449.089053
13424.140151
13472.736613
13433.968957
13432.780717
13462.937482
13459.968546
13446.005693
13445.976584
13449.547743
13460.617139
13449.506143
13473.920584
13476.449963
13462.288751
13505.030038
13474.661251
13463.437883
13473.167469
13490.924638
13463.713917
13474.611744
13474.353210
13474.702129
13463.435132
13511.548030
13472.470041
13473.577281
13473.356519
13516.828803
13487.519561
13487.442749
13484.299296
13476.595454
13490.057347
13434.800777
13456.901560
13434.823452
13434.790652
13434.759470
13474.878491
13446.900240
13446.884720
13474.882946
13478.370259
13451.387828
13472.362390
13447.068862
13482.373528
13446.957421
13473.907638
13449.041220
13447.737740
13483.124509
13448.418469
13537.886350
13489.792839
13489.672104
13458.718816
13500.542973
13460.824749
13472.329172
13483.080510
13448.372849
13511.765160
13489.133868
13464.907106
13483.619307
13483.836378
13461.564964
13461.448315
13460.964474
13489.072231
13466.361581
13445.841860
13445.765882
13438.336497
13465.383764
13478.727571
13478.558054
13446.223281
13486.713447
13447.545716
13461.407401
13445.393227
13486.380487
13447.227525
13443.914586
13462.193880
13477.636366
13488.083974
13478.860505
13478.573965
13467.132977
13433.951210
13445.478792
13470.180998
13433.931004
13469.689284
13460.868953
13446.828318
13469.924309
13445.414128
13447.115016
13469.663175
13497.867905
13487.509025
13498.539835
13488.704400
13464.729334
13480.709639
13450.884232
13461.939132
13457.498166
13476.158808
13457.588611
13447.654170
13472.968595
13449.704859
13497.165201
13487.231386
13469.015271
13469.058111
13475.239160
13477.401983
13477.826834
13491.841760
13480.217448
13472.927301
13503.112421
13502.059190
13491.542822
13505.550815
13495.077064
13447.344524
13414.037539
13436.355401
13438.635310
13458.968974
13448.914381
13435.647802
13424.708748
13421.262030
13431.289518
13432.534219
13422.511750
13436.581489
13448.357759
13476.549102
13458.498268
13448.505658
13459.785998
13455.468757
13474.027266
13456.214087
13446.175302
13449.237156
13432.386692
13453.958659
13469.227572
13474.643308
13435.621247
13445.552665
13446.810969
13458.647055
13448.291093
13423.818727
13461.788290
13433.846367
13444.480426
13474.278212
13463.660713
13445.682860
13460.588763
13456.592316
13498.648731
13446.887249
13481.117819
13470.211986
13469.810643
13457.641498
13469.835895
13435.492579
13445.382509
13446.634987
13464.130421
13453.512986
13476.108166
13434.155593
13485.611960
13490.203074
13459.064685
13446.181056
13445.482350
13483.484196
13435.885667
13445.774749
13485.958833
13447.048851
13470.078964
13433.695168
13444.756750
13444.056222
13444.691165
13468.578843
13459.410107
13459.800309
13446.115530
13487.143893
13446.802218
13454.541264
13464.572025
13491.629622
13502.757953
13457.741654
13433.103136
13432.418171
13431.815721
13431.263005
13504.446958
13471.048364
13461.029332
13475.529659
13483.450629
13474.917119
13476.157056
13476.141112
13483.354571
13474.914634
13475.994657
13489.887699
13475.488858
13475.618289
13424.991375
13463.974178
13473.983828
13436.796995
13449.545361
13463.958888
13449.547520
13480.039726
13453.014041
13452.415148
13490.492901
13450.679170
13484.303495
13475.703892
13458.802862
13458.291934
13445.078921
13471.507582
13434.160333
13457.157281
13432.025067
13445.634597
13444.315534
13444.105850
13457.096235
13456.408449
13467.812781
13475.956590
13445.548950
13456.007300
13455.488340
13446.062806
13456.222875
13446.113742
13456.978019
13479.179910
13487.287985
13491.113830
13485.355588
13465.978733
13458.369968
13446.972598
13458.583558
13455.753234
13436.435681
13446.406017
13456.947301
13472.217393
13456.838682
13461.703107
13447.087423
13486.844818
13486.883485
13487.578506
13477.283052
13501.867553
13488.699588
13489.443606
13471.881392
13473.910444
13466.749209
13482.599731
13482.036830
13469.880896
13513.927473
13478.718208
13481.438990
13503.157397
13490.088913
13497.464379
13482.112901
13433.815017
13433.477405
13432.824045
13495.196628
13459.797750
13488.541058
13470.255468
13461.335109
13470.558832
13488.689891
13450.192339
13470.957329
13473.016226
13501.012964
13512.180775
13459.116542
13475.225756
13459.045151
13457.784551
13459.224254
13499.994910
13462.116277
13472.451813
13472.623472
13461.324725
13484.991677
13459.276254
13487.393841
13459.464013
13471.597061
13471.778388
13502.325673
13528.194616
13460.978189
13511.775554
13470.997833
13489.784327
13473.284930
13462.732878
13451.136851
13494.630628
13486.461006
13482.630366
13478.494789
13513.969907
13477.666792
13477.525628
13474.175241
13474.746947
13508.487458
13507.313020
13491.800156
13498.813994
13451.454166
13463.286989
13474.815879
13449.505971
13437.700512
13438.471370
13459.554001
13461.201547
13501.998149
13490.259781
13479.619112
13475.562337
13473.151740
13483.794673
13486.209843
13475.747743
13499.923384
13485.803801
13498.965422
13480.118565
13466.913383
13491.403303
13497.804438
13445.715998
13422.438396
13445.171974
13435.370931
13434.129352
13444.612059
13445.140139
13445.040680
13432.883043
13460.923961
13433.280133
13433.401804
13500.864882
13485.246451
13485.692266
13448.026011
13457.050120
13446.949543
13445.020695
13470.079399
13468.907092
13456.827013
13471.540378
13461.525436
13461.149780
13445.589071
13485.803242
13502.979839
13493.257916
13491.924534
13495.262125
13525.245098
13525.241102
13475.368606
13471.117174
13436.477338
13446.294794
13476.144120
13469.575454
13459.757261
13447.283304
13469.085369
13459.266926
13433.170889
13431.920925
13431.939243
13432.048439
13433.580253
13457.661922
13457.626975
13468.151431
13433.588266
13448.214242
13432.083685
13433.129349
13431.784621
13457.056744
13431.213809
13432.510766
13456.982530
13433.704514
13434.336749
13446.978996
13422.534963
13412.025754
13446.346639
13472.839165
13433.812911
13433.424765
13434.363782
13434.289180
13434.155227
13432.725101
13434.467767
13456.496043
13468.192604
13490.771009
13446.381613
13445.082839
13433.168390
13443.945720
13434.101704
13433.967631
13433.159082
13431.337600
13431.352997
13455.985008
13433.436409
13456.552088
13433.300083
13431.398734
13455.323597
13455.895153
13455.315524
13433.232925
13457.334917
13457.845128
13433.741592
13457.207800
13457.758484
13434.493699
13432.467115
13467.737986
13479.401712
13480.530289
13491.709615
13435.720443
13435.117185
13480.684043
13466.094467
13479.551081
13445.981683
13445.225698
13469.626616
13459.197251
13470.139961
13459.710884
13436.113447
13446.205455
13445.426969
13474.471318
13446.829497
13486.530319
13459.580229
13422.015948
13421.331407
13423.090201
13446.195304
13446.248065
13458.299344
13470.792182
13445.170586
13470.608566
13436.139915
13448.026823
13446.751207
13447.058288
13460.485539
13426.739904
13471.805909
13445.606893
13446.228092
13457.228671
13435.298650
13445.750351
13455.800839
13483.980257
13445.687153
13445.125922
13494.396567
13446.325479
13446.319164
13455.755839
13455.676211
13455.375250
13444.096385
13444.518202
13468.701529
13434.200040
13444.694106
13443.848072
13444.737833
13445.787013
13436.598415
13436.024740
13459.278669
13434.876703
13463.308095
13488.141359
13485.285038
13477.948345
13470.507806
13436.118967
13447.376287
13446.723980
13457.480940
13444.866670
13445.040535
13469.209673
13434.311575
13456.140003
13444.852626
13467.351374
13448.295846
13472.185790
13437.251685
13438.413703
13446.790876
13445.938564
13437.490747
13471.760060
13470.654303
13445.225906
13434.800658
13456.077821
13447.350763
13485.669454
13456.882315
13433.495700
13434.246187
13448.685217
13435.515821
13446.943259
13446.425245
13448.303182
13446.318331
13445.649756
13462.027921
13447.644728
13462.055866
13448.817675
13448.315014
13473.749768
13460.637147
13449.587385
13457.192182
13457.228847
13459.997813
13459.984217
13446.037042
13446.044773
13464.406602
13459.052736
13471.985473
13448.785719
13488.685411
13470.617897
13472.864864
13449.886027
13482.800282
13493.384357
13495.353258
13482.103971
13475.002686
13477.494296
13508.073699
13523.654396
13516.840327
13516.881619
13526.570744
13526.555965
13541.201592
13541.231261
13526.567842
13526.611161
13526.528009
13510.286784
13510.287704
13510.286809
13553.262922
13475.082074
13458.473945
13459.810883
13483.160106
13488.082611
13447.571643
13512.893260
13461.833029
13481.926769
13472.112282
13475.037963
13488.207433
13481.759735
13482.717332
13458.986834
13445.389684
13472.425506
13448.470662
13472.870230
13445.469923
13490.194918
13490.195967
13490.163347
13502.048758
13519.104305
13516.516811
13519.123491
13516.504173
13445.276256
13473.694201
13459.391480
13477.386479
13459.539590
13484.743316
13486.506684
13459.532720
13476.713595
13473.331731
13473.851396
13463.893384
13439.112172
13462.783466
13463.921805
13465.076358
13523.945703
13477.303061
13477.361900
13474.443315
13488.396328
13484.354770
13487.802251
13476.156783
13473.866527
13437.895470
13485.463676
13489.635006
13449.026658
13462.433875
13512.708100
13513.944190
13463.459116
13463.348889
13449.028843
13489.186620
13485.562166
13495.540983
13471.282488
13460.083984
13476.659995
13487.308919
13484.881220
13488.473101
13512.304254
13471.923649
13512.822464
13462.846430
13462.376108
13463.073557
13462.016588
13470.215360
13471.876485
13488.462137
13447.305165
13449.261316
13541.203260
13541.246452
13516.840880
13516.856008
13526.554230
13526.527307
13495.429379
13479.738291
13479.870569
13553.283925
13554.450480
13510.287882
13504.626738
13456.887028
13456.905740
13473.986315
13462.355857
13438.431643
13437.825526
13434.853705
13433.966890
13446.413431
13433.216781
13456.232341
13447.329483
13473.829106
13461.402145
13436.441657
13463.374269
13414.188574
13460.793019
13473.993345
13473.517341
13474.081722
13460.961010
13471.916206
13473.857604
13475.404352
13462.900549
13470.623869
13470.631014
13457.282420
13457.237911
13448.028790
13448.705965
13459.627356
13436.621454
13436.377839
13437.242476
13447.152519
13480.297672
13446.360746
13445.538970
13448.617502
13435.091343
13473.716581
13472.262906
13504.601781
13422.597952
13422.490446
13433.589744
13432.870413
13445.391097
13422.094916
13422.041009
13431.426181
13433.726151
13433.540380
13444.885647
13433.629834
13456.481915
13422.628252
13444.836798
13473.959078
13475.870975
13498.363294
13450.055701
13477.572568
13486.197572
13446.142921
13462.282125
13436.112060
13445.775510
13444.988271
13446.211959
13500.336426
13449.628450
13450.233803
13460.251424
13488.354932
13448.184331
13445.266053
13445.477413
13460.549500
13470.691021
13471.318902
13460.215727
13477.717431
13478.383753
13460.648664
13460.106170
13434.881887
13434.295499
13444.265395
13460.179422
13460.959300
13450.004461
13439.081036
13450.246412
13439.302932
13446.957586
13446.346704
13446.513325
13472.123199
13460.567780
13458.407258
13498.833712
13455.831917
13457.278389
13444.887794
13446.528487
13456.863139
13474.540192
13456.172714
13443.866547
13460.245804
13459.255780
13477.234168
13448.004002
13463.037010
13463.039428
13473.158930
13473.199313
13489.168833
13487.499499
13487.355189
13473.886587
13433.318769
13448.898189
13435.463968
13458.746716
13432.822079
13433.426766
13435.304967
13484.639995
13445.768714
13446.409619
13445.676276
13443.982280
13469.913732
13438.011092
13459.966056
13424.509502
13460.132489
13466.059941
13466.458614
13475.995388
13465.993665
13459.593946
13447.180165
13459.613270
13476.339093
13474.246361
13517.301078
13471.754097
13463.864357
13474.304142
13503.173116
13484.620072
13468.338557
13469.331911
13490.887450
13482.401940
13490.336597
13513.285943
13474.229765
13463.836880
13474.260077
13457.127268
13473.058556
13450.627727
13451.054773
13472.594173
13507.571015
13504.926675
13460.182819
13483.396251
13489.824732
13502.821917
13494.066717
13458.977617
13438.910179
13436.613968
13467.549365
13474.110941
13449.954734
13449.981690
13449.447850
13476.174076
13476.947247
13514.115329
13478.544707
13496.089649
13495.578815
13466.821534
13477.912345
13488.110135
13459.349787
13513.027365
13495.175069
13462.315321
13438.380181
13494.665533
13466.397555
13464.214100
13463.576041
13491.011176
13464.045401
13491.668356
13549.949918
13528.301036
13493.673774
13493.691393
13470.518045
13515.753960
13515.241522
13500.753998
13474.051243
13484.005955
13500.490139
13451.235988
13473.390598
13474.874442
13504.835662
13504.902759
13532.550292
13498.848461
13521.753136
13508.496675
13495.701946
13533.714482
13532.214179
13533.658989
13522.914979
13532.842080
13516.592834
13516.098535
13502.312614
13485.471930
13485.117420
13452.650734
13474.770956
13475.629581
13505.636577
13505.718585
13520.570214
13520.555664
13509.772696
13494.100074
13493.604462
13492.460321
13492.435266
13493.218149
13493.748131
13506.522840
13524.793918
13506.590417
13472.150355
13460.424795
13437.563362
13471.365983
13448.374052
13488.760684
13470.571669
13448.119911
13437.149060
13471.690525
13477.098645
13459.481491
13449.152421
13448.157907
13435.722783
13447.087164
13470.819349
13458.040908
13445.895677
13445.447023
13454.887453
13471.939981
13481.495278
13457.788159
13459.889603
13471.294350
13485.562440
13467.682299
13459.706853
13470.003321
13458.648555
13458.454439
13459.717661
13470.149810
13448.731685
13458.563861
13469.875498
13455.596740
13456.113895
13446.189168
13468.478626
13446.219694
13470.376994
13447.289501
13434.815743
13488.983258
13472.560717
13446.281115
13470.175352
13457.409971
13470.089576
13445.322857
13460.539620
13459.678669
13469.127190
13511.989097
13514.393457
13511.942466
13470.916470
13468.628753
13444.806521
13454.750892
13456.414591
13468.069909
13468.627603
13444.995002
13455.481847
13457.071339
13456.910066
13477.853039
13454.748485
13455.511747
13499.761759
13458.086175
13434.822506
13458.110002
13469.564655
13457.253802
13445.446599
13471.319838
13445.338687
13469.546895
13467.174117
13454.781926
13455.761146
13467.497501
13446.711445
13444.806294
13499.018816
13482.657448
13456.247465
13458.597974
13458.263889
13457.472211
13446.462665
13469.491511
13445.462274
13470.495864
13445.376960
13455.407221
13481.424875
13469.447883
13457.607656
13455.315984
13456.943290
13457.353199
13480.798185
13446.083788
13471.306061
13460.309250
13470.409507
13446.754383
13469.522194
13458.732605
13447.925432
13470.341279
13474.328633
13469.178181
13448.011996
13436.703817
13447.514333
13487.915740
13470.299389
13460.319796
13460.038304
13473.750283
13457.066051
13459.810440
13482.077579
13459.845832
13448.472061
13459.334678
13499.690285
13470.862913
13559.648100
13476.027663
13475.361244
13476.779560
13475.930086
13474.775789
13486.096416
13471.139827
13471.795208
13472.346932
13460.729779
13470.550397
13476.750101
13463.588217
13462.524286
13462.972516
13462.972671
13462.938775
13458.742809
13436.573285
13472.889163
13435.907907
13445.825143
13446.370762
13455.686265
13457.195758
13456.461114
13460.593796
13425.795449
13462.007132
13463.523551
13463.002164
13465.518823
13452.319944
13460.702147
13503.364655
13451.838081
13476.491545
13490.567325
13506.469986
13504.349170
13507.042615
13504.374906
13476.709924
13448.111644
13463.338387
13464.450520
13463.921337
13448.100238
13486.468583
13484.737349
13458.841425
13477.382615
13449.245775
13437.582547
13447.287656
13460.129992
13459.530844
13476.804199
13477.376001
13487.918246
13484.327511
13473.421481
13484.603972
13474.574175
13459.627723
13477.219334
13459.526697
13486.834399
13495.498148
13469.544258
13512.242827
13462.375614
13471.459931
13462.358516
13512.261669
13481.260070
13446.580264
13448.431777
13471.496245
13458.415042
13447.192611
13482.752698
13461.679486
13472.167782
13455.774936
13471.608459
13446.561053
13457.528051
13489.151584
13485.534332
13458.912099
13477.137873
13488.990449
13470.809169
13448.857939
13447.534183
13458.126354
13469.243110
13487.420846
13461.058689
13449.287989
13458.729696
13472.531337
13447.903430
13469.660538
13471.298448
13458.900086
13488.585232
13484.917808
13477.063306
13458.800199
13473.973885
13473.960978
13483.390935
13447.289895
13472.324448
13488.529831
13471.328867
13484.429939
13464.772953
13477.941889
13473.770941
13513.188984
13474.136075
13475.818051
13475.090091
13490.585070
13500.000134
13498.918727
13485.776510
13507.478334
13504.868882
13506.327479
13504.871118
13458.035264
13475.012013
13475.252804
13508.850492
13522.571369
13521.950471
13486.572002
13502.289812
13508.579285
13507.932246
13490.893215
13500.744700
13487.576915
13485.128693
13476.786812
13506.049124
13475.983743
13506.059459
13483.921071
13486.232883
13499.367462
13484.726828
13514.752237
13515.266565
13516.329293
13500.254499
13487.125229
13485.160218
13477.432166
13506.160538
13475.517097
13506.170933
13504.950541
13497.488666
13500.333789
13478.590882
13486.427991
13485.092528
13492.529939
13491.475940
13460.984662
13459.658888
13505.324111
13551.740958
13486.757499
13474.129538
13504.279751
13462.505551
13504.263516
13483.320441
13471.628287
13481.312393
13459.552329
13470.094341
13452.768471
13484.402703
13484.428021
13512.737381
13474.703504
13473.947824
13453.942332
13471.174835
13457.332161
13458.641043
13498.708103
13459.122663
13459.438674
13458.954683
13460.392974
13459.316922
13491.622243
13461.989025
13473.905674
13500.797963
13473.790846
13451.889736
13459.976462
13469.232335
13452.294482
13479.413420
13464.156776
13460.828226
13453.935753
13424.352002
13426.163296
13427.315690
13424.828827
13421.961736
13449.356734
13513.583502
13475.474290
13474.725933
13474.995666
13463.289275
13473.084925
13472.402042
13474.516581
13513.104274
13473.331440
13474.416437
13474.165439
13460.530263
13488.603420
13448.221749
13459.103713
13459.717747
13547.544086
13472.438834
13514.354507
13473.894023
13470.481188
13472.377591
13513.658596
13474.343423
13472.323856
13474.452093
13432.652721
13457.906154
13458.648698
13511.729036
13501.493885
13443.946575
13457.875999
13458.520303
13495.998614
13457.367198
13443.376111
13433.276799
13458.374900
13446.304918
13446.352260
13490.343417
13447.223560
13459.590075
13471.817852
13488.114966
13474.919827
13472.524416
13436.366790
13459.607140
13434.185505
13444.690111
13469.383790
13444.744199
13470.156096
13455.824374
13444.620958
13482.566136
13472.760232
13468.447197
13468.459768
13457.263700
13468.481851
13446.527374
13446.166904
13459.774636
13434.894048
13445.349969
13447.080746
13447.451101
13470.969805
13484.479225
13470.734765
13436.611163
13434.541371
13461.492572
13482.985530
13462.650473
13450.956175
13451.075600
13473.203739
13445.883056
13486.679092
13447.096524
13458.079307
13461.740097
13473.046308
13444.721578
13444.163938
13460.901790
13444.649305
13488.372774
13447.541340
13489.269041
13471.748375
13447.907286
13447.859757
13448.427707
13487.092999
13461.885338
13490.629086
13445.627391
13433.244521
13459.999324
13462.048467
13435.660379
13547.695785
13523.942027
13519.224842
13504.845401
13493.921181
13493.919314
13462.645847
13487.397990
13474.253407
13494.064549
13462.920634
13494.037305
13476.512972
13509.574049
13473.261140
13484.982991
13503.899947
13503.366534
13515.134203
13474.763811
13475.011228
13559.469355
13553.616302
13534.312346
13551.888552
13534.276815
13476.718413
13487.794936
13462.834834
13459.503909
13474.939392
13439.450330
13476.101117
13452.334793
13452.907772
13477.245325
13465.619381
13517.649089
13462.406444
13437.088024
13437.657450
13457.881205
13473.238194
13498.083918
13488.176476
13474.895159
13474.188433
13474.696425
13487.563230
13471.685875
13469.319605
13469.508463
13446.837631
13470.611886
13446.826512
13434.161999
13458.605667
13484.808950
13469.870667
13470.496433
13471.369709
13460.772645
13481.090055
13499.823721
13446.180100
13472.452360
13484.452709
13458.311868
13458.541327
13470.700199
13469.612749
13469.608766
13487.760315
13444.270749
13494.330129
13470.297985
13458.846853
13514.960371
13459.132289
13497.793517
13471.176313
13469.639444
13489.057821
13435.496145
13460.860234
13473.218160
13510.984628
13512.375554
13484.928370
13468.913621
13456.252106
13445.008980
13470.541138
13468.940960
13445.500853
13459.671255
13470.758576
13457.968213
13457.869698
13471.491272
13541.753610
13524.201374
13458.091931
13458.103695
13483.310517
13472.842486
13470.127435
13470.880571
13469.128378
13457.069948
13470.721387
13457.877349
13511.818252
13467.810590
13467.105798
13456.325675
13493.472171
13469.345705
13468.632529
13494.822247
13498.693589
13446.250273
13481.401515
13447.014740
13500.920475
13446.355600
13462.389084
13462.879787
13487.804436
13475.589084
13446.234245
13471.760078
13445.115667
13448.153054
13433.445250
13433.981423
13458.080127
13457.353669
13444.878931
13452.651781
13443.317827
13436.666297
13449.776177
13460.769831
13473.877900
13501.714792
13473.832225
13514.919927
13435.390473
13477.418466
13434.023195
13446.389716
13447.042433
13485.222585
13448.883971
13435.262904
13459.424518
13444.970017
13445.659401
13442.612522
13446.075070
13487.351553
13433.933611
13486.567460
13499.335040
13485.876236
13474.641279
13474.668598
13504.991711
13507.515664
13504.991752
13506.339386
13491.079026
13476.853019
13516.063884
13531.986269
13535.949116
13516.043738
13531.967348
13524.783744
13527.841701
13527.799758
13482.580823
13459.126445
13473.352043
13481.995269
13470.468652
13512.445254
13481.334478
13499.018389
13485.860858
13500.013151
13512.220199
13468.500363
13474.199236
13496.304012
13450.700504
13484.078019
13474.593167
13450.109504
13449.498522
13501.375692
13473.955609
13528.630981
13488.356170
13500.047433
13499.469519
13452.128850
13451.533998
13461.009358
13465.290823
13503.960937
13476.461137
13504.508696
13505.260749
13505.796227
13504.510263
13497.563993
13475.929197
13505.650143
13534.362162
13487.943761
13485.812777
13488.589174
13531.230048
13531.146619
13465.004048
13491.569165
13492.018340
13473.691353
13461.987999
13485.988147
13493.087009
13493.089142
13473.395234
13450.551749
13472.726309
13473.276808
13492.250111
13492.765401
13474.254583
13503.640046
13503.692472
13514.010334
13475.362181
13474.462776
13475.407818
13523.643686
13565.252190
13542.385181
13541.898379
13541.755241
13576.096502
13541.246640
13575.581457
13505.377567
13504.841556
13494.662781
13494.705936
13526.533519
13517.417189
13463.350880
13458.913428
13462.074678
13499.129157
13462.996834
13487.072872
13488.752813
13473.151434
13502.863131
13503.434489
13473.806721
13490.541804
13491.636028
13484.124797
13483.342616
13487.397192
13465.801964
13471.617997
13492.017848
13493.115115
13485.068852
13476.222919
13517.241999
13517.217746
13488.394801
13500.410627
13474.357848
13491.688067
13492.204647
13510.601831
13530.248233
13512.301149
13551.290482
13498.574626
13549.733490
13493.495185
13506.611408
13506.570546
13493.468360
13549.078944
13446.115234
13474.626677
13492.315901
13465.379801
13477.009001
13464.825434
13504.455109
13503.974830
13557.961688
13558.022927
13500.094772
13504.555866
13504.001387
13462.549232
13492.363250
13491.835602
13491.426791
13490.953384
13457.284538
13503.206526
13503.234683
13494.912403
13468.695595
13474.117124
13485.781143
13473.872948
13470.042854
13469.380920
13501.466378
13501.491453
13458.594395
13484.563818
13467.981893
13512.162247
13471.217891
13461.028809
13469.601251
13471.570537
13457.052279
13470.453742
13459.549817
13471.939641
13461.064827
13483.124697
13503.229429
13503.746875
13486.139479
13464.021487
13484.350894
13468.034705
13468.052705
13459.332190
13469.690264
13469.967872
13472.747207
13459.371963
13448.724279
13486.520905
13544.151369
13544.770026
13495.616635
13501.826164
13502.339267
13484.675002
13491.705884
13492.178787
13458.641107
13514.047274
13458.260400
13470.800480
13458.833197
13514.362495
13471.902284
13458.998366
13471.205437
13515.926550
13515.901398
13449.201170
13447.898330
13467.915392
13474.716759
13491.679245
13492.179250
13476.036982
13480.261377
13480.735714
13503.511135
13503.526117
13547.346179
13484.805862
13556.128240
13484.309967
13480.833064
13468.329093
13467.796119
13457.855238
13457.457868
13466.792500
13470.461745
13469.077857
13469.861656
13447.942447
13458.185480
13501.825921
13456.873678
13448.062050
13458.970252
13512.615010
13469.718306
13458.804465
13469.543266
13492.417195
13492.418981
13493.285403
13493.302135
13448.096751
13459.039412
13432.970624
13432.422645
13435.922381
13458.763009
13473.806219
13487.624969
13476.064628
13463.309822
13425.826668
13435.886894
13446.431065
13458.275188
13476.617454
13458.518151
13474.199000
13475.525141
13502.815751
13451.794150
13477.797260
13453.093714
13452.588218
13426.423249
13467.604558
13449.360858
13496.358794
13459.322645
13459.280301
13474.305839
13571.879382
13549.931937
13446.942300
13446.792496
13446.811357
13459.559172
13458.244649
13460.975554
13446.668058
13474.314576
13457.887025
13469.507534
13449.215927
13459.444487
13462.928247
13446.263795
13447.646785
13468.286159
13443.902136
13467.634301
13444.000654
13485.559553
13447.500649
13447.817806
13471.312707
13434.019373
13486.381348
13468.857019
13467.941004
13458.055657
13456.293637
13445.915635
13456.940729
13444.620957
13471.230509
13471.865329
13434.689811
13446.655419
13476.985143
13473.918109
13473.415336
13460.300532
13460.316159
13448.726224
13447.556178
13472.352794
13514.458501
13475.915461
13474.659245
13487.116871
13499.455675
13470.607544
13488.189446
13576.570685
13505.575277
13505.560558
13535.334710
13519.823069
13521.204754
13505.675512
13519.794661
13520.645923
13505.160556
13517.725807
13473.851423
13474.601586
13512.759731
13458.306787
13501.399163
13471.661312
13461.016612
13514.617440
13447.060357
13446.941675
13500.683914
13482.474711
13446.939708
13457.374744
13457.355195
13432.210119
13459.179526
13458.827858
13499.493374
13480.815833
13432.083956
13456.482383
13433.520174
13458.946110
13444.973988
13444.277191
13472.751568
13468.335420
13467.730415
13485.518773
13485.585770
13458.815937
13459.531800
13470.205274
13460.309992
13501.273380
13511.708166
13493.019925
13486.495329
13485.748292
13457.799311
13461.151638
13471.476376
13501.594325
13501.280065
13470.362245
13482.965159
13455.061311
13456.178615
13482.124896
13456.393818
13455.726964
13484.151794
13449.159314
13459.971851
13434.028619
13445.221722
13472.439629
13471.860558
13435.316912
13488.834523
13469.579585
13447.657282
13471.394758
13447.933878
13434.093916
13456.563101
13487.684698
13469.120662
13486.214794
13468.156548
13474.441558
13457.513295
13484.883470
13487.601419
13469.520287
13502.964928
13474.478053
13501.771220
13473.875078
13460.848999
13459.629147
13515.634204
13450.986736
13451.447074
13476.404911
13464.195554
13474.175657
13475.888951
13508.002146
13485.423017
13470.398042
13487.149489
13498.784062
13457.983947
13481.424182
13459.660420
13480.855736
13471.773269
13470.369023
13468.111959
13457.541327
13481.019581
13485.548648
13447.569894
13502.675430
13485.786886
13448.890114
13460.992462
13470.477028
13480.539973
13460.496428
13482.627433
13500.901403
13472.024171
13472.301348
13449.628830
13472.960405
13459.608439
13482.229797
13499.924127
13471.151025
13481.923746
13448.759199
13482.553208
13471.593689
13471.626134
13458.503156
13470.666436
13460.071519
13506.536772
13506.508392
13464.850349
13516.007970
13515.965262
13503.699959
13503.184202
13488.223914
13515.106838
13515.120264
13536.829601
13512.272219
13478.093083
13515.105724
13487.546139
13473.027987
13473.874413
13475.820737
13488.995043
13475.147556
13487.776002
13579.064791
13547.177021
13577.797857
13545.987674
13510.510951
13509.423653
13513.770426
13513.769388
13529.039332
13513.784070
13513.785228
13529.111615
13529.070246
13513.784888
13491.711312
13491.237262
13487.960930
13474.231458
13477.696576
13476.392818
13474.709443
13475.416892
13471.240512
13470.599144
13487.667878
13470.063013
13459.544725
13500.127146
13470.579414
13470.046586
13460.002442
13487.289436
13476.199264
13457.788570
13467.725154
13458.514001
13481.020774
13470.538571
13470.097047
13447.820331
13471.372401
13484.130437
13448.343440
13471.983383
13461.594635
13473.290922
13471.145981
13480.938732
13469.971699
13448.483477
13472.288483
13488.934798
13437.627859
13469.967590
13477.992409
13485.499323
13459.999183
13459.942743
13476.224219
13446.621665
13444.660950
13474.458504
13477.189272
13497.410391
13445.782229
13446.377930
13446.961329
13422.414323
13456.228569
13433.194910
13447.881541
13457.644178
13445.178181
13616.227457
13603.942155
13490.313867
13480.591275
13463.075423
13462.433532
13474.096565
13473.292339
13462.434918
13473.430970
13472.622630
13451.409880
13487.192425
13461.481527
13457.387549
13461.509011
13486.809525
13460.850282
13486.317637
13473.116035
13514.607810
13461.729389
13495.549037
13513.378024
13483.752224
13485.121190
13483.854870
13474.579223
13462.473183
13486.529305
13473.233938
13484.482937
13486.686569
13494.131616
13484.453661
13472.268573
13472.297906
13484.406663
13486.701639
13498.581124
13486.834944
13496.082139
13513.912258
13484.289347
13473.832636
13485.635406
13498.595322
13484.401779
13487.296716
13494.724951
13485.000355
13472.895597
13445.263714
13468.924281
13458.541699
13445.219188
13469.602627
13459.830840
13462.054728
13485.632688
13445.306103
13457.482727
13457.929117
13457.024537
13446.766475
13434.640429
13445.248416
13444.634712
13444.646118
13448.755144
13461.509651
13460.552964
13478.094611
13459.859032
13447.809142
13449.189965
13464.425902
13450.097873
13502.986858
13460.385310
13483.200988
13475.295902
13541.911138
13491.291876
13493.258802
13490.525606
13508.809655
13433.322431
13432.666831
13446.236989
13433.208590
13434.007196
13433.754051
13421.842676
13456.751546
13445.715963
13421.832841
13445.635732
13420.543836
13456.238064
13422.446883
13445.638514
13421.853955
13421.203743
13445.691145
13433.513987
13433.371749
13432.737323
13432.575482
13432.678201
13433.849001
13433.186856
13433.092285
13434.040278
13433.150283
13433.057841
13432.352636
13432.322441
13432.999250
13420.302898
13420.958625
13421.088890
13444.879399
13444.749453
13421.041125
13422.319869
13421.717087
13445.649249
13445.571727
13445.727402
13433.700109
13433.712999
13465.193359
13485.757689
13512.837059
13476.282173
13463.052094
13469.236242
13474.248467
13496.349180
13469.193412
13435.513424
13475.220360
13435.737955
13435.692961
13458.927564
13474.828552
13496.404691
13458.946152
13477.862468
13475.549234
13470.109911
13447.464345
13459.301072
13446.967183
13470.749639
13486.999048
13468.756033
13470.620994
13470.377037
13485.933497
13508.049062
13499.391516
13488.438496
13447.189497
13468.627980
13485.861146
13447.641750
13447.476726
13458.691840
13489.339630
13471.791501
13500.415559
13469.685311
13460.437687
13459.128144
13459.042567
13458.484561
13471.663684
13481.648912
13482.304067
13483.979233
13456.256296
13456.254491
13473.365556
13501.208366
13473.335581
13526.666844
13513.875261
13487.103087
13477.032390
13548.552895
13486.391625
13485.622248
13465.349808
13480.046550
13460.138741
13469.667930
13472.199787
13471.610535
13472.166744
13471.577575
13471.835637
13482.456141
13472.856722
13471.125468
13499.982935
13482.930833
13485.744797
13468.781988
13497.791818
13495.606967
13469.986147
13470.182725
13501.461168
13471.710132
13446.850608
13514.687096
13471.555329
13472.079414
13471.267963
13473.192092
13470.100766
13493.653011
13494.954608
13497.054223
13483.513110
13480.788896
13459.392530
13459.769390
13483.345671
13470.226541
13496.853805
13483.269230
13484.971399
13458.465445
13483.666261
13484.727429
13448.663929
13471.519425
13469.799237
13471.645382
13459.468691
13499.192996
13471.061319
13482.753389
13482.240615
13481.170470
13498.163629
13470.005607
13481.943113
13499.594230
13471.389106
13474.442980
13470.463681
13486.523210
13456.810702
13457.379707
13456.811325
13494.925905
13486.090473
13485.884918
13497.831580
13498.908303
13474.807711
13502.039362
13466.118609
13452.905204
13456.352741
13459.699394
13459.045902
13457.879497
13446.991032
13447.033811
13465.236708
13473.893985
13475.948879
13436.686336
13436.667722
13512.965938
13467.036687
13453.371307
13494.414046
13494.457474
13473.370142
13472.893864
13485.501586
13503.705654
13503.722277
13470.834295
13460.910458
13504.961040
13504.978335
13563.728510
13459.193086
13489.349422
13457.906823
13481.235289
13446.920183
13446.900378
13457.796931
13457.008675
13463.557384
13462.949291
13457.814218
13468.177138
13444.638688
13444.111873
13468.610683
13472.444358
13436.620751
13436.718418
13467.614258
13449.990471
13449.401997
13474.972424
13478.471042
13476.105598
13459.331090
13474.928995
13469.313426
13463.634857
13463.641986
13488.232849
13487.086086
13462.393501
13490.586956
13490.127424
13491.298053
13490.824963
13513.998839
13473.613012
13462.029526
13473.754981
13482.128657
13502.692320
13502.135455
13463.539403
13468.865521
13472.488945
13472.500071
13472.584655
13527.535313
13527.531401
13515.705047
13515.730295
13463.752630
13491.614096
13491.085951
13498.641647
13518.141858
13505.691594
13518.734869
13505.649170
13522.508377
13469.277811
13458.847960
13486.551695
13511.726671
13458.570539
13468.366016
13475.346060
13462.092777
13475.197229
13473.623228
13477.440419
13458.140506
13448.843187
13448.818694
13485.603741
13489.212023
13473.962431
13503.021691
13474.526379
13526.849137
13515.695476
13448.806319
13448.771765
13473.548652
13472.417451
13472.422525
13486.740464
13471.888686
13475.403978
13475.890917
13499.094593
13488.445247
13475.265409
13505.460668
13506.661142
13488.042108
13499.311508
13481.217991
13470.964598
13469.108170
13471.064963
13470.909048
13460.800516
13469.949499
13481.036536
13474.582219
13492.591974
13493.711125
13486.827240
13485.102320
13503.611285
13474.008413
13473.974786
13498.356559
13485.750188
13504.743597
13470.476138
13504.779231
13504.744668
13480.748462
13464.436258
13464.875966
13485.914248
13502.239171
13503.333693
13496.432320
13503.852730
13518.238355
13517.584997
13534.480694
13504.972212
13518.240767
13517.599404
13498.070171
13500.675904
13488.038526
13488.073072
13498.747633
13458.000618
13458.120584
13457.359053
13457.942321
13456.704282
13455.233955
13455.260987
13472.632664
13558.936935
13476.415726
13463.129738
13464.097987
13485.631244
13474.116255
13473.484685
13474.354223
13489.665100
13474.410468
13461.992060
13462.479480
13483.999045
13460.484687
13470.427897
13504.990549
13475.193426
13476.721128
13493.096357
13494.236292
13485.607213
13440.495007
13472.982115
13493.533179
13462.186371
13493.574920
13473.813804
13486.956104
13476.899539
13493.795569
13494.949936
13486.304129
13473.716887
13492.731522
13493.353691
13486.389823
13494.363162
13462.967790
13494.419801
13474.591998
13487.752324
13446.655344
13447.857039
13475.015855
13459.124948
13485.398208
13487.087078
13464.922366
13492.945301
13465.475906
13474.833321
13471.726757
13446.369147
13460.438690
13500.316690
13470.858584
13456.598495
13457.857317
13493.701564
13483.326514
13485.829400
13446.870137
13448.222606
13471.480994
13526.446683
13470.068643
13469.386150
13459.484644
13539.847560
13483.666656
13496.782331
13509.385088
13530.690886
13509.451226
13529.548446
13552.634809
13552.001583
13509.997133
13510.077118
13560.356641
13520.484767
13509.618500
13509.617101
13512.074750
13460.184171
13461.410525
13472.584651
13471.953856
13459.590907
13447.754425
13445.417457
13435.024384
13445.981791
13468.828926
13448.006396
13460.029209
13444.771351
13434.279115
13444.887738
13446.164929
13444.119082
13445.920598
13434.575597
13435.089068
13434.928918
13434.873339
13482.436573
13445.497001
13446.127752
13444.230768
13434.184591
13446.775929
13435.192046
13435.027114
13435.129309
13424.850702
13436.391607
13461.785767
13462.925054
13473.436722
13450.738831
13462.333110
13472.833249
13446.620333
13445.745272
13451.127584
13455.926206
13455.801319
13445.187693
13435.842767
13445.292583
13435.810453
13483.836378
13435.037837
13473.861493
13435.648173
13433.704701
13435.811427
13425.126119
13435.810129
13426.354836
13447.053919
13411.451381
13447.342738
13433.469584
13434.791397
13435.133389
13433.640632
13447.459435
13434.274714
13434.306212
13434.647970
13433.299176
13422.873986
13422.844171
13433.470000
13433.435347
13433.440051
13432.910192
13424.171138
13424.117556
13433.954548
13432.560307
13433.667246
13433.395208
13432.745615
13456.895632
13433.505256
13424.508695
13424.484769
13432.857745
13432.825396
13457.716136
13422.130217
13456.055482
13422.467042
13413.306143
13423.799757
13423.462627
13434.859730
13435.521437
13412.482699
13412.697724
13447.321411
13450.366287
13447.272858
13450.339685
13446.195085
13421.855517
13462.251585
13464.075797
13462.244620
13458.302315
13446.005230
13445.991507
13446.323253
13462.546760
13446.573938
13447.242391
13437.880410
13437.711599
13459.552730
13447.763856
13449.432868
13448.879423
13490.585306
13489.408088
13495.088261
13506.900461
13503.269961
13505.544225
13488.849342
13478.514011
13490.930430
13502.500543
13473.149766
13460.432595
13432.598525
13460.395600
13434.518565
13460.995080
13452.358685
13451.778229
13448.999447
13448.442018
13449.066168
13424.038213
13423.622878
13424.231962
13446.751741
13473.292251
13435.739735
13436.444151
13435.286305
13492.908309
13492.838405
13492.039414
13495.924255
13459.049017
13460.612532
13477.807659
13477.226741
13477.770049
13494.948367
13493.717790
13505.457212
13423.457165
13444.843960
13460.392243
13458.518162
13447.745085
13448.772431
13446.424754
13445.094009
13447.175385
13446.904875
13475.722727
13435.411009
13436.916842
13448.657210
13476.228140
13449.257180
13447.230090
13446.564089
13446.495651
13437.256338
13433.553010
13434.181822
13445.300635
13423.641093
13446.426058
13433.566427
13444.710942
13434.392207
13436.319176
13444.588083
13436.533039
13435.722250
13437.033568
13448.657640
13460.565075
13460.175499
13471.195496
13483.267696
13456.447825
13449.643315
13471.371199
13456.588447
13448.823966
13471.818150
13434.877335
13470.943104
13445.792446
13488.367911
13445.982968
13456.553738
13457.216152
13447.322903
13446.256603
13445.637344
13458.822984
13490.666045
13435.127482
13436.443895
13498.363452
13502.969250
13490.916890
13450.473459
13450.635410
13479.626530
13501.825479
13502.502960
13502.570624
13495.229390
13492.170860
13489.111666
13503.714402
13516.206302
13500.652544
13507.483160
13480.144179
13498.718154
13505.460471
13486.720096
13459.788118
13460.710823
13457.006598
13470.208615
13467.882861
13480.146189
13511.905195
13459.458245
13470.435015
13470.163806
13458.243290
13472.673743
13507.553439
13492.549797
13498.989709
13467.156665
13449.481214
13465.491842
13459.405467
13486.602590
13486.901002
13477.735295
13469.299900
13446.411452
13497.925903
13433.991942
13445.707209
13433.512233
13423.475550
13445.893452
13446.178668
13461.146239
13449.212735
13460.854070
13445.704291
13434.652025
13463.172644
13478.596476
13424.086814
13472.485068
13472.238922
13484.051254
13495.247025
13506.241275
13482.796608
13488.194120
13470.674436
13460.547498
13461.445726
13496.995813
13500.612536
13459.665608
13531.109891
13473.370433
13459.895822
13483.039538
13458.841030
13500.085372
13459.596057
13448.127570
13483.055705
13487.239232
13483.035480
13476.374560
13509.494270
13471.170857
13434.219813
13470.148270
13434.321135
13470.183462
13498.383209
13486.936618
13488.716429
13481.413540
13472.744411
13434.778338
13456.977238
13433.215312
13446.605327
13447.109859
13456.462314
13479.728114
13480.272407
13443.389168
13443.940799
13476.085118
13476.908179
13478.554863
13462.514903
13462.942047
13463.719050
13462.962398
13491.255224
13462.968261
13473.812523
13486.908059
13459.904750
13459.304300
13462.097108
13463.790895
13462.027074
13477.977573
13480.665782
13508.148958
13492.626882
13460.722554
13461.176204
13502.836708
13449.476285
13471.520558
13460.024037
13482.627998
13460.439564
13471.770714
13513.321384
13471.831112
13470.861821
13485.670600
13471.743108
13472.185302
13460.604006
13472.394634
13471.447053
13486.192003
13472.630525
13471.823510
13472.750153
13447.376752
13457.844650
13485.552454
13458.214320
13458.159553
13461.205648
13477.717010
13460.313768
13451.345571
13450.940953
13471.648707
13471.149004
13485.284740
13485.313284
13447.852578
13460.604456
13449.480689
13447.343800
13462.017515
13470.688301
13456.719986
13461.839119
13461.557902
13436.756737
13461.350529
13477.301517
13458.685900
13451.200685
13450.315487
13446.757234
13449.827162
13461.415136
13456.101597
13461.229283
13487.682637
13445.107522
13445.172654
13458.377391
13468.838044
13447.892025
13448.453641
13528.519435
13532.312494
13503.424693
13503.451492
13517.869632
13528.504838
13500.662973
13474.989659
13436.251468
13472.374630
13449.578770
13472.656220
13488.538131
13435.789143
13472.017299
13460.671383
13436.689098
13472.335179
13460.979429
13448.405550
13460.910816
13449.836138
13476.129954
13447.942522
13448.839526
13471.307708
13449.331403
13449.404384
13493.823344
13459.437604
13471.274796
13493.658457
13470.435501
13471.674408
13471.406725
13483.117278
13473.329638
13487.247300
13498.780983
13480.712416
13506.063351
13499.445965
13474.453122
13452.384632
13474.778351
13502.990510
13505.735433
13534.516360
13510.528576
13522.709459
13490.851392
13488.761596
13488.803341
13461.687410
13449.263058
13450.908698
13476.389815
13474.229936
13447.466858
13479.452419
13475.041276
13475.787474
13479.055769
13475.390629
13481.224553
13477.947085
13509.956576
13510.838089
13488.364696
13476.346931
13448.994231
13447.312969
13446.390073
13447.324221
13474.946777
13461.542653
13447.845323
13448.740482
13439.494799
13472.432992
13450.967963
13472.841790
13503.644119
13502.131964
13469.148563
13470.395673
13499.740949
13470.724382
13447.820079
13498.023257
13489.920638
13472.252984
13488.959187
13471.981867
13450.470899
13464.128397
13449.452102
13476.508032
13449.922021
13490.400543
13488.659418
13488.524571
13462.628516
13461.993615
13466.109148
13476.663897
13466.040196
13467.093473
13459.213433
13459.803188
13492.114473
13472.483239
13462.839186
13473.371218
13471.819473
13462.200300
13472.712304
13475.820285
13450.060523
13448.549779
13454.225872
13450.316671
13450.980589
13478.183874
13563.270170
13510.043613
13526.600338
13525.586443
13532.325352
13530.068783
13472.081561
13496.374821
13472.482141
13472.743963
13514.009862
13461.244098
13496.136886
13513.075521
13471.821315
13470.631012
13497.913214
13483.208382
13495.904972
13474.476175
13474.309460
13441.942155
13474.391185
13483.771385
13497.720649
13484.232117
13536.694026
13538.018732
13542.209408
13497.142101
13472.568195
13485.130528
13484.759164
13483.767605
13473.865889
13489.313978
13475.562026
13511.973160
13532.140044
13513.687662
13524.809236
13521.511390
13540.361175
13551.041861
13502.458076
13516.071280
13526.706561
13524.096831
13526.951927
13529.709264
13545.739217
13527.327771
13530.766583
13536.247667
13527.339430
13555.844899
13538.006202
13528.077570
13523.227479
13542.823428
13567.127862
13524.969753
13432.255312
13431.896377
13458.638594
13435.037639
13421.946838
13432.901161
13459.383852
13435.664204
13423.193037
13434.514009
13435.870895
13436.069276
13422.563730
13436.620830
13437.427836
13446.599024
13446.675528
13446.861682
13445.878455
13446.390730
13476.733840
13475.057829
13464.968007
13473.281139
13483.065314
13470.507884
13488.508489
13483.062193
13483.601913
13460.252842
13459.493783
13446.316521
13470.721441
13447.441913
13446.259145
13458.216116
13447.545566
13447.774291
13456.124854
13455.535468
13456.016685
13456.496918
13456.171661
13456.180784
13457.022356
13458.532783
13456.327876
13446.196838
13467.907309
13456.296215
13471.058072
13470.372798
13459.418871
13470.914635
13459.790093
13459.265987
13481.827743
13459.825800
13470.375045
13459.356532
13459.647495
13486.238458
13476.134116
13424.118957
13478.187634
13492.453247
13466.800924
13490.083302
13479.451550
13488.775602
13547.926579
13479.705264
13464.417818
13463.856227
13462.076947
13473.324610
13451.922268
13474.406960
13452.842704
13474.206016
13462.006803
13502.744196
13495.723799
13495.177086
13474.326417
13478.437618
13496.213494
13495.652964
13478.016174
13508.742830
13508.333428
13524.951080
13507.007950
13521.088624
13508.710844
13508.818011
13446.384366
13445.780624
13447.630981
13458.088299
13436.760058
13479.207233
13484.343073
13473.784792
13472.786677
13472.396228
13491.393108
13472.597839
13473.400244
13471.775031
13491.636764
13482.825363
13472.761575
13460.426682
13472.549061
13470.286993
13474.567797
13463.372992
13508.112765
13484.289661
13473.247555
13473.108198
13473.867241
13461.563683
13505.454672
13471.988834
13473.295552
13505.659914
13472.310482
13461.722768
13460.569305
13472.376268
13461.098311
13471.730514
13450.036718
13501.087070
13514.700132
13525.320428
13515.497763
13512.642707
13513.340788
13568.142118
13566.468262
13561.897053
13521.512857
13541.180149
13459.518944
13447.317015
13461.916200
13473.624534
13473.030279
13474.962385
13463.296831
13473.241239
13484.409147
13485.772093
13514.669056
13490.879580
13475.588841
13486.283973
13503.367745
13464.484110
13484.407679
13484.501112
13474.132458
13473.198034
13461.956345
13472.850660
13496.241093
13475.485094
13477.550364
13436.237935
13446.852335
13448.934124
13459.976973
13472.066282
13446.203851
13477.201149
13449.424516
13470.783004
13461.125007
13451.804038
13472.060213
13462.893647
13461.795060
13486.656925
13462.634087
13471.887912
13461.772049
13512.604677
13494.228875
13459.386918
13487.684789
13501.815520
13502.965448
13503.953547
13501.140638
13486.690068
13486.571280
13445.620211
13455.050595
13456.830496
13455.733588
13445.684593
13456.436019
13456.418316
13455.635643
13444.066748
13467.218383
13454.016950
13454.574323
13444.014538
13456.132250
13447.311323
13446.898827
13445.642829
13448.263554
13447.298312
13436.243190
13444.848723
13436.611585
13472.417809
13458.773647
13469.864305
13447.430175
13446.481972
13456.437404
13433.217399
13444.195621
13445.969466
13455.023205
13466.464831
13456.808791
13458.218083
13445.639786
13484.423912
13481.099736
13456.041545
13458.027825
13472.235387
13471.154646
13471.347896
13468.598800
13467.459197
13457.033621
13447.803497
13446.974639
13470.349947
13474.580696
13506.601142
13438.618089
13480.746281
13485.596376
13478.504865
13446.097008
13448.026085
13483.018653
13446.780152
13492.289507
13477.531986
13437.404449
13437.838061
13446.471671
13481.133550
13476.736372
13474.280241
13433.498888
13434.822524
13473.666895
13434.042665
13433.171233
13474.385715
13475.955151
13435.868639
13436.302616
13479.404176
13475.624394
13458.591108
13460.262438
13487.738163
13475.363575
13444.646036
13445.558203
13436.121240
13469.326381
13446.637565
13444.671998
13455.432158
13444.180706
13445.478767
13434.889621
13469.202472
13445.402738
13449.744133
13435.750105
13436.616875
13460.281550
13436.304593
13445.005259
13469.155722
13445.566197
13445.819938
13485.906013
13445.829944
13478.559901
13446.110197
13446.548682
13445.547195
13457.950555
13486.310409
13435.249181
13460.111089
13435.592397
13448.608136
13472.045671
13460.437163
13475.322501
13437.800819
13424.715202
13435.444487
13475.283337
13434.821157
13434.099941
13434.897551
13447.907924
13433.806671
13437.814167
13433.720821
13423.956852
13448.277321
13435.138148
13432.557413
13434.118404
13447.703538
13459.123700
13459.154046
13485.908713
13447.293245
13499.266077
13448.437827
13485.133241
13459.933561
13458.727045
13460.493396
13460.661459
13461.204592
13486.546946
13487.337409
13449.504317
13445.905973
13447.046820
13481.619944
13477.738743
13458.496555
13457.374281
13458.602451
13435.250668
13433.602266
13457.399851
13496.070546
13461.428188
13462.207075
13474.281872
13448.071143
13447.556137
13445.351730
13445.901535
13446.229651
13446.277281
13459.451804
13447.839250
13460.611014
13460.057621
13445.890323
13445.758050
13445.917235
13447.031381
13447.057549
13501.162940
13475.717045
13457.072293
13461.205953
13433.175713
13432.639281
13462.359893
13434.456888
13437.079452
13460.196881
13460.753515
13470.231917
13438.410603
13465.092569
13449.550155
13449.039140
13435.467632
13469.945987
13457.441415
13485.499370
13447.854649
13448.620900
13458.403494
13447.434162
13458.599556
13445.299978
13457.695269
13458.154626
13486.078906
13487.227176
13483.371821
13446.186229
13445.493840
13446.270915
13435.169222
13457.140453
13456.472560
13423.169866
13422.086010
13461.460805
13411.910049
13411.234102
13455.760163
13455.788571
13461.431445
13445.711147
13446.476872
13514.452830
13475.392557
13475.291988
13475.305072
13469.156931
13459.836615
13460.521486
13447.669998
13489.801716
13488.711842
13488.538356
13500.140581
13507.933894
13510.548383
13467.117209
13466.697834
13459.507509
13470.715631
13469.528670
13460.208550
13470.841684
13471.968617
13471.577215
13459.098738
13460.369016
13512.272376
13459.668979
13489.494618
13476.815206
13446.120982
13477.869496
13485.342585
13489.920963
13489.744621
13478.396345
13459.202261
13461.223128
13550.386150
13500.378136
13500.500751
13497.183784
13497.224195
13487.668355
13474.210449
13477.278868
13479.611965
13468.372576
13527.440167
13527.439657
13490.863308
13452.406134
13479.401618
13452.380904
13470.559342
13470.477875
13463.650773
13515.562431
13473.651589
13462.781269
13462.675552
13476.492347
13446.848362
13470.101046
13450.683194
13465.507984
13487.798862
13495.349734
13489.751777
13473.880507
13472.738684
13473.282169
13472.144419
13473.229904
13472.168556
13451.001424
13479.105545
13501.092292
13462.163178
13440.010627
13435.788441
13470.967295
13459.976231
13435.625786
13448.055226
13458.881390
13459.445741
13463.265133
13458.856307
13459.902250
13458.136106
13471.046989
13468.847167
13499.834002
13455.880264
13444.908884
13457.921751
13457.944165
13461.786250
13443.222856
13457.224288
13506.427467
13464.752886
13506.385057
13493.367441
13462.990858
13493.367192
13558.519042
13537.762546
13496.475911
13496.501739
13488.499063
13489.786758
13489.294041
13491.369555
13516.330912
13516.346393
13546.289787
13545.713150
13568.191290
13539.073867
13527.425189
13527.466681
13527.424749
13527.481392
13545.754282
13567.616407
13545.732283
13527.481651
13527.465975
13480.536019
13493.780166
13493.338858
13504.027699
13503.014307
13514.790158
13527.083501
13421.201894
13422.556813
13446.894182
13446.870892
13458.482176
13433.070174
13444.483948
13433.907773
13433.230271
13433.739249
13469.834316
13470.587781
13505.053038
13518.820416
13505.055240
13517.643666
13475.785008
13513.131989
13473.867341
13470.858644
13459.762223
13472.069751
13461.668292
13485.551269
13498.634810
13510.797815
13477.427645
13463.606485
13481.742143
13482.216353
13462.523347
13493.600223
13493.627444
13452.249074
13486.368229
13473.283756
13485.863509
13492.678516
13493.841477
13461.635175
13493.365398
13493.367240
13485.630195
13476.679178
13491.841426
13492.975385
13458.244958
13487.139544
13474.043624
13462.395432
13493.584162
13493.584088
13473.667694
13486.292872
13476.323177
13503.144351
13491.992500
13493.124900
13539.346552
13560.960737
13423.151721
13421.321077
13433.123512
13422.695510
13432.423467
13434.196641
13434.768573
13447.001370
13472.808764
13505.066562
13464.818497
13463.677763
13411.057650
13432.646706
13473.943635
13434.051911
13433.876181
13432.590016
13434.120794
13434.042666
13434.143246
13433.301791
13473.446606
13460.185018
13459.699635
13462.827660
13462.838972
13411.795119
13455.494251
13432.641729
13473.253669
13432.764870
13433.863574
13411.325129
13422.529343
13421.805144
13445.841352
13445.771212
13472.555277
13432.540236
13433.955427
13473.417175
13462.841450
13488.507587
13489.663076
13490.830576
13491.464030
13457.187673
13446.746842
13422.898442
13422.999548
13445.311801
13444.268408
13443.295764
13443.913537
13438.014450
13424.202739
13447.894448
13437.978207
13422.902587
13413.603067
13433.330052
13433.978052
13436.751742
13447.392218
13437.328396
13414.245765
13448.681131
13458.317508
13423.480722
13432.720931
13457.900232
13435.031441
13458.250979
13434.875800
13473.364563
13444.382570
13459.671971
13445.700958
13473.134003
13515.037411
13424.730654
13433.991238
13458.485814
13423.330632
13434.082479
13475.644522
13423.349297
13464.315556
13423.370204
13434.817345
13486.021182
13449.339127
13475.335458
13461.176267
13449.502306
13474.731285
13427.711103
13448.994585
13499.809796
13435.643551
13433.626153
13449.179825
13458.427025
13439.801330
13473.035165
13412.472914
13411.907357
13449.031487
13438.480939
13491.309327
13460.233838
13464.300343
13446.565363
13447.063190
13451.364289
13464.935368
13433.800448
13434.250749
13422.703331
13424.696280
13424.792184
13410.028230
13411.288902
13461.319696
13462.904692
13480.301827
13491.861880
13477.051961
13461.824834
13461.842836
13434.135261
13434.181237
13499.765911
13450.323250
13450.385637
13437.688251
13438.278291
13488.119073
13458.234799
13459.480134
13449.307295
13514.408898
13527.444636
13515.989993
13489.840590
13518.105607
13477.179945
13478.584870
13487.581657
13488.944360
13489.800381
13461.095880
13463.067064
13460.407805
13464.447857
13463.017473
13451.369773
13463.591556
13475.127287
13476.454240
13475.628397
13478.927695
13461.891372
13462.811239
13482.360514
13460.750367
13488.949054
13458.259439
13489.916089
13491.828102
13478.473025
13463.119455
13474.357501
13519.414983
13500.589436
13500.027664
13475.311514
13583.930215
13446.805894
13446.300190
13459.561020
13445.641790
13448.526123
13445.594911
13435.333770
13446.669754
13446.624129
13460.668594
13448.027808
13435.378744
13436.826973
13475.640514
13448.228317
13437.772671
13426.499842
13460.269877
13449.271471
13447.868460
13449.854463
13462.247180
13463.383129
13434.226010
13460.978145
13435.538803
13473.897127
13459.906764
13460.499779
13448.723984
13434.294691
13448.272684
13434.432434
13433.609091
13462.587531
13463.699338
13449.305822
13476.151400
13436.482368
13437.211798
13448.310221
13448.330663
13460.678932
13461.318135
13471.154059
13461.118351
13461.773438
13461.679778
13457.961038
13459.857588
13472.934833
13473.568527
13462.268326
13473.510257
13458.948707
13461.606490
13462.972681
13461.651917
13488.212621
13487.758362
13412.542886
13437.198420
13472.819007
13456.536025
13455.701610
13434.684865
13432.952253
13432.470594
13433.254356
13421.844506
13435.113787
13423.156882
13457.690696
13434.101373
13421.180970
13458.591884
13473.778314
13473.829469
13458.573427
13436.863589
13435.917413
13434.317517
13447.293934
13436.403848
13485.742150
13435.652839
13458.638303
13472.571216
13463.876310
13472.442091
13504.546787
13445.901743
13462.286390
13459.901206
13460.686453
13453.971514
13435.609478
13447.760037
13436.078094
13433.408666
13438.149179
13449.219277
13448.930698
13495.981358
13495.938656
13503.368382
13537.079539
13436.136369
13447.313739
13487.085609
13463.646279
13451.980953
13438.303264
13474.218150
13459.717767
13447.634036
13458.659761
13459.405584
13436.451369
13447.674797
13487.364512
13483.532454
13498.833218
13487.660009
13473.921740
13469.328737
13460.911346
13490.027297
13525.736795
13458.905859
13449.018975
13458.617169
13459.532849
13446.434111
13459.466325
13448.895011
13458.836956
13486.850881
13446.577170
13457.850925
13470.642205
13459.977138
13456.261943
13446.134470
13459.838839
13447.292326
13471.275075
13470.222429
13435.233615
13435.189408
13438.611051
13438.460198
13472.309419
13473.835135
13449.191791
13471.623458
13448.826728
13448.631721
13457.553147
13484.238247
13447.565951
13448.126294
13423.646002
13433.604243
13434.914255
13460.062863
13435.738910
13435.417799
13458.888218
13436.228101
13459.091046
13446.014718
13460.085407
13458.928581
13486.929096
13459.151926
13469.382434
13469.356430
13511.860024
13477.525801
13422.665739
13421.980303
13422.548418
13435.644377
13448.186119
13423.807232
13437.264429
13476.057278
13487.429084
13435.020427
13486.256663
13460.659618
13462.668735
13465.215740
13447.902847
13454.972984
13455.532136
13444.945619
13470.154696
13474.503116
13423.830540
13438.866376
13475.623480
13423.709433
13448.749104
13463.477178
13427.224821
13458.127121
13483.702587
13458.018871
13458.635783
13446.231313
13498.619997
13503.109145
13456.341386
13456.977562
13469.126460
13469.097950
13456.900884
13447.452641
13443.603195
13434.300256
13444.295641
13456.784499
13458.307297
13434.383236
13448.205358
13447.981820
13447.366099
13474.012649
13447.306785
13458.108638
13433.954476
13447.610707
13483.864816
13445.683994
13471.548835
13444.297125
13444.555026
13444.371604
13445.549726
13486.718375
13491.359177
13476.140582
13486.896727
13470.454166
13530.175920
13522.438997
13511.256865
13514.520938
13471.129386
13469.983381
13469.904891
13470.560865
13464.139804
13454.103312
13449.297953
13459.938831
13499.958857
13458.254384
13459.248902
13447.901744
13497.346741
13500.345021
13449.166465
13448.472204
13425.490874
13436.708398
13475.671392
13471.954337
13435.408022
13436.314033
13475.180856
13434.442318
13465.150423
13454.521601
13480.708671
13465.342333
13464.217874
13474.285278
13434.979927
13434.660106
13433.713265
13457.506005
13434.701452
13424.023148
13433.387754
13434.784695
13445.956237
13485.005849
13444.659037
13459.566975
13458.927761
13425.190255
13459.761289
13426.064755
13459.909571
13459.303433
13425.627698
13421.862139
13421.124059
13401.991412
13402.100150
13402.128097
13411.477229
13435.930879
13437.155470
13423.466063
13412.844768
13421.244927
13420.588829
13435.072730
13435.129552
13466.568654
13444.915694
13434.727524
13445.686897
13444.385208
13459.141968
13446.099149
13444.218827
13435.401220
13462.217046
13456.567012
13446.236111
13445.531087
13462.725237
13490.059665
13489.010048
13461.702246
13447.150835
13422.038767
13445.895646
13411.426062
13433.272295
13470.648231
13435.638137
13435.571447
13434.878879
13472.626788
13447.683267
13466.978354
13467.413684
13473.758162
13458.570762
13461.628034
13473.874367
13459.836222
13472.369342
13462.319148
13436.171617
13435.300960
13448.443154
13462.696627
13433.484741
13446.304914
13445.165733
13432.921041
13444.514378
13456.651571
13444.474981
13422.201651
13436.221582
13434.139478
13448.382799
13433.453413
13432.123804
13448.095673
13463.300956
13473.086029
13490.201606
13447.279693
13458.058129
13445.621979
13446.542843
13445.692006
13446.929923
13437.030648
13432.494034
13421.312341
13434.246235
13432.725582
13434.013348
13432.699948
13458.043511
13421.744146
13421.218341
13446.931727
13420.431431
13461.734551
13432.727072
13434.222002
13473.972617
13434.128037
13411.303351
13420.678143
13422.310793
13421.170437
13454.583564
13453.299263
13480.553373
13476.635650
13514.360837
13504.282983
13474.250659
13475.415752
13437.172420
13464.331463
13435.979702
13472.239658
13453.877466
13472.596568
13463.188644
13464.735831
13471.870130
13461.183272
13478.003498
13492.667510
13478.145929
13500.267736
13498.526382
13485.442208
13466.213824
13479.464612
13474.335841
13504.801098
13498.623714
13485.002341
13485.200143
13445.696316
13447.063882
13471.460869
13491.417875
13486.992678
13478.785092
13509.720482
13466.790148
13480.021165
13502.807941
13513.929136
13514.011131
13483.221902
13479.070709
13435.804287
13435.747506
13448.445019
13424.403568
13437.081165
13476.133608
13436.185479
13445.931868
13445.842907
13435.103209
13475.350225
13433.508141
13475.719417
13462.393629
13487.772816
13464.369444
13462.556950
13464.111472
13459.520431
13491.148294
13463.593742
13464.802432
13462.305479
13437.533241
13452.684068
13458.629266
13462.420358
13476.835575
13466.377270
13448.611232
13478.520302
13424.600660
13425.251141
13466.487162
13463.441317
13425.087019
13436.650948
13436.346024
13438.941259
13422.668021
13437.028955
13437.195943
13435.410188
13452.282095
13465.249490
13473.304116
13464.603897
13491.579230
13436.797675
13435.428071
13438.428639
13439.843300
13451.390318
13463.650569
13475.993428
13494.080374
13475.211838
13493.521272
13463.507681
13475.247881
13448.599635
13446.445681
13448.862656
13448.878478
13459.319576
13449.025103
13486.982254
13483.265757
13448.504343
13448.051940
13433.535809
13446.371404
13446.284494
13447.304359
13435.319691
13469.725015
13459.618446
13434.214745
13445.337880
13447.467021
13446.050535
13433.455071
13486.199643
13444.754199
13434.802013
13469.169811
13469.750293
13458.810840
13446.744813
13456.071389
13445.241091
13471.802899
13470.128230
13445.989588
13449.397744
13481.574242
13477.190435
13461.374451
13461.937054
13460.125497
13497.288155
13488.656294
13478.360492
13512.653356
13449.527252
13412.525491
13411.970716
13411.219891
13565.695697
13425.729867
13422.628457
13412.645827
13448.309048
13459.124189
13459.892852
13472.571930
13457.704775
13460.401612
13460.658561
13472.686018
13459.054688
13458.298238
13461.594217
13527.400948
13506.355696
13512.800252
13520.595587
13521.047869
13493.336649
13489.802801
13514.303206
13498.206267
13449.118788
13471.763118
13449.781647
13566.535543
13544.091749
13551.246674
13446.729981
13451.138811
13462.749096
13447.513195
13445.755733
13445.880209
13445.032115
13455.675865
13443.535595
13445.085991
13454.142912
13462.162945
13475.887632
13486.452157
13478.144653
13458.574798
13458.390495
13461.745625
13461.478384
13460.055549
13460.683093
13447.275508
13449.181897
13465.099112
13460.006725
13453.870993
13460.776244
13473.277798
13463.388819
13483.354819
13477.961390
13477.319194
13475.363002
13480.780098
13459.689484
13475.842562
13459.723548
13451.828155
13463.138044
13493.888528
13490.369346
13497.407221
13484.646336
13473.632007
13464.933762
13464.937837
13459.313313
13448.653015
13455.841803
13445.743612
13483.580364
13432.032430
13457.933246
13449.095367
13448.163333
13435.075097
13445.774150
13457.810983
13456.351943
13445.342227
13455.976254
13457.471130
13456.909369
13455.308656
13457.799765
13459.540333
13470.597633
13445.304410
13481.481977
13434.395427
13443.428143
13444.071749
13434.208770
13470.090053
13499.821562
13457.224597
13460.133140
13483.221045
13483.313054
13459.429315
13457.575559
13458.868192
13459.574100
13474.868097
13459.812449
13484.433144
13483.918797
13494.376317
13447.316918
13446.530756
13444.722219
13469.390676
13459.497413
13458.548589
13447.913013
13458.487506
13494.927105
13496.574000
13449.632509
13485.029363
13457.010804
13471.548485
13435.545574
13444.979277
13457.258592
13458.177306
13435.495315
13469.302142
13469.199587
13424.210522
13443.493439
13436.180712
13459.559385
13436.226996
13447.286246
13469.845720
13444.955161
13447.395360
13446.982273
13447.316221
13470.183794
13459.677157
13446.175505
13434.836475
13446.849800
13460.291517
13470.381437
13460.326482
13485.761497
13443.996129
13443.425094
13444.187993
13480.123595
13446.586546
13445.370939
13434.302464
13485.617195
13483.162656
13471.369680
13483.950789
13470.691145
13494.840658
13460.271595
13483.900032
13459.092117
13448.528984
13470.924178
13459.108509
13496.084339
13494.849892
13460.258493
13457.335879
13457.927121
13449.639534
13472.074268
13486.215981
13448.880104
13435.811669
13435.796399
13471.861533
13475.389941
13501.947131
13462.150511
13472.561963
13483.430709
13482.285565
13515.023156
13480.324490
13474.288680
13463.547037
13478.762993
13473.561009
13448.407655
13447.867670
13473.670000
13448.966690
13448.427920
13460.928577
13461.008512
13448.251168
13447.662459
13482.036882
13478.071428
13502.177426
13447.853316
13448.468176
13462.862862
13447.740646
13473.933112
13462.284854
13472.417550
13482.696383
13463.429386
13474.488264
13462.230522
13473.864016
13472.443228
13458.118802
13491.643063
13480.028841
13479.023529
13467.798207
13467.739026
13482.578436
13446.304770
13438.740506
13471.345547
13446.685111
13438.597289
13491.195435
13479.632423
13451.400776
13463.466362
13459.564137
13473.780014
13476.666129
13459.327035
13463.801104
13462.062518
13458.886209
13460.285301
13490.682097
13463.144084
13459.596378
13493.852922
13489.250401
13504.262072
13495.123219
13424.573774
13434.891773
13459.361342
13460.681514
13437.512369
13448.728010
13449.502713
13424.945074
13444.852926
13445.513515
13422.571090
13434.340521
13443.418004
13444.194661
13432.552351
13443.521853
13447.083116
13469.022326
13425.884677
13447.226029
13464.572965
13463.854752
13435.721657
13436.305988
13470.622236
13464.102589
13436.574267
13435.438479
13473.613398
13426.003027
13462.573475
13460.598073
13473.516969
13485.399569
13447.312277
13431.900283
13433.712847
13457.690780
13437.252418
13464.520948
13447.570560
13473.407715
13484.030845
13447.027810
13445.894839
13447.733539
13481.786829
13484.099390
13446.574371
13445.316206
13401.910220
13402.477421
13455.723319
13445.927448
13421.939487
13434.711397
13456.440379
13432.053338
13446.684308
13422.168794
13434.240571
13434.847017
13434.303875
13432.600718
13444.859100
13434.383537
13443.947595
13444.087724
13444.154604
13444.235948
13443.456627
13442.656805
13458.549016
13432.724873
13445.018014
13454.027712
13444.765593
13442.501679
13443.175681
13431.872473
13421.362990
13454.560755
13434.101036
13468.414653
13467.907525
13457.076456
13434.273051
13445.447014
13457.088094
13432.241002
13434.862474
13433.434010
13445.753093
13411.261979
13421.953598
13447.046303
13412.019919
13473.160359
13434.530945
13433.342476
13433.909004
13473.790643
13458.380807
13458.431337
13484.269561
13458.485001
13448.334651
13434.772784
13458.629481
13447.927624
13505.338633
13500.860096
13492.127060
13487.699878
13493.282216
13445.120784
13446.335197
13460.555549
13470.861894
13446.856416
13445.654872
13461.093849
13471.346527
13486.669039
13512.783703
13446.516002
13446.446287
13410.769103
13422.165511
13422.584458
13447.643589
13447.595808
13412.597899
13434.523006
13433.527227
13434.608846
13434.042269
13435.268607
13473.265172
13422.687057
13413.249487
13422.825901
13447.649325
13447.120989
13413.358957
13411.950370
13447.047344
13446.501103
13412.061113
13433.958023
13433.361927
13434.108947
13432.947048
13472.144016
13421.628287
13412.185881
13422.902020
13446.026025
13512.634750
13462.213862
13473.429544
13489.826456
13497.232836
13491.960335
13499.012859
13489.417317
13496.799192
13457.696357
13469.059579
13472.234767
13513.202288
13485.419875
13458.248127
13456.997634
13471.689516
13486.016472
13458.812147
13472.287617
13485.422824
13457.029430
13456.282632
13471.894955
13448.853886
13448.405327
13434.434557
13460.509114
13470.078251
13446.382811
13444.937238
13447.609389
13433.169317
13443.124939
13458.356443
13471.337855
13446.999531
13436.479076
13448.855248
13445.960221
13488.844331
13471.636055
13509.738265
13512.697706
13425.867741
13451.120093
13450.755559
13446.175573
13451.621807
13424.468097
13436.522910
13464.642737
13463.060077
13468.115682
13501.757193
13494.955430
13413.576888
13438.475632
13465.337503
13464.329502
13462.839516
13433.448720
13438.581083
13460.594119
13449.670878
13466.420715
13447.739083
13462.523662
13449.801320
13459.981247
13457.352978
13457.302616
13463.433121
13447.987143
13451.892634
13451.866296
13451.257797
13412.371625
13410.925843
13448.553150
13447.653668
13445.677512
13447.817151
13472.781241
13448.116414
13448.141413
13451.880410
13451.275977
13491.776821
13413.818158
13413.145683
13462.699444
13484.295987
13450.192300
13427.090711
13475.038988
13462.178449
13423.436096
13424.541132
13447.941525
13472.948617
13425.634080
13425.683982
13433.321031
13461.509186
13422.732409
13423.792148
13433.939702
13458.326752
13458.928319
13467.490504
13423.205799
13422.102328
13422.618079
13421.403295
13420.670377
13434.481932
13435.615630
13436.323232
13474.003026
13446.803014
13423.876099
13426.395090
13451.832735
13446.358547
13436.459220
13447.008730
13459.897147
13447.597741
13450.468050
13447.492656
13409.508596
13457.189942
13457.111340
13460.002212
13451.273438
13458.293564
13458.267975
13526.288011
13433.309802
13433.951592
13433.457274
13434.079604
13500.868207
13502.260903
13434.978983
13434.629924
13433.453781
13433.968369
13432.632635
13434.782145
13433.917964
13461.286082
13460.696192
13452.909243
13457.836289
13457.880609
13461.258442
13461.255187
13452.484506
13452.958137
13473.243901
13486.684826
13463.900427
13435.592039
13424.797789
13446.959198
13447.652444
13445.747905
13485.533471
13487.152818
13484.304037
13486.946399
13458.600870
13458.883991
13471.492653
13448.562396
13448.625840
13483.398529
13437.323423
13473.297343
13437.987017
13472.938071
13456.539015
13472.709920
13447.890842
13448.525991
13490.215505
13476.988556
13474.475024
13463.393709
13485.792979
13479.779046
13474.595699
13493.817375
13476.844768
13463.377141
13508.224199
13459.223079
13457.793964
13462.053669
13476.375493
13462.838510
13462.685489
13448.943192
13476.674861
13492.655301
13491.698149
13477.954000
13477.870337
13477.420688
13493.281426
13445.643583
13445.589653
13445.728523
13459.273637
13433.630713
13460.532897
13460.452238
13434.935050
13424.699010
13414.207504
13437.593697
13424.241368
13437.265651
13447.035195
13447.807412
13447.067274
13461.167220
13457.193371
13445.173648
13444.611597
13431.974547
13432.567228
13446.734986
13447.022689
13446.114138
13434.389383
13445.023264
13444.277271
13446.406844
13444.878987
13446.321187
13446.642535
13460.015637
13436.784227
13434.095230
13470.321613
13455.690205
13468.907817
13435.001804
13445.392341
13447.134334
13443.504261
13466.424442
13431.377794
13442.598462
13441.853116
13456.363921
13468.099072
13433.692470
13444.169162
13455.389569
13444.132918
13444.532149
13446.204023
13446.470420
13445.088898
13456.718950
13442.638632
13444.204844
13444.356743
13444.904204
13467.060372
13444.384653
13452.541524
13460.091481
13459.236072
13461.079165
13468.361960
13467.655204
13447.266424
13457.909337
13447.666423
13458.772815
13446.762212
13447.949089
13459.090833
13481.202898
13468.880606
13437.324292
13438.477594
13448.372270
13481.223140
13447.213195
13447.308101
13460.507892
13460.497043
13460.448291
13445.579064
13455.591230
13471.852986
13460.897152
13460.459008
13460.435843
13457.030401
13460.473814
13468.368499
13442.832101
13432.896188
13469.528079
13456.463532
13457.084914
13432.853381
13443.504460
13461.568608
13462.660478
13457.805302
13443.469387
13452.885771
13458.133947
13454.037104
13448.914902
13448.225943
13460.132859
13457.876186
13446.967156
13479.208092
13480.844518
13479.580133
13458.280730
13481.950345
13457.619402
13468.451493
13512.448666
13469.857587
13458.655053
13494.179885
13467.782159
13511.823577
13471.931241
13458.760078
13469.573087
13494.718259
13494.752245
13512.980346
13458.229258
13471.536823
13469.068156
13472.677614
13493.877806
13481.687902
13510.910738
13467.701297
13459.255279
13458.149875
13471.378771
13468.985350
13472.025169
13471.010035
13493.247669
13470.040316
13466.320061
13481.521216
13510.792300
13496.597644
13444.019865
13483.152328
13434.723567
13494.730091
13494.226689
13457.825848
13458.060026
13457.911635
13494.101843
13457.311689
13457.197141
13447.316459
13473.928035
13481.363071
13434.730521
13448.395998
13445.568331
13445.066008
13458.881142
13472.650597
13471.529042
13444.076914
13437.460355
13484.076048
13459.146629
13437.444457
13470.458004
13444.075367
13445.243703
13473.090859
13463.025631
13468.520246
13469.258368
13448.101164
13458.732296
13497.640816
13445.959383
13444.683107
13434.728363
13462.572006
13438.688012
13437.497771
13470.531292
13487.316346
13460.359243
13458.569322
13460.394586
13450.090279
13460.922945
13471.074143
13471.254599
13459.987589
13474.310593
13460.551479
13472.528023
13496.985713
13481.899763
13470.642666
13483.350962
13456.448493
13443.762652
13453.733277
13456.701723
13445.656737
13479.674685
13467.698537
13469.248313
13469.198372
13469.294137
13478.456368
13469.736908
13458.341253
13435.593730
13468.761109
13433.805500
13457.826406
13459.340008
13469.211989
13479.782999
13455.974187
13471.193747
13480.720110
13458.931119
13445.965525
13458.298717
13480.813364
13470.041168
13468.611675
13457.080795
13468.589530
13469.972765
13459.425571
13446.689322
13460.711468
13459.333454
13470.222278
13459.310623
13460.076808
13448.709546
13481.851662
13470.682009
13495.824228
13493.717346
13481.823977
13493.734777
13471.289156
13469.991202
13495.798327
13445.402978
13459.405865
13456.103411
13470.532891
13444.502536
13469.775765
13459.367504
13455.142808
13457.528555
13448.118347
13445.141538
13472.400071
13456.671313
13435.266785
13444.569513
13443.850525
13458.976137
13478.806637
13476.029680
13457.212892
13448.564822
13461.766095
13472.211235
13459.158297
13459.452289
13458.042829
13457.666809
13476.346008
13459.776521
13457.486493
13474.319390
13458.348254
13456.948490
13501.794007
13461.481833
13471.919444
13494.181307
13485.655559
13460.612655
13471.046279
13461.312109
13482.418187
13472.052055
13470.899169
13472.674079
13481.921742
13472.833771
13458.388756
13469.754063
13460.054586
13458.789847
13471.747594
13469.212019
13498.518189
13481.468639
13461.090097
13482.254668
13471.880010
13447.561258
13459.440179
13488.228948
13481.131752
13470.564228
13458.991773
13446.149889
13488.241255
13470.114565
13486.521926
13483.157490
13458.385734
13484.402232
13471.760489
13482.147617
13484.244260
13446.206362
13468.884499
13456.505002
13455.640904
13478.666943
13511.373395
13472.672510
13471.902754
13481.187984
13470.170894
13522.924747
13466.890629
13469.079267
13470.485907
13481.650831
13466.955435
13457.772756
13458.105181
13434.036668
13434.366774
13434.197515
13433.922727
13488.363459
13486.788308
13434.258919
13435.298833
13434.446729
13434.708000
13473.321185
13459.140452
13458.491310
13459.242791
13423.191300
13459.288788
13437.132318
13436.875343
13422.614052
13459.621361
13437.406266
13432.681351
13458.410585
13445.740382
13421.318809
13420.734154
13445.200296
13456.344080
13484.273870
13480.675326
13444.344345
13444.416213
13445.057184
13433.772292
13466.425652
13470.566419
13435.370681
13435.913390
13436.380629
13435.045576
13435.583893
13436.073681
13458.834531
13422.691763
13459.382943
13433.217269
13459.245753
13432.630632
13459.010625
13458.909589
13458.964906
13457.089064
13499.750030
13436.430171
13436.275434
13470.045861
13470.557173
13469.917283
13448.248857
13498.389000
13458.915004
13457.683739
13457.925764
13458.615513
13422.642587
13471.493666
13484.387357
13446.607482
13458.740803
13458.161605
13457.808343
13499.796011
13445.208483
13445.040217
13445.627926
13443.823294
13471.514163
13472.496504
13447.093507
13456.874595
13457.126637
13422.608687
13482.173004
13470.921127
13443.908477
13474.505927
13446.442834
13445.866651
13473.012038
13443.255522
13445.123444
13475.144112
13434.332644
13466.397308
13473.372165
13424.247238
13484.337994
13444.837565
13459.263432
13435.285691
13449.042563
13460.355730
13439.111615
13450.126708
13434.788135
13470.406694
13470.455770
13447.229724
13470.034912
13447.509467
13437.228337
13458.213731
13433.203092
13423.138311
13459.419336
13446.989987
13421.893881
13484.105016
13437.056309
13433.830387
13434.394004
13423.814881
13459.184150
13443.485488
13444.583447
13432.685869
13445.775946
13443.211521
13442.672493
13479.934522
13445.105667
13432.528910
13446.463835
13456.411074
13480.617729
13445.602700
13467.185708
13458.724184
13456.228235
13445.152417
13456.232185
13455.607155
13445.798286
13457.991242
13457.030869
13432.546405
13456.250754
13442.538538
13461.700441
13472.990192
13469.107823
13475.260341
13437.676450
13459.835249
13461.458582
13460.031800
13446.890518
13476.905862
13447.222828
13474.846712
13448.417190
13447.189654
13460.354076
13460.040236
13462.928778
13481.438575
13434.146980
13435.273313
13463.105918
13445.958811
13445.270212
13448.044188
13448.265549
13435.882948
13463.624738
13434.711414
13504.733881
13505.274581
13454.698430
13454.719844
13455.293798
13467.099399
13480.403837
13443.631162
13457.336501
13468.015411
13444.713076
13444.725898
13467.983668
13467.677440
13481.071656
13458.393086
13467.765646
13459.431577
13445.149634
13458.457962
13472.528286
13469.011470
13460.726337
13459.712558
13468.438797
13444.638015
13444.221855
13458.529002
13516.912183
13514.550141
13444.732479
13457.132844
13482.872987
13457.100099
13483.380079
13459.795644
13457.225168
13451.289905
13444.766435
13444.767452
13445.317556
13461.675332
13458.979778
13458.374721
13474.284327
13474.655326
13472.610942
13515.331616
13484.794811
13514.875942
13472.575438
13517.362964
13482.435966
13514.714863
13500.484589
13514.180850
13494.614606
13484.154120
13458.353080
13458.259507
13484.220508
13495.355289
13485.090076
13463.111824
13469.611568
13484.372991
13459.798114
13459.713287
13496.434891
13485.183835
13517.421776
13502.198867
13501.132749
13451.290220
13458.343986
13434.792871
13435.344053
13459.164848
13447.076244
13483.175186
13458.489666
13447.921554
13448.466030
13449.013092
13448.900234
13448.300476
13468.639404
13445.738325
13446.280960
13446.300915
13455.495470
13445.607312
13459.828547
13434.824857
13424.850479
13459.061607
13470.826861
13471.347383
13469.862932
13448.329280
13433.473527
13438.311501
13457.002201
13456.378834
13445.288064
13455.871406
13457.001878
13483.631241
13497.062819
13448.246637
13433.203616
13469.584528
13446.407093
13443.457942
13433.311820
13433.219743
13444.722357
13485.442435
13423.957167
13423.864332
13445.298581
13511.657708
13469.420513
13446.216257
13469.386443
13458.299113
13444.482125
13433.306401
13457.452482
13442.071310
13457.390281
13431.463040
13457.353995
13494.267805
13457.077722
13456.946995
13493.177679
13456.303535
13456.238463
13480.903576
13510.519337
13468.656385
13443.843224
13432.734416
13445.001607
13443.229888
13468.104430
13445.532869
13443.140383
13456.844276
13443.215049
13457.933527
13445.998853
13446.314503
13472.839311
13457.052999
13456.492610
13500.307437
13457.823038
13467.054842
13455.645978
13467.265217
13454.083643
13454.065383
13468.383293
13442.447298
13441.902707
13443.927227
13432.919777
13434.269156
13488.620428
13467.272137
13442.938037
13443.727027
13432.687649
13436.854015
13447.440110
13435.933795
13458.004839
13436.352247
13457.733945
13488.574881
13446.138826
13442.781326
13442.739577
13458.789469
13432.264421
13448.709877
13486.070826
13458.447803
13446.368972
13447.925094
13469.367832
13434.212540
13445.254261
13443.942679
13434.781583
13461.544164
13446.682560
13448.887971
13449.560958
13446.917054
13486.973026
13447.472335
13446.098178
13476.444219
13447.780924
13489.576334
13447.169955
13448.724031
13457.148413
13442.963969
13443.368328
13435.911118
13446.323071
13433.218105
13445.484751
13456.591298
13454.169927
13471.199760
13444.781560
13445.645777
13437.553341
13436.362456
13489.881981
13447.034451
13448.234170
13458.230652
13437.291863
13456.656787
13459.279258
13459.188891
13448.899638
13460.276562
13471.205061
13447.734258
13488.685927
13436.976253
13448.247161
13449.242611
13422.628776
13459.494369
13445.841673
13442.834401
13485.953632
13468.658912
13444.119471
13447.226725
13458.336430
13445.851524
13455.590235
13446.218705
13469.451718
13447.937301
13455.698794
13495.363206
13457.164524
13446.584914
13457.204354
13471.541105
13471.598735
13527.643491
13483.300212
13483.328969
13496.343662
13482.610287
13446.926233
13432.914776
13436.848246
13471.687260
13469.325856
13433.693937
13443.623155
13446.745026
13455.834468
13470.484038
13445.829153
13432.225820
13446.883919
13444.988448
13467.568307
13468.581900
13442.836479
13443.510241
13442.661192
13456.238317
13444.255204
13432.784534
13444.826789
13432.664370
13445.941519
13470.174179
13467.065292
13433.212491
13433.217108
13444.776094
13457.075369
13455.787644
13469.971629
13444.187355
13434.697225
13434.813864
13445.632312
13457.096012
13423.340877
13423.344952
13444.826821
13471.972096
13444.917904
13435.433008
13435.416376
13447.021541
13470.349913
13422.743397
13444.121909
13422.700080
13442.824521
13444.805157
13484.524930
13446.391678
13435.816078
13446.431571
13470.696507
13470.751396
13445.517307
13456.260185
13459.291151
13456.214802
13470.960774
13458.316729
13444.446734
13469.702976
13458.674756
13454.544234
13470.538068
13455.583959
13444.416461
13447.790056
13444.440128
13447.222598
13446.814101
13458.521376
13457.107920
13460.521080
13460.433560
13460.471636
13447.143433
13479.729446
13453.538050
13468.842063
13453.029876
13443.634569
13433.648918
13457.218796
13444.135456
13457.551573
13454.982306
13453.997546
13457.353605
13453.491783
13457.709335
13456.387124
13455.878523
13479.678274
13442.909656
13434.190473
13424.210465
13457.663942
13434.233497
13458.208543
13447.608274
13461.661965
13461.566462
13414.182205
13460.482091
13460.942574
13471.897250
13445.660369
13455.620246
13460.506044
13460.495108
13447.744086
13447.881498
13448.265273
13461.660220
13462.843433
13437.562710
13447.553835
13460.230168
13448.752821
13457.846211
13446.007567
13434.728851
13458.506228
13435.974591
13459.003445
13482.467087
13482.929029
13457.391061
13482.503856
13457.634084
13484.820911
13458.326911
13482.424963
13484.222238
13484.677950
13478.668280
13489.934788
13518.526356
13506.602078
13508.136711
13478.651647
13493.490228
13519.169164
13506.077715
13508.753544
13502.249787
13490.677520
13446.221570
13481.291689
13461.130674
13462.107674
13457.066450
13446.074291
13469.211871
13459.940092
13459.260336
13459.635520
13462.135921
13525.031370
13477.221816
13505.234230
13505.821723
13479.216228
13519.456405
13508.769037
13491.080281
13506.645599
13522.325305
13490.484676
13506.160020
13522.413374
13477.887534
13522.388191
13505.556287
13506.142453
13488.688744
13518.974897
13508.857118
13535.790975
13474.283148
13489.248395
13473.396336
13506.514298
13500.298560
13491.868296
13473.383605
13488.303919
13484.535144
13477.930528
13500.268808
13485.237475
13503.846982
13512.195375
13477.461710
13509.771874
13504.432423
13495.526544
13510.165501
13488.932812
13492.515211
13473.885464
13473.339117
13486.275382
13485.019227
13485.090715
13503.961498
13504.511678
13504.737032
13506.797963
13490.968234
13504.696927
13507.366091
13447.837599
13486.831550
13459.062766
13483.590267
13469.909292
13495.094286
13473.285581
13474.585017
13482.782540
13483.423682
13470.392753
13461.329619
13445.677820
13483.299594
13483.875015
13448.602084
13458.610383
13471.909232
13448.024649
13456.523523
13461.841695
13473.665040
13472.867323
13471.869706
13448.421609
13448.476037
13456.690032
13482.571499
13461.665738
13458.101138
13458.661607
13469.963712
13471.324036
13471.093262
13502.070116
13526.457949
13526.499231
13490.845734
13490.806720
13518.568564
13515.876728
13490.304606
13515.154359
13480.786604
13485.089693
13485.316681
13515.119810
13486.276633
13474.030467
13473.356573
13518.533236
13515.893212
13448.839999
13471.238433
13484.861023
13489.689519
13488.409705
13484.863025
13476.054194
13437.924513
13474.529855
13473.422230
13469.974352
13459.673418
13448.760910
13448.651223
13524.495488
13488.180561
13483.195257
13482.482770
13473.202432
13462.803324
13473.502757
13483.922419
13459.858642
13459.880135
13475.584244
13458.383013
13459.743537
13459.513024
13477.322575
13476.719906
13474.349493
13473.819362
13476.749067
13477.434963
13459.566483
13473.324319
13459.440940
13474.485424
13463.325922
13462.852238
13463.963415
13438.541300
13470.169369
13442.839784
13448.066624
13459.274101
13480.769656
13447.586694
13445.715394
13446.926103
13471.304408
13484.930637
13488.478377
13489.729695
13485.498085
13471.285402
13488.342112
13462.521922
13458.417157
13458.574182
13455.305503
13457.449305
13436.526107
13458.519004
13559.974346
13491.249500
13500.770589
13498.167095
13479.668270
13491.389558
13480.122084
13493.852568
13487.983727
13435.693682
13471.492478
13459.426918
13446.549256
13447.844439
13445.733174
13477.244762
13461.008759
13460.657631
13459.269026
13462.534036
13448.277533
13448.583159
13471.110335
13459.960053
13472.058686
13454.910235
13447.235233
13444.054119
13446.313406
13446.016854
13448.510274
13436.149760
13448.074583
13448.689674
13540.642324
13537.850964
13551.534250
13554.072562
13434.051572
13433.269809
13432.438775
13459.747880
13435.230359
13495.102082
13488.256576
13473.991157
13474.479817
13502.256079
13500.202375
13492.030562
13506.971392
13509.884771
13492.324613
13458.958166
13469.785639
13482.380821
13459.544490
13459.900986
13471.979180
13459.023629
13458.981453
13496.637062
13436.410448
13437.637809
13458.264632
13447.931090
13434.971632
13460.905111
13433.463877
13435.059010
13435.475306
13459.568628
13437.814829
13470.255120
13458.523752
13458.885143
13448.295258
13448.905187
13460.394631
13460.332860
13423.934688
13462.790258
13434.026686
13423.251240
13450.172958
13450.702432
13437.837557
13435.317274
13434.694091
13424.086472
13425.167968
13462.546668
13463.326011
13461.412012
13447.525152
13472.315069
13462.277982
13473.530402
13457.029335
13461.890353
13459.735740
13474.327569
13462.748397
13462.153119
13449.112916
13473.621633
13474.396883
13504.899287
13491.294868
13472.827685
13491.276162
13494.585134
13494.671054
13473.587605
13439.142077
13474.157764
13474.744694
13477.022587
13476.923037
13479.487092
13463.391231
13474.410678
13474.519676
13503.765984
13465.061903
13463.371310
13461.455241
13461.525337
13459.280198
13459.894064
13460.294704
13460.914863
13462.493092
13462.423569
13460.969246
13503.583508
13505.039144
13505.443802
13437.624954
13462.883089
13463.183885
13451.477903
13449.116622
13453.091381
13472.943039
13435.327372
13471.773378
13480.586872
13463.702129
13461.657954
13471.464579
13469.007681
13459.464973
13461.537594
13471.427758
13458.087155
13446.714173
13460.912927
13435.256405
13489.610840
13468.901813
13470.339472
13458.936937
13515.184632
13472.056381
13495.737663
13461.266063
13472.227918
13471.797878
13450.171908
13458.903761
13477.411474
13485.856283
13458.770949
13461.389323
13460.573548
13488.679820
13476.188829
13460.380755
13477.965840
13448.564892
13491.747075
13444.101602
13455.618662
13433.444717
13445.329546
13456.401371
13446.389936
13447.272900
13446.977426
13448.220333
13456.058710
13458.062992
13444.408770
13455.860895
13457.309426
13458.005505
13456.275760
13477.737332
13450.416331
13472.413235
13444.922094
13435.606158
13446.670412
13459.006325
13456.321343
13469.315419
13445.023021
13446.380345
13456.432405
13425.490247
13447.824426
13446.139851
13447.896484
13460.123844
13444.863033
13445.615608
13447.297265
13461.024594
13486.613656
13445.628407
13455.621457
13456.771777
13467.727418
13445.677959
13456.889691
13480.193829
13456.181301
13456.950294
13446.232540
13456.232640
13458.682473
13456.740041
13457.530605
13446.210024
13457.673443
13458.395381
13447.801288
13452.307725
13435.311202
13435.905944
13435.331168
13475.700774
13448.598505
13459.000204
13452.730820
13448.099651
13450.504449
13449.912601
13459.703462
13493.190535
13487.425187
13494.324328
13504.981363
13506.046926
13478.183292
13523.473550
13502.409553
13467.134585
13453.922130
13547.257101
13457.868351
13470.509582
13479.852442
13472.162167
13457.049520
13511.631627
13469.111864
13478.817208
13462.925534
13464.519016
13473.577381
13474.008861
13471.744585
13475.026144
13472.312020
13435.077016
13474.202896
13474.059949
13499.239806
13512.576218
13501.850422
13488.603582
13488.729454
13523.037162
13510.692891
13512.705418
13458.392628
13484.004524
13462.438075
13471.148559
13462.014649
13459.748047
13475.540781
13472.134042
13486.910315
13470.442059
13436.796587
13471.319560
13470.889506
13470.953472
13460.601950
13437.835058
13483.578894
13444.784472
13457.869023
13457.854649
13470.579402
13434.788001
13445.367477
13456.837071
13445.618258
13446.223967
13470.339134
13458.856471
13470.292778
13470.630553
13482.180922
13471.790888
13456.872128
13469.173482
13466.880223
13484.029174
13482.333435
13493.240912
13485.205233
13482.420830
13446.429308
13445.809757
13457.863742
13460.046939
13462.310495
13471.019029
13469.784373
13471.581086
13448.412389
13458.448740
13458.481320
13468.276279
13473.323373
13473.848928
13490.280889
13484.847087
13471.345140
13501.026548
13470.480212
13471.323112
13483.497144
13458.403337
13483.935752
13446.889673
13456.927654
13486.542766
13499.401128
13495.998157
13447.594384
13447.087327
13447.886353
13447.906059
13448.551135
13458.364236
13438.516658
13475.865967
13434.814320
13460.874711
13476.974585
13496.307725
13498.887216
13467.751471
13496.541129
13435.358003
13435.365286
13433.658002
13457.423862
13502.507115
13466.781098
13453.529091
13460.401566
13449.334276
13459.129036
13459.276167
13483.321541
13476.302026
13517.032539
13505.695136
13518.154455
13505.709939
13477.951041
13473.832629
13513.618689
13510.662939
13485.454987
13498.551556
13478.044801
13512.008155
13486.396062
13476.855969
13463.629821
13458.530226
13469.052418
13537.471247
13468.610068
13462.515210
13480.571801
13463.061051
13493.451400
13461.287028
13501.351667
13452.067153
13451.147176
13473.627988
13474.237666
13459.553462
13444.941796
13435.510066
13458.806026
13445.786796
13468.300525
13469.213990
13447.034865
13469.243777
13434.905337
13444.347253
13460.852029
13435.074542
13435.122396
13436.469844
13478.375034
13513.888998
13488.000292
13478.437472
13465.216703
13502.443927
13460.787720
13475.394961
13562.324797
13548.742907
13506.019921
13537.571645
13433.836814
13435.212460
13459.142063
13485.448272
13425.658763
13425.664038
13423.622671
13432.640993
13431.737811
13461.472812
13447.582837
13435.138041
13465.946980
13480.644052
13549.014698
13467.065278
13495.305138
13495.813803
13536.979008
13532.117624
13513.827950
13513.826979
13529.967881
13530.025025
13513.812387
13532.159345
13584.545254
13565.122893
13536.570629
13565.113319
13565.154342
13583.344580
13554.862454
13536.555149
13414.546479
13418.460901
13428.920151
13425.859654
13424.217260
13513.827735
13529.941131
13529.983161
13479.917480
13466.188463
13449.031642
13461.587305
13473.877901
13476.699879
13474.448735
13484.145852
13505.391316
13505.348896
13505.340172
13505.284351
13525.499495
13464.075573
13488.372002
13475.700245
13464.409800
13478.162118
13538.150721
13537.573529
13554.314875
13478.137681
13510.979940
13524.802540
13489.160797
13517.829332
13502.869868
13509.761040
13503.754314
13489.828348
13474.271701
13473.499612
13484.523653
13519.078149
13504.416082
13488.484801
13502.204551
13518.061565
13560.612991
13488.096750
13492.028012
13475.556486
13492.005165
13488.873092
13493.332188
13566.404773
13464.797786
13461.249134
13492.379128
13432.974124
13432.399599
13475.767704
13475.140769
13474.878834
13506.502294
13507.513871
13520.559135
13526.093880
13540.563347
13561.962022
13552.991688
13554.711365
13555.545251
13587.436520
13557.305912
13563.850848
13475.430326
13474.845868
13481.453932
13477.545510
13492.024004
13508.128046
13508.576335
13476.515599
13473.421266
13470.587355
13434.562859
13446.000283
13456.092069
13448.496632
13449.287369
13436.062174
13471.891855
13436.657625
13437.098770
13448.018065
13449.643200
13437.232865
13448.844348
13436.996027
13476.589646
13459.301089
13488.322723
13485.186472
13436.468704
13472.491217
13446.767278
13482.521064
13447.336683
13447.658975
13458.583436
13448.066102
13459.445054
13469.454722
13482.056632
13500.032064
13454.529822
13473.528334
13463.309951
13451.983440
13448.933058
13460.652533
13469.851839
13488.617220
13459.195972
13447.312457
13468.243184
13458.772809
13461.555242
13458.603613
13457.232283
13458.293790
13473.284597
13473.282198
13459.219791
13459.146485
13475.405043
13478.284237
13481.848224
13474.413620
13462.357401
13447.715540
13425.502226
13423.728150
13412.775311
13437.373156
13422.652584
13424.794532
13465.166422
13449.407423
13439.475488
13446.669496
13434.148216
13434.251596
13425.886591
13415.470035
13447.729775
13445.766962
13434.928687
13445.012267
13466.313369
13466.373823
13456.165856
13445.592823
13455.536835
13455.499426
13445.621250
13454.998222
13435.738034
13437.155578
13458.486978
13469.708814
13445.087805
13445.813444
13457.921906
13437.899105
13470.018768
13457.773693
13423.326149
13424.013509
13447.392229
13434.394496
13444.799820
13435.599663
13470.834175
13444.237467
13444.294602
13433.834790
13436.293851
13435.140875
13470.798844
13444.609127
13468.295420
13433.315994
13434.512826
13457.915778
13470.475567
13432.887466
13454.110325
13469.996164
13445.630251
13445.807022
13457.538018
13468.866213
13445.129118
13467.462064
13467.651364
13445.338963
13443.650507
13432.709659
13457.310282
13442.579316
13444.683928
13470.051327
13498.317357
13433.376781
13443.868225
13458.050598
13434.206191
13444.662264
13435.092277
13445.070584
13458.014403
13458.009874
13473.665632
13459.604396
13450.420172
13471.628746
13461.937347
13438.102742
13448.545236
13475.260193
13437.891966
13437.476814
13436.690415
13436.375757
13436.323073
13470.945754
13469.590456
13445.233263
13444.027171
13443.898502
13443.887518
13457.214981
13421.994300
13433.222974
13445.096590
13444.485499
13443.833080
13459.725777
13444.876435
13446.040549
13481.069330
13443.971311
13444.677980
13444.036167
13482.143469
13468.381769
13457.642212
13433.811384
13422.603449
13434.669618
13433.926271
13424.009957
13449.160917
13445.341130
13444.594206
13492.056700
13498.447128
13490.822676
13479.128710
13510.197294
13433.298122
13443.793406
13445.233673
13445.451060
13443.195074
13443.260059
13444.619135
13445.808995
13446.018469
13477.050695
13432.632154
13446.674330
13446.681886
13456.926033
13432.004567
13446.808080
13445.580987
13434.355039
13434.363188
13456.781481
13443.641952
13481.830477
13445.481553
13445.770603
13445.880301
13445.849172
13471.600234
13459.655914
13460.852025
13460.365853
13436.295587
13449.467872
13460.495799
13435.923869
13449.663793
13447.921465
13447.398915
13474.077060
13431.925792
13446.642353
13431.272510
13446.746706
13434.173209
13433.648760
13458.091729
13433.273178
13433.962826
13457.633154
13432.280696
13433.541354
13423.765840
13423.839567
13458.796950
13460.006479
13458.846747
13435.496331
13446.705658
13445.944379
13448.487238
13449.239130
13424.771225
13436.357580
13436.981727
13436.509882
13448.515729
13449.808271
13449.527547
13420.710472
13421.313513
13445.158483
13445.755236
13433.326881
13434.042293
13433.173221
13473.283420
13433.873767
13434.040678
13473.466436
13435.250688
13433.433694
13447.807746
13433.089983
13433.436739
13458.917629
13460.156306
13434.596790
13459.506564
13510.658331
13511.312706
13434.498980
13435.203121
13435.230694
13436.444413
13498.103423
13462.146194
13463.443318
13457.555416
13442.587904
13458.666222
13434.006030
13458.076460
13510.468545
13421.523379
13422.886585
13411.422522
13447.148100
13444.348154
13445.342453
13481.883913
13432.988831
13445.977584
13433.585649
13432.890335
13422.163782
13422.292484
13456.082170
13431.672058
13412.823413
13447.810098
13423.493677
13422.267981
13412.810129
13412.908680
13446.659649
13443.313883
13481.812893
13443.936323
13468.512654
13423.480965
13434.163998
13423.468511
13457.785224
13432.848223
13434.008664
13435.792624
13482.759250
13482.237040
13482.199951
13482.156669
13472.847240
13478.307156
13497.318115
13448.224019
13447.680716
13457.650548
13484.299506
13449.149343
13458.534861
13459.553293
13458.859842
13459.472971
13448.915357
13460.534720
13449.636722
13486.871774
13460.937234
13491.183461
13459.167677
13449.250756
13460.168540
13438.154351
13437.033499
13438.979918
13436.682138
13444.118568
13461.893400
13447.621481
13451.155685
13451.163897
13453.065955
13463.266311
13472.828763
13501.146771
13475.210074
13471.789767
13501.140500
13488.673891
13434.021942
13437.098662
13445.704329
13474.187089
13458.970509
13446.353330
13459.556640
13446.932389
13437.549890
13483.862129
13486.664958
13438.402631
13452.407580
13451.975013
13460.860557
13459.626046
13459.116943
13458.635834
13458.635855
13458.632904
13488.287105
13434.188441
13468.803252
13433.503316
13443.533200
13443.566003
13459.130130
13444.204176
13433.598740
13468.613806
13511.308704
13478.070858
13443.460975
13433.566691
13469.412448
13434.906004
13444.923545
13482.394739
13434.869169
13444.804188
13434.219232
13443.349456
13472.863862
13442.679770
13421.677621
13437.201412
13423.693727
13448.139354
13423.841845
13438.282607
13456.011965
13456.286540
13446.961911
13493.772742
13446.926421
13456.891446
13482.889147
13455.921718
13427.365134
13472.452932
13460.462392
13445.015547
13445.639512
13484.264320
13472.011457
13435.040029
13445.576514
13471.757699
13486.155020
13483.400332
13460.793093
13459.551886
13458.347972
13459.984186
13435.490869
13425.424953
13448.566516
13435.482592
13448.568665
13486.091571
13472.130107
13496.503356
13471.855737
13495.623903
13499.001636
13459.116749
13458.621913
13435.958418
13471.220749
13446.048861
13459.191863
13458.710115
13436.725423
13471.984435
13447.334952
13461.157899
13476.856034
13424.647468
13435.052370
13448.935348
13459.765153
13476.587444
13458.086588
13471.950039
13458.630919
13458.670535
13471.870814
13476.737735
13476.015534
13487.696587
13487.632730
13459.894087
13459.870121
13459.340942
13484.534162
13475.523525
13448.880962
13447.478663
13447.221625
13478.613362
13514.816589
13478.619219
13503.059032
13446.604016
13444.490187
13458.388432
13435.294505
13457.890680
13484.804553
13527.197388
13514.833586
13504.525913
13493.876357
13526.779486
13536.990654
13490.850436
13477.963050
13460.967483
13489.268112
13486.672340
13473.863137
13552.502812
13552.483235
13517.687736
13499.440982
13510.059177
13499.505118
13510.098039
13527.323287
13423.471601
13424.193974
13462.463653
13461.746159
13433.360471
13433.378760
13426.666745
13437.249815
13447.828442
13486.078155
13456.724683
13421.249267
13433.329949
13472.997488
13457.779938
13457.794465
13451.590365
13425.184727
13456.039316
13448.275176
13448.449281
13460.083527
13445.443260
13434.526137
13458.863598
13458.735570
13464.274291
13471.285131
13502.883262
13472.819319
13536.798381
13460.133688
13472.665679
13474.142343
13450.117552
13434.189261
13437.989472
13435.612832
13459.634059
13433.862637
13467.729515
13444.420726
13434.879099
13434.327663
13458.258146
13445.161656
13455.762583
13443.717587
13468.641288
13455.892821
13446.460801
13470.126207
13462.762989
13470.219706
13480.152603
13463.282700
13459.088906
13434.698886
13446.794395
13445.743841
13446.429750
13445.707604
13458.330914
13455.743402
13446.099772
13444.290138
13434.227263
13468.662858
13445.729589
13444.942790
13444.827875
13447.447841
13434.167623
13433.378881
13433.380260
13434.133870
13434.957530
13461.557180
13460.620112
13451.443987
13452.323455
13469.848353
13473.860166
13460.604057
13437.820498
13437.339617
13436.804688
13448.608400
13448.562752
13485.538925
13447.978947
13448.223072
13460.993980
13446.314985
13448.775829
13448.469118
13447.960698
13434.225582
13412.217371
13422.736184
13423.383008
13541.524578
13462.636039
13489.594810
13461.605817
13489.664154
13474.331411
13461.563586
13448.168568
13437.593126
13489.649428
13473.594851
13447.191500
13448.629456
13437.021053
13435.704123
13458.512512
13446.575433
13448.239938
13448.021386
13486.230315
13448.092411
13448.792279
13448.048267
13438.126505
13436.566112
13449.228042
13449.182901
13471.083546
13459.191302
13469.717913
13447.073614
13436.879959
13435.427657
13459.223721
13475.456924
13460.050124
13445.506724
13445.031440
13434.197712
13447.966706
13459.115947
13443.985831
13443.983616
13446.126196
13445.030599
13489.550058
13460.353829
13474.158476
13476.158514
13439.193492
13454.703039
13451.676273
13553.347205
13551.626767
13565.218542
13567.754836
13575.210792
13576.887421
13540.765905
13542.486961
13544.222894
13500.002210
13499.897133
13507.318464
13507.278156
13549.772255
13497.664929
13497.681712
13474.493778
13490.801736
13491.984990
13421.644419
13411.188556
13446.386961
13461.558844
13433.361577
13433.336782
13422.442701
13447.030018
13477.400736
13473.411440
13464.160684
13460.104416
13490.531392
13473.012664
13448.987468
13474.072167
13476.580284
13464.022770
13472.902456
13476.474815
13437.469971
13449.017924
13459.927620
13447.750729
13450.150404
13461.582181
13460.360788
13473.374154
13475.744169
13435.607188
13503.881640
13445.857450
13472.591890
13463.827903
13490.187577
13460.519052
13474.871339
13463.209423
13463.282589
13471.994912
13435.390577
13459.306449
13447.014498
13445.124508
13434.583336
13433.370749
13422.655690
13457.853004
13446.171804
13459.855839
13474.248591
13461.655099
13448.142126
13461.582757
13481.574514
13553.857058
13626.073075
13626.073049
13634.425258
13634.425995
13609.560983
13586.056345
13594.836817
13613.112182
13607.085442
13625.359598
13631.401944
13516.085276
13501.335725
13493.945321
13462.670661
13452.150959
13487.266617
13484.399877
13488.426061
13485.483556
13433.019186
13432.986546
13458.197980
13457.645178
13462.940211
13433.944154
13413.487575
13404.019725
13437.176909
13453.489411
13416.451726
13415.325054
13427.839745
13417.010158
13439.380109
13458.225728
13478.777761
13478.727448
13485.634158
13478.449517
13478.919513
13425.600235
13426.161162
13425.445007
13462.843553
13477.928757
13436.398443
13447.222294
13435.789256
13437.060376
13473.859833
13476.478054
13448.643226
13450.107923
13505.286747
13473.435199
13459.281374
13487.526644
13463.047940
13447.187532
13448.559505
13480.308929
13474.503688
13473.798062
13507.231002
13497.444118
13494.291260
13488.021302
13462.837812
13462.667779
13489.864837
13521.188332
13488.404846
13488.403133
13475.395843
13475.907958
13435.861304
13437.199523
13434.627111
13435.442827
13462.356995
13478.187003
13454.392686
13463.923392
13477.338485
13504.666117
13504.666736
13423.159645
13421.905425
13502.953783
13446.967008
13446.995001
13436.273566
13435.457172
13491.322089
13421.891535
13461.632440
13434.140568
13434.138192
13444.481066
13433.846516
13445.126213
13433.363255
13433.236192
13433.980329
13473.805183
13434.388079
13473.253685
13432.697658
13434.589942
13411.904098
13421.688648
13436.574897
13446.476490
13474.074303
13446.409708
13446.311975
13448.737123
13433.933113
13447.853990
13457.772196
13434.206422
13434.039755
13480.053104
13491.731882
13447.320749
13459.027756
13446.066539
13512.973794
13461.829509
13460.673461
13488.050751
13434.508157
13447.188413
13464.415412
13448.437348
13447.056786
13480.033075
13459.595077
13465.285145
13464.552539
13446.305308
13446.455622
13472.924875
13474.817279
13456.909492
13456.253542
13461.287733
13478.744672
13446.999444
13447.001326
13473.510901
13434.926291
13447.826165
13489.902437
13460.557904
13458.949741
13435.509055
13449.314958
13438.178330
13477.475056
13476.767554
13484.988959
13460.659609
13482.054213
13470.339620
13499.119360
13460.405098
13460.108551
13458.706120
13457.678247
13512.664675
13457.805201
13449.221076
13483.712870
13501.950350
13460.128607
13475.943262
13475.761767
13486.223752
13472.054570
13501.085550
13487.613526
13461.632234
13487.626475
13483.955068
13450.738984
13451.045035
13461.304058
13502.833077
13461.107840
13445.490069
13434.085715
13446.337496
13446.580921
13445.779555
13477.476527
13486.933945
13483.862615
13476.786084
13472.930264
13473.926381
13480.779171
13458.804834
13460.643473
13471.731486
13447.964428
13494.887510
13461.019355
13460.704105
13459.328922
13484.111833
13475.780073
13486.851877
13485.622410
13485.859063
13463.763090
13474.881493
13448.335752
13489.753636
13471.257321
13484.920807
13487.952345
13484.396904
13448.153652
13469.588549
13446.854408
13459.176253
13435.317188
13471.025002
13458.391612
13448.453640
13444.706609
13472.716136
13462.225750
13481.285206
13456.215312
13469.605219
13471.485803
13463.456527
13514.017958
13512.243782
13462.848470
13487.832242
13475.540339
13436.993758
13434.156078
13459.424405
13476.727876
13458.337708
13473.363851
13476.782986
13459.537438
13444.157470
13448.084855
13445.768220
13434.158337
13444.475275
13447.474128
13458.681698
13469.458116
13464.992416
13463.265911
13463.319213
13477.325981
13459.514897
13476.723360
13459.568523
13449.357441
13447.405174
13471.854404
13470.160061
13473.879622
13459.344503
13488.425069
13484.905100
13488.491451
13471.251661
13484.851479
13488.901711
13508.008778
13505.995779
13490.933551
13490.857439
13490.843888
13508.519583
13505.952722
13459.562575
13474.848854
13436.517150
13459.086266
13448.502797
13445.659373
13483.325232
13483.368961
13456.553706
13446.623280
13435.192903
13471.821583
13447.897394
13456.047958
13458.000712
13447.086006
13445.996297
13482.484737
13460.537481
13446.590297
13487.942378
13462.995035
13463.241194
13448.257901
13447.085102
13458.742797
13472.636072
13469.894899
13473.458378
13484.719473
13473.153803
13459.477187
13484.654376
13513.538626
13475.383977
13476.158188
13469.700663
13469.026178
13449.024486
13422.601951
13445.780611
13433.879953
13433.903005
13434.576182
13438.171767
13427.471385
13471.881557
13436.337412
13423.120461
13421.768409
13421.311148
13421.305605
13422.070074
13422.529031
13422.472404
13421.890611
13423.658963
13421.899907
13542.079976
13461.670785
13472.127036
13493.935859
13478.763164
13478.484199
13433.010941
13422.292841
13458.495759
13433.974530
13423.778361
13423.740482
13459.243705
13433.144178
13458.208733
13445.432871
13482.902327
13446.053203
13446.789702
13482.942450
13459.246115
13457.078259
13446.925715
13500.650139
13472.550545
13471.578541
13472.131136
13471.555676
13455.405260
13456.057831
13455.386816
13481.839144
13481.820795
13433.837306
13469.464390
13433.801229
13444.517537
13457.547582
13443.152426
13457.694652
13456.429270
13454.312091
13444.402238
13457.280289
13466.905208
13455.193579
13422.997726
13459.383461
13434.199313
13458.023472
13484.484789
13469.401499
13459.338522
13445.826646
13457.750313
13460.063379
13458.836908
13468.741148
13444.233294
13445.220598
13457.030641
13458.883746
13434.272954
13434.120928
13432.243435
13457.635443
13484.475189
13499.891294
13447.965187
13447.708112
13444.599464
13434.650288
13447.934622
13447.149194
13447.359898
13435.478187
13443.954393
13433.865040
13424.547179
13445.875742
13446.733471
13446.028599
13436.718289
13448.590586
13460.205546
13474.861689
13463.121622
13474.367415
13462.204642
13495.227820
13462.437085
13489.446805
13521.263385
13475.374770
13489.407236
13494.718116
13496.874689
13461.400507
13462.824975
13480.201885
13480.670634
13473.803073
13497.551405
13506.747435
13480.352140
13474.467523
13481.354191
13488.067132
13489.478419
13462.086203
13472.473067
13495.914090
13463.094152
13489.395812
13488.373308
13489.372237
13488.882834
13474.848358
13489.866202
13494.868251
13462.978304
13487.556229
13464.618867
13476.585094
13447.667640
13461.068368
13461.256109
13459.919555
13476.901292
13478.327520
13480.046658
13460.645716
13436.414728
13435.982921
13449.291430
13446.548779
13435.639199
13448.308354
13458.824325
13444.648010
13444.339884
13433.385359
13444.914954
13446.555424
13435.591596
13424.422889
13445.194877
13433.801681
13487.979776
13458.629582
13433.940475
13433.290730
13437.298721
13456.251390
13471.614262
13456.894502
13457.243092
13447.870939
13437.758878
13460.133729
13447.538255
13460.171412
13448.101956
13460.135469
13457.928571
13457.957408
13411.388151
13456.954157
13423.664332
13434.693071
13434.745439
13485.799479
13486.293527
13487.658886
13433.978529
13457.810391
13434.223266
13434.028787
13422.597519
13421.896683
13448.186024
13433.300185
13433.955486
13462.203259
13483.135821
13488.758336
13491.840945
13514.038279
13502.213661
13502.457341
13459.253896
13458.195267
13458.297285
13473.846767
13472.449447
13459.362946
13446.335451
13481.925139
13458.774854
13461.474467
13474.385664
13446.867682
13458.358313
13488.202168
13490.524466
13446.637921
13476.118051
13479.528999
13493.260366
13476.865942
13451.614467
13436.438850
13448.227048
13462.020288
13509.791297
13509.119095
13500.853741
13474.369179
13462.207024
13466.001187
13573.738735
13550.169673
13539.309573
13541.029611
13539.649224
13459.908064
13464.074823
13475.619534
13463.353202
13474.427643
13492.583212
13458.400180
13460.529719
13473.456005
13461.231807
13458.310876
13446.113340
13508.468858
13435.124485
13461.742281
13462.049148
13457.368980
13437.188184
13445.866902
13475.515077
13474.352014
13445.897111
13444.840875
13444.220841
13458.564472
13470.032878
13434.301100
13447.391596
13444.904770
13448.012560
13461.725451
13427.304014
13467.572352
13424.192004
13423.577908
13433.929129
13434.576929
13471.192229
13458.002738
13434.924476
13434.365067
13445.483111
13467.997325
13436.067782
13445.214291
13445.717654
13444.068680
13444.673120
13426.256706
13460.023749
13460.176855
13424.608420
13458.728959
13498.222695
13487.048611
13433.922100
13434.576327
13475.401032
13433.252721
13433.667876
13444.087247
13469.412227
13444.097516
13443.549276
13442.736602
13443.390824
13448.069195
13446.938589
13504.307886
13456.143524
13456.728819
13457.160509
13457.696854
13445.662293
13442.494776
13445.475380
13468.658231
13432.593915
13434.868434
13434.953212
13444.933772
13480.067355
13441.851597
13443.610237
13467.456178
13468.620077
13431.925336
13434.218379
13434.205912
13444.244956
13456.633965
13446.605239
13447.141451
13424.035911
13423.584976
13447.278275
13447.234857
13484.907850
13436.704919
13446.280970
13434.719384
13444.184672
13470.162766
13445.376786
13434.845572
13433.971092
13445.277640
13458.090604
13471.822408
13447.029853
13435.006894
13455.595324
13455.611411
13443.412275
13459.220682
13444.052232
13446.361406
13446.702102
13434.227863
13433.271921
13445.722934
13445.744888
13456.506434
13459.301132
13432.926110
13448.050106
13445.972319
13446.280613
13443.879650
13458.448591
13468.775577
13444.721907
13446.006584
13456.971153
13456.378892
13454.536693
13456.982290
13444.853108
13443.986682
13469.331028
13433.545278
13444.758669
13470.691295
13434.365171
13475.926128
13446.295737
13436.220982
13473.829538
13435.930978
13447.056456
13445.258824
13446.586512
13435.517781
13436.346890
13445.325483
13433.672232
13445.196429
13446.289251
13444.222998
13487.521600
13478.805278
13478.760426
13435.611442
13460.464443
13425.564581
13424.847059
13437.539810
13436.312641
13461.966460
13527.376986
13456.326972
13447.054959
13446.979241
13456.776862
13456.967873
13446.244374
13482.962302
13457.473778
13493.947414
13439.160789
13436.129977
13457.985966
13424.944244
13436.744392
13437.664770
13435.007464
13435.974545
13459.665408
13436.987020
13437.453192
13459.520492
13448.601899
13434.894613
13422.459841
13460.720314
13445.010579
13448.347297
13444.739001
13434.877900
13443.645054
13446.564503
13446.229431
13444.287552
13434.267412
13471.453900
13472.039523
13461.399438
13460.765407
13447.666268
13446.645617
13445.726518
13446.330062
13447.158601
13457.396666
13434.258443
13445.482634
13472.089989
13448.660579
13459.248760
13448.503814
13456.975530
13447.781635
13459.569475
13447.977138
13444.572847
13468.932626
13435.283720
13432.837407
13443.998222
13445.904599
13435.124005
13423.118711
13423.162378
13434.478229
13422.050458
13433.291738
13425.186390
13469.728350
13445.938010
13446.536826
13434.354997
13424.415488
13433.582930
13469.423222
13434.212783
13445.872422
13434.389885
13445.619603
13433.701030
13448.999295
13446.277950
13446.132628
13471.906981
13446.275151
13472.509964
13437.480519
13459.774847
13434.931133
13502.634773
13437.175487
13445.941126
13436.852435
13459.445762
13459.348345
13449.988257
13457.220732
13449.645362
13471.323425
13443.509577
13445.997767
13459.455344
13436.721408
13436.413005
13433.772580
13435.611552
13445.636259
13446.472077
13435.031948
13464.613476
13477.104209
13487.126692
13450.414903
13451.739203
13459.147662
13469.980516
13445.326523
13446.015560
13448.752552
13447.489043
13448.161577
13457.530134
13456.359966
13483.796720
13486.456036
13469.251843
13486.636788
13456.612516
13472.174883
13445.765939
13447.893090
13448.618000
13445.671363
13444.628714
13469.453615
13434.152983
13446.543313
13447.368723
13444.858653
13447.581984
13445.291162
13470.843444
13434.843170
13447.929986
13447.590210
13496.647063
13469.644981
13469.689210
13470.070034
13458.872750
13469.442401
13473.380864
13436.745925
13448.826549
13472.925165
13497.625720
13499.801107
13435.510326
13436.077548
13425.561843
13435.614264
13436.158564
13425.667265
13471.096880
13460.707013
13470.465980
13471.150207
13471.935805
13449.116569
13450.943075
13460.499097
13447.086822
13434.244220
13444.817272
13486.425256
13486.431803
13435.373067
13434.596690
13459.787607
13446.226358
13444.096692
13457.228778
13444.045178
13446.177120
13445.914190
13443.931036
13443.341789
13445.305037
13449.199844
13448.540654
13487.803146
13487.406569
13447.991646
13434.924463
13472.436131
13445.436702
13457.923081
13444.856725
13445.732044
13445.363025
13443.341937
13460.273517
13481.502937
13444.724414
13460.540523
13454.859106
13445.693695
13445.149607
13456.636332
13445.662427
13472.207325
13472.227382
13446.924988
13457.135660
13471.318123
13472.834859
13446.485654
13469.955601
13457.117447
13449.189978
13460.667506
13483.532977
13460.239661
13457.730514
13444.776558
13460.402645
13467.071123
13454.856160
13455.857175
13444.362848
13425.459637
13424.794571
13460.904440
13471.907815
13447.595537
13448.379878
13445.842259
13448.344350
13458.747007
13446.471779
13435.703640
13437.417521
13446.554756
13435.598829
13449.606365
13435.212633
13436.345017
13461.831659
13462.984522
13449.149422
13432.412518
13437.635083
13464.705026
13465.857557
13464.687745
13435.007772
13435.509732
13423.194228
13423.301843
13431.285820
13461.607273
13462.125046
13451.560772
13446.628028
13461.009891
13446.575841
13461.005266
13457.724565
13457.758654
13436.114614
13492.256026
13467.683722
13467.719110
13423.166393
13446.563506
13446.457750
13444.014247
13433.941811
13432.905890
13422.050448
13421.860459
13446.453378
13445.750181
13444.591633
13445.233548
13433.290175
13462.363629
13434.087728
13472.524201
13424.338949
13433.899519
13432.728473
13460.124595
13446.952188
13447.541558
13462.323985
13462.157746
13458.411070
13471.779422
13496.950955
13459.683490
13474.425225
13473.621466
13433.854437
13435.306293
13446.823757
13435.454310
13471.664023
13475.911222
13472.453148
13436.824688
13473.075909
13476.697684
13449.667541
13449.932380
13436.533089
13447.657492
13447.921760
13433.968874
13445.250446
13434.775887
13483.640062
13501.735186
13448.703020
13460.648637
13459.807776
13482.488106
13457.709568
13480.806895
13448.158116
13447.820309
13446.725882
13460.096678
13458.866609
13477.265868
13435.486059
13437.086624
13460.917397
13437.443472
13474.570213
13492.162411
13489.806165
13478.543926
13484.877413
13487.816976
13487.096930
13484.257110
13486.473605
13485.362969
13458.051060
13476.523549
13474.382474
13452.031733
13437.443821
13462.106146
13449.723080
13449.703289
13476.098766
13474.456906
13457.872207
13491.033685
13464.034463
13461.430896
13464.189948
13462.011488
13464.721605
13446.498412
13423.470046
13462.208840
13459.608800
13434.075673
13434.716527
13422.487101
13445.027524
13445.818109
13446.624492
13446.475445
13434.615649
13447.956985
13447.172887
13456.223379
13456.903936
13447.807937
13445.065608
13446.367990
13446.467261
13456.083101
13457.977023
13447.139731
13422.369297
13459.811035
13459.100145
13459.300138
13448.377888
13460.945348
13457.695525
13447.126698
13458.593742
13457.605113
13459.123814
13435.651082
13448.564661
13451.263582
13447.953965
13446.494124
13461.684711
13434.866560
13424.085937
13424.191966
13459.926605
13436.372271
13435.725884
13448.384050
13445.170123
13444.871232
13435.083338
13435.650064
13443.507949
13436.296250
13434.775255
13478.085722
13435.111230
13411.253874
13411.330457
13463.110332
13457.215325
13457.687850
13411.153114
13471.862147
13432.533836
13433.086045
13472.390716
13484.868625
13420.469958
13463.194871
13462.469959
13495.212089
13461.120895
13445.156396
13445.101744
13461.694409
13499.850327
13445.759139
13445.649921
13433.548260
13433.463908
13445.736429
13422.411197
13445.814829
13434.753888
13434.840140
13444.636872
13434.598850
13433.329735
13458.507595
13458.529090
13457.188281
13457.183507
13422.553989
13446.713282
13447.422212
13458.904515
13475.146124
13468.239835
13439.270057
13489.909575
13462.351464
13461.625215
13464.433981
13464.135159
13489.297882
13490.055099
13464.116957
13438.112611
13448.552611
13447.232684
13445.395600
13437.781485
13459.104672
13459.115577
13444.555989
13460.780228
13432.568099
13509.696151
13520.817864
13437.687791
13447.860241
13494.618120
13494.886719
13460.118815
13472.626860
13450.971896
13458.969801
13459.616409
13477.328333
13451.600628
13475.871506
13482.607833
13460.114693
13459.542997
13448.684833
13459.698019
13501.778931
13460.611895
13460.974437
13450.085239
13502.554405
13450.370066
13462.024037
13474.164011
13462.118193
13449.884478
13438.356915
13443.964861
13446.715229
13446.486549
13444.063429
13443.956967
13445.378536
13444.636903
13445.157885
13444.677267
13457.380064
13444.026455
13459.350564
13433.554815
13461.860649
13486.697043
13486.699142
13502.389937
13460.087832
13448.658626
13483.672601
13502.450165
13460.260410
13449.371586
13450.154066
13460.407417
13497.000724
13475.727254
13459.178109
13458.419580
13445.525418
13434.027057
13459.698472
13471.358773
13436.292367
13448.088024
13460.417214
13459.256700
13424.795438
13458.177741
13447.086422
13446.392058
13460.734256
13449.077806
13472.912463
13433.371868
13432.703531
13434.221655
13446.500896
13419.853618
13434.720407
13434.619879
13459.653223
13443.356320
13433.441319
13436.707317
13446.073949
13446.403469
13445.664848
13445.537291
13445.694597
13445.239786
13432.027421
13434.131714
13435.445157
13422.709298
13457.979115
13422.666229
13433.587041
13433.425384
13444.139974
13444.593389
13443.469934
13444.814934
13444.092814
13444.568108
13443.980642
13434.768159
13444.683758
13434.902840
13435.459268
13445.894145
13447.392887
13446.604365
13435.636274
13471.886833
13469.833377
13434.453291
13432.788966
13434.332986
13446.568365
13434.969649
13434.844830
13466.064187
13463.672941
13459.628708
13494.738785
13473.748533
13473.516932
13491.858197
13473.247985
13472.511513
13496.928411
13510.313457
13494.682331
13494.538665
13512.709821
13496.816131
13493.968738
13450.887421
13450.393333
13462.694822
13471.048056
13459.885660
13487.958241
13449.193108
13447.037143
13437.508917
13448.353885
13490.647411
13438.998606
13457.969739
13461.632165
13456.568031
13447.059608
13445.641734
13489.123711
13436.349965
13460.525567
13478.179249
13485.767970
13447.027855
13449.247216
13442.992831
13469.408717
13434.137726
13446.078470
13433.620389
13459.079954
13448.052775
13444.681011
13443.517137
13444.523414
13450.764876
13457.801098
13462.234243
13462.380736
13447.480947
13447.450428
13423.787076
13448.035609
13462.215991
13438.960545
13450.762115
13461.415202
13463.381364
13436.967876
13449.373658
13437.834488
13437.913089
13447.294645
13489.337519
13461.802161
13448.705900
13449.622232
13465.547796
13481.392552
13475.413362
13473.083733
13467.672722
13473.189792
13478.876861
13467.566078
13481.812707
13461.397956
13501.854547
13473.639870
13501.964348
13461.128604
13473.783491
13467.143759
13474.648428
13435.172800
13448.001553
13422.482886
13447.551705
13421.701106
13411.196445
13446.904810
13461.979132
13589.914672
13476.929624
13465.416808
13541.244165
13485.238505
13450.726385
13448.606185
13600.965934
13603.801730
13581.110255
13720.249381
13494.096561
13506.173934
13471.586267
13471.091038
13472.769182
13461.103816
13461.219177
13471.729025
13500.473206
13449.040387
13449.756310
13472.584997
13485.692886
13471.940309
13472.464762
13448.482358
13471.173994
13471.267036
13481.591664
13459.007270
13469.074535
13469.096842
13481.880788
13456.539101
13472.904408
13458.377466
13455.138328
13447.541322
13486.001132
13459.041150
13462.160871
13473.815229
13435.372206
13486.765307
13477.356314
13451.047603
13466.265621
13475.888406
13473.382096
13490.151012
13475.595941
13465.609476
13477.905591
13450.424138
13424.069655
13432.464301
13431.888528
13434.951025
13447.345252
13448.049768
13447.589829
13461.748322
13461.235549
13460.497036
13460.854461
13506.084989
13422.685098
13411.280187
13447.086077
13412.764691
13412.780797
13447.823536
13493.259341
13473.098721
13473.892183
13412.701781
13460.397840
13459.874000
13459.388871
13435.685175
13434.651902
13434.469828
13422.068721
13436.112290
13434.359186
13422.682950
13423.250782
13423.223232
13444.094469
13446.689017
13457.234721
13421.975420
13436.023177
13434.174908
13459.463984
13463.627261
13478.788762
13446.109386
13433.331835
13432.456514
13446.996345
13423.134849
13434.674626
13434.728918
13433.911712
13420.028151
13420.771723
13445.786274
13421.262173
13447.434252
13459.182000
13470.934104
13446.601780
13447.869256
13447.546884
13433.516464
13447.636753
13480.006712
13446.732294
13470.588622
13446.265122
13446.358039
13443.213041
13481.003920
13433.533822
13443.998093
13444.534696
13433.602246
13444.619202
13434.315957
13434.093775
13446.318388
13444.606962
13446.221105
13433.201275
13446.625822
13446.677447
13445.005972
13432.523801
13445.720799
13473.531458
13486.464399
13487.661823
13432.590059
13456.981466
13460.683205
13457.126101
13449.808217
13456.822673
13456.928886
13436.060931
13458.398350
13443.490988
13433.547686
13446.667117
13446.104098
13446.185376
13443.372417
13441.889835
13442.452880
13467.119885
13431.978510
13433.519167
13432.841524
13431.296903
13456.533952
13421.342829
13475.578949
13476.325947
13490.436436
13471.362078
13460.758164
13472.183981
13471.285509
13460.941454
13471.590174
13460.510531
13459.340561
13458.856278
13458.683636
13482.604021
13435.381046
13472.451495
13493.710512
13456.044600
13445.405454
13473.410019
13475.557356
13447.506222
13473.469869
13447.453831
13446.392793
13445.653209
13445.923854
13422.681684
13433.153218
13446.484015
13422.075161
13434.572991
13432.798854
13433.931240
13485.034768
13425.647078
13424.478405
13422.659698
13435.597950
13447.337843
13470.820744
13447.249525
13457.140530
13447.285034
13447.290075
13470.732076
13446.391635
13445.806906
13460.530605
13459.248678
13485.286653
13459.969373
13440.013861
13475.696927
13451.108295
13436.368874
13457.010462
13446.489267
13463.856818
13435.276137
13463.855230
13434.455504
13459.677072
13434.149282
13445.042643
13446.462427
13424.358747
13446.291392
13433.541450
13422.853632
13433.743078
13432.939208
13435.400310
13445.262423
13443.573258
13434.361616
13445.537423
13445.702851
13489.132211
13475.420530
13476.037844
13475.392353
13503.687971
13483.350111
13434.575700
13433.521816
13435.705481
13422.849916
13411.140093
13411.357026
13410.956544
13446.478045
13447.812088
13434.194354
13469.382920
13420.841098
13420.625798
13420.707873
13431.744005
13422.496047
13454.648345
13421.851293
13434.331809
13459.576924
13459.034294
13437.764687
13448.657896
13435.641640
13424.566990
13423.384334
13450.538148
13473.611568
13450.172471
13461.265167
13448.852719
13472.575724
13473.256309
13485.907527
13462.076879
13461.418212
13445.329658
13488.924192
13500.924960
13472.812614
13470.711087
13484.777083
13472.485443
13462.820694
13473.181543
13521.450256
13472.882727
13451.018120
13460.700946
13494.610285
13477.031324
13471.215248
13472.627890
13473.450058
13459.621489
13498.523377
13486.393192
13475.176382
13480.613216
13462.027696
13461.086521
13476.505058
13445.313312
13446.102028
13434.756983
13471.827008
13435.594121
13457.970973
13458.030806
13460.489634
13462.813984
13460.454323
13487.293131
13487.354491
13472.916674
13468.985232
13469.028969
13459.573811
13458.758957
13459.371098
13436.757758
13459.248913
13437.216978
13476.279298
13434.133493
13459.631843
13459.002888
13436.295571
13457.797101
13437.243319
13462.302601
13456.184176
13456.794460
13456.305734
13454.726880
13444.821181
13455.908399
13455.293069
13454.695897
13455.244253
13460.484900
13434.788959
13488.759112
13434.929038
13446.898486
13461.110965
13445.536615
13488.583465
13434.076844
13476.435489
13435.756253
13470.964796
13436.369406
13435.627499
13471.082530
13436.985311
13436.191261
13447.522166
13483.429524
13459.384839
13458.912057
13469.268989
13435.422912
13446.564444
13459.553691
13460.749389
13461.298803
13472.987674
13447.128182
13457.288382
13446.376417
13477.286864
13479.605802
13490.750171
13490.715961
13479.197647
13457.942158
13459.968453
13447.665237
13445.961358
13472.089064
13472.659143
13446.440036
13435.289693
13446.513906
13446.232107
13460.457629
13425.181576
13510.507979
13500.101627
13497.892649
13469.394153
13507.888564
13459.791902
13513.485771
13512.069582
13459.719237
13460.971598
13460.376486
13460.966015
13458.312300
13459.580500
13501.077587
13448.986872
13438.524793
13475.598182
13487.962199
13450.148209
13475.748382
13473.678774
13475.954096
13451.286676
13464.449633
13469.446447
13468.207401
13470.196560
13447.878374
13500.907530
13447.308183
13448.549450
13454.135981
13446.321596
13484.408624
13454.783061
13445.294107
13425.753932
13457.334546
13446.844070
13424.285334
13424.199066
13423.732138
13463.643730
13435.548290
13464.415503
13476.215815
13477.335904
13434.185532
13463.130071
13423.611376
13424.953819
13450.445181
13415.394075
13432.751543
13461.194381
13434.671574
13449.470881
13445.923585
13435.306904
13449.750198
13424.121375
13424.699459
13456.620507
13468.141785
13501.140803
13446.561524
13458.597333
13447.353655
13470.032789
13492.226390
13495.521259
13490.928948
13478.186839
13477.833664
13465.557894
13455.546922
13455.602239
13430.756074
13431.328574
13445.891190
13473.029508
13446.481922
13422.191166
13458.101159
13447.094246
13432.865386
13422.237871
13422.103470
13457.535992
13446.941560
13422.566901
13435.379529
13422.206432
13446.465758
13433.296929
13434.219791
13422.628050
13435.628057
13445.246763
13445.773627
13487.526540
13446.160405
13446.474367
13457.531134
13458.123378
13458.702992
13435.336665
13471.871347
13449.031024
13445.733278
13449.411263
13456.458630
13469.194144
13444.940869
13458.981686
13446.400762
13456.675584
13481.536545
13445.745076
13455.866457
13454.546705
13456.366254
13455.694974
13456.706336
13455.804102
13455.177022
13444.539025
13446.157254
13485.556517
13457.144283
13460.262591
13446.807901
13470.193554
13445.487293
13446.954910
13458.482726
13458.770902
13455.367302
13457.015666
13459.476018
13445.181980
13445.846664
13447.800441
13433.148179
13456.278110
13456.925539
13447.824664
13445.010104
13455.613218
13432.056010
13455.322832
13444.983435
13445.718765
13443.195148
13444.878270
13446.780361
13443.677871
13432.633032
13433.241214
13455.855700
13487.563338
13489.138711
13432.602667
13446.716716
13433.253767
13467.310969
13475.493488
13483.140809
13457.950622
13447.124901
13445.292278
13482.058651
13448.431036
13483.799994
13437.908831
13456.381485
13444.927138
13458.353673
13457.937112
13447.871932
13471.501688
13446.285754
13449.445794
13435.097031
13437.668788
13436.536240
13472.113540
13482.957790
13485.187370
13449.157366
13460.025525
13445.132268
13448.357178
13448.478312
13448.807966
13458.396926
13460.460624
13437.828998
13470.336242
13481.993301
13515.766268
13473.256586
13484.231889
13465.302713
13447.927255
13457.749203
13461.524906
13473.797333
13473.878571
13447.324674
13462.157561
13471.513095
13459.947085
13448.604352
13501.951943
13458.474070
13472.117965
13447.402857
13462.024907
13473.020133
13458.731336
13447.946686
13489.809376
13447.249326
13443.186409
13433.951692
13463.817708
13446.429167
13447.810562
13475.360699
13448.559555
13448.060823
13457.325969
13457.816278
13473.272529
13462.252064
13446.596785
13483.136668
13472.770246
13459.267822
13446.479195
13447.298104
13459.620712
13458.097936
13468.576975
13457.413862
13445.244997
13469.797491
13456.521426
13445.274388
13455.746881
13459.425725
13447.907790
13474.003565
13482.958838
13458.676972
13446.603521
13472.644810
13446.423103
13483.805533
13457.088998
13456.466138
13458.482033
13457.329508
13458.753912
13510.547894
13469.156899
13467.906879
13457.695501
13469.749357
13459.573200
13458.593711
13469.477602
13465.062830
13458.232210
13482.575988
13469.813263
13458.562296
13512.431608
13470.620081
13470.277446
13456.312040
13499.989203
13448.982870
13447.562200
13500.240062
13463.445308
13450.207631
13452.583380
13450.239623
13457.748541
13457.688242
13540.092236
13460.461069
13449.326651
13501.039183
13471.528906
13485.860114
13484.012633
13456.797171
13459.505999
13473.794088
13445.303674
13457.311516
13481.823239
13456.810035
13481.907056
13469.768231
13457.473553
13481.756060
13482.317803
13447.580117
13446.279776
13459.778394
13448.753518
13458.432893
13447.521138
13485.122046
13482.528187
13424.148951
13424.818771
13467.543028
13425.502999
13448.234397
13477.391651
13434.760683
13458.068595
13447.633012
13460.150761
13436.821146
13458.663126
13451.415863
13460.643809
13474.863476
13448.832709
13457.593241
13448.198308
13496.147768
13448.213910
13495.552490
13457.589430
13511.631178
13493.874106
13448.045869
13448.622838
13486.187666
13482.535405
13473.876385
13472.418856
13449.758509
13451.101706
13462.652425
13427.615527
13488.876084
13526.583891
13461.975752
13465.290137
13461.368116
13476.458875
13473.318737
13489.639354
13449.418956
13491.826340
13446.527746
13461.589164
13472.688782
13445.711385
13488.971017
13463.783695
13458.435028
13459.179461
13498.974392
13496.329009
13476.329340
13437.813284
13459.836324
13459.301624
13459.314375
13504.718624
13450.192356
13437.714426
13486.407333
13448.352317
13447.749840
13448.551295
13446.340850
13445.017033
13485.701379
13485.229285
13472.224790
13485.917726
13474.186679
13502.783842
13499.481880
13502.303050
13489.183203
13446.498981
13447.062969
13485.989127
13446.974765
13457.428591
13422.118229
13439.259574
13435.068658
13450.400256
13449.635764
13461.302667
13444.081075
13433.922437
13459.963904
13461.497668
13432.798462
13445.319593
13445.323970
13457.488344
13447.536367
13471.795412
13461.868174
13458.200060
13476.854134
13485.890088
13472.998581
13468.127973
13433.317374
13457.512478
13459.069466
13456.364973
13484.071227
13455.643597
13445.660022
13480.220610
13444.326966
13457.277246
13458.590921
13455.436443
13480.337555
13455.216270
13444.764382
13458.851692
13457.614187
13437.785943
13471.435468
13489.070522
13448.595728
13458.192783
13458.021877
13495.657852
13458.153567
13511.325959
13469.816804
13459.111098
13435.490785
13470.744709
13448.378122
13459.974204
13470.082952
13449.435104
13444.897972
13434.853250
13469.589898
13458.481755
13445.270496
13468.914077
13446.437786
13448.699679
13447.073274
13444.778243
13471.274323
13472.524177
13489.925625
13437.488942
13458.628283
13469.804680
13492.225345
13459.737445
13458.799183
13491.912154
13473.848263
13489.077573
13473.027127
13475.957630
13497.565189
13464.979009
13498.553424
13491.082072
13505.001062
13475.857694
13475.095377
13473.815871
13479.579930
13476.277229
13454.731612
13467.974495
13474.374993
13475.843670
13440.415177
13464.410124
13460.279288
13487.948796
13474.525369
13467.814683
13444.911183
13444.873299
13444.356355
13469.368036
13434.854655
13433.529325
13464.262725
13474.375797
13423.548609
13424.757013
13437.797437
13437.088658
13433.409040
13433.409820
13447.634160
13433.868422
13436.662938
13436.255901
13474.543001
13422.992034
13424.199275
13424.236818
13480.284898
13476.476600
13422.790110
13435.422811
13435.560478
13502.168748
13502.206080
13488.959248
13488.986408
13487.606478
13457.519271
13483.836175
13449.366460
13460.367777
13448.608368
13460.280800
13448.901370
13481.886175
13469.747451
13456.480303
13461.502778
13445.593488
13475.714790
13475.448892
13486.753060
13446.616338
13459.550379
13447.900006
13480.622543
13477.972476
13478.024135
13489.146980
13472.637523
13472.664413
13460.165438
13459.557769
13460.770323
13486.682057
13474.931861
13470.483945
13460.749537
13459.068814
13520.242723
13509.514977
13511.117036
13506.257232
13433.939991
13488.020786
13435.332540
13488.735798
13461.978703
13465.105685
13462.683650
13446.320076
13462.691966
13446.627766
13448.863198
13447.247594
13469.547694
13447.837436
13446.387812
13447.829669
13459.032589
13458.477475
13501.203920
13475.459971
13487.258839
13448.937161
13449.479464
13452.837506
13451.064961
13451.099614
13457.933464
13457.993456
13446.505860
13447.642907
13447.008292
13457.952744
13448.039230
13458.610980
13459.797452
13460.440047
13513.688782
13459.282460
13448.238713
13469.500441
13474.176377
13489.657882
13475.835064
13458.982719
13445.616772
13458.993271
13437.761439
13518.699984
13516.584586
13463.220498
13472.337038
13450.418060
13472.607182
13474.839047
13469.211982
13412.780159
13458.405577
13457.899912
13457.716591
13432.589900
13458.883086
13433.534739
13447.369157
13470.807322
13432.725946
13436.434375
13423.860395
13423.833112
13443.100341
13445.817006
13467.749932
13433.709623
13433.638941
13446.097025
13443.172936
13436.734306
13458.347583
13422.701858
13432.657883
13444.973745
13444.870049
13445.664792
13484.978038
13425.138102
13425.111385
13459.770646
13423.947696
13447.057088
13446.909276
13487.600808
13432.462528
13431.908812
13432.573931
13419.441722
13446.259248
13443.410489
13480.671070
13443.897841
13443.246276
13434.069100
13433.955035
13455.949460
13433.353216
13456.485115
13456.637493
13446.787188
13470.828157
13444.747114
13470.756634
13411.329431
13411.273256
13411.899636
13411.399321
13411.499313
13411.494566
13491.675606
13464.849018
13473.993252
13448.162471
13447.154061
13448.459203
13481.761127
13447.225121
13481.723852
13448.303606
13468.858398
13433.156889
13446.613185
13469.453184
13447.419159
13423.397534
13434.574077
13449.002807
13475.208388
13452.335942
13449.128479
13449.761657
13437.224286
13446.297244
13447.554208
13456.951488
13455.800961
13446.350456
13456.262108
13456.210180
13463.342471
13487.711859
13474.307188
13514.213888
13503.726140
13489.662708
13473.995416
13471.197090
13482.409616
13471.993782
13470.668431
13472.935815
13489.013712
13514.738126
13460.969089
13463.339766
13487.753649
13464.305420
13474.263734
13514.238140
13471.892198
13473.246452
13448.182388
13482.668124
13499.856389
13458.135523
13449.033288
13463.420923
13473.408008
13469.967026
13470.598470
13496.928258
13463.646292
13473.524169
13474.144951
13434.890677
13434.857517
13458.689906
13434.837131
13456.974980
13434.868557
13457.986099
13489.662317
13459.318988
13463.836508
13452.220951
13478.564908
13461.488093
13472.582456
13473.748804
13444.862389
13444.838646
13459.534337
13449.000461
13460.219922
13501.216857
13486.742365
13487.359964
13484.055306
13475.070353
13471.232490
13457.571360
13487.642485
13470.497146
13457.927854
13487.419084
13497.987741
13486.427187
13468.400826
13469.375834
13458.114119
13469.808862
13458.114037
13469.178380
13459.370436
13474.768156
13485.827238
13471.548469
13449.371018
13458.367580
13471.000733
13444.919859
13446.266954
13515.735771
13470.894077
13460.455039
13458.694756
13458.470321
13460.302330
13480.790856
13446.470288
13471.572530
13455.101905
13456.989571
13498.172346
13480.201798
13457.410129
13444.969875
13488.247040
13446.798908
13458.655375
13445.436814
13457.953599
13458.344357
13445.718677
13458.151867
13455.547204
13446.198190
13435.678118
13446.354455
13469.864717
13460.615112
13461.011814
13447.639633
13448.207814
13437.688534
13448.955850
13473.348478
13478.858894
13445.863273
13484.958599
13471.237412
13460.520546
13455.866396
13484.782569
13469.329123
13469.835544
13469.227398
13422.763875
13436.420079
13423.447916
13434.068333
13433.257409
13445.784387
13446.386816
13446.475535
13493.728964
13449.154652
13481.923309
13448.614834
13455.715126
13422.025850
13422.272985
13472.882993
13412.641636
13446.435108
13412.478572
13412.749578
13445.940480
13434.899491
13412.694159
13422.165257
13434.602729
13435.077791
13444.152375
13434.201196
13471.444822
13470.964440
13444.391699
13434.959597
13470.767960
13437.476732
13448.076161
13485.653439
13446.868237
13435.805580
13486.478099
13438.037184
13444.080445
13458.320853
13447.463308
13435.775410
13457.410829
13458.857600
13436.943816
13458.868369
13436.431361
13458.871984
13448.633526
13458.494268
13436.783090
13448.596642
13482.640342
13484.620018
13444.792844
13462.381021
13446.978681
13435.506851
13447.253999
13452.107100
13448.858353
13449.495176
13446.605932
13450.639840
13447.324520
13447.939134
13459.177606
13459.100220
13459.175969
13502.592146
13456.102389
13500.441787
13501.123765
13456.561838
13462.323806
13459.078728
13459.711747
13485.885201
13498.160390
13471.553343
13447.024885
13462.657999
13433.264161
13476.039783
13462.392565
13436.251809
13433.917203
13475.070637
13435.678295
13435.123103
13434.560889
13434.910882
13433.121541
13474.241141
13433.810161
13425.067052
13487.183959
13461.695886
13461.594697
13461.611031
13456.558198
13433.005543
13434.065626
13431.494488
13421.395932
13434.052932
13445.475344
13432.550105
13422.056766
13435.241998
13445.682543
13471.739334
13446.237236
13444.965874
13444.915506
13446.935918
13446.852911
13445.685303
13445.622305
13435.179047
13433.342171
13461.571476
13461.578597
13461.693576
13487.686742
13466.183804
13447.305794
13437.955990
13435.137333
13433.249407
13475.098617
13471.599828
13432.106382
13445.988409
13447.228350
13456.096147
13500.261950
13456.735742
13447.342487
13458.119558
13469.657913
13470.890451
13459.437949
13500.821294
13468.347413
13480.184553
13467.700362
13470.971444
13457.855184
13468.958473
13459.672324
13470.954743
13468.156033
13468.891322
13472.699305
13434.349936
13435.678034
13469.112854
13446.213360
13468.666164
13444.115349
13444.221233
13468.440873
13510.055564
13457.073594
13457.659295
13458.313966
13468.333712
13433.425329
13432.702965
13447.254953
13445.984676
13474.826698
13463.635823
13443.250753
13442.551482
13454.540931
13478.890543
13481.961720
13445.963407
13436.055529
13446.507391
13500.353041
13458.426709
13458.276909
13469.382222
13470.891336
13458.114670
13456.924205
13456.301498
13446.999981
13495.855958
13447.972444
13455.386629
13504.384475
13494.041847
13485.389021
13469.362850
13470.721378
13469.319991
13486.991249
13448.741093
13459.861137
13449.443411
13471.313969
13481.694616
13459.061653
13458.948525
13470.054054
13470.935881
13458.674428
13498.822233
13447.559720
13495.743330
13470.505523
13512.763268
13458.810705
13459.370896
13476.348930
13449.204219
13448.871428
13466.405140
13511.875547
13458.324917
13433.327470
13444.457918
13458.912892
13459.540866
13446.890838
13448.020741
13444.624275
13434.706209
13445.902597
13481.740346
13443.628505
13433.173968
13434.238484
13458.032016
13433.111967
13432.698881
13431.389920
13432.501515
13431.950304
13433.561749
13473.277243
13462.651929
13432.490988
13433.657103
13457.351281
13457.691853
13424.726493
13424.580944
13467.750428
13467.727665
13496.035500
13496.061026
13496.623403
13505.346303
13468.288702
13468.818223
13444.798655
13483.255145
13456.402456
13457.046100
13435.023349
13471.532378
13458.134702
13470.972474
13444.040988
13434.038936
13447.085292
13460.673237
13433.434855
13434.068468
13471.288946
13474.526932
13435.081138
13434.402997
13436.353824
13437.351698
13435.187825
13423.200091
13473.050938
13472.546302
13447.347791
13471.618726
13473.827697
13456.989924
13481.513776
13470.583777
13459.629194
13459.543530
13436.074415
13456.408299
13457.655916
13448.127821
13447.791269
13483.560111
13435.774907
13479.570069
13435.773786
13448.425640
13445.770353
13423.549412
13459.870841
13494.862020
13434.095822
13473.471672
13434.795733
13481.510224
13433.562430
13485.058250
13435.462673
13461.583232
13460.704105
13436.429424
13459.678990
13449.313933
13473.396106
13447.221273
13414.139057
13414.040684
13433.493025
13434.712360
13483.884631
13484.362726
13484.954211
13449.794348
13449.762318
13485.977948
13447.908156
13447.943774
13483.941123
13437.281165
13484.392979
13457.821445
13457.604637
13433.839934
13447.459713
13447.686994
13479.464302
13459.618072
13444.632282
13433.506047
13434.051018
13446.332801
13492.910819
13495.546554
13459.614578
13459.553167
13444.866785
13468.822458
13444.204233
13433.483956
13433.643342
13444.159755
13459.164743
13459.663266
13460.088545
13467.092261
13468.395915
13457.804019
13435.214266
13434.700116
13457.718482
13457.085556
13424.041715
13423.992735
13456.849011
13457.098047
13457.294270
13447.331791
13424.629633
13424.162303
13434.929913
13434.789785
13457.444001
13434.880349
13458.001579
13459.687960
13457.824020
13471.004517
13459.660746
13447.805769
13456.609323
13446.429528
13472.190753
13460.715659
13470.104812
13448.428118
13445.372297
13434.882036
13470.945136
13471.743623
13449.173065
13434.858535
13460.682114
13473.033135
13474.581651
13474.102304
13461.378922
13437.735036
13438.997416
13458.973544
13435.260688
13450.024257
13495.961955
13505.919973
13509.299830
13457.063369
13457.570248
13458.610022
13468.403980
13447.361730
13458.670141
13469.395954
13468.941468
13446.180870
13445.431469
13496.499202
13457.946033
13469.880016
13458.705676
13471.252213
13446.210609
13459.200386
13436.120801
13458.661945
13471.886326
13459.143789
13436.752683
13457.958040
13470.039525
13446.091894
13457.943909
13435.514293
13445.545341
13472.359439
13435.286048
13433.798315
13458.505961
13448.715156
13434.440993
13445.362210
13481.584691
13444.833906
13460.315389
13471.878455
13453.489595
13464.710656
13458.502080
13459.124371
13446.932634
13447.605425
13499.365993
13446.363012
13457.858476
13423.430887
13423.391882
13424.064372
13425.298561
13463.437016
13422.852873
13424.065857
13462.785331
13431.800358
13431.960782
13445.915666
13459.936945
13434.721660
13434.830588
13459.339339
13435.885928
13444.684226
13444.166487
13443.399940
13446.062629
13486.363373
13446.742463
13445.535328
13472.211404
13459.498756
13435.663808
13435.374047
13458.909850
13435.064197
13433.972860
13444.819288
13445.432863
13455.768743
13455.780135
13458.261101
13444.733753
13456.946122
13454.700918
13468.618763
13446.082553
13469.626224
13448.145564
13459.235646
13459.535244
13446.048050
13458.356687
13456.089655
13459.719293
13469.930156
13447.458896
13431.562390
13468.550836
13447.423266
13432.757865
13457.764758
13470.428832
13481.333657
13459.015618
13459.618895
13446.666521
13458.436649
13435.755662
13436.352306
13445.229012
13444.980114
13441.840600
13444.247069
13431.833107
13444.300411
13434.158277
13434.216479
13443.729931
13446.620237
13432.638422
13421.999016
13446.636681
13456.483254
13432.059360
13444.994728
13446.088545
13434.124732
13431.939632
13434.839153
13446.524029
13422.013280
13456.471735
13433.153689
13435.919454
13421.874264
13445.824450
13436.629545
13422.084371
13446.493787
13420.846819
13445.059032
13436.482812
13444.309354
13445.707480
13433.688621
13445.902628
13455.518522
13471.092268
13457.066685
13443.119283
13432.581342
13466.955053
13443.760783
13467.722729
13466.882076
13446.549573
13443.996982
13441.973403
13444.783138
13432.043398
13456.439174
13433.714357
13433.526644
13434.845624
13457.162808
13449.077244
13480.645672
13483.721390
13483.061731
13430.987877
13469.978576
13435.701765
13431.652358
13468.346486
13432.421312
13468.957468
13443.546889
13455.150438
13454.540275
13454.911714
13456.519161
13469.438393
13443.543809
13445.479020
13445.031167
13456.069587
13431.981705
13446.493989
13455.516971
13492.875711
13456.101482
13445.462158
13470.796388
13513.277943
13473.053472
13444.456412
13474.968307
13470.771642
13448.349154
13470.264268
13457.213105
13433.837337
13447.959847
13436.493376
13458.299916
13433.776301
13486.762526
13490.214244
13470.753868
13470.670687
13500.198530
13447.246791
13447.834587
13448.463596
13465.144403
13453.929837
13433.391558
13434.603548
13432.758001
13448.299048
13425.100934
13424.652281
13448.871503
13447.132976
13462.167433
13460.272589
13424.648996
13435.434948
13447.317700
13435.976697
13457.084324
13433.220680
13432.622756
13446.442213
13458.995680
13457.827379
13447.835431
13458.965958
13458.039284
13446.298894
13445.957872
13446.402485
13436.499238
13421.853019
13447.707771
13447.692379
13501.448721
13504.718962
13475.221075
13459.718764
13422.516887
13532.303484
13433.389815
13434.133745
13423.887848
13448.235086
13458.761300
13458.675786
13447.721618
13458.783249
13444.741673
13458.162519
13487.621560
13486.453912
13448.027801
13458.470236
13470.303051
13422.702521
13435.009844
13433.191951
13432.846903
13457.801611
13436.885713
13473.854367
13479.629986
13497.107277
13474.083642
13463.354648
13472.809266
13462.398543
13462.257873
13498.063097
13516.766553
13515.293654
13427.873561
13467.957182
13479.134554
13476.606595
13475.366879
13438.914474
13476.843440
13438.551636
13449.037222
13437.772901
13448.252603
13435.187032
13423.870695
13494.910741
13494.886914
13458.585160
13487.764261
13486.575988
13488.391591
13458.626100
13472.632172
13458.576413
13459.170786
13488.207890
13490.333750
13515.949366
13434.159214
13447.263103
13460.492062
13445.617263
13484.616515
13446.461629
13446.309024
13446.981644
13438.599029
13424.869807
13459.789895
13487.625697
13485.012072
13485.878765
13446.842502
13446.301231
13447.852321
13444.758330
13444.035418
13444.022521
13431.767612
13432.540170
13424.493164
13447.698023
13433.915220
13435.314821
13446.810490
13457.734822
13448.342158
13447.511437
13435.106265
13445.763221
13444.990888
13425.267003
13447.162738
13435.207497
13435.428593
13435.537839
13446.069462
13470.238991
13447.056433
13447.836290
13434.854144
13470.207499
13446.664714
13448.102843
13474.432747
13487.346206
13487.410623
13458.828847
13459.312711
13472.697652
13449.052237
13461.217960
13487.307111
13487.409105
13459.792027
13472.616712
13448.789402
13458.957418
13458.467363
13459.116572
13532.852416
13533.464765
13478.292178
13487.247611
13492.123026
13511.137168
13497.971980
13461.761683
13474.113996
13462.796590
13461.948630
13472.519097
13509.064615
13505.035276
13489.917690
13473.076399
13462.260276
13450.970868
13484.062084
13488.646911
13499.701148
13496.616700
13486.464772
13476.297584
13476.100257
13474.230182
13485.194730
13488.326411
13487.130910
13474.589655
13486.948042
13494.374458
13520.774820
13517.966816
13505.927452
13537.833976
13475.723293
13465.474576
13479.195749
13474.647972
13462.060435
13475.592316
13462.744537
13494.961827
13508.791411
13475.525466
13464.521283
13507.025474
13536.828441
13512.271792
13512.231482
13536.785855
13437.192044
13464.542817
13524.395174
13536.800056
13512.245544
13487.530013
13464.522618
13486.511725
13499.715754
13464.581557
13486.406287
13509.481468
13476.275566
13487.260178
13500.448517
13515.146520
13578.377814
13546.519918
13577.810491
13546.008206
13513.743678
13513.785370
13529.013219
13477.869168
13464.143501
13508.366658
13464.855755
13497.819671
13494.256074
13494.421766
13513.905910
13516.708327
13471.751405
13472.169932
13460.955291
13460.020763
13493.533228
13487.450007
13498.862417
13485.704100
13494.825833
13474.683163
13507.863897
13487.178977
13474.032941
13463.013467
13496.709621
13438.384505
13449.092596
13491.231415
13468.597169
13457.854905
13472.550450
13450.585026
13451.029754
13489.388154
13483.624100
13485.800775
13486.713301
13494.739637
13484.679547
13491.035735
13469.584550
13470.063470
13476.991858
13494.485546
13503.910678
13491.895293
13483.540131
13482.987427
13472.816517
13448.570915
13472.256529
13462.578513
13448.848949
13450.389377
13460.583486
13502.094436
13457.690874
13461.026867
13447.692975
13461.040157
13457.474337
13457.667338
13448.680208
13459.693016
13473.131629
13447.937422
13457.533906
13471.428488
13461.485050
13473.770605
13513.880980
13486.751365
13461.410759
13450.732750
13435.595920
13450.504367
13461.256421
13457.907835
13461.908755
13461.158028
13502.949919
13501.896070
13449.215500
13485.792433
13495.840071
13435.673887
13461.349938
13444.979803
13459.607008
13496.189659
13487.179901
13477.647393
13491.460456
13502.645291
13480.769919
13479.468591
13476.464710
13472.646769
13505.130315
13472.430456
13473.215572
13479.222784
13480.666270
13480.444776
13491.088823
13480.343124
13523.828194
13479.945674
13493.295054
13459.697771
13460.455793
13435.831185
13472.477977
13471.145247
13447.297272
13447.866364
13472.338164
13483.267280
13436.512801
13437.030183
13472.403035
13448.042873
13459.448409
13483.665652
13501.179024
13482.515997
13470.318976
13495.012274
13471.684902
13471.368788
13481.575836
13486.382710
13498.468157
13481.732644
13469.913187
13470.660716
13483.375791
13500.469992
13458.174470
13447.341539
13458.082344
13480.733834
13460.019792
13483.323625
13462.398699
13472.301313
13483.988865
13487.119653
13461.634238
13460.914655
13457.957291
13455.996184
13445.366274
13471.976495
13459.275632
13472.432339
13460.592436
13471.871075
13458.335182
13446.452944
13457.002943
13459.023066
13458.493282
13459.297910
13459.037916
13444.809193
13471.232626
13471.677310
13459.645077
13468.377391
13467.550288
13471.294937
13457.306040
13457.837113
13458.397063
13469.276897
13472.804781
13457.119074
13470.928804
13458.778946
13469.844065
13471.393993
13444.380632
13449.058218
13456.131379
13470.611422
13434.326098
13470.932797
13471.955819
13483.283486
13458.522271
13459.886619
13486.434692
13457.231648
13456.670768
13456.382702
13457.763983
13479.225627
13444.832599
13445.502461
13468.979305
13454.870362
13455.762602
13457.994347
13456.424147
13454.348561
13457.111807
13454.886099
13479.838357
13444.873223
13468.827491
13469.697892
13460.462260
13446.653293
13445.152818
13444.209451
13447.655814
13468.768829
13444.072219
13472.248773
13475.385290
13502.044847
13524.108347
13524.079461
13524.107691
13524.078831
13516.465056
13532.902749
13448.283433
13466.452117
13458.667188
13476.278550
13446.594448
13435.792463
13448.027958
13486.824324
13446.275127
13445.482963
13474.564005
13501.945135
13460.296114
13459.107654
13434.400946
13471.506070
13425.954539
13459.071270
13459.327358
13477.631819
13469.959352
13488.281448
13447.831529
13436.995070
13458.962390
13450.103540
13449.569846
13494.772599
13449.525081
13472.316824
13438.544212
13486.129050
13484.512674
13449.538341
13450.578721
13461.359898
13472.305468
13494.540306
13497.063474
13441.294273
13473.236649
13437.559494
13444.157360
13469.093053
13469.142312
13444.647936
13434.173621
13437.664603
13438.064726
13471.994398
13470.737763
13489.368838
13437.427044
13455.693854
13468.635455
13469.242668
13445.449593
13435.005437
13446.381416
13456.847476
13496.782001
13456.832900
13484.738404
13455.707806
13512.420770
13470.916867
13448.830766
13470.068193
13459.356419
13458.109346
13471.347596
13437.021547
13448.416946
13459.422719
13457.911363
13446.496921
13448.078929
13435.112428
13485.663212
13474.507210
13474.338524
13486.795707
13464.622453
13460.231741
13460.514667
13470.064167
13469.971370
13485.150874
13469.946312
13512.014767
13459.374209
13458.291639
13485.086463
13472.862910
13474.135330
13459.225785
13461.728403
13461.497139
13461.909928
13481.046762
13456.909823
13447.041714
13437.104821
13447.084957
13470.735028
13460.502830
13485.456031
13484.761455
13474.622844
13473.924350
13435.165029
13435.823954
13447.798179
13447.165143
13447.933080
13435.794586
13445.941845
13436.996836
13487.215288
13436.463112
13434.803932
13444.804138
13472.253446
13447.865593
13447.344897
13471.622638
13436.821562
13437.788106
13434.289271
13424.348155
13435.099388
13435.801533
13445.202615
13436.389338
13425.879768
13425.797304
13426.315582
13461.389538
13484.899007
13458.012716
13458.041075
13445.395718
13434.282348
13424.274689
13460.107635
13446.321462
13458.841671
13445.696124
13473.928126
13459.727055
13448.452667
13436.656104
13459.372278
13460.777034
13437.114219
13477.569318
13458.915146
13486.744915
13448.793372
13525.959532
13472.093498
13435.268104
13459.428630
13459.755322
13458.516882
13436.168955
13448.655802
13447.285277
13436.395050
13446.653974
13477.658920
13522.326302
13510.156243
13427.065989
13451.695903
13461.776494
13484.922659
13453.396590
13487.624681
13464.399966
13477.520278
13477.778597
13464.492609
13459.999661
13460.376233
13459.230459
13460.281558
13446.873611
13447.377691
13447.491299
13444.804124
13473.806114
13449.335011
13460.078742
13460.321981
13501.822408
13446.772927
13447.411044
13446.791546
13474.621456
13445.721267
13437.016361
13427.074480
13437.102807
13471.041261
13450.063250
13460.452404
13476.181887
13465.348944
13475.524956
13459.706125
13459.681129
13485.577296
13458.057782
13458.138840
13461.959207
13461.905100
13462.707443
13481.315870
13478.580831
13476.037033
13459.893581
13494.164451
13505.355285
13471.059888
13475.645685
13477.326283
13494.138363
13494.875324
13493.757841
13479.993679
13477.291323
13459.444178
13462.750232
13462.505687
13458.696577
13474.098042
13487.104061
13470.062194
13470.998968
13474.639341
13459.652729
13448.531073
13470.867999
13456.119443
13456.084291
13446.703274
13446.678018
13474.643679
13465.856484
13464.619300
13474.743217
13449.310164
13459.379836
13432.544845
13434.083607
13422.452414
13434.572688
13424.347787
13423.209074
13474.669927
13475.381913
13478.138948
13475.806076
13581.876285
13585.984940
13460.248135
13448.013457
13423.770427
13464.438160
13450.663027
13446.896249
13436.451480
13436.435716
13435.896065
13445.422123
13434.461063
13447.833130
13437.255532
13437.175955
13449.296215
13491.810821
13464.269373
13439.226155
13447.815358
13449.158162
13447.839713
13435.046931
13435.795606
13474.692650
13437.947634
13448.492653
13425.033404
13436.609854
13473.987089
13446.821220
13410.473014
13434.704594
13436.663530
13447.438198
13436.122556
13435.150412
13446.483865
13512.308868
13510.475367
13487.991973
13530.173309
13494.857219
13527.834304
13512.769842
13526.481003
13510.403335
13494.826833
13437.966690
13423.538726
13424.345364
13503.128620
13488.174705
13455.864419
13459.008463
13483.367566
13449.199345
13448.650737
13459.980219
13459.992025
13448.579563
13482.917888
13459.825326
13461.893647
13460.501674
13459.932085
13449.067632
13437.459014
13473.887860
13476.513591
13447.553286
13486.381944
13482.570209
13482.135566
13457.196780
13457.269476
13471.394602
13471.379750
13457.106791
13447.743072
13461.037411
13471.339894
13461.152447
13445.909907
13459.224782
13456.965557
13447.068483
13435.805015
13458.663364
13445.570330
13446.442721
13444.844366
13434.143006
13449.666803
13449.301457
13471.656332
13473.253249
13474.291107
13457.872491
13435.778736
13459.887523
13461.833664
13462.871435
13433.530214
13421.942946
13456.624306
13456.649021
13459.812606
13469.693500
13460.511803
13460.655017
13486.096377
13486.062843
13435.860702
13445.207196
13458.794944
13443.319095
13445.678884
13501.180237
13488.516378
13457.241270
13488.699511
13449.155471
13448.792116
13471.092807
13469.446494
13445.105736
13470.250327
13457.761099
13473.098751
13432.634510
13447.190067
13436.783792
13437.220059
13436.025979
13446.198427
13436.156590
13444.781146
13444.811444
13483.579472
13442.687605
13443.638032
13456.565059
13432.361445
13469.675645
13446.069325
13422.787933
13471.174702
13434.316307
13444.970523
13459.358358
13434.458493
13467.144638
13421.157875
13442.701051
13459.534498
13435.321457
13435.640639
13435.116889
13458.839730
13433.943280
13448.014183
13458.573069
13458.227176
13457.287535
13434.529553
13458.401486
13458.837931
13472.783596
13470.464513
13425.245050
13460.182490
13447.234410
13459.569586
13486.021711
13485.346644
13459.666905
13445.562396
13444.361741
13445.710787
13434.293963
13433.224463
13457.035150
13460.118106
13434.216402
13468.922422
13446.658267
13445.314375
13447.925865
13435.719945
13447.845432
13448.030977
13447.577176
13470.109148
13444.917997
13455.162005
13445.673317
13444.802678
13444.718454
13444.647571
13434.131033
13445.679486
13445.676117
13434.829368
13446.507898
13445.326622
13435.749925
13448.824213
13447.855837
13446.048869
13435.117716
13486.477003
13486.944148
13447.097298
13435.185898
13455.463312
13454.203832
13458.031794
13444.830657
13457.195222
13454.633589
13458.033701
13444.111874
13458.792804
13433.219398
13443.498540
13444.023426
13444.197028
13446.947277
13470.254044
13469.665018
13445.709213
13444.993544
13444.094399
13423.990916
13433.218617
13457.370181
13457.407259
13434.154220
13432.416852
13433.105323
13437.381536
13437.094374
13434.426949
13459.866479
13412.563126
13501.198992
13449.353863
13447.728517
13474.203856
13444.626898
13446.067549
13476.318204
13449.888508
13424.822310
13434.897038
13459.177947
13444.858075
13425.061568
13435.487187
13445.372716
13444.711512
13433.104630
13468.392335
13421.949133
13475.137000
13436.521827
13475.368524
13465.395741
13434.801565
13435.918975
13437.177633
13435.333355
13471.206018
13436.457181
13472.312558
13461.253726
13425.349816
13426.604779
13464.700445
13440.470826
13414.772510
13456.404969
13444.516668
13445.023964
13445.797194
13434.123688
13444.237697
13434.751531
13443.525193
13445.375449
13457.840378
13457.810392
13446.875763
13446.924431
13446.454140
13446.507541
13462.498101
13446.353751
13457.851541
13500.389690
13470.847406
13459.076294
13500.432147
13457.067263
13470.915298
13422.622110
13423.412577
13412.918429
13423.306288
13474.437309
13812.269025
13389.862222
13601.730442
13583.163777
13621.643193
13580.343685
13497.115018
13513.138326
13497.018148
13499.795218
13514.532283
13505.880218
13462.985052
13475.296088
13473.733703
13476.924051
13449.145697
13473.785259
13479.798721
13491.421710
13459.240654
13460.548836
13509.080670
13464.825037
13490.445666
13465.300472
13481.028899
13463.192087
13459.960085
13460.725092
13459.809703
13461.678279
13447.055899
13447.647330
13458.436146
13473.349169
13458.516441
13496.940225
13494.753724
13494.468327
13510.284353
13494.696427
13475.561047
13493.656759
13449.627400
13461.397292
13494.592207
13512.154941
13487.441551
13488.964948
13504.958143
13461.627171
13473.905603
13472.421959
13503.564064
13488.050420
13502.880351
13470.340208
13469.592242
13494.521945
13486.996615
13458.767479
13448.030294
13445.577652
13446.925028
13521.966604
13507.700276
13508.195103
13488.909168
13492.681500
13436.390432
13476.088812
13460.059574
13459.449600
13462.232068
13475.505446
13473.886133
13502.650610
13460.701042
13435.763673
13449.943088
13464.779332
13477.438442
13471.825920
13471.221930
13474.006012
13487.285594
13486.605907
13462.690038
13463.043700
13459.539070
13460.227278
13463.663330
13475.613312
13463.691491
13515.895583
13503.261071
13472.320396
13458.173303
13472.482223
13448.217683
13479.619942
13499.295501
13471.684950
13471.880809
13490.896377
13483.590902
13488.896113
13472.611150
13475.520286
13460.130537
13434.385917
13434.712617
13435.139704
13458.713306
13446.390856
13433.984492
13434.343081
13444.694962
13488.164673
13460.682047
13444.804825
13447.960593
13435.591241
13449.067037
13451.380960
13435.484859
13443.260891
13431.138040
13434.475182
13434.280708
13425.069113
13458.817872
13433.977569
13434.091958
13421.799492
13432.406647
13433.323873
13432.433708
13421.257766
13431.826944
13433.382467
13433.422905
13431.845283
13432.800731
13431.792869
13433.185964
13434.111220
13434.465193
13422.079998
13434.291193
13434.799218
13433.480238
13432.510903
13434.849909
13447.274165
13434.113490
13433.550613
13434.581717
13434.146100
13423.952947
13461.607611
13501.903857
13474.857263
13475.437976
13461.447168
13459.054591
13459.769870
13501.064090
13473.518387
13471.809339
13459.838824
13438.051586
13448.948532
13435.435757
13473.957047
13447.233429
13433.581724
13485.607342
13447.424156
13447.414132
13450.734955
13460.256762
13459.101972
13437.416604
13448.197653
13486.980692
13488.405180
13460.698948
13460.632984
13488.510158
13470.824501
13460.868704
13460.164516
13462.142778
13463.044289
13487.206583
13462.125944
13477.443797
13488.898777
13448.995771
13448.338804
13451.186434
13460.687886
13445.025394
13448.984552
13435.697251
13450.838126
13450.133307
13460.395867
13458.652607
13473.783054
13458.668119
13473.526887
13445.800568
13447.040963
13445.810897
13443.676201
13459.051744
13434.288541
13449.307166
13459.335192
13459.082834
13433.659436
13444.879471
13447.178327
13446.862273
13447.981462
13435.559977
13438.248907
13512.668315
13463.541808
13491.081688
13450.947271
13503.848261
13462.523956
13472.934833
13462.936271
13423.352487
13424.022388
13486.892551
13504.219815
13514.260396
13477.875283
13458.121793
13458.233225
13461.021689
13473.724782
13473.643654
13489.526287
13478.323880
13483.144155
13468.302594
13491.005201
13473.643342
13434.097466
13434.687199
13411.519173
13411.411895
13421.184694
13421.889436
13446.761771
13433.175065
13432.476154
13458.945364
13456.812853
13456.851490
13458.310026
13475.408401
13490.604936
13491.033386
13473.815554
13475.618619
13502.909915
13447.776191
13447.401520
13446.558406
13438.356285
13459.021760
13459.702792
13425.087190
13434.985520
13456.350298
13435.260943
13459.438122
13445.677687
13435.669936
13433.621164
13446.931441
13436.334872
13499.842842
13425.108805
13434.957407
13456.346382
13458.882760
13435.897409
13446.347844
13445.076585
13445.699769
13444.988862
13462.289097
13437.348386
13436.669296
13421.861933
13421.308395
13422.482743
13422.511220
13421.384685
13421.927493
13421.790940
13420.432205
13421.162193
13420.628464
13445.180916
13444.538093
13446.459703
13471.630054
13445.637674
13483.360739
13435.265760
13434.654223
13450.826059
13450.154636
13425.193714
13426.588003
13449.091974
13446.761436
13446.862351
13459.565411
13478.093808
13479.332651
13494.740137
13467.262060
13478.479307
13603.862691
13392.788293
