12978.882738
13099.439612
13095.824548
13060.641864
13089.464206
13080.832535
13083.575568
13051.426964
13077.275950
13079.415698
13066.115841
13036.313043
13037.359155
13048.639305
13061.059963
13049.363221
13028.075727
13051.027239
13048.553832
13076.506508
13035.836325
13045.355246
13035.468201
13092.998884
13066.228763
13060.860635
13033.661458
13022.350934
13021.698419
13032.989818
13064.297664
13034.623324
13061.104964
13071.099679
13032.515571
13031.884226
13057.093562
13035.038897
13021.950654
13031.607671
13063.606059
13059.996077
13034.618199
13062.301339
13065.982975
13035.599386
13047.516256
13047.563887
13064.731075
13047.494659
13037.187383
13077.373267
13035.060661
13057.075740
13033.067684
13057.013433
13031.917039
13021.747988
13058.276738
13058.211341
13066.183922
13033.486587
13047.147237
13022.435560
13036.364625
13045.436589
13046.013066
13032.136737
13024.595191
13032.752452
13032.727152
13060.837067
13060.834524
13024.305980
13010.259923
13035.568077
13034.205304
13010.114137
13045.514094
13020.636978
13022.811052
13022.230304
13021.625790
13032.992831
13047.374119
13064.636890
13047.468451
13065.887295
13077.352280
13022.236473
13022.359066
13061.219833
13022.252652
13061.966208
13057.738312
13023.015975
13023.058315
13022.459507
13061.285370
13057.598874
13058.982792
13058.351283
13063.558753
13046.402459
13046.348638
13064.124724
13035.033982
13077.299263
13045.381338
13046.486027
13046.759492
13062.735973
13056.259369
13058.942913
13044.729879
13048.419352
13033.888131
13047.934499
13066.223439
13046.276538
13047.696197
13025.204862
13025.993452
13033.875437
13078.216347
13058.507935
13058.607395
13047.772160
13048.275105
13048.808712
13049.202575
13045.460735
13036.242870
13056.655292
13046.847796
13087.927945
13096.546886
13058.423124
13058.195885
13045.631445
13047.615291
13103.134873
13089.206003
13065.201597
13068.479549
13036.265567
13023.061084
13023.431778
13020.809754
13044.113201
13044.228391
13058.002934
13021.508930
13075.097316
13062.671275
13089.296248
13073.803616
13071.817108
13028.724198
13050.268030
13024.603896
13028.296348
13049.864716
13027.830254
13068.738931
13045.813409
13024.044941
13047.999613
13059.607406
13034.657192
13034.698798
13046.679635
13036.489479
13046.487883
13035.834839
13042.440450
13045.678970
13043.377381
13033.357512
13044.132914
13067.827513
13045.879805
13067.205216
13058.364611
13043.084138
13043.920769
13044.621111
13034.475033
13043.165033
13033.895961
13036.951705
13058.475478
13045.125474
13043.879111
13045.594516
13036.483470
13062.292271
13072.488156
13035.828863
13135.940292
13159.524162
13125.079685
13126.800026
13066.109244
13036.608433
13022.149011
13021.591476
13022.157933
13033.894803
13033.302884
13020.750008
13022.674390
13010.280299
13023.306662
13035.420150
13010.745637
13033.968058
13010.746810
13051.054770
13060.988875
13045.505061
13062.537652
13059.229360
13023.219436
13060.936411
13034.975077
13058.071121
13068.994971
13037.496137
13035.252848
13034.689150
13046.588881
13036.344916
13037.234142
13069.530866
13047.487646
13056.405162
13087.173623
13034.620611
13045.082044
13047.617841
13025.153444
13024.012960
13046.637759
13047.800981
13031.677137
13057.005299
13023.416948
13056.989485
13033.953615
13057.599655
13036.806789
13036.491791
13058.900608
13057.765343
13023.058821
13023.464525
13023.631372
13070.894432
13033.880275
13033.967320
13074.103068
13031.795725
13045.982470
13047.115599
13077.989669
13033.684258
13031.897016
13057.720732
13032.294835
13021.842682
13055.716910
13031.771048
13068.087350
13022.770230
13035.590690
13045.401427
13061.852994
13023.674717
13060.426335
13086.434411
13078.777269
13036.137085
13045.959834
13025.089495
13022.356039
13036.500499
13013.245435
13035.865681
13049.016758
13022.287463
13022.974979
13021.635668
13053.062655
13034.069793
13034.904701
13022.767506
13045.520327
13039.366464
13066.416803
13036.930273
13026.626023
13050.361996
13028.008147
13074.429622
13060.951932
13073.965399
13048.577599
13050.891822
13059.548820
13060.519253
13072.592589
13050.645372
13046.884333
13035.809867
13022.067181
13046.802974
13058.120524
13064.563948
13052.051015
13058.721697
13060.204153
13048.292460
13050.235568
13059.811930
13048.175044
13124.757380
13090.138184
13047.711509
13051.248205
13050.472594
13059.774058
13051.617848
13058.296144
13058.528516
13027.878889
13040.111368
13025.028309
13036.690060
13043.726441
13044.362613
13037.299788
13036.219755
13037.294007
13034.449231
13040.282680
13063.576968
13023.827412
13050.346809
13024.616994
13050.463305
13023.933596
13023.930683
13036.937239
13036.645923
13037.134621
13078.422222
13099.083731
13079.668019
13061.005722
13075.260217
13039.729987
13056.705077
13011.501900
13124.879281
13000.258463
13001.453957
13010.078783
13034.277524
13080.429258
13062.055548
13088.046994
13094.330870
13079.726571
13076.109735
13059.180369
13066.431384
13096.955585
13062.873613
13051.253523
13096.428886
13068.733458
13051.722714
13089.612642
13112.660379
13076.598305
13075.968405
13051.802728
13060.547584
13059.629816
13088.592671
13089.179547
13093.234960
13092.674774
13075.873192
13104.733249
13106.031972
13104.225960
13106.577934
13079.588778
13076.070817
13100.081442
13064.519298
13073.578103
13064.052571
13047.349266
13093.348866
13093.860407
13151.509199
13128.288720
13049.139544
13080.997591
13081.023971
13060.809318
13046.688519
13073.900729
13111.556245
13112.503125
13111.030322
13114.229182
13062.553988
13088.585201
13095.421040
13076.716514
13080.816763
13112.710981
13083.394969
13077.162436
13050.013305
13035.638572
13034.785982
13059.298899
13035.576572
13096.324813
13048.086065
13060.261966
13048.778383
13038.118836
13060.447294
13049.589172
13083.529191
13058.869511
13103.653291
13089.130007
13050.143679
13048.980100
13059.940376
13059.877901
13050.468130
13046.607993
13048.727449
13064.043682
13023.603609
13046.332836
13046.320499
13057.579758
13046.666872
13035.617689
13044.563127
13086.073144
13083.424063
13045.277849
13059.935422
13035.304315
13038.398063
13037.475610
13062.194901
13035.506563
13073.090993
13040.600447
13040.206181
13046.677117
13051.365482
13050.806812
13099.957563
13075.370778
13050.146387
13049.332905
13137.917051
13012.740352
13062.806630
13124.428795
13093.325298
13106.499451
13146.769720
13086.653583
13035.599093
13077.284057
13049.672175
13051.834349
13062.499214
13063.241308
13101.410505
13065.854329
13023.390762
13100.311082
13064.692408
13135.073649
13063.092594
13046.370772
13049.765937
13047.014014
13046.206978
13036.388099
13025.067923
13034.870364
13047.707965
13013.099845
13102.906483
13048.765911
13022.856137
13073.632130
13047.629456
13092.640437
13073.645643
13068.828607
13078.619339
13044.149975
13033.868598
13062.833883
13035.805523
13034.525029
13047.739002
13012.105518
13038.660995
13033.259402
13034.453840
13027.157274
13048.649580
13037.606218
13072.192138
13044.784372
13086.688860
13035.847159
13047.922606
13075.302131
13022.128234
13022.950461
13054.656747
13050.564358
13051.894191
13064.102064
13064.551713
13047.789296
13047.734930
13067.434494
13081.683478
13076.094045
13059.550756
13050.742869
13060.285396
13008.221844
13156.068632
13154.886076
13126.344354
13099.656816
13118.004820
13099.656303
13117.987947
13050.334293
13082.083775
13081.592078
13062.140218
13064.574999
13069.639353
13080.085501
13067.522351
13066.986921
13078.836865
13050.191142
13050.515674
13084.521201
13076.775501
13073.493960
13115.725629
13075.788609
13034.949895
13021.720747
13058.736534
13033.171006
13031.698925
13049.754394
13099.961018
13055.459951
13074.684699
13034.782130
13021.159009
13058.884899
13032.620087
13071.594504
13075.180032
13045.089037
13046.832835
13031.104640
13034.633875
13046.299046
13033.954605
13035.099594
13060.378996
13047.776601
13039.385531
13049.720916
13061.221487
13072.146475
13081.949918
13094.163290
13051.427227
13060.934892
13064.006815
13096.542697
13096.613627
13108.826552
13089.208203
13100.767614
13088.924036
13078.537577
13075.436297
13079.522683
13066.937265
13066.378047
13078.211104
13036.474215
13073.075627
13059.412989
13060.480961
13059.710086
13024.278090
13024.349661
13058.963229
13035.254191
13036.067783
13036.007287
13035.466234
13058.547237
13045.733590
13044.069602
13044.271690
13045.512998
13034.640104
13034.162213
13033.569684
13069.520799
13046.470767
13060.790148
13048.536543
13049.806694
13023.726732
13023.720129
13058.556317
13023.701303
13023.122394
13023.159391
13022.616083
13077.254785
13074.975273
13062.885920
13051.162859
13061.522202
13082.954687
13076.166997
13076.577739
13052.850686
13085.709110
13079.277221
13003.397381
13009.406980
13009.618154
13002.370698
13029.249031
13010.944858
13012.292403
13053.329082
13057.217235
13050.908119
13022.798302
13024.769325
13118.025219
13118.040026
13103.642364
13103.600972
13112.813415
13112.828301
13112.827846
13112.842748
13019.728060
13044.712915
13021.417648
13021.415031
13049.131164
13021.310598
13039.394426
13039.492228
13050.767432
13045.293577
13072.240042
13033.909609
13022.930387
13023.042194
13033.099615
13064.782683
13056.180707
13027.430725
13049.215046
13014.632997
13013.923613
13036.919097
13012.920582
13050.118145
13015.557575
13014.336140
13056.684260
13021.907387
13060.451303
13021.727143
13021.634861
13022.334951
13036.506467
13035.275154
13037.070645
13062.951558
13074.051196
13048.824298
13063.085713
13033.546684
13068.902769
13059.337772
13044.079514
13069.637831
13059.882535
13045.531176
13058.529415
13033.445931
13059.923021
13069.490699
13070.226031
13059.311011
13060.459747
13044.919703
13059.118582
13077.657829
13077.889424
13074.194394
13058.822697
13024.666649
13024.643347
13014.724816
13025.642813
13015.696240
12999.589111
12998.984006
13060.298142
13051.886812
13012.347588
13009.559150
13061.081488
13021.613828
13021.084795
13020.857288
13020.300223
13021.378667
13059.765952
13050.350952
13046.140124
13046.771343
13046.262742
13035.493859
13075.644965
13024.690174
13035.288957
13034.001434
13074.142992
13046.733884
13011.811957
13036.158379
13008.345500
13021.398542
13020.089142
13023.344578
13021.688261
13022.496981
13010.137360
13024.358451
13049.294885
13046.347714
13031.077268
13046.401056
13021.190144
13056.113659
13032.254735
13021.879911
13012.517483
13011.314616
13046.244761
13044.618073
13061.384992
13033.562913
13035.443639
13045.712646
13034.933241
13060.314311
13045.043534
13045.094126
13035.014078
13024.507047
13074.119727
13070.166749
13033.429571
13023.945529
13034.665051
13034.612445
13024.118522
13033.920752
13075.592811
13034.485013
13070.392973
13034.473606
13023.386748
13013.432595
13060.068649
13023.951050
13072.301231
13059.783225
13059.006515
13049.257391
13048.592800
13025.829253
13033.439109
13034.752867
13023.472757
13060.256553
13022.707522
13059.585433
13058.372486
13058.442206
13062.156987
13073.626825
13056.163999
13079.563316
13082.059393
13040.304596
13038.940134
13048.193775
13059.810089
13058.339179
13071.727572
13081.991290
13051.348453
13088.646122
13057.596734
13061.324615
13058.967604
13076.972027
13065.517527
13047.172994
13050.595574
13021.564320
13044.790966
13044.804906
13033.192275
13071.693048
13069.584379
13071.255054
13058.711748
13032.875298
13020.197929
13046.240406
13030.959625
13046.213524
13055.490020
13044.653763
13034.635665
13044.541961
13010.760752
13044.546403
13010.884329
13043.955542
13056.428619
13056.461612
13044.612641
13046.462530
13043.506324
13046.723635
13034.055184
13035.220983
13068.377505
13044.176672
13034.655877
13032.362449
13045.351135
13055.234480
13054.571113
13031.844668
13033.124106
13021.508899
13044.762987
13045.299616
13032.333525
13022.101441
13046.400263
13022.326552
13035.536182
13035.549976
13023.838272
13045.740724
13046.773987
13069.088272
13071.774831
13046.296470
13045.783093
13035.833747
13034.651454
13055.573793
13045.824653
13046.342967
13020.358927
13034.254946
13031.529336
13034.004899
13032.693783
13033.836599
13046.289323
13046.437377
13086.031712
13046.541382
13050.926973
13052.690345
13072.497030
13070.401573
13072.707826
13035.395693
13045.255463
13045.807333
13010.906921
13059.506735
13059.713084
13059.211866
13075.072702
13044.859597
13054.702400
13054.546076
13033.027718
13045.305992
13030.848127
13020.898732
13069.899301
13073.121350
13045.869043
13046.558300
13047.805224
13032.701241
13072.038725
13071.558784
13070.564599
13036.298618
13045.869799
13011.518555
13061.108671
13075.446457
13034.571738
13046.290258
13055.190146
13034.280531
13045.900078
13022.034243
13056.955011
13022.398107
13045.550879
13033.065237
13045.524261
13033.205696
13056.901369
13032.966779
13022.406645
13045.391255
13024.026652
13058.930366
13038.433515
13048.935987
13033.996581
13046.246991
13048.157192
13019.089704
13019.695122
13059.935920
13062.589001
13022.439722
13031.504025
13009.726808
13044.263273
13045.479302
13020.210906
13060.153074
13049.026655
13085.478159
13059.525304
13047.894819
13032.596800
13033.960968
13035.317092
13057.241548
13047.262947
13045.826415
13058.278883
13058.300708
13058.309903
13046.339290
13047.781893
13058.248390
13047.041203
13046.163152
13046.170010
13056.235332
13045.978831
13047.006327
13034.422632
13070.086321
13089.963432
13036.791696
13048.171497
13070.628453
13049.020650
13082.390542
13086.680028
13083.104273
13055.860126
13055.872441
13044.434918
13080.617529
13058.666094
13048.400837
13100.683290
13048.146767
13058.988421
13072.786525
13070.772079
13073.889125
13071.421320
13075.300267
13047.388947
13073.887656
13085.970126
13073.278275
13076.100602
13055.720077
13045.948015
13020.905044
13057.913594
13021.582471
13034.763592
13058.325874
13032.049525
13034.386087
13046.313172
13047.069225
13023.643930
13059.492592
13034.231674
13024.224569
13019.574083
13020.123870
13010.451643
13044.616184
13045.710962
13035.008058
13022.849357
13058.210285
13033.400233
13042.822660
13044.178212
13044.736081
13044.755449
13033.885631
13020.886173
13034.659423
13022.492326
13047.034722
13055.717110
13045.900254
13046.434635
13034.518034
13034.436522
13070.562366
13033.250279
13059.094106
13035.432069
13046.848364
13069.506525
13048.360898
13056.495153
13045.843567
13081.840755
13060.473768
13045.748590
13073.444201
13071.957619
13034.031660
13069.579671
13047.001960
13070.632935
13058.608750
13100.199179
13060.008636
13086.968776
13087.015816
13099.566401
13074.608993
13073.248388
13072.601856
13071.613382
13009.734308
13010.160452
13033.482803
13075.428964
13045.744771
13024.272025
13036.181741
13021.807604
13021.881823
13031.931289
13022.476095
13032.532244
13032.533852
13020.226872
13034.160416
13057.457832
13033.866527
13032.576073
13056.304360
13030.427591
13031.661138
13033.884838
13045.997041
13056.924907
13057.006187
13032.631578
13072.259240
13031.909834
13032.459364
13033.078969
13048.460036
13049.355735
13049.154587
13057.875701
13044.442558
13034.589753
13057.830839
13100.079123
13090.814603
13076.539720
13076.440066
13090.246100
13068.200335
13064.853165
13073.273379
13058.849030
13023.393269
13022.074068
13035.460112
13079.092648
13093.092016
13052.989295
13086.422359
13084.443167
13063.997670
13077.678422
13066.763725
13090.985972
13091.468648
13086.981866
13077.771843
13061.482484
13060.885257
13098.347691
13060.854999
13068.114249
13088.007207
13094.907616
13050.866238
13073.844460
13066.722686
13066.328656
13060.530126
13066.931425
13063.000920
13022.896366
13021.528002
13048.537953
13047.534472
13043.960519
13044.569394
13072.265681
13124.858998
13124.815143
13112.864201
13124.801542
13112.849127
13051.825276
13079.700060
13050.934123
13087.475119
13100.259387
13087.434495
13064.820373
13065.619593
13063.789364
13047.511349
13058.746574
13059.911399
13048.508528
13070.069314
13060.069539
13071.677508
13074.466328
13081.371081
13059.263375
13074.096384
13070.893885
13070.326621
13074.434854
13076.283627
13062.966922
13063.570284
13076.740929
13075.509711
13072.749522
13072.964821
13075.500279
13063.045540
13061.450612
13073.271372
13061.394339
13075.382940
13062.583533
13074.215837
13094.250367
13096.345774
13052.567902
13086.657409
13074.416661
13084.297158
13050.416733
13035.709899
13057.546793
13088.833878
13035.534909
13058.062315
13047.656886
13057.218792
13059.149034
13047.110162
13046.375126
13067.893888
13058.476226
13091.888508
13076.920555
13111.858643
13112.031109
13112.029883
13111.988151
13052.095403
13095.931203
13117.643758
13118.154209
13121.463889
13106.870676
13105.442281
13107.474729
13111.844064
13111.844471
13112.015330
13111.884449
13075.790692
13063.096293
13049.016243
13048.984263
13118.796248
13095.495230
13060.993635
13050.041054
13065.023301
13051.256417
13099.670570
13099.670982
13124.772049
13112.821992
13079.603173
13078.638206
13090.845535
13092.915463
13099.603560
13099.629802
13112.821132
13094.824107
13075.451095
13062.305313
13051.306064
13085.120911
13104.055880
13106.285408
13093.710938
13087.055954
13075.215108
13086.704544
13075.061208
13114.482514
13088.988717
13086.774297
13074.095565
13099.378124
13148.086566
13093.246836
13061.417759
13074.579484
13059.219072
13060.543866
13036.957041
13070.403712
13081.348115
13070.122668
13071.426117
13099.716063
13059.399459
13060.507305
13048.412898
13071.395217
13072.461336
13111.887469
13142.970451
13070.457062
13081.619592
13086.246802
13082.969925
13086.230030
13070.473608
13093.446152
13071.818479
13076.006556
13065.742883
13092.565353
13077.564623
13034.150404
13043.983308
13010.385290
13045.257916
13020.907470
13021.915372
13021.055935
13009.688070
13044.766958
13020.143264
13062.353872
13032.869299
13023.622003
13059.002508
13035.015637
13055.262414
13031.013897
13020.589763
13033.497086
13033.161991
13058.512773
13047.427688
13034.073768
13045.281371
13069.078560
13058.868114
13036.005175
13034.781484
13044.022357
13011.635344
13045.387224
13072.582897
13043.806944
13035.138065
13022.249668
13058.018984
13022.160660
13022.184392
13058.838862
13060.479271
13048.507878
13058.750906
13059.288339
13034.822489
13045.609523
13069.665542
13056.952072
13061.022743
13057.767446
13047.099513
13059.439600
13047.082629
13046.474063
13057.707945
13059.413463
13046.570639
13055.735076
13058.432121
13074.757000
13058.981283
13056.550516
13045.270793
13060.411913
13057.983833
13054.800131
13058.662031
13012.212572
13046.564037
13039.728816
13050.204507
13050.132726
13044.917692
13022.798869
13056.041518
13034.219236
13033.388368
13037.769997
13024.053804
13048.275532
13033.993969
13074.081418
13033.908927
13061.140818
13060.589564
13064.839701
13076.090609
13064.819219
13078.528853
13088.813954
13077.192150
13049.629549
13075.436130
13065.356281
13079.020250
13091.737420
13102.867961
13088.040535
13091.009821
13060.163555
13059.627188
13060.769691
13060.563864
13035.814289
13036.371542
13048.459543
13034.515327
13035.697655
13035.193345
13035.202122
13035.228476
13061.397729
13064.005669
13065.492542
13064.788013
13068.138094
13062.282475
13037.568574
13021.089552
13036.248522
13062.432741
13060.686997
13046.163365
13087.382183
13044.975970
13058.579772
13057.740145
13105.542124
13097.970850
13110.157689
13100.977472
13074.792073
13088.677214
13059.330383
13060.979279
13070.232564
13036.971365
13047.847338
13090.418635
13062.677810
13072.408219
13062.127124
13061.880686
13039.998135
13051.511110
13078.471506
13079.868932
13027.993073
13060.515567
13059.946766
13049.853401
13073.195245
13061.389001
13048.835530
13049.371524
13059.789927
13060.368367
13076.726989
13048.567356
13075.904880
13079.493579
13091.088048
13103.579065
13067.503363
13087.924018
13087.451570
13045.524232
13073.565339
13058.594846
13072.528662
13059.413285
13045.283371
13034.995701
13046.226432
13045.244586
13035.434322
13074.346906
13063.783502
13050.292281
13050.489676
13038.737755
13013.119078
13012.950674
13039.394609
13039.552091
13035.384355
13072.250653
13050.830665
13050.581873
13049.175538
13046.128081
13065.687100
13046.060168
13072.401286
13064.653070
13075.202463
13032.333330
13046.957228
13022.353444
13056.815661
13022.245284
13066.296478
13049.968177
13062.328988
13063.189836
13046.215674
13047.998994
13048.538103
13063.478042
13084.429267
13047.271224
13047.339850
13044.504640
13045.101566
13060.494995
13031.590383
13032.177940
13035.765195
13046.164427
13045.907072
13045.932964
13062.294152
13083.237593
13073.790003
13075.646506
13036.049380
13036.144984
13052.116112
13062.668158
13037.858366
13047.237093
13061.496594
13059.801796
13061.028918
13059.845723
13046.273726
13047.476963
13046.924835
13044.269634
13024.121298
13024.775205
13059.115072
13049.509897
13059.542800
13050.118358
13102.860042
13101.234106
13055.207987
13031.289363
13055.831967
13043.020067
13043.592833
13043.042189
13030.141793
13030.720675
13033.088127
13019.669477
13055.561374
13031.680231
13055.577030
13030.968925
13055.431285
13031.822933
13044.172619
13031.231883
13054.998246
13031.350350
13020.351121
13056.164317
13056.206812
13056.108384
13056.073801
13049.459648
13022.608253
13022.742321
13033.077662
13091.009678
13078.995267
13079.499397
13077.633070
13074.949313
13080.745495
13080.526450
13072.752371
13053.575986
13080.794444
13075.218504
13062.084854
13088.279449
13092.213572
13051.103856
13084.709258
13061.358428
13036.032788
13036.597044
13036.512397
13035.972703
13061.264857
13076.609084
13034.817938
13057.948693
13024.077656
13035.488173
13062.999759
13076.479027
13057.151083
13023.262488
13034.151662
13035.445684
13057.786702
13058.385815
13035.120027
13057.804080
13036.554923
13045.339926
13021.277422
13060.367687
13021.938551
13022.642865
13023.260096
13023.362203
13057.776100
13036.387536
13036.500478
13010.750471
13035.611576
13020.978976
13022.037027
13021.760505
13022.356669
13037.439029
13021.797544
13025.552429
13025.305286
13022.610720
13047.430306
13073.343645
13033.775368
13033.942009
13034.871423
13064.416179
13073.611944
13070.575056
13034.570841
13063.574083
13049.895474
13035.120637
13058.784455
13035.461460
13045.218105
13058.766262
13048.616307
13049.017100
13039.340188
13050.318477
13059.492191
13074.473803
13063.002843
13088.582289
13035.490299
13035.064410
13034.527244
13049.805565
13057.161978
13057.062781
13049.530723
13047.596330
13066.041878
13054.035902
13048.023066
13061.934070
13050.081323
13035.873043
13046.862392
13046.353064
13060.284523
13038.083871
13048.127327
13070.999819
13058.206786
13073.467409
13062.488285
13058.672479
13035.422199
13047.174287
13046.661816
13047.511350
13036.720789
13060.891065
13071.466436
13038.683458
13048.058897
13071.583163
13058.090569
13087.980146
13072.462550
13064.426331
13076.429050
13027.061202
13059.052031
13048.667162
13061.624936
13049.308237
13060.306446
13059.430002
13071.927813
13056.915198
13071.647351
13060.006328
13050.240087
13072.099514
13061.866217
13045.519268
13057.172962
13074.326484
13070.973249
13056.942741
13058.536729
13058.277310
13082.450690
13047.787833
13048.603371
13043.590971
13033.554243
13059.214928
13069.573626
13057.154055
13057.647709
13073.308628
13046.011699
13045.964206
13063.594708
13062.797874
13112.075581
13062.201531
13047.486541
13035.666304
13037.020625
13021.621641
13051.286963
13022.977566
13022.261071
13062.564698
13103.373356
13048.924183
13035.669198
13034.201469
13011.594649
13026.499010
13037.422544
13063.420201
13062.625018
13062.189720
13048.320391
13050.227487
13033.822563
13034.189249
13033.423058
13032.363888
13031.308475
13031.980452
13034.888589
12999.561878
13034.792643
13032.458582
13033.044423
13031.855377
13071.166166
13030.840037
13045.876564
13024.753138
13046.641470
13035.260248
13011.998839
13033.657653
13030.759746
13031.427679
13071.769082
13022.114748
13021.378514
13020.774656
13061.369066
13090.380221
13047.223268
13048.024276
13071.507224
13072.097088
13072.679094
13060.193690
13050.258594
13059.946463
13048.208792
13087.460233
13087.474661
13084.997172
13082.480426
13038.711870
13062.437320
13047.712024
13048.676168
13062.386181
13047.602045
13048.671501
13048.069957
13059.228514
13059.478038
13060.819420
13047.295868
13047.917067
13036.331384
13047.155244
13070.642090
13046.860496
13089.044969
13057.970151
13045.554641
13067.566466
13058.868589
13034.650338
13072.296249
13084.034384
13023.812998
13056.098135
13048.440213
13023.878527
13047.776149
13060.164333
13047.811409
13045.355896
13046.264211
13034.072834
13046.086390
13057.809795
13057.761527
13045.296042
13035.400149
13035.312534
13049.162324
13059.992819
13070.287744
13070.036761
13059.676456
13034.788338
13075.252637
13023.775567
13057.782990
13036.310783
13045.961924
13024.376510
13046.460442
13058.827953
13035.065732
13077.063972
13043.969591
13045.816597
13044.532640
13072.275561
13047.109860
13058.044373
13065.224615
13049.570594
13034.319996
13036.448327
13035.074227
13053.047914
13036.070274
13036.786534
13048.404930
13023.930752
13023.217055
13048.095959
13023.642455
13022.416427
13030.346014
13046.701183
13021.042756
13032.728972
13032.432938
13031.661577
13032.510386
13044.961265
13086.074068
13032.811195
13021.885548
13032.056462
13031.770153
13044.374936
13031.904663
13065.051625
13031.845276
13032.467575
13031.890543
13031.101320
13021.666690
13064.409246
13103.965160
13019.024161
13019.513162
13019.541872
13020.201424
13020.203702
13019.102276
13044.052446
13059.902337
13034.873765
13034.318274
13044.925167
13044.655047
13032.592686
13034.121332
13033.453282
13075.889047
13036.974260
13050.398570
13021.863078
13008.841564
13033.612509
13061.176113
13022.637945
13046.794283
13063.907706
13060.863102
13077.553457
13051.685871
13061.481384
13060.991022
13063.341139
13051.707412
13060.953171
13060.855555
13063.129069
13048.322903
13049.014412
13046.514988
13045.914087
13049.387060
13065.835760
13035.855340
13047.052535
13049.110899
13049.080915
13024.858342
13052.180682
13049.030638
13035.596892
13036.136813
13047.644962
13035.682382
13051.200768
13034.510659
13060.132865
13073.524069
13073.558547
13048.346016
13044.888275
13054.179443
13080.548535
13093.561473
13012.336494
13038.354812
13035.537693
13034.897321
13064.558732
13033.440875
13058.794267
13064.924779
13068.198402
13062.532342
13087.028579
13075.052507
13073.195920
13062.119360
13061.941827
13109.312098
13075.604656
13076.253145
13088.181419
13033.581328
13023.244129
13035.523003
13049.667552
13038.549552
13083.618299
13025.321845
13074.920517
13151.049653
13121.932391
13099.189651
13150.515651
13121.902160
13099.175140
13050.432324
13041.611096
13055.332493
13115.483090
13133.769167
13134.308813
13115.497920
13117.211962
13117.772807
13117.252771
13117.217690
13102.175829
13102.176275
13074.699498
13060.051066
13036.200364
13059.490001
13060.881838
13035.945581
13047.281483
13045.340252
13049.807655
13043.411928
13044.713801
13087.104145
13046.383856
13032.453732
13044.493494
13033.238740
13032.705865
13047.473218
13049.069141
13047.933266
13035.163818
13035.234428
13060.774619
13077.183982
13036.152558
13033.199895
13033.229014
13124.248188
13061.015062
13060.471284
13073.738637
13042.629552
13086.541502
13034.389557
13044.292600
13044.238322
13033.867183
13031.705751
13088.855756
13070.584413
13071.113525
13034.571902
13087.857481
13069.075501
13034.473238
13045.742125
13033.687045
13062.070091
13059.304431
13061.058617
13101.978802
13061.734477
13083.471950
13047.725418
13047.582160
13036.405720
13036.932895
13086.511150
13023.374932
13062.901617
13035.379041
13045.486706
13044.162217
13035.105815
13035.951708
13033.783940
13060.643900
13066.375945
13063.056169
13020.112998
13021.502346
13020.177726
13023.849756
13048.697432
13034.934092
13074.000708
13033.885712
13070.866948
13060.250665
13049.691685
13070.804668
13059.227464
13060.196002
13049.060828
13076.864513
13083.594592
13081.198397
13076.701256
13083.504659
13066.154547
13065.734637
13034.658509
13034.681878
13060.989546
13109.162908
13094.281266
13097.666890
13097.287121
13099.428170
13098.898964
13097.686741
13112.137875
13083.774028
13083.797330
13077.231924
13049.278811
13078.695854
13045.805591
13076.622405
13034.815389
13061.985844
13073.268556
13061.386622
13073.253262
13058.630389
13046.009055
13060.670094
13036.207979
13036.820818
13033.757092
13046.232994
13057.445494
13075.020744
13044.595623
13057.539348
13071.649856
13072.251364
13084.040399
13047.252572
13037.028999
13070.708592
13048.030397
13089.730884
13046.937236
13048.352259
13058.835452
13060.176484
13047.918170
13035.882198
13058.958776
13058.437583
13049.181075
13046.870028
13047.932130
13058.550766
13058.441549
13067.660272
13058.489097
13047.920592
13046.882111
13061.892842
13034.002183
13038.591452
13058.271555
13033.180291
13033.629184
13021.710975
13050.739900
13033.489875
13046.829762
13035.498098
13035.083214
13064.347677
13032.941189
13045.465165
13044.924639
13046.196673
13045.174875
13022.174496
13045.677853
13045.135466
13034.324463
13021.922178
13073.365401
13072.901628
13062.934715
13049.578423
13031.726082
13031.645888
13047.089806
13031.662397
13031.056277
13085.033095
13022.326884
13050.704811
13032.338627
13031.639759
13036.405666
13022.826285
13034.460038
13033.218254
13034.957645
13022.613599
13069.203960
13058.868045
13022.558619
13046.350977
13045.756744
13046.190229
13059.338916
13034.928161
13046.200310
13047.181802
13034.828982
13035.582351
13046.789865
13047.740904
13035.429280
13025.189125
13045.475210
13023.112512
13022.085087
13062.104329
13010.800737
13022.231068
13049.646348
13061.119178
13086.401403
13046.384140
13033.305088
13043.754716
13032.893076
13033.404426
13047.988894
13037.379236
13037.353179
13038.790954
13019.993387
13012.545822
13022.430723
13038.199152
13014.596775
13048.141525
13049.723426
13014.607882
13022.098494
13037.007780
13048.542509
13022.150914
13038.570753
13049.739014
13048.674312
13021.667289
13035.814354
13034.881849
13023.380198
13034.231439
13035.078414
13048.112085
13031.543892
13083.487155
13047.255249
13047.948665
13037.124298
13058.539477
13058.549125
13153.388542
13130.824067
13131.339330
13153.948405
13131.294025
13034.807813
13034.693874
13036.325716
13034.121788
13034.291403
13032.933270
13033.556968
13075.371567
13047.097103
13093.138098
13061.847614
13045.977813
13050.359427
13089.262556
13047.177955
13088.772832
13057.777089
13046.573005
13059.050703
13046.828919
13058.711088
13058.579603
13090.397174
13048.518482
13061.924345
13038.954039
13093.127962
13061.905201
13050.341643
13051.420588
13039.780149
13092.462784
13061.759132
13049.226397
13061.475358
13062.603252
13089.764753
13060.096138
13058.828564
13047.251129
13047.449703
13061.055518
13057.034637
13088.087162
13058.056919
13080.553384
13049.965012
13080.079654
13049.741602
13049.681941
13092.051228
13049.784122
13092.070359
13050.355950
13049.707548
13088.511694
13046.604191
13060.629878
13049.163858
13087.919548
13045.362211
13046.624514
13060.935989
13061.441164
13037.802138
13056.863812
13092.423180
13061.178813
13076.716729
13039.088662
13140.663530
13141.198740
13049.277490
13056.315588
13056.210604
13148.484450
13033.238249
13033.882369
13048.923056
13075.799225
13064.661165
13034.020541
13023.186583
13056.793613
13023.840678
13033.396999
13047.680334
13068.100604
13046.969824
13024.756532
13085.990450
13083.401805
13067.189770
13062.349117
13057.528880
13040.754393
13048.345813
13073.080538
13040.375253
13071.497785
13089.717592
13100.501584
13059.772500
13073.961385
13073.494768
13050.449491
13035.379415
13060.753361
13049.438121
13048.651748
13078.411880
13047.720573
13046.963912
13047.688934
13069.626762
13047.129563
13049.036102
13033.309682
13068.794810
13062.923951
13067.408222
13051.546899
13065.422094
13066.376192
13034.180075
13023.381642
13035.487198
13034.819245
13046.509920
13063.769039
13035.887169
13035.266776
13047.508003
13057.717174
13083.059474
13085.681937
13094.388577
13032.791746
13044.027434
13042.383454
13032.437514
13033.299750
13033.128761
13046.802783
13061.890894
13022.447383
13032.340640
13076.030450
13023.877977
13034.376356
13035.277539
13035.156237
13035.196418
13046.840584
13022.462623
13021.928459
13011.484328
13010.824777
13035.832182
13034.628401
13037.693290
13044.203019
13034.103041
13033.440662
13036.761026
13034.929175
13021.388650
13047.229838
13035.274514
13021.520491
13032.090060
13020.930039
13034.374240
13043.391649
13024.603133
13036.371564
13057.562804
13043.193413
13057.431004
13055.649774
13044.694981
13044.784297
13053.266561
13057.280024
13045.406007
13068.064956
13044.274860
13058.170745
13075.093437
13076.291938
13021.622717
13022.223896
13032.574445
13033.167027
13044.683486
13045.635085
13044.442270
13042.476699
13041.199075
13042.562627
13031.888752
13042.628720
13057.208474
13056.802347
13034.077584
13034.233383
13034.471078
13023.324833
13023.526165
13031.171932
13086.672169
13064.421180
13076.995275
13023.153553
13033.381487
13049.733896
13021.705656
13059.520370
13023.093675
13050.816427
13059.144024
13049.245758
13058.583376
13023.004002
13048.088930
13057.085086
13047.280121
13023.118316
13075.998791
13061.896733
13062.827008
13061.277726
13022.592171
13032.631902
13023.842135
13047.970999
13039.737618
13059.224373
13034.875309
13058.067630
13034.527053
13036.123660
13035.852411
13032.523573
13034.101943
13033.831133
13070.809307
13070.775416
13057.555740
13046.368901
13058.214269
13047.067171
13045.836456
13073.040680
13045.880074
13059.034289
13046.788210
13060.955779
13060.572965
13059.229655
13087.233302
13064.421106
13077.011766
13050.114234
13039.325436
13048.370457
13074.401224
13064.560925
13080.819578
13085.063491
13084.674377
13044.839874
13045.619554
13070.421767
13057.867738
13057.143905
13046.608545
13045.086697
13055.735985
13086.962893
13033.216905
13021.817613
13033.241929
13031.733438
13045.191466
13046.917506
13034.716189
13045.504873
13034.120575
13046.737433
13056.986905
13033.753638
13045.560985
13087.975522
13043.356730
13053.918108
13056.296221
13056.638878
13054.853624
13044.733329
13031.694131
13034.078705
13023.293195
13031.886786
13043.098068
13042.466681
13042.441699
13044.677598
13045.462880
13032.362195
13043.351346
13043.000340
13045.330211
13032.909511
13043.195288
13042.269703
13045.523780
13057.153190
13057.956202
13091.369350
13078.714890
13035.238613
13061.788947
13066.796795
13061.301425
13039.727835
13039.285559
13060.935882
13072.521334
13046.795384
13050.971500
13050.522522
13060.507819
13060.226858
13058.025396
13058.139914
13073.387078
13073.328550
13050.170739
13035.819056
13062.637173
13073.578364
13061.437655
13035.330659
13059.587203
13045.980205
13105.327262
13092.697567
13107.573058
13009.484693
13021.911454
13023.840599
13036.424699
13033.167469
13034.982339
13046.679084
13047.270767
13047.830171
13023.248361
13021.895809
13047.182251
13045.398719
13044.650316
13062.342763
13064.298879
13068.577827
13023.251002
13021.947255
13064.180486
13066.918558
13052.650846
13034.287101
13060.378869
13011.107648
13034.300570
13064.238023
13033.523073
13020.407471
13021.028018
13059.212557
13033.995465
13033.947035
13049.454278
13046.303658
13034.411253
13046.348868
13035.591464
13073.574774
13068.793152
13099.516257
13099.449276
13066.243090
13064.434343
13141.176496
13141.809441
13099.638858
13063.693734
13050.281368
13081.035871
13061.912359
13075.069469
13084.855816
13108.006661
13101.676547
13062.312483
13075.995086
13081.111818
13074.717637
13074.493974
13081.086540
13074.869167
13081.050224
13050.938163
13075.738778
13046.638355
13062.596238
13050.530513
13080.754215
13062.026500
13047.245374
13051.586479
13047.249421
13071.945527
13062.174377
13075.367124
13084.980430
13061.746059
13041.506099
13047.924748
13039.159804
13039.053866
13064.660335
13063.320023
13062.698490
13040.735934
13015.298671
13040.726729
13057.661507
13057.511331
13022.482060
13047.802013
13064.438247
13058.945350
13035.229625
13058.210035
13048.608442
13024.660237
13062.583064
13061.636261
13044.874357
13036.908902
13074.316469
13032.882545
13022.055238
13056.800327
13077.530484
13044.568229
13045.284218
13043.806382
13045.939354
13045.732130
13046.273426
13056.883343
13032.879577
13066.310618
13085.857052
13044.870881
13021.562866
13032.099244
13036.529003
13057.722262
13036.781469
13021.435630
13019.634152
13032.776526
13042.282827
13030.261453
13033.810538
13055.738472
13034.092705
13019.630860
13044.573646
13045.683957
13021.370413
13022.556684
13100.159794
13055.740784
13029.579233
13041.871938
13058.038348
13069.686900
13046.694748
13057.649356
13033.269620
13035.833607
13044.913627
13058.573471
13058.167471
13060.442224
13030.921403
13101.302940
13057.177603
13046.718965
13087.211982
13069.229991
13058.623327
13076.106434
13058.635121
13036.431808
13086.636386
13068.647234
13057.247617
13058.130258
13070.317025
13043.791292
13043.151414
13050.561557
13020.956805
13045.818501
13045.664286
13031.605761
13060.067131
13032.278582
13032.260695
13031.163300
13064.292493
13045.517594
13023.183902
13046.814047
13036.493410
13022.170919
13035.210440
13035.815213
13049.938804
13021.070050
13014.029742
13020.790212
13021.412699
13062.947423
13020.793642
13047.586547
13047.044197
13026.202489
13025.663453
13063.760426
13035.727413
13046.152643
13071.709697
13046.660585
13025.341057
13070.453036
13024.829985
13072.897689
13070.132850
13034.952541
13035.582461
13035.399826
13046.226948
13035.746547
13046.857067
13010.374414
13010.301787
13021.909465
13022.107276
13011.515942
13010.929485
13044.563621
13043.830914
13046.233254
13010.352712
13046.353141
13047.484371
13020.966456
13031.475140
13035.875417
13033.377904
13036.023935
13020.866464
13020.290058
13021.767837
13035.270483
13034.675460
13045.240289
13046.334732
13033.264872
13021.307377
13022.528293
13031.381234
13022.388897
13021.601803
13020.121806
13031.559323
13020.458926
13032.028795
13031.889535
13031.244496
13043.214191
13046.183474
13022.881075
13045.581757
13034.718376
13036.381577
13031.635567
13046.735170
13010.404782
13021.551412
13021.834887
13021.176198
13033.744852
13057.529870
13035.955828
13047.790889
13068.110522
13058.324524
13067.528628
13069.827504
13057.742253
13069.260713
13055.833387
13045.774877
13056.523122
13046.608153
13056.100300
13056.077947
13061.063905
13050.266813
13049.789480
13074.422174
13062.676219
13024.122211
13063.477316
13038.524630
13039.114905
13064.031617
13035.012562
13035.017565
13061.502245
13060.273504
13043.334983
13034.863932
13044.763728
13044.644840
13061.630517
13033.706668
13034.300907
13022.968499
13023.508315
13072.595862
13023.907724
13048.038435
13021.475948
13058.899980
13036.374056
13036.354259
13021.838095
13047.634242
13025.244945
13046.437669
13033.653711
13034.231225
13050.726681
13022.089751
13023.761825
13024.353607
13012.516641
13013.027936
13062.537326
13032.626057
13024.761807
13023.706662
13021.367389
13022.065081
13033.008454
13033.010091
13031.905953
13055.882335
13032.454747
13021.995134
13044.973765
13066.859028
13032.864337
13031.995271
13032.557206
13045.020414
13056.409030
13030.232853
13046.300288
13056.903865
13046.347748
13056.938468
13020.142605
13060.956186
13020.710441
13020.088327
13059.375734
13036.504897
13010.851151
13047.723780
13043.859431
13073.154898
13043.144530
13075.508125
13035.052779
13034.261241
13032.722399
13056.872026
13043.569377
13035.100575
13023.126056
13031.549691
13020.857297
13035.023472
13045.294654
13046.103574
13020.348714
13043.625488
13089.941150
13033.886600
13019.610092
13046.417291
13046.236615
13087.042225
13046.093053
13033.247362
13060.973616
13032.547544
13042.531643
13061.105474
13043.255097
13068.515280
13033.327733
13064.184439
13047.201150
13031.921654
13056.461971
13033.522527
13031.718606
13021.235079
13035.066297
13056.604700
13045.608207
13021.354867
13033.951995
13034.266854
13035.054985
13044.760051
13035.260673
13034.424820
13061.509166
13035.400299
13035.814023
13083.089425
13034.638412
13073.517874
13034.770510
13062.094467
13084.319876
13074.313284
13061.528582
13046.764074
13046.764864
13060.403567
13060.328966
13046.230924
13062.144518
13084.220908
13050.911040
13052.153411
13024.393836
13025.561541
13045.062551
13045.897720
13045.004498
13088.770681
13052.947713
13047.498149
13046.626532
13047.433098
13110.922383
13067.441490
13035.326645
13013.160810
13046.132113
13047.129103
13059.356941
13035.170382
13046.618638
13058.651283
13047.305267
13046.368038
13046.229675
13046.454861
13035.007639
13045.779953
13088.321503
13046.013846
13059.689091
13059.992517
13046.844015
13045.433711
13053.065531
13107.987573
13090.358611
13061.321926
13061.397017
13104.189160
13089.580631
13072.558960
13061.320107
13060.687706
13072.100051
13050.120918
13072.050073
13060.342285
13095.507981
13100.299893
13107.986428
13107.988487
13100.244962
13100.218746
13107.989655
13117.648952
13063.145974
13064.977300
13064.771119
13138.243736
13084.964862
13098.717212
13116.625786
13096.991074
13033.537938
13035.508701
13034.109251
13062.933169
13067.578448
13035.968139
13047.606314
13035.945943
13088.621361
13059.845746
13073.402876
13072.903182
13046.851945
13061.019224
13039.980069
13039.541162
13057.602208
13033.819075
13059.962469
13038.393309
13037.953525
13044.535990
13060.472484
13050.763325
13051.308083
13046.917676
13035.955714
13034.689286
13035.273472
13087.895959
13046.123126
13059.099997
13090.940574
13050.859067
13045.386021
13033.275584
13045.416998
13047.476389
13079.518352
13083.000047
13112.986731
13058.587539
13046.843462
13048.938914
13083.689104
13113.608156
13046.730994
13058.751320
13056.530867
13057.252979
13078.108275
13035.678738
13050.060246
13061.590598
13051.015285
13057.894166
13045.674499
13057.714106
13102.705649
13046.656444
13048.026983
13058.704743
13046.215034
13050.617468
13057.972003
13050.151319
13056.086408
13046.298945
13062.128440
13055.330793
13044.932553
13061.140997
13073.062748
13059.895207
13057.928209
13075.575441
13046.808661
13060.194165
13058.500867
13046.269797
13047.912147
13022.321613
13102.553730
13043.936619
13022.244900
13031.685125
13068.857832
13068.832717
13022.271277
13031.655732
13061.501823
13046.407757
13047.172830
13035.965080
13051.017920
13051.793589
13089.734283
13040.682642
13037.306491
13024.449995
13036.602797
13061.479041
13024.498061
13047.758150
13057.575519
13079.301814
13057.345424
13069.463287
13043.633540
13033.060268
13070.922907
13070.083534
13072.356722
13045.604891
13045.745931
13035.796315
13072.495345
13023.087422
13047.552341
13036.234325
13061.088200
13048.056447
13068.280117
13042.891126
13035.477154
13045.910135
13057.048412
13058.511585
13032.904021
13032.408025
13043.671440
13057.051957
13056.060886
13079.796913
13045.222375
13057.657714
13047.364100
13023.983911
13035.789601
13034.727969
13036.327810
13035.012318
13070.157177
13072.944346
13047.106926
13036.800028
13047.421953
13135.212886
13035.188223
13033.649116
13011.864000
13011.182588
13025.050141
13023.530438
13064.604534
13110.890431
13093.833337
13174.163595
13036.552977
13037.980047
13055.901777
13040.672327
13022.055528
13123.857396
13046.009602
13010.782933
13048.072937
13046.727612
13011.503909
13023.327356
13049.725531
13023.353339
13035.896555
13047.578590
13057.617565
13052.343993
13059.336430
13060.228644
13072.060013
13072.789951
13078.711065
13061.769010
13022.721732
13023.293487
13023.135717
13057.940894
13045.113737
13020.605049
13009.678777
13045.605768
13020.207401
13046.183762
13020.292121
13045.309925
13046.429901
13046.373944
13073.168004
13060.079312
13057.946811
13047.129664
13048.538994
13046.860978
13047.698715
13031.612064
13068.273032
13048.202448
13044.141289
13044.068503
13061.722515
13062.632881
13036.036843
13035.493869
13072.945697
13034.974303
13035.378530
13020.594081
13045.587427
13021.207117
13010.398098
13046.751157
13032.577227
13032.622792
13034.434357
13046.218678
13021.817751
13057.515357
13020.829145
13045.008595
13020.517954
13045.493435
13019.719033
13046.291337
13045.712388
13070.161667
13073.893285
13044.939041
13024.173896
13035.572463
13059.683326
13063.248360
13021.731469
13062.605896
13097.656702
13059.703748
13060.908306
13033.918181
13033.270636
13046.592790
13055.360843
13060.252447
13049.147735
13049.878686
13034.102500
13034.388144
13032.327146
13032.604840
13057.101415
13056.882396
13034.994345
13047.232245
13021.748906
13022.099020
13046.254804
13045.350639
13045.954909
13070.013202
13047.357839
13035.822238
13056.489057
13032.269909
13021.904781
13032.467553
13056.931006
13056.858197
13034.979359
13021.792308
13071.427025
13072.628757
13048.581500
13045.959824
13043.589690
13058.980453
13048.289914
13037.890983
13033.566223
13025.393997
13058.959875
13011.502858
13035.737625
13051.967450
13067.297204
13057.853235
13070.653286
13059.635260
13058.427216
13057.808727
13056.029262
13070.562145
13047.134479
13059.611447
13058.382801
13056.156104
13100.012686
13135.176163
13064.846927
13048.610777
13034.243690
13049.167973
13049.253656
13049.196733
13034.627996
13034.646712
13088.269077
13061.628882
13077.965484
13065.963095
13062.667484
13045.465165
13046.161220
13073.729157
13074.324781
13074.315606
13048.577215
13034.905384
13049.245363
13034.947578
13048.575329
13049.243365
13044.920968
13044.878315
13022.569241
13023.208575
13021.428599
13051.706614
13080.226691
13056.556743
13044.522239
13071.291155
13070.792017
13084.356022
13069.567980
13048.947814
13043.771447
13057.616688
13044.583452
13060.374474
13034.449972
13038.756916
13039.182814
13060.709473
13036.403758
13086.285254
13084.281134
13047.031405
13049.792099
13058.993611
13045.219028
13071.884929
13072.719085
13066.175846
13044.144010
13045.618193
13056.945925
13044.404313
13034.451486
13033.333289
13058.276524
13075.500242
13056.910326
13035.570378
13047.183221
13032.616158
13035.240381
13047.893820
13043.803001
13044.504809
13074.510755
13129.563325
13075.158411
13089.418164
13050.522279
13036.504089
13087.295427
13046.840769
13048.995065
13045.088952
13058.591063
13089.267222
13049.726924
13050.441941
13050.660590
13048.952561
13087.062936
13043.913815
13045.412947
13047.537772
13043.691124
13079.987550
13044.334825
13090.983300
13050.907503
13060.261908
13059.373328
13084.744909
13071.471043
13052.383068
13112.302763
13113.460311
13046.636523
13058.655560
13082.830506
13045.041191
13034.960051
13047.336248
13048.627467
13034.813321
13036.614978
13036.364832
13035.528503
13048.089735
13076.779537
13035.759713
13058.713391
13065.265001
13048.826934
13020.952351
13022.212158
13021.624871
13059.381718
13070.284503
13048.074797
13062.329550
13049.850750
13087.152973
13076.108826
13050.379205
13065.758825
13105.957192
13104.854338
13079.752782
13079.256885
13060.951306
13090.383214
13062.500237
13090.417297
13090.388613
13060.222338
13056.575584
13090.369734
13078.879337
13073.054837
13046.155743
13073.606220
13079.958510
13086.029764
13068.463253
13058.639929
13086.083534
13068.561231
13045.906489
13058.667735
13058.280865
13111.106674
13105.985942
13133.740979
13058.816139
13044.804229
13035.810551
13049.109043
13048.552740
13036.608955
13012.201309
13002.128796
13013.042390
13011.795570
13026.385879
13052.235521
13060.595907
13051.722995
13023.233612
13011.760639
13002.327940
13025.089245
13024.555311
13024.447517
13035.198039
13034.623345
13023.634091
13048.888190
13049.686517
13065.851564
13063.471740
13062.634486
13079.013435
13078.003461
13062.284930
13046.988622
13081.262558
13034.576785
13048.162562
13059.263580
13035.147020
13044.078593
13043.848736
13045.265817
13045.367460
13087.273028
13033.913369
13094.796269
13048.406098
13095.914490
13020.628036
13020.672979
13079.380391
13080.498684
13073.555429
13080.012950
13079.524707
13095.570525
13094.182663
13104.836908
13096.218171
13094.158067
13110.827137
13091.984546
13091.956387
13050.328965
13050.886566
13081.451172
13081.426531
13052.161403
13062.519410
13060.002434
13060.695931
13075.634173
13069.002953
13070.137335
13062.176887
13056.979396
13060.834785
13084.154207
13089.926093
13089.882918
13047.144769
13061.025167
13068.049075
13069.128387
13061.776820
13035.028216
13045.811129
13035.583031
13045.757679
13067.674619
13058.776630
13076.720507
13090.534449
13091.695083
13059.993299
13091.162623
13091.162030
13083.703881
13071.643579
13055.902014
13084.740580
13058.434361
13049.572795
13098.908850
13102.829192
13102.828525
13059.998616
13059.984046
13052.894722
13053.357758
13025.619550
13051.070998
13044.700395
13031.363055
13045.491105
13021.149881
13020.029648
13009.793719
13013.144077
13013.331656
13048.231087
13044.721510
13031.495862
13032.642304
13032.167382
13020.130664
13045.183127
13052.060717
13033.920108
13035.022701
13085.051032
13084.654612
13074.064804
13055.588314
13032.319131
13030.523475
13055.523981
13031.420345
13020.373373
13074.956710
13074.494378
13075.579661
13063.287994
13083.127111
13061.637850
13050.388927
13050.974649
13045.181680
13063.249853
13061.338598
13021.835677
13057.596317
13058.717329
13022.637897
13020.119611
13045.745370
13045.226772
13019.540794
13061.622056
13044.981536
13046.323089
13050.176025
13047.914506
13058.764904
13058.749108
13022.238717
13124.572417
13146.893631
13099.027563
13089.364004
13075.662277
13088.839062
13072.508286
13058.823503
13031.944935
13068.655390
13099.893692
13099.894764
13099.881241
13061.102189
13092.423028
13061.308990
13050.346315
13089.659115
13072.707612
13085.870352
13088.897106
13058.871050
13060.263060
13071.142725
13090.509440
13063.135979
13073.132703
13040.094346
13092.439579
13050.933588
13061.806003
13040.395591
13046.113654
13046.801116
13098.152928
13101.959076
13045.531076
13047.942803
13076.032439
13022.365464
13049.427257
13033.509432
13034.196485
13076.884180
13022.544400
13049.236270
13033.946512
13034.222747
13023.285199
13081.458542
13081.472696
13063.405559
13110.028046
13046.045956
13064.269917
13073.794582
13096.434550
13087.045462
13119.058958
13087.638195
13062.274537
13101.174600
13120.302629
13049.729195
13092.003441
13048.858724
13060.444596
13036.294426
13044.989223
13069.711146
13058.090436
13078.143328
13071.871392
13079.262671
13061.395174
13073.973252
13092.005169
13091.505516
13085.408572
13074.074411
13092.664890
13116.121549
13098.133064
13102.469888
13099.601946
13100.313395
13075.053746
13047.282195
13065.303791
13063.002805
13094.286297
13093.727365
13023.753069
13022.328828
13034.787540
13022.665909
13011.524942
13048.266862
13078.423474
13059.812244
13061.294115
13060.346750
13046.477221
13088.380242
13047.618188
13070.598983
13046.749473
13060.224871
13062.159820
13045.404546
13070.468897
13047.827923
13052.421744
13067.677902
13051.788296
13078.010312
13051.072226
13091.814539
13057.294111
13086.228301
13073.938732
13087.108766
13080.570973
13073.190656
13036.878138
13079.466638
13063.296332
13058.507430
13095.497489
13046.953094
13072.126615
13062.701968
13075.392010
13091.831258
13062.260318
13154.373103
13134.135159
13130.094597
13110.487856
13113.400432
13140.780969
13086.934753
13105.068006
13115.717903
13072.818600
13074.202217
13105.023440
13062.258721
13086.530351
13073.903462
13081.390502
13080.807285
13073.813354
13063.993077
13072.376895
13071.299855
13050.142688
13058.944746
13048.740537
13047.368234
13048.256264
13069.898020
13047.872066
13060.108714
13074.962552
13074.972720
13159.405659
13136.667779
13073.351545
13050.365536
13078.927424
13063.540226
13072.918235
13073.339404
13122.816215
13105.879611
13108.556369
13105.917915
13106.855934
13081.193614
13074.286227
13081.195605
13074.845928
13074.815077
13046.097165
13037.931634
13045.467966
13045.081141
13045.947941
13036.170377
13047.708591
13071.238931
13070.720339
13091.967391
13091.942860
13060.602419
13069.618476
13069.013546
13062.755319
13072.291860
13085.410546
13047.360878
13084.350034
13057.344546
13092.689300
13092.687667
13052.140054
13069.862424
13069.280712
13062.331386
13079.451468
13078.872771
13073.290729
13072.453230
13068.240321
13068.239285
13064.314247
13076.372996
13090.784667
13090.798456
13089.845692
13074.032387
13069.599683
13089.811669
13059.833000
13060.618199
13049.626275
13051.117563
13060.801747
13101.085275
13047.321383
13045.345231
13046.165619
13092.149177
13092.164783
13090.810885
13090.199698
13078.136611
13100.548784
13111.153913
13096.975440
13112.201178
13115.060158
13111.201138
13109.628928
13127.538859
13115.284799
13128.081947
13125.261979
13112.043055
13098.403033
13122.664708
13125.944037
13107.902806
13114.560964
13117.975933
13101.687140
13100.948691
13104.361267
13050.939602
13092.788820
13090.641126
13076.241087
13091.247493
13062.608103
13075.231560
13092.817358
13071.851131
13092.201180
13074.543455
13085.474390
13085.988236
13074.803055
13092.901006
13104.849703
13122.831860
13121.125759
13119.924539
13063.727797
13104.846438
13092.092262
13052.684305
13070.667016
13092.095351
13103.947765
13087.954009
13075.904502
13096.889943
13104.530108
13065.956077
13076.003079
13065.606804
13111.008422
13163.857897
13130.791980
13112.884166
13059.398319
13056.145915
13043.641059
13044.219898
13043.134926
13062.210230
13033.712740
13072.899824
13069.472628
13043.219789
13069.448108
13072.731906
13047.300653
13073.161142
13038.566151
13033.244273
13057.434812
13057.849088
13033.204806
13061.136201
13056.158019
13027.477488
13032.444414
13072.419047
13033.691251
13032.470790
13069.809602
13050.849382
13073.233995
13070.630925
13069.087788
13058.218239
13058.654570
13058.055301
13047.555507
13036.131588
13047.216974
13046.708154
13034.338533
13033.979864
13056.246891
13046.501956
13032.632535
13047.041786
13046.034652
13046.528438
13046.968487
13060.803488
13045.464111
13035.360212
13049.805916
13080.765053
13080.764065
13063.317487
13090.796817
13061.586452
13102.473236
13062.385394
13091.245897
13060.055893
13063.252576
13091.800087
13091.301860
13145.526902
13092.002800
13059.133309
13059.964107
13091.545158
13139.209901
13121.118744
13121.132937
13099.336253
13061.411554
13060.632178
13169.198484
13150.867445
13080.667051
13037.074749
13048.882190
13081.536489
13070.678249
13070.962930
13081.419388
13078.755649
13149.723057
13032.134566
13060.622690
13068.978067
13046.164769
13075.911945
13086.442773
13099.045629
13051.627379
13078.544668
13051.071504
13093.598920
13123.796795
13118.109921
13071.916354
13080.584706
13079.485031
13073.668707
13092.258188
13091.085609
13073.662147
13084.866574
13084.535071
13113.644708
13136.739016
13080.480857
13074.839528
13034.936547
13045.516541
13049.879371
13066.918980
13064.357918
13105.966058
13135.292416
13051.888985
13067.408692
13076.577526
13063.523800
13077.028480
13077.817918
13073.693770
13050.181225
13049.357963
13057.682651
13035.413795
13049.220276
13034.788349
13059.130086
13069.626014
13034.627836
13087.157327
13033.731518
13033.610676
13058.621907
13068.506000
13036.412555
13035.780344
13060.077016
13069.961396
13035.114787
13057.590666
13078.638800
13075.599188
13049.657500
13072.074683
13074.705503
13063.699792
13063.111340
13052.182795
13079.162209
13064.080983
13093.882135
13093.867246
13137.553917
13080.765502
13063.284405
13025.800142
13037.863154
13038.057326
13038.029656
13062.974911
13051.947499
13051.564083
13035.835957
13025.208872
13036.306373
13037.745304
13073.390340
13062.923943
13054.957125
13062.943079
13051.784405
13015.082002
13063.374966
13050.593502
13050.637370
13058.443435
13059.144258
13063.056714
13078.456846
13074.517748
13050.412793
13062.989829
13072.719080
13046.471692
13072.110083
13064.330344
13052.261049
13052.816642
13079.183555
13080.751785
13137.036492
13046.516867
13035.925637
13064.782697
13106.928228
13107.993576
13061.987001
13063.436312
13062.104058
13090.325572
13088.921893
13076.940284
13076.852193
13123.810392
13106.950041
13106.319930
13101.694026
13097.060379
13102.796927
13097.020319
13088.778699
13076.674787
13073.535658
13059.068248
13036.156002
13048.356399
13050.945613
13036.504080
13034.842815
13058.970880
13047.669827
13043.223856
13044.018243
13063.123517
13052.371164
13036.311607
13046.267652
13072.058470
13062.863121
13041.292889
13040.264050
13064.687469
13059.358918
13035.634956
13035.310694
13064.668772
13074.791348
13033.171605
13067.027985
13085.315424
13044.018935
13045.601077
13045.831307
13056.900997
13071.047299
13057.269224
13058.780973
13045.504894
13045.358589
13044.806607
13057.132737
13075.998899
13035.434803
13057.868317
13057.997483
13056.620536
13068.574967
13058.933446
13047.647362
13047.596457
13069.275155
13033.964667
13057.374857
13069.040212
13046.059254
13057.893502
13043.299069
13055.451970
13044.138433
13034.030791
13056.480384
13043.946092
13056.451527
13034.682136
13035.336418
13045.416977
13044.697031
13044.656059
13034.821568
13044.671079
13073.489517
13058.693323
13059.423218
13060.731408
13036.215140
13060.075303
13047.231370
13078.545674
13061.942488
13078.035722
13061.959858
13061.623099
13047.250092
13048.624988
13047.767042
13069.900097
13045.713412
13047.892805
13062.825561
13069.747323
13059.492458
13059.594193
13058.786527
13059.357403
13036.902979
13058.291247
13062.451752
13048.656131
13048.346347
13044.213559
13033.718787
13035.656160
13057.912659
13076.141014
13035.535686
13034.355038
13060.876291
13026.658424
13026.350436
13078.814899
13023.712198
13061.862076
13034.485149
13051.245474
13034.553782
13033.927124
13061.673350
13032.742127
13073.428487
13046.271260
13057.452643
13059.496282
13060.650831
13046.126327
13046.381460
13056.956976
13046.839082
13057.409546
13036.378426
13033.648777
13083.636776
13070.762073
13083.571207
13075.889343
13049.760860
13060.242143
13049.167144
13044.659685
13044.694151
13075.933534
13072.001527
13082.574751
13047.339928
13035.314505
13100.269293
13049.665180
13074.727762
13060.422876
13075.240575
13074.499901
13085.396729
13073.824547
13064.660579
13071.239508
13088.232959
13058.772790
13071.028959
13036.201692
13070.631877
13046.999667
13071.981114
13089.690689
13071.822109
13038.558259
13038.283475
13048.869861
13048.542791
13065.574804
13048.634801
13073.577878
13060.698751
13086.684372
13059.438199
13088.364342
13070.561595
13038.427646
13037.041192
13048.702889
13045.332300
13046.481063
13047.369517
13061.759735
13094.812762
13048.497181
13060.317640
13081.120766
13073.840790
13072.804700
13085.949449
13058.000084
13087.179946
13046.059511
13069.528489
13035.540050
13046.330792
13034.437750
13088.243143
13088.215902
13060.017600
13070.960998
13037.701706
13036.202784
13047.976117
13046.501393
13024.613190
13062.839844
13050.577153
13047.952637
13047.267525
13056.761398
13046.597395
13060.690704
13077.438658
13023.037663
13024.348885
13058.255823
13074.990213
13047.299403
13057.929275
13057.624305
13046.871407
13057.573300
13086.574817
13046.352421
13068.420699
13057.319939
13033.927216
13074.938113
13035.087938
13036.478029
13047.386672
13057.803489
13058.024596
13034.873296
13035.456699
13047.772804
13057.729358
13057.746742
13033.009009
13043.590156
13080.033100
13047.214481
13057.826909
13061.010323
13055.634098
13041.564965
13043.954749
13079.969930
13071.637979
13043.991269
13045.181418
13035.737931
13044.767679
13046.916021
13057.135269
13065.089164
13067.192713
13060.670100
13061.469149
13047.675841
13088.957231
13067.213069
13078.601504
13074.711004
13072.951577
13074.984750
13071.592212
13073.947705
13073.882924
13075.193941
13053.483790
13072.232459
13064.898663
13084.842669
13045.885423
13046.657202
13088.120886
13045.957803
13061.155946
13060.604421
13061.438309
13049.273552
13059.251621
13048.985042
13092.483405
13092.455976
13097.075291
13125.907848
13061.427982
13034.753285
13025.534302
13052.171875
13077.511308
13078.464371
13075.013953
13087.029433
13146.332342
13103.834345
13048.805857
13088.887687
13076.134143
13076.176804
13089.350305
13094.749053
13096.326993
13091.890158
13111.404677
13062.802468
13062.011877
13094.733854
13095.661699
13092.921346
13124.071795
13103.859075
13063.119400
13076.247820
13060.004040
13082.159350
13052.298960
13082.169985
13051.510017
13090.585591
13091.142739
13076.224890
13057.847934
13103.079851
13074.070717
13101.962398
13087.185654
13070.889759
13071.554348
13096.210542
13109.366002
13092.442093
13062.599241
13108.762288
13092.481394
13108.073041
13062.434067
13086.122737
13063.757448
13090.591764
13091.084644
13072.191807
13060.466286
13070.932454
13078.954034
13077.897378
13046.791916
13046.196816
13058.506569
13045.295587
13044.757945
13078.012447
13077.536579
13083.870051
13077.580346
13063.873015
13074.575908
13061.453595
13084.603901
13050.474312
13074.536566
13064.340508
13024.926998
13035.959001
13022.256995
13036.392334
13035.805673
13073.375255
13099.920918
13063.118034
13052.534154
13049.170806
13033.271635
13048.547559
13083.700716
13067.513535
13066.669104
13083.636256
13039.007834
13049.491656
13060.552283
13049.516751
13060.295814
13060.446396
13049.403811
13059.661792
13049.252158
13059.704868
13038.596902
13061.091981
13035.535516
13061.118061
13059.814070
13048.662249
13034.940356
13034.567403
13035.330445
13036.781554
13035.894212
13038.225079
13049.500862
13022.401215
13022.399933
13047.599471
13043.548772
13033.763601
13062.196379
13048.643944
13037.543077
13036.594595
13036.038175
13034.565256
13046.182985
13052.430837
13047.438780
13040.716988
13048.890075
13113.630140
13059.420270
13047.394668
13058.709205
13024.503611
13020.859442
13023.154171
13060.711423
13023.852884
13022.695975
13034.957091
13035.506698
13009.633166
12999.670965
13036.672658
13035.367940
13052.596650
13009.574832
13011.398998
13077.767886
13089.338843
13067.971195
13065.076368
13050.284477
13064.708874
13065.340063
13076.871761
13037.057146
13036.126019
13048.157210
13076.571543
13035.552371
13034.097357
13034.868171
13022.783630
13048.454898
13064.349629
13064.772554
13046.765185
13059.977260
13048.472733
13047.539965
13048.568060
13060.149899
13034.033685
13010.243717
13033.403072
13023.947507
13048.521412
13024.024575
13022.925745
13044.811196
13023.486108
13022.233129
13061.784392
13032.601770
13032.628283
13044.544349
13043.286383
13033.915145
13045.218582
13033.937701
13043.257184
13071.332573
13044.743811
13044.834814
13034.040490
13024.292516
13024.818648
13046.042367
13055.582458
13058.840310
13044.367419
13045.604127
13045.096744
13073.398351
13074.458574
13011.556945
13048.011493
13071.805791
13033.667490
13033.841477
13046.859591
13048.288481
13037.028388
13055.711330
13055.445834
13059.007501
13059.852132
13081.188701
13048.272342
13047.603543
13061.596441
13077.971511
13084.052354
13084.119669
13086.072983
13075.199649
13076.592114
13077.487743
13060.236742
13049.616821
13059.897335
13086.196088
13061.528648
13061.554656
13063.016738
13049.222750
13048.504081
13055.365571
13045.554644
13073.702483
13061.652166
13047.165427
13047.836526
13085.354360
13043.620342
13073.545061
13089.822366
13049.598279
13039.380163
13037.899053
13045.873244
13045.961029
13100.263581
13049.398228
13058.360330
13075.973124
13058.882720
13048.115615
13047.834100
13064.872966
13058.701361
13049.442329
13076.432895
13048.970831
13049.623594
13043.033274
13044.510331
13079.783962
13045.608403
13045.711906
13073.353171
13045.920578
13063.918553
13057.329352
13076.025010
13059.567109
13037.674891
13048.581421
13046.745225
13026.524211
13073.781623
13081.829834
13082.375498
13083.167534
13063.733463
13077.439201
13082.251124
13082.850675
13082.642942
13053.766305
13052.136717
13096.852313
13093.344180
13067.066004
13096.352757
13093.353954
13113.463544
13134.676975
13046.378270
13046.968537
13054.235386
13058.125688
13048.298626
13072.169553
13057.378158
13036.848625
13072.243654
13037.256335
13061.467677
13048.949645
13050.143698
13048.602749
13060.785856
13050.951846
13047.952299
13068.949980
13058.551797
13049.026571
13046.023070
13044.580014
13038.342914
13024.579630
13024.549964
13041.869269
13059.250337
13040.829427
13048.036548
13045.488712
13045.425584
13033.260685
13049.706193
13062.235324
13061.740308
13022.618263
13047.615147
13059.577256
13035.069116
13033.524684
13033.181000
13031.841226
13035.748445
13056.519336
13035.600327
13046.694851
13024.693060
13046.451742
13046.374352
13081.416854
13096.470306
13081.442592
13088.883139
13066.745569
13064.041823
13023.997396
13063.042072
13075.044294
13060.734095
13063.643900
13063.124583
13024.312089
13062.387236
13062.065449
13048.542032
13054.788990
13095.378548
13055.318536
13059.732785
13038.697559
13036.731917
13052.739392
13033.939272
13035.064250
13085.865444
13033.920119
13045.499752
13045.515327
13071.865051
13058.179256
13045.809911
13045.981873
13045.768332
13062.570244
13073.078424
13049.576043
13038.570529
13079.494791
13040.015700
13035.691410
13048.223734
13037.651641
13040.902181
13047.804218
13060.241068
13046.944244
13058.711744
13076.928702
13048.118986
13046.004196
13044.992668
13044.048821
13086.576571
13056.137346
13043.957328
13034.880606
13046.028268
13036.331466
13039.239302
13050.221348
13048.066341
13059.401173
13048.484413
13059.487207
13046.068701
13088.129368
13035.629623
13075.642751
13062.360821
13071.740908
13063.813823
13062.731750
13101.850189
13063.438295
13083.955857
13064.444515
13048.373055
13090.832086
13076.775920
13060.171565
13063.376549
13102.480138
13064.050712
13059.074614
13117.118188
13051.938326
13076.060244
13064.620639
13081.299657
13081.298519
13060.834298
13044.748466
13036.915772
13076.850208
13088.295987
13037.545938
13062.839731
13075.980555
13058.836527
13048.133637
13060.887508
13046.620733
13046.037817
13075.822177
13058.149463
13047.976978
13075.687006
13048.691368
13037.262789
13153.990000
13099.834466
13111.823335
13099.306499
13111.270401
13166.032553
13100.334275
13101.733358
13099.763802
13102.304762
13136.682559
13080.589440
13078.122672
13075.730411
13075.808802
13077.114445
13086.299072
13074.830823
13073.145413
13062.144413
13083.402300
13096.658893
13085.322869
13072.171791
13084.245258
13092.697799
13062.727064
13070.851028
13070.211770
13061.751130
13070.367155
13069.255369
13060.548916
13092.639704
13091.806890
13076.847036
13091.182200
13081.558496
13124.343824
13073.681786
13081.709605
13107.509838
13092.630668
13080.536333
13080.503728
13125.190311
13121.498952
13123.466358
13121.423098
13051.435313
13044.763139
13033.284699
13045.593347
13035.482244
13070.571129
13073.617984
13070.672038
13117.105941
13103.342142
13078.841002
13078.312325
13078.648957
13078.592716
13050.678374
13103.323964
13081.834563
13081.859822
13110.470548
13073.079310
13072.301089
13075.476517
13048.102650
13045.615153
13034.830712
13046.098463
13045.185196
13034.425528
13088.140401
13071.686992
13072.497891
13074.002729
13085.642380
13050.509284
13062.107124
13060.641340
13071.987947
13061.344323
13062.172911
13073.526192
13071.140235
13039.368447
13071.105474
13049.987908
13061.356259
13069.447500
13067.697094
13046.696947
13057.164540
13047.183973
13068.361833
13085.320330
13072.427888
13083.424793
13085.467394
13049.531087
13043.220593
13033.777806
13043.133738
13081.912070
13033.791778
13057.450143
13036.371422
13034.127874
13056.925552
13046.517594
13071.541168
13070.999026
13050.431153
13049.550416
13062.547009
13041.475846
13062.640108
13076.086865
13076.050631
13095.472689
13047.659489
13058.433875
13099.784757
13059.795639
13073.822060
13073.643028
13058.772631
13058.158526
13060.898241
13043.947374
13044.488062
13045.128711
13085.334140
13069.344895
13069.418505
13059.452959
13033.756533
13101.346662
13087.794877
13063.314860
13085.540402
13090.383011
13071.077667
13059.372555
13104.402509
13059.143374
13070.890321
13063.342752
13093.730215
13093.676771
13080.575360
13136.189894
13086.664241
13060.991239
13059.423942
13060.643454
13085.799762
13064.358731
13062.099201
13049.610283
13072.553160
13073.148405
13026.530791
13086.229575
13047.737929
13047.109434
13057.141471
13055.299734
13060.226892
13060.162935
13099.905330
13057.946612
13046.588894
13071.160160
13071.906389
13060.650712
13049.514631
13049.230065
13069.980385
13070.491843
13056.347736
13046.176336
13046.784652
13045.948697
13050.548895
13050.827151
13046.300495
13036.665815
13026.426172
13024.917363
13077.614224
13035.305086
13045.520929
13034.744417
13035.160188
13024.404788
13035.395117
13078.022979
13078.228279
13113.647098
13092.918416
13047.437458
13103.964924
13113.868567
13104.232335
13113.908359
13047.332111
13045.456912
13035.005717
13035.722576
13047.185355
13057.463440
13034.507277
13023.717135
13046.541821
13044.645234
13034.363942
13022.168177
13033.659792
13032.949336
13075.970541
13046.644301
13023.042395
13044.835752
13075.325556
13034.298916
13034.206858
13047.076923
13046.157649
13045.625536
13034.841538
13048.875441
13013.341978
13048.672862
13048.854572
13046.080306
13034.453564
13069.587995
13057.928567
13048.487419
13046.861273
13047.584253
13060.614171
13060.251923
13047.936262
13049.168872
13047.537475
13049.472681
13062.514890
13096.205712
13045.221200
13046.503351
13059.667665
13060.948609
13048.818617
13048.743806
13038.269989
13093.245516
13092.736199
13064.427258
13091.917459
13082.371237
13082.876793
13050.976098
13092.670763
13092.698917
13096.254291
13034.197637
13058.021514
13039.737647
13061.885141
13072.880741
13111.216140
13073.639587
13076.174618
13081.044639
13081.631386
13109.379011
13108.303914
13109.878378
13093.141590
13093.108939
13076.793925
13094.422071
13061.126138
13087.570468
13075.719379
13079.777816
13072.241242
13108.761515
13093.745241
13093.658494
13059.404922
13077.389198
13079.227558
13079.212864
13072.786678
13092.951401
13092.467858
13064.195973
13095.770411
13124.589594
13145.948351
13050.259436
13072.100982
13072.674344
13071.502567
13059.617398
13103.560179
13097.628903
13089.781663
13061.980693
13061.451390
13078.018210
13059.606292
13048.825129
13056.944322
13046.028955
13048.100961
13058.313165
13099.849505
13118.896017
13074.527361
13062.470403
13047.070439
13090.682229
13046.688919
13057.416173
13074.629135
13061.611721
13089.895026
13079.434777
13059.199148
13086.976988
13089.062032
13074.996135
13076.504689
13079.595070
13100.960412
13046.819175
13045.458246
13070.700166
13074.972630
13060.288437
13063.443621
13107.234917
13107.384359
13058.547054
13057.228782
13058.795765
13046.135389
13061.267382
13070.121699
13057.030298
13080.685552
13057.424607
13046.481542
13056.645159
13055.931352
13055.713465
13055.552366
13097.935755
13043.845293
13069.851809
13056.647267
13055.811812
13056.096853
13053.763512
13070.231879
13049.646687
13047.846916
13049.810645
13034.669698
13059.230730
13060.093893
13099.334524
13046.323335
13074.575502
13045.511535
13061.205866
13088.956840
13077.817519
13066.395400
13065.512746
13131.059671
13076.620382
13076.287596
13082.598142
13060.336684
13071.591605
13092.590743
13079.679557
13025.701621
13036.406950
13023.531761
13078.543440
13048.527576
13049.449945
13050.284531
13094.342198
13096.607179
13090.418919
13079.979568
13077.042568
13080.117488
13046.572158
13046.521656
13046.290412
13033.673145
13046.514436
13045.736880
13055.937176
13057.080262
13047.033160
13044.597467
13047.125190
13084.315357
13055.882817
13056.666142
13046.398930
13090.367589
13061.612360
13074.634449
13046.977240
13058.217395
13079.550806
13035.525414
13059.541374
13037.112216
13088.812579
13080.458387
13047.303366
13062.481193
13145.119818
13074.609543
13047.299578
13049.394921
13059.579511
13101.173816
13058.454539
13078.485646
13078.434950
13050.746072
13111.241378
13062.567460
13060.320107
13070.031489
13059.538087
13033.527325
13061.996610
13089.729781
13097.582224
13059.744241
13071.999797
13050.132142
13071.949912
13060.188225
13092.374955
13096.031545
13078.001030
13059.595465
13058.419722
13073.836613
13054.874220
13056.066293
13048.364228
13059.358901
13047.434749
13057.955297
13056.015761
13110.346908
13057.365850
13057.584941
13058.378602
13044.521524
13045.222096
13033.219163
13060.783038
13068.880666
13066.153602
13098.637367
13059.163860
13077.596208
13080.352424
13080.299559
13049.755469
13091.505390
13062.644086
13079.146936
13051.239620
13079.664843
13080.987185
13080.928808
13057.647673
13102.359648
13102.833029
13100.305573
13058.345672
13091.453540
13061.448516
13075.183370
13075.131301
13123.104860
13076.434430
13073.858048
13044.992143
13060.718916
13079.806808
13049.067563
13079.781092
13072.946319
13045.013473
13059.817400
13079.458088
13048.165536
13079.430610
13105.044706
13078.111904
13080.840497
13080.347811
13079.411083
13078.905827
13048.745388
13107.467006
13068.851016
13084.330818
13091.852337
13059.161370
13090.756569
13073.155302
13081.210972
13063.395637
13080.113967
13067.040462
13107.417251
13067.158989
13072.002760
13091.965226
13090.918806
13088.497569
13089.011437
13072.443344
13080.155335
13081.159316
13072.781866
13089.184551
13089.700024
13073.108894
13073.919775
13105.581682
13123.374902
13093.852106
13091.811528
13079.004913
13075.222548
13094.383974
13091.853354
13105.582912
13037.775801
13075.517500
13038.558088
13081.863859
13074.609040
13061.940728
13049.908498
13049.795948
13059.678921
13050.934938
13095.193437
13048.841714
13058.604017
13047.403751
13086.785284
13058.143174
13069.125192
13047.783579
13057.772702
13050.886806
13061.291747
13049.327009
13061.628787
13071.825283
13080.720695
13136.931927
13044.603933
13034.388273
13046.654882
13045.706066
13046.733737
13059.101105
13047.081636
13071.775720
13060.244442
13049.782232
13045.413302
13067.771498
13034.988501
13035.539411
13045.907103
13044.954720
13045.121111
13058.709110
13045.831575
13046.152885
13048.226046
13044.433582
13033.114694
13049.669088
13080.506911
13060.710858
13046.558836
13050.249154
13061.445976
13046.501151
13061.471428
13038.808358
13080.859786
13080.308909
13049.717803
13050.264856
13079.845553
13080.979160
13073.463463
13050.318271
13050.351505
13061.838084
13062.631172
13062.119487
13072.355827
13080.547268
13061.306080
13074.496137
13077.358715
13077.985291
13060.944455
13040.228971
13047.848144
13101.127171
13073.053240
13071.679218
13046.281625
13087.412533
13070.869420
13046.589303
13034.154345
13047.113255
13035.430637
13061.693046
13072.495299
13073.111871
13074.900207
13090.372059
13061.511025
13071.337235
13037.686918
13060.683069
13086.117881
13074.190559
13061.178211
13110.972959
13063.676745
13045.286003
13047.156966
13045.886414
13047.879221
13024.559202
13033.946170
13047.815210
13062.667840
13061.438721
13063.342718
13129.929205
13113.861911
13080.764098
13080.791001
13128.888999
13113.367493
13096.343036
13048.612977
13079.806204
13062.384513
13079.808693
13060.525148
13091.067185
13075.247026
13074.283606
13091.087940
13081.028396
13095.829422
13110.593619
13074.521535
13110.037508
13099.752796
13096.969201
13096.415665
13114.492307
13114.018938
13107.539778
13096.757819
13107.852308
13107.812825
13074.315816
13097.070180
13048.446065
13092.230180
13064.308484
13096.766028
13114.461392
13096.418206
13081.145206
13095.931908
13123.936916
13123.379976
13092.584186
13113.095280
13110.730447
13107.753473
13107.793654
13092.731062
13108.304971
13096.996757
13094.919110
13097.029806
13096.516643
13111.499098
13125.281366
13112.675696
13126.467626
13107.665017
13073.054031
13107.692757
13096.907722
13112.110574
13113.318277
13115.617030
13092.517149
13092.802915
13113.824670
13104.218865
13087.865214
13089.310220
13076.041511
13060.844861
13061.279847
13103.930248
13118.457982
13120.397111
13073.167008
13060.260076
13071.037821
13087.443900
13045.380842
13046.759016
13036.977023
13047.087346
13070.238303
13026.716554
13078.446848
13026.388621
13047.132699
13084.144169
13073.655983
13048.283586
13091.036117
13037.629952
13069.817843
13058.453409
13036.756327
13058.909395
13060.385426
13043.064993
13033.687832
13059.688470
13069.262581
13049.253889
13045.595396
13034.623237
13101.947356
13059.669171
13058.606057
13058.953597
13046.000475
13058.934996
13059.396007
13046.581814
13045.609504
13048.135092
13048.633804
13033.640676
13068.837775
13044.084064
13054.857763
13045.443946
13044.292304
13033.506881
13045.874142
13057.862469
13060.641247
13058.524498
13013.800325
13049.857406
13067.836466
13052.154287
13037.784558
13089.617582
13047.709841
13023.869459
13034.464829
13057.906584
13056.895867
13067.465504
13061.505051
13056.725464
13049.201889
13062.128766
13049.204089
13056.774780
13056.925145
13058.499615
13085.727443
13068.105727
13046.646239
13057.526079
13070.271668
13044.437130
13033.291736
13056.022112
13072.439260
13079.425052
13055.305395
13064.541426
13046.412613
13046.228655
13061.038629
13070.500071
13043.179004
13033.873483
13082.105205
13033.842683
13043.283164
13045.403455
13061.549365
13045.331011
13076.013540
13058.375346
13057.900158
13047.792944
13071.785308
13046.164630
13046.991359
13070.950084
13086.060911
13075.599185
13058.621023
13058.022932
13036.343778
13058.489717
13047.426837
13061.745243
13040.871894
13070.724567
13047.407483
13087.525775
13046.537321
13058.644761
13060.958372
13080.709035
13136.812074
13093.850873
13093.836929
13119.823982
13086.750188
13085.369892
13050.551144
13092.842988
13060.778900
13062.903241
13085.850618
13084.552379
13049.037371
13092.002671
13065.020160
13060.880972
13116.049369
13067.758457
13091.744545
13072.453787
13047.123198
13046.586599
13061.514218
13057.988781
13047.635726
13071.425889
13082.549205
13099.205475
13050.001801
13047.094693
13059.263930
13046.820172
13057.401272
13069.064561
13088.820007
13069.978475
13045.877679
13055.912733
13060.697901
13071.883234
13058.230649
13074.210390
13061.573548
13091.619679
13057.796002
13059.984844
13091.083508
13072.276439
13071.556256
13044.392242
13055.326298
13071.209124
13091.742815
13049.950442
13044.575261
13055.442885
13045.460194
13034.593152
13060.592203
13070.956825
13050.800918
13092.449195
13059.162072
13084.465626
13091.329308
13106.464118
13115.552605
13078.787364
13077.971971
13077.359573
13089.224345
13061.826431
13078.061878
13050.684076
13057.497485
13077.990555
13077.470718
13063.132645
13051.440457
13078.966324
13051.996366
13049.737104
13087.287214
13058.022329
13046.150765
13059.148571
13055.588844
13060.653139
13058.147240
13062.530628
13075.796836
13046.851922
13047.256909
13073.323714
13074.144830
13061.009281
13048.496029
13038.416588
13050.002877
13084.288651
13058.449840
13059.224169
13076.721061
13048.059220
13036.643909
13063.014295
13071.597259
13059.836365
13037.919747
13050.241422
13077.515550
13092.507489
13075.785174
13062.606813
13084.524803
13059.683821
13060.566278
13062.123934
13051.629126
13084.768275
13092.019635
13078.888540
13064.261477
13114.348394
13078.232903
13098.181540
13083.406797
13099.292793
13092.036967
13062.022422
13092.638450
13085.031610
13098.807636
13099.936063
13089.907954
13104.434341
13049.090310
13080.407088
13080.093998
13080.756385
13080.449557
13060.738653
13073.885818
13073.286255
13113.197643
13104.101364
13087.314571
13088.731708
13075.465312
13069.765976
13099.559064
13058.124535
13047.425386
13100.326259
13099.758483
13063.935374
13152.431817
13131.884779
13152.492440
13130.756904
13095.957073
13081.160303
13060.617059
13060.486777
13049.471464
13097.262123
13091.102639
13055.820673
13090.596169
13049.715827
13095.970057
13096.568859
13096.581042
13095.703593
13080.891200
13096.313510
13106.536022
13052.104860
13067.869667
13061.193488
13063.065677
13089.200179
13101.948189
13046.044872
13036.195009
13058.488697
13060.644416
13050.004487
13033.515008
13032.337701
13050.661737
13060.477202
13032.234790
13100.365040
13071.190498
13072.081560
13072.379588
13082.184689
13069.864270
13071.824280
13072.721045
13060.868224
13059.428781
13072.901967
13070.552533
13057.977170
13048.881018
13059.377282
13072.166942
13059.669915
13058.097473
13047.411051
13072.792301
13073.250439
13035.516756
13045.586090
13048.216907
13072.982151
13074.276270
13034.437801
13047.555045
13047.983653
13035.943664
13048.548202
13024.546381
13034.518973
13058.858702
13071.243880
13073.853319
13048.899617
13058.514717
13060.187323
13059.269818
13075.313764
13060.990272
13061.115811
13050.023849
13059.458599
13073.236823
13096.310150
13070.906542
13083.740271
13083.701182
13109.396149
13109.426682
13121.668189
13096.311540
13077.477964
13076.455140
13075.926660
13075.712932
13060.990027
13100.473891
13061.838670
13068.006293
13089.542130
13096.528906
13058.316128
13086.266048
13089.661897
13046.649956
13045.968729
13060.893003
13046.445059
13044.523690
13058.992303
13047.303169
13086.999741
13048.323965
13036.980343
13046.425022
13047.915888
13045.929413
13033.164355
13036.552599
13046.246242
13030.135185
13021.237020
13037.540675
13022.328013
13036.774212
13021.093272
13056.927705
13031.244607
13031.178933
13047.781218
13036.205995
13022.564453
13021.122689
13010.220686
13022.429116
13022.450190
13046.651832
13031.388318
13020.748328
13021.845550
13021.901265
13045.225809
13031.971952
13056.208406
13030.163998
13032.680065
13020.193787
13047.410188
13089.789469
13074.117880
13044.169616
13031.688292
13030.403148
13031.925086
13020.333275
13030.830876
13032.468460
13031.724818
13045.823017
13032.572688
13031.954999
13047.662641
13021.901837
13046.907456
13047.569795
13076.770957
13050.709106
13067.635919
13066.667531
13040.642338
13039.587192
13062.182185
13074.116511
13059.306573
13089.186912
13074.646483
13063.518786
13047.554827
13033.904414
13057.231661
13045.485356
13068.150088
13045.192151
13034.431667
13086.098126
13054.103805
13057.623979
13046.123793
13035.901900
13034.635986
13089.602996
13035.100065
13072.817374
13045.254152
13032.497167
13044.946786
13043.455405
13021.627479
13022.228974
13042.978475
13046.698711
13044.948229
13045.944352
13030.146957
13055.512151
13044.062948
13034.090959
13054.898547
13054.023634
13043.188224
13055.604199
13054.761761
13055.295890
13053.200282
13046.210216
13054.787889
13031.735666
13032.764735
13044.733531
13044.034742
13087.141188
13043.292025
13058.977904
13043.862527
13034.810497
13044.870393
13034.127270
13045.060480
13077.206732
13047.953558
13044.949515
13033.993081
13046.966535
13046.425727
13032.363204
13045.674714
13034.923379
13086.772680
13058.803356
13043.290002
13047.080602
13043.926671
13032.615320
13043.191621
13044.444084
13035.678109
13039.704271
13038.242833
13036.368415
13038.224782
13034.266643
13038.261181
13034.909319
13022.219259
13033.064586
13045.900364
13049.392265
13048.457161
13046.588367
13048.441434
13074.004812
13085.177945
13038.288961
13073.454400
13084.414969
13057.833875
13057.362256
13060.146964
13057.910799
13034.148933
13023.386372
13075.155096
13056.388645
13075.163393
13045.630467
13061.373373
13060.092450
13056.312425
13074.549436
13073.237031
13085.316161
13047.378442
13048.045601
13046.057856
13087.931673
13033.924151
13101.077250
13043.799767
13059.153511
13044.337744
13062.023181
13073.643110
13057.932754
13035.493047
13034.988691
13046.311838
13025.033345
13047.405368
13038.665143
13072.151253
13073.248994
13045.765903
13035.969751
13020.416866
13070.469710
13043.248593
13071.757544
13042.698453
13043.807939
13043.362630
13070.455228
13044.570723
13035.316987
13020.562782
13010.917455
13046.681085
13021.792154
13046.794076
13021.345479
13047.212260
13022.474809
13046.571292
13057.973919
13032.054369
13036.150393
13033.059830
13022.009706
13057.995293
13089.640740
13075.149651
13044.194495
13054.862368
13021.104608
13031.502820
13032.381156
13058.722989
13024.249203
13035.638268
13077.349357
13057.230910
13032.444910
13047.400374
13021.879727
13045.407921
13044.688466
13049.224763
13045.330654
13045.237621
13045.469909
13045.262026
13011.081384
13021.959552
13031.602144
13036.270820
13059.612357
13049.160034
13036.185407
13049.276542
13022.128495
13036.410775
13046.445485
13086.401068
13020.961503
13020.456176
13033.461355
13029.512800
13043.320764
13019.602601
13009.538211
13009.514857
13062.485728
13070.142598
13034.501744
13048.069531
13088.206395
13063.135430
13074.704133
13072.800237
13011.695579
13075.940207
13023.353613
13067.090534
13060.585601
13061.565843
13062.363683
13100.859676
13082.950340
13139.097832
13096.035990
13096.025619
13082.925400
13138.525239
13075.162716
13076.535802
13077.440519
13060.565015
13045.708515
13086.194150
13046.406602
13045.193420
13059.521343
13077.154342
13038.623347
13057.811778
13074.837198
13059.258514
13064.761674
13050.458855
13039.563280
13051.243409
13061.810474
13068.788520
13058.154850
13058.059183
13076.904856
13057.756337
13047.949315
13087.286178
13050.175313
13048.460146
13050.523406
13090.970279
13084.251673
13063.390192
13105.649822
13093.333052
13048.832520
13049.592102
13066.968006
13076.079027
13067.567036
13052.360295
13075.752583
13065.521851
13043.892507
13044.159098
13056.225870
13031.725952
13043.180900
13041.761554
13045.925298
13046.334269
13057.928216
13044.398670
13034.064246
13045.966180
13034.216793
13046.946310
13045.822166
13047.695690
13046.331324
13033.972597
13032.681629
13055.712790
13022.375653
13021.822015
13032.928784
13031.173661
13060.688681
13033.200565
13071.781436
13034.358555
13023.279722
13023.227199
13032.360731
13070.966180
13031.398346
13032.832514
13033.471227
13030.846954
13036.867473
13025.895194
13073.816925
13024.958913
13024.392351
13072.033239
13036.796374
13037.013297
13025.784200
13035.936054
13035.732403
13036.070193
13061.026396
13033.028108
13047.710243
13059.171051
13022.988947
13072.910458
13070.109483
13070.212513
13074.067852
13024.633018
13024.073774
13072.200460
13070.941724
13061.973201
13035.105796
13035.993047
13050.392273
13031.138556
13021.812075
13022.483316
13057.565716
13031.281454
13031.051789
13054.748717
13056.218431
13057.378970
13057.312744
13021.865938
13033.616134
13031.839658
13022.380122
13058.222473
13044.970912
13031.990610
13055.730749
13056.829334
13044.367320
13031.911466
13033.602762
13032.406361
13036.387539
13037.966971
13035.508088
13047.175606
13021.363400
13032.557025
13030.699105
13072.222956
13073.216671
13072.789171
13035.952304
13046.140484
13059.076934
13047.591154
13033.212836
13045.576091
13055.927147
13023.861558
13048.952938
13048.932325
13033.894597
13059.587745
13023.304917
13033.946818
13046.979797
13033.295604
13022.539242
13064.329607
13044.033075
13057.790901
13031.748153
13034.723572
13034.150895
13043.727972
13059.723639
13061.102420
13036.747991
13057.344297
13044.076153
13057.965048
13033.343118
13035.911501
13023.817950
13027.654163
13049.786345
13024.078439
13044.138333
13045.578851
13033.816080
13059.588031
13043.711882
13054.958026
13046.323225
13034.667528
13045.268112
13044.932790
13072.178165
13046.251729
13042.553285
13057.313640
13032.398144
13043.782413
13044.472245
13069.073559
13073.748589
13043.074588
13069.619340
13031.954701
13046.572380
13022.542101
13086.587403
13059.506525
13058.093967
13087.169283
13033.994375
13057.789351
13088.140161
13069.260225
13034.319437
13073.132748
13046.766998
13045.328000
13047.887742
13036.045447
13033.296039
13032.787874
13034.723618
13034.794409
13051.570168
13037.921180
13047.468193
13089.457930
13035.710423
13042.548196
13047.269118
13020.806531
13034.283863
13058.030808
13020.162744
13047.281377
13086.658700
13045.137500
13044.544580
13045.133491
13032.730400
13032.675447
13061.513842
13032.568664
13045.506116
13035.543182
13078.463159
13067.956800
13022.511785
13036.125588
13080.211277
13098.209707
13086.507773
13084.221533
13084.156203
13098.724560
13076.253512
13046.107529
13058.698567
13048.362724
13034.648076
13088.136827
13036.561882
13034.993424
13045.232792
13033.765760
13087.249385
13045.644234
13042.689270
13031.732238
13085.896323
13043.748659
13044.256163
13103.980210
13061.371980
13072.406265
13053.445971
13034.830304
13036.247813
13035.056994
13033.809958
13051.892270
13033.736250
13034.788537
13033.404777
13062.828498
13023.100227
13060.247704
13024.806010
13024.895016
13044.309886
13045.888837
13045.714745
13043.919767
13033.193846
13071.272503
13049.219323
13059.627169
13060.881977
13070.826374
13036.130477
13036.815945
13046.211752
13046.256430
13046.125368
13045.754386
13046.272364
13046.523739
13061.002788
13047.188922
13058.254205
13065.723534
13021.841782
13031.343372
13022.531182
13047.258046
13022.475240
13048.866280
13117.446515
13072.817848
13059.180882
13072.790084
13048.965566
13038.775320
13084.827530
13056.875706
13089.235306
13037.289101
13033.238661
13048.832676
13049.002361
13023.069272
13021.648607
13058.599125
13102.372412
13059.807798
13087.972209
13071.497765
13060.923934
13070.347914
13098.314725
13042.979871
13045.544240
13045.344417
13045.789268
13047.044904
13086.885407
13043.050672
13073.139262
13036.658636
13061.636953
13045.003988
13073.307382
13045.600172
13044.369457
13075.618352
13021.632385
13021.716339
13098.975795
13059.099701
13059.407823
13033.827117
13032.338746
13047.961065
13037.034883
13022.284608
13020.328638
13043.743798
13036.296934
13035.563551
13066.174312
13086.450933
13073.123218
13085.963021
13073.469583
13076.822391
13059.852846
13059.522330
13083.386417
13093.210898
13045.995133
13058.052380
13058.077696
13111.897974
13076.354359
13066.261599
13037.726830
13136.656035
13086.975575
13086.420989
13054.988083
13078.486034
13070.583605
13038.059679
13048.830753
13048.404245
13048.030251
13047.666157
13070.027006
13033.290554
13061.788888
13050.298675
13060.078447
13047.553412
13088.258671
13046.946472
13070.606622
13033.181185
13062.414586
13076.778986
13050.282237
13060.653300
13050.860612
13065.533048
13048.490432
13022.114507
13023.362210
13021.414773
13022.598344
13055.929261
13054.935701
13047.552562
13048.355260
13044.754382
13057.218491
13043.302250
13043.784190
13076.550592
13059.663200
13043.464890
13045.229210
13057.728180
13043.276093
13046.501102
13043.240612
13057.203412
13074.200137
13056.507509
13063.249793
13074.256728
13046.466558
13064.468131
13048.909528
13058.754871
13038.046046
13047.785487
13046.429388
13046.201489
13063.866566
13034.412301
13033.123922
13046.485647
13045.862988
13062.605933
13047.068111
13021.789507
13024.609579
13035.471865
13034.950971
13020.864381
13057.175025
13042.646038
13044.406314
13075.845767
13032.373306
13058.602524
13045.119740
13045.420511
13033.314087
13054.509747
13088.702754
13060.112611
13057.612251
13047.223277
13044.371912
13087.349431
13043.799910
13046.363114
13100.647192
13113.790832
13085.937865
13079.183215
13093.217942
13062.561744
13093.315168
13086.548163
13062.079048
13058.129512
13079.295428
13033.173141
13072.890555
13089.071015
13048.360120
13045.059102
13021.107987
13022.399693
13033.976579
13046.942211
13022.311913
13023.717793
13035.999374
13047.439109
13062.079103
13059.971449
13075.199247
13059.163757
13061.646281
13049.973955
13047.852122
13061.467944
13044.855367
13075.411010
13061.675566
13040.639165
13039.721330
13071.958004
13070.355456
13059.426398
13070.554832
13064.096241
13067.131246
13076.065647
13037.450697
13064.806186
13033.074498
13034.450681
13052.782563
13046.493704
13035.598940
13072.605331
13058.788915
13021.478600
13033.858014
13052.187982
13067.489504
13059.575019
13033.318336
13023.337687
13047.403072
13046.361010
13046.508012
13033.150768
13043.242070
13033.250929
13022.404334
13012.424399
13033.897241
13032.412527
13022.337918
13070.729050
13036.104694
13032.208270
13043.145017
13046.050402
13070.697218
13036.004197
13048.470417
13047.695160
13035.332025
13079.854692
13064.958494
13065.002852
13076.241720
13096.162416
13094.992843
13093.101158
13107.796161
13090.127054
13089.973998
13076.171596
13076.268832
13062.186033
13061.471158
13064.856318
13065.227716
13081.806972
13082.367273
13082.494382
13083.039700
13095.628976
13094.483904
13111.707918
13093.606951
13107.282964
13048.604427
13012.430903
13012.346964
13075.527096
13048.523815
13066.228626
13077.788922
13135.455546
13064.647028
13084.897405
13073.117585
13033.568916
13023.167308
13023.713150
13063.276168
13073.809056
13049.805148
13051.011912
13051.720423
13047.495370
13038.524118
13038.530994
13060.356752
13060.293208
13046.055712
13022.843048
13023.529332
13103.451167
13050.002877
13050.671642
13072.246454
13044.373406
13045.835960
13045.811144
13071.788868
13061.468482
13034.422085
13034.396393
13037.711146
13048.541062
13060.510463
13064.591601
13096.734936
13106.864881
13077.850355
13110.385302
13078.420962
13094.109646
13109.810776
13104.313861
13096.172024
13088.344596
13074.624232
13103.173040
13092.930710
13075.392677
13093.488840
13063.057319
13093.583101
13064.638831
13109.220587
13066.530213
13092.879190
13074.239118
13091.718864
13084.960999
13092.575169
13049.421751
13093.107006
13118.088762
13123.891432
13096.201373
13106.337412
13090.119132
13090.669989
13076.905973
13065.323493
13051.900101
13062.619970
13075.980516
13112.267980
13083.144178
13076.841408
13063.161829
13092.603915
13093.191760
13054.316045
13082.618894
13051.579026
13059.460543
13060.099212
13059.452127
13020.826413
13020.924854
13020.816940
13126.289826
13161.221108
13116.621570
13102.695983
13085.576099
13072.581969
13071.736428
13073.161513
13074.951246
13087.331784
13062.765027
13072.082862
13071.981260
13074.273074
13061.771922
13062.530580
13203.142753
13060.291410
13048.583887
13035.791062
13035.025772
13045.458798
13035.224837
13046.351980
13047.640618
13048.476216
13022.712436
13051.074625
13084.533030
13091.398721
13123.316171
13089.701171
13099.730572
13111.751707
13087.477807
13101.116634
13099.018260
13101.914285
13010.300259
13040.119482
13056.450832
13038.594995
13001.627302
13076.072072
13124.232132
13151.717126
13155.701122
13147.148786
13107.903323
13060.693787
13012.012254
13037.195447
13032.467347
13152.939938
13129.832150
13109.602581
13127.550467
13047.392791
13149.657533
13096.432287
13113.588199
13112.003432
13115.901699
13118.822093
13058.872997
13058.669289
13059.271211
13036.208923
13089.048040
13077.265610
13046.163237
13060.904684
13048.529352
13056.094009
13069.753953
13085.478481
13085.462886
13131.358784
13021.772368
13075.664183
13033.903793
13048.241800
13046.044853
13087.929649
13059.159604
13034.446889
13045.807092
13130.244719
13034.362671
13059.875786
13046.702081
13071.171431
13060.191745
13057.190938
13055.964358
13056.978951
13099.055046
13045.728788
13092.641068
13050.972431
13044.753897
13033.801929
13092.669192
13034.040231
13050.142503
13033.997133
13048.304366
13060.782768
13071.775096
13046.374179
13047.063744
13059.192932
13049.330619
13056.745517
13046.508978
13085.885661
13073.687579
13033.866095
13069.930588
13035.159509
13044.434374
13071.001636
13044.722931
13088.171237
13054.743317
13060.961256
13060.467307
13123.495450
13089.627903
13044.536776
13043.805091
13048.608266
13046.333564
13023.284653
13032.666607
13073.967817
13073.199321
13045.917360
13047.317341
13061.502770
13073.215731
13062.573205
13085.092690
13103.764480
13074.284962
13104.299266
13085.429358
13063.185492
13097.869993
13089.826130
13103.907756
13104.426645
13074.894937
13104.959237
13132.785230
13132.830599
13047.549613
13036.484816
13061.437820
13060.909811
13086.576061
13083.533442
13102.068213
13059.403729
13061.112883
13061.738913
13063.610390
13045.388021
13059.815437
13062.062810
13033.888689
13072.710284
13051.858291
13049.499035
13078.693726
13025.195591
13051.340905
13098.389485
13067.964258
13080.215519
13049.445917
13100.102417
13118.011820
13047.296368
13061.336646
13059.562863
13060.969495
13114.286804
13142.852275
13122.622327
13116.599206
13113.717064
13132.142955
13110.472277
13113.366325
13116.140758
13126.720335
13107.871204
13111.183801
13137.356005
13113.107945
13088.863977
13102.502380
13124.337434
13114.999693
13073.629741
13045.687407
13033.644614
13059.595050
13037.741757
13036.771030
13066.534879
13052.813765
13063.043497
13058.318398
13047.550478
13047.896313
13061.457586
13099.019299
13087.289592
13071.484966
13085.293860
13098.484750
13079.567413
13078.236506
13080.671748
13072.633480
13067.786020
13110.603919
13066.569273
13066.908216
13081.008106
13051.233468
13073.503513
13111.317922
13034.952008
13035.481295
13022.171390
13020.261185
13062.110168
13046.220524
13035.645923
13045.455067
13047.388368
13011.156042
13008.931607
13009.628143
13021.974777
13021.373697
13034.222136
13032.530283
13031.947396
13032.397361
13052.075197
13048.307532
13061.361262
13061.313267
13037.164509
13090.170790
13050.263528
13060.779978
13070.461176
13047.113794
13036.210387
13089.046435
13047.620050
13090.748189
13047.214073
13059.240081
13035.503498
13047.674715
13022.207515
13033.830857
13032.503890
13011.626987
13048.725606
13048.122067
13045.845814
13083.740979
13055.941331
13056.267118
13044.521418
13045.834186
13057.235091
13048.592137
13034.750136
13034.263392
13046.669416
13035.792316
13023.599606
13023.032160
13022.364523
13021.577000
13045.008433
13036.623108
13049.934772
13076.987833
13060.512217
13061.156039
13101.828210
13089.777572
13032.944594
13022.507927
13031.909234
13044.404138
13056.032793
13011.716228
13047.255215
13031.102949
13011.681409
13022.514039
13022.346608
13021.718782
13022.796098
13022.458655
13044.872641
13071.240849
13019.781084
13020.276748
13055.430746
13031.557350
13071.766894
13032.236456
13031.049803
13031.844174
13079.780846
13013.052916
13047.437302
13013.132839
13044.811149
13056.343746
13060.357337
13056.324431
13060.381841
13045.404511
13045.380215
13082.595883
13087.167913
13033.582035
13034.642632
13072.067290
13073.223386
13072.643500
13073.749321
13073.493122
13070.897113
13070.264889
13046.723678
13023.874374
13034.431059
13062.166988
13057.710412
13023.815620
13021.887259
13021.867644
13022.668305
13060.295105
13024.584155
13060.591252
13074.502002
13046.424213
13057.330664
13022.001293
13032.108266
13046.521653
13058.116864
13045.771226
13022.796443
13033.422755
13048.983038
13049.786083
13059.411407
13037.468650
13045.724860
13037.915643
13031.943536
13054.957753
13044.742209
13085.855465
13045.024694
13044.587180
13034.411279
13042.945126
13033.885569
13065.197584
13023.315781
13076.565693
13034.830203
13032.924938
13088.099505
13049.106765
13049.162122
13046.269734
13049.299298
13027.370888
13027.800576
13050.178335
13036.375388
13028.683407
13057.148816
13040.172511
13030.785752
13033.194137
13032.600422
13073.748621
13071.701345
13047.887807
13021.402643
13060.788056
13035.856971
13046.736041
13035.287415
13046.767503
13060.853655
13046.295726
13046.785394
13046.211267
13087.579191
13033.899950
13034.988091
13074.004334
13074.709133
13074.175140
13046.819805
13046.334101
13047.325237
13071.975421
13062.426267
13022.820508
13021.656254
13023.643149
13049.313184
13078.005043
13078.417142
13073.717540
13060.595518
13020.443535
13044.981732
13023.043405
13021.252077
13086.833217
13047.170663
13023.041861
13023.739915
13022.477078
13021.986605
13012.537431
13011.789784
13034.974101
13034.427275
13061.842999
13077.041050
13078.215181
13059.713921
13058.551269
13088.578876
13042.749560
13031.853125
13033.018659
13032.164951
13021.582828
13061.890138
13044.114460
13028.467095
13043.641932
13043.843418
13045.250163
13057.824476
13024.105541
13033.103349
13033.070795
13033.768785
13036.590263
13044.182855
13035.793739
13042.207318
13042.324958
13042.352140
13043.738890
13041.619742
13079.854301
13041.830611
13063.232444
13046.657819
13044.188692
13043.028945
13062.915623
13071.035793
13045.466803
13035.151109
13046.527144
13046.364367
13042.960344
13044.997632
13046.016773
13046.177047
13035.679287
13072.539230
13074.392815
13070.648426
13033.320400
13032.791756
13034.516253
13032.757899
13035.934969
13060.148770
13024.833821
13024.180865
13073.704531
13057.959014
13049.433881
13045.039349
13045.127413
13055.368094
13043.916285
13043.865711
13067.047564
13057.224111
13046.581797
13043.164396
13059.410027
13070.291059
13066.965875
13057.125978
13098.676609
13031.326637
13030.101724
13068.527657
13044.420848
13043.364927
13068.497280
13044.527274
13058.767976
13067.606226
13057.847447
13035.282955
13048.664410
13057.666737
13057.009288
13059.358216
13067.643091
13058.362823
13047.396399
13098.878345
13099.368078
13046.233398
13086.364428
13060.441515
13097.815420
13031.092102
13029.659524
13030.929016
13030.987557
13056.049463
13054.673093
13020.354055
13044.390307
13020.439448
13030.914852
13055.630813
13044.766384
13010.330141
13033.730289
13034.933423
13055.907969
13020.853548
13045.600277
13031.208424
13085.123441
13085.003476
13034.333739
13023.306872
13032.758187
13033.317304
13022.790713
13012.849249
13058.101929
13031.814969
13033.409636
13032.436757
13069.796781
13022.776158
13031.680032
13031.029073
13034.919520
13024.414023
13073.419639
13070.944125
13033.723297
13022.650829
13032.476920
13033.685545
13033.012140
13033.614825
13022.590355
13070.278511
13033.298751
13033.244635
13030.836956
13034.375211
13046.433940
13022.622661
13020.808702
13010.249939
13022.719665
13022.651662
13034.587044
13048.831602
13034.510402
13034.558756
13073.262215
13135.244003
13047.327352
13055.415362
13039.637531
13022.458780
13020.154048
13010.320830
13023.908422
13023.341390
13044.739551
13021.060444
13020.229360
13031.485987
13123.527297
13062.614343
13051.610744
13046.742725
13074.887896
13058.940088
13058.814770
13013.244030
13012.535122
13024.398827
13047.956223
13043.803991
13044.485914
13043.157713
13033.313726
13045.392263
13046.343506
13040.832834
13056.583870
13042.920547
13004.178317
13015.829605
13000.937923
13048.378912
13047.573096
13010.741705
13020.083198
13022.265951
13024.373238
13062.841798
13026.720507
13023.910856
13062.396938
13022.638236
13085.248402
13033.924277
13033.992915
13047.669049
13047.639840
13033.540844
13024.840898
13064.181002
13050.171209
13049.537385
13064.808424
13046.353842
13025.371153
13034.183327
13034.775666
13022.452900
13022.972081
13043.102132
13076.522892
13024.916140
13022.134889
13021.797689
13021.670736
13021.128433
13064.110397
13046.408912
13060.989179
13049.537087
13034.126388
13050.013255
13064.159837
13034.600591
13046.379632
13075.723361
13064.036547
13060.961262
13063.798261
13049.528297
13050.117502
13064.722017
13046.359836
13060.437518
13047.498102
13036.589118
13022.175757
13033.123452
13077.174534
13032.435133
13042.421249
13033.924316
13019.259994
13021.949629
13033.262283
13036.515619
13044.858127
13043.953829
13044.063076
13036.733556
13060.309987
13059.865067
13070.832337
13046.903681
13035.267622
13050.890899
13045.987956
13047.438379
13060.653034
13061.679350
13050.005359
13083.315211
13091.459032
13080.243338
13079.016952
13069.060343
13020.712978
13010.179745
13063.778239
13064.716265
13022.539709
13020.881748
13010.118545
13022.307344
13042.949227
13031.726949
13033.635332
13043.117424
13034.023965
13032.678785
13073.042381
13031.664558
13032.309479
13046.211326
13045.821863
13046.776221
13044.648132
13032.981211
13059.271277
13043.790684
13033.882199
13059.268654
13069.593026
13057.586339
13057.594417
13057.070931
13044.497885
13057.679752
13057.634859
13047.456481
13033.940018
13035.880661
13035.153578
13049.273911
13048.601960
13035.206560
13035.796383
13009.905526
13044.607110
13019.916081
13009.462152
13031.733383
13032.430385
13060.830662
13032.374411
13047.010851
13058.824393
13035.658215
13024.274424
13076.828169
13045.660465
13020.396517
13033.767734
13034.625785
13089.780154
13043.639196
13044.309864
13073.675342
13043.882865
13044.385890
13021.660404
13046.550168
13035.632481
13022.124904
13046.818652
13048.212399
13011.595311
13036.330939
13088.439563
13059.878248
13034.303696
13044.117648
13046.214983
13045.911670
13058.802197
13046.031617
13033.479588
13055.702937
13031.654619
13031.653275
13033.104888
13055.649614
13024.037038
13059.417930
13023.494679
13013.529293
13047.427759
13011.475616
13036.463277
13036.276919
13059.461954
13032.891279
13022.294414
13047.939344
13036.316195
13020.681994
13055.536215
13032.282580
13031.163214
13031.179974
13024.852673
13034.178569
13084.110463
13033.903896
13044.428614
13035.775950
13022.065791
13033.666163
13025.759499
13070.709787
13072.966940
13024.265474
13033.519938
13023.609152
13009.641757
13033.455952
13044.133683
13031.763034
13031.135841
13036.481372
13044.592476
13035.826356
13055.670550
13045.747089
13057.704272
13055.220819
13043.680403
13045.503434
13070.422881
13046.132181
13045.781663
13034.373807
13087.679833
13047.157422
13046.557295
13045.937194
13045.615179
13047.809955
13059.489456
13045.956926
13058.055071
13048.694028
13060.184813
13045.527675
13034.744140
13058.554943
13059.096309
13043.863447
13043.078909
13041.020795
13031.737887
13042.234423
13045.221964
13044.951970
13042.447615
13031.772223
13055.720611
13074.212700
13031.739067
13058.994057
13034.545807
13046.346288
13059.057234
13041.752012
13069.489367
13037.242817
13045.477078
13024.117698
13044.298240
13035.118942
13046.061622
13057.623469
13035.722963
13044.601555
13045.341618
13083.445659
13049.877836
13072.090056
13057.081675
13047.060781
13055.561900
13057.637490
13045.987131
13020.108887
13011.102917
13034.512389
13035.007969
13021.733657
13022.141766
13045.987994
13022.838415
13036.736334
13046.172035
13035.012493
13034.585389
13047.758220
13048.067540
13033.216293
13060.018354
13022.233051
13055.026192
13044.090057
13043.403552
13043.629504
13045.219537
13031.157990
13020.465525
13033.558543
13022.203339
13032.898368
13034.334953
13055.745313
13055.218017
13034.393298
13043.607959
13057.658013
13020.785410
13020.137625
13044.268757
13044.651140
13044.107791
13044.220606
13035.529475
13035.614623
13034.888437
13049.272050
13010.559953
13021.068592
13020.885473
13020.992289
13021.381814
13043.709936
13031.889513
13044.976887
13042.979051
13043.343202
13041.622239
13038.707422
13044.560533
13049.983363
13075.569429
13065.239658
13034.093537
13034.915223
13022.988315
13060.101689
13035.455986
13048.480262
13032.885137
13069.373489
13077.707150
13089.221877
13023.395709
13013.554910
13020.094386
13024.133584
13024.698708
13010.309594
13044.711408
13035.563246
13020.731888
13025.675580
13011.032158
13011.125269
13047.118356
13021.751457
13046.378312
13024.855876
13033.293497
13032.755880
13092.963827
13081.745433
13060.392188
13035.855123
13035.348880
13059.331963
13044.136553
13044.956949
13070.228817
13060.858213
13070.124980
13061.278518
13049.652084
13064.794806
13034.072559
13049.178275
13035.146144
13034.604287
13049.204374
13060.751109
13088.881735
13078.959395
13079.921963
13091.020861
13102.566262
13075.999219
13064.620055
13064.704090
13064.172101
13070.745559
13023.282594
13031.850603
13023.216335
13060.790852
13058.660909
13023.490980
13033.959130
13023.326219
13045.673915
13023.830236
13013.531377
13035.608734
13034.185275
13071.600170
13023.894671
13023.348532
13036.410235
13035.755264
13085.716893
13044.807740
13044.781432
13032.034469
13044.750096
13010.815433
13019.682523
13010.137093
13045.360314
13010.194120
13087.002775
13086.415129
13055.692320
13013.150826
13036.938483
13036.163348
13013.479003
13036.023199
13036.281396
13000.331101
13022.558242
13023.186181
13023.221966
13022.790587
13074.103898
13078.868609
13077.484457
13059.759450
13058.956139
13032.635161
13033.316026
13011.675049
13023.965483
13020.877659
13062.285946
13048.864716
13048.289308
13069.749439
13062.295048
13033.742967
13034.812443
13052.342481
13089.751321
13022.642087
13014.266322
13034.257321
13023.922611
13058.720858
13035.064302
13034.594335
13034.859820
13034.398005
13045.652773
13012.382848
13022.595342
13056.831911
13050.529812
13062.033074
13010.403255
13010.259645
13023.913232
13050.749359
13074.109498
13064.888110
13064.379660
13075.033608
13035.933784
13065.109129
13022.981483
13035.025804
13077.930362
13034.771864
13035.044841
13024.061267
13022.581067
13033.892732
13013.393088
13024.149817
13035.019544
13036.012634
13079.223667
13059.132430
13056.096847
13050.002436
13050.384248
13056.207267
13071.931581
13057.550461
13048.848411
13048.004340
13058.155617
13045.768211
13034.260646
13034.174276
13034.082537
13034.882521
13074.013903
13038.856833
13062.823415
13023.863208
13023.209391
13034.118207
13033.973643
13047.765215
13023.265529
13033.913430
13035.779282
13046.405429
13093.698380
13095.078645
13034.018986
13010.699084
13010.075917
13034.553276
13033.921237
13051.230100
13090.278843
13092.100905
13033.682472
13035.060174
13071.110528
13048.808408
13050.667703
13020.274162
13021.612198
13049.795763
13023.241333
13009.235359
13008.682529
13033.203539
13019.248829
13013.943293
13040.126733
13034.589390
13062.737204
13038.574835
13048.227031
13039.147159
13064.637597
13052.933261
13045.779368
13063.590718
13099.896245
13033.589370
13036.546316
13033.649019
13047.057755
13033.888111
13042.483230
13044.788674
13032.488130
13046.669585
13057.036878
13046.118724
13035.701331
13063.826765
13047.851823
13046.861604
13046.289269
13046.229940
13075.542981
13048.107690
13037.099859
13057.518935
13057.853679
13034.936827
13057.127400
13033.358689
13050.038039
13043.159581
13061.029572
13068.897702
13064.070275
13076.077155
13099.920083
13099.879178
13099.880370
13099.879266
13048.008954
13060.929930
13070.175424
13075.365355
13039.131321
13077.470893
13088.459979
13061.395312
13060.929953
13056.828640
13046.537149
13060.587336
13051.858113
13078.853818
13060.517577
13048.831916
13078.366586
13061.807101
13062.653841
13061.525729
13049.309058
13089.751233
13089.818322
13057.572411
13059.388347
13058.876987
13061.109121
13047.338816
13088.163284
13088.145500
13091.887712
13049.679959
13050.376151
13091.514040
13049.940386
13091.548009
13049.705328
13049.771492
13073.488137
13080.657717
13050.040570
13080.127035
13049.634801
13088.584103
13118.696798
13086.343632
13086.340023
13075.485857
13074.859412
13118.202015
13091.845733
13060.620163
13131.970018
13130.777559
13154.044438
13130.778033
13130.797630
13152.856581
13136.008506
13023.573410
13023.607276
13062.019592
13046.584691
13023.618291
13023.644125
13050.001730
13074.567778
13047.614161
13047.103082
13061.810972
13050.515523
13050.989699
13066.835033
13052.100874
13045.907463
13058.949674
13035.983339
13059.583004
13058.382227
13046.593324
13058.467570
13059.117885
13057.899870
13022.388282
13022.522748
13010.654128
13050.000572
13021.418020
13035.593055
13020.946284
13022.948838
13083.069537
13011.221166
13010.228622
13034.754236
13011.140811
13000.230330
13011.848983
13090.544386
13092.787879
13064.233907
13049.877104
13060.853172
13038.983774
13035.752592
13061.852438
13058.451226
13031.809412
13032.628056
13058.067856
13059.089059
13058.711043
13045.313191
13090.086909
13040.344527
13067.514250
13051.502299
13076.446444
13087.495966
13084.815490
13073.319107
13089.227681
13061.738449
13071.205573
13053.480939
13034.661285
13034.693444
13067.515943
13076.532833
13087.662355
13047.392454
13057.239615
13048.112643
13047.528537
13049.410035
13100.902959
13100.908930
13059.431094
13047.172239
13045.128593
13057.078572
13057.133501
13045.406110
13046.569106
13043.820380
13044.533711
13069.113309
13075.721775
13055.094958
13056.060749
13044.441264
13060.354152
13071.479648
13058.197696
13047.816170
13049.844797
13049.502646
13055.225524
13045.882307
13033.882655
13036.075237
13037.359662
13070.300175
13046.100947
13046.054085
13062.959628
13074.862770
13035.176713
13049.931165
13070.791457
13104.539778
13059.351043
13060.388394
13084.902309
13085.537246
13072.783599
13061.402766
13069.993868
13071.549003
13090.458357
13084.834901
13085.472032
13071.461245
13060.637166
13072.168577
13061.350507
13071.746200
13073.278780
13103.352752
13116.036593
13084.853626
13070.646425
13073.917732
13071.792355
13063.134169
13045.022112
13046.421628
13081.061888
13046.735773
13043.832787
13059.393579
13043.703242
13046.915909
13046.692943
13047.192498
13076.247240
13057.025089
13046.596827
13047.505156
13057.524757
13033.990609
13045.586320
13057.936149
13045.595700
13032.362857
13021.201812
13035.939054
13024.873267
13058.611221
13047.891781
13036.025727
13022.967468
13076.873134
13037.983044
13052.478195
13060.379586
13060.618383
13036.661535
13035.999407
13036.787400
13037.333527
13048.676160
13048.962161
13059.327509
13064.567443
13061.487312
13063.448275
13059.958862
13060.392498
13057.672859
13050.745900
13050.739630
13035.576085
13024.794926
13056.169614
13040.280823
13033.024818
13087.025435
13066.206817
13064.729201
13075.033585
13048.049613
13165.369022
13206.610412
13186.772227
13168.190197
13034.150260
13038.313971
13051.892085
13036.980925
13048.516939
13021.118152
13021.405871
13056.052518
13020.259954
13019.682846
13033.773185
13023.799063
13025.812840
13038.065083
13048.417518
13023.619666
13035.946996
13065.854983
13063.215068
13078.983283
13062.457000
13078.765896
13066.058024
13084.214500
13084.251974
13050.871447
13036.524139
13047.865885
13062.846939
13048.487202
13062.036661
13074.204484
13060.970346
13049.165798
13081.630767
13067.573169
13052.571532
13077.492302
13063.221855
13060.726598
13036.124939
13037.710116
13048.475060
13024.635094
13047.630806
13025.843675
13024.503608
13048.203516
13083.942348
13069.874643
13078.159001
13074.406584
13079.128586
13088.114014
13093.788746
13052.251753
13093.812348
13049.262665
13077.223449
13065.484997
13082.586091
13053.831565
13082.101573
13073.783880
13070.663854
13025.045446
13061.829000
13072.810461
13075.163106
13071.316985
13022.488792
13046.338366
13034.410689
13046.489605
13046.610323
13046.806417
13047.735275
13072.305853
13074.330134
13035.128628
13049.776703
13027.333525
13028.257227
13034.636377
13069.866933
13068.520895
13058.770028
13048.495957
13046.876726
13035.444871
13050.742696
13029.178551
13065.319702
13062.303777
13040.608364
13052.418838
13036.671136
13037.361350
13041.242792
13038.767302
13038.731386
13024.861384
13062.123846
13057.184965
13040.760699
13035.746235
13036.535088
13125.016090
13023.489481
13023.100286
13065.760864
13050.594319
13054.109088
13056.467288
13048.187072
13046.297292
13056.504038
13022.948758
13022.962866
13035.613379
13036.273840
13057.490905
13088.704641
13047.819603
13036.887268
13089.620988
13046.416920
13088.749403
13045.966896
13045.575239
13048.670317
13037.219922
13044.904902
13046.396517
13055.737448
13032.725473
13033.027359
13049.298152
13049.402912
13062.616302
13069.751701
13058.771278
13087.867806
13070.417441
13087.855865
13058.554743
13058.178295
13074.558624
13081.797426
13049.490444
13075.808174
13119.222998
13073.309302
13057.176746
13102.807146
13087.684536
13061.146770
13061.223838
13061.226089
13094.827073
13067.739902
13105.168990
13088.698412
13061.270681
13088.867199
13072.373489
13048.607342
13060.879318
13060.212261
13076.560248
13060.040726
13049.129362
13046.839425
13047.513784
13061.718202
13100.251238
13048.841865
13061.750619
13061.355638
13057.524911
13058.031097
13058.672311
13087.803201
13069.694896
13046.944335
13036.136697
13069.590939
13075.176014
13073.888085
13076.436264
13077.066214
13112.422759
13073.269183
13087.629392
13061.122642
13061.240181
13060.647826
13071.092787
13047.124281
13088.888614
13048.590548
13038.299780
13071.018167
13036.844927
13072.254739
13085.352517
13057.949788
13048.407507
13047.424935
13049.885149
13064.498467
13048.333888
13049.125524
13071.642623
13035.102335
13011.619114
13011.028523
13011.052575
13020.817665
13020.189984
13021.835178
13021.030103
13022.590056
13034.429369
13035.293268
13032.389762
13034.907085
13031.542901
13030.754478
13033.304638
13033.132693
13033.148685
13021.791852
13022.600571
13059.355542
13057.461635
13060.060682
13022.359796
13056.692340
13045.571065
13021.329912
13045.081645
13022.320474
13020.050735
13048.686412
13048.799920
13049.853611
13037.725530
13049.737433
13037.486172
13047.728359
13046.996474
13012.881359
13026.813319
13048.805500
13046.914560
13049.391883
13049.107852
13034.187805
13049.117546
13025.566617
13050.960103
13032.607758
13061.370373
13078.235420
13104.802102
13065.618273
13071.486349
13063.801860
13049.567914
13049.463982
13011.963461
13034.620987
13074.610051
13036.565518
13051.788100
13074.059769
13073.708501
13064.698927
13066.178359
13065.722669
13035.123267
13050.183770
13049.843754
13063.443803
13062.915457
13062.042955
13037.288923
13038.001775
13041.228241
13040.364175
13052.696917
13061.849493
13035.917635
13036.582907
13039.831656
13048.194241
13057.876242
13033.303572
13026.728862
13037.839477
13037.533810
13047.849341
13062.112328
13033.888649
13035.181874
13062.211489
13033.957098
13032.155813
13047.217856
13025.921360
13036.936846
13047.386314
13047.123609
13062.004111
13036.469844
13053.901509
13035.692342
13023.858333
13064.552089
13047.932623
13022.824837
13020.898643
13021.599920
13020.814888
13023.972512
13023.921704
13037.895742
13033.892543
13033.890579
13037.874066
13031.711000
13074.797712
13044.157113
13037.339863
13040.982642
13034.047334
13034.627208
13045.187697
13048.590414
13044.782586
13043.360951
13044.778244
13023.206988
13046.867818
13048.214000
13023.191568
13011.626859
13035.288319
13044.644398
13046.037700
13056.943007
13044.735066
13046.055812
13043.791219
13045.774987
13045.218203
13048.619266
13056.092743
13043.567622
13044.964415
13037.284377
13022.518847
13032.018674
13035.077351
13032.577043
13033.194535
13046.179167
13059.611978
13051.284931
13059.749157
13050.763108
13049.331731
13034.036824
13036.061829
13046.967518
13025.764082
13025.153938
13022.902881
13023.105350
13033.165428
13022.501869
13043.246589
13021.727078
13034.150215
13032.201281
13034.233945
13022.515574
13034.938348
13032.957983
13035.105785
13044.890504
13043.764533
13043.288519
13032.373773
13033.325258
13043.759830
13087.747685
13045.246033
13022.323538
13023.583353
13069.983433
13047.111759
13033.983121
13089.572919
13061.168161
13047.125290
13046.676133
13036.408096
13033.444140
13034.939919
13087.451343
13045.101674
13044.329854
13033.264615
13045.210204
13088.377955
13023.208826
13024.491904
13046.172399
13047.060298
13046.328627
13034.008594
13088.698290
13034.160200
13044.235043
13044.452173
13043.272488
13043.286436
13033.929830
13057.527986
13023.365970
13043.259149
13043.366958
13043.468775
13044.776007
13033.925461
13061.178170
13025.881124
13047.554265
13025.273096
13024.273776
13024.938789
13057.382729
13047.607742
13057.488379
13036.148730
13046.097864
13072.821964
13068.524435
13046.732370
13100.318000
13032.631711
13054.796940
13045.559707
13045.340656
13067.242449
13031.817756
13032.309510
13043.386137
13042.932680
13043.781734
13045.481633
13044.743240
13044.942757
13032.496413
13032.933173
13043.558681
13044.557832
13045.866792
13057.567029
13048.358333
13084.548615
13036.869936
13046.885801
13044.723524
13055.772697
13047.523825
13057.459417
13048.171534
13059.600854
13036.684545
13046.677216
13073.381134
13059.359490
13047.317417
13044.890034
13035.146288
13059.583139
13047.875985
13024.550046
13045.493495
13035.177116
13086.272013
13045.197063
13033.716775
13058.770380
13047.171452
13023.150246
13044.951753
13043.241902
13033.756110
13044.639101
13085.522057
13138.745468
13072.159273
13099.065912
13087.353722
13072.190871
13078.965894
13065.114670
13076.043402
13119.660667
13092.787925
13107.623356
13124.669800
13074.311645
13082.340208
13050.073420
13096.472333
13060.578510
13048.534806
13124.313023
13024.626814
13035.904186
13059.943484
13036.244724
13058.309259
13058.195249
13074.662893
13047.620483
13071.542023
13060.170407
13057.805474
13047.827226
13087.966069
13060.558778
13048.797943
13033.485613
13063.728406
13059.372233
13063.870745
13035.727232
13024.026917
13098.120982
13086.983018
13066.986724
13034.381650
13032.970253
13045.106475
13032.447762
13076.826849
13021.988137
13023.287950
13061.959202
13073.135149
13100.329617
13057.845882
13047.015476
13058.779366
13045.212924
13048.585639
13060.311950
13049.156880
13071.338183
13061.484813
13058.639360
13083.607433
13059.795296
13108.268355
13060.663341
13038.621160
13069.888671
13060.508692
13059.557475
13059.994658
13073.839587
13061.461877
13050.937099
13035.273786
13063.092192
13074.486722
13047.624875
13047.856450
13036.678743
13036.944101
13045.935532
13013.289518
13039.299313
13061.742581
13053.186472
13025.479043
13050.916321
13050.465366
13051.252254
13047.140806
13046.601911
13140.845933
13143.076880
13173.248198
13149.622388
13141.357023
13140.482359
13138.761497
13050.176958
13025.849309
13039.046243
13066.515520
13058.285646
13060.972920
13060.201766
13061.391643
13099.925666
13135.471723
13060.886177
13058.757737
13101.866180
13058.915769
13101.079450
13061.855860
13047.074919
13060.646788
13100.841893
13092.192433
13093.759247
13063.267427
13078.331110
13092.192348
13094.790133
13063.235334
13062.452151
13119.266407
13105.857524
13093.849747
13076.052047
13047.795362
13046.309884
13045.939800
13036.643203
13072.977734
13073.348280
13070.004799
13048.588023
13046.248238
13048.575822
13046.229460
13045.350018
13060.845616
13035.536328
13034.992283
13060.694647
13021.697374
13022.994141
13064.801844
13067.581015
13020.788267
13020.141106
13020.771352
13059.770762
13010.108191
13022.477623
13012.619633
13020.959981
13021.868715
13050.021389
13034.221205
13185.991426
13188.809635
13166.135282
13175.729748
13171.799688
13195.925739
13179.313690
13197.589142
13191.563579
13209.838891
13215.863970
13023.289082
13034.710528
13059.406392
13058.674275
13035.258843
13100.758985
13102.339372
13113.777420
13050.998455
13085.399924
13061.846887
13059.246730
13003.704928
13025.555454
13045.736414
13046.243715
13046.752917
13022.706013
12999.336603
12998.744038
13013.476940
13014.411106
13033.202684
13033.236867
13026.021166
13014.912045
13025.944889
13000.922491
12990.258159
12999.567888
13023.359022
13001.463931
13088.172292
13040.184240
13041.422844
13024.430666
13001.096214
13064.271126
13071.030856
13063.074356
13062.483988
13053.448585
13048.806377
13063.400384
13089.387061
13049.635367
13063.885370
13105.411597
13047.053808
13035.127457
13037.013795
13049.883047
13062.451702
13052.654225
13078.364606
13063.707151
13033.809405
13061.779712
13079.163130
13048.956531
13048.230612
13062.581945
13062.096361
13051.779863
13045.792150
13046.422037
13045.553429
13010.210174
13044.935684
13034.957946
13023.359620
13035.076822
13033.512989
13050.970727
13033.518626
13033.828012
13035.231747
13069.175859
13057.159652
13056.995163
13032.974306
13057.152959
13031.044735
13057.002028
13045.377300
13044.941089
13044.865435
13045.481922
13009.672915
13045.557930
13010.820307
13010.134757
13045.473147
13020.204702
13086.339410
13010.926663
13010.760210
13045.618688
13022.801136
13022.503600
13023.058501
13022.986670
13021.988921
13044.781671
13057.072682
13034.090464
13057.264978
13033.901839
13033.502203
13057.594789
13057.773707
13056.331368
13035.020802
13021.680703
13057.037885
13034.831867
13032.395067
13057.683497
13069.142413
13059.199694
13047.608770
13047.684974
13025.883879
13058.268504
13048.144882
13099.035818
13020.878147
13061.390591
12998.842093
13000.672313
13098.588230
13084.444919
13101.360526
13020.203430
13034.093418
13031.078928
13031.775803
13033.369234
13043.271704
13023.276980
13023.287308
13033.336008
13030.358885
13020.899258
13044.809373
13031.596267
13010.339707
13010.321792
13030.161159
13031.382429
13045.367860
13033.080950
13020.628373
13010.432264
13010.386877
13019.772345
13044.532737
13032.048850
13054.305559
13042.895151
13021.871365
13042.905253
13021.285185
13031.240107
13046.563497
13043.865678
13033.643077
13033.573406
13034.171268
13034.493260
13056.944978
13033.586485
13031.671069
13021.235465
13044.132518
13041.619046
13043.814584
13030.865288
13031.984006
13044.856771
13010.245700
13010.356296
13044.931025
13031.608403
13030.526139
13031.803468
13045.076486
13061.342069
13044.021091
13031.509294
13020.989635
13020.322342
13021.001390
13019.800457
13044.005991
13020.873103
13034.005492
13023.876197
13023.970903
13046.914132
13032.817279
13022.176808
13035.078229
13060.811444
13000.079452
12998.718654
13020.954877
13060.936792
13051.295049
13009.508996
13060.580534
13019.654228
13023.224549
13047.459189
13032.636825
13032.621556
13025.285937
13034.244031
13011.567774
13044.035683
13010.775961
13010.872635
13035.901435
13021.678543
13034.124224
13071.683113
13023.528916
13034.060004
13024.099357
13060.194121
13057.553503
13056.334935
13021.764679
13031.745903
13021.240633
13031.760530
13031.201386
13057.003925
13056.405440
13021.828810
13032.331278
13031.060443
13020.603359
13056.810691
13022.036995
13032.676604
13084.432406
13085.105183
13043.895798
13043.322293
13035.781391
13033.770818
13010.894142
13046.345440
13021.318010
13045.504238
13056.221233
13021.069374
13031.445634
13042.170668
13031.521117
13077.692631
13068.483524
13056.246297
13033.188213
13057.073259
13047.016088
13043.950613
13044.656664
13035.662252
13035.835545
13056.943833
13034.490122
13058.236246
13047.677271
13036.403460
13058.302631
13068.393448
13021.500352
13036.728721
13070.822479
13058.194034
13056.303405
13034.421039
13034.066925
13046.579396
13032.637612
13045.357355
13035.788788
13046.167936
13056.946054
13067.802079
13056.461260
13046.674249
13046.091825
13035.936809
13113.133965
13046.812845
13058.356273
13057.626648
13057.334008
13045.777612
13056.650666
13082.548987
13048.851563
13050.193370
13049.408398
13044.535816
13043.626455
13044.726179
13056.252626
13059.501018
13071.180401
13057.107691
13054.429594
13044.337533
13044.367075
13046.198485
13046.163310
13044.708321
13046.313323
13047.953274
13060.172413
13044.439927
13046.896627
13044.772095
13045.118193
13058.581010
13043.427464
13034.383694
13046.160765
13056.705929
13086.082327
13048.139901
13063.778020
13033.127196
13033.086719
13009.536248
13021.019545
13020.756044
13032.542705
13031.847793
13058.985527
13047.846004
13031.659152
13046.682106
13035.868250
13033.870568
13033.839301
13047.699176
13059.205309
13023.555520
13023.039828
13036.253780
13035.939454
13037.165170
13033.854537
13023.405053
13024.175218
13025.352437
13021.741543
13046.864410
13048.778752
13104.540366
13054.973536
13068.726283
13066.792549
13022.339362
13023.723066
13051.377663
13066.420686
13077.991208
13022.275682
13058.896755
13034.206963
13026.091713
13034.031755
13063.807712
13046.596601
13011.262746
13023.904252
13063.037822
13080.006354
13081.996871
13101.641703
13103.198906
13050.740226
13051.375376
13067.074317
13078.704893
13093.167946
13064.994284
13063.682005
13027.123260
13059.827489
13023.773791
13047.698504
13022.176150
13063.433161
13044.127172
13075.502055
13074.390958
13032.809177
13032.156637
13034.294828
13045.549089
13051.654210
13049.078369
13052.413314
13052.253926
13049.625369
13301.629004
13035.114967
13034.533501
13056.271657
13034.801370
13045.844551
13022.592444
13021.838281
13043.861561
13023.735518
13046.331942
13032.638704
13020.141252
13034.475527
13058.796414
13047.895841
13020.958131
13022.561135
13021.951690
13033.026677
13058.500326
13022.586506
13032.406422
13031.673708
13021.854851
13022.780864
13033.502819
13012.134980
13012.767708
13023.356068
13022.431030
13022.048040
13033.166255
13010.864036
13000.337801
13021.956931
13009.616694
13010.146108
12999.568942
13009.649913
13010.851414
13034.657880
13050.195227
13036.773057
13045.672889
13036.121380
13023.469868
13059.808144
13023.464522
13059.791345
13035.296238
13055.974359
13056.089454
13044.714526
13045.386882
13046.239336
13047.204770
13043.073978
13044.332840
13023.227148
13020.857919
13021.507204
13055.677959
13060.230567
13045.924697
13045.369401
13087.005452
13035.087897
13034.004676
13036.190184
13050.067548
13049.376839
13023.195646
13023.140690
13051.212567
13049.192295
13048.614677
13057.498246
13057.483196
13072.809291
13046.515445
13033.599898
13009.569990
13023.514189
13022.671244
13021.530978
13021.659500
12997.570542
13021.807615
13023.732012
13064.641500
13047.184920
13063.102542
13046.750689
13063.170305
13076.602612
13066.842258
13055.120151
13055.574305
13069.261743
13026.842277
13063.808258
13048.294202
13063.323842
13048.759106
13062.812683
13062.052245
13039.286148
13034.168316
13049.782281
13034.187700
13046.129813
13043.140580
13045.613879
13043.946443
13045.821474
13044.686673
13072.306214
13044.843691
13045.355333
13032.353404
13058.830590
13032.902886
13023.381131
13037.295481
13036.781158
13033.117547
13046.590469
13021.047599
13033.130391
13046.940098
13056.963714
13046.059292
13034.926494
13045.593258
13062.074178
13045.472667
13056.571266
13058.481606
13032.523229
13043.540198
13058.534217
13045.253938
13044.777437
13042.811833
13020.060618
13020.881978
13048.296161
13020.920853
13049.321504
13051.093596
13010.797244
13044.460460
13010.859493
13010.819312
13009.716346
13011.755505
13012.430203
13068.052664
13064.733267
13137.397943
13153.540929
13150.986572
13139.133020
13160.981040
13162.685488
13126.537851
13128.273674
13130.034242
13051.808989
13012.200572
13036.734937
13048.354453
13047.676417
13060.491760
13037.216484
13051.431170
13056.922172
13039.750334
13090.215713
13048.103997
13087.689156
13086.654963
13037.204591
13047.728752
13048.361054
13074.454729
13089.220013
13050.638735
13012.105859
13024.642433
13035.556456
13021.255580
13061.786920
13072.535247
13036.224130
13046.095320
13071.206183
13048.804681
13035.267470
13035.986626
13059.309131
13069.146961
13047.408706
13046.501109
13059.989123
13047.459862
13035.771761
13044.875123
13033.278663
13052.272463
13047.890567
13036.170884
13021.440205
13036.461525
13010.907305
13032.737904
13022.138067
13036.469576
13047.439019
13021.501942
13035.154017
13043.112238
13029.529338
13044.478781
13044.600910
13035.970264
13026.095999
13037.290047
13035.748350
13039.345341
13076.085264
13046.226225
13046.055822
13035.614691
13063.880883
13050.981139
13048.060322
13037.068997
13033.154570
13033.506072
13022.115743
13020.056327
13044.679625
13032.577685
13032.510348
13044.864336
13034.485162
13035.801427
13021.718615
13033.172295
13038.404998
13011.807905
13013.096106
13038.424184
13011.748898
13037.540342
13034.373163
13022.750992
13010.214590
13022.418581
13024.000570
13047.231708
13034.760273
13033.259862
13058.109340
13035.359895
13034.911131
13035.002159
13034.095923
13033.299547
13077.871600
13061.058922
13034.289822
13056.817615
13032.279100
13056.755138
13057.249941
13056.710605
13046.413876
13035.745566
13024.611020
13022.051034
13042.261927
13032.319937
13031.686403
13042.939998
13060.719430
13045.630037
13035.000370
13023.975407
13020.767460
13041.540101
13059.921127
13022.525944
13020.799492
13009.738574
13077.976132
13075.239561
13085.721510
13051.621201
13086.739570
13057.153946
13057.966438
13023.134026
13024.395452
13071.881733
13058.718468
13080.498269
13060.782974
13035.541538
13046.206223
13014.846286
13048.932327
13046.360061
13069.011080
13022.085415
13032.720968
13046.863885
13046.930632
13023.098966
13023.628576
13036.685176
13025.287840
13046.495526
13046.979619
13036.202196
13035.571234
13066.393431
13023.082872
13034.561460
13033.333467
13035.169176
13056.875155
13056.811503
13043.909004
13044.482482
13096.839993
13045.107484
13062.450465
13010.406112
13035.082598
13060.685617
13024.260787
13023.655933
13001.750160
13001.699142
13033.436103
13011.077079
13010.351028
13000.205095
13000.323113
13034.837208
13013.932277
13012.785670
13046.265215
13031.313485
13021.833460
13022.391282
13056.439467
13033.022918
13056.318672
13058.181163
13057.607332
13043.940531
13044.505855
13096.828839
13045.159938
13034.566590
13057.526107
13022.370084
13034.317321
13021.010159
13056.848117
13032.164138
13033.949871
13072.631670
13058.868678
13033.806382
13072.097662
13033.291826
13060.908464
13048.103632
13011.489808
13048.853570
13069.183708
13021.515513
13032.151487
13034.466450
13061.689499
13021.907381
13021.754179
13034.192703
13011.637326
13048.632160
13049.452256
13065.056157
13077.318128
13063.583565
13046.397553
13060.497507
13058.770553
13046.379152
13064.786915
13062.780992
13065.813273
13075.210619
13085.768992
13058.987846
13058.835763
13051.062753
13052.340410
13066.965639
13089.223994
13022.441375
13047.765799
13047.387161
13021.737307
13048.278389
13047.909181
13000.028488
12998.839934
13009.422689
13008.685608
13060.626058
13034.248595
13034.297608
13060.094097
13032.824485
13040.466861
13015.218202
13023.365164
13024.282509
13024.600636
13023.178714
13033.584169
13014.295445
13035.618418
13002.382523
13053.740611
13048.687626
13039.181792
13012.742029
13047.960784
13010.863847
13050.189852
13052.006305
13000.243157
13001.536809
13000.336109
13030.708086
13030.744365
13034.926314
13024.735691
13034.782321
13058.647223
13022.111085
13022.169520
13063.660784
13059.342104
13023.582869
13033.725505
13023.398984
13064.428333
13061.449222
13022.226292
13036.497944
13049.307967
13045.313957
13045.532517
13045.109778
13033.394345
13045.325249
13045.284007
13033.888711
13011.663163
13022.776158
13033.183851
13023.345524
13032.906031
13071.857533
13034.106552
13043.689203
13022.245713
13033.389120
13043.011133
13047.534111
13027.070241
13037.775967
13156.078522
13148.257944
13089.467065
13103.996278
13075.758804
13079.607560
13081.331796
13091.608032
13062.154842
13084.415234
13038.325563
13063.268721
13060.602039
13062.120887
13062.678276
13067.493188
13073.175004
13087.350706
13086.382338
13062.611090
13053.662407
13083.083206
13050.758188
12998.737474
13033.838635
13022.413197
13038.309198
13034.591642
13000.232059
13061.625253
13049.920996
13031.773717
13033.024306
13020.458367
13009.623759
13019.211146
13009.684941
13031.033974
13020.360666
13021.556431
13031.948716
13000.238755
13000.190447
13023.403117
13049.433187
13044.829812
13071.390591
13051.749975
13034.172293
13023.244639
13103.167838
13049.183349
13044.669506
13035.059098
13035.664033
13012.608097
13037.215147
13036.990558
13085.236496
13088.211720
13051.440194
13063.850369
13063.275451
13054.658347
13023.005424
13077.202061
13024.025877
13025.560819
13068.931318
13065.377917
13066.810168
13086.078933
13060.071491
13060.827598
13074.835893
13022.948590
13022.399079
13047.592289
13048.417102
13035.521509
13078.232073
13066.567784
13063.523621
13047.395938
13010.284704
13011.699840
13046.092637
13011.037929
13010.126777
13066.854485
13050.561549
13011.033982
13061.461578
13061.973147
13034.702207
13011.835596
13010.489904
13009.016311
13010.601376
13024.158448
13062.869116
13062.976931
13023.610704
13035.454933
13012.365643
13010.483756
13010.234215
13060.160909
13051.746698
13064.932349
13124.422297
13023.209009
13023.709999
13036.672694
13060.081491
13071.947964
13060.658609
13046.919816
13048.304316
13048.786082
13059.691064
13000.207822
13036.269476
13010.293849
12999.576226
13035.270180
13071.346882
13031.405976
13059.011253
13044.316532
13021.352305
13032.460005
13031.824785
13021.541780
13035.469740
13061.293769
13032.006648
13032.713830
13059.649178
13044.244353
13021.334988
13021.497846
13010.808357
13008.943900
13034.877355
13061.950163
13011.719265
13037.426727
13023.820436
13021.818694
13021.851574
13047.911312
13047.814216
13037.886352
13038.524084
13036.449828
13023.898126
13023.813338
13048.726346
13035.831691
13031.810590
13055.671111
13034.166292
13034.939682
13022.446276
13022.364501
13045.809650
13033.247491
13047.216520
13063.919189
13051.148839
13012.400356
13012.277703
13023.887190
13034.874907
13063.557668
13064.018981
13065.239109
13034.748735
13061.121558
13023.590593
13071.048689
13024.277590
13061.429523
13025.167765
13025.841157
13058.852994
13062.023022
13023.793740
13062.200416
13023.331826
13052.526646
13023.310144
13048.416040
13034.335040
13013.004499
13036.083665
13203.812458
13076.462257
13099.383173
13058.996982
13058.447658
13065.416073
13037.634459
13027.006925
13048.496197
13049.040430
13061.913716
13038.510626
13013.293712
13071.957669
13069.532804
13033.267726
13023.265845
13033.810749
13033.958574
13047.345069
13047.970494
13013.320181
13048.576712
13048.558832
13013.222501
13049.187581
13033.840783
13033.782413
13047.200974
13047.178696
13049.481420
13060.252043
13049.384931
12999.111436
13000.298789
13008.948957
13001.489419
13087.590266
13060.299828
13013.605266
13050.994522
13081.213679
13065.611136
13073.195212
12989.604577
12990.892174
13078.597203
13049.555615
13052.391150
13050.126191
13075.184046
13083.160320
13079.300359
12998.374510
13048.140420
13048.718037
13072.044889
13059.392788
13060.973936
13072.661932
13081.846507
13080.785638
13076.949360
13087.212154
13025.151275
13047.794260
13035.361798
13037.431417
13065.127815
13067.541172
13053.012729
13075.030856
13074.231479
13052.925577
13051.690441
13047.717150
13020.869598
13075.416075
13061.057005
13032.633473
13032.687028
13061.014441
13059.941328
13023.365590
13037.023284
13047.099011
13046.655167
13032.582049
13060.163468
13023.281353
13035.321596
13034.961164
13044.959490
13024.163826
13022.387226
13076.061018
13035.609068
13063.692682
13059.135904
13022.658045
13047.384805
13022.552264
13033.290539
13047.342814
13046.329142
13036.244188
13056.125353
13070.877727
13023.080593
13024.769295
13059.016506
13058.563897
13044.808057
13021.628570
13019.477040
13018.136867
13009.347180
13018.806812
13055.657175
13056.720304
13034.879540
13046.286880
13035.354608
13043.901157
13009.760328
13010.967663
13010.870562
13010.854675
13035.004544
13031.770706
13033.017040
13022.480394
13021.800274
13021.091451
13022.308356
13008.963160
13021.077699
13020.150831
13021.936684
13051.548252
13060.600615
13024.739778
13025.230430
13024.203153
13039.908497
13050.903962
13035.629575
13025.298909
13037.432368
13060.906642
13047.160561
13049.859451
13063.363771
13063.861234
13049.255725
13049.133427
13053.306809
13022.454729
13078.400747
13054.139803
13053.728929
13047.841523
13065.839354
13054.613047
13069.420234
13040.212823
13072.531125
13013.987136
13039.891108
13051.257209
13002.482656
13101.033831
13022.602674
13047.687274
13022.532616
13048.303330
13045.301956
13032.099364
13022.442268
13034.927223
13032.166661
13021.184235
13031.984042
13031.213646
13056.979166
13021.776402
13046.587880
13047.489998
13023.777145
13035.853367
13058.831618
13023.079161
13047.440339
13047.604636
13058.668617
13088.540344
13035.817994
13076.867531
13024.642192
13023.894406
13044.104727
13058.785648
13033.286254
13021.767475
13035.974343
13044.524642
13043.768422
13070.920318
13072.912302
13047.539238
13031.190827
13032.049910
13023.193493
13035.901791
13032.431491
13036.013890
13057.753981
13022.549042
13046.942736
13033.954561
13048.241662
13058.792364
13089.258770
13078.166118
13024.494493
13059.461469
13034.563970
13021.751499
13035.993099
13044.511807
13045.778845
13071.020826
13072.977832
13043.841775
13080.439359
13046.728549
13064.134302
13034.792710
13049.256342
13070.320385
13073.123953
13070.193511
13057.985926
13024.009621
13071.386432
13059.539078
13112.740244
13023.995304
13059.107443
13059.741285
13044.242171
13033.655199
13044.324079
13031.820749
13033.386415
13032.457309
13095.583061
13046.499301
13049.324142
13045.865524
13031.846583
13032.997865
13032.385359
13022.284435
13022.334755
13069.159257
13061.969485
13059.549591
13057.922498
13057.979951
13057.536456
13083.885642
13073.292610
13062.818824
13037.656315
13051.534400
13065.401213
13034.495093
13048.841943
13038.416282
13024.263791
13062.001484
13022.771737
13072.231269
13059.309479
13046.925920
13022.636009
13044.047856
13021.308274
13036.696667
13044.719511
13019.409229
13056.667444
13021.557104
13058.634771
13044.212374
13062.797147
13046.753142
13019.537364
13064.973037
13065.088236
13050.094122
13060.708999
13048.713068
13062.207732
13046.164034
13022.922914
13058.715485
13023.229928
13023.495261
13045.574165
13010.259346
13111.662456
13065.615987
13075.190023
13136.588223
13051.916678
13067.567218
13051.161318
13061.439075
13068.377764
13063.916789
13049.131237
13050.426110
13021.624957
13060.224084
13021.479693
13061.636262
13081.501593
13049.883390
13050.267169
13049.687935
13080.992144
13075.323213
13062.316736
13075.210078
13106.892478
13101.084728
13075.218930
13107.515249
13074.842321
13050.321868
13081.182663
13061.410929
13088.454951
13050.158570
13060.662948
13061.407901
13038.722965
13075.132970
13061.928541
13074.455360
13079.994483
13073.613982
13050.353861
13050.298516
13081.128776
13060.948985
13040.186278
13081.225396
13034.865871
13047.245460
13047.772574
13036.726320
13035.419606
13047.571782
13036.385704
13047.903558
13045.337288
13033.847063
13059.580611
13043.173312
13044.534912
13073.605795
13061.728968
13058.589154
13045.738553
13035.096381
13044.343928
13058.388585
13071.610878
13064.407463
13072.677293
13062.613072
13061.388641
13046.996096
13083.983616
13045.854806
13111.742649
13124.310911
13141.604814
13124.848683
13084.265708
13058.905080
13045.897510
13100.573256
13069.530046
13044.698541
13055.829505
13092.083527
13057.109906
13057.086312
13071.735382
13045.666604
13058.875721
13033.603087
13033.621929
13050.183250
13092.127484
13058.285695
13033.230225
13047.637718
13059.160233
13038.093956
13048.931510
13049.022196
13075.159769
13093.497259
13064.017560
13089.452703
13092.604918
13078.349786
13092.018459
13094.025396
13055.880529
13069.762860
13056.606413
13056.489012
13055.715922
13054.613413
13053.793438
13043.781373
13056.624968
13056.275242
13043.150437
13080.133769
13045.988716
13061.373241
13060.197039
13061.344218
13089.532118
13069.874939
13056.577827
13046.639271
13060.863404
13058.236026
13058.179009
13070.035522
13089.573999
13060.820560
13104.265490
13071.681501
13048.790919
13099.578040
13057.134561
13058.994722
13067.386495
13056.574526
13045.337119
13098.542662
13087.681628
13060.714789
13061.362279
13090.182172
13069.930619
13058.184181
13060.335118
13089.656311
13071.821224
13033.616964
13054.737183
13043.783899
13049.631506
13072.376974
13060.769094
13100.913951
13045.690958
13060.181596
13089.989254
13058.269054
13034.406530
13104.282531
13092.135133
13061.495582
13126.380212
13080.345098
13063.420398
13090.443662
13060.364039
13062.645010
13071.284544
13070.838432
13089.026941
13051.688241
13092.347882
13080.084832
13050.682035
13066.810805
13066.338551
13034.144082
13024.525894
13036.544122
13046.974797
13024.587984
13059.935244
13060.076818
13074.163828
13061.457751
13022.915749
13070.468850
13022.940980
13061.757706
13100.693413
13079.908864
13075.705404
13105.998773
13106.175322
13072.761337
13085.414430
13087.738310
13091.904222
13064.462228
13066.771739
13053.089043
13100.198170
13059.191773
13100.183726
13059.118925
13069.955383
13047.877651
13035.369687
13046.544825
13059.789911
13084.366504
13056.643666
13045.390940
13082.696125
13058.525044
13047.694947
13045.420808
13047.169917
13072.013332
13084.912251
13057.324990
13083.343696
13045.949149
13056.771446
13101.424350
13070.707542
13058.594185
13057.885251
13035.739969
13035.216386
13057.898219
13147.291881
13085.031150
13087.524081
13078.003198
13049.127819
13049.457670
13062.938385
13022.255773
13095.878908
13106.905707
13094.643935
13060.702087
13034.410961
13049.123420
13037.199010
13048.253863
13035.438533
13096.894532
13075.578299
13058.931651
13069.868685
13090.867950
13073.601875
13062.343718
13063.147718
13061.670034
13104.861803
13074.317729
13078.827169
13071.891472
13092.237962
13060.093109
13078.225064
13062.312147
13061.747281
13077.439414
13089.055613
13111.069589
13063.971724
13079.578949
13065.914721
13095.366912
13092.747379
13094.806009
13093.258454
13073.909281
13071.917167
13071.147548
13073.148768
13039.163159
13049.169375
13048.185405
13048.428900
13048.493492
13035.220673
13046.941191
13047.501933
13023.809412
13049.165557
13025.932923
13049.069032
13048.528768
13036.949352
13048.129934
13062.958406
13073.655601
13065.921717
13052.155080
13047.843381
13048.424777
13070.107587
13074.569492
13040.750464
13051.753104
13064.933119
13064.580001
13049.166247
13036.936955
13051.312780
13047.176651
13105.449855
13128.818916
13129.015757
13127.785323
13097.040464
13064.330847
13099.560594
13091.873500
13106.451249
13075.308639
13088.497672
13103.971932
13076.621430
13084.359175
13065.443561
13111.506929
13097.117757
13064.916383
13098.998581
13099.493309
13091.259537
13082.232196
13091.783604
13089.896792
13096.869260
13093.800037
13086.975049
13079.156008
13060.251597
13075.097989
13076.039816
13075.894388
13089.080439
13096.484540
13139.858231
13137.304415
13123.622051
13065.389194
13101.628179
13061.520035
13093.497785
13092.078309
13062.645967
13063.320148
13060.496220
13061.039403
13093.415253
13092.128512
13082.954060
13053.573228
13082.469380
13100.944976
13063.350197
13062.621877
13081.944232
13053.137934
13081.458903
13112.796331
13127.361855
13126.233099
13148.652359
13147.866125
13078.876485
13079.351746
13080.507746
13081.539634
13079.231593
13079.728350
13036.332320
13045.411456
13093.828718
13111.262121
13093.813688
13048.628614
13048.575912
13043.724014
13033.742702
13052.793833
13050.594190
13063.404529
13075.381748
13033.003682
13056.723626
13035.004216
13022.140614
13135.853550
13014.160575
13040.160646
13060.803695
13061.553878
13100.313077
13071.266656
13040.116914
13071.215514
13063.976064
13073.212894
13059.232409
13060.090850
13072.440876
13065.551558
13049.785216
13100.290144
13021.370029
13032.451659
13056.923117
13046.859246
13033.728841
13048.550686
13049.107201
13062.239275
13051.605170
13024.899959
13134.659355
13048.855729
13063.035722
13057.342781
13058.772317
13048.774276
13062.283843
13061.611776
13024.805369
13011.827055
13033.993390
13024.260624
13035.742958
13022.575777
13033.244383
13033.982691
13046.144831
13021.110663
13032.188971
13011.289426
13045.646888
13010.558564
13020.660512
13021.263995
13044.615034
13021.822868
13020.683218
13056.258154
13030.578872
13031.183133
13032.384531
13046.178912
13034.741480
13033.511077
13045.420442
13044.320992
13045.330854
13034.255137
13046.000036
13037.343841
13001.012111
13000.910997
13021.878884
13023.614472
13087.459426
13011.531564
13010.919456
13037.070668
13047.125415
13047.712906
13034.311973
13034.138654
13021.180143
12998.627197
13057.170567
13046.711971
13035.307794
13055.311793
13032.260971
13021.211601
13043.309139
13042.608083
13044.942468
13029.345129
13019.437360
13032.289341
13056.259924
13046.880917
13047.015965
13088.426832
13044.776372
13034.848865
13060.992021
13035.572763
13034.638600
13035.385139
13034.791660
13068.132917
13031.533475
13033.417884
13045.205698
13032.229282
13034.594281
13087.795638
13056.757354
13059.802401
13056.592504
13045.881190
13049.374460
13032.846890
13021.761678
13045.743855
13030.626936
13020.773039
13076.628935
13049.101451
13035.077230
13024.273652
13058.290657
13035.590326
13035.445163
13024.636279
13046.557413
13046.776010
13098.585727
13047.232818
13057.382015
13044.077290
13046.625711
13045.681245
13044.987357
13047.934033
13033.944438
13023.141704
13034.066320
13063.031079
13046.769617
13078.734254
13071.987562
13070.261269
13033.914313
13056.492531
13021.049130
13031.574291
13032.743332
13046.085835
13088.958148
13046.999698
13051.234142
13071.992364
13061.697915
13071.343444
13060.416782
13061.300309
13023.104263
13022.125488
13010.696360
13046.656247
13050.908923
13032.529414
13043.663618
13031.930633
13021.872909
13021.365546
13022.711050
13033.163403
13022.633442
13068.204795
13045.580372
13042.923407
13067.559897
13066.762421
13040.630057
13045.896716
13056.348169
13042.228200
13008.813940
13008.191920
13012.581635
13010.517062
13069.144755
13045.491026
13023.277737
13034.895952
13044.696565
13046.639311
13035.070185
13034.917296
13035.449578
13057.514023
13043.526054
13021.497386
13044.116839
13022.680276
13034.225438
13034.228010
13044.567399
13059.437516
13045.895277
13045.018760
13045.911149
13056.740299
13012.283672
13046.178300
13033.222042
13033.311607
13032.748723
13032.656504
13031.956728
13032.624289
13030.765405
13030.787017
13060.684046
13034.316606
13034.430838
13033.171105
13032.558229
13031.308753
13031.283174
13073.276840
13087.466411
13049.474129
13031.544428
13032.113952
13021.583697
13011.617570
13050.502688
13022.583335
13033.355976
13033.335721
13009.382909
13043.295340
13021.058793
13020.520817
13060.373445
13020.333977
13021.493963
13020.975846
13061.601711
13061.303827
13050.287085
13023.333457
13034.838935
13045.108351
13033.685230
13033.617095
13031.197301
13021.200066
13046.472121
13032.964697
13032.615417
13031.835330
13021.944258
13012.472510
13011.322651
13044.645241
13049.227022
13020.017317
13021.294880
13020.008308
13010.102944
13046.998147
13046.873453
13033.949337
13022.404289
13011.823400
13021.893433
13022.487295
13061.095106
13021.299388
13022.468621
13021.100427
13034.715538
13033.679767
13073.519893
13023.143037
13009.366146
13046.446166
13023.180045
13010.021207
13020.550548
13031.784381
13021.196327
13032.571471
13032.559610
13032.643324
13023.499138
13020.998371
13045.265522
13043.237804
13043.215173
13047.161611
13025.826044
13036.950864
13048.356998
13034.461433
13048.142451
13032.642292
13033.283966
13058.647769
13023.450170
13061.712507
13022.096159
13069.326959
13060.276057
13020.291773
13021.499887
13046.154447
13023.254822
13035.486869
13044.976480
13056.287485
13072.169089
13060.637736
13071.153503
13057.450507
13057.528335
13045.386505
13044.501348
13050.401559
13049.828291
13046.244537
13056.703426
13061.285449
13033.562000
13046.109494
13064.249419
13037.314312
13048.113488
13046.386085
13046.469036
13061.334848
13033.637149
13032.968984
13032.744830
13031.619563
13062.056516
13033.630158
13073.800625
13034.381674
13035.213841
13047.162246
13088.187013
13047.306564
13069.622006
13062.189629
13033.966116
13033.254725
13031.539786
13063.521262
13021.706516
13061.312499
13052.329168
13062.909656
13063.811736
13045.727617
13046.219958
13063.889690
13046.440309
13046.098632
13060.985494
13060.268198
13049.465446
13049.007335
13101.684783
13033.843885
13033.844969
13044.910974
13042.839782
13033.204433
13058.679860
13043.349546
13059.384206
13020.443175
13056.908582
13030.846837
13019.642121
13056.144307
13030.173377
13030.206782
13029.683588
13054.125394
13021.719999
13023.013048
13036.080795
13022.924487
13012.977185
13020.934866
13033.369022
13010.898057
13045.309582
13035.357680
13057.246950
13047.915164
13080.486425
13045.305238
13056.764722
13045.403603
13045.664283
13036.151328
13046.670346
13057.786927
13085.895697
13075.259932
13059.284946
13024.427219
13020.951049
13020.976651
13033.762877
13033.104992
13034.370165
13021.499749
13066.292926
13048.558087
13049.225008
13134.641909
13073.561749
13011.243408
13002.160874
13012.849968
13061.079376
13083.130767
13045.617293
13046.960865
13074.953611
13074.462607
13074.930612
13051.976058
13051.880591
13063.407711
13063.315759
13046.087227
13060.326353
13061.503463
13046.062499
13061.457371
13060.269045
13062.101462
13023.311211
13022.293729
13022.250466
13050.088761
13049.960498
13074.229813
13036.117205
13045.342956
13047.306229
13013.648969
13012.478010
13062.431430
13045.557531
13061.167282
13061.941545
13032.801649
13033.053463
13033.103817
13072.737928
13058.420404
13059.801307
13068.776916
13019.519306
13020.203164
13043.324219
13061.491015
13062.830998
13011.480472
13011.457808
13046.815853
13047.422307
13045.263251
13020.145101
13010.212255
13046.530838
13047.616231
13032.297586
13021.249312
13032.004441
13033.112542
13032.372593
13071.912153
13071.710183
13031.875317
13031.221989
13010.744072
13010.775387
13023.411582
13023.136276
13046.863533
13031.928076
13031.967412
13032.054967
13071.800485
13068.098047
13045.395058
13009.635753
13023.717303
13047.160588
13063.022179
13025.471515
13024.882943
13021.422490
13010.953990
13070.641523
13045.544985
13046.144024
13045.639053
13022.389791
13020.236362
13032.336959
13032.911893
13098.184741
13047.369821
13047.546270
13045.957595
13034.757488
13061.487536
13036.061288
13035.107032
13035.871031
13035.304155
13056.062587
13055.459714
13044.670304
13033.636154
13070.125786
13060.276554
13033.766982
13049.883397
13032.933890
13049.639816
13056.450304
13060.188278
13057.063955
13068.760148
13068.788833
13050.257500
13035.869096
13073.318924
13062.634421
13049.083956
13066.214634
13035.239730
13046.931319
13058.950138
13073.823378
13073.868018
13061.977217
13039.860003
13061.142651
13060.474312
13032.520800
13063.646790
13022.284197
13021.765205
13035.427850
13021.077079
13045.414818
13057.832729
13031.770509
13045.553152
13020.128690
13031.896073
13030.825457
13046.809174
13101.594980
13115.224684
13059.942387
13071.967672
13070.994089
13088.141320
13057.121766
13071.902968
13035.332713
13045.495436
13034.157981
13044.139072
13010.883907
13020.887257
13044.741407
13031.452552
13031.986260
13057.246513
13045.692714
13012.126762
13022.696257
13031.522025
13022.220658
13045.108212
13057.404107
13047.458894
13034.851901
13032.513692
13044.328507
13054.985583
13054.059500
13055.058786
13033.148210
13020.285756
13030.234840
13045.445430
13042.834061
13031.342072
13042.416322
13041.697668
13042.215730
13031.499668
13035.490335
13044.740989
13021.500035
13058.361020
13058.403517
13072.472541
13072.082549
13069.873752
13058.127226
13050.875644
13062.291379
13067.926900
13114.725364
13088.982160
13068.808927
13103.042873
13072.447360
13062.300392
13072.065532
13068.644387
13050.873146
13062.272447
13068.609668
13114.769051
13072.432535
13062.269903
13059.777790
13059.772979
13033.869682
13034.689572
13057.207770
13058.529970
13099.100318
13046.420237
13051.854206
13113.768123
13062.325974
13057.701901
13023.166195
13024.475473
13070.832624
13060.515674
13050.719328
13033.760439
13032.543350
13036.799753
13034.161820
13043.410221
13020.907655
13032.341911
13031.715843
13021.965449
13023.579694
13021.289194
13022.628444
13022.523892
13042.032786
13041.921690
13031.506546
13030.196520
13030.124674
13031.586003
13008.795181
13018.698442
13053.844736
13019.300888
13032.181748
13032.305608
13009.394223
13043.971440
13056.434431
13073.209568
13046.624078
13029.400440
13033.474683
13056.423928
13019.506162
13033.913102
13052.886529
13051.650290
13035.247318
13033.998297
13034.683400
13044.466075
13071.706806
13059.727325
13064.599679
13061.672388
13047.351073
13046.817018
13083.234965
13062.270245
13044.750907
13052.155105
13026.213386
13026.203442
13049.053733
13058.271414
13044.771230
13022.771250
13044.751084
13032.897730
13033.032283
13032.329197
13031.673446
13030.746243
13032.357924
13031.344817
13032.138390
13052.220178
13021.410491
13024.518667
13024.475128
13049.804187
13050.365917
13074.992809
13072.865747
13059.595992
13050.119920
13025.346848
13025.199188
13025.071882
13050.987779
13050.352832
13037.953935
13002.307373
13002.334907
13023.823549
13012.419009
13012.309240
13002.390568
13022.302897
13033.275778
13035.258196
13034.941880
13021.735366
13011.808496
13031.621169
13032.469548
13034.398736
13035.559925
13045.579534
13036.246808
13036.938019
13049.079768
13037.983331
13058.269699
13048.085271
13075.908381
13035.668238
13048.055662
13065.497616
13035.896289
13047.228465
13035.430749
13043.334767
13070.608636
13043.330347
13046.220727
13086.240188
13058.707673
13070.073828
13033.886929
13044.818365
13059.473562
13056.849570
13059.466172
13035.920669
13035.807337
13035.374321
13060.936758
13049.905892
13085.711729
13037.909581
13047.840249
13048.322566
13037.907044
13035.875133
13047.723645
13035.854335
13057.676425
13045.454607
13070.559834
13059.173745
13070.488117
13015.633399
13072.577864
13060.177863
13033.032721
13034.404680
13051.150900
13049.929172
13084.881998
13033.540072
13033.016593
13073.732948
13010.528486
13129.095148
13080.989932
13077.691863
13078.679499
13048.384636
13025.156058
13037.530567
13034.039999
13033.385047
13034.789558
13068.762248
13065.202410
13033.877806
13048.971102
13032.503440
13083.609697
13047.558116
13038.444926
13051.169598
13046.149023
13078.562027
13085.507670
13087.723881
13092.830678
13078.166452
13026.100110
13060.235942
13059.429532
13048.304665
13048.341993
13074.104928
13063.117653
13074.417595
13072.140720
13046.104550
13046.133336
13062.613395
13058.516072
13033.967591
13023.140026
13022.470196
13022.489347
13033.041938
13012.570629
13039.000232
13048.437808
13023.205052
13048.300368
13049.648641
13046.555895
13046.283071
13046.480555
13063.764853
13051.756719
13051.295549
13050.716224
13048.408553
13060.009573
13060.057206
13045.456413
13045.480342
13044.054271
13049.565825
13047.335727
13045.770579
13031.349720
13031.317614
13062.093786
13069.487416
13051.345094
13036.103359
13034.763922
13047.149655
13037.020275
13062.083929
13053.038139
13066.893190
13061.604222
13049.163651
13065.638383
13061.919078
13099.506186
13099.601807
13069.497604
13058.941980
13038.460224
13025.202409
13021.210495
13022.407920
13022.235975
13021.777874
13024.287898
13032.514783
13022.891661
13020.994022
13033.169912
13010.293639
13010.106630
13068.906640
13079.635668
13048.373438
13089.287499
13046.885033
13062.191331
13078.788204
13050.494546
13011.492398
13010.907205
13010.837639
13044.580408
13020.633415
13021.069397
13021.051688
13073.123178
13056.143062
13050.412256
13011.518635
13048.781415
13059.350914
13033.850864
13021.679451
13048.932762
13035.247685
13048.457877
13023.086114
13057.189674
13031.771335
13034.105660
13023.622209
13046.865586
13020.831046
13032.232173
13033.673101
13030.927739
13010.405160
13022.417635
13020.525391
13021.644713
13072.677035
13032.089870
13033.267378
13020.067971
13009.546965
13045.303539
13021.790492
13045.082844
13045.753880
13021.123884
13076.478690
13064.786039
13063.544526
13049.517040
13035.697067
13035.679640
13035.735884
13064.224299
13061.064093
13071.020145
13064.148133
13061.115848
13063.419142
13064.541683
13050.101293
13073.577729
13025.257357
13042.458575
13069.552867
13023.318527
13047.172564
13046.538589
13046.090484
13032.776926
13034.459252
13019.591595
13023.336951
13070.093462
13071.541640
13033.960568
13033.921526
13010.144694
13043.397590
13024.050118
13010.898976
13035.213741
13049.716524
13033.311180
13047.269110
13033.313788
13047.286592
13043.305655
13043.356761
13032.807285
13062.889281
13022.888950
13052.416831
13060.646113
13021.663381
13022.082876
13035.214588
13025.350199
13021.700332
13023.455722
13013.591753
13047.337051
13033.121112
13023.517773
13021.705689
13020.944152
13021.042035
13062.826797
13034.807175
13034.829362
13070.285503
13048.023801
13032.273010
13070.026812
13059.765400
13048.519589
13050.315923
13060.123546
13048.517884
13060.128624
13048.612384
13032.353133
13069.497015
13081.723107
13045.273944
13059.299560
13044.132663
13048.057145
13048.274298
13021.438029
13023.404268
13036.900568
13023.410047
13036.898533
13033.373846
13033.379264
13033.175455
13114.471210
13069.412368
13046.250951
13057.821648
13043.458875
13057.698310
13046.105959
13055.614834
13069.319893
13045.596200
13056.177083
13057.674170
13042.048060
13044.938422
13023.467952
13020.814750
13035.168318
13059.414293
13063.846142
13059.530743
13049.596537
13060.151072
13035.868169
13057.607117
13023.237139
13023.851509
13011.798229
13011.901854
13097.425436
13086.381147
13047.319855
13046.733022
13032.431312
13033.902627
13021.960721
13057.339716
13047.160086
13076.781693
13063.629514
13021.971722
13020.700169
13056.106499
13050.585129
13084.025947
13021.338620
13031.844247
13057.082519
13035.034008
13045.598704
13021.834808
13031.819013
13057.609522
13021.034111
13061.159544
13021.657605
13051.094201
13033.942323
13061.368732
13061.891933
13035.464282
13047.108471
13021.867527
13045.897668
13036.428384
13047.595049
13032.723612
13022.686921
13042.616606
13021.667224
13009.584708
13010.127016
13035.965069
13047.734348
13046.297660
13058.124045
13043.915518
13043.888799
13060.506475
13045.047685
13034.383298
13020.924420
13033.184496
13032.389698
13033.603460
13020.280946
13031.629725
13021.297151
13031.776149
13056.909256
13056.861382
13022.826904
13033.451446
13057.889090
13012.233936
13046.683608
13044.449471
13044.976956
13083.288297
13096.136533
13032.972307
13032.282476
13022.177677
13031.809068
13046.383040
13057.234477
13056.331411
13058.114877
13044.075810
13024.719402
13035.335737
13070.690874
13072.262519
13035.348249
13070.101080
13020.792832
13010.273834
13044.762821
13020.047774
13009.571416
13044.685193
13011.531907
13046.626030
13046.057407
13032.378087
13084.737025
13032.927954
13020.175868
13020.738927
13044.857494
13021.784757
13010.945572
13046.037798
12999.635494
12998.982082
12999.398650
13052.448972
13062.969566
13054.903686
13049.034895
13075.106973
13079.556298
13059.024970
13059.060822
13059.659681
13031.626396
13069.145337
13078.441552
13058.818103
13032.441183
13056.207797
13045.609526
13032.491514
13033.237619
13031.196787
13021.817405
13055.514442
13032.535496
13021.844636
13056.870505
13046.232110
13056.091779
13032.970927
13021.751256
13034.794236
13045.808385
13033.204528
13034.516882
13074.313247
13061.132491
13034.535949
13071.253684
13049.022407
13038.519102
13048.123323
13033.670633
13033.511574
13024.020400
13073.889484
13035.253318
13033.979611
13043.224115
13044.699064
13045.795424
13085.098276
13046.322416
13056.987555
13056.986840
13047.113943
13034.851513
13032.605175
13033.788141
13022.338704
13021.390027
13046.443769
13056.963566
13031.298738
13033.623861
13022.464237
13035.049753
13010.263987
13034.347582
13045.548368
13020.329512
13023.006012
13023.318855
13074.837034
13036.240738
13035.495445
13035.538045
13058.943007
13057.759174
13035.535913
13035.010473
13035.161239
13034.999239
13047.810628
13048.135440
13036.781071
13044.865323
13056.181279
13058.944906
13074.382199
13079.355660
13113.514922
13058.847425
13058.862125
13059.509450
13061.739809
13035.105228
13062.342174
13034.735328
13045.802523
13023.870497
13034.148345
13034.831983
13025.303049
13047.648742
13025.810767
13037.493307
13073.586970
13069.227814
13065.052273
13066.201982
13046.472562
13070.873393
13046.737851
13033.134193
13033.186101
13052.997935
13057.742623
13060.552457
13023.868719
13021.780494
13020.866941
13020.238082
13010.769095
13043.320907
13043.904575
13032.823216
13072.557312
13022.334979
13069.328896
13022.392047
13033.106228
13032.361826
13074.563246
13022.902227
13063.235977
13009.739266
13008.429302
13034.779798
13047.995680
13034.318797
13058.196273
13057.652902
13020.933710
13070.257650
13031.371622
13030.197679
13010.024129
13053.319769
13075.150706
13051.473354
13033.486709
13068.348601
13021.719750
13021.727714
13031.883343
13031.620896
13043.140507
13032.595265
13031.109435
13021.136973
13022.884891
13019.399217
13020.911732
13018.880646
13070.885959
13030.802737
13010.131972
13031.767161
13046.104689
13038.478044
13046.194528
13020.346394
13022.145772
13020.743015
13020.059874
13022.689015
13022.575712
13020.153750
13022.554384
13010.102869
13020.627441
13045.259900
13044.721066
13044.742537
13020.264796
13020.224348
13009.731623
13009.634460
13020.107645
13020.071223
13036.755635
13045.627832
13045.503899
13039.132891
13119.887396
13101.037471
13101.037357
13101.078416
13119.371703
13101.064032
13119.367060
13079.479709
13066.477141
13078.468742
13046.837524
13037.270465
13022.984353
13013.687608
13048.021962
13023.503224
13033.978263
13032.690272
13033.165553
13072.231024
13033.215189
13033.294417
13060.188546
13060.235106
13044.826431
13020.820731
13025.457600
13047.970197
13033.266876
13033.244599
13033.235814
13033.282148
13010.394636
13046.176354
13053.326708
13053.265996
13021.206457
13034.715730
13047.213144
13057.196128
13077.726409
13051.592612
13069.029330
13067.938971
13036.906988
13079.072785
13076.127413
13062.985083
13079.189730
13062.035621
13049.844364
13047.438012
13060.772803
13048.223726
13085.091934
13051.960016
13079.242530
13093.635923
13062.060101
13049.488077
13052.480870
13047.621259
13056.274897
13070.119329
13059.286808
13100.836201
13071.457933
13070.077015
13070.352975
13060.488956
13083.932772
13045.365527
13058.291730
13059.442517
13071.566211
13115.242623
13047.597541
13059.704057
13058.814534
13058.437198
13069.769909
13059.780078
13083.318836
13058.158472
13058.889044
13100.805798
13058.372823
13062.807974
13082.648817
13067.142179
13068.858732
13068.267902
13069.181473
13038.686109
13068.922125
13044.354949
13032.508025
13032.534493
13035.292937
13021.738722
13044.582533
13045.690643
13010.362792
13070.633559
13042.728210
13033.298402
13033.803194
13042.948410
13042.382735
13045.836135
13020.792881
13031.071752
13057.803617
13021.229221
13031.690384
13044.706393
13035.831565
13044.524025
13020.823154
13046.219894
13058.556264
13044.966403
13021.136145
13057.967421
13032.702017
13043.823810
13024.101683
13058.924942
13034.687063
13036.524115
13048.546668
13063.050498
13064.181121
13063.255710
13052.262279
13058.031823
13031.923857
13058.630890
13058.516591
13046.563886
13032.622203
13032.631135
13070.197871
13047.347791
13069.597882
13099.553276
13047.236393
13032.848244
13033.371007
13043.552541
13032.606045
13070.389930
13047.497630
13060.646692
13031.283536
13021.913784
13032.446178
13072.526564
13041.941923
13034.085457
13034.021346
13071.762139
13021.629242
13055.264126
13032.089800
13044.089795
13044.735608
13035.464376
13046.039647
13035.957588
13033.302277
13043.836777
13083.873186
13081.084411
13071.626704
13045.296287
13036.009301
13022.062378
13046.549337
13043.906981
13034.029613
13058.637359
13045.709152
13046.308301
13022.503876
13058.445204
13033.067111
13059.166780
13024.719847
13014.211883
13059.434754
13024.204776
13055.859676
13032.119059
13035.000807
13056.352944
13031.901537
13033.057590
13034.724617
13034.417064
13056.332501
13046.093475
13045.835386
13022.095460
13046.719818
13072.198644
13044.666749
13011.551279
13045.281127
13035.370067
13034.004668
13047.193627
13047.082452
13070.290368
13032.995913
13033.095161
13035.806706
13035.201659
13035.353284
13051.986868
13033.687662
13034.793307
13057.358882
13054.560971
13055.810077
13093.152349
13056.433679
13046.464860
13046.483018
13082.770232
13054.457298
13057.846887
13057.195341
13022.109412
13058.083556
13055.227667
13044.657230
13044.691489
13066.682206
13034.294575
13056.779663
13034.061951
13056.787585
13045.651009
13035.216834
13073.325127
13034.642951
13033.868369
13046.022722
13047.288775
13077.507968
13032.522517
13071.177155
13033.256558
13032.053322
13032.117696
13022.494105
13023.000225
13033.111341
13032.571850
13043.452807
13009.621873
13044.074103
13020.103620
13064.960552
13067.042468
13050.838242
13067.741762
13078.149181
13066.696024
13066.678432
13066.460781
13061.905050
13059.481774
13051.556000
13081.720980
13058.813612
13059.707989
13038.787541
13060.120868
13048.829370
13050.840583
13040.334058
13079.007108
13035.448842
13053.170641
13067.253880
13066.802475
13052.350591
13067.547014
13048.928311
13048.137953
13053.166757
13035.446673
13067.288658
13079.003022
13049.409534
13067.201730
13066.340011
13066.301768
13052.875131
13067.919622
13066.163351
13047.560995
13047.706480
13040.167637
13206.333210
13206.333113
13010.675297
13021.471435
13021.567686
12998.209555
12997.347840
13021.405082
13021.177049
13020.197440
13021.249831
13077.520012
13022.315379
13023.664027
13062.612571
13083.249442
13076.183874
13079.957002
13054.570516
13066.266897
13037.173770
13035.902123
13088.546614
13035.989057
13063.048945
13035.188490
13033.927969
13086.407079
13034.512834
13045.351970
13046.084989
13061.719966
13022.726811
13048.946651
13012.883998
13046.039587
13012.798488
13022.613625
13020.952552
13022.687829
13048.188632
13012.053695
13013.635915
13033.077264
13030.786958
13031.412794
13020.125020
13043.983057
13044.775508
13022.896207
13022.409705
13024.144156
13044.786046
13021.437523
13082.527242
13073.357498
13072.764250
13039.144881
13059.043599
13035.214946
13032.628158
13045.639789
13021.301521
13080.082324
13047.226830
13047.187197
13034.105331
13047.326009
13034.667214
13047.287035
13078.768036
13089.953271
13092.793389
13061.217049
13073.621570
13073.477116
13050.713956
13061.840898
13074.945110
13058.698035
13039.392249
13052.098437
13034.831451
13034.783568
13061.899993
13061.151288
13046.408752
13023.261224
13023.292309
13012.593487
13013.807067
13023.210306
13047.077069
13025.284423
13046.578127
13046.854562
13025.647420
13048.837956
13048.725050
13023.847963
13060.384857
13033.953331
13033.806724
13009.554812
12998.883258
12999.691121
13010.828487
13012.761466
13012.674760
13046.820288
13011.022460
13011.081023
13021.971564
13022.647910
13012.423857
13012.445905
13021.999514
13058.997376
13023.365665
13008.757962
13010.182322
13014.135699
13024.025309
13011.381885
13047.192060
13012.836840
13022.123444
13074.012084
13061.658136
13077.147246
13024.407299
13061.797616
13045.463282
13046.057232
13045.600511
13058.030108
13020.146162
13066.040736
13031.813663
13032.501087
13044.562799
13048.445547
13057.650907
13022.361307
13032.020078
13058.237037
13023.679401
13022.538619
13031.668507
13021.777814
13030.773401
13032.523281
13044.810264
13085.134836
13033.194035
13033.106017
13031.617223
13032.673605
13031.863738
13021.937622
13054.628438
13031.698181
13044.856727
13031.629702
13029.816530
13020.256284
13021.409327
13053.945933
13032.212246
13031.145281
13029.443010
13044.211811
13019.562656
13030.184422
13032.281366
13056.134760
13032.339543
13033.140356
13031.866303
13044.339147
13055.625666
13056.221015
13044.217353
13020.115243
13054.140568
13021.602186
13044.731423
13019.429491
13020.870712
13043.422425
13020.852828
13043.349996
13018.756446
13020.140109
13044.469800
13043.843692
13020.189323
13068.620912
13032.308174
13069.146702
13032.488622
13032.354288
13031.671841
13031.754820
13068.539923
13046.209244
13024.162254
13046.776148
13043.868265
13043.337111
13033.028779
13070.005469
13033.802178
13033.932257
13069.452886
13081.132432
13069.485711
13070.063397
13033.307712
13033.414650
13042.534831
13033.149748
13045.279849
13044.402432
13045.872676
13062.683858
13059.883229
13033.209574
13012.401956
13012.451612
13060.985179
13062.804266
13065.033180
13069.474513
13069.598937
13062.174645
13062.119813
13062.910396
13047.853050
13020.200917
13034.201959
13020.815994
13059.289974
13032.371195
13023.803573
13013.263372
13023.239709
13033.105637
13032.250546
13033.083086
13055.225191
13032.954545
13031.941241
13044.865958
13031.664801
13030.436756
13020.899003
13020.837321
13033.116770
13056.860357
13021.753212
13032.338906
13021.793801
13032.487534
13030.226150
13054.398061
13019.562032
13031.810152
13032.263913
13031.502106
13020.937085
13031.636481
13021.142376
13055.592289
13056.908786
13067.674054
13043.279088
13045.178070
13042.492177
13057.329706
13043.191811
13044.061094
13042.944889
13042.129206
13032.749693
13022.653906
13033.206016
13032.350717
13043.972844
13034.090695
13010.244822
13010.177259
13019.562261
13046.164994
13033.583680
13045.540133
13019.829486
13055.571723
13033.479866
13023.183688
13049.431975
13034.113314
13024.307247
13009.665140
13011.020317
13000.395469
13073.369801
13022.588429
13011.725148
13021.045388
13022.873879
13033.680672
13032.514522
13033.778574
13032.419296
13033.109221
13021.991558
13032.431226
13032.669521
13023.306981
13011.552029
13022.600176
13034.585732
13031.763560
13032.622181
13032.509912
13057.889473
13032.484030
13031.682554
13058.377022
13031.637966
13034.925649
13021.909502
13032.345749
13019.431814
13019.378882
13043.601161
13044.037596
13020.868419
13019.990735
13018.892081
13018.335721
13034.174998
13034.138061
13044.722664
13044.376849
13009.578171
13008.896879
13009.611131
13020.720618
13031.143733
13031.776070
13055.034718
13056.233559
13043.955442
13031.119673
13031.729700
13021.272758
13023.448313
13062.468268
13059.211902
13030.794208
13048.705104
13034.480201
13009.638622
13009.001887
13073.304967
13020.274530
13022.239903
13074.075858
13057.024018
13033.776477
13077.041983
13060.893911
13038.703035
13061.096864
13065.289903
13032.536656
13021.796298
13021.750701
13065.093766
13046.148185
13063.880576
13034.991329
13035.558296
13035.702055
12998.483968
13030.325102
13032.281265
13032.340879
13055.637976
13032.386277
13033.168489
13021.182025
13033.159811
13022.356927
13056.854753
13022.282221
13032.512258
13031.783585
13031.282835
13032.566206
13021.840464
13021.855470
13033.961897
13057.140515
13057.126297
13045.304937
13043.990407
13044.584486
13082.852128
13073.527080
13072.812459
13044.504620
13082.802448
13030.951491
13044.806349
13045.505716
13033.769206
13033.250872
13034.383409
13059.157835
13024.452299
13021.714030
13031.089016
13033.637976
13056.950138
13056.458365
13034.799917
13035.256033
13047.905176
13033.154722
13034.899873
13045.356219
13047.745784
13032.029958
13021.886948
13047.081154
13032.584533
13021.930096
13039.610420
13047.724743
13047.707314
13100.085476
13047.831433
13075.020292
13023.943610
13024.845273
13048.249624
13048.348909
13048.237428
13038.990172
13022.614317
13045.285959
13056.888602
13032.658431
13044.332192
13058.693166
13073.850103
13058.780912
13036.266662
13033.963268
13034.916316
13057.733748
13057.725874
13058.115544
13057.629550
13061.443854
13047.037956
13033.805027
13061.900116
13048.887401
13047.536461
13034.245508
13062.886184
13048.464630
13046.607989
13036.967102
13026.210008
13037.351390
13033.780087
13074.076883
13060.371114
13075.789097
13075.743793
13035.095825
13075.873767
13049.580074
13046.907222
13046.299893
13051.733334
13036.894611
13051.956388
13023.244036
13038.470128
13039.282164
13036.602352
13035.937889
13066.472339
13034.922170
13045.716963
13034.813542
13034.085856
13035.646983
13023.242062
13023.587589
12999.547723
13000.217571
13056.763775
13033.182182
13019.637328
13009.462177
13021.936932
13020.052393
13047.388295
13008.849378
13008.672356
13048.097549
13050.865650
13048.854378
13030.827537
13031.507776
13047.211422
13088.791022
13048.903389
13049.679133
13032.147635
13021.589095
13021.007387
13046.979031
13075.431527
13059.369950
13050.584004
13037.266588
12998.619170
13022.878999
13046.830562
13046.341347
13025.733216
13050.222169
13034.169775
13034.793262
13037.414962
13038.548928
13024.142736
13059.474136
13046.784980
13020.879713
13022.513869
13021.007668
13021.852234
13023.767243
13024.684622
13033.891175
13075.482462
13023.420358
13012.524387
13024.243497
13012.537474
13022.570720
13035.627166
13078.881832
13058.510946
13058.369782
13072.327106
13022.381959
13061.968778
13051.915443
13069.312176
13065.776814
13037.667042
13057.502699
13086.486323
13042.053488
13033.227388
13045.194193
13042.432226
13032.490798
13045.001139
13056.142167
13022.518782
13041.943412
13044.794329
13032.494654
13044.440539
13023.538868
13013.458964
13059.968730
13023.427742
13058.814857
13086.386652
13044.823904
13045.835265
13045.743465
13033.175389
13033.924558
13033.837626
13032.551141
13046.548744
13045.694701
13032.430779
13060.757513
13033.658508
13031.623682
13030.829687
13019.741237
13047.017628
13035.714210
13032.239078
13061.282411
13032.963513
13064.460424
13045.696646
13033.992860
13035.679481
13076.304716
13058.128150
13024.332274
13035.798941
13035.544843
13057.900846
13046.373389
13043.173373
13072.142965
13043.940748
13033.990202
13058.214967
13036.412334
13031.509465
13048.026687
13022.119943
13033.878172
13071.150682
13070.874349
13055.335503
13100.050138
13080.930332
13047.657802
13088.634345
13059.612110
13072.558163
13071.469916
13100.723933
13032.314468
13044.588368
13045.666440
13041.594708
13071.266914
13024.622022
13046.806902
13047.318999
13036.454374
13085.218671
13046.251694
13036.511434
13074.153432
13047.152000
13036.349279
13032.994225
13061.359248
13034.229619
13033.217796
13071.413223
13033.350262
13047.638489
13021.954805
13024.613721
13046.039126
13024.413605
13054.666076
13055.293933
13056.962923
13046.454258
13057.595053
13029.786356
13020.880480
13066.039657
13031.131276
13020.299626
13023.107399
13044.448338
13057.424763
13031.989142
13022.590238
13031.421018
13012.071001
13045.649447
13022.113168
13024.868645
13057.043796
13046.615124
13036.097682
13022.558015
13023.997160
13045.648051
13046.837472
13025.606736
13072.037244
13080.048525
13032.532603
13047.742925
13013.282677
13046.994179
13013.371707
13045.948865
13025.264964
13046.081468
13033.189091
13032.702130
13021.874083
13011.434553
13065.909425
13072.284733
13021.141552
13044.807849
13020.973128
13022.316465
13060.537236
13061.122162
13061.870338
13078.635971
13074.247423
13079.159544
13024.092539
13024.140315
13049.551516
13059.482174
13045.776628
13046.212361
13046.773035
13074.622109
13073.529729
13034.997005
13051.827290
13051.063963
13034.480133
13033.752598
13035.449431
13073.494036
13058.697375
13057.362904
13070.014369
13042.957527
13087.116269
13060.410439
13033.568363
13046.500652
13057.647143
13045.249549
13099.222878
13071.910760
13100.028276
13060.120352
13080.971095
13058.248565
13056.902395
13046.977057
13086.106033
13082.322584
13086.022179
13058.663635
13058.112697
13046.160445
13047.851476
13032.982493
13047.315467
13048.585828
13100.665909
13061.169671
13060.541581
13036.261973
13088.980607
13047.994834
13037.750630
13047.696797
13049.590017
13036.941301
13059.158177
13070.516764
13048.893387
13045.908054
13034.236645
13045.115241
13034.374771
13059.712257
13069.379263
13032.852025
13045.981860
13035.758677
13060.004282
13034.267389
13087.372142
13045.136818
13032.945097
13046.605074
13061.260634
13034.296013
13060.769935
13061.771280
13061.498417
13098.174792
13037.355009
13043.328380
13043.364356
13047.191332
13048.952673
13088.787534
13060.797285
13061.526855
13098.132648
13102.866214
13061.759248
13042.842993
13043.048489
13043.627105
13069.515928
13045.781060
13057.515176
13069.534164
13057.434790
13094.058435
13092.848282
13088.787411
13083.302902
13074.388307
13082.095184
13135.262775
13048.383623
13037.856428
13036.782180
13048.710007
13089.388938
13047.646253
13037.568502
13064.290831
13076.007007
13076.630965
13075.536386
13058.696989
13047.824933
13084.545007
13073.617615
13036.658382
13026.616773
13037.199696
13044.642047
13033.950434
13047.944360
13044.898909
13045.487391
13106.043748
13105.282605
13105.876494
13033.719667
13086.898095
13068.193812
13045.704276
13046.674065
13033.973779
13023.008292
13076.103731
13057.400695
13031.855280
13033.182794
13075.727200
13031.683410
13071.221919
13057.029991
13055.704092
13045.814105
13084.979990
13034.763789
13055.697029
13087.584819
13058.233121
13069.487733
13046.166850
13033.391562
13059.668680
13130.584420
13111.147890
13057.658606
13044.081414
13023.227933
13088.782844
13078.745189
13078.041180
13067.535608
13090.719142
13091.361147
13072.418512
13050.901352
13049.933626
13059.740486
13061.226252
13039.708198
13038.739537
13060.905386
13035.127988
13087.661009
13068.739070
13045.692231
13035.479259
13033.998875
13024.932377
13077.397170
13025.262618
13032.444093
13033.736695
13023.420963
13076.525010
13032.350872
13059.897911
13130.533405
13032.232834
13022.366197
13034.492425
13032.603327
13033.313238
13047.553068
13044.765951
13043.975781
13032.257165
13058.955170
13044.182088
13033.039568
13044.901384
13044.640669
13032.986093
13058.712643
13043.302197
13041.879828
13033.063558
13042.230874
13032.284202
13046.581845
13035.433422
13056.573559
13046.067680
13045.702405
13046.543319
13046.442376
13058.062054
13068.436653
13069.504140
13067.559073
13057.411134
13047.327599
13069.037121
13058.046154
13053.987048
13058.918076
13056.790846
13047.358861
13043.124933
13043.832306
13069.039287
13047.340568
13046.001919
13035.182843
13074.325052
13092.645939
13063.806814
13075.982968
13076.067963
13075.025591
13041.774537
13032.439465
13068.543316
13059.519398
13033.138245
13062.814337
13031.608806
13052.028030
13025.475216
13038.709283
13024.599227
13048.436824
13060.658289
13080.273071
13065.010624
13050.269994
13064.465537
13050.828480
13025.323463
13080.086654
13051.836667
13077.321368
13050.307885
13047.617046
13063.739995
13064.255240
13049.569334
13108.327076
13062.311583
13063.392260
13061.612685
13038.244373
13036.394310
13047.952279
13013.766208
13013.716620
13048.899961
13027.172985
13025.355867
13076.091450
13013.166977
13047.413216
13072.268614
13079.417286
13050.656941
13078.592580
13079.172717
13068.049806
13076.617951
13079.528052
13049.478553
13060.374903
13049.588513
13045.326967
13065.304690
13049.965441
13050.696815
13054.506411
13033.980223
13059.934733
13033.925340
13010.724431
13061.256586
13168.956529
13051.112429
13052.442115
13021.529723
13023.476021
13062.689347
13084.190548
13073.596633
13034.756638
13060.916934
13034.752849
13050.441144
13034.891710
13050.997872
13100.320823
13062.937035
13034.555738
13036.308043
13036.531823
13152.217212
13024.421931
13023.694228
13027.385818
13047.251775
13041.293456
13022.651973
13047.489629
13032.569983
13032.345254
13046.715724
13077.086408
13047.989439
13059.979317
13062.360535
13048.374086
13049.672568
13076.676165
13060.117683
13039.149126
13046.029801
13045.984203
13048.413285
13088.348501
13060.407392
13074.752857
13071.213201
13077.145264
13035.743164
13047.500128
13035.178053
13047.362940
13050.213486
13122.677476
13080.853733
13062.326630
13062.645312
13104.373841
13073.544042
13061.171516
13068.697852
13090.354205
13081.366956
13075.514045
13064.293431
13061.207711
13061.209888
13064.316979
13035.918742
13036.550850
13034.443924
13024.839308
13025.007842
13034.700781
13035.882675
13091.226238
13063.815587
13062.273916
13075.472494
13087.318412
13045.872299
13045.994870
13056.837097
13070.897428
13052.647093
13045.477130
13070.706800
13036.655327
13048.488989
13036.684003
13071.248351
13055.009769
13067.975926
13045.493600
13041.780906
13045.719947
13021.984265
13032.509997
13041.410615
13032.026153
13032.635633
13044.570700
13044.223592
13044.876013
13070.225965
13046.719337
13044.031345
13071.444167
13036.750770
13048.508727
13037.270969
13046.709496
13043.973847
13071.938265
13048.885011
13036.576804
13049.236445
13060.842442
13071.426369
13035.347952
13035.824913
13035.950061
13059.459991
13071.012703
13056.850449
13045.377173
13046.068363
13033.973158
13059.453427
13095.007758
13147.933127
13082.307286
13052.967163
13081.795463
13146.962763
13139.385283
13121.761877
13140.465578
13121.186376
13081.314489
13081.246649
13050.649929
13045.420392
13070.309345
13046.169309
13033.262161
13069.225703
13057.909369
13046.697737
13044.126518
13047.884411
13069.802666
13046.263895
13056.878897
13068.323257
13047.436226
13056.428490
13056.922886
13032.932258
13058.437232
13042.999324
13032.353883
13042.968590
13066.002404
13071.763521
13068.843974
13047.579095
13086.400333
13033.686213
13057.156767
13056.991566
13031.683701
13031.663663
13075.028695
13032.338369
13045.781262
13056.549614
13044.520382
13073.523527
13063.957832
13074.224072
13077.815200
13092.074415
13092.054144
13104.054227
13104.432787
13104.114591
13117.595648
13104.349274
13075.968881
13090.099062
13090.097983
13092.672843
13060.603509
13092.618550
13051.496356
13044.506876
13044.455280
13070.494906
13056.814045
13071.542690
13058.813286
13049.377072
13081.465900
13060.347529
13060.670105
13060.101477
13061.467044
13071.559187
13101.639660
13102.112664
13072.295696
13052.626788
13072.601321
13073.374520
13122.810319
13071.978382
13060.627360
13060.147150
13028.281336
13082.103807
13057.612125
13048.249958
13056.936225
13057.477760
13045.258599
13033.847988
13044.567598
13046.636727
13058.468913
13058.423471
13049.805871
13048.312878
13049.346122
13059.727037
13048.814249
13058.079954
13101.833010
13046.628262
13057.055056
13061.422412
13059.206692
13059.785783
13069.720974
13069.190487
13040.124940
13035.308010
13035.553210
13081.075391
13039.124316
13081.050497
13049.374119
13061.883989
13050.830694
13061.875693
13061.281718
13047.652308
13048.138639
13070.992340
13087.977002
13103.931387
13103.395079
13074.254818
13078.253910
13078.806816
13095.160464
13065.653585
13094.608582
13064.351120
13122.339251
13090.238395
13076.856126
13104.154210
13104.700590
13063.262389
13110.398304
13110.413296
13096.099002
13087.231221
13094.013816
13077.660760
13093.951135
13065.086895
13093.400446
13063.733655
13079.323955
13095.717426
13095.775080
13078.318521
13075.577463
13059.992874
13075.227482
13070.277125
13091.560262
13092.147921
13092.437463
13064.842061
13075.753098
13038.932361
13111.444473
13062.944301
13063.702547
13045.455035
13035.056221
13033.284926
13033.332079
13023.511123
13033.957277
12999.467279
13010.180858
13023.446754
13033.721983
13060.287352
13010.696217
13008.880673
13039.597674
13046.490148
13046.411502
13011.687286
13012.871872
13010.874781
13010.682962
13011.706766
13051.420855
13021.509573
13020.853438
13034.920797
13034.691227
13171.009103
13166.901461
13011.018020
13021.457717
13021.408877
13010.337629
13020.828163
13020.260926
13010.961961
13010.861583
13421.450393
13051.734298
13051.061655
13050.060546
13046.409515
13046.531978
13074.573902
13000.810393
13000.202354
13198.310370
13099.059735
13054.396854
13065.638035
13050.516708
13068.741413
13065.226258
13053.960309
13036.166925
13024.906073
13034.784191
13060.654481
13022.040309
13023.195030
13022.395641
13020.797883
13034.457412
13035.058350
13034.514868
13035.766149
13036.388651
13035.797272
13048.883040
13050.509713
13053.942521
13051.254912
13054.328620
13069.190360
13089.584877
13103.623010
13103.581548
13103.554587
13060.355373
13061.806232
13051.602715
13078.943311
13039.154437
13048.168968
13049.458381
13049.580035
13049.682855
13063.175861
13062.694978
13078.793424
13049.450323
13049.537329
13077.706431
13051.932646
13061.143301
13048.493297
13063.009682
13105.284499
13062.501102
13057.548123
13047.468347
13036.961981
13076.137508
13048.101546
13023.914027
13034.534688
13034.527041
13060.324771
13073.774203
13035.828437
13035.309688
13034.545500
13060.397289
13025.967590
13025.456401
13049.972612
13086.731763
13049.635368
13048.984520
13015.281767
13064.849660
13064.791924
13064.063309
13062.828739
13076.541468
13065.339271
13060.281006
13046.532877
13074.180778
13046.039614
13048.387569
13038.451514
13035.856643
13073.532419
13049.538453
13049.694005
13046.901450
13050.484710
13085.486975
